START TIME: Wed 23 Sep 2026 06:31:35 AM CEST
job=541736 node=i20r06c03s02
start_time=2026-09-23T06:31:35+02:00
+-----------+--------------------------------------------------------------------------------------+
| Device ID | Device Information                                                                   |
+-----------+--------------------------------------------------------------------------------------+
| 0         | Device Name: Intel(R) Data Center GPU Max 1550                                       |
|           | Vendor Name: Intel(R) Corporation                                                    |
|           | SOC UUID: 00000000-0000-003a-0000-002f0bd58086                                       |
|           | PCI BDF Address: 0000:3a:00.0                                                        |
|           | DRM Device: /dev/dri/card0                                                           |
|           | Function Type: physical                                                              |
+-----------+--------------------------------------------------------------------------------------+
| 1         | Device Name: Intel(R) Data Center GPU Max 1550                                       |
|           | Vendor Name: Intel(R) Corporation                                                    |
|           | SOC UUID: 00000000-0000-004b-0000-002f0bd58086                                       |
|           | PCI BDF Address: 0000:4b:00.0                                                        |
|           | DRM Device: /dev/dri/card1                                                           |
|           | Function Type: physical                                                              |
+-----------+--------------------------------------------------------------------------------------+
| 2         | Device Name: Intel(R) Data Center GPU Max 1550                                       |
|           | Vendor Name: Intel(R) Corporation                                                    |
|           | SOC UUID: 00000000-0000-00ca-0000-002f0bd58086                                       |
|           | PCI BDF Address: 0000:ca:00.0                                                        |
|           | DRM Device: /dev/dri/card2                                                           |
|           | Function Type: physical                                                              |
+-----------+--------------------------------------------------------------------------------------+
| 3         | Device Name: Intel(R) Data Center GPU Max 1550                                       |
|           | Vendor Name: Intel(R) Corporation                                                    |
|           | SOC UUID: 00000000-0000-00da-0000-002f0bd58086                                       |
|           | PCI BDF Address: 0000:da:00.0                                                        |
|           | DRM Device: /dev/dri/card3                                                           |
|           | Function Type: physical                                                              |
+-----------+--------------------------------------------------------------------------------------+
PREPROCESSED_NAME: finetune_vae_whole_structure_baseline_ep20_256res_sds_w0p01
BASE_CONFIG: configs/dit/train_dit_sng_pvc_sds_w0p01.yaml
STEPS override: <none, using BASE_CONFIG default>
MASTER_ADDR: i20r06c03s02  MASTER_PORT: 35841
preprocessed_data_root=/hppfs/scratch/0D/go76fuz2/windinet/dit_preprocessed/finetune_vae_whole_structure_baseline_ep20_256res_sds_w0p01 output_dir=$SCRATCH/windinet/outputs/shockwave_dit_sds_w0p01 steps=8000
INFO     [rank 7] Failed to extract font properties from    font_manager.py:1107
         /usr/share/fonts/truetype/Cantarell-VF.otf: Can                        
         not load face (SFNT font table missing; error code                     
         0x8e)                                                                  
INFO     [rank 0] Failed to extract font properties from    font_manager.py:1107
         /usr/share/fonts/truetype/Cantarell-VF.otf: Can                        
         not load face (SFNT font table missing; error code                     
         0x8e)                                                                  
INFO     [rank 2] Failed to extract font properties from    font_manager.py:1107
         /usr/share/fonts/truetype/Cantarell-VF.otf: Can                        
         not load face (SFNT font table missing; error code                     
         0x8e)                                                                  
INFO     [rank 3] Failed to extract font properties from    font_manager.py:1107
         /usr/share/fonts/truetype/Cantarell-VF.otf: Can                        
         not load face (SFNT font table missing; error code                     
         0x8e)                                                                  
INFO     [rank 1] Failed to extract font properties from    font_manager.py:1107
         /usr/share/fonts/truetype/Cantarell-VF.otf: Can                        
         not load face (SFNT font table missing; error code                     
         0x8e)                                                                  
INFO     [rank 0] generated new fontManager                 font_manager.py:1639
INFO     [rank 5] Failed to extract font properties from    font_manager.py:1107
         /usr/share/fonts/truetype/Cantarell-VF.otf: Can                        
         not load face (SFNT font table missing; error code                     
         0x8e)                                                                  
INFO     [rank 6] Failed to extract font properties from    font_manager.py:1107
         /usr/share/fonts/truetype/Cantarell-VF.otf: Can                        
         not load face (SFNT font table missing; error code                     
         0x8e)                                                                  
INFO     [rank 4] Failed to extract font properties from    font_manager.py:1107
         /usr/share/fonts/truetype/Cantarell-VF.otf: Can                        
         not load face (SFNT font table missing; error code                     
         0x8e)                                                                  
INFO     [rank 5] generated new fontManager                 font_manager.py:1639
INFO     [rank 3] generated new fontManager                 font_manager.py:1639
INFO     [rank 4] generated new fontManager                 font_manager.py:1639
INFO     [rank 1] generated new fontManager                 font_manager.py:1639
INFO     [rank 6] generated new fontManager                 font_manager.py:1639
INFO     [rank 2] generated new fontManager                 font_manager.py:1639
INFO     [rank 7] generated new fontManager                 font_manager.py:1639
                             Training Configuration                             
┏━━━━━━━━━━━━━━━━━━━━━━━━━━━━━━━━━━━━━━┳━━━━━━━━━━━━━━━━━━━━━━━━━━━━━━━━━━━━━━━┓
┃ Parameter                            ┃ Value                                 ┃
┡━━━━━━━━━━━━━━━━━━━━━━━━━━━━━━━━━━━━━━╇━━━━━━━━━━━━━━━━━━━━━━━━━━━━━━━━━━━━━━━┩
│ model.model_source                   │ LTXV_2B_0.9.6_DEV                     │
│ model.load_checkpoint                │ None                                  │
│ conditioning.first_frame_conditioni… │ 1.0                                   │
│ lora.enabled                         │ False                                 │
│ lora.rank                            │ 16                                    │
│ lora.alpha                           │ 16                                    │
│ lora.dropout                         │ 0.0                                   │
│ lora.target_modules                  │ to_q, to_k, to_v, to_out.0            │
│ scalar_conditioning.enabled          │ True                                  │
│ scalar_conditioning.scalar_names     │ gamma                                 │
│ scalar_conditioning.scalar_ranges    │ {'gamma': (1.0, 2.0)}                 │
│ scalar_conditioning.embedding_dim    │ 4096                                  │
│ scalar_conditioning.num_tokens_per_… │ 4                                     │
│ scalar_conditioning.fourier_features │ 64                                    │
│ scalar_conditioning.mlp_hidden_dim   │ 256                                   │
│ scalar_conditioning.dropout          │ 0.1                                   │
│ optimization.learning_rate           │ 1e-05                                 │
│ optimization.steps                   │ 8000                                  │
│ optimization.batch_size              │ 1                                     │
│ optimization.gradient_accumulation_… │ 4                                     │
│ optimization.max_grad_norm           │ 1.0                                   │
│ optimization.optimizer_type          │ adamw                                 │
│ optimization.scheduler_type          │ cosine                                │
│ optimization.scheduler_params        │ {'eta_min': 1e-08}                    │
│ optimization.enable_gradient_checkp… │ True                                  │
│ acceleration.mixed_precision_mode    │ bf16                                  │
│ acceleration.compile_with_inductor   │ False                                 │
│ acceleration.compilation_mode        │ reduce-overhead                       │
│ data.preprocessed_data_root          │ /hppfs/scratch/0D/go76fuz2/windinet/… │
│ data.num_dataloader_workers          │ 4                                     │
│ validation.data_root                 │ /hppfs/scratch/0D/go76fuz2/windinet/… │
│ validation.interval                  │ 600                                   │
│ validation.max_samples               │ 0                                     │
│ checkpoints.interval                 │ 120                                   │
│ checkpoints.keep_last_n              │ 2                                     │
│ checkpoints.save_best_only           │ False                                 │
│ checkpoints.best_metric              │ val_total_loss                        │
│ checkpoints.save_last_state          │ True                                  │
│ checkpoints.save_epochs              │                                       │
│ flow_matching.timestep_sampling_mode │ shifted_logit_normal                  │
│ flow_matching.timestep_sampling_par… │ {}                                    │
│ visualization.enabled                │ False                                 │
│ visualization.interval               │ 2000                                  │
│ visualization.num_samples            │ 3                                     │
│ visualization.frame_numbers          │ 25, 50, 75, 100                       │
│ visualization.num_inference_steps    │ 20                                    │
│ visualization.dpi                    │ 150                                   │
│ wandb.enabled                        │ False                                 │
│ wandb.project                        │ shockwavenet                          │
│ wandb.entity                         │ None                                  │
│ wandb.tags                           │ cfd, full, 2b, scalar-only, sng_pvc,  │
│                                      │ 256res, sds-vae, sds-weight-sweep...  │
│ seed                                 │ 42                                    │
│ output_dir                           │ /hppfs/scratch/0D/go76fuz2/windinet/… │
│ resume_weights_only                  │ False                                 │
└──────────────────────────────────────┴───────────────────────────────────────┘
INFO     [rank 0] Distributed training enabled with 8        dit_trainer.py:1472
         processes                                                              
INFO     [rank 0] Global batch size: 32                      dit_trainer.py:1478
INFO     [rank 0] Initializing scalar embeddings for:         dit_trainer.py:867
         ['gamma']                                                              
DEBUG    [rank 0] Scalar embedding params: 4,310,528          dit_trainer.py:894
DEBUG    [rank 0] Total trainable params count: 1,927,696,000 dit_trainer.py:898
2026:09:23-06:50:00:59959 |CCL_WARN| value of CCL_ATL_TRANSPORT changed to be ofi (default:mpi)
2026:09:23-06:50:00:59959 |CCL_WARN| value of CCL_ALLREDUCE changed to be ring (default:)
2026:09:23-06:50:00:59965 |CCL_WARN| could not get local_idx/count from environment variables, trying to get them from ATL
2026:09:23-06:50:00:59961 |CCL_WARN| could not get local_idx/count from environment variables, trying to get them from ATL
2026:09:23-06:50:00:59960 |CCL_WARN| could not get local_idx/count from environment variables, trying to get them from ATL
2026:09:23-06:50:00:59963 |CCL_WARN| could not get local_idx/count from environment variables, trying to get them from ATL2026:09:23-06:50:00:59959 |CCL_WARN| could not get local_idx/count from environment variables, trying to get them from ATL

2026:09:23-06:50:00:59966 |CCL_WARN| could not get local_idx/count from environment variables, trying to get them from ATL
2026:09:23-06:50:00:59962 |CCL_WARN| could not get local_idx/count from environment variables, trying to get them from ATL
2026:09:23-06:50:00:59964 |CCL_WARN| could not get local_idx/count from environment variables, trying to get them from ATL
DEBUG    [rank 0] Process 0 using seed: 42                    dit_trainer.py:389
DEBUG    [rank 0] Loaded dataset with 3,825 samples from     dit_trainer.py:1115
         sources: ['latents', 'scalars']                                        
INFO     [rank 0] Validation split: 675 samples from         dit_trainer.py:1198
         /hppfs/scratch/0D/go76fuz2/windinet/dit_preprocesse                    
         d/finetune_vae_whole_structure_baseline_ep20_256res                    
         _sds_w0p01/val                                                         
INFO     [rank 0] Training configuration saved to:           dit_trainer.py:1464
         training_config.yaml                                                   
INFO     [rank 0] Training on latents from VAE               dit_trainer.py:1159
         /hppfs/scratch/0D/go76fuz2/windinet/finetune_vae_ou                    
         tputs_sng_pvc/finetune_vae_whole_structure_baseline                    
         _ep20_256res_sds_w0p01/checkpoints/vae_shockwave_be                    
         st.safetensors (fingerprint 7f8c50f124544b66);                         
         recorded in latent_provenance.json                                     
INFO     [rank 0] Starting training...                        dit_trainer.py:410
[train] step=1 loss=0.403157 lr=1.000e-05
[train] step=2 loss=0.319776 lr=1.000e-05
[train] step=3 loss=0.211901 lr=1.000e-05
[train] step=4 loss=0.189346 lr=1.000e-05
[train] step=5 loss=0.179752 lr=1.000e-05
[train] step=6 loss=0.539777 lr=1.000e-05
[train] step=7 loss=0.223501 lr=1.000e-05
[train] step=8 loss=0.170481 lr=1.000e-05
[train] step=9 loss=0.238790 lr=1.000e-05
[train] step=10 loss=0.349738 lr=1.000e-05
[train] step=11 loss=0.219993 lr=1.000e-05
[train] step=12 loss=0.188362 lr=1.000e-05
[train] step=13 loss=0.337666 lr=1.000e-05
[train] step=14 loss=0.175345 lr=1.000e-05
[train] step=15 loss=0.219795 lr=1.000e-05
[train] step=16 loss=0.125738 lr=1.000e-05
[train] step=17 loss=0.177598 lr=1.000e-05
[train] step=18 loss=0.207285 lr=1.000e-05
[train] step=19 loss=0.224959 lr=1.000e-05
[train] step=20 loss=0.150900 lr=1.000e-05
[train] step=21 loss=0.174197 lr=1.000e-05
[train] step=22 loss=0.212060 lr=1.000e-05
[train] step=23 loss=0.165272 lr=1.000e-05
[train] step=24 loss=0.143895 lr=1.000e-05
[train] step=25 loss=0.120879 lr=1.000e-05
[train] step=26 loss=0.149220 lr=1.000e-05
[train] step=27 loss=0.194165 lr=1.000e-05
[train] step=28 loss=0.122405 lr=1.000e-05
[train] step=29 loss=0.161907 lr=1.000e-05
[train] step=30 loss=0.117729 lr=1.000e-05
[train] step=31 loss=0.198910 lr=1.000e-05
[train] step=32 loss=0.159828 lr=1.000e-05
[train] step=33 loss=0.154774 lr=1.000e-05
[train] step=34 loss=0.166943 lr=1.000e-05
[train] step=35 loss=0.285419 lr=1.000e-05
[train] step=36 loss=0.207459 lr=1.000e-05
[train] step=37 loss=0.206642 lr=1.000e-05
[train] step=38 loss=0.171010 lr=9.999e-06
[train] step=39 loss=0.196321 lr=9.999e-06
[train] step=40 loss=0.160001 lr=9.999e-06
[train] step=41 loss=0.166320 lr=9.999e-06
[train] step=42 loss=0.188589 lr=9.999e-06
[train] step=43 loss=0.207085 lr=9.999e-06
[train] step=44 loss=0.100002 lr=9.999e-06
[train] step=45 loss=0.171087 lr=9.999e-06
[train] step=46 loss=0.165702 lr=9.999e-06
[train] step=47 loss=0.211360 lr=9.999e-06
[train] step=48 loss=0.196536 lr=9.999e-06
[train] step=49 loss=0.179316 lr=9.999e-06
[train] step=50 loss=0.135284 lr=9.999e-06
[train] step=51 loss=0.177210 lr=9.999e-06
[train] step=52 loss=0.107620 lr=9.999e-06
[train] step=53 loss=0.201437 lr=9.999e-06
[train] step=54 loss=0.164506 lr=9.999e-06
[train] step=55 loss=0.239721 lr=9.999e-06
[train] step=56 loss=0.189557 lr=9.999e-06
[train] step=57 loss=0.133946 lr=9.999e-06
[train] step=58 loss=0.091967 lr=9.999e-06
[train] step=59 loss=0.154649 lr=9.999e-06
[train] step=60 loss=0.195462 lr=9.999e-06
[train] step=61 loss=0.175042 lr=9.999e-06
[train] step=62 loss=0.151657 lr=9.999e-06
[train] step=63 loss=0.281580 lr=9.999e-06
[train] step=64 loss=0.473948 lr=9.998e-06
[train] step=65 loss=0.183663 lr=9.998e-06
[train] step=66 loss=0.272176 lr=9.998e-06
[train] step=67 loss=0.152064 lr=9.998e-06
[train] step=68 loss=0.124090 lr=9.998e-06
[train] step=69 loss=0.186180 lr=9.998e-06
[train] step=70 loss=0.232085 lr=9.998e-06
[train] step=71 loss=0.140734 lr=9.998e-06
[train] step=72 loss=0.203693 lr=9.998e-06
[train] step=73 loss=0.163108 lr=9.998e-06
[train] step=74 loss=0.111925 lr=9.998e-06
[train] step=75 loss=0.113620 lr=9.998e-06
[train] step=76 loss=0.163639 lr=9.998e-06
[train] step=77 loss=0.286323 lr=9.998e-06
[train] step=78 loss=0.136978 lr=9.998e-06
[train] step=79 loss=0.263725 lr=9.998e-06
[train] step=80 loss=0.115774 lr=9.998e-06
[train] step=81 loss=0.098974 lr=9.998e-06
[train] step=82 loss=0.121966 lr=9.997e-06
[train] step=83 loss=0.149043 lr=9.997e-06
[train] step=84 loss=0.101506 lr=9.997e-06
[train] step=85 loss=0.205537 lr=9.997e-06
[train] step=86 loss=0.292616 lr=9.997e-06
[train] step=87 loss=0.226297 lr=9.997e-06
[train] step=88 loss=0.187254 lr=9.997e-06
[train] step=89 loss=0.187169 lr=9.997e-06
[train] step=90 loss=0.174626 lr=9.997e-06
[train] step=91 loss=0.279369 lr=9.997e-06
[train] step=92 loss=0.156091 lr=9.997e-06
[train] step=93 loss=0.138508 lr=9.997e-06
[train] step=94 loss=0.101546 lr=9.997e-06
[train] step=95 loss=0.149350 lr=9.997e-06
[train] step=96 loss=0.114690 lr=9.997e-06
[train] step=97 loss=0.174221 lr=9.996e-06
[train] step=98 loss=0.199946 lr=9.996e-06
[train] step=99 loss=0.134034 lr=9.996e-06
[train] step=100 loss=0.115504 lr=9.996e-06
[train] step=101 loss=0.088760 lr=9.996e-06
[train] step=102 loss=0.128004 lr=9.996e-06
[train] step=103 loss=0.114560 lr=9.996e-06
[train] step=104 loss=0.140226 lr=9.996e-06
[train] step=105 loss=0.136143 lr=9.996e-06
[train] step=106 loss=0.220994 lr=9.996e-06
[train] step=107 loss=0.146469 lr=9.996e-06
[train] step=108 loss=0.187707 lr=9.996e-06
[train] step=109 loss=0.150191 lr=9.996e-06
[train] step=110 loss=0.089262 lr=9.995e-06
[train] step=111 loss=0.179321 lr=9.995e-06
[train] step=112 loss=0.161476 lr=9.995e-06
[train] step=113 loss=0.115541 lr=9.995e-06
[train] step=114 loss=0.144003 lr=9.995e-06
[train] step=115 loss=0.178108 lr=9.995e-06
[train] step=116 loss=0.098449 lr=9.995e-06
[train] step=117 loss=0.182484 lr=9.995e-06
[train] step=118 loss=0.118587 lr=9.995e-06
[train] step=119 loss=0.146773 lr=9.995e-06
[train] step=120 loss=0.114185 lr=9.995e-06
INFO     [rank 0] Model weights for step 120 saved in        dit_trainer.py:1288
         checkpoints/model_weights_step_00120.safetensors                       
INFO     [rank 0] Scalar embedding weights for step 120      dit_trainer.py:1297
         saved                                                                  
INFO     [rank 0] Training state saved:                      dit_trainer.py:1416
         checkpoints/model_weights_step_00120.state.pt                          
[epoch 1] step=120 train_loss=0.182080
[train] step=121 loss=0.182119 lr=9.994e-06
[train] step=122 loss=0.107312 lr=9.994e-06
[train] step=123 loss=0.150184 lr=9.994e-06
[train] step=124 loss=0.138897 lr=9.994e-06
[train] step=125 loss=0.138078 lr=9.994e-06
[train] step=126 loss=0.192117 lr=9.994e-06
[train] step=127 loss=0.157118 lr=9.994e-06
[train] step=128 loss=0.166298 lr=9.994e-06
[train] step=129 loss=0.204627 lr=9.994e-06
[train] step=130 loss=0.118282 lr=9.994e-06
[train] step=131 loss=0.086293 lr=9.993e-06
[train] step=132 loss=0.223541 lr=9.993e-06
[train] step=133 loss=0.116616 lr=9.993e-06
[train] step=134 loss=0.206421 lr=9.993e-06
[train] step=135 loss=0.110152 lr=9.993e-06
[train] step=136 loss=0.133536 lr=9.993e-06
[train] step=137 loss=0.160150 lr=9.993e-06
[train] step=138 loss=0.071085 lr=9.993e-06
[train] step=139 loss=0.109650 lr=9.993e-06
[train] step=140 loss=0.115236 lr=9.993e-06
[train] step=141 loss=0.122003 lr=9.992e-06
[train] step=142 loss=0.163787 lr=9.992e-06
[train] step=143 loss=0.126538 lr=9.992e-06
[train] step=144 loss=0.152952 lr=9.992e-06
[train] step=145 loss=0.102937 lr=9.992e-06
[train] step=146 loss=0.167412 lr=9.992e-06
[train] step=147 loss=0.222610 lr=9.992e-06
[train] step=148 loss=0.234901 lr=9.992e-06
[train] step=149 loss=0.221336 lr=9.992e-06
[train] step=150 loss=0.145685 lr=9.991e-06
[train] step=151 loss=0.141922 lr=9.991e-06
[train] step=152 loss=0.112550 lr=9.991e-06
[train] step=153 loss=0.144081 lr=9.991e-06
[train] step=154 loss=0.203786 lr=9.991e-06
[train] step=155 loss=0.165557 lr=9.991e-06
[train] step=156 loss=0.270271 lr=9.991e-06
[train] step=157 loss=0.227037 lr=9.991e-06
[train] step=158 loss=0.172716 lr=9.991e-06
[train] step=159 loss=0.158491 lr=9.990e-06
[train] step=160 loss=0.106625 lr=9.990e-06
[train] step=161 loss=0.170996 lr=9.990e-06
[train] step=162 loss=0.098814 lr=9.990e-06
[train] step=163 loss=0.087089 lr=9.990e-06
[train] step=164 loss=0.123627 lr=9.990e-06
[train] step=165 loss=0.135123 lr=9.990e-06
[train] step=166 loss=0.139250 lr=9.990e-06
[train] step=167 loss=0.131304 lr=9.989e-06
[train] step=168 loss=0.138307 lr=9.989e-06
[train] step=169 loss=0.163380 lr=9.989e-06
[train] step=170 loss=0.134452 lr=9.989e-06
[train] step=171 loss=0.075700 lr=9.989e-06
[train] step=172 loss=0.118898 lr=9.989e-06
[train] step=173 loss=0.165578 lr=9.989e-06
[train] step=174 loss=0.097664 lr=9.988e-06
[train] step=175 loss=0.129444 lr=9.988e-06
[train] step=176 loss=0.134770 lr=9.988e-06
[train] step=177 loss=0.143838 lr=9.988e-06
[train] step=178 loss=0.132683 lr=9.988e-06
[train] step=179 loss=0.136064 lr=9.988e-06
[train] step=180 loss=0.129538 lr=9.988e-06
[train] step=181 loss=0.236776 lr=9.988e-06
[train] step=182 loss=0.133354 lr=9.987e-06
[train] step=183 loss=0.138787 lr=9.987e-06
[train] step=184 loss=0.205599 lr=9.987e-06
[train] step=185 loss=0.116036 lr=9.987e-06
[train] step=186 loss=0.133803 lr=9.987e-06
[train] step=187 loss=0.187650 lr=9.987e-06
[train] step=188 loss=0.160415 lr=9.987e-06
[train] step=189 loss=0.147100 lr=9.986e-06
[train] step=190 loss=0.214153 lr=9.986e-06
[train] step=191 loss=0.163701 lr=9.986e-06
[train] step=192 loss=0.153141 lr=9.986e-06
[train] step=193 loss=0.146834 lr=9.986e-06
[train] step=194 loss=0.097864 lr=9.986e-06
[train] step=195 loss=0.118055 lr=9.986e-06
[train] step=196 loss=0.153836 lr=9.985e-06
[train] step=197 loss=0.137797 lr=9.985e-06
[train] step=198 loss=0.135721 lr=9.985e-06
[train] step=199 loss=0.149403 lr=9.985e-06
[train] step=200 loss=0.072575 lr=9.985e-06
[train] step=201 loss=0.191104 lr=9.985e-06
[train] step=202 loss=0.166656 lr=9.984e-06
[train] step=203 loss=0.127357 lr=9.984e-06
[train] step=204 loss=0.127807 lr=9.984e-06
[train] step=205 loss=0.090334 lr=9.984e-06
[train] step=206 loss=0.151112 lr=9.984e-06
[train] step=207 loss=0.159257 lr=9.984e-06
[train] step=208 loss=0.120388 lr=9.984e-06
[train] step=209 loss=0.188845 lr=9.983e-06
[train] step=210 loss=0.088297 lr=9.983e-06
[train] step=211 loss=0.183160 lr=9.983e-06
[train] step=212 loss=0.112945 lr=9.983e-06
[train] step=213 loss=0.117119 lr=9.983e-06
[train] step=214 loss=0.171083 lr=9.983e-06
[train] step=215 loss=0.149985 lr=9.982e-06
[train] step=216 loss=0.131341 lr=9.982e-06
[train] step=217 loss=0.099373 lr=9.982e-06
[train] step=218 loss=0.131680 lr=9.982e-06
[train] step=219 loss=0.100793 lr=9.982e-06
[train] step=220 loss=0.100644 lr=9.982e-06
[train] step=221 loss=0.098379 lr=9.981e-06
[train] step=222 loss=0.114234 lr=9.981e-06
[train] step=223 loss=0.117232 lr=9.981e-06
[train] step=224 loss=0.117387 lr=9.981e-06
[train] step=225 loss=0.122803 lr=9.981e-06
[train] step=226 loss=0.149040 lr=9.981e-06
[train] step=227 loss=0.096144 lr=9.980e-06
[train] step=228 loss=0.109754 lr=9.980e-06
[train] step=229 loss=0.147687 lr=9.980e-06
[train] step=230 loss=0.091566 lr=9.980e-06
[train] step=231 loss=0.568004 lr=9.980e-06
[train] step=232 loss=0.153616 lr=9.979e-06
[train] step=233 loss=0.137999 lr=9.979e-06
[train] step=234 loss=0.098831 lr=9.979e-06
[train] step=235 loss=0.139169 lr=9.979e-06
[train] step=236 loss=0.133505 lr=9.979e-06
[train] step=237 loss=0.095202 lr=9.979e-06
[train] step=238 loss=0.104112 lr=9.978e-06
[train] step=239 loss=0.146269 lr=9.978e-06
[train] step=240 loss=0.123588 lr=9.978e-06
INFO     [rank 0] Model weights for step 240 saved in        dit_trainer.py:1288
         checkpoints/model_weights_step_00240.safetensors                       
INFO     [rank 0] Scalar embedding weights for step 240      dit_trainer.py:1297
         saved                                                                  
INFO     [rank 0] Training state saved:                      dit_trainer.py:1416
         checkpoints/model_weights_step_00240.state.pt                          
DEBUG    [rank 0] Removed optimizer state for older kept     dit_trainer.py:1444
         checkpoint:                                                            
         /hppfs/scratch/0D/go76fuz2/windinet/outputs/shockwa                    
         ve_dit_sds_w0p01/checkpoints/model_weights_step_001                    
         20.state.pt                                                            
[epoch 2] step=240 train_loss=0.145037
[train] step=241 loss=0.193001 lr=9.978e-06
[train] step=242 loss=0.230754 lr=9.978e-06
[train] step=243 loss=0.182251 lr=9.977e-06
[train] step=244 loss=0.102122 lr=9.977e-06
[train] step=245 loss=0.178868 lr=9.977e-06
[train] step=246 loss=0.176752 lr=9.977e-06
[train] step=247 loss=0.122886 lr=9.977e-06
[train] step=248 loss=0.121338 lr=9.977e-06
[train] step=249 loss=0.203732 lr=9.976e-06
[train] step=250 loss=0.148819 lr=9.976e-06
[train] step=251 loss=0.157099 lr=9.976e-06
[train] step=252 loss=0.165447 lr=9.976e-06
[train] step=253 loss=0.110474 lr=9.976e-06
[train] step=254 loss=0.120776 lr=9.975e-06
[train] step=255 loss=0.207972 lr=9.975e-06
[train] step=256 loss=0.171269 lr=9.975e-06
[train] step=257 loss=0.108555 lr=9.975e-06
[train] step=258 loss=0.143044 lr=9.975e-06
[train] step=259 loss=0.187299 lr=9.974e-06
[train] step=260 loss=0.143204 lr=9.974e-06
[train] step=261 loss=0.231877 lr=9.974e-06
[train] step=262 loss=0.150882 lr=9.974e-06
[train] step=263 loss=0.230574 lr=9.974e-06
[train] step=264 loss=0.137683 lr=9.973e-06
[train] step=265 loss=0.117339 lr=9.973e-06
[train] step=266 loss=0.079099 lr=9.973e-06
[train] step=267 loss=0.145937 lr=9.973e-06
[train] step=268 loss=0.153930 lr=9.973e-06
[train] step=269 loss=0.124646 lr=9.972e-06
[train] step=270 loss=0.123227 lr=9.972e-06
[train] step=271 loss=0.056171 lr=9.972e-06
[train] step=272 loss=0.205420 lr=9.972e-06
[train] step=273 loss=0.172389 lr=9.972e-06
[train] step=274 loss=0.152154 lr=9.971e-06
[train] step=275 loss=0.136620 lr=9.971e-06
[train] step=276 loss=0.207223 lr=9.971e-06
[train] step=277 loss=0.155569 lr=9.971e-06
[train] step=278 loss=0.269606 lr=9.970e-06
[train] step=279 loss=0.168431 lr=9.970e-06
[train] step=280 loss=0.099971 lr=9.970e-06
[train] step=281 loss=0.171926 lr=9.970e-06
[train] step=282 loss=0.082290 lr=9.970e-06
[train] step=283 loss=0.091739 lr=9.969e-06
[train] step=284 loss=0.116337 lr=9.969e-06
[train] step=285 loss=0.159958 lr=9.969e-06
[train] step=286 loss=0.120610 lr=9.969e-06
[train] step=287 loss=0.111038 lr=9.969e-06
[train] step=288 loss=0.163057 lr=9.968e-06
[train] step=289 loss=0.107589 lr=9.968e-06
[train] step=290 loss=0.213752 lr=9.968e-06
[train] step=291 loss=0.079633 lr=9.968e-06
[train] step=292 loss=0.083922 lr=9.967e-06
[train] step=293 loss=0.096830 lr=9.967e-06
[train] step=294 loss=0.084636 lr=9.967e-06
[train] step=295 loss=0.087726 lr=9.967e-06
[train] step=296 loss=0.083974 lr=9.967e-06
[train] step=297 loss=0.127212 lr=9.966e-06
[train] step=298 loss=0.103961 lr=9.966e-06
[train] step=299 loss=0.065444 lr=9.966e-06
[train] step=300 loss=0.166386 lr=9.966e-06
[train] step=301 loss=0.076958 lr=9.965e-06
[train] step=302 loss=0.098873 lr=9.965e-06
[train] step=303 loss=0.112033 lr=9.965e-06
[train] step=304 loss=0.111786 lr=9.965e-06
[train] step=305 loss=0.186041 lr=9.964e-06
[train] step=306 loss=0.155053 lr=9.964e-06
[train] step=307 loss=0.148538 lr=9.964e-06
[train] step=308 loss=0.084093 lr=9.964e-06
[train] step=309 loss=0.110892 lr=9.964e-06
[train] step=310 loss=0.174832 lr=9.963e-06
[train] step=311 loss=0.132723 lr=9.963e-06
[train] step=312 loss=0.154816 lr=9.963e-06
[train] step=313 loss=0.112603 lr=9.963e-06
[train] step=314 loss=0.227785 lr=9.962e-06
[train] step=315 loss=0.249487 lr=9.962e-06
[train] step=316 loss=0.197325 lr=9.962e-06
[train] step=317 loss=0.137010 lr=9.962e-06
[train] step=318 loss=0.112713 lr=9.961e-06
[train] step=319 loss=0.132180 lr=9.961e-06
[train] step=320 loss=0.082539 lr=9.961e-06
[train] step=321 loss=0.181299 lr=9.961e-06
[train] step=322 loss=0.153936 lr=9.960e-06
[train] step=323 loss=0.122126 lr=9.960e-06
[train] step=324 loss=0.127660 lr=9.960e-06
[train] step=325 loss=0.100608 lr=9.960e-06
[train] step=326 loss=0.128821 lr=9.959e-06
[train] step=327 loss=0.117716 lr=9.959e-06
[train] step=328 loss=0.165015 lr=9.959e-06
[train] step=329 loss=0.122163 lr=9.959e-06
[train] step=330 loss=0.121578 lr=9.958e-06
[train] step=331 loss=0.123935 lr=9.958e-06
[train] step=332 loss=0.106555 lr=9.958e-06
[train] step=333 loss=0.108447 lr=9.958e-06
[train] step=334 loss=0.113026 lr=9.957e-06
[train] step=335 loss=0.147454 lr=9.957e-06
[train] step=336 loss=0.179813 lr=9.957e-06
[train] step=337 loss=0.132473 lr=9.957e-06
[train] step=338 loss=0.098664 lr=9.956e-06
[train] step=339 loss=0.158454 lr=9.956e-06
[train] step=340 loss=0.111522 lr=9.956e-06
[train] step=341 loss=0.099141 lr=9.956e-06
[train] step=342 loss=0.160657 lr=9.955e-06
[train] step=343 loss=0.099798 lr=9.955e-06
[train] step=344 loss=0.104601 lr=9.955e-06
[train] step=345 loss=0.184163 lr=9.954e-06
[train] step=346 loss=0.101863 lr=9.954e-06
[train] step=347 loss=0.142007 lr=9.954e-06
[train] step=348 loss=0.103113 lr=9.954e-06
[train] step=349 loss=0.096583 lr=9.953e-06
[train] step=350 loss=0.083422 lr=9.953e-06
[train] step=351 loss=0.131892 lr=9.953e-06
[train] step=352 loss=0.193303 lr=9.953e-06
[train] step=353 loss=0.117666 lr=9.952e-06
[train] step=354 loss=0.129135 lr=9.952e-06
[train] step=355 loss=0.157983 lr=9.952e-06
[train] step=356 loss=0.118591 lr=9.952e-06
[train] step=357 loss=0.165880 lr=9.951e-06
[train] step=358 loss=0.097689 lr=9.951e-06
[train] step=359 loss=0.173917 lr=9.951e-06
[train] step=360 loss=0.096250 lr=9.950e-06
INFO     [rank 0] Model weights for step 360 saved in        dit_trainer.py:1288
         checkpoints/model_weights_step_00360.safetensors                       
INFO     [rank 0] Scalar embedding weights for step 360      dit_trainer.py:1297
         saved                                                                  
INFO     [rank 0] Training state saved:                      dit_trainer.py:1416
         checkpoints/model_weights_step_00360.state.pt                          
DEBUG    [rank 0] Removed old checkpoint:                    dit_trainer.py:1429
         /hppfs/scratch/0D/go76fuz2/windinet/outputs/shockwa                    
         ve_dit_sds_w0p01/checkpoints/model_weights_step_001                    
         20.safetensors                                                         
DEBUG    [rank 0] Removed old checkpoint:                    dit_trainer.py:1429
         /hppfs/scratch/0D/go76fuz2/windinet/outputs/shockwa                    
         ve_dit_sds_w0p01/checkpoints/scalar_embedding_step_                    
         00120.safetensors                                                      
DEBUG    [rank 0] Removed optimizer state for older kept     dit_trainer.py:1444
         checkpoint:                                                            
         /hppfs/scratch/0D/go76fuz2/windinet/outputs/shockwa                    
         ve_dit_sds_w0p01/checkpoints/model_weights_step_002                    
         40.state.pt                                                            
[epoch 3] step=360 train_loss=0.138475
[train] step=361 loss=0.186072 lr=9.950e-06
[train] step=362 loss=0.064764 lr=9.950e-06
[train] step=363 loss=0.122204 lr=9.950e-06
[train] step=364 loss=0.161797 lr=9.949e-06
[train] step=365 loss=0.080943 lr=9.949e-06
[train] step=366 loss=0.104374 lr=9.949e-06
[train] step=367 loss=0.089409 lr=9.948e-06
[train] step=368 loss=0.170984 lr=9.948e-06
[train] step=369 loss=0.141854 lr=9.948e-06
[train] step=370 loss=0.144073 lr=9.948e-06
[train] step=371 loss=0.159225 lr=9.947e-06
[train] step=372 loss=0.112548 lr=9.947e-06
[train] step=373 loss=0.138360 lr=9.947e-06
[train] step=374 loss=0.106596 lr=9.947e-06
[train] step=375 loss=0.115667 lr=9.946e-06
[train] step=376 loss=0.086402 lr=9.946e-06
[train] step=377 loss=0.102350 lr=9.946e-06
[train] step=378 loss=0.107591 lr=9.945e-06
[train] step=379 loss=0.160440 lr=9.945e-06
[train] step=380 loss=0.106547 lr=9.945e-06
[train] step=381 loss=0.075762 lr=9.944e-06
[train] step=382 loss=0.121057 lr=9.944e-06
[train] step=383 loss=0.110734 lr=9.944e-06
[train] step=384 loss=0.122252 lr=9.944e-06
[train] step=385 loss=0.109927 lr=9.943e-06
[train] step=386 loss=0.173078 lr=9.943e-06
[train] step=387 loss=0.095949 lr=9.943e-06
[train] step=388 loss=0.054633 lr=9.942e-06
[train] step=389 loss=0.092628 lr=9.942e-06
[train] step=390 loss=0.106486 lr=9.942e-06
[train] step=391 loss=0.197630 lr=9.942e-06
[train] step=392 loss=0.098137 lr=9.941e-06
[train] step=393 loss=0.109255 lr=9.941e-06
[train] step=394 loss=0.113744 lr=9.941e-06
[train] step=395 loss=0.118728 lr=9.940e-06
[train] step=396 loss=0.096112 lr=9.940e-06
[train] step=397 loss=0.250171 lr=9.940e-06
[train] step=398 loss=0.173960 lr=9.939e-06
[train] step=399 loss=0.128194 lr=9.939e-06
[train] step=400 loss=0.226650 lr=9.939e-06
[train] step=401 loss=0.106953 lr=9.939e-06
[train] step=402 loss=0.097080 lr=9.938e-06
[train] step=403 loss=0.117040 lr=9.938e-06
[train] step=404 loss=0.128847 lr=9.938e-06
[train] step=405 loss=0.080951 lr=9.937e-06
[train] step=406 loss=0.145330 lr=9.937e-06
[train] step=407 loss=0.119880 lr=9.937e-06
[train] step=408 loss=0.090946 lr=9.936e-06
[train] step=409 loss=0.104544 lr=9.936e-06
[train] step=410 loss=0.104302 lr=9.936e-06
[train] step=411 loss=0.084008 lr=9.935e-06
[train] step=412 loss=0.157358 lr=9.935e-06
[train] step=413 loss=0.166088 lr=9.935e-06
[train] step=414 loss=0.087289 lr=9.934e-06
[train] step=415 loss=0.210192 lr=9.934e-06
[train] step=416 loss=0.087937 lr=9.934e-06
[train] step=417 loss=0.087208 lr=9.933e-06
[train] step=418 loss=0.086149 lr=9.933e-06
[train] step=419 loss=0.142818 lr=9.933e-06
[train] step=420 loss=0.126449 lr=9.933e-06
[train] step=421 loss=0.139891 lr=9.932e-06
[train] step=422 loss=0.258315 lr=9.932e-06
[train] step=423 loss=0.101268 lr=9.932e-06
[train] step=424 loss=0.089988 lr=9.931e-06
[train] step=425 loss=0.121558 lr=9.931e-06
[train] step=426 loss=0.090880 lr=9.931e-06
[train] step=427 loss=0.051582 lr=9.930e-06
[train] step=428 loss=0.101879 lr=9.930e-06
[train] step=429 loss=0.103186 lr=9.930e-06
[train] step=430 loss=0.116428 lr=9.929e-06
[train] step=431 loss=0.133809 lr=9.929e-06
[train] step=432 loss=0.081565 lr=9.929e-06
[train] step=433 loss=0.262786 lr=9.928e-06
[train] step=434 loss=0.121765 lr=9.928e-06
[train] step=435 loss=0.116416 lr=9.928e-06
[train] step=436 loss=0.116506 lr=9.927e-06
[train] step=437 loss=0.120474 lr=9.927e-06
[train] step=438 loss=0.079922 lr=9.927e-06
[train] step=439 loss=0.122442 lr=9.926e-06
[train] step=440 loss=0.104532 lr=9.926e-06
[train] step=441 loss=0.136522 lr=9.926e-06
[train] step=442 loss=0.129108 lr=9.925e-06
[train] step=443 loss=0.098838 lr=9.925e-06
[train] step=444 loss=0.113125 lr=9.925e-06
[train] step=445 loss=0.071412 lr=9.924e-06
[train] step=446 loss=0.113336 lr=9.924e-06
[train] step=447 loss=0.091156 lr=9.924e-06
[train] step=448 loss=0.092005 lr=9.923e-06
[train] step=449 loss=0.115600 lr=9.923e-06
[train] step=450 loss=0.167492 lr=9.923e-06
[train] step=451 loss=0.117110 lr=9.922e-06
[train] step=452 loss=0.138688 lr=9.922e-06
[train] step=453 loss=0.059841 lr=9.922e-06
[train] step=454 loss=0.101145 lr=9.921e-06
[train] step=455 loss=0.067842 lr=9.921e-06
[train] step=456 loss=0.095195 lr=9.920e-06
[train] step=457 loss=0.092111 lr=9.920e-06
[train] step=458 loss=0.174814 lr=9.920e-06
[train] step=459 loss=0.109419 lr=9.919e-06
[train] step=460 loss=0.106427 lr=9.919e-06
[train] step=461 loss=0.151077 lr=9.919e-06
[train] step=462 loss=0.121189 lr=9.918e-06
[train] step=463 loss=0.089644 lr=9.918e-06
[train] step=464 loss=0.115536 lr=9.918e-06
[train] step=465 loss=0.080801 lr=9.917e-06
[train] step=466 loss=0.108789 lr=9.917e-06
[train] step=467 loss=0.073495 lr=9.917e-06
[train] step=468 loss=0.118957 lr=9.916e-06
[train] step=469 loss=0.110634 lr=9.916e-06
[train] step=470 loss=0.135191 lr=9.916e-06
[train] step=471 loss=0.124296 lr=9.915e-06
[train] step=472 loss=0.120288 lr=9.915e-06
[train] step=473 loss=0.130111 lr=9.914e-06
[train] step=474 loss=0.102062 lr=9.914e-06
[train] step=475 loss=0.066004 lr=9.914e-06
[train] step=476 loss=0.212433 lr=9.913e-06
[train] step=477 loss=0.087687 lr=9.913e-06
[train] step=478 loss=0.176836 lr=9.913e-06
[train] step=479 loss=0.117381 lr=9.912e-06
[train] step=480 loss=0.066177 lr=9.912e-06
INFO     [rank 0] Model weights for step 480 saved in        dit_trainer.py:1288
         checkpoints/model_weights_step_00480.safetensors                       
INFO     [rank 0] Scalar embedding weights for step 480      dit_trainer.py:1297
         saved                                                                  
INFO     [rank 0] Training state saved:                      dit_trainer.py:1416
         checkpoints/model_weights_step_00480.state.pt                          
DEBUG    [rank 0] Removed old checkpoint:                    dit_trainer.py:1429
         /hppfs/scratch/0D/go76fuz2/windinet/outputs/shockwa                    
         ve_dit_sds_w0p01/checkpoints/model_weights_step_002                    
         40.safetensors                                                         
DEBUG    [rank 0] Removed old checkpoint:                    dit_trainer.py:1429
         /hppfs/scratch/0D/go76fuz2/windinet/outputs/shockwa                    
         ve_dit_sds_w0p01/checkpoints/scalar_embedding_step_                    
         00240.safetensors                                                      
DEBUG    [rank 0] Removed optimizer state for older kept     dit_trainer.py:1444
         checkpoint:                                                            
         /hppfs/scratch/0D/go76fuz2/windinet/outputs/shockwa                    
         ve_dit_sds_w0p01/checkpoints/model_weights_step_003                    
         60.state.pt                                                            
[epoch 4] step=480 train_loss=0.119447
[train] step=481 loss=0.096223 lr=9.912e-06
[train] step=482 loss=0.121555 lr=9.911e-06
[train] step=483 loss=0.110941 lr=9.911e-06
[train] step=484 loss=0.110839 lr=9.910e-06
[train] step=485 loss=0.159930 lr=9.910e-06
[train] step=486 loss=0.116527 lr=9.910e-06
[train] step=487 loss=0.115602 lr=9.909e-06
[train] step=488 loss=0.140575 lr=9.909e-06
[train] step=489 loss=0.147827 lr=9.909e-06
[train] step=490 loss=0.093123 lr=9.908e-06
[train] step=491 loss=0.118990 lr=9.908e-06
[train] step=492 loss=0.164054 lr=9.907e-06
[train] step=493 loss=0.076563 lr=9.907e-06
[train] step=494 loss=0.080130 lr=9.907e-06
[train] step=495 loss=0.079555 lr=9.906e-06
[train] step=496 loss=0.109797 lr=9.906e-06
[train] step=497 loss=0.106362 lr=9.906e-06
[train] step=498 loss=0.120709 lr=9.905e-06
[train] step=499 loss=0.074890 lr=9.905e-06
[train] step=500 loss=0.148502 lr=9.904e-06
[train] step=501 loss=0.109953 lr=9.904e-06
[train] step=502 loss=0.131645 lr=9.904e-06
[train] step=503 loss=0.116152 lr=9.903e-06
[train] step=504 loss=0.142441 lr=9.903e-06
[train] step=505 loss=0.138235 lr=9.902e-06
[train] step=506 loss=0.151771 lr=9.902e-06
[train] step=507 loss=0.092838 lr=9.902e-06
[train] step=508 loss=0.346210 lr=9.901e-06
[train] step=509 loss=0.089101 lr=9.901e-06
[train] step=510 loss=0.083069 lr=9.901e-06
[train] step=511 loss=0.103428 lr=9.900e-06
[train] step=512 loss=0.067358 lr=9.900e-06
[train] step=513 loss=0.070091 lr=9.899e-06
[train] step=514 loss=0.124986 lr=9.899e-06
[train] step=515 loss=0.130821 lr=9.899e-06
[train] step=516 loss=0.281938 lr=9.898e-06
[train] step=517 loss=0.216995 lr=9.898e-06
[train] step=518 loss=0.119420 lr=9.897e-06
[train] step=519 loss=0.061496 lr=9.897e-06
[train] step=520 loss=0.149541 lr=9.897e-06
[train] step=521 loss=0.081972 lr=9.896e-06
[train] step=522 loss=0.086608 lr=9.896e-06
[train] step=523 loss=0.126228 lr=9.895e-06
[train] step=524 loss=0.118345 lr=9.895e-06
[train] step=525 loss=0.113189 lr=9.895e-06
[train] step=526 loss=0.067410 lr=9.894e-06
[train] step=527 loss=0.121828 lr=9.894e-06
[train] step=528 loss=0.438677 lr=9.893e-06
[train] step=529 loss=0.249049 lr=9.893e-06
[train] step=530 loss=0.062428 lr=9.893e-06
[train] step=531 loss=0.088193 lr=9.892e-06
[train] step=532 loss=0.139589 lr=9.892e-06
[train] step=533 loss=0.099636 lr=9.891e-06
[train] step=534 loss=0.112823 lr=9.891e-06
[train] step=535 loss=0.103042 lr=9.891e-06
[train] step=536 loss=0.155503 lr=9.890e-06
[train] step=537 loss=0.104488 lr=9.890e-06
[train] step=538 loss=0.125799 lr=9.889e-06
[train] step=539 loss=0.186789 lr=9.889e-06
[train] step=540 loss=0.112443 lr=9.889e-06
[train] step=541 loss=0.113558 lr=9.888e-06
[train] step=542 loss=0.083849 lr=9.888e-06
[train] step=543 loss=0.124061 lr=9.887e-06
[train] step=544 loss=0.127810 lr=9.887e-06
[train] step=545 loss=0.114346 lr=9.886e-06
[train] step=546 loss=0.131174 lr=9.886e-06
[train] step=547 loss=0.133590 lr=9.886e-06
[train] step=548 loss=0.136079 lr=9.885e-06
[train] step=549 loss=0.069529 lr=9.885e-06
[train] step=550 loss=0.115844 lr=9.884e-06
[train] step=551 loss=0.109668 lr=9.884e-06
[train] step=552 loss=0.084210 lr=9.884e-06
[train] step=553 loss=0.135710 lr=9.883e-06
[train] step=554 loss=0.136914 lr=9.883e-06
[train] step=555 loss=0.230699 lr=9.882e-06
[train] step=556 loss=0.072889 lr=9.882e-06
[train] step=557 loss=0.113121 lr=9.881e-06
[train] step=558 loss=0.073761 lr=9.881e-06
[train] step=559 loss=0.125059 lr=9.881e-06
[train] step=560 loss=0.152807 lr=9.880e-06
[train] step=561 loss=0.092898 lr=9.880e-06
[train] step=562 loss=0.073399 lr=9.879e-06
[train] step=563 loss=0.147940 lr=9.879e-06
[train] step=564 loss=0.155825 lr=9.878e-06
[train] step=565 loss=0.139675 lr=9.878e-06
[train] step=566 loss=0.154371 lr=9.878e-06
[train] step=567 loss=0.136421 lr=9.877e-06
[train] step=568 loss=0.102021 lr=9.877e-06
[train] step=569 loss=0.123257 lr=9.876e-06
[train] step=570 loss=0.110071 lr=9.876e-06
[train] step=571 loss=0.064079 lr=9.875e-06
[train] step=572 loss=0.156642 lr=9.875e-06
[train] step=573 loss=0.125505 lr=9.875e-06
[train] step=574 loss=0.094202 lr=9.874e-06
[train] step=575 loss=0.132707 lr=9.874e-06
[train] step=576 loss=0.199369 lr=9.873e-06
[train] step=577 loss=0.107987 lr=9.873e-06
[train] step=578 loss=0.072039 lr=9.872e-06
[train] step=579 loss=0.103757 lr=9.872e-06
[train] step=580 loss=0.103705 lr=9.871e-06
[train] step=581 loss=0.109182 lr=9.871e-06
[train] step=582 loss=0.110017 lr=9.871e-06
[train] step=583 loss=0.104377 lr=9.870e-06
[train] step=584 loss=0.139632 lr=9.870e-06
[train] step=585 loss=0.127904 lr=9.869e-06
[train] step=586 loss=0.111169 lr=9.869e-06
[train] step=587 loss=0.127645 lr=9.868e-06
[train] step=588 loss=0.116329 lr=9.868e-06
[train] step=589 loss=0.091059 lr=9.867e-06
[train] step=590 loss=0.105249 lr=9.867e-06
[train] step=591 loss=0.095287 lr=9.867e-06
[train] step=592 loss=0.101701 lr=9.866e-06
[train] step=593 loss=0.101654 lr=9.866e-06
[train] step=594 loss=0.097688 lr=9.865e-06
[train] step=595 loss=0.103333 lr=9.865e-06
[train] step=596 loss=0.104505 lr=9.864e-06
[train] step=597 loss=0.128179 lr=9.864e-06
[train] step=598 loss=0.138870 lr=9.863e-06
[train] step=599 loss=0.120067 lr=9.863e-06
[train] step=600 loss=0.107757 lr=9.862e-06
[val] step=600 val_loss=0.117440
INFO     [rank 0] Model weights for step 600 saved in        dit_trainer.py:1288
         checkpoints/model_weights_step_00600.safetensors                       
INFO     [rank 0] Scalar embedding weights for step 600      dit_trainer.py:1297
         saved                                                                  
INFO     [rank 0] Training state saved:                      dit_trainer.py:1416
         checkpoints/model_weights_step_00600.state.pt                          
INFO     [rank 0] New best checkpoint (step 600,             dit_trainer.py:1320
         val_loss=0.117440):                                                    
         checkpoints/model_weights_best.safetensors                             
DEBUG    [rank 0] Removed old checkpoint:                    dit_trainer.py:1429
         /hppfs/scratch/0D/go76fuz2/windinet/outputs/shockwa                    
         ve_dit_sds_w0p01/checkpoints/model_weights_step_003                    
         60.safetensors                                                         
DEBUG    [rank 0] Removed old checkpoint:                    dit_trainer.py:1429
         /hppfs/scratch/0D/go76fuz2/windinet/outputs/shockwa                    
         ve_dit_sds_w0p01/checkpoints/scalar_embedding_step_                    
         00360.safetensors                                                      
DEBUG    [rank 0] Removed optimizer state for older kept     dit_trainer.py:1444
         checkpoint:                                                            
         /hppfs/scratch/0D/go76fuz2/windinet/outputs/shockwa                    
         ve_dit_sds_w0p01/checkpoints/model_weights_step_004                    
         80.state.pt                                                            
[epoch 5] step=600 train_loss=0.122457 val_loss=0.117440
[train] step=601 loss=0.088026 lr=9.862e-06
[train] step=602 loss=0.106326 lr=9.862e-06
[train] step=603 loss=0.131342 lr=9.861e-06
[train] step=604 loss=0.085954 lr=9.861e-06
[train] step=605 loss=0.128455 lr=9.860e-06
[train] step=606 loss=0.096788 lr=9.860e-06
[train] step=607 loss=0.083952 lr=9.859e-06
[train] step=608 loss=0.093981 lr=9.859e-06
[train] step=609 loss=0.108016 lr=9.858e-06
[train] step=610 loss=0.117158 lr=9.858e-06
[train] step=611 loss=0.062071 lr=9.857e-06
[train] step=612 loss=0.136665 lr=9.857e-06
[train] step=613 loss=0.113673 lr=9.856e-06
[train] step=614 loss=0.060565 lr=9.856e-06
[train] step=615 loss=0.100108 lr=9.856e-06
[train] step=616 loss=0.124000 lr=9.855e-06
[train] step=617 loss=0.125311 lr=9.855e-06
[train] step=618 loss=0.082512 lr=9.854e-06
[train] step=619 loss=0.171577 lr=9.854e-06
[train] step=620 loss=0.102821 lr=9.853e-06
[train] step=621 loss=0.097775 lr=9.853e-06
[train] step=622 loss=0.097973 lr=9.852e-06
[train] step=623 loss=0.114025 lr=9.852e-06
[train] step=624 loss=0.095813 lr=9.851e-06
[train] step=625 loss=0.092450 lr=9.851e-06
[train] step=626 loss=0.079775 lr=9.850e-06
[train] step=627 loss=0.100602 lr=9.850e-06
[train] step=628 loss=0.099435 lr=9.849e-06
[train] step=629 loss=0.109632 lr=9.849e-06
[train] step=630 loss=0.088438 lr=9.848e-06
[train] step=631 loss=0.130457 lr=9.848e-06
[train] step=632 loss=0.073218 lr=9.847e-06
[train] step=633 loss=0.400144 lr=9.847e-06
[train] step=634 loss=0.104098 lr=9.846e-06
[train] step=635 loss=0.102043 lr=9.846e-06
[train] step=636 loss=0.222135 lr=9.846e-06
[train] step=637 loss=0.088876 lr=9.845e-06
[train] step=638 loss=0.207770 lr=9.845e-06
[train] step=639 loss=0.121381 lr=9.844e-06
[train] step=640 loss=0.109385 lr=9.844e-06
[train] step=641 loss=0.157580 lr=9.843e-06
[train] step=642 loss=0.115732 lr=9.843e-06
[train] step=643 loss=0.096691 lr=9.842e-06
[train] step=644 loss=0.146035 lr=9.842e-06
[train] step=645 loss=0.116336 lr=9.841e-06
[train] step=646 loss=0.220770 lr=9.841e-06
[train] step=647 loss=0.135130 lr=9.840e-06
[train] step=648 loss=0.098155 lr=9.840e-06
[train] step=649 loss=0.061624 lr=9.839e-06
[train] step=650 loss=0.077335 lr=9.839e-06
[train] step=651 loss=0.112896 lr=9.838e-06
[train] step=652 loss=0.110163 lr=9.838e-06
[train] step=653 loss=0.098515 lr=9.837e-06
[train] step=654 loss=0.099673 lr=9.837e-06
[train] step=655 loss=0.100547 lr=9.836e-06
[train] step=656 loss=0.108810 lr=9.836e-06
[train] step=657 loss=0.066107 lr=9.835e-06
[train] step=658 loss=0.076824 lr=9.835e-06
[train] step=659 loss=0.077726 lr=9.834e-06
[train] step=660 loss=0.085642 lr=9.834e-06
[train] step=661 loss=0.086266 lr=9.833e-06
[train] step=662 loss=0.154266 lr=9.833e-06
[train] step=663 loss=0.074164 lr=9.832e-06
[train] step=664 loss=0.057909 lr=9.832e-06
[train] step=665 loss=0.096427 lr=9.831e-06
[train] step=666 loss=0.073221 lr=9.831e-06
[train] step=667 loss=0.118201 lr=9.830e-06
[train] step=668 loss=0.061946 lr=9.830e-06
[train] step=669 loss=0.126617 lr=9.829e-06
[train] step=670 loss=0.066291 lr=9.829e-06
[train] step=671 loss=0.127446 lr=9.828e-06
[train] step=672 loss=0.161318 lr=9.828e-06
[train] step=673 loss=0.130302 lr=9.827e-06
[train] step=674 loss=0.101519 lr=9.827e-06
[train] step=675 loss=0.110709 lr=9.826e-06
[train] step=676 loss=0.242868 lr=9.826e-06
[train] step=677 loss=0.117062 lr=9.825e-06
[train] step=678 loss=0.110221 lr=9.825e-06
[train] step=679 loss=0.133061 lr=9.824e-06
[train] step=680 loss=0.087251 lr=9.823e-06
[train] step=681 loss=0.081045 lr=9.823e-06
[train] step=682 loss=0.109187 lr=9.822e-06
[train] step=683 loss=0.106441 lr=9.822e-06
[train] step=684 loss=0.125019 lr=9.821e-06
[train] step=685 loss=0.105634 lr=9.821e-06
[train] step=686 loss=0.118197 lr=9.820e-06
[train] step=687 loss=0.092148 lr=9.820e-06
[train] step=688 loss=0.112257 lr=9.819e-06
[train] step=689 loss=0.103016 lr=9.819e-06
[train] step=690 loss=0.113432 lr=9.818e-06
[train] step=691 loss=0.108879 lr=9.818e-06
[train] step=692 loss=0.102113 lr=9.817e-06
[train] step=693 loss=0.083720 lr=9.817e-06
[train] step=694 loss=0.101486 lr=9.816e-06
[train] step=695 loss=0.102136 lr=9.816e-06
[train] step=696 loss=0.107447 lr=9.815e-06
[train] step=697 loss=0.111583 lr=9.815e-06
[train] step=698 loss=0.122248 lr=9.814e-06
[train] step=699 loss=0.080550 lr=9.814e-06
[train] step=700 loss=0.059758 lr=9.813e-06
[train] step=701 loss=0.065709 lr=9.812e-06
[train] step=702 loss=0.118040 lr=9.812e-06
[train] step=703 loss=0.067931 lr=9.811e-06
[train] step=704 loss=0.097919 lr=9.811e-06
[train] step=705 loss=0.086792 lr=9.810e-06
[train] step=706 loss=0.120605 lr=9.810e-06
[train] step=707 loss=0.129936 lr=9.809e-06
[train] step=708 loss=0.094254 lr=9.809e-06
[train] step=709 loss=0.102369 lr=9.808e-06
[train] step=710 loss=0.096518 lr=9.808e-06
[train] step=711 loss=0.107033 lr=9.807e-06
[train] step=712 loss=0.135699 lr=9.807e-06
[train] step=713 loss=0.125729 lr=9.806e-06
[train] step=714 loss=0.112658 lr=9.805e-06
[train] step=715 loss=0.203343 lr=9.805e-06
[train] step=716 loss=0.075069 lr=9.804e-06
[train] step=717 loss=0.127213 lr=9.804e-06
[train] step=718 loss=0.132691 lr=9.803e-06
[train] step=719 loss=0.114523 lr=9.803e-06
[train] step=720 loss=0.055043 lr=9.802e-06
INFO     [rank 0] Model weights for step 720 saved in        dit_trainer.py:1288
         checkpoints/model_weights_step_00720.safetensors                       
INFO     [rank 0] Scalar embedding weights for step 720      dit_trainer.py:1297
         saved                                                                  
INFO     [rank 0] Training state saved:                      dit_trainer.py:1416
         checkpoints/model_weights_step_00720.state.pt                          
DEBUG    [rank 0] Removed old checkpoint:                    dit_trainer.py:1429
         /hppfs/scratch/0D/go76fuz2/windinet/outputs/shockwa                    
         ve_dit_sds_w0p01/checkpoints/model_weights_step_004                    
         80.safetensors                                                         
DEBUG    [rank 0] Removed old checkpoint:                    dit_trainer.py:1429
         /hppfs/scratch/0D/go76fuz2/windinet/outputs/shockwa                    
         ve_dit_sds_w0p01/checkpoints/scalar_embedding_step_                    
         00480.safetensors                                                      
DEBUG    [rank 0] Removed optimizer state for older kept     dit_trainer.py:1444
         checkpoint:                                                            
         /hppfs/scratch/0D/go76fuz2/windinet/outputs/shockwa                    
         ve_dit_sds_w0p01/checkpoints/model_weights_step_006                    
         00.state.pt                                                            
[epoch 6] step=720 train_loss=0.111018
[train] step=721 loss=0.080398 lr=9.802e-06
[train] step=722 loss=0.115014 lr=9.801e-06
[train] step=723 loss=0.115692 lr=9.801e-06
[train] step=724 loss=0.079268 lr=9.800e-06
[train] step=725 loss=0.102502 lr=9.799e-06
[train] step=726 loss=0.051272 lr=9.799e-06
[train] step=727 loss=0.084302 lr=9.798e-06
[train] step=728 loss=0.126350 lr=9.798e-06
[train] step=729 loss=0.107814 lr=9.797e-06
[train] step=730 loss=0.069081 lr=9.797e-06
[train] step=731 loss=0.053084 lr=9.796e-06
[train] step=732 loss=0.102233 lr=9.796e-06
[train] step=733 loss=0.285205 lr=9.795e-06
[train] step=734 loss=0.088728 lr=9.794e-06
[train] step=735 loss=0.062865 lr=9.794e-06
[train] step=736 loss=0.103606 lr=9.793e-06
[train] step=737 loss=0.129608 lr=9.793e-06
[train] step=738 loss=0.079295 lr=9.792e-06
[train] step=739 loss=0.111523 lr=9.792e-06
[train] step=740 loss=0.093359 lr=9.791e-06
[train] step=741 loss=0.146148 lr=9.791e-06
[train] step=742 loss=0.128879 lr=9.790e-06
[train] step=743 loss=0.088357 lr=9.789e-06
[train] step=744 loss=0.085641 lr=9.789e-06
[train] step=745 loss=0.087223 lr=9.788e-06
[train] step=746 loss=0.121526 lr=9.788e-06
[train] step=747 loss=0.138840 lr=9.787e-06
[train] step=748 loss=0.181699 lr=9.787e-06
[train] step=749 loss=0.088318 lr=9.786e-06
[train] step=750 loss=0.089136 lr=9.785e-06
[train] step=751 loss=0.081715 lr=9.785e-06
[train] step=752 loss=0.080268 lr=9.784e-06
[train] step=753 loss=0.099801 lr=9.784e-06
[train] step=754 loss=0.111433 lr=9.783e-06
[train] step=755 loss=0.066184 lr=9.783e-06
[train] step=756 loss=0.145702 lr=9.782e-06
[train] step=757 loss=0.097856 lr=9.781e-06
[train] step=758 loss=0.043926 lr=9.781e-06
[train] step=759 loss=0.123399 lr=9.780e-06
[train] step=760 loss=0.084671 lr=9.780e-06
[train] step=761 loss=0.114995 lr=9.779e-06
[train] step=762 loss=0.113475 lr=9.779e-06
[train] step=763 loss=0.112799 lr=9.778e-06
[train] step=764 loss=0.098554 lr=9.777e-06
[train] step=765 loss=0.109494 lr=9.777e-06
[train] step=766 loss=0.108064 lr=9.776e-06
[train] step=767 loss=0.137788 lr=9.776e-06
[train] step=768 loss=0.094288 lr=9.775e-06
[train] step=769 loss=0.083157 lr=9.775e-06
[train] step=770 loss=0.094049 lr=9.774e-06
[train] step=771 loss=0.127766 lr=9.773e-06
[train] step=772 loss=0.094304 lr=9.773e-06
[train] step=773 loss=0.072519 lr=9.772e-06
[train] step=774 loss=0.091596 lr=9.772e-06
[train] step=775 loss=0.095513 lr=9.771e-06
[train] step=776 loss=0.221386 lr=9.770e-06
[train] step=777 loss=0.089099 lr=9.770e-06
[train] step=778 loss=0.125037 lr=9.769e-06
[train] step=779 loss=0.133150 lr=9.769e-06
[train] step=780 loss=0.116124 lr=9.768e-06
[train] step=781 loss=0.073294 lr=9.768e-06
[train] step=782 loss=0.097702 lr=9.767e-06
[train] step=783 loss=0.073007 lr=9.766e-06
[train] step=784 loss=0.119994 lr=9.766e-06
[train] step=785 loss=0.143640 lr=9.765e-06
[train] step=786 loss=0.110750 lr=9.765e-06
[train] step=787 loss=0.105372 lr=9.764e-06
[train] step=788 loss=0.088643 lr=9.763e-06
[train] step=789 loss=0.093806 lr=9.763e-06
[train] step=790 loss=0.129207 lr=9.762e-06
[train] step=791 loss=0.115265 lr=9.762e-06
[train] step=792 loss=0.059918 lr=9.761e-06
[train] step=793 loss=0.155646 lr=9.760e-06
[train] step=794 loss=0.179920 lr=9.760e-06
[train] step=795 loss=0.107283 lr=9.759e-06
[train] step=796 loss=0.126102 lr=9.759e-06
[train] step=797 loss=0.072535 lr=9.758e-06
[train] step=798 loss=0.130876 lr=9.757e-06
[train] step=799 loss=0.260908 lr=9.757e-06
[train] step=800 loss=0.113054 lr=9.756e-06
[train] step=801 loss=0.102373 lr=9.756e-06
[train] step=802 loss=0.093693 lr=9.755e-06
[train] step=803 loss=0.065715 lr=9.754e-06
[train] step=804 loss=0.127686 lr=9.754e-06
[train] step=805 loss=0.089611 lr=9.753e-06
[train] step=806 loss=0.099026 lr=9.752e-06
[train] step=807 loss=0.143853 lr=9.752e-06
[train] step=808 loss=0.079470 lr=9.751e-06
[train] step=809 loss=0.128898 lr=9.751e-06
[train] step=810 loss=0.097346 lr=9.750e-06
[train] step=811 loss=0.116622 lr=9.749e-06
[train] step=812 loss=0.131961 lr=9.749e-06
[train] step=813 loss=0.093886 lr=9.748e-06
[train] step=814 loss=0.137103 lr=9.748e-06
[train] step=815 loss=0.129656 lr=9.747e-06
[train] step=816 loss=0.128825 lr=9.746e-06
[train] step=817 loss=0.085482 lr=9.746e-06
[train] step=818 loss=0.115542 lr=9.745e-06
[train] step=819 loss=0.074239 lr=9.744e-06
[train] step=820 loss=0.069614 lr=9.744e-06
[train] step=821 loss=0.059622 lr=9.743e-06
[train] step=822 loss=0.115769 lr=9.743e-06
[train] step=823 loss=0.122703 lr=9.742e-06
[train] step=824 loss=0.089584 lr=9.741e-06
[train] step=825 loss=0.144612 lr=9.741e-06
[train] step=826 loss=0.127344 lr=9.740e-06
[train] step=827 loss=0.140595 lr=9.740e-06
[train] step=828 loss=0.109417 lr=9.739e-06
[train] step=829 loss=0.134103 lr=9.738e-06
[train] step=830 loss=0.125643 lr=9.738e-06
[train] step=831 loss=0.104090 lr=9.737e-06
[train] step=832 loss=0.094548 lr=9.736e-06
[train] step=833 loss=0.133679 lr=9.736e-06
[train] step=834 loss=0.116866 lr=9.735e-06
[train] step=835 loss=0.302246 lr=9.734e-06
[train] step=836 loss=0.086212 lr=9.734e-06
[train] step=837 loss=0.092753 lr=9.733e-06
[train] step=838 loss=0.135878 lr=9.733e-06
[train] step=839 loss=0.064868 lr=9.732e-06
[train] step=840 loss=0.154066 lr=9.731e-06
INFO     [rank 0] Model weights for step 840 saved in        dit_trainer.py:1288
         checkpoints/model_weights_step_00840.safetensors                       
INFO     [rank 0] Scalar embedding weights for step 840      dit_trainer.py:1297
         saved                                                                  
INFO     [rank 0] Training state saved:                      dit_trainer.py:1416
         checkpoints/model_weights_step_00840.state.pt                          
DEBUG    [rank 0] Removed old checkpoint:                    dit_trainer.py:1429
         /hppfs/scratch/0D/go76fuz2/windinet/outputs/shockwa                    
         ve_dit_sds_w0p01/checkpoints/model_weights_step_006                    
         00.safetensors                                                         
DEBUG    [rank 0] Removed old checkpoint:                    dit_trainer.py:1429
         /hppfs/scratch/0D/go76fuz2/windinet/outputs/shockwa                    
         ve_dit_sds_w0p01/checkpoints/scalar_embedding_step_                    
         00600.safetensors                                                      
DEBUG    [rank 0] Removed optimizer state for older kept     dit_trainer.py:1444
         checkpoint:                                                            
         /hppfs/scratch/0D/go76fuz2/windinet/outputs/shockwa                    
         ve_dit_sds_w0p01/checkpoints/model_weights_step_007                    
         20.state.pt                                                            
[epoch 7] step=840 train_loss=0.109901
[train] step=841 loss=0.110175 lr=9.731e-06
[train] step=842 loss=0.126404 lr=9.730e-06
[train] step=843 loss=0.099076 lr=9.729e-06
[train] step=844 loss=0.293127 lr=9.729e-06
[train] step=845 loss=0.102301 lr=9.728e-06
[train] step=846 loss=0.176400 lr=9.728e-06
[train] step=847 loss=0.204983 lr=9.727e-06
[train] step=848 loss=0.064240 lr=9.726e-06
[train] step=849 loss=0.102255 lr=9.726e-06
[train] step=850 loss=0.088854 lr=9.725e-06
[train] step=851 loss=0.138684 lr=9.724e-06
[train] step=852 loss=0.097388 lr=9.724e-06
[train] step=853 loss=0.075704 lr=9.723e-06
[train] step=854 loss=0.063945 lr=9.722e-06
[train] step=855 loss=0.090546 lr=9.722e-06
[train] step=856 loss=0.080719 lr=9.721e-06
[train] step=857 loss=0.068128 lr=9.720e-06
[train] step=858 loss=0.101834 lr=9.720e-06
[train] step=859 loss=0.101801 lr=9.719e-06
[train] step=860 loss=0.078537 lr=9.718e-06
[train] step=861 loss=0.118406 lr=9.718e-06
[train] step=862 loss=0.094306 lr=9.717e-06
[train] step=863 loss=0.073075 lr=9.717e-06
[train] step=864 loss=0.092491 lr=9.716e-06
[train] step=865 loss=0.162702 lr=9.715e-06
[train] step=866 loss=0.152876 lr=9.715e-06
[train] step=867 loss=0.102634 lr=9.714e-06
[train] step=868 loss=0.134108 lr=9.713e-06
[train] step=869 loss=0.073246 lr=9.713e-06
[train] step=870 loss=0.071879 lr=9.712e-06
[train] step=871 loss=0.094460 lr=9.711e-06
[train] step=872 loss=0.102104 lr=9.711e-06
[train] step=873 loss=0.098419 lr=9.710e-06
[train] step=874 loss=0.212650 lr=9.709e-06
[train] step=875 loss=0.093271 lr=9.709e-06
[train] step=876 loss=0.085697 lr=9.708e-06
[train] step=877 loss=0.162039 lr=9.707e-06
[train] step=878 loss=0.135957 lr=9.707e-06
[train] step=879 loss=0.098790 lr=9.706e-06
[train] step=880 loss=0.096446 lr=9.705e-06
[train] step=881 loss=0.082144 lr=9.705e-06
[train] step=882 loss=0.198453 lr=9.704e-06
[train] step=883 loss=0.210894 lr=9.703e-06
[train] step=884 loss=0.112634 lr=9.703e-06
[train] step=885 loss=0.100474 lr=9.702e-06
[train] step=886 loss=0.126681 lr=9.701e-06
[train] step=887 loss=0.065799 lr=9.701e-06
[train] step=888 loss=0.087200 lr=9.700e-06
[train] step=889 loss=0.090308 lr=9.699e-06
[train] step=890 loss=0.134054 lr=9.699e-06
[train] step=891 loss=0.081805 lr=9.698e-06
[train] step=892 loss=0.100448 lr=9.697e-06
[train] step=893 loss=0.135235 lr=9.697e-06
[train] step=894 loss=0.079140 lr=9.696e-06
[train] step=895 loss=0.169732 lr=9.695e-06
[train] step=896 loss=0.142697 lr=9.695e-06
[train] step=897 loss=0.103261 lr=9.694e-06
[train] step=898 loss=0.088831 lr=9.693e-06
[train] step=899 loss=0.141575 lr=9.693e-06
[train] step=900 loss=0.085980 lr=9.692e-06
[train] step=901 loss=0.097962 lr=9.691e-06
[train] step=902 loss=0.107852 lr=9.691e-06
[train] step=903 loss=0.094545 lr=9.690e-06
[train] step=904 loss=0.131591 lr=9.689e-06
[train] step=905 loss=0.072874 lr=9.689e-06
[train] step=906 loss=0.067534 lr=9.688e-06
[train] step=907 loss=0.078160 lr=9.687e-06
[train] step=908 loss=0.115881 lr=9.686e-06
[train] step=909 loss=0.096323 lr=9.686e-06
[train] step=910 loss=0.083600 lr=9.685e-06
[train] step=911 loss=0.119242 lr=9.684e-06
[train] step=912 loss=0.057704 lr=9.684e-06
[train] step=913 loss=0.075065 lr=9.683e-06
[train] step=914 loss=0.079798 lr=9.682e-06
[train] step=915 loss=0.086990 lr=9.682e-06
[train] step=916 loss=0.180572 lr=9.681e-06
[train] step=917 loss=0.057516 lr=9.680e-06
[train] step=918 loss=0.124310 lr=9.680e-06
[train] step=919 loss=0.083615 lr=9.679e-06
[train] step=920 loss=0.065217 lr=9.678e-06
[train] step=921 loss=0.083047 lr=9.678e-06
[train] step=922 loss=0.043823 lr=9.677e-06
[train] step=923 loss=0.066570 lr=9.676e-06
[train] step=924 loss=0.096829 lr=9.675e-06
[train] step=925 loss=0.117834 lr=9.675e-06
[train] step=926 loss=0.108978 lr=9.674e-06
[train] step=927 loss=0.092395 lr=9.673e-06
[train] step=928 loss=0.106115 lr=9.673e-06
[train] step=929 loss=0.315564 lr=9.672e-06
[train] step=930 loss=0.117853 lr=9.671e-06
[train] step=931 loss=0.128874 lr=9.671e-06
[train] step=932 loss=0.099708 lr=9.670e-06
[train] step=933 loss=0.135596 lr=9.669e-06
[train] step=934 loss=0.088889 lr=9.668e-06
[train] step=935 loss=0.112258 lr=9.668e-06
[train] step=936 loss=0.111465 lr=9.667e-06
[train] step=937 loss=0.120662 lr=9.666e-06
[train] step=938 loss=0.122302 lr=9.666e-06
[train] step=939 loss=0.111676 lr=9.665e-06
[train] step=940 loss=0.106348 lr=9.664e-06
[train] step=941 loss=0.090669 lr=9.664e-06
[train] step=942 loss=0.118237 lr=9.663e-06
[train] step=943 loss=0.097934 lr=9.662e-06
[train] step=944 loss=0.104191 lr=9.661e-06
[train] step=945 loss=0.093016 lr=9.661e-06
[train] step=946 loss=0.140592 lr=9.660e-06
[train] step=947 loss=0.164523 lr=9.659e-06
[train] step=948 loss=0.122041 lr=9.659e-06
[train] step=949 loss=0.091710 lr=9.658e-06
[train] step=950 loss=0.118645 lr=9.657e-06
[train] step=951 loss=0.066608 lr=9.656e-06
[train] step=952 loss=0.071899 lr=9.656e-06
[train] step=953 loss=0.118072 lr=9.655e-06
[train] step=954 loss=0.073014 lr=9.654e-06
[train] step=955 loss=0.084685 lr=9.654e-06
[train] step=956 loss=0.158660 lr=9.653e-06
[train] step=957 loss=0.095523 lr=9.652e-06
[train] step=958 loss=0.087889 lr=9.651e-06
[train] step=959 loss=0.088242 lr=9.651e-06
[train] step=960 loss=0.124096 lr=9.650e-06
INFO     [rank 0] Model weights for step 960 saved in        dit_trainer.py:1288
         checkpoints/model_weights_step_00960.safetensors                       
INFO     [rank 0] Scalar embedding weights for step 960      dit_trainer.py:1297
         saved                                                                  
INFO     [rank 0] Training state saved:                      dit_trainer.py:1416
         checkpoints/model_weights_step_00960.state.pt                          
DEBUG    [rank 0] Removed old checkpoint:                    dit_trainer.py:1429
         /hppfs/scratch/0D/go76fuz2/windinet/outputs/shockwa                    
         ve_dit_sds_w0p01/checkpoints/model_weights_step_007                    
         20.safetensors                                                         
DEBUG    [rank 0] Removed old checkpoint:                    dit_trainer.py:1429
         /hppfs/scratch/0D/go76fuz2/windinet/outputs/shockwa                    
         ve_dit_sds_w0p01/checkpoints/scalar_embedding_step_                    
         00720.safetensors                                                      
DEBUG    [rank 0] Removed optimizer state for older kept     dit_trainer.py:1444
         checkpoint:                                                            
         /hppfs/scratch/0D/go76fuz2/windinet/outputs/shockwa                    
         ve_dit_sds_w0p01/checkpoints/model_weights_step_008                    
         40.state.pt                                                            
[epoch 8] step=960 train_loss=0.109678
[train] step=961 loss=0.075051 lr=9.649e-06
[train] step=962 loss=0.066700 lr=9.649e-06
[train] step=963 loss=0.142895 lr=9.648e-06
[train] step=964 loss=0.083216 lr=9.647e-06
[train] step=965 loss=0.113276 lr=9.646e-06
[train] step=966 loss=0.086325 lr=9.646e-06
[train] step=967 loss=0.103195 lr=9.645e-06
[train] step=968 loss=0.139379 lr=9.644e-06
[train] step=969 loss=0.067028 lr=9.643e-06
[train] step=970 loss=0.094151 lr=9.643e-06
[train] step=971 loss=0.102347 lr=9.642e-06
[train] step=972 loss=0.083262 lr=9.641e-06
[train] step=973 loss=0.091882 lr=9.641e-06
[train] step=974 loss=0.126192 lr=9.640e-06
[train] step=975 loss=0.096308 lr=9.639e-06
[train] step=976 loss=0.120438 lr=9.638e-06
[train] step=977 loss=0.090839 lr=9.638e-06
[train] step=978 loss=0.087241 lr=9.637e-06
[train] step=979 loss=0.132542 lr=9.636e-06
[train] step=980 loss=0.093185 lr=9.635e-06
[train] step=981 loss=0.098228 lr=9.635e-06
[train] step=982 loss=0.114890 lr=9.634e-06
[train] step=983 loss=0.094611 lr=9.633e-06
[train] step=984 loss=0.060876 lr=9.632e-06
[train] step=985 loss=0.099137 lr=9.632e-06
[train] step=986 loss=0.076331 lr=9.631e-06
[train] step=987 loss=0.089382 lr=9.630e-06
[train] step=988 loss=0.074507 lr=9.629e-06
[train] step=989 loss=0.099717 lr=9.629e-06
[train] step=990 loss=0.069245 lr=9.628e-06
[train] step=991 loss=0.094505 lr=9.627e-06
[train] step=992 loss=0.097035 lr=9.627e-06
[train] step=993 loss=0.119555 lr=9.626e-06
[train] step=994 loss=0.105772 lr=9.625e-06
[train] step=995 loss=0.084913 lr=9.624e-06
[train] step=996 loss=0.118412 lr=9.624e-06
[train] step=997 loss=0.081023 lr=9.623e-06
[train] step=998 loss=0.104446 lr=9.622e-06
[train] step=999 loss=0.110368 lr=9.621e-06
[train] step=1000 loss=0.158104 lr=9.621e-06
[train] step=1001 loss=0.183025 lr=9.620e-06
[train] step=1002 loss=0.098525 lr=9.619e-06
[train] step=1003 loss=0.080995 lr=9.618e-06
[train] step=1004 loss=0.080943 lr=9.618e-06
[train] step=1005 loss=0.090327 lr=9.617e-06
[train] step=1006 loss=0.095740 lr=9.616e-06
[train] step=1007 loss=0.076681 lr=9.615e-06
[train] step=1008 loss=0.103735 lr=9.615e-06
[train] step=1009 loss=0.114185 lr=9.614e-06
[train] step=1010 loss=0.126811 lr=9.613e-06
[train] step=1011 loss=0.098208 lr=9.612e-06
[train] step=1012 loss=0.085158 lr=9.611e-06
[train] step=1013 loss=0.122988 lr=9.611e-06
[train] step=1014 loss=0.112903 lr=9.610e-06
[train] step=1015 loss=0.121751 lr=9.609e-06
[train] step=1016 loss=0.163675 lr=9.608e-06
[train] step=1017 loss=0.093196 lr=9.608e-06
[train] step=1018 loss=0.074671 lr=9.607e-06
[train] step=1019 loss=0.085684 lr=9.606e-06
[train] step=1020 loss=0.090791 lr=9.605e-06
[train] step=1021 loss=0.061839 lr=9.605e-06
[train] step=1022 loss=0.102669 lr=9.604e-06
[train] step=1023 loss=0.100720 lr=9.603e-06
[train] step=1024 loss=0.083017 lr=9.602e-06
[train] step=1025 loss=0.106859 lr=9.602e-06
[train] step=1026 loss=0.088727 lr=9.601e-06
[train] step=1027 loss=0.189349 lr=9.600e-06
[train] step=1028 loss=0.109881 lr=9.599e-06
[train] step=1029 loss=0.104603 lr=9.598e-06
[train] step=1030 loss=0.091934 lr=9.598e-06
[train] step=1031 loss=0.080500 lr=9.597e-06
[train] step=1032 loss=0.062070 lr=9.596e-06
[train] step=1033 loss=0.157719 lr=9.595e-06
[train] step=1034 loss=0.120809 lr=9.595e-06
[train] step=1035 loss=0.097254 lr=9.594e-06
[train] step=1036 loss=0.106938 lr=9.593e-06
[train] step=1037 loss=0.145293 lr=9.592e-06
[train] step=1038 loss=0.085813 lr=9.592e-06
[train] step=1039 loss=0.156592 lr=9.591e-06
[train] step=1040 loss=0.132703 lr=9.590e-06
[train] step=1041 loss=0.129063 lr=9.589e-06
[train] step=1042 loss=0.095587 lr=9.588e-06
[train] step=1043 loss=0.103177 lr=9.588e-06
[train] step=1044 loss=0.095704 lr=9.587e-06
[train] step=1045 loss=0.133269 lr=9.586e-06
[train] step=1046 loss=0.103206 lr=9.585e-06
[train] step=1047 loss=0.091346 lr=9.584e-06
[train] step=1048 loss=0.086220 lr=9.584e-06
[train] step=1049 loss=0.052864 lr=9.583e-06
[train] step=1050 loss=0.085937 lr=9.582e-06
[train] step=1051 loss=0.078737 lr=9.581e-06
[train] step=1052 loss=0.099431 lr=9.581e-06
[train] step=1053 loss=0.086628 lr=9.580e-06
[train] step=1054 loss=0.109627 lr=9.579e-06
[train] step=1055 loss=0.080043 lr=9.578e-06
[train] step=1056 loss=0.087696 lr=9.577e-06
[train] step=1057 loss=0.097308 lr=9.577e-06
[train] step=1058 loss=0.113610 lr=9.576e-06
[train] step=1059 loss=0.125670 lr=9.575e-06
[train] step=1060 loss=0.109434 lr=9.574e-06
[train] step=1061 loss=0.088305 lr=9.573e-06
[train] step=1062 loss=0.107458 lr=9.573e-06
[train] step=1063 loss=0.153758 lr=9.572e-06
[train] step=1064 loss=0.058157 lr=9.571e-06
[train] step=1065 loss=0.107329 lr=9.570e-06
[train] step=1066 loss=0.126846 lr=9.569e-06
[train] step=1067 loss=0.077032 lr=9.569e-06
[train] step=1068 loss=0.053495 lr=9.568e-06
[train] step=1069 loss=0.132571 lr=9.567e-06
[train] step=1070 loss=0.079061 lr=9.566e-06
[train] step=1071 loss=0.091583 lr=9.565e-06
[train] step=1072 loss=0.072200 lr=9.565e-06
[train] step=1073 loss=0.072152 lr=9.564e-06
[train] step=1074 loss=0.171925 lr=9.563e-06
[train] step=1075 loss=0.098084 lr=9.562e-06
[train] step=1076 loss=0.073751 lr=9.561e-06
[train] step=1077 loss=0.092917 lr=9.561e-06
[train] step=1078 loss=0.121056 lr=9.560e-06
[train] step=1079 loss=0.090149 lr=9.559e-06
[train] step=1080 loss=0.267827 lr=9.558e-06
INFO     [rank 0] Model weights for step 1080 saved in       dit_trainer.py:1288
         checkpoints/model_weights_step_01080.safetensors                       
INFO     [rank 0] Scalar embedding weights for step 1080     dit_trainer.py:1297
         saved                                                                  
INFO     [rank 0] Training state saved:                      dit_trainer.py:1416
         checkpoints/model_weights_step_01080.state.pt                          
DEBUG    [rank 0] Removed old checkpoint:                    dit_trainer.py:1429
         /hppfs/scratch/0D/go76fuz2/windinet/outputs/shockwa                    
         ve_dit_sds_w0p01/checkpoints/model_weights_step_008                    
         40.safetensors                                                         
DEBUG    [rank 0] Removed old checkpoint:                    dit_trainer.py:1429
         /hppfs/scratch/0D/go76fuz2/windinet/outputs/shockwa                    
         ve_dit_sds_w0p01/checkpoints/scalar_embedding_step_                    
         00840.safetensors                                                      
DEBUG    [rank 0] Removed optimizer state for older kept     dit_trainer.py:1444
         checkpoint:                                                            
         /hppfs/scratch/0D/go76fuz2/windinet/outputs/shockwa                    
         ve_dit_sds_w0p01/checkpoints/model_weights_step_009                    
         60.state.pt                                                            
[epoch 9] step=1080 train_loss=0.101569
[train] step=1081 loss=0.105604 lr=9.557e-06
[train] step=1082 loss=0.111309 lr=9.557e-06
[train] step=1083 loss=0.081373 lr=9.556e-06
[train] step=1084 loss=0.094384 lr=9.555e-06
[train] step=1085 loss=0.146312 lr=9.554e-06
[train] step=1086 loss=0.052248 lr=9.553e-06
[train] step=1087 loss=0.203418 lr=9.553e-06
[train] step=1088 loss=0.095158 lr=9.552e-06
[train] step=1089 loss=0.118187 lr=9.551e-06
[train] step=1090 loss=0.120591 lr=9.550e-06
[train] step=1091 loss=0.119793 lr=9.549e-06
[train] step=1092 loss=0.078930 lr=9.549e-06
[train] step=1093 loss=0.165224 lr=9.548e-06
[train] step=1094 loss=0.067000 lr=9.547e-06
[train] step=1095 loss=0.213509 lr=9.546e-06
[train] step=1096 loss=0.094442 lr=9.545e-06
[train] step=1097 loss=0.068047 lr=9.544e-06
[train] step=1098 loss=0.061351 lr=9.544e-06
[train] step=1099 loss=0.164517 lr=9.543e-06
[train] step=1100 loss=0.245926 lr=9.542e-06
[train] step=1101 loss=0.088041 lr=9.541e-06
[train] step=1102 loss=0.112557 lr=9.540e-06
[train] step=1103 loss=0.151295 lr=9.540e-06
[train] step=1104 loss=0.078007 lr=9.539e-06
[train] step=1105 loss=0.120547 lr=9.538e-06
[train] step=1106 loss=0.116891 lr=9.537e-06
[train] step=1107 loss=0.084837 lr=9.536e-06
[train] step=1108 loss=0.103404 lr=9.535e-06
[train] step=1109 loss=0.109949 lr=9.535e-06
[train] step=1110 loss=0.147323 lr=9.534e-06
[train] step=1111 loss=0.091410 lr=9.533e-06
[train] step=1112 loss=0.073048 lr=9.532e-06
[train] step=1113 loss=0.069302 lr=9.531e-06
[train] step=1114 loss=0.086605 lr=9.530e-06
[train] step=1115 loss=0.106694 lr=9.530e-06
[train] step=1116 loss=0.102026 lr=9.529e-06
[train] step=1117 loss=0.051741 lr=9.528e-06
[train] step=1118 loss=0.067095 lr=9.527e-06
[train] step=1119 loss=0.088500 lr=9.526e-06
[train] step=1120 loss=0.106131 lr=9.525e-06
[train] step=1121 loss=0.277272 lr=9.525e-06
[train] step=1122 loss=0.143639 lr=9.524e-06
[train] step=1123 loss=0.077646 lr=9.523e-06
[train] step=1124 loss=0.117057 lr=9.522e-06
[train] step=1125 loss=0.100933 lr=9.521e-06
[train] step=1126 loss=0.095643 lr=9.520e-06
[train] step=1127 loss=0.105267 lr=9.520e-06
[train] step=1128 loss=0.104202 lr=9.519e-06
[train] step=1129 loss=0.125843 lr=9.518e-06
[train] step=1130 loss=0.115988 lr=9.517e-06
[train] step=1131 loss=0.087948 lr=9.516e-06
[train] step=1132 loss=0.103647 lr=9.515e-06
[train] step=1133 loss=0.147884 lr=9.515e-06
[train] step=1134 loss=0.079053 lr=9.514e-06
[train] step=1135 loss=0.090718 lr=9.513e-06
[train] step=1136 loss=0.060828 lr=9.512e-06
[train] step=1137 loss=0.182577 lr=9.511e-06
[train] step=1138 loss=0.073407 lr=9.510e-06
[train] step=1139 loss=0.088444 lr=9.509e-06
[train] step=1140 loss=0.051922 lr=9.509e-06
[train] step=1141 loss=0.084453 lr=9.508e-06
[train] step=1142 loss=0.105985 lr=9.507e-06
[train] step=1143 loss=0.061725 lr=9.506e-06
[train] step=1144 loss=0.175779 lr=9.505e-06
[train] step=1145 loss=0.085594 lr=9.504e-06
[train] step=1146 loss=0.090660 lr=9.504e-06
[train] step=1147 loss=0.059662 lr=9.503e-06
[train] step=1148 loss=0.073421 lr=9.502e-06
[train] step=1149 loss=0.059762 lr=9.501e-06
[train] step=1150 loss=0.102305 lr=9.500e-06
[train] step=1151 loss=0.065341 lr=9.499e-06
[train] step=1152 loss=0.076529 lr=9.498e-06
[train] step=1153 loss=0.104190 lr=9.498e-06
[train] step=1154 loss=0.142529 lr=9.497e-06
[train] step=1155 loss=0.119695 lr=9.496e-06
[train] step=1156 loss=0.063539 lr=9.495e-06
[train] step=1157 loss=0.134936 lr=9.494e-06
[train] step=1158 loss=0.080516 lr=9.493e-06
[train] step=1159 loss=0.094962 lr=9.492e-06
[train] step=1160 loss=0.105709 lr=9.492e-06
[train] step=1161 loss=0.151870 lr=9.491e-06
[train] step=1162 loss=0.107237 lr=9.490e-06
[train] step=1163 loss=0.101572 lr=9.489e-06
[train] step=1164 loss=0.101214 lr=9.488e-06
[train] step=1165 loss=0.073614 lr=9.487e-06
[train] step=1166 loss=0.091466 lr=9.486e-06
[train] step=1167 loss=0.126640 lr=9.485e-06
[train] step=1168 loss=0.114127 lr=9.485e-06
[train] step=1169 loss=0.138692 lr=9.484e-06
[train] step=1170 loss=0.062736 lr=9.483e-06
[train] step=1171 loss=0.113360 lr=9.482e-06
[train] step=1172 loss=0.133559 lr=9.481e-06
[train] step=1173 loss=0.119232 lr=9.480e-06
[train] step=1174 loss=0.087447 lr=9.479e-06
[train] step=1175 loss=0.093532 lr=9.478e-06
[train] step=1176 loss=0.129772 lr=9.478e-06
[train] step=1177 loss=0.087940 lr=9.477e-06
[train] step=1178 loss=0.085485 lr=9.476e-06
[train] step=1179 loss=0.277722 lr=9.475e-06
[train] step=1180 loss=0.079959 lr=9.474e-06
[train] step=1181 loss=0.129549 lr=9.473e-06
[train] step=1182 loss=0.113744 lr=9.472e-06
[train] step=1183 loss=0.050595 lr=9.471e-06
[train] step=1184 loss=0.118960 lr=9.471e-06
[train] step=1185 loss=0.237041 lr=9.470e-06
[train] step=1186 loss=0.079046 lr=9.469e-06
[train] step=1187 loss=0.096772 lr=9.468e-06
[train] step=1188 loss=0.106299 lr=9.467e-06
[train] step=1189 loss=0.090171 lr=9.466e-06
[train] step=1190 loss=0.102674 lr=9.465e-06
[train] step=1191 loss=0.099759 lr=9.464e-06
[train] step=1192 loss=0.050340 lr=9.464e-06
[train] step=1193 loss=0.169565 lr=9.463e-06
[train] step=1194 loss=0.196615 lr=9.462e-06
[train] step=1195 loss=0.060241 lr=9.461e-06
[train] step=1196 loss=0.103882 lr=9.460e-06
[train] step=1197 loss=0.070837 lr=9.459e-06
[train] step=1198 loss=0.086037 lr=9.458e-06
[train] step=1199 loss=0.112760 lr=9.457e-06
[train] step=1200 loss=0.105780 lr=9.456e-06
[val] step=1200 val_loss=0.104433
INFO     [rank 0] Model weights for step 1200 saved in       dit_trainer.py:1288
         checkpoints/model_weights_step_01200.safetensors                       
INFO     [rank 0] Scalar embedding weights for step 1200     dit_trainer.py:1297
         saved                                                                  
INFO     [rank 0] Training state saved:                      dit_trainer.py:1416
         checkpoints/model_weights_step_01200.state.pt                          
INFO     [rank 0] New best checkpoint (step 1200,            dit_trainer.py:1320
         val_loss=0.104433):                                                    
         checkpoints/model_weights_best.safetensors                             
DEBUG    [rank 0] Removed old checkpoint:                    dit_trainer.py:1429
         /hppfs/scratch/0D/go76fuz2/windinet/outputs/shockwa                    
         ve_dit_sds_w0p01/checkpoints/model_weights_step_009                    
         60.safetensors                                                         
DEBUG    [rank 0] Removed old checkpoint:                    dit_trainer.py:1429
         /hppfs/scratch/0D/go76fuz2/windinet/outputs/shockwa                    
         ve_dit_sds_w0p01/checkpoints/scalar_embedding_step_                    
         00960.safetensors                                                      
DEBUG    [rank 0] Removed optimizer state for older kept     dit_trainer.py:1444
         checkpoint:                                                            
         /hppfs/scratch/0D/go76fuz2/windinet/outputs/shockwa                    
         ve_dit_sds_w0p01/checkpoints/model_weights_step_010                    
         80.state.pt                                                            
[epoch 10] step=1200 train_loss=0.109165 val_loss=0.104433
[train] step=1201 loss=0.088081 lr=9.456e-06
[train] step=1202 loss=0.107006 lr=9.455e-06
[train] step=1203 loss=0.105915 lr=9.454e-06
[train] step=1204 loss=0.098246 lr=9.453e-06
[train] step=1205 loss=0.077936 lr=9.452e-06
[train] step=1206 loss=0.107729 lr=9.451e-06
[train] step=1207 loss=0.070312 lr=9.450e-06
[train] step=1208 loss=0.108096 lr=9.449e-06
[train] step=1209 loss=0.081158 lr=9.448e-06
[train] step=1210 loss=0.073095 lr=9.448e-06
[train] step=1211 loss=0.075135 lr=9.447e-06
[train] step=1212 loss=0.095939 lr=9.446e-06
[train] step=1213 loss=0.172787 lr=9.445e-06
[train] step=1214 loss=0.108598 lr=9.444e-06
[train] step=1215 loss=0.090312 lr=9.443e-06
[train] step=1216 loss=0.116135 lr=9.442e-06
[train] step=1217 loss=0.059557 lr=9.441e-06
[train] step=1218 loss=0.134704 lr=9.440e-06
[train] step=1219 loss=0.099445 lr=9.439e-06
[train] step=1220 loss=0.175106 lr=9.439e-06
[train] step=1221 loss=0.089553 lr=9.438e-06
[train] step=1222 loss=0.101303 lr=9.437e-06
[train] step=1223 loss=0.123147 lr=9.436e-06
[train] step=1224 loss=0.082318 lr=9.435e-06
[train] step=1225 loss=0.114298 lr=9.434e-06
[train] step=1226 loss=0.105406 lr=9.433e-06
[train] step=1227 loss=0.075630 lr=9.432e-06
[train] step=1228 loss=0.084974 lr=9.431e-06
[train] step=1229 loss=0.134470 lr=9.430e-06
[train] step=1230 loss=0.090435 lr=9.429e-06
[train] step=1231 loss=0.089268 lr=9.429e-06
[train] step=1232 loss=0.105452 lr=9.428e-06
[train] step=1233 loss=0.107551 lr=9.427e-06
[train] step=1234 loss=0.053464 lr=9.426e-06
[train] step=1235 loss=0.096169 lr=9.425e-06
[train] step=1236 loss=0.113083 lr=9.424e-06
[train] step=1237 loss=0.119035 lr=9.423e-06
[train] step=1238 loss=0.071146 lr=9.422e-06
[train] step=1239 loss=0.107587 lr=9.421e-06
[train] step=1240 loss=0.106034 lr=9.420e-06
[train] step=1241 loss=0.126345 lr=9.419e-06
[train] step=1242 loss=0.139408 lr=9.418e-06
[train] step=1243 loss=0.083699 lr=9.418e-06
[train] step=1244 loss=0.139896 lr=9.417e-06
[train] step=1245 loss=0.077480 lr=9.416e-06
[train] step=1246 loss=0.071058 lr=9.415e-06
[train] step=1247 loss=0.059732 lr=9.414e-06
[train] step=1248 loss=0.067684 lr=9.413e-06
[train] step=1249 loss=0.129396 lr=9.412e-06
[train] step=1250 loss=0.132314 lr=9.411e-06
[train] step=1251 loss=0.064411 lr=9.410e-06
[train] step=1252 loss=0.094252 lr=9.409e-06
[train] step=1253 loss=0.103314 lr=9.408e-06
[train] step=1254 loss=0.155506 lr=9.407e-06
[train] step=1255 loss=0.104655 lr=9.406e-06
[train] step=1256 loss=0.098770 lr=9.406e-06
[train] step=1257 loss=0.101879 lr=9.405e-06
[train] step=1258 loss=0.055485 lr=9.404e-06
[train] step=1259 loss=0.076684 lr=9.403e-06
[train] step=1260 loss=0.100157 lr=9.402e-06
[train] step=1261 loss=0.141512 lr=9.401e-06
[train] step=1262 loss=0.071865 lr=9.400e-06
[train] step=1263 loss=0.085604 lr=9.399e-06
[train] step=1264 loss=0.065753 lr=9.398e-06
[train] step=1265 loss=0.082672 lr=9.397e-06
[train] step=1266 loss=0.099034 lr=9.396e-06
[train] step=1267 loss=0.095686 lr=9.395e-06
[train] step=1268 loss=0.068427 lr=9.394e-06
[train] step=1269 loss=0.178692 lr=9.393e-06
[train] step=1270 loss=0.092499 lr=9.393e-06
[train] step=1271 loss=0.063973 lr=9.392e-06
[train] step=1272 loss=0.098350 lr=9.391e-06
[train] step=1273 loss=0.130427 lr=9.390e-06
[train] step=1274 loss=0.067923 lr=9.389e-06
[train] step=1275 loss=0.113869 lr=9.388e-06
[train] step=1276 loss=0.093929 lr=9.387e-06
[train] step=1277 loss=0.082990 lr=9.386e-06
[train] step=1278 loss=0.110373 lr=9.385e-06
[train] step=1279 loss=0.047305 lr=9.384e-06
[train] step=1280 loss=0.152141 lr=9.383e-06
[train] step=1281 loss=0.108475 lr=9.382e-06
[train] step=1282 loss=0.101033 lr=9.381e-06
[train] step=1283 loss=0.139431 lr=9.380e-06
[train] step=1284 loss=0.149644 lr=9.379e-06
[train] step=1285 loss=0.102798 lr=9.378e-06
[train] step=1286 loss=0.100607 lr=9.377e-06
[train] step=1287 loss=0.166650 lr=9.376e-06
[train] step=1288 loss=0.107875 lr=9.376e-06
[train] step=1289 loss=0.055700 lr=9.375e-06
[train] step=1290 loss=0.057658 lr=9.374e-06
[train] step=1291 loss=0.090702 lr=9.373e-06
[train] step=1292 loss=0.226517 lr=9.372e-06
[train] step=1293 loss=0.104503 lr=9.371e-06
[train] step=1294 loss=0.123059 lr=9.370e-06
[train] step=1295 loss=0.141065 lr=9.369e-06
[train] step=1296 loss=0.085709 lr=9.368e-06
[train] step=1297 loss=0.069756 lr=9.367e-06
[train] step=1298 loss=0.081847 lr=9.366e-06
[train] step=1299 loss=0.067811 lr=9.365e-06
[train] step=1300 loss=0.133351 lr=9.364e-06
[train] step=1301 loss=0.073646 lr=9.363e-06
[train] step=1302 loss=0.137607 lr=9.362e-06
[train] step=1303 loss=0.162493 lr=9.361e-06
[train] step=1304 loss=0.071693 lr=9.360e-06
[train] step=1305 loss=0.066587 lr=9.359e-06
[train] step=1306 loss=0.107043 lr=9.358e-06
[train] step=1307 loss=0.145074 lr=9.357e-06
[train] step=1308 loss=0.105838 lr=9.356e-06
[train] step=1309 loss=0.054581 lr=9.355e-06
[train] step=1310 loss=0.062547 lr=9.354e-06
[train] step=1311 loss=0.063650 lr=9.353e-06
[train] step=1312 loss=0.140374 lr=9.353e-06
[train] step=1313 loss=0.069685 lr=9.352e-06
[train] step=1314 loss=0.096392 lr=9.351e-06
[train] step=1315 loss=0.098292 lr=9.350e-06
[train] step=1316 loss=0.118316 lr=9.349e-06
[train] step=1317 loss=0.045461 lr=9.348e-06
[train] step=1318 loss=0.070185 lr=9.347e-06
[train] step=1319 loss=0.095697 lr=9.346e-06
[train] step=1320 loss=0.145137 lr=9.345e-06
INFO     [rank 0] Model weights for step 1320 saved in       dit_trainer.py:1288
         checkpoints/model_weights_step_01320.safetensors                       
INFO     [rank 0] Scalar embedding weights for step 1320     dit_trainer.py:1297
         saved                                                                  
INFO     [rank 0] Training state saved:                      dit_trainer.py:1416
         checkpoints/model_weights_step_01320.state.pt                          
DEBUG    [rank 0] Removed old checkpoint:                    dit_trainer.py:1429
         /hppfs/scratch/0D/go76fuz2/windinet/outputs/shockwa                    
         ve_dit_sds_w0p01/checkpoints/model_weights_step_010                    
         80.safetensors                                                         
DEBUG    [rank 0] Removed old checkpoint:                    dit_trainer.py:1429
         /hppfs/scratch/0D/go76fuz2/windinet/outputs/shockwa                    
         ve_dit_sds_w0p01/checkpoints/scalar_embedding_step_                    
         01080.safetensors                                                      
DEBUG    [rank 0] Removed optimizer state for older kept     dit_trainer.py:1444
         checkpoint:                                                            
         /hppfs/scratch/0D/go76fuz2/windinet/outputs/shockwa                    
         ve_dit_sds_w0p01/checkpoints/model_weights_step_012                    
         00.state.pt                                                            
[epoch 11] step=1320 train_loss=0.100382
[train] step=1321 loss=0.109822 lr=9.344e-06
[train] step=1322 loss=0.086703 lr=9.343e-06
[train] step=1323 loss=0.113563 lr=9.342e-06
[train] step=1324 loss=0.084844 lr=9.341e-06
[train] step=1325 loss=0.073122 lr=9.340e-06
[train] step=1326 loss=0.092089 lr=9.339e-06
[train] step=1327 loss=0.104185 lr=9.338e-06
[train] step=1328 loss=0.131459 lr=9.337e-06
[train] step=1329 loss=0.058364 lr=9.336e-06
[train] step=1330 loss=0.093069 lr=9.335e-06
[train] step=1331 loss=0.091246 lr=9.334e-06
[train] step=1332 loss=0.108847 lr=9.333e-06
[train] step=1333 loss=0.091263 lr=9.332e-06
[train] step=1334 loss=0.111737 lr=9.331e-06
[train] step=1335 loss=0.079445 lr=9.330e-06
[train] step=1336 loss=0.119554 lr=9.329e-06
[train] step=1337 loss=0.083397 lr=9.328e-06
[train] step=1338 loss=0.074900 lr=9.327e-06
[train] step=1339 loss=0.073884 lr=9.326e-06
[train] step=1340 loss=0.186228 lr=9.325e-06
[train] step=1341 loss=0.109713 lr=9.324e-06
[train] step=1342 loss=0.112831 lr=9.323e-06
[train] step=1343 loss=0.080588 lr=9.322e-06
[train] step=1344 loss=0.067211 lr=9.321e-06
[train] step=1345 loss=0.104262 lr=9.320e-06
[train] step=1346 loss=0.109664 lr=9.319e-06
[train] step=1347 loss=0.099016 lr=9.318e-06
[train] step=1348 loss=0.099889 lr=9.317e-06
[train] step=1349 loss=0.124409 lr=9.316e-06
[train] step=1350 loss=0.090238 lr=9.315e-06
[train] step=1351 loss=0.127883 lr=9.314e-06
[train] step=1352 loss=0.164882 lr=9.313e-06
[train] step=1353 loss=0.090549 lr=9.312e-06
[train] step=1354 loss=0.083572 lr=9.311e-06
[train] step=1355 loss=0.077259 lr=9.310e-06
[train] step=1356 loss=0.097485 lr=9.309e-06
[train] step=1357 loss=0.077384 lr=9.308e-06
[train] step=1358 loss=0.061060 lr=9.307e-06
[train] step=1359 loss=0.110428 lr=9.306e-06
[train] step=1360 loss=0.078234 lr=9.305e-06
[train] step=1361 loss=0.075036 lr=9.304e-06
[train] step=1362 loss=0.113540 lr=9.303e-06
[train] step=1363 loss=0.083988 lr=9.302e-06
[train] step=1364 loss=0.070693 lr=9.301e-06
[train] step=1365 loss=0.092702 lr=9.300e-06
[train] step=1366 loss=0.181229 lr=9.299e-06
[train] step=1367 loss=0.107542 lr=9.298e-06
[train] step=1368 loss=0.064859 lr=9.297e-06
[train] step=1369 loss=0.132208 lr=9.296e-06
[train] step=1370 loss=0.089742 lr=9.295e-06
[train] step=1371 loss=0.178850 lr=9.294e-06
[train] step=1372 loss=0.141819 lr=9.293e-06
[train] step=1373 loss=0.084265 lr=9.292e-06
[train] step=1374 loss=0.111314 lr=9.291e-06
[train] step=1375 loss=0.098374 lr=9.290e-06
[train] step=1376 loss=0.081394 lr=9.289e-06
[train] step=1377 loss=0.087166 lr=9.288e-06
[train] step=1378 loss=0.135448 lr=9.287e-06
[train] step=1379 loss=0.088561 lr=9.286e-06
[train] step=1380 loss=0.101072 lr=9.285e-06
[train] step=1381 loss=0.069143 lr=9.284e-06
[train] step=1382 loss=0.088268 lr=9.283e-06
[train] step=1383 loss=0.148727 lr=9.282e-06
[train] step=1384 loss=0.274430 lr=9.281e-06
[train] step=1385 loss=0.088102 lr=9.280e-06
[train] step=1386 loss=0.123114 lr=9.279e-06
[train] step=1387 loss=0.125374 lr=9.278e-06
[train] step=1388 loss=0.091983 lr=9.277e-06
[train] step=1389 loss=0.067711 lr=9.276e-06
[train] step=1390 loss=0.074244 lr=9.275e-06
[train] step=1391 loss=0.085647 lr=9.274e-06
[train] step=1392 loss=0.103348 lr=9.273e-06
[train] step=1393 loss=0.121734 lr=9.272e-06
[train] step=1394 loss=0.110156 lr=9.271e-06
[train] step=1395 loss=0.058108 lr=9.270e-06
[train] step=1396 loss=0.227868 lr=9.269e-06
[train] step=1397 loss=0.105872 lr=9.268e-06
[train] step=1398 loss=0.090546 lr=9.267e-06
[train] step=1399 loss=0.066996 lr=9.266e-06
[train] step=1400 loss=0.124530 lr=9.265e-06
[train] step=1401 loss=0.122430 lr=9.264e-06
[train] step=1402 loss=0.077284 lr=9.263e-06
[train] step=1403 loss=0.085910 lr=9.262e-06
[train] step=1404 loss=0.183795 lr=9.261e-06
[train] step=1405 loss=0.074171 lr=9.260e-06
[train] step=1406 loss=0.084360 lr=9.259e-06
[train] step=1407 loss=0.132926 lr=9.258e-06
[train] step=1408 loss=0.105033 lr=9.257e-06
[train] step=1409 loss=0.083580 lr=9.256e-06
[train] step=1410 loss=0.068275 lr=9.255e-06
[train] step=1411 loss=0.078621 lr=9.254e-06
[train] step=1412 loss=0.097184 lr=9.253e-06
[train] step=1413 loss=0.104763 lr=9.252e-06
[train] step=1414 loss=0.160391 lr=9.251e-06
[train] step=1415 loss=0.044562 lr=9.250e-06
[train] step=1416 loss=0.118273 lr=9.248e-06
[train] step=1417 loss=0.057676 lr=9.247e-06
[train] step=1418 loss=0.093045 lr=9.246e-06
[train] step=1419 loss=0.238543 lr=9.245e-06
[train] step=1420 loss=0.116285 lr=9.244e-06
[train] step=1421 loss=0.082515 lr=9.243e-06
[train] step=1422 loss=0.088697 lr=9.242e-06
[train] step=1423 loss=0.077696 lr=9.241e-06
[train] step=1424 loss=0.081747 lr=9.240e-06
[train] step=1425 loss=0.090611 lr=9.239e-06
[train] step=1426 loss=0.103276 lr=9.238e-06
[train] step=1427 loss=0.078583 lr=9.237e-06
[train] step=1428 loss=0.135524 lr=9.236e-06
[train] step=1429 loss=0.086618 lr=9.235e-06
[train] step=1430 loss=0.080408 lr=9.234e-06
[train] step=1431 loss=0.096179 lr=9.233e-06
[train] step=1432 loss=0.098125 lr=9.232e-06
[train] step=1433 loss=0.086175 lr=9.231e-06
[train] step=1434 loss=0.067909 lr=9.230e-06
[train] step=1435 loss=0.120804 lr=9.229e-06
[train] step=1436 loss=0.070434 lr=9.228e-06
[train] step=1437 loss=0.081902 lr=9.227e-06
[train] step=1438 loss=0.167912 lr=9.226e-06
[train] step=1439 loss=0.110006 lr=9.225e-06
[train] step=1440 loss=0.095789 lr=9.223e-06
INFO     [rank 0] Model weights for step 1440 saved in       dit_trainer.py:1288
         checkpoints/model_weights_step_01440.safetensors                       
INFO     [rank 0] Scalar embedding weights for step 1440     dit_trainer.py:1297
         saved                                                                  
INFO     [rank 0] Training state saved:                      dit_trainer.py:1416
         checkpoints/model_weights_step_01440.state.pt                          
DEBUG    [rank 0] Removed old checkpoint:                    dit_trainer.py:1429
         /hppfs/scratch/0D/go76fuz2/windinet/outputs/shockwa                    
         ve_dit_sds_w0p01/checkpoints/model_weights_step_012                    
         00.safetensors                                                         
DEBUG    [rank 0] Removed old checkpoint:                    dit_trainer.py:1429
         /hppfs/scratch/0D/go76fuz2/windinet/outputs/shockwa                    
         ve_dit_sds_w0p01/checkpoints/scalar_embedding_step_                    
         01200.safetensors                                                      
DEBUG    [rank 0] Removed optimizer state for older kept     dit_trainer.py:1444
         checkpoint:                                                            
         /hppfs/scratch/0D/go76fuz2/windinet/outputs/shockwa                    
         ve_dit_sds_w0p01/checkpoints/model_weights_step_013                    
         20.state.pt                                                            
[epoch 12] step=1440 train_loss=0.103145
[train] step=1441 loss=0.097139 lr=9.222e-06
[train] step=1442 loss=0.099241 lr=9.221e-06
[train] step=1443 loss=0.085288 lr=9.220e-06
[train] step=1444 loss=0.125822 lr=9.219e-06
[train] step=1445 loss=0.092165 lr=9.218e-06
[train] step=1446 loss=0.100196 lr=9.217e-06
[train] step=1447 loss=0.068411 lr=9.216e-06
[train] step=1448 loss=0.041836 lr=9.215e-06
[train] step=1449 loss=0.108807 lr=9.214e-06
[train] step=1450 loss=0.111180 lr=9.213e-06
[train] step=1451 loss=0.085950 lr=9.212e-06
[train] step=1452 loss=0.139377 lr=9.211e-06
[train] step=1453 loss=0.068732 lr=9.210e-06
[train] step=1454 loss=0.084262 lr=9.209e-06
[train] step=1455 loss=0.120842 lr=9.208e-06
[train] step=1456 loss=0.096024 lr=9.207e-06
[train] step=1457 loss=0.102506 lr=9.206e-06
[train] step=1458 loss=0.091585 lr=9.204e-06
[train] step=1459 loss=0.128680 lr=9.203e-06
[train] step=1460 loss=0.105950 lr=9.202e-06
[train] step=1461 loss=0.077097 lr=9.201e-06
[train] step=1462 loss=0.104807 lr=9.200e-06
[train] step=1463 loss=0.104862 lr=9.199e-06
[train] step=1464 loss=0.078119 lr=9.198e-06
[train] step=1465 loss=0.104818 lr=9.197e-06
[train] step=1466 loss=0.210683 lr=9.196e-06
[train] step=1467 loss=0.081916 lr=9.195e-06
[train] step=1468 loss=0.073557 lr=9.194e-06
[train] step=1469 loss=0.056784 lr=9.193e-06
[train] step=1470 loss=0.125731 lr=9.192e-06
[train] step=1471 loss=0.082586 lr=9.191e-06
[train] step=1472 loss=0.055589 lr=9.190e-06
[train] step=1473 loss=0.087510 lr=9.188e-06
[train] step=1474 loss=0.097517 lr=9.187e-06
[train] step=1475 loss=0.121596 lr=9.186e-06
[train] step=1476 loss=0.119860 lr=9.185e-06
[train] step=1477 loss=0.142592 lr=9.184e-06
[train] step=1478 loss=0.101040 lr=9.183e-06
[train] step=1479 loss=0.066510 lr=9.182e-06
[train] step=1480 loss=0.111245 lr=9.181e-06
[train] step=1481 loss=0.087911 lr=9.180e-06
[train] step=1482 loss=0.089854 lr=9.179e-06
[train] step=1483 loss=0.085003 lr=9.178e-06
[train] step=1484 loss=0.098357 lr=9.177e-06
[train] step=1485 loss=0.091695 lr=9.176e-06
[train] step=1486 loss=0.088698 lr=9.174e-06
[train] step=1487 loss=0.107748 lr=9.173e-06
[train] step=1488 loss=0.156101 lr=9.172e-06
[train] step=1489 loss=0.129621 lr=9.171e-06
[train] step=1490 loss=0.063993 lr=9.170e-06
[train] step=1491 loss=0.100983 lr=9.169e-06
[train] step=1492 loss=0.149695 lr=9.168e-06
[train] step=1493 loss=0.111894 lr=9.167e-06
[train] step=1494 loss=0.096557 lr=9.166e-06
[train] step=1495 loss=0.062624 lr=9.165e-06
[train] step=1496 loss=0.071032 lr=9.164e-06
[train] step=1497 loss=0.085403 lr=9.163e-06
[train] step=1498 loss=0.114536 lr=9.161e-06
[train] step=1499 loss=0.084443 lr=9.160e-06
[train] step=1500 loss=0.064932 lr=9.159e-06
[train] step=1501 loss=0.078677 lr=9.158e-06
[train] step=1502 loss=0.092165 lr=9.157e-06
[train] step=1503 loss=0.320317 lr=9.156e-06
[train] step=1504 loss=0.131919 lr=9.155e-06
[train] step=1505 loss=0.058840 lr=9.154e-06
[train] step=1506 loss=0.085436 lr=9.153e-06
[train] step=1507 loss=0.079488 lr=9.152e-06
[train] step=1508 loss=0.246593 lr=9.151e-06
[train] step=1509 loss=0.096818 lr=9.149e-06
[train] step=1510 loss=0.121951 lr=9.148e-06
[train] step=1511 loss=0.076979 lr=9.147e-06
[train] step=1512 loss=0.042411 lr=9.146e-06
[train] step=1513 loss=0.077679 lr=9.145e-06
[train] step=1514 loss=0.090853 lr=9.144e-06
[train] step=1515 loss=0.081669 lr=9.143e-06
[train] step=1516 loss=0.128630 lr=9.142e-06
[train] step=1517 loss=0.092343 lr=9.141e-06
[train] step=1518 loss=0.087093 lr=9.140e-06
[train] step=1519 loss=0.061998 lr=9.138e-06
[train] step=1520 loss=0.099446 lr=9.137e-06
[train] step=1521 loss=0.164421 lr=9.136e-06
[train] step=1522 loss=0.108078 lr=9.135e-06
[train] step=1523 loss=0.071529 lr=9.134e-06
[train] step=1524 loss=0.093411 lr=9.133e-06
[train] step=1525 loss=0.080417 lr=9.132e-06
[train] step=1526 loss=0.063389 lr=9.131e-06
[train] step=1527 loss=0.093291 lr=9.130e-06
[train] step=1528 loss=0.108771 lr=9.129e-06
[train] step=1529 loss=0.088805 lr=9.127e-06
[train] step=1530 loss=0.123049 lr=9.126e-06
[train] step=1531 loss=0.081626 lr=9.125e-06
[train] step=1532 loss=0.095662 lr=9.124e-06
[train] step=1533 loss=0.098869 lr=9.123e-06
[train] step=1534 loss=0.077651 lr=9.122e-06
[train] step=1535 loss=0.102460 lr=9.121e-06
[train] step=1536 loss=0.057075 lr=9.120e-06
[train] step=1537 loss=0.124770 lr=9.119e-06
[train] step=1538 loss=0.054417 lr=9.117e-06
[train] step=1539 loss=0.058270 lr=9.116e-06
[train] step=1540 loss=0.070824 lr=9.115e-06
[train] step=1541 loss=0.095491 lr=9.114e-06
[train] step=1542 loss=0.077695 lr=9.113e-06
[train] step=1543 loss=0.122316 lr=9.112e-06
[train] step=1544 loss=0.056263 lr=9.111e-06
[train] step=1545 loss=0.126948 lr=9.110e-06
[train] step=1546 loss=0.073985 lr=9.109e-06
[train] step=1547 loss=0.086589 lr=9.107e-06
[train] step=1548 loss=0.074255 lr=9.106e-06
[train] step=1549 loss=0.083408 lr=9.105e-06
[train] step=1550 loss=0.080547 lr=9.104e-06
[train] step=1551 loss=0.095589 lr=9.103e-06
[train] step=1552 loss=0.128177 lr=9.102e-06
[train] step=1553 loss=0.144798 lr=9.101e-06
[train] step=1554 loss=0.098859 lr=9.100e-06
[train] step=1555 loss=0.103731 lr=9.098e-06
[train] step=1556 loss=0.097123 lr=9.097e-06
[train] step=1557 loss=0.096264 lr=9.096e-06
[train] step=1558 loss=0.106971 lr=9.095e-06
[train] step=1559 loss=0.105484 lr=9.094e-06
[train] step=1560 loss=0.098481 lr=9.093e-06
INFO     [rank 0] Model weights for step 1560 saved in       dit_trainer.py:1288
         checkpoints/model_weights_step_01560.safetensors                       
INFO     [rank 0] Scalar embedding weights for step 1560     dit_trainer.py:1297
         saved                                                                  
INFO     [rank 0] Training state saved:                      dit_trainer.py:1416
         checkpoints/model_weights_step_01560.state.pt                          
DEBUG    [rank 0] Removed old checkpoint:                    dit_trainer.py:1429
         /hppfs/scratch/0D/go76fuz2/windinet/outputs/shockwa                    
         ve_dit_sds_w0p01/checkpoints/model_weights_step_013                    
         20.safetensors                                                         
DEBUG    [rank 0] Removed old checkpoint:                    dit_trainer.py:1429
         /hppfs/scratch/0D/go76fuz2/windinet/outputs/shockwa                    
         ve_dit_sds_w0p01/checkpoints/scalar_embedding_step_                    
         01320.safetensors                                                      
DEBUG    [rank 0] Removed optimizer state for older kept     dit_trainer.py:1444
         checkpoint:                                                            
         /hppfs/scratch/0D/go76fuz2/windinet/outputs/shockwa                    
         ve_dit_sds_w0p01/checkpoints/model_weights_step_014                    
         40.state.pt                                                            
[epoch 13] step=1560 train_loss=0.098482
[train] step=1561 loss=0.124906 lr=9.092e-06
[train] step=1562 loss=0.096262 lr=9.091e-06
[train] step=1563 loss=0.094453 lr=9.089e-06
[train] step=1564 loss=0.132223 lr=9.088e-06
[train] step=1565 loss=0.091034 lr=9.087e-06
[train] step=1566 loss=0.068908 lr=9.086e-06
[train] step=1567 loss=0.113105 lr=9.085e-06
[train] step=1568 loss=0.167567 lr=9.084e-06
[train] step=1569 loss=0.076125 lr=9.083e-06
[train] step=1570 loss=0.076697 lr=9.081e-06
[train] step=1571 loss=0.097623 lr=9.080e-06
[train] step=1572 loss=0.061464 lr=9.079e-06
[train] step=1573 loss=0.059628 lr=9.078e-06
[train] step=1574 loss=0.096248 lr=9.077e-06
[train] step=1575 loss=0.105916 lr=9.076e-06
[train] step=1576 loss=0.083586 lr=9.075e-06
[train] step=1577 loss=0.076320 lr=9.074e-06
[train] step=1578 loss=0.107486 lr=9.072e-06
[train] step=1579 loss=0.074025 lr=9.071e-06
[train] step=1580 loss=0.067204 lr=9.070e-06
[train] step=1581 loss=0.118719 lr=9.069e-06
[train] step=1582 loss=0.120867 lr=9.068e-06
[train] step=1583 loss=0.084236 lr=9.067e-06
[train] step=1584 loss=0.156914 lr=9.066e-06
[train] step=1585 loss=0.071886 lr=9.064e-06
[train] step=1586 loss=0.115780 lr=9.063e-06
[train] step=1587 loss=0.121554 lr=9.062e-06
[train] step=1588 loss=0.078432 lr=9.061e-06
[train] step=1589 loss=0.063091 lr=9.060e-06
[train] step=1590 loss=0.181507 lr=9.059e-06
[train] step=1591 loss=0.210737 lr=9.058e-06
[train] step=1592 loss=0.094503 lr=9.056e-06
[train] step=1593 loss=0.085308 lr=9.055e-06
[train] step=1594 loss=0.124700 lr=9.054e-06
[train] step=1595 loss=0.060207 lr=9.053e-06
[train] step=1596 loss=0.119207 lr=9.052e-06
[train] step=1597 loss=0.067093 lr=9.051e-06
[train] step=1598 loss=0.070869 lr=9.049e-06
[train] step=1599 loss=0.085457 lr=9.048e-06
[train] step=1600 loss=0.099579 lr=9.047e-06
[train] step=1601 loss=0.149597 lr=9.046e-06
[train] step=1602 loss=0.139235 lr=9.045e-06
[train] step=1603 loss=0.120719 lr=9.044e-06
[train] step=1604 loss=0.214616 lr=9.043e-06
[train] step=1605 loss=0.164461 lr=9.041e-06
[train] step=1606 loss=0.100713 lr=9.040e-06
[train] step=1607 loss=0.162042 lr=9.039e-06
[train] step=1608 loss=0.123361 lr=9.038e-06
[train] step=1609 loss=0.098667 lr=9.037e-06
[train] step=1610 loss=0.096114 lr=9.036e-06
[train] step=1611 loss=0.075997 lr=9.034e-06
[train] step=1612 loss=0.100498 lr=9.033e-06
[train] step=1613 loss=0.095062 lr=9.032e-06
[train] step=1614 loss=0.077721 lr=9.031e-06
[train] step=1615 loss=0.134605 lr=9.030e-06
[train] step=1616 loss=0.091921 lr=9.029e-06
[train] step=1617 loss=0.072052 lr=9.028e-06
[train] step=1618 loss=0.063901 lr=9.026e-06
[train] step=1619 loss=0.077114 lr=9.025e-06
[train] step=1620 loss=0.095514 lr=9.024e-06
[train] step=1621 loss=0.086432 lr=9.023e-06
[train] step=1622 loss=0.089690 lr=9.022e-06
[train] step=1623 loss=0.096465 lr=9.021e-06
[train] step=1624 loss=0.076406 lr=9.019e-06
[train] step=1625 loss=0.251193 lr=9.018e-06
[train] step=1626 loss=0.106843 lr=9.017e-06
[train] step=1627 loss=0.068108 lr=9.016e-06
[train] step=1628 loss=0.072032 lr=9.015e-06
[train] step=1629 loss=0.097542 lr=9.014e-06
[train] step=1630 loss=0.088695 lr=9.012e-06
[train] step=1631 loss=0.117330 lr=9.011e-06
[train] step=1632 loss=0.120214 lr=9.010e-06
[train] step=1633 loss=0.082321 lr=9.009e-06
[train] step=1634 loss=0.085155 lr=9.008e-06
[train] step=1635 loss=0.182763 lr=9.006e-06
[train] step=1636 loss=0.096009 lr=9.005e-06
[train] step=1637 loss=0.052384 lr=9.004e-06
[train] step=1638 loss=0.092276 lr=9.003e-06
[train] step=1639 loss=0.112955 lr=9.002e-06
[train] step=1640 loss=0.058874 lr=9.001e-06
[train] step=1641 loss=0.089744 lr=8.999e-06
[train] step=1642 loss=0.079840 lr=8.998e-06
[train] step=1643 loss=0.072384 lr=8.997e-06
[train] step=1644 loss=0.111338 lr=8.996e-06
[train] step=1645 loss=0.064736 lr=8.995e-06
[train] step=1646 loss=0.094363 lr=8.994e-06
[train] step=1647 loss=0.108039 lr=8.992e-06
[train] step=1648 loss=0.091459 lr=8.991e-06
[train] step=1649 loss=0.073743 lr=8.990e-06
[train] step=1650 loss=0.076100 lr=8.989e-06
[train] step=1651 loss=0.111320 lr=8.988e-06
[train] step=1652 loss=0.104428 lr=8.986e-06
[train] step=1653 loss=0.132337 lr=8.985e-06
[train] step=1654 loss=0.056893 lr=8.984e-06
[train] step=1655 loss=0.054558 lr=8.983e-06
[train] step=1656 loss=0.053925 lr=8.982e-06
[train] step=1657 loss=0.129527 lr=8.981e-06
[train] step=1658 loss=0.083975 lr=8.979e-06
[train] step=1659 loss=0.075231 lr=8.978e-06
[train] step=1660 loss=0.056783 lr=8.977e-06
[train] step=1661 loss=0.078466 lr=8.976e-06
[train] step=1662 loss=0.112845 lr=8.975e-06
[train] step=1663 loss=0.081642 lr=8.973e-06
[train] step=1664 loss=0.091142 lr=8.972e-06
[train] step=1665 loss=0.076164 lr=8.971e-06
[train] step=1666 loss=0.099396 lr=8.970e-06
[train] step=1667 loss=0.101087 lr=8.969e-06
[train] step=1668 loss=0.091414 lr=8.967e-06
[train] step=1669 loss=0.079998 lr=8.966e-06
[train] step=1670 loss=0.093451 lr=8.965e-06
[train] step=1671 loss=0.086441 lr=8.964e-06
[train] step=1672 loss=0.105406 lr=8.963e-06
[train] step=1673 loss=0.156466 lr=8.961e-06
[train] step=1674 loss=0.200878 lr=8.960e-06
[train] step=1675 loss=0.074436 lr=8.959e-06
[train] step=1676 loss=0.094255 lr=8.958e-06
[train] step=1677 loss=0.065871 lr=8.957e-06
[train] step=1678 loss=0.101359 lr=8.955e-06
[train] step=1679 loss=0.152114 lr=8.954e-06
[train] step=1680 loss=0.054831 lr=8.953e-06
INFO     [rank 0] Model weights for step 1680 saved in       dit_trainer.py:1288
         checkpoints/model_weights_step_01680.safetensors                       
INFO     [rank 0] Scalar embedding weights for step 1680     dit_trainer.py:1297
         saved                                                                  
INFO     [rank 0] Training state saved:                      dit_trainer.py:1416
         checkpoints/model_weights_step_01680.state.pt                          
DEBUG    [rank 0] Removed old checkpoint:                    dit_trainer.py:1429
         /hppfs/scratch/0D/go76fuz2/windinet/outputs/shockwa                    
         ve_dit_sds_w0p01/checkpoints/model_weights_step_014                    
         40.safetensors                                                         
DEBUG    [rank 0] Removed old checkpoint:                    dit_trainer.py:1429
         /hppfs/scratch/0D/go76fuz2/windinet/outputs/shockwa                    
         ve_dit_sds_w0p01/checkpoints/scalar_embedding_step_                    
         01440.safetensors                                                      
DEBUG    [rank 0] Removed optimizer state for older kept     dit_trainer.py:1444
         checkpoint:                                                            
         /hppfs/scratch/0D/go76fuz2/windinet/outputs/shockwa                    
         ve_dit_sds_w0p01/checkpoints/model_weights_step_015                    
         60.state.pt                                                            
[epoch 14] step=1680 train_loss=0.100426
[train] step=1681 loss=0.097002 lr=8.952e-06
[train] step=1682 loss=0.086894 lr=8.951e-06
[train] step=1683 loss=0.081110 lr=8.949e-06
[train] step=1684 loss=0.052364 lr=8.948e-06
[train] step=1685 loss=0.114718 lr=8.947e-06
[train] step=1686 loss=0.067559 lr=8.946e-06
[train] step=1687 loss=0.094939 lr=8.945e-06
[train] step=1688 loss=0.058233 lr=8.943e-06
[train] step=1689 loss=0.139593 lr=8.942e-06
[train] step=1690 loss=0.088233 lr=8.941e-06
[train] step=1691 loss=0.108278 lr=8.940e-06
[train] step=1692 loss=0.083419 lr=8.939e-06
[train] step=1693 loss=0.157004 lr=8.937e-06
[train] step=1694 loss=0.047125 lr=8.936e-06
[train] step=1695 loss=0.041889 lr=8.935e-06
[train] step=1696 loss=0.101583 lr=8.934e-06
[train] step=1697 loss=0.090004 lr=8.933e-06
[train] step=1698 loss=0.076680 lr=8.931e-06
[train] step=1699 loss=0.128908 lr=8.930e-06
[train] step=1700 loss=0.109357 lr=8.929e-06
[train] step=1701 loss=0.102523 lr=8.928e-06
[train] step=1702 loss=0.104765 lr=8.926e-06
[train] step=1703 loss=0.061496 lr=8.925e-06
[train] step=1704 loss=0.088759 lr=8.924e-06
[train] step=1705 loss=0.131530 lr=8.923e-06
[train] step=1706 loss=0.080051 lr=8.922e-06
[train] step=1707 loss=0.032363 lr=8.920e-06
[train] step=1708 loss=0.097448 lr=8.919e-06
[train] step=1709 loss=0.051390 lr=8.918e-06
[train] step=1710 loss=0.065009 lr=8.917e-06
[train] step=1711 loss=0.107068 lr=8.915e-06
[train] step=1712 loss=0.076178 lr=8.914e-06
[train] step=1713 loss=0.114130 lr=8.913e-06
[train] step=1714 loss=0.102538 lr=8.912e-06
[train] step=1715 loss=0.123956 lr=8.911e-06
[train] step=1716 loss=0.092669 lr=8.909e-06
[train] step=1717 loss=0.118255 lr=8.908e-06
[train] step=1718 loss=0.083870 lr=8.907e-06
[train] step=1719 loss=0.061443 lr=8.906e-06
[train] step=1720 loss=0.099091 lr=8.904e-06
[train] step=1721 loss=0.122009 lr=8.903e-06
[train] step=1722 loss=0.087918 lr=8.902e-06
[train] step=1723 loss=0.056906 lr=8.901e-06
[train] step=1724 loss=0.107453 lr=8.900e-06
[train] step=1725 loss=0.137872 lr=8.898e-06
[train] step=1726 loss=0.088129 lr=8.897e-06
[train] step=1727 loss=0.113514 lr=8.896e-06
[train] step=1728 loss=0.097648 lr=8.895e-06
[train] step=1729 loss=0.055919 lr=8.893e-06
[train] step=1730 loss=0.067609 lr=8.892e-06
[train] step=1731 loss=0.145249 lr=8.891e-06
[train] step=1732 loss=0.180149 lr=8.890e-06
[train] step=1733 loss=0.157936 lr=8.888e-06
[train] step=1734 loss=0.105589 lr=8.887e-06
[train] step=1735 loss=0.091576 lr=8.886e-06
[train] step=1736 loss=0.109625 lr=8.885e-06
[train] step=1737 loss=0.068902 lr=8.884e-06
[train] step=1738 loss=0.107349 lr=8.882e-06
[train] step=1739 loss=0.095367 lr=8.881e-06
[train] step=1740 loss=0.083534 lr=8.880e-06
[train] step=1741 loss=0.120978 lr=8.879e-06
[train] step=1742 loss=0.155130 lr=8.877e-06
[train] step=1743 loss=0.134246 lr=8.876e-06
[train] step=1744 loss=0.048310 lr=8.875e-06
[train] step=1745 loss=0.068647 lr=8.874e-06
[train] step=1746 loss=0.084312 lr=8.872e-06
[train] step=1747 loss=0.097873 lr=8.871e-06
[train] step=1748 loss=0.054510 lr=8.870e-06
[train] step=1749 loss=0.113745 lr=8.869e-06
[train] step=1750 loss=0.132576 lr=8.867e-06
[train] step=1751 loss=0.081921 lr=8.866e-06
[train] step=1752 loss=0.116051 lr=8.865e-06
[train] step=1753 loss=0.112950 lr=8.864e-06
[train] step=1754 loss=0.095160 lr=8.862e-06
[train] step=1755 loss=0.060512 lr=8.861e-06
[train] step=1756 loss=0.066814 lr=8.860e-06
[train] step=1757 loss=0.077243 lr=8.859e-06
[train] step=1758 loss=0.053231 lr=8.857e-06
[train] step=1759 loss=0.085748 lr=8.856e-06
[train] step=1760 loss=0.072180 lr=8.855e-06
[train] step=1761 loss=0.098574 lr=8.854e-06
[train] step=1762 loss=0.132222 lr=8.852e-06
[train] step=1763 loss=0.102986 lr=8.851e-06
[train] step=1764 loss=0.074989 lr=8.850e-06
[train] step=1765 loss=0.103250 lr=8.849e-06
[train] step=1766 loss=0.047495 lr=8.847e-06
[train] step=1767 loss=0.091562 lr=8.846e-06
[train] step=1768 loss=0.089346 lr=8.845e-06
[train] step=1769 loss=0.103038 lr=8.844e-06
[train] step=1770 loss=0.082988 lr=8.842e-06
[train] step=1771 loss=0.154435 lr=8.841e-06
[train] step=1772 loss=0.080619 lr=8.840e-06
[train] step=1773 loss=0.195301 lr=8.839e-06
[train] step=1774 loss=0.112790 lr=8.837e-06
[train] step=1775 loss=0.097334 lr=8.836e-06
[train] step=1776 loss=0.138141 lr=8.835e-06
[train] step=1777 loss=0.130039 lr=8.834e-06
[train] step=1778 loss=0.096561 lr=8.832e-06
[train] step=1779 loss=0.114800 lr=8.831e-06
[train] step=1780 loss=0.080742 lr=8.830e-06
[train] step=1781 loss=0.087010 lr=8.829e-06
[train] step=1782 loss=0.054555 lr=8.827e-06
[train] step=1783 loss=0.061715 lr=8.826e-06
[train] step=1784 loss=0.082311 lr=8.825e-06
[train] step=1785 loss=0.141731 lr=8.824e-06
[train] step=1786 loss=0.139570 lr=8.822e-06
[train] step=1787 loss=0.070112 lr=8.821e-06
[train] step=1788 loss=0.069146 lr=8.820e-06
[train] step=1789 loss=0.065886 lr=8.818e-06
[train] step=1790 loss=0.063819 lr=8.817e-06
[train] step=1791 loss=0.079407 lr=8.816e-06
[train] step=1792 loss=0.138011 lr=8.815e-06
[train] step=1793 loss=0.041863 lr=8.813e-06
[train] step=1794 loss=0.098602 lr=8.812e-06
[train] step=1795 loss=0.084679 lr=8.811e-06
[train] step=1796 loss=0.082339 lr=8.810e-06
[train] step=1797 loss=0.080623 lr=8.808e-06
[train] step=1798 loss=0.121577 lr=8.807e-06
[train] step=1799 loss=0.129819 lr=8.806e-06
[train] step=1800 loss=0.068916 lr=8.805e-06
[val] step=1800 val_loss=0.096062
INFO     [rank 0] Model weights for step 1800 saved in       dit_trainer.py:1288
         checkpoints/model_weights_step_01800.safetensors                       
INFO     [rank 0] Scalar embedding weights for step 1800     dit_trainer.py:1297
         saved                                                                  
INFO     [rank 0] Training state saved:                      dit_trainer.py:1416
         checkpoints/model_weights_step_01800.state.pt                          
INFO     [rank 0] New best checkpoint (step 1800,            dit_trainer.py:1320
         val_loss=0.096062):                                                    
         checkpoints/model_weights_best.safetensors                             
DEBUG    [rank 0] Removed old checkpoint:                    dit_trainer.py:1429
         /hppfs/scratch/0D/go76fuz2/windinet/outputs/shockwa                    
         ve_dit_sds_w0p01/checkpoints/model_weights_step_015                    
         60.safetensors                                                         
DEBUG    [rank 0] Removed old checkpoint:                    dit_trainer.py:1429
         /hppfs/scratch/0D/go76fuz2/windinet/outputs/shockwa                    
         ve_dit_sds_w0p01/checkpoints/scalar_embedding_step_                    
         01560.safetensors                                                      
DEBUG    [rank 0] Removed optimizer state for older kept     dit_trainer.py:1444
         checkpoint:                                                            
         /hppfs/scratch/0D/go76fuz2/windinet/outputs/shockwa                    
         ve_dit_sds_w0p01/checkpoints/model_weights_step_016                    
         80.state.pt                                                            
[epoch 15] step=1800 train_loss=0.095055 val_loss=0.096062
[train] step=1801 loss=0.055074 lr=8.803e-06
[train] step=1802 loss=0.089143 lr=8.802e-06
[train] step=1803 loss=0.085368 lr=8.801e-06
[train] step=1804 loss=0.122484 lr=8.799e-06
[train] step=1805 loss=0.064674 lr=8.798e-06
[train] step=1806 loss=0.255494 lr=8.797e-06
[train] step=1807 loss=0.076517 lr=8.796e-06
[train] step=1808 loss=0.085987 lr=8.794e-06
[train] step=1809 loss=0.130665 lr=8.793e-06
[train] step=1810 loss=0.135613 lr=8.792e-06
[train] step=1811 loss=0.113126 lr=8.790e-06
[train] step=1812 loss=0.104008 lr=8.789e-06
[train] step=1813 loss=0.096685 lr=8.788e-06
[train] step=1814 loss=0.060032 lr=8.787e-06
[train] step=1815 loss=0.083478 lr=8.785e-06
[train] step=1816 loss=0.057971 lr=8.784e-06
[train] step=1817 loss=0.094738 lr=8.783e-06
[train] step=1818 loss=0.082547 lr=8.781e-06
[train] step=1819 loss=0.080395 lr=8.780e-06
[train] step=1820 loss=0.161507 lr=8.779e-06
[train] step=1821 loss=0.092994 lr=8.778e-06
[train] step=1822 loss=0.078792 lr=8.776e-06
[train] step=1823 loss=0.049696 lr=8.775e-06
[train] step=1824 loss=0.063567 lr=8.774e-06
[train] step=1825 loss=0.097815 lr=8.772e-06
[train] step=1826 loss=0.057194 lr=8.771e-06
[train] step=1827 loss=0.077763 lr=8.770e-06
[train] step=1828 loss=0.063489 lr=8.769e-06
[train] step=1829 loss=0.108885 lr=8.767e-06
[train] step=1830 loss=0.119269 lr=8.766e-06
[train] step=1831 loss=0.110657 lr=8.765e-06
[train] step=1832 loss=0.088608 lr=8.763e-06
[train] step=1833 loss=0.130013 lr=8.762e-06
[train] step=1834 loss=0.118600 lr=8.761e-06
[train] step=1835 loss=0.089539 lr=8.760e-06
[train] step=1836 loss=0.111924 lr=8.758e-06
[train] step=1837 loss=0.117784 lr=8.757e-06
[train] step=1838 loss=0.048517 lr=8.756e-06
[train] step=1839 loss=0.098633 lr=8.754e-06
[train] step=1840 loss=0.070743 lr=8.753e-06
[train] step=1841 loss=0.336763 lr=8.752e-06
[train] step=1842 loss=0.057976 lr=8.751e-06
[train] step=1843 loss=0.088232 lr=8.749e-06
[train] step=1844 loss=0.157806 lr=8.748e-06
[train] step=1845 loss=0.093651 lr=8.747e-06
[train] step=1846 loss=0.079846 lr=8.745e-06
[train] step=1847 loss=0.083083 lr=8.744e-06
[train] step=1848 loss=0.057770 lr=8.743e-06
[train] step=1849 loss=0.121180 lr=8.741e-06
[train] step=1850 loss=0.107583 lr=8.740e-06
[train] step=1851 loss=0.052774 lr=8.739e-06
[train] step=1852 loss=0.108591 lr=8.738e-06
[train] step=1853 loss=0.115962 lr=8.736e-06
[train] step=1854 loss=0.052910 lr=8.735e-06
[train] step=1855 loss=0.101358 lr=8.734e-06
[train] step=1856 loss=0.085964 lr=8.732e-06
[train] step=1857 loss=0.093325 lr=8.731e-06
[train] step=1858 loss=0.107151 lr=8.730e-06
[train] step=1859 loss=0.078243 lr=8.728e-06
[train] step=1860 loss=0.121162 lr=8.727e-06
[train] step=1861 loss=0.072191 lr=8.726e-06
[train] step=1862 loss=0.096247 lr=8.724e-06
[train] step=1863 loss=0.075635 lr=8.723e-06
[train] step=1864 loss=0.126651 lr=8.722e-06
[train] step=1865 loss=0.096253 lr=8.721e-06
[train] step=1866 loss=0.085593 lr=8.719e-06
[train] step=1867 loss=0.094192 lr=8.718e-06
[train] step=1868 loss=0.217287 lr=8.717e-06
[train] step=1869 loss=0.067711 lr=8.715e-06
[train] step=1870 loss=0.070377 lr=8.714e-06
[train] step=1871 loss=0.102294 lr=8.713e-06
[train] step=1872 loss=0.057320 lr=8.711e-06
[train] step=1873 loss=0.095895 lr=8.710e-06
[train] step=1874 loss=0.095308 lr=8.709e-06
[train] step=1875 loss=0.086456 lr=8.707e-06
[train] step=1876 loss=0.092803 lr=8.706e-06
[train] step=1877 loss=0.062964 lr=8.705e-06
[train] step=1878 loss=0.057802 lr=8.703e-06
[train] step=1879 loss=0.122641 lr=8.702e-06
[train] step=1880 loss=0.062294 lr=8.701e-06
[train] step=1881 loss=0.120806 lr=8.699e-06
[train] step=1882 loss=0.089062 lr=8.698e-06
[train] step=1883 loss=0.078388 lr=8.697e-06
[train] step=1884 loss=0.083596 lr=8.695e-06
[train] step=1885 loss=0.116616 lr=8.694e-06
[train] step=1886 loss=0.071387 lr=8.693e-06
[train] step=1887 loss=0.091018 lr=8.692e-06
[train] step=1888 loss=0.100023 lr=8.690e-06
[train] step=1889 loss=0.096787 lr=8.689e-06
[train] step=1890 loss=0.076523 lr=8.688e-06
[train] step=1891 loss=0.133979 lr=8.686e-06
[train] step=1892 loss=0.068054 lr=8.685e-06
[train] step=1893 loss=0.072045 lr=8.684e-06
[train] step=1894 loss=0.079708 lr=8.682e-06
[train] step=1895 loss=0.053558 lr=8.681e-06
[train] step=1896 loss=0.079843 lr=8.680e-06
[train] step=1897 loss=0.087609 lr=8.678e-06
[train] step=1898 loss=0.048183 lr=8.677e-06
[train] step=1899 loss=0.054285 lr=8.676e-06
[train] step=1900 loss=0.059770 lr=8.674e-06
[train] step=1901 loss=0.105900 lr=8.673e-06
[train] step=1902 loss=0.090881 lr=8.672e-06
[train] step=1903 loss=0.108295 lr=8.670e-06
[train] step=1904 loss=0.142513 lr=8.669e-06
[train] step=1905 loss=0.107782 lr=8.668e-06
[train] step=1906 loss=0.079200 lr=8.666e-06
[train] step=1907 loss=0.087575 lr=8.665e-06
[train] step=1908 loss=0.129932 lr=8.664e-06
[train] step=1909 loss=0.072793 lr=8.662e-06
[train] step=1910 loss=0.121692 lr=8.661e-06
[train] step=1911 loss=0.109718 lr=8.660e-06
[train] step=1912 loss=0.110925 lr=8.658e-06
[train] step=1913 loss=0.045338 lr=8.657e-06
[train] step=1914 loss=0.091816 lr=8.656e-06
[train] step=1915 loss=0.077760 lr=8.654e-06
[train] step=1916 loss=0.079454 lr=8.653e-06
[train] step=1917 loss=0.147988 lr=8.652e-06
[train] step=1918 loss=0.094803 lr=8.650e-06
[train] step=1919 loss=0.321350 lr=8.649e-06
[train] step=1920 loss=0.072458 lr=8.648e-06
INFO     [rank 0] Model weights for step 1920 saved in       dit_trainer.py:1288
         checkpoints/model_weights_step_01920.safetensors                       
INFO     [rank 0] Scalar embedding weights for step 1920     dit_trainer.py:1297
         saved                                                                  
INFO     [rank 0] Training state saved:                      dit_trainer.py:1416
         checkpoints/model_weights_step_01920.state.pt                          
DEBUG    [rank 0] Removed old checkpoint:                    dit_trainer.py:1429
         /hppfs/scratch/0D/go76fuz2/windinet/outputs/shockwa                    
         ve_dit_sds_w0p01/checkpoints/model_weights_step_016                    
         80.safetensors                                                         
DEBUG    [rank 0] Removed old checkpoint:                    dit_trainer.py:1429
         /hppfs/scratch/0D/go76fuz2/windinet/outputs/shockwa                    
         ve_dit_sds_w0p01/checkpoints/scalar_embedding_step_                    
         01680.safetensors                                                      
DEBUG    [rank 0] Removed optimizer state for older kept     dit_trainer.py:1444
         checkpoint:                                                            
         /hppfs/scratch/0D/go76fuz2/windinet/outputs/shockwa                    
         ve_dit_sds_w0p01/checkpoints/model_weights_step_018                    
         00.state.pt                                                            
[epoch 16] step=1920 train_loss=0.096876
[train] step=1921 loss=0.104623 lr=8.646e-06
[train] step=1922 loss=0.049257 lr=8.645e-06
[train] step=1923 loss=0.174484 lr=8.644e-06
[train] step=1924 loss=0.083540 lr=8.642e-06
[train] step=1925 loss=0.078001 lr=8.641e-06
[train] step=1926 loss=0.083703 lr=8.639e-06
[train] step=1927 loss=0.104103 lr=8.638e-06
[train] step=1928 loss=0.075205 lr=8.637e-06
[train] step=1929 loss=0.077616 lr=8.635e-06
[train] step=1930 loss=0.064140 lr=8.634e-06
[train] step=1931 loss=0.073771 lr=8.633e-06
[train] step=1932 loss=0.099868 lr=8.631e-06
[train] step=1933 loss=0.115132 lr=8.630e-06
[train] step=1934 loss=0.081048 lr=8.629e-06
[train] step=1935 loss=0.049814 lr=8.627e-06
[train] step=1936 loss=0.087155 lr=8.626e-06
[train] step=1937 loss=0.101326 lr=8.625e-06
[train] step=1938 loss=0.088742 lr=8.623e-06
[train] step=1939 loss=0.136919 lr=8.622e-06
[train] step=1940 loss=0.069452 lr=8.621e-06
[train] step=1941 loss=0.080994 lr=8.619e-06
[train] step=1942 loss=0.036285 lr=8.618e-06
[train] step=1943 loss=0.089688 lr=8.617e-06
[train] step=1944 loss=0.079544 lr=8.615e-06
[train] step=1945 loss=0.060746 lr=8.614e-06
[train] step=1946 loss=0.261616 lr=8.612e-06
[train] step=1947 loss=0.085358 lr=8.611e-06
[train] step=1948 loss=0.130486 lr=8.610e-06
[train] step=1949 loss=0.086553 lr=8.608e-06
[train] step=1950 loss=0.100203 lr=8.607e-06
[train] step=1951 loss=0.088808 lr=8.606e-06
[train] step=1952 loss=0.082074 lr=8.604e-06
[train] step=1953 loss=0.097732 lr=8.603e-06
[train] step=1954 loss=0.160441 lr=8.602e-06
[train] step=1955 loss=0.079178 lr=8.600e-06
[train] step=1956 loss=0.084352 lr=8.599e-06
[train] step=1957 loss=0.079214 lr=8.597e-06
[train] step=1958 loss=0.071349 lr=8.596e-06
[train] step=1959 loss=0.081252 lr=8.595e-06
[train] step=1960 loss=0.083212 lr=8.593e-06
[train] step=1961 loss=0.086976 lr=8.592e-06
[train] step=1962 loss=0.088912 lr=8.591e-06
[train] step=1963 loss=0.084872 lr=8.589e-06
[train] step=1964 loss=0.062668 lr=8.588e-06
[train] step=1965 loss=0.159656 lr=8.587e-06
[train] step=1966 loss=0.105700 lr=8.585e-06
[train] step=1967 loss=0.140677 lr=8.584e-06
[train] step=1968 loss=0.114469 lr=8.582e-06
[train] step=1969 loss=0.070600 lr=8.581e-06
[train] step=1970 loss=0.079343 lr=8.580e-06
[train] step=1971 loss=0.080395 lr=8.578e-06
[train] step=1972 loss=0.082518 lr=8.577e-06
[train] step=1973 loss=0.066576 lr=8.576e-06
[train] step=1974 loss=0.093893 lr=8.574e-06
[train] step=1975 loss=0.089306 lr=8.573e-06
[train] step=1976 loss=0.070654 lr=8.572e-06
[train] step=1977 loss=0.107750 lr=8.570e-06
[train] step=1978 loss=0.087850 lr=8.569e-06
[train] step=1979 loss=0.114856 lr=8.567e-06
[train] step=1980 loss=0.081460 lr=8.566e-06
[train] step=1981 loss=0.075266 lr=8.565e-06
[train] step=1982 loss=0.073969 lr=8.563e-06
[train] step=1983 loss=0.091352 lr=8.562e-06
[train] step=1984 loss=0.069295 lr=8.560e-06
[train] step=1985 loss=0.119832 lr=8.559e-06
[train] step=1986 loss=0.085576 lr=8.558e-06
[train] step=1987 loss=0.076315 lr=8.556e-06
[train] step=1988 loss=0.062940 lr=8.555e-06
[train] step=1989 loss=0.076496 lr=8.554e-06
[train] step=1990 loss=0.058226 lr=8.552e-06
[train] step=1991 loss=0.050354 lr=8.551e-06
[train] step=1992 loss=0.086753 lr=8.549e-06
[train] step=1993 loss=0.096259 lr=8.548e-06
[train] step=1994 loss=0.130821 lr=8.547e-06
[train] step=1995 loss=0.073202 lr=8.545e-06
[train] step=1996 loss=0.065687 lr=8.544e-06
[train] step=1997 loss=0.106144 lr=8.543e-06
[train] step=1998 loss=0.035049 lr=8.541e-06
[train] step=1999 loss=0.164857 lr=8.540e-06
[train] step=2000 loss=0.070828 lr=8.538e-06
[train] step=2001 loss=0.090425 lr=8.537e-06
[train] step=2002 loss=0.172245 lr=8.536e-06
[train] step=2003 loss=0.084269 lr=8.534e-06
[train] step=2004 loss=0.073321 lr=8.533e-06
[train] step=2005 loss=0.066633 lr=8.531e-06
[train] step=2006 loss=0.171098 lr=8.530e-06
[train] step=2007 loss=0.079311 lr=8.529e-06
[train] step=2008 loss=0.059236 lr=8.527e-06
[train] step=2009 loss=0.066554 lr=8.526e-06
[train] step=2010 loss=0.087697 lr=8.524e-06
[train] step=2011 loss=0.102083 lr=8.523e-06
[train] step=2012 loss=0.130188 lr=8.522e-06
[train] step=2013 loss=0.070604 lr=8.520e-06
[train] step=2014 loss=0.093601 lr=8.519e-06
[train] step=2015 loss=0.109987 lr=8.518e-06
[train] step=2016 loss=0.082333 lr=8.516e-06
[train] step=2017 loss=0.091858 lr=8.515e-06
[train] step=2018 loss=0.134291 lr=8.513e-06
[train] step=2019 loss=0.062230 lr=8.512e-06
[train] step=2020 loss=0.129496 lr=8.511e-06
[train] step=2021 loss=0.044372 lr=8.509e-06
[train] step=2022 loss=0.086035 lr=8.508e-06
[train] step=2023 loss=0.080683 lr=8.506e-06
[train] step=2024 loss=0.095838 lr=8.505e-06
[train] step=2025 loss=0.110910 lr=8.504e-06
[train] step=2026 loss=0.069019 lr=8.502e-06
[train] step=2027 loss=0.111062 lr=8.501e-06
[train] step=2028 loss=0.177728 lr=8.499e-06
[train] step=2029 loss=0.103070 lr=8.498e-06
[train] step=2030 loss=0.120257 lr=8.497e-06
[train] step=2031 loss=0.113407 lr=8.495e-06
[train] step=2032 loss=0.096882 lr=8.494e-06
[train] step=2033 loss=0.087762 lr=8.492e-06
[train] step=2034 loss=0.083468 lr=8.491e-06
[train] step=2035 loss=0.090170 lr=8.490e-06
[train] step=2036 loss=0.089346 lr=8.488e-06
[train] step=2037 loss=0.080095 lr=8.487e-06
[train] step=2038 loss=0.070212 lr=8.485e-06
[train] step=2039 loss=0.099973 lr=8.484e-06
[train] step=2040 loss=0.050899 lr=8.482e-06
INFO     [rank 0] Model weights for step 2040 saved in       dit_trainer.py:1288
         checkpoints/model_weights_step_02040.safetensors                       
INFO     [rank 0] Scalar embedding weights for step 2040     dit_trainer.py:1297
         saved                                                                  
INFO     [rank 0] Training state saved:                      dit_trainer.py:1416
         checkpoints/model_weights_step_02040.state.pt                          
DEBUG    [rank 0] Removed old checkpoint:                    dit_trainer.py:1429
         /hppfs/scratch/0D/go76fuz2/windinet/outputs/shockwa                    
         ve_dit_sds_w0p01/checkpoints/model_weights_step_018                    
         00.safetensors                                                         
DEBUG    [rank 0] Removed old checkpoint:                    dit_trainer.py:1429
         /hppfs/scratch/0D/go76fuz2/windinet/outputs/shockwa                    
         ve_dit_sds_w0p01/checkpoints/scalar_embedding_step_                    
         01800.safetensors                                                      
DEBUG    [rank 0] Removed optimizer state for older kept     dit_trainer.py:1444
         checkpoint:                                                            
         /hppfs/scratch/0D/go76fuz2/windinet/outputs/shockwa                    
         ve_dit_sds_w0p01/checkpoints/model_weights_step_019                    
         20.state.pt                                                            
[epoch 17] step=2040 train_loss=0.092463
[train] step=2041 loss=0.115493 lr=8.481e-06
[train] step=2042 loss=0.065844 lr=8.480e-06
[train] step=2043 loss=0.116493 lr=8.478e-06
[train] step=2044 loss=0.070273 lr=8.477e-06
[train] step=2045 loss=0.054822 lr=8.475e-06
[train] step=2046 loss=0.081195 lr=8.474e-06
[train] step=2047 loss=0.069120 lr=8.473e-06
[train] step=2048 loss=0.055704 lr=8.471e-06
[train] step=2049 loss=0.170294 lr=8.470e-06
[train] step=2050 loss=0.067890 lr=8.468e-06
[train] step=2051 loss=0.055578 lr=8.467e-06
[train] step=2052 loss=0.077512 lr=8.466e-06
[train] step=2053 loss=0.082585 lr=8.464e-06
[train] step=2054 loss=0.058838 lr=8.463e-06
[train] step=2055 loss=0.054410 lr=8.461e-06
[train] step=2056 loss=0.086519 lr=8.460e-06
[train] step=2057 loss=0.132131 lr=8.458e-06
[train] step=2058 loss=0.122455 lr=8.457e-06
[train] step=2059 loss=0.110910 lr=8.456e-06
[train] step=2060 loss=0.072164 lr=8.454e-06
[train] step=2061 loss=0.115636 lr=8.453e-06
[train] step=2062 loss=0.156063 lr=8.451e-06
[train] step=2063 loss=0.078974 lr=8.450e-06
[train] step=2064 loss=0.102087 lr=8.449e-06
[train] step=2065 loss=0.128116 lr=8.447e-06
[train] step=2066 loss=0.082155 lr=8.446e-06
[train] step=2067 loss=0.078711 lr=8.444e-06
[train] step=2068 loss=0.073405 lr=8.443e-06
[train] step=2069 loss=0.055760 lr=8.441e-06
[train] step=2070 loss=0.134534 lr=8.440e-06
[train] step=2071 loss=0.116299 lr=8.439e-06
[train] step=2072 loss=0.076088 lr=8.437e-06
[train] step=2073 loss=0.083954 lr=8.436e-06
[train] step=2074 loss=0.070106 lr=8.434e-06
[train] step=2075 loss=0.070371 lr=8.433e-06
[train] step=2076 loss=0.096945 lr=8.431e-06
[train] step=2077 loss=0.104610 lr=8.430e-06
[train] step=2078 loss=0.071413 lr=8.429e-06
[train] step=2079 loss=0.093991 lr=8.427e-06
[train] step=2080 loss=0.069569 lr=8.426e-06
[train] step=2081 loss=0.096003 lr=8.424e-06
[train] step=2082 loss=0.062679 lr=8.423e-06
[train] step=2083 loss=0.072441 lr=8.421e-06
[train] step=2084 loss=0.066446 lr=8.420e-06
[train] step=2085 loss=0.087271 lr=8.419e-06
[train] step=2086 loss=0.065413 lr=8.417e-06
[train] step=2087 loss=0.130869 lr=8.416e-06
[train] step=2088 loss=0.107054 lr=8.414e-06
[train] step=2089 loss=0.263139 lr=8.413e-06
[train] step=2090 loss=0.118086 lr=8.411e-06
[train] step=2091 loss=0.105219 lr=8.410e-06
[train] step=2092 loss=0.045852 lr=8.409e-06
[train] step=2093 loss=0.093908 lr=8.407e-06
[train] step=2094 loss=0.107482 lr=8.406e-06
[train] step=2095 loss=0.077715 lr=8.404e-06
[train] step=2096 loss=0.070675 lr=8.403e-06
[train] step=2097 loss=0.066682 lr=8.401e-06
[train] step=2098 loss=0.099852 lr=8.400e-06
[train] step=2099 loss=0.083937 lr=8.398e-06
[train] step=2100 loss=0.109875 lr=8.397e-06
[train] step=2101 loss=0.118443 lr=8.396e-06
[train] step=2102 loss=0.110953 lr=8.394e-06
[train] step=2103 loss=0.095430 lr=8.393e-06
[train] step=2104 loss=0.073807 lr=8.391e-06
[train] step=2105 loss=0.066861 lr=8.390e-06
[train] step=2106 loss=0.102898 lr=8.388e-06
[train] step=2107 loss=0.049544 lr=8.387e-06
[train] step=2108 loss=0.104423 lr=8.386e-06
[train] step=2109 loss=0.114697 lr=8.384e-06
[train] step=2110 loss=0.191956 lr=8.383e-06
[train] step=2111 loss=0.062446 lr=8.381e-06
[train] step=2112 loss=0.091174 lr=8.380e-06
[train] step=2113 loss=0.071598 lr=8.378e-06
[train] step=2114 loss=0.086199 lr=8.377e-06
[train] step=2115 loss=0.131316 lr=8.375e-06
[train] step=2116 loss=0.066604 lr=8.374e-06
[train] step=2117 loss=0.116534 lr=8.372e-06
[train] step=2118 loss=0.499963 lr=8.371e-06
[train] step=2119 loss=0.093395 lr=8.370e-06
[train] step=2120 loss=0.075427 lr=8.368e-06
[train] step=2121 loss=0.057964 lr=8.367e-06
[train] step=2122 loss=0.043350 lr=8.365e-06
[train] step=2123 loss=0.086367 lr=8.364e-06
[train] step=2124 loss=0.104777 lr=8.362e-06
[train] step=2125 loss=0.073726 lr=8.361e-06
[train] step=2126 loss=0.106232 lr=8.359e-06
[train] step=2127 loss=0.059703 lr=8.358e-06
[train] step=2128 loss=0.135166 lr=8.357e-06
[train] step=2129 loss=0.084395 lr=8.355e-06
[train] step=2130 loss=0.061397 lr=8.354e-06
[train] step=2131 loss=0.089048 lr=8.352e-06
[train] step=2132 loss=0.111007 lr=8.351e-06
[train] step=2133 loss=0.104333 lr=8.349e-06
[train] step=2134 loss=0.066126 lr=8.348e-06
[train] step=2135 loss=0.076254 lr=8.346e-06
[train] step=2136 loss=0.085450 lr=8.345e-06
[train] step=2137 loss=0.119888 lr=8.343e-06
[train] step=2138 loss=0.070224 lr=8.342e-06
[train] step=2139 loss=0.099740 lr=8.340e-06
[train] step=2140 loss=0.143173 lr=8.339e-06
[train] step=2141 loss=0.080206 lr=8.338e-06
[train] step=2142 loss=0.105143 lr=8.336e-06
[train] step=2143 loss=0.106612 lr=8.335e-06
[train] step=2144 loss=0.109905 lr=8.333e-06
[train] step=2145 loss=0.091492 lr=8.332e-06
[train] step=2146 loss=0.076181 lr=8.330e-06
[train] step=2147 loss=0.075883 lr=8.329e-06
[train] step=2148 loss=0.214521 lr=8.327e-06
[train] step=2149 loss=0.145157 lr=8.326e-06
[train] step=2150 loss=0.077526 lr=8.324e-06
[train] step=2151 loss=0.074798 lr=8.323e-06
[train] step=2152 loss=0.066711 lr=8.321e-06
[train] step=2153 loss=0.099447 lr=8.320e-06
[train] step=2154 loss=0.101002 lr=8.319e-06
[train] step=2155 loss=0.079371 lr=8.317e-06
[train] step=2156 loss=0.093869 lr=8.316e-06
[train] step=2157 loss=0.095485 lr=8.314e-06
[train] step=2158 loss=0.086273 lr=8.313e-06
[train] step=2159 loss=0.086734 lr=8.311e-06
[train] step=2160 loss=0.133356 lr=8.310e-06
INFO     [rank 0] Model weights for step 2160 saved in       dit_trainer.py:1288
         checkpoints/model_weights_step_02160.safetensors                       
INFO     [rank 0] Scalar embedding weights for step 2160     dit_trainer.py:1297
         saved                                                                  
INFO     [rank 0] Training state saved:                      dit_trainer.py:1416
         checkpoints/model_weights_step_02160.state.pt                          
DEBUG    [rank 0] Removed old checkpoint:                    dit_trainer.py:1429
         /hppfs/scratch/0D/go76fuz2/windinet/outputs/shockwa                    
         ve_dit_sds_w0p01/checkpoints/model_weights_step_019                    
         20.safetensors                                                         
DEBUG    [rank 0] Removed old checkpoint:                    dit_trainer.py:1429
         /hppfs/scratch/0D/go76fuz2/windinet/outputs/shockwa                    
         ve_dit_sds_w0p01/checkpoints/scalar_embedding_step_                    
         01920.safetensors                                                      
DEBUG    [rank 0] Removed optimizer state for older kept     dit_trainer.py:1444
         checkpoint:                                                            
         /hppfs/scratch/0D/go76fuz2/windinet/outputs/shockwa                    
         ve_dit_sds_w0p01/checkpoints/model_weights_step_020                    
         40.state.pt                                                            
[epoch 18] step=2160 train_loss=0.096073
[train] step=2161 loss=0.077123 lr=8.308e-06
[train] step=2162 loss=0.027602 lr=8.307e-06
[train] step=2163 loss=0.069879 lr=8.305e-06
[train] step=2164 loss=0.076558 lr=8.304e-06
[train] step=2165 loss=0.063809 lr=8.302e-06
[train] step=2166 loss=0.076397 lr=8.301e-06
[train] step=2167 loss=0.078381 lr=8.299e-06
[train] step=2168 loss=0.068902 lr=8.298e-06
[train] step=2169 loss=0.094070 lr=8.296e-06
[train] step=2170 loss=0.090754 lr=8.295e-06
[train] step=2171 loss=0.084193 lr=8.294e-06
[train] step=2172 loss=0.082411 lr=8.292e-06
[train] step=2173 loss=0.091771 lr=8.291e-06
[train] step=2174 loss=0.078406 lr=8.289e-06
[train] step=2175 loss=0.058108 lr=8.288e-06
[train] step=2176 loss=0.057382 lr=8.286e-06
[train] step=2177 loss=0.059999 lr=8.285e-06
[train] step=2178 loss=0.095968 lr=8.283e-06
[train] step=2179 loss=0.081705 lr=8.282e-06
[train] step=2180 loss=0.084259 lr=8.280e-06
[train] step=2181 loss=0.099722 lr=8.279e-06
[train] step=2182 loss=0.129576 lr=8.277e-06
[train] step=2183 loss=0.047232 lr=8.276e-06
[train] step=2184 loss=0.149591 lr=8.274e-06
[train] step=2185 loss=0.111100 lr=8.273e-06
[train] step=2186 loss=0.078941 lr=8.271e-06
[train] step=2187 loss=0.093992 lr=8.270e-06
[train] step=2188 loss=0.082419 lr=8.268e-06
[train] step=2189 loss=0.111776 lr=8.267e-06
[train] step=2190 loss=0.055221 lr=8.265e-06
[train] step=2191 loss=0.103955 lr=8.264e-06
[train] step=2192 loss=0.080111 lr=8.262e-06
[train] step=2193 loss=0.071577 lr=8.261e-06
[train] step=2194 loss=0.086511 lr=8.259e-06
[train] step=2195 loss=0.120028 lr=8.258e-06
[train] step=2196 loss=0.083442 lr=8.256e-06
[train] step=2197 loss=0.057176 lr=8.255e-06
[train] step=2198 loss=0.223539 lr=8.253e-06
[train] step=2199 loss=0.050330 lr=8.252e-06
[train] step=2200 loss=0.078398 lr=8.250e-06
[train] step=2201 loss=0.106607 lr=8.249e-06
[train] step=2202 loss=0.096941 lr=8.248e-06
[train] step=2203 loss=0.095571 lr=8.246e-06
[train] step=2204 loss=0.090525 lr=8.245e-06
[train] step=2205 loss=0.103344 lr=8.243e-06
[train] step=2206 loss=0.091521 lr=8.242e-06
[train] step=2207 loss=0.120155 lr=8.240e-06
[train] step=2208 loss=0.053237 lr=8.239e-06
[train] step=2209 loss=0.059598 lr=8.237e-06
[train] step=2210 loss=0.087083 lr=8.236e-06
[train] step=2211 loss=0.093707 lr=8.234e-06
[train] step=2212 loss=0.315954 lr=8.233e-06
[train] step=2213 loss=0.084423 lr=8.231e-06
[train] step=2214 loss=0.073459 lr=8.230e-06
[train] step=2215 loss=0.062591 lr=8.228e-06
[train] step=2216 loss=0.091637 lr=8.227e-06
[train] step=2217 loss=0.114533 lr=8.225e-06
[train] step=2218 loss=0.062726 lr=8.224e-06
[train] step=2219 loss=0.062418 lr=8.222e-06
[train] step=2220 loss=0.083920 lr=8.221e-06
[train] step=2221 loss=0.091782 lr=8.219e-06
[train] step=2222 loss=0.085472 lr=8.218e-06
[train] step=2223 loss=0.067897 lr=8.216e-06
[train] step=2224 loss=0.086808 lr=8.215e-06
[train] step=2225 loss=0.124202 lr=8.213e-06
[train] step=2226 loss=0.114664 lr=8.212e-06
[train] step=2227 loss=0.063068 lr=8.210e-06
[train] step=2228 loss=0.141355 lr=8.209e-06
[train] step=2229 loss=0.072734 lr=8.207e-06
[train] step=2230 loss=0.078028 lr=8.206e-06
[train] step=2231 loss=0.093581 lr=8.204e-06
[train] step=2232 loss=0.122985 lr=8.203e-06
[train] step=2233 loss=0.083550 lr=8.201e-06
[train] step=2234 loss=0.143356 lr=8.200e-06
[train] step=2235 loss=0.108665 lr=8.198e-06
[train] step=2236 loss=0.057072 lr=8.196e-06
[train] step=2237 loss=0.113384 lr=8.195e-06
[train] step=2238 loss=0.103291 lr=8.193e-06
[train] step=2239 loss=0.104276 lr=8.192e-06
[train] step=2240 loss=0.085181 lr=8.190e-06
[train] step=2241 loss=0.084917 lr=8.189e-06
[train] step=2242 loss=0.066723 lr=8.187e-06
[train] step=2243 loss=0.088946 lr=8.186e-06
[train] step=2244 loss=0.097189 lr=8.184e-06
[train] step=2245 loss=0.057757 lr=8.183e-06
[train] step=2246 loss=0.031277 lr=8.181e-06
[train] step=2247 loss=0.101613 lr=8.180e-06
[train] step=2248 loss=0.063495 lr=8.178e-06
[train] step=2249 loss=0.059170 lr=8.177e-06
[train] step=2250 loss=0.085553 lr=8.175e-06
[train] step=2251 loss=0.090814 lr=8.174e-06
[train] step=2252 loss=0.068662 lr=8.172e-06
[train] step=2253 loss=0.092490 lr=8.171e-06
[train] step=2254 loss=0.091954 lr=8.169e-06
[train] step=2255 loss=0.070078 lr=8.168e-06
[train] step=2256 loss=0.101105 lr=8.166e-06
[train] step=2257 loss=0.064673 lr=8.165e-06
[train] step=2258 loss=0.062228 lr=8.163e-06
[train] step=2259 loss=0.069298 lr=8.162e-06
[train] step=2260 loss=0.091966 lr=8.160e-06
[train] step=2261 loss=0.093028 lr=8.159e-06
[train] step=2262 loss=0.065558 lr=8.157e-06
[train] step=2263 loss=0.213758 lr=8.156e-06
[train] step=2264 loss=0.049836 lr=8.154e-06
[train] step=2265 loss=0.052206 lr=8.153e-06
[train] step=2266 loss=0.130525 lr=8.151e-06
[train] step=2267 loss=0.074079 lr=8.149e-06
[train] step=2268 loss=0.075552 lr=8.148e-06
[train] step=2269 loss=0.122619 lr=8.146e-06
[train] step=2270 loss=0.057642 lr=8.145e-06
[train] step=2271 loss=0.088735 lr=8.143e-06
[train] step=2272 loss=0.092052 lr=8.142e-06
[train] step=2273 loss=0.118618 lr=8.140e-06
[train] step=2274 loss=0.085947 lr=8.139e-06
[train] step=2275 loss=0.057869 lr=8.137e-06
[train] step=2276 loss=0.227189 lr=8.136e-06
[train] step=2277 loss=0.129180 lr=8.134e-06
[train] step=2278 loss=0.095965 lr=8.133e-06
[train] step=2279 loss=0.121193 lr=8.131e-06
[train] step=2280 loss=0.045780 lr=8.130e-06
INFO     [rank 0] Model weights for step 2280 saved in       dit_trainer.py:1288
         checkpoints/model_weights_step_02280.safetensors                       
INFO     [rank 0] Scalar embedding weights for step 2280     dit_trainer.py:1297
         saved                                                                  
INFO     [rank 0] Training state saved:                      dit_trainer.py:1416
         checkpoints/model_weights_step_02280.state.pt                          
DEBUG    [rank 0] Removed old checkpoint:                    dit_trainer.py:1429
         /hppfs/scratch/0D/go76fuz2/windinet/outputs/shockwa                    
         ve_dit_sds_w0p01/checkpoints/model_weights_step_020                    
         40.safetensors                                                         
DEBUG    [rank 0] Removed old checkpoint:                    dit_trainer.py:1429
         /hppfs/scratch/0D/go76fuz2/windinet/outputs/shockwa                    
         ve_dit_sds_w0p01/checkpoints/scalar_embedding_step_                    
         02040.safetensors                                                      
DEBUG    [rank 0] Removed optimizer state for older kept     dit_trainer.py:1444
         checkpoint:                                                            
         /hppfs/scratch/0D/go76fuz2/windinet/outputs/shockwa                    
         ve_dit_sds_w0p01/checkpoints/model_weights_step_021                    
         60.state.pt                                                            
[epoch 19] step=2280 train_loss=0.091070
[train] step=2281 loss=0.078924 lr=8.128e-06
[train] step=2282 loss=0.084235 lr=8.127e-06
[train] step=2283 loss=0.067106 lr=8.125e-06
[train] step=2284 loss=0.088053 lr=8.123e-06
[train] step=2285 loss=0.088938 lr=8.122e-06
[train] step=2286 loss=0.093208 lr=8.120e-06
[train] step=2287 loss=0.079450 lr=8.119e-06
[train] step=2288 loss=0.109627 lr=8.117e-06
[train] step=2289 loss=0.068055 lr=8.116e-06
[train] step=2290 loss=0.118507 lr=8.114e-06
[train] step=2291 loss=0.061761 lr=8.113e-06
[train] step=2292 loss=0.087582 lr=8.111e-06
[train] step=2293 loss=0.086391 lr=8.110e-06
[train] step=2294 loss=0.076871 lr=8.108e-06
[train] step=2295 loss=0.092241 lr=8.107e-06
[train] step=2296 loss=0.113786 lr=8.105e-06
[train] step=2297 loss=0.105165 lr=8.104e-06
[train] step=2298 loss=0.072879 lr=8.102e-06
[train] step=2299 loss=0.081813 lr=8.100e-06
[train] step=2300 loss=0.103261 lr=8.099e-06
[train] step=2301 loss=0.097150 lr=8.097e-06
[train] step=2302 loss=0.065850 lr=8.096e-06
[train] step=2303 loss=0.072086 lr=8.094e-06
[train] step=2304 loss=0.069960 lr=8.093e-06
[train] step=2305 loss=0.102078 lr=8.091e-06
[train] step=2306 loss=0.087151 lr=8.090e-06
[train] step=2307 loss=0.131432 lr=8.088e-06
[train] step=2308 loss=0.084869 lr=8.087e-06
[train] step=2309 loss=0.098090 lr=8.085e-06
[train] step=2310 loss=0.122005 lr=8.083e-06
[train] step=2311 loss=0.129499 lr=8.082e-06
[train] step=2312 loss=0.156041 lr=8.080e-06
[train] step=2313 loss=0.069311 lr=8.079e-06
[train] step=2314 loss=0.074976 lr=8.077e-06
[train] step=2315 loss=0.068349 lr=8.076e-06
[train] step=2316 loss=0.047971 lr=8.074e-06
[train] step=2317 loss=0.112513 lr=8.073e-06
[train] step=2318 loss=0.075990 lr=8.071e-06
[train] step=2319 loss=0.067565 lr=8.070e-06
[train] step=2320 loss=0.093290 lr=8.068e-06
[train] step=2321 loss=0.075862 lr=8.066e-06
[train] step=2322 loss=0.049739 lr=8.065e-06
[train] step=2323 loss=0.075644 lr=8.063e-06
[train] step=2324 loss=0.065311 lr=8.062e-06
[train] step=2325 loss=0.072154 lr=8.060e-06
[train] step=2326 loss=0.056238 lr=8.059e-06
[train] step=2327 loss=0.097186 lr=8.057e-06
[train] step=2328 loss=0.085999 lr=8.056e-06
[train] step=2329 loss=0.139285 lr=8.054e-06
[train] step=2330 loss=0.115111 lr=8.053e-06
[train] step=2331 loss=0.078246 lr=8.051e-06
[train] step=2332 loss=0.084545 lr=8.049e-06
[train] step=2333 loss=0.076841 lr=8.048e-06
[train] step=2334 loss=0.056167 lr=8.046e-06
[train] step=2335 loss=0.123643 lr=8.045e-06
[train] step=2336 loss=0.044189 lr=8.043e-06
[train] step=2337 loss=0.045820 lr=8.042e-06
[train] step=2338 loss=0.123336 lr=8.040e-06
[train] step=2339 loss=0.074201 lr=8.038e-06
[train] step=2340 loss=0.080475 lr=8.037e-06
[train] step=2341 loss=0.150150 lr=8.035e-06
[train] step=2342 loss=0.134478 lr=8.034e-06
[train] step=2343 loss=0.072189 lr=8.032e-06
[train] step=2344 loss=0.088991 lr=8.031e-06
[train] step=2345 loss=0.099288 lr=8.029e-06
[train] step=2346 loss=0.093170 lr=8.028e-06
[train] step=2347 loss=0.160464 lr=8.026e-06
[train] step=2348 loss=0.079395 lr=8.024e-06
[train] step=2349 loss=0.095045 lr=8.023e-06
[train] step=2350 loss=0.115020 lr=8.021e-06
[train] step=2351 loss=0.058413 lr=8.020e-06
[train] step=2352 loss=0.090666 lr=8.018e-06
[train] step=2353 loss=0.078547 lr=8.017e-06
[train] step=2354 loss=0.078395 lr=8.015e-06
[train] step=2355 loss=0.092429 lr=8.014e-06
[train] step=2356 loss=0.082195 lr=8.012e-06
[train] step=2357 loss=0.069074 lr=8.010e-06
[train] step=2358 loss=0.075535 lr=8.009e-06
[train] step=2359 loss=0.080579 lr=8.007e-06
[train] step=2360 loss=0.081197 lr=8.006e-06
[train] step=2361 loss=0.108164 lr=8.004e-06
[train] step=2362 loss=0.126772 lr=8.003e-06
[train] step=2363 loss=0.087307 lr=8.001e-06
[train] step=2364 loss=0.127343 lr=7.999e-06
[train] step=2365 loss=0.085616 lr=7.998e-06
[train] step=2366 loss=0.066721 lr=7.996e-06
[train] step=2367 loss=0.082398 lr=7.995e-06
[train] step=2368 loss=0.132845 lr=7.993e-06
[train] step=2369 loss=0.052770 lr=7.992e-06
[train] step=2370 loss=0.099292 lr=7.990e-06
[train] step=2371 loss=0.064697 lr=7.988e-06
[train] step=2372 loss=0.066358 lr=7.987e-06
[train] step=2373 loss=0.093512 lr=7.985e-06
[train] step=2374 loss=0.162374 lr=7.984e-06
[train] step=2375 loss=0.089330 lr=7.982e-06
[train] step=2376 loss=0.043346 lr=7.981e-06
[train] step=2377 loss=0.090181 lr=7.979e-06
[train] step=2378 loss=0.068332 lr=7.977e-06
[train] step=2379 loss=0.077391 lr=7.976e-06
[train] step=2380 loss=0.099381 lr=7.974e-06
[train] step=2381 loss=0.062410 lr=7.973e-06
[train] step=2382 loss=0.068027 lr=7.971e-06
[train] step=2383 loss=0.083393 lr=7.969e-06
[train] step=2384 loss=0.137050 lr=7.968e-06
[train] step=2385 loss=0.072892 lr=7.966e-06
[train] step=2386 loss=0.106581 lr=7.965e-06
[train] step=2387 loss=0.068042 lr=7.963e-06
[train] step=2388 loss=0.103367 lr=7.962e-06
[train] step=2389 loss=0.087793 lr=7.960e-06
[train] step=2390 loss=0.065892 lr=7.958e-06
[train] step=2391 loss=0.072771 lr=7.957e-06
[train] step=2392 loss=0.114715 lr=7.955e-06
[train] step=2393 loss=0.069599 lr=7.954e-06
[train] step=2394 loss=0.057096 lr=7.952e-06
[train] step=2395 loss=0.039261 lr=7.951e-06
[train] step=2396 loss=0.070033 lr=7.949e-06
[train] step=2397 loss=0.073038 lr=7.947e-06
[train] step=2398 loss=0.068726 lr=7.946e-06
[train] step=2399 loss=0.066794 lr=7.944e-06
[train] step=2400 loss=0.084285 lr=7.943e-06
[val] step=2400 val_loss=0.091712
INFO     [rank 0] Model weights for step 2400 saved in       dit_trainer.py:1288
         checkpoints/model_weights_step_02400.safetensors                       
INFO     [rank 0] Scalar embedding weights for step 2400     dit_trainer.py:1297
         saved                                                                  
INFO     [rank 0] Training state saved:                      dit_trainer.py:1416
         checkpoints/model_weights_step_02400.state.pt                          
INFO     [rank 0] New best checkpoint (step 2400,            dit_trainer.py:1320
         val_loss=0.091712):                                                    
         checkpoints/model_weights_best.safetensors                             
DEBUG    [rank 0] Removed old checkpoint:                    dit_trainer.py:1429
         /hppfs/scratch/0D/go76fuz2/windinet/outputs/shockwa                    
         ve_dit_sds_w0p01/checkpoints/model_weights_step_021                    
         60.safetensors                                                         
DEBUG    [rank 0] Removed old checkpoint:                    dit_trainer.py:1429
         /hppfs/scratch/0D/go76fuz2/windinet/outputs/shockwa                    
         ve_dit_sds_w0p01/checkpoints/scalar_embedding_step_                    
         02160.safetensors                                                      
DEBUG    [rank 0] Removed optimizer state for older kept     dit_trainer.py:1444
         checkpoint:                                                            
         /hppfs/scratch/0D/go76fuz2/windinet/outputs/shockwa                    
         ve_dit_sds_w0p01/checkpoints/model_weights_step_022                    
         80.state.pt                                                            
[epoch 20] step=2400 train_loss=0.086972 val_loss=0.091712
[train] step=2401 loss=0.088595 lr=7.941e-06
[train] step=2402 loss=0.078507 lr=7.939e-06
[train] step=2403 loss=0.087859 lr=7.938e-06
[train] step=2404 loss=0.086942 lr=7.936e-06
[train] step=2405 loss=0.098947 lr=7.935e-06
[train] step=2406 loss=0.044818 lr=7.933e-06
[train] step=2407 loss=0.177067 lr=7.931e-06
[train] step=2408 loss=0.062738 lr=7.930e-06
[train] step=2409 loss=0.083330 lr=7.928e-06
[train] step=2410 loss=0.048666 lr=7.927e-06
[train] step=2411 loss=0.262012 lr=7.925e-06
[train] step=2412 loss=0.088784 lr=7.924e-06
[train] step=2413 loss=0.095913 lr=7.922e-06
[train] step=2414 loss=0.102200 lr=7.920e-06
[train] step=2415 loss=0.084835 lr=7.919e-06
[train] step=2416 loss=0.106545 lr=7.917e-06
[train] step=2417 loss=0.142555 lr=7.916e-06
[train] step=2418 loss=0.083468 lr=7.914e-06
[train] step=2419 loss=0.061219 lr=7.912e-06
[train] step=2420 loss=0.103112 lr=7.911e-06
[train] step=2421 loss=0.093763 lr=7.909e-06
[train] step=2422 loss=0.067399 lr=7.908e-06
[train] step=2423 loss=0.098469 lr=7.906e-06
[train] step=2424 loss=0.083873 lr=7.904e-06
[train] step=2425 loss=0.092844 lr=7.903e-06
[train] step=2426 loss=0.062115 lr=7.901e-06
[train] step=2427 loss=0.150451 lr=7.900e-06
[train] step=2428 loss=0.092593 lr=7.898e-06
[train] step=2429 loss=0.067232 lr=7.896e-06
[train] step=2430 loss=0.111525 lr=7.895e-06
[train] step=2431 loss=0.087618 lr=7.893e-06
[train] step=2432 loss=0.088665 lr=7.892e-06
[train] step=2433 loss=0.124590 lr=7.890e-06
[train] step=2434 loss=0.093262 lr=7.888e-06
[train] step=2435 loss=0.062428 lr=7.887e-06
[train] step=2436 loss=0.096908 lr=7.885e-06
[train] step=2437 loss=0.097458 lr=7.884e-06
[train] step=2438 loss=0.078070 lr=7.882e-06
[train] step=2439 loss=0.074609 lr=7.880e-06
[train] step=2440 loss=0.052746 lr=7.879e-06
[train] step=2441 loss=0.062361 lr=7.877e-06
[train] step=2442 loss=0.074326 lr=7.876e-06
[train] step=2443 loss=0.044865 lr=7.874e-06
[train] step=2444 loss=0.147902 lr=7.872e-06
[train] step=2445 loss=0.070418 lr=7.871e-06
[train] step=2446 loss=0.080686 lr=7.869e-06
[train] step=2447 loss=0.069821 lr=7.868e-06
[train] step=2448 loss=0.047027 lr=7.866e-06
[train] step=2449 loss=0.131000 lr=7.864e-06
[train] step=2450 loss=0.085672 lr=7.863e-06
[train] step=2451 loss=0.074857 lr=7.861e-06
[train] step=2452 loss=0.076142 lr=7.859e-06
[train] step=2453 loss=0.067567 lr=7.858e-06
[train] step=2454 loss=0.061876 lr=7.856e-06
[train] step=2455 loss=0.091399 lr=7.855e-06
[train] step=2456 loss=0.097945 lr=7.853e-06
[train] step=2457 loss=0.067078 lr=7.851e-06
[train] step=2458 loss=0.060559 lr=7.850e-06
[train] step=2459 loss=0.047194 lr=7.848e-06
[train] step=2460 loss=0.062176 lr=7.847e-06
[train] step=2461 loss=0.134708 lr=7.845e-06
[train] step=2462 loss=0.105238 lr=7.843e-06
[train] step=2463 loss=0.108735 lr=7.842e-06
[train] step=2464 loss=0.087270 lr=7.840e-06
[train] step=2465 loss=0.078708 lr=7.839e-06
[train] step=2466 loss=0.052107 lr=7.837e-06
[train] step=2467 loss=0.123161 lr=7.835e-06
[train] step=2468 loss=0.066730 lr=7.834e-06
[train] step=2469 loss=0.130357 lr=7.832e-06
[train] step=2470 loss=0.044447 lr=7.830e-06
[train] step=2471 loss=0.085313 lr=7.829e-06
[train] step=2472 loss=0.065709 lr=7.827e-06
[train] step=2473 loss=0.105568 lr=7.826e-06
[train] step=2474 loss=0.069418 lr=7.824e-06
[train] step=2475 loss=0.098962 lr=7.822e-06
[train] step=2476 loss=0.082816 lr=7.821e-06
[train] step=2477 loss=0.094027 lr=7.819e-06
[train] step=2478 loss=0.059193 lr=7.817e-06
[train] step=2479 loss=0.144038 lr=7.816e-06
[train] step=2480 loss=0.079344 lr=7.814e-06
[train] step=2481 loss=0.102352 lr=7.813e-06
[train] step=2482 loss=0.084983 lr=7.811e-06
[train] step=2483 loss=0.094152 lr=7.809e-06
[train] step=2484 loss=0.049127 lr=7.808e-06
[train] step=2485 loss=0.073440 lr=7.806e-06
[train] step=2486 loss=0.096515 lr=7.804e-06
[train] step=2487 loss=0.067020 lr=7.803e-06
[train] step=2488 loss=0.104101 lr=7.801e-06
[train] step=2489 loss=0.076296 lr=7.800e-06
[train] step=2490 loss=0.099472 lr=7.798e-06
[train] step=2491 loss=0.068980 lr=7.796e-06
[train] step=2492 loss=0.068902 lr=7.795e-06
[train] step=2493 loss=0.112853 lr=7.793e-06
[train] step=2494 loss=0.147871 lr=7.791e-06
[train] step=2495 loss=0.088151 lr=7.790e-06
[train] step=2496 loss=0.187617 lr=7.788e-06
[train] step=2497 loss=0.066494 lr=7.787e-06
[train] step=2498 loss=0.087859 lr=7.785e-06
[train] step=2499 loss=0.115303 lr=7.783e-06
[train] step=2500 loss=0.103394 lr=7.782e-06
[train] step=2501 loss=0.046667 lr=7.780e-06
[train] step=2502 loss=0.079635 lr=7.778e-06
[train] step=2503 loss=0.043475 lr=7.777e-06
[train] step=2504 loss=0.099522 lr=7.775e-06
[train] step=2505 loss=0.058581 lr=7.774e-06
[train] step=2506 loss=0.068434 lr=7.772e-06
[train] step=2507 loss=0.047200 lr=7.770e-06
[train] step=2508 loss=0.080289 lr=7.769e-06
[train] step=2509 loss=0.096754 lr=7.767e-06
[train] step=2510 loss=0.074106 lr=7.765e-06
[train] step=2511 loss=0.034997 lr=7.764e-06
[train] step=2512 loss=0.121387 lr=7.762e-06
[train] step=2513 loss=0.064038 lr=7.760e-06
[train] step=2514 loss=0.047727 lr=7.759e-06
[train] step=2515 loss=0.109166 lr=7.757e-06
[train] step=2516 loss=0.082812 lr=7.756e-06
[train] step=2517 loss=0.089516 lr=7.754e-06
[train] step=2518 loss=0.083345 lr=7.752e-06
[train] step=2519 loss=0.055848 lr=7.751e-06
[train] step=2520 loss=0.073890 lr=7.749e-06
INFO     [rank 0] Model weights for step 2520 saved in       dit_trainer.py:1288
         checkpoints/model_weights_step_02520.safetensors                       
INFO     [rank 0] Scalar embedding weights for step 2520     dit_trainer.py:1297
         saved                                                                  
INFO     [rank 0] Training state saved:                      dit_trainer.py:1416
         checkpoints/model_weights_step_02520.state.pt                          
DEBUG    [rank 0] Removed old checkpoint:                    dit_trainer.py:1429
         /hppfs/scratch/0D/go76fuz2/windinet/outputs/shockwa                    
         ve_dit_sds_w0p01/checkpoints/model_weights_step_022                    
         80.safetensors                                                         
DEBUG    [rank 0] Removed old checkpoint:                    dit_trainer.py:1429
         /hppfs/scratch/0D/go76fuz2/windinet/outputs/shockwa                    
         ve_dit_sds_w0p01/checkpoints/scalar_embedding_step_                    
         02280.safetensors                                                      
DEBUG    [rank 0] Removed optimizer state for older kept     dit_trainer.py:1444
         checkpoint:                                                            
         /hppfs/scratch/0D/go76fuz2/windinet/outputs/shockwa                    
         ve_dit_sds_w0p01/checkpoints/model_weights_step_024                    
         00.state.pt                                                            
[epoch 21] step=2520 train_loss=0.087201
[train] step=2521 loss=0.077278 lr=7.747e-06
[train] step=2522 loss=0.090152 lr=7.746e-06
[train] step=2523 loss=0.084417 lr=7.744e-06
[train] step=2524 loss=0.062316 lr=7.742e-06
[train] step=2525 loss=0.061422 lr=7.741e-06
[train] step=2526 loss=0.097129 lr=7.739e-06
[train] step=2527 loss=0.060362 lr=7.738e-06
[train] step=2528 loss=0.106638 lr=7.736e-06
[train] step=2529 loss=0.085563 lr=7.734e-06
[train] step=2530 loss=0.059996 lr=7.733e-06
[train] step=2531 loss=0.078866 lr=7.731e-06
[train] step=2532 loss=0.037615 lr=7.729e-06
[train] step=2533 loss=0.085987 lr=7.728e-06
[train] step=2534 loss=0.068356 lr=7.726e-06
[train] step=2535 loss=0.104172 lr=7.724e-06
[train] step=2536 loss=0.038984 lr=7.723e-06
[train] step=2537 loss=0.062956 lr=7.721e-06
[train] step=2538 loss=0.071058 lr=7.719e-06
[train] step=2539 loss=0.087625 lr=7.718e-06
[train] step=2540 loss=0.063614 lr=7.716e-06
[train] step=2541 loss=0.045405 lr=7.714e-06
[train] step=2542 loss=0.069209 lr=7.713e-06
[train] step=2543 loss=0.087049 lr=7.711e-06
[train] step=2544 loss=0.111594 lr=7.710e-06
[train] step=2545 loss=0.097152 lr=7.708e-06
[train] step=2546 loss=0.105718 lr=7.706e-06
[train] step=2547 loss=0.070392 lr=7.705e-06
[train] step=2548 loss=0.100835 lr=7.703e-06
[train] step=2549 loss=0.085428 lr=7.701e-06
[train] step=2550 loss=0.061659 lr=7.700e-06
[train] step=2551 loss=0.078886 lr=7.698e-06
[train] step=2552 loss=0.079765 lr=7.696e-06
[train] step=2553 loss=0.063409 lr=7.695e-06
[train] step=2554 loss=0.062865 lr=7.693e-06
[train] step=2555 loss=0.070563 lr=7.691e-06
[train] step=2556 loss=0.102805 lr=7.690e-06
[train] step=2557 loss=0.104510 lr=7.688e-06
[train] step=2558 loss=0.112359 lr=7.686e-06
[train] step=2559 loss=0.074549 lr=7.685e-06
[train] step=2560 loss=0.116049 lr=7.683e-06
[train] step=2561 loss=0.107268 lr=7.681e-06
[train] step=2562 loss=0.114157 lr=7.680e-06
[train] step=2563 loss=0.098636 lr=7.678e-06
[train] step=2564 loss=0.205203 lr=7.676e-06
[train] step=2565 loss=0.036721 lr=7.675e-06
[train] step=2566 loss=0.061736 lr=7.673e-06
[train] step=2567 loss=0.047205 lr=7.672e-06
[train] step=2568 loss=0.076866 lr=7.670e-06
[train] step=2569 loss=0.085274 lr=7.668e-06
[train] step=2570 loss=0.097424 lr=7.667e-06
[train] step=2571 loss=0.106745 lr=7.665e-06
[train] step=2572 loss=0.083875 lr=7.663e-06
[train] step=2573 loss=0.143100 lr=7.662e-06
[train] step=2574 loss=0.087079 lr=7.660e-06
[train] step=2575 loss=0.059329 lr=7.658e-06
[train] step=2576 loss=0.053654 lr=7.657e-06
[train] step=2577 loss=0.050340 lr=7.655e-06
[train] step=2578 loss=0.105708 lr=7.653e-06
[train] step=2579 loss=0.137832 lr=7.652e-06
[train] step=2580 loss=0.062549 lr=7.650e-06
[train] step=2581 loss=0.064840 lr=7.648e-06
[train] step=2582 loss=0.118062 lr=7.647e-06
[train] step=2583 loss=0.079548 lr=7.645e-06
[train] step=2584 loss=0.100443 lr=7.643e-06
[train] step=2585 loss=0.035226 lr=7.642e-06
[train] step=2586 loss=0.132883 lr=7.640e-06
[train] step=2587 loss=0.060862 lr=7.638e-06
[train] step=2588 loss=0.102002 lr=7.637e-06
[train] step=2589 loss=0.071245 lr=7.635e-06
[train] step=2590 loss=0.078532 lr=7.633e-06
[train] step=2591 loss=0.098984 lr=7.632e-06
[train] step=2592 loss=0.089812 lr=7.630e-06
[train] step=2593 loss=0.086718 lr=7.628e-06
[train] step=2594 loss=0.045385 lr=7.627e-06
[train] step=2595 loss=0.071506 lr=7.625e-06
[train] step=2596 loss=0.089931 lr=7.623e-06
[train] step=2597 loss=0.087541 lr=7.622e-06
[train] step=2598 loss=0.064708 lr=7.620e-06
[train] step=2599 loss=0.060749 lr=7.618e-06
[train] step=2600 loss=0.131669 lr=7.617e-06
[train] step=2601 loss=0.132981 lr=7.615e-06
[train] step=2602 loss=0.048578 lr=7.613e-06
[train] step=2603 loss=0.083114 lr=7.612e-06
[train] step=2604 loss=0.071395 lr=7.610e-06
[train] step=2605 loss=0.099321 lr=7.608e-06
[train] step=2606 loss=0.073660 lr=7.607e-06
[train] step=2607 loss=0.108458 lr=7.605e-06
[train] step=2608 loss=0.092102 lr=7.603e-06
[train] step=2609 loss=0.080740 lr=7.601e-06
[train] step=2610 loss=0.077269 lr=7.600e-06
[train] step=2611 loss=0.079521 lr=7.598e-06
[train] step=2612 loss=0.071838 lr=7.596e-06
[train] step=2613 loss=0.079361 lr=7.595e-06
[train] step=2614 loss=0.074969 lr=7.593e-06
[train] step=2615 loss=0.086655 lr=7.591e-06
[train] step=2616 loss=0.066091 lr=7.590e-06
[train] step=2617 loss=0.064786 lr=7.588e-06
[train] step=2618 loss=0.076781 lr=7.586e-06
[train] step=2619 loss=0.062338 lr=7.585e-06
[train] step=2620 loss=0.073437 lr=7.583e-06
[train] step=2621 loss=0.109850 lr=7.581e-06
[train] step=2622 loss=0.074714 lr=7.580e-06
[train] step=2623 loss=0.078336 lr=7.578e-06
[train] step=2624 loss=0.089932 lr=7.576e-06
[train] step=2625 loss=0.066974 lr=7.575e-06
[train] step=2626 loss=0.088745 lr=7.573e-06
[train] step=2627 loss=0.092833 lr=7.571e-06
[train] step=2628 loss=0.085553 lr=7.570e-06
[train] step=2629 loss=0.051799 lr=7.568e-06
[train] step=2630 loss=0.088979 lr=7.566e-06
[train] step=2631 loss=0.083160 lr=7.565e-06
[train] step=2632 loss=0.058681 lr=7.563e-06
[train] step=2633 loss=0.060516 lr=7.561e-06
[train] step=2634 loss=0.082091 lr=7.559e-06
[train] step=2635 loss=0.063425 lr=7.558e-06
[train] step=2636 loss=0.063815 lr=7.556e-06
[train] step=2637 loss=0.226858 lr=7.554e-06
[train] step=2638 loss=0.081166 lr=7.553e-06
[train] step=2639 loss=0.090220 lr=7.551e-06
[train] step=2640 loss=0.061244 lr=7.549e-06
INFO     [rank 0] Model weights for step 2640 saved in       dit_trainer.py:1288
         checkpoints/model_weights_step_02640.safetensors                       
INFO     [rank 0] Scalar embedding weights for step 2640     dit_trainer.py:1297
         saved                                                                  
INFO     [rank 0] Training state saved:                      dit_trainer.py:1416
         checkpoints/model_weights_step_02640.state.pt                          
DEBUG    [rank 0] Removed old checkpoint:                    dit_trainer.py:1429
         /hppfs/scratch/0D/go76fuz2/windinet/outputs/shockwa                    
         ve_dit_sds_w0p01/checkpoints/model_weights_step_024                    
         00.safetensors                                                         
DEBUG    [rank 0] Removed old checkpoint:                    dit_trainer.py:1429
         /hppfs/scratch/0D/go76fuz2/windinet/outputs/shockwa                    
         ve_dit_sds_w0p01/checkpoints/scalar_embedding_step_                    
         02400.safetensors                                                      
DEBUG    [rank 0] Removed optimizer state for older kept     dit_trainer.py:1444
         checkpoint:                                                            
         /hppfs/scratch/0D/go76fuz2/windinet/outputs/shockwa                    
         ve_dit_sds_w0p01/checkpoints/model_weights_step_025                    
         20.state.pt                                                            
[epoch 22] step=2640 train_loss=0.083258
[train] step=2641 loss=0.079893 lr=7.548e-06
[train] step=2642 loss=0.045599 lr=7.546e-06
[train] step=2643 loss=0.064800 lr=7.544e-06
[train] step=2644 loss=0.072319 lr=7.543e-06
[train] step=2645 loss=0.079081 lr=7.541e-06
[train] step=2646 loss=0.100317 lr=7.539e-06
[train] step=2647 loss=0.063912 lr=7.538e-06
[train] step=2648 loss=0.057334 lr=7.536e-06
[train] step=2649 loss=0.097060 lr=7.534e-06
[train] step=2650 loss=0.079308 lr=7.532e-06
[train] step=2651 loss=0.061268 lr=7.531e-06
[train] step=2652 loss=0.073421 lr=7.529e-06
[train] step=2653 loss=0.064540 lr=7.527e-06
[train] step=2654 loss=0.129638 lr=7.526e-06
[train] step=2655 loss=0.084685 lr=7.524e-06
[train] step=2656 loss=0.064713 lr=7.522e-06
[train] step=2657 loss=0.078079 lr=7.521e-06
[train] step=2658 loss=0.055174 lr=7.519e-06
[train] step=2659 loss=0.078417 lr=7.517e-06
[train] step=2660 loss=0.063816 lr=7.516e-06
[train] step=2661 loss=0.086922 lr=7.514e-06
[train] step=2662 loss=0.060719 lr=7.512e-06
[train] step=2663 loss=0.093754 lr=7.510e-06
[train] step=2664 loss=0.091769 lr=7.509e-06
[train] step=2665 loss=0.105485 lr=7.507e-06
[train] step=2666 loss=0.049701 lr=7.505e-06
[train] step=2667 loss=0.076961 lr=7.504e-06
[train] step=2668 loss=0.081865 lr=7.502e-06
[train] step=2669 loss=0.074056 lr=7.500e-06
[train] step=2670 loss=0.099536 lr=7.499e-06
[train] step=2671 loss=0.065969 lr=7.497e-06
[train] step=2672 loss=0.087650 lr=7.495e-06
[train] step=2673 loss=0.085381 lr=7.493e-06
[train] step=2674 loss=0.081205 lr=7.492e-06
[train] step=2675 loss=0.053133 lr=7.490e-06
[train] step=2676 loss=0.078160 lr=7.488e-06
[train] step=2677 loss=0.121323 lr=7.487e-06
[train] step=2678 loss=0.053544 lr=7.485e-06
[train] step=2679 loss=0.112274 lr=7.483e-06
[train] step=2680 loss=0.054039 lr=7.482e-06
[train] step=2681 loss=0.090835 lr=7.480e-06
[train] step=2682 loss=0.242704 lr=7.478e-06
[train] step=2683 loss=0.062288 lr=7.476e-06
[train] step=2684 loss=0.091037 lr=7.475e-06
[train] step=2685 loss=0.074308 lr=7.473e-06
[train] step=2686 loss=0.078898 lr=7.471e-06
[train] step=2687 loss=0.089633 lr=7.470e-06
[train] step=2688 loss=0.036122 lr=7.468e-06
[train] step=2689 loss=0.091872 lr=7.466e-06
[train] step=2690 loss=0.055809 lr=7.464e-06
[train] step=2691 loss=0.071083 lr=7.463e-06
[train] step=2692 loss=0.122384 lr=7.461e-06
[train] step=2693 loss=0.052083 lr=7.459e-06
[train] step=2694 loss=0.148881 lr=7.458e-06
[train] step=2695 loss=0.061176 lr=7.456e-06
[train] step=2696 loss=0.074693 lr=7.454e-06
[train] step=2697 loss=0.096196 lr=7.453e-06
[train] step=2698 loss=0.071103 lr=7.451e-06
[train] step=2699 loss=0.132425 lr=7.449e-06
[train] step=2700 loss=0.118781 lr=7.447e-06
[train] step=2701 loss=0.078726 lr=7.446e-06
[train] step=2702 loss=0.063127 lr=7.444e-06
[train] step=2703 loss=0.103312 lr=7.442e-06
[train] step=2704 loss=0.098632 lr=7.441e-06
[train] step=2705 loss=0.081033 lr=7.439e-06
[train] step=2706 loss=0.068196 lr=7.437e-06
[train] step=2707 loss=0.140403 lr=7.435e-06
[train] step=2708 loss=0.065980 lr=7.434e-06
[train] step=2709 loss=0.096916 lr=7.432e-06
[train] step=2710 loss=0.082541 lr=7.430e-06
[train] step=2711 loss=0.096418 lr=7.429e-06
[train] step=2712 loss=0.058124 lr=7.427e-06
[train] step=2713 loss=0.059065 lr=7.425e-06
[train] step=2714 loss=0.101512 lr=7.423e-06
[train] step=2715 loss=0.080808 lr=7.422e-06
[train] step=2716 loss=0.074465 lr=7.420e-06
[train] step=2717 loss=0.098655 lr=7.418e-06
[train] step=2718 loss=0.093822 lr=7.417e-06
[train] step=2719 loss=0.061405 lr=7.415e-06
[train] step=2720 loss=0.087982 lr=7.413e-06
[train] step=2721 loss=0.105679 lr=7.411e-06
[train] step=2722 loss=0.087702 lr=7.410e-06
[train] step=2723 loss=0.087033 lr=7.408e-06
[train] step=2724 loss=0.101991 lr=7.406e-06
[train] step=2725 loss=0.047705 lr=7.404e-06
[train] step=2726 loss=0.134031 lr=7.403e-06
[train] step=2727 loss=0.069485 lr=7.401e-06
[train] step=2728 loss=0.140405 lr=7.399e-06
[train] step=2729 loss=0.097681 lr=7.398e-06
[train] step=2730 loss=0.049672 lr=7.396e-06
[train] step=2731 loss=0.077582 lr=7.394e-06
[train] step=2732 loss=0.082004 lr=7.392e-06
[train] step=2733 loss=0.075774 lr=7.391e-06
[train] step=2734 loss=0.156347 lr=7.389e-06
[train] step=2735 loss=0.100261 lr=7.387e-06
[train] step=2736 loss=0.109796 lr=7.386e-06
[train] step=2737 loss=0.077108 lr=7.384e-06
[train] step=2738 loss=0.068326 lr=7.382e-06
[train] step=2739 loss=0.090221 lr=7.380e-06
[train] step=2740 loss=0.153560 lr=7.379e-06
[train] step=2741 loss=0.106945 lr=7.377e-06
[train] step=2742 loss=0.064452 lr=7.375e-06
[train] step=2743 loss=0.092484 lr=7.373e-06
[train] step=2744 loss=0.138626 lr=7.372e-06
[train] step=2745 loss=0.120960 lr=7.370e-06
[train] step=2746 loss=0.046655 lr=7.368e-06
[train] step=2747 loss=0.077339 lr=7.367e-06
[train] step=2748 loss=0.410810 lr=7.365e-06
[train] step=2749 loss=0.084028 lr=7.363e-06
[train] step=2750 loss=0.084830 lr=7.361e-06
[train] step=2751 loss=0.089896 lr=7.360e-06
[train] step=2752 loss=0.064808 lr=7.358e-06
[train] step=2753 loss=0.084482 lr=7.356e-06
[train] step=2754 loss=0.078913 lr=7.354e-06
[train] step=2755 loss=0.092210 lr=7.353e-06
[train] step=2756 loss=0.079595 lr=7.351e-06
[train] step=2757 loss=0.071568 lr=7.349e-06
[train] step=2758 loss=0.078963 lr=7.348e-06
[train] step=2759 loss=0.069249 lr=7.346e-06
[train] step=2760 loss=0.097534 lr=7.344e-06
INFO     [rank 0] Model weights for step 2760 saved in       dit_trainer.py:1288
         checkpoints/model_weights_step_02760.safetensors                       
INFO     [rank 0] Scalar embedding weights for step 2760     dit_trainer.py:1297
         saved                                                                  
INFO     [rank 0] Training state saved:                      dit_trainer.py:1416
         checkpoints/model_weights_step_02760.state.pt                          
DEBUG    [rank 0] Removed old checkpoint:                    dit_trainer.py:1429
         /hppfs/scratch/0D/go76fuz2/windinet/outputs/shockwa                    
         ve_dit_sds_w0p01/checkpoints/model_weights_step_025                    
         20.safetensors                                                         
DEBUG    [rank 0] Removed old checkpoint:                    dit_trainer.py:1429
         /hppfs/scratch/0D/go76fuz2/windinet/outputs/shockwa                    
         ve_dit_sds_w0p01/checkpoints/scalar_embedding_step_                    
         02520.safetensors                                                      
DEBUG    [rank 0] Removed optimizer state for older kept     dit_trainer.py:1444
         checkpoint:                                                            
         /hppfs/scratch/0D/go76fuz2/windinet/outputs/shockwa                    
         ve_dit_sds_w0p01/checkpoints/model_weights_step_026                    
         40.state.pt                                                            
[epoch 23] step=2760 train_loss=0.088089
[train] step=2761 loss=0.052988 lr=7.342e-06
[train] step=2762 loss=0.111975 lr=7.341e-06
[train] step=2763 loss=0.084234 lr=7.339e-06
[train] step=2764 loss=0.098586 lr=7.337e-06
[train] step=2765 loss=0.071038 lr=7.335e-06
[train] step=2766 loss=0.071777 lr=7.334e-06
[train] step=2767 loss=0.102678 lr=7.332e-06
[train] step=2768 loss=0.107327 lr=7.330e-06
[train] step=2769 loss=0.096211 lr=7.328e-06
[train] step=2770 loss=0.073664 lr=7.327e-06
[train] step=2771 loss=0.087834 lr=7.325e-06
[train] step=2772 loss=0.078585 lr=7.323e-06
[train] step=2773 loss=0.175460 lr=7.321e-06
[train] step=2774 loss=0.062747 lr=7.320e-06
[train] step=2775 loss=0.079913 lr=7.318e-06
[train] step=2776 loss=0.046081 lr=7.316e-06
[train] step=2777 loss=0.047189 lr=7.315e-06
[train] step=2778 loss=0.053234 lr=7.313e-06
[train] step=2779 loss=0.101619 lr=7.311e-06
[train] step=2780 loss=0.065642 lr=7.309e-06
[train] step=2781 loss=0.072547 lr=7.308e-06
[train] step=2782 loss=0.113957 lr=7.306e-06
[train] step=2783 loss=0.082596 lr=7.304e-06
[train] step=2784 loss=0.055136 lr=7.302e-06
[train] step=2785 loss=0.115383 lr=7.301e-06
[train] step=2786 loss=0.045245 lr=7.299e-06
[train] step=2787 loss=0.055000 lr=7.297e-06
[train] step=2788 loss=0.120715 lr=7.295e-06
[train] step=2789 loss=0.061678 lr=7.294e-06
[train] step=2790 loss=0.064050 lr=7.292e-06
[train] step=2791 loss=0.067774 lr=7.290e-06
[train] step=2792 loss=0.125054 lr=7.288e-06
[train] step=2793 loss=0.083319 lr=7.287e-06
[train] step=2794 loss=0.082465 lr=7.285e-06
[train] step=2795 loss=0.076382 lr=7.283e-06
[train] step=2796 loss=0.179642 lr=7.281e-06
[train] step=2797 loss=0.054472 lr=7.280e-06
[train] step=2798 loss=0.082204 lr=7.278e-06
[train] step=2799 loss=0.100855 lr=7.276e-06
[train] step=2800 loss=0.091469 lr=7.274e-06
[train] step=2801 loss=0.084024 lr=7.273e-06
[train] step=2802 loss=0.076084 lr=7.271e-06
[train] step=2803 loss=0.087801 lr=7.269e-06
[train] step=2804 loss=0.080269 lr=7.267e-06
[train] step=2805 loss=0.111161 lr=7.266e-06
[train] step=2806 loss=0.094737 lr=7.264e-06
[train] step=2807 loss=0.118230 lr=7.262e-06
[train] step=2808 loss=0.086244 lr=7.260e-06
[train] step=2809 loss=0.071824 lr=7.259e-06
[train] step=2810 loss=0.092269 lr=7.257e-06
[train] step=2811 loss=0.109092 lr=7.255e-06
[train] step=2812 loss=0.052103 lr=7.253e-06
[train] step=2813 loss=0.069502 lr=7.252e-06
[train] step=2814 loss=0.073907 lr=7.250e-06
[train] step=2815 loss=0.075568 lr=7.248e-06
[train] step=2816 loss=0.105416 lr=7.246e-06
[train] step=2817 loss=0.095296 lr=7.245e-06
[train] step=2818 loss=0.101438 lr=7.243e-06
[train] step=2819 loss=0.065129 lr=7.241e-06
[train] step=2820 loss=0.076568 lr=7.239e-06
[train] step=2821 loss=0.072615 lr=7.238e-06
[train] step=2822 loss=0.029887 lr=7.236e-06
[train] step=2823 loss=0.086257 lr=7.234e-06
[train] step=2824 loss=0.082336 lr=7.232e-06
[train] step=2825 loss=0.148542 lr=7.231e-06
[train] step=2826 loss=0.091839 lr=7.229e-06
[train] step=2827 loss=0.048000 lr=7.227e-06
[train] step=2828 loss=0.073049 lr=7.225e-06
[train] step=2829 loss=0.073589 lr=7.224e-06
[train] step=2830 loss=0.071255 lr=7.222e-06
[train] step=2831 loss=0.110712 lr=7.220e-06
[train] step=2832 loss=0.088979 lr=7.218e-06
[train] step=2833 loss=0.113630 lr=7.217e-06
[train] step=2834 loss=0.084006 lr=7.215e-06
[train] step=2835 loss=0.084366 lr=7.213e-06
[train] step=2836 loss=0.096630 lr=7.211e-06
[train] step=2837 loss=0.094447 lr=7.210e-06
[train] step=2838 loss=0.069213 lr=7.208e-06
[train] step=2839 loss=0.091668 lr=7.206e-06
[train] step=2840 loss=0.078298 lr=7.204e-06
[train] step=2841 loss=0.072349 lr=7.202e-06
[train] step=2842 loss=0.109065 lr=7.201e-06
[train] step=2843 loss=0.083750 lr=7.199e-06
[train] step=2844 loss=0.106321 lr=7.197e-06
[train] step=2845 loss=0.072743 lr=7.195e-06
[train] step=2846 loss=0.104718 lr=7.194e-06
[train] step=2847 loss=0.074589 lr=7.192e-06
[train] step=2848 loss=0.068056 lr=7.190e-06
[train] step=2849 loss=0.048914 lr=7.188e-06
[train] step=2850 loss=0.088910 lr=7.187e-06
[train] step=2851 loss=0.080250 lr=7.185e-06
[train] step=2852 loss=0.060082 lr=7.183e-06
[train] step=2853 loss=0.066004 lr=7.181e-06
[train] step=2854 loss=0.097786 lr=7.180e-06
[train] step=2855 loss=0.114687 lr=7.178e-06
[train] step=2856 loss=0.117413 lr=7.176e-06
[train] step=2857 loss=0.065129 lr=7.174e-06
[train] step=2858 loss=0.054360 lr=7.173e-06
[train] step=2859 loss=0.093604 lr=7.171e-06
[train] step=2860 loss=0.064935 lr=7.169e-06
[train] step=2861 loss=0.125525 lr=7.167e-06
[train] step=2862 loss=0.132801 lr=7.165e-06
[train] step=2863 loss=0.127024 lr=7.164e-06
[train] step=2864 loss=0.087681 lr=7.162e-06
[train] step=2865 loss=0.063891 lr=7.160e-06
[train] step=2866 loss=0.060993 lr=7.158e-06
[train] step=2867 loss=0.072178 lr=7.157e-06
[train] step=2868 loss=0.075899 lr=7.155e-06
[train] step=2869 loss=0.093382 lr=7.153e-06
[train] step=2870 loss=0.069393 lr=7.151e-06
[train] step=2871 loss=0.070294 lr=7.149e-06
[train] step=2872 loss=0.141793 lr=7.148e-06
[train] step=2873 loss=0.073608 lr=7.146e-06
[train] step=2874 loss=0.089379 lr=7.144e-06
[train] step=2875 loss=0.143627 lr=7.142e-06
[train] step=2876 loss=0.082136 lr=7.141e-06
[train] step=2877 loss=0.066759 lr=7.139e-06
[train] step=2878 loss=0.092598 lr=7.137e-06
[train] step=2879 loss=0.119513 lr=7.135e-06
[train] step=2880 loss=0.041799 lr=7.134e-06
INFO     [rank 0] Model weights for step 2880 saved in       dit_trainer.py:1288
         checkpoints/model_weights_step_02880.safetensors                       
INFO     [rank 0] Scalar embedding weights for step 2880     dit_trainer.py:1297
         saved                                                                  
INFO     [rank 0] Training state saved:                      dit_trainer.py:1416
         checkpoints/model_weights_step_02880.state.pt                          
DEBUG    [rank 0] Removed old checkpoint:                    dit_trainer.py:1429
         /hppfs/scratch/0D/go76fuz2/windinet/outputs/shockwa                    
         ve_dit_sds_w0p01/checkpoints/model_weights_step_026                    
         40.safetensors                                                         
DEBUG    [rank 0] Removed old checkpoint:                    dit_trainer.py:1429
         /hppfs/scratch/0D/go76fuz2/windinet/outputs/shockwa                    
         ve_dit_sds_w0p01/checkpoints/scalar_embedding_step_                    
         02640.safetensors                                                      
DEBUG    [rank 0] Removed optimizer state for older kept     dit_trainer.py:1444
         checkpoint:                                                            
         /hppfs/scratch/0D/go76fuz2/windinet/outputs/shockwa                    
         ve_dit_sds_w0p01/checkpoints/model_weights_step_027                    
         60.state.pt                                                            
[epoch 24] step=2880 train_loss=0.086203
[train] step=2881 loss=0.053118 lr=7.132e-06
[train] step=2882 loss=0.147846 lr=7.130e-06
[train] step=2883 loss=0.094089 lr=7.128e-06
[train] step=2884 loss=0.214665 lr=7.126e-06
[train] step=2885 loss=0.080229 lr=7.125e-06
[train] step=2886 loss=0.061933 lr=7.123e-06
[train] step=2887 loss=0.105120 lr=7.121e-06
[train] step=2888 loss=0.110370 lr=7.119e-06
[train] step=2889 loss=0.105944 lr=7.118e-06
[train] step=2890 loss=0.068048 lr=7.116e-06
[train] step=2891 loss=0.076283 lr=7.114e-06
[train] step=2892 loss=0.086963 lr=7.112e-06
[train] step=2893 loss=0.090028 lr=7.110e-06
[train] step=2894 loss=0.075377 lr=7.109e-06
[train] step=2895 loss=0.042845 lr=7.107e-06
[train] step=2896 loss=0.131404 lr=7.105e-06
[train] step=2897 loss=0.094767 lr=7.103e-06
[train] step=2898 loss=0.084468 lr=7.102e-06
[train] step=2899 loss=0.062670 lr=7.100e-06
[train] step=2900 loss=0.061905 lr=7.098e-06
[train] step=2901 loss=0.075414 lr=7.096e-06
[train] step=2902 loss=0.229092 lr=7.094e-06
[train] step=2903 loss=0.144871 lr=7.093e-06
[train] step=2904 loss=0.177374 lr=7.091e-06
[train] step=2905 loss=0.097757 lr=7.089e-06
[train] step=2906 loss=0.082816 lr=7.087e-06
[train] step=2907 loss=0.060790 lr=7.086e-06
[train] step=2908 loss=0.050798 lr=7.084e-06
[train] step=2909 loss=0.050976 lr=7.082e-06
[train] step=2910 loss=0.092300 lr=7.080e-06
[train] step=2911 loss=0.089929 lr=7.078e-06
[train] step=2912 loss=0.114249 lr=7.077e-06
[train] step=2913 loss=0.069478 lr=7.075e-06
[train] step=2914 loss=0.067456 lr=7.073e-06
[train] step=2915 loss=0.051019 lr=7.071e-06
[train] step=2916 loss=0.082458 lr=7.069e-06
[train] step=2917 loss=0.241439 lr=7.068e-06
[train] step=2918 loss=0.069527 lr=7.066e-06
[train] step=2919 loss=0.102129 lr=7.064e-06
[train] step=2920 loss=0.087635 lr=7.062e-06
[train] step=2921 loss=0.089003 lr=7.061e-06
[train] step=2922 loss=0.065741 lr=7.059e-06
[train] step=2923 loss=0.082645 lr=7.057e-06
[train] step=2924 loss=0.089719 lr=7.055e-06
[train] step=2925 loss=0.090474 lr=7.053e-06
[train] step=2926 loss=0.134904 lr=7.052e-06
[train] step=2927 loss=0.084657 lr=7.050e-06
[train] step=2928 loss=0.106834 lr=7.048e-06
[train] step=2929 loss=0.105212 lr=7.046e-06
[train] step=2930 loss=0.058597 lr=7.044e-06
[train] step=2931 loss=0.103297 lr=7.043e-06
[train] step=2932 loss=0.086908 lr=7.041e-06
[train] step=2933 loss=0.067384 lr=7.039e-06
[train] step=2934 loss=0.048185 lr=7.037e-06
[train] step=2935 loss=0.096336 lr=7.035e-06
[train] step=2936 loss=0.076191 lr=7.034e-06
[train] step=2937 loss=0.078337 lr=7.032e-06
[train] step=2938 loss=0.080144 lr=7.030e-06
[train] step=2939 loss=0.084873 lr=7.028e-06
[train] step=2940 loss=0.077136 lr=7.026e-06
[train] step=2941 loss=0.131139 lr=7.025e-06
[train] step=2942 loss=0.056373 lr=7.023e-06
[train] step=2943 loss=0.078005 lr=7.021e-06
[train] step=2944 loss=0.114794 lr=7.019e-06
[train] step=2945 loss=0.076923 lr=7.018e-06
[train] step=2946 loss=0.138635 lr=7.016e-06
[train] step=2947 loss=0.076571 lr=7.014e-06
[train] step=2948 loss=0.074861 lr=7.012e-06
[train] step=2949 loss=0.059588 lr=7.010e-06
[train] step=2950 loss=0.068850 lr=7.009e-06
[train] step=2951 loss=0.078358 lr=7.007e-06
[train] step=2952 loss=0.106435 lr=7.005e-06
[train] step=2953 loss=0.082483 lr=7.003e-06
[train] step=2954 loss=0.053637 lr=7.001e-06
[train] step=2955 loss=0.068951 lr=7.000e-06
[train] step=2956 loss=0.067745 lr=6.998e-06
[train] step=2957 loss=0.082158 lr=6.996e-06
[train] step=2958 loss=0.092041 lr=6.994e-06
[train] step=2959 loss=0.092116 lr=6.992e-06
[train] step=2960 loss=0.089163 lr=6.991e-06
[train] step=2961 loss=0.090607 lr=6.989e-06
[train] step=2962 loss=0.090593 lr=6.987e-06
[train] step=2963 loss=0.034617 lr=6.985e-06
[train] step=2964 loss=0.057872 lr=6.983e-06
[train] step=2965 loss=0.061563 lr=6.982e-06
[train] step=2966 loss=0.048601 lr=6.980e-06
[train] step=2967 loss=0.071651 lr=6.978e-06
[train] step=2968 loss=0.065182 lr=6.976e-06
[train] step=2969 loss=0.102373 lr=6.974e-06
[train] step=2970 loss=0.073175 lr=6.973e-06
[train] step=2971 loss=0.132914 lr=6.971e-06
[train] step=2972 loss=0.085988 lr=6.969e-06
[train] step=2973 loss=0.067618 lr=6.967e-06
[train] step=2974 loss=0.052380 lr=6.965e-06
[train] step=2975 loss=0.101187 lr=6.964e-06
[train] step=2976 loss=0.066906 lr=6.962e-06
[train] step=2977 loss=0.065046 lr=6.960e-06
[train] step=2978 loss=0.097229 lr=6.958e-06
[train] step=2979 loss=0.060590 lr=6.956e-06
[train] step=2980 loss=0.082213 lr=6.954e-06
[train] step=2981 loss=0.067766 lr=6.953e-06
[train] step=2982 loss=0.214247 lr=6.951e-06
[train] step=2983 loss=0.119479 lr=6.949e-06
[train] step=2984 loss=0.100067 lr=6.947e-06
[train] step=2985 loss=0.062253 lr=6.945e-06
[train] step=2986 loss=0.083094 lr=6.944e-06
[train] step=2987 loss=0.058005 lr=6.942e-06
[train] step=2988 loss=0.078763 lr=6.940e-06
[train] step=2989 loss=0.211977 lr=6.938e-06
[train] step=2990 loss=0.067326 lr=6.936e-06
[train] step=2991 loss=0.046210 lr=6.935e-06
[train] step=2992 loss=0.081026 lr=6.933e-06
[train] step=2993 loss=0.221471 lr=6.931e-06
[train] step=2994 loss=0.161997 lr=6.929e-06
[train] step=2995 loss=0.104985 lr=6.927e-06
[train] step=2996 loss=0.074285 lr=6.926e-06
[train] step=2997 loss=0.114823 lr=6.924e-06
[train] step=2998 loss=0.114958 lr=6.922e-06
[train] step=2999 loss=0.061660 lr=6.920e-06
[train] step=3000 loss=0.056691 lr=6.918e-06
[val] step=3000 val_loss=0.090561
INFO     [rank 0] Model weights for step 3000 saved in       dit_trainer.py:1288
         checkpoints/model_weights_step_03000.safetensors                       
INFO     [rank 0] Scalar embedding weights for step 3000     dit_trainer.py:1297
         saved                                                                  
INFO     [rank 0] Training state saved:                      dit_trainer.py:1416
         checkpoints/model_weights_step_03000.state.pt                          
INFO     [rank 0] New best checkpoint (step 3000,            dit_trainer.py:1320
         val_loss=0.090561):                                                    
         checkpoints/model_weights_best.safetensors                             
DEBUG    [rank 0] Removed old checkpoint:                    dit_trainer.py:1429
         /hppfs/scratch/0D/go76fuz2/windinet/outputs/shockwa                    
         ve_dit_sds_w0p01/checkpoints/model_weights_step_027                    
         60.safetensors                                                         
DEBUG    [rank 0] Removed old checkpoint:                    dit_trainer.py:1429
         /hppfs/scratch/0D/go76fuz2/windinet/outputs/shockwa                    
         ve_dit_sds_w0p01/checkpoints/scalar_embedding_step_                    
         02760.safetensors                                                      
DEBUG    [rank 0] Removed optimizer state for older kept     dit_trainer.py:1444
         checkpoint:                                                            
         /hppfs/scratch/0D/go76fuz2/windinet/outputs/shockwa                    
         ve_dit_sds_w0p01/checkpoints/model_weights_step_028                    
         80.state.pt                                                            
[epoch 25] step=3000 train_loss=0.090629 val_loss=0.090561
[train] step=3001 loss=0.066359 lr=6.917e-06
[train] step=3002 loss=0.084502 lr=6.915e-06
[train] step=3003 loss=0.091920 lr=6.913e-06
[train] step=3004 loss=0.096377 lr=6.911e-06
[train] step=3005 loss=0.078068 lr=6.909e-06
[train] step=3006 loss=0.112465 lr=6.907e-06
[train] step=3007 loss=0.077822 lr=6.906e-06
[train] step=3008 loss=0.072499 lr=6.904e-06
[train] step=3009 loss=0.074692 lr=6.902e-06
[train] step=3010 loss=0.114292 lr=6.900e-06
[train] step=3011 loss=0.046915 lr=6.898e-06
[train] step=3012 loss=0.052295 lr=6.897e-06
[train] step=3013 loss=0.047221 lr=6.895e-06
[train] step=3014 loss=0.060541 lr=6.893e-06
[train] step=3015 loss=0.052187 lr=6.891e-06
[train] step=3016 loss=0.104306 lr=6.889e-06
[train] step=3017 loss=0.104484 lr=6.887e-06
[train] step=3018 loss=0.089219 lr=6.886e-06
[train] step=3019 loss=0.250849 lr=6.884e-06
[train] step=3020 loss=0.070895 lr=6.882e-06
[train] step=3021 loss=0.047772 lr=6.880e-06
[train] step=3022 loss=0.053071 lr=6.878e-06
[train] step=3023 loss=0.066963 lr=6.877e-06
[train] step=3024 loss=0.091622 lr=6.875e-06
[train] step=3025 loss=0.077915 lr=6.873e-06
[train] step=3026 loss=0.056931 lr=6.871e-06
[train] step=3027 loss=0.054225 lr=6.869e-06
[train] step=3028 loss=0.079759 lr=6.867e-06
[train] step=3029 loss=0.084342 lr=6.866e-06
[train] step=3030 loss=0.061727 lr=6.864e-06
[train] step=3031 loss=0.078406 lr=6.862e-06
[train] step=3032 loss=0.127565 lr=6.860e-06
[train] step=3033 loss=0.240623 lr=6.858e-06
[train] step=3034 loss=0.072531 lr=6.857e-06
[train] step=3035 loss=0.098741 lr=6.855e-06
[train] step=3036 loss=0.073578 lr=6.853e-06
[train] step=3037 loss=0.144617 lr=6.851e-06
[train] step=3038 loss=0.052448 lr=6.849e-06
[train] step=3039 loss=0.077192 lr=6.847e-06
[train] step=3040 loss=0.093939 lr=6.846e-06
[train] step=3041 loss=0.092191 lr=6.844e-06
[train] step=3042 loss=0.105986 lr=6.842e-06
[train] step=3043 loss=0.138071 lr=6.840e-06
[train] step=3044 loss=0.069984 lr=6.838e-06
[train] step=3045 loss=0.099234 lr=6.836e-06
[train] step=3046 loss=0.065656 lr=6.835e-06
[train] step=3047 loss=0.043015 lr=6.833e-06
[train] step=3048 loss=0.119319 lr=6.831e-06
[train] step=3049 loss=0.079860 lr=6.829e-06
[train] step=3050 loss=0.084964 lr=6.827e-06
[train] step=3051 loss=0.109882 lr=6.826e-06
[train] step=3052 loss=0.103007 lr=6.824e-06
[train] step=3053 loss=0.074842 lr=6.822e-06
[train] step=3054 loss=0.091632 lr=6.820e-06
[train] step=3055 loss=0.039956 lr=6.818e-06
[train] step=3056 loss=0.084191 lr=6.816e-06
[train] step=3057 loss=0.117687 lr=6.815e-06
[train] step=3058 loss=0.103538 lr=6.813e-06
[train] step=3059 loss=0.044497 lr=6.811e-06
[train] step=3060 loss=0.092272 lr=6.809e-06
[train] step=3061 loss=0.068576 lr=6.807e-06
[train] step=3062 loss=0.078512 lr=6.805e-06
[train] step=3063 loss=0.100694 lr=6.804e-06
[train] step=3064 loss=0.093986 lr=6.802e-06
[train] step=3065 loss=0.071505 lr=6.800e-06
[train] step=3066 loss=0.102620 lr=6.798e-06
[train] step=3067 loss=0.079361 lr=6.796e-06
[train] step=3068 loss=0.059766 lr=6.794e-06
[train] step=3069 loss=0.095211 lr=6.793e-06
[train] step=3070 loss=0.116411 lr=6.791e-06
[train] step=3071 loss=0.133918 lr=6.789e-06
[train] step=3072 loss=0.122873 lr=6.787e-06
[train] step=3073 loss=0.073530 lr=6.785e-06
[train] step=3074 loss=0.088673 lr=6.783e-06
[train] step=3075 loss=0.081131 lr=6.782e-06
[train] step=3076 loss=0.059064 lr=6.780e-06
[train] step=3077 loss=0.087794 lr=6.778e-06
[train] step=3078 loss=0.078822 lr=6.776e-06
[train] step=3079 loss=0.098536 lr=6.774e-06
[train] step=3080 loss=0.081590 lr=6.772e-06
[train] step=3081 loss=0.067497 lr=6.771e-06
[train] step=3082 loss=0.066515 lr=6.769e-06
[train] step=3083 loss=0.178059 lr=6.767e-06
[train] step=3084 loss=0.076001 lr=6.765e-06
[train] step=3085 loss=0.052225 lr=6.763e-06
[train] step=3086 loss=0.045062 lr=6.761e-06
[train] step=3087 loss=0.102259 lr=6.760e-06
[train] step=3088 loss=0.062519 lr=6.758e-06
[train] step=3089 loss=0.063220 lr=6.756e-06
[train] step=3090 loss=0.070447 lr=6.754e-06
[train] step=3091 loss=0.091927 lr=6.752e-06
[train] step=3092 loss=0.070814 lr=6.750e-06
[train] step=3093 loss=0.110039 lr=6.749e-06
[train] step=3094 loss=0.094227 lr=6.747e-06
[train] step=3095 loss=0.151647 lr=6.745e-06
[train] step=3096 loss=0.083529 lr=6.743e-06
[train] step=3097 loss=0.061796 lr=6.741e-06
[train] step=3098 loss=0.052148 lr=6.739e-06
[train] step=3099 loss=0.081364 lr=6.738e-06
[train] step=3100 loss=0.097699 lr=6.736e-06
[train] step=3101 loss=0.073786 lr=6.734e-06
[train] step=3102 loss=0.067736 lr=6.732e-06
[train] step=3103 loss=0.122760 lr=6.730e-06
[train] step=3104 loss=0.084092 lr=6.728e-06
[train] step=3105 loss=0.070239 lr=6.726e-06
[train] step=3106 loss=0.095033 lr=6.725e-06
[train] step=3107 loss=0.059703 lr=6.723e-06
[train] step=3108 loss=0.101279 lr=6.721e-06
[train] step=3109 loss=0.089947 lr=6.719e-06
[train] step=3110 loss=0.072485 lr=6.717e-06
[train] step=3111 loss=0.080473 lr=6.715e-06
[train] step=3112 loss=0.121828 lr=6.714e-06
[train] step=3113 loss=0.079853 lr=6.712e-06
[train] step=3114 loss=0.114275 lr=6.710e-06
[train] step=3115 loss=0.058647 lr=6.708e-06
[train] step=3116 loss=0.115173 lr=6.706e-06
[train] step=3117 loss=0.079290 lr=6.704e-06
[train] step=3118 loss=0.057938 lr=6.703e-06
[train] step=3119 loss=0.070054 lr=6.701e-06
[train] step=3120 loss=0.073382 lr=6.699e-06
INFO     [rank 0] Model weights for step 3120 saved in       dit_trainer.py:1288
         checkpoints/model_weights_step_03120.safetensors                       
INFO     [rank 0] Scalar embedding weights for step 3120     dit_trainer.py:1297
         saved                                                                  
INFO     [rank 0] Training state saved:                      dit_trainer.py:1416
         checkpoints/model_weights_step_03120.state.pt                          
DEBUG    [rank 0] Removed old checkpoint:                    dit_trainer.py:1429
         /hppfs/scratch/0D/go76fuz2/windinet/outputs/shockwa                    
         ve_dit_sds_w0p01/checkpoints/model_weights_step_028                    
         80.safetensors                                                         
DEBUG    [rank 0] Removed old checkpoint:                    dit_trainer.py:1429
         /hppfs/scratch/0D/go76fuz2/windinet/outputs/shockwa                    
         ve_dit_sds_w0p01/checkpoints/scalar_embedding_step_                    
         02880.safetensors                                                      
DEBUG    [rank 0] Removed optimizer state for older kept     dit_trainer.py:1444
         checkpoint:                                                            
         /hppfs/scratch/0D/go76fuz2/windinet/outputs/shockwa                    
         ve_dit_sds_w0p01/checkpoints/model_weights_step_030                    
         00.state.pt                                                            
[epoch 26] step=3120 train_loss=0.086371
[train] step=3121 loss=0.078490 lr=6.697e-06
[train] step=3122 loss=0.061233 lr=6.695e-06
[train] step=3123 loss=0.078492 lr=6.693e-06
[train] step=3124 loss=0.081565 lr=6.691e-06
[train] step=3125 loss=0.124331 lr=6.690e-06
[train] step=3126 loss=0.090421 lr=6.688e-06
[train] step=3127 loss=0.068951 lr=6.686e-06
[train] step=3128 loss=0.063489 lr=6.684e-06
[train] step=3129 loss=0.267376 lr=6.682e-06
[train] step=3130 loss=0.052121 lr=6.680e-06
[train] step=3131 loss=0.078638 lr=6.679e-06
[train] step=3132 loss=0.095364 lr=6.677e-06
[train] step=3133 loss=0.127493 lr=6.675e-06
[train] step=3134 loss=0.047285 lr=6.673e-06
[train] step=3135 loss=0.083701 lr=6.671e-06
[train] step=3136 loss=0.109220 lr=6.669e-06
[train] step=3137 loss=0.085614 lr=6.667e-06
[train] step=3138 loss=0.064563 lr=6.666e-06
[train] step=3139 loss=0.046915 lr=6.664e-06
[train] step=3140 loss=0.093042 lr=6.662e-06
[train] step=3141 loss=0.062536 lr=6.660e-06
[train] step=3142 loss=0.085361 lr=6.658e-06
[train] step=3143 loss=0.065258 lr=6.656e-06
[train] step=3144 loss=0.073219 lr=6.654e-06
[train] step=3145 loss=0.083215 lr=6.653e-06
[train] step=3146 loss=0.106910 lr=6.651e-06
[train] step=3147 loss=0.118712 lr=6.649e-06
[train] step=3148 loss=0.135260 lr=6.647e-06
[train] step=3149 loss=0.090501 lr=6.645e-06
[train] step=3150 loss=0.057836 lr=6.643e-06
[train] step=3151 loss=0.040286 lr=6.642e-06
[train] step=3152 loss=0.092031 lr=6.640e-06
[train] step=3153 loss=0.048430 lr=6.638e-06
[train] step=3154 loss=0.065938 lr=6.636e-06
[train] step=3155 loss=0.088841 lr=6.634e-06
[train] step=3156 loss=0.154058 lr=6.632e-06
[train] step=3157 loss=0.123022 lr=6.630e-06
[train] step=3158 loss=0.091420 lr=6.629e-06
[train] step=3159 loss=0.093585 lr=6.627e-06
[train] step=3160 loss=0.066401 lr=6.625e-06
[train] step=3161 loss=0.104672 lr=6.623e-06
[train] step=3162 loss=0.042181 lr=6.621e-06
[train] step=3163 loss=0.084361 lr=6.619e-06
[train] step=3164 loss=0.087703 lr=6.617e-06
[train] step=3165 loss=0.092659 lr=6.616e-06
[train] step=3166 loss=0.064432 lr=6.614e-06
[train] step=3167 loss=0.073245 lr=6.612e-06
[train] step=3168 loss=0.067242 lr=6.610e-06
[train] step=3169 loss=0.055245 lr=6.608e-06
[train] step=3170 loss=0.068077 lr=6.606e-06
[train] step=3171 loss=0.078070 lr=6.604e-06
[train] step=3172 loss=0.068707 lr=6.603e-06
[train] step=3173 loss=0.072296 lr=6.601e-06
[train] step=3174 loss=0.125720 lr=6.599e-06
[train] step=3175 loss=0.113014 lr=6.597e-06
[train] step=3176 loss=0.039244 lr=6.595e-06
[train] step=3177 loss=0.083081 lr=6.593e-06
[train] step=3178 loss=0.089214 lr=6.591e-06
[train] step=3179 loss=0.236010 lr=6.590e-06
[train] step=3180 loss=0.125143 lr=6.588e-06
[train] step=3181 loss=0.106548 lr=6.586e-06
[train] step=3182 loss=0.100490 lr=6.584e-06
[train] step=3183 loss=0.063724 lr=6.582e-06
[train] step=3184 loss=0.073624 lr=6.580e-06
[train] step=3185 loss=0.092211 lr=6.578e-06
[train] step=3186 loss=0.050650 lr=6.576e-06
[train] step=3187 loss=0.148850 lr=6.575e-06
[train] step=3188 loss=0.072289 lr=6.573e-06
[train] step=3189 loss=0.086447 lr=6.571e-06
[train] step=3190 loss=0.075275 lr=6.569e-06
[train] step=3191 loss=0.099246 lr=6.567e-06
[train] step=3192 loss=0.062346 lr=6.565e-06
[train] step=3193 loss=0.068931 lr=6.563e-06
[train] step=3194 loss=0.096805 lr=6.562e-06
[train] step=3195 loss=0.051576 lr=6.560e-06
[train] step=3196 loss=0.104541 lr=6.558e-06
[train] step=3197 loss=0.068292 lr=6.556e-06
[train] step=3198 loss=0.085201 lr=6.554e-06
[train] step=3199 loss=0.081408 lr=6.552e-06
[train] step=3200 loss=0.085638 lr=6.550e-06
[train] step=3201 loss=0.068995 lr=6.549e-06
[train] step=3202 loss=0.085722 lr=6.547e-06
[train] step=3203 loss=0.087135 lr=6.545e-06
[train] step=3204 loss=0.142411 lr=6.543e-06
[train] step=3205 loss=0.075757 lr=6.541e-06
[train] step=3206 loss=0.076326 lr=6.539e-06
[train] step=3207 loss=0.090373 lr=6.537e-06
[train] step=3208 loss=0.084269 lr=6.535e-06
[train] step=3209 loss=0.064175 lr=6.534e-06
[train] step=3210 loss=0.201772 lr=6.532e-06
[train] step=3211 loss=0.086695 lr=6.530e-06
[train] step=3212 loss=0.112842 lr=6.528e-06
[train] step=3213 loss=0.082160 lr=6.526e-06
[train] step=3214 loss=0.089709 lr=6.524e-06
[train] step=3215 loss=0.061274 lr=6.522e-06
[train] step=3216 loss=0.130842 lr=6.521e-06
[train] step=3217 loss=0.099719 lr=6.519e-06
[train] step=3218 loss=0.062587 lr=6.517e-06
[train] step=3219 loss=0.102257 lr=6.515e-06
[train] step=3220 loss=0.094953 lr=6.513e-06
[train] step=3221 loss=0.075578 lr=6.511e-06
[train] step=3222 loss=0.094449 lr=6.509e-06
[train] step=3223 loss=0.101875 lr=6.507e-06
[train] step=3224 loss=0.166637 lr=6.506e-06
[train] step=3225 loss=0.085721 lr=6.504e-06
[train] step=3226 loss=0.224087 lr=6.502e-06
[train] step=3227 loss=0.081884 lr=6.500e-06
[train] step=3228 loss=0.061905 lr=6.498e-06
[train] step=3229 loss=0.108050 lr=6.496e-06
[train] step=3230 loss=0.081254 lr=6.494e-06
[train] step=3231 loss=0.095444 lr=6.492e-06
[train] step=3232 loss=0.078042 lr=6.491e-06
[train] step=3233 loss=0.083228 lr=6.489e-06
[train] step=3234 loss=0.050365 lr=6.487e-06
[train] step=3235 loss=0.134084 lr=6.485e-06
[train] step=3236 loss=0.093310 lr=6.483e-06
[train] step=3237 loss=0.089586 lr=6.481e-06
[train] step=3238 loss=0.046908 lr=6.479e-06
[train] step=3239 loss=0.058204 lr=6.477e-06
[train] step=3240 loss=0.121691 lr=6.476e-06
INFO     [rank 0] Model weights for step 3240 saved in       dit_trainer.py:1288
         checkpoints/model_weights_step_03240.safetensors                       
INFO     [rank 0] Scalar embedding weights for step 3240     dit_trainer.py:1297
         saved                                                                  
INFO     [rank 0] Training state saved:                      dit_trainer.py:1416
         checkpoints/model_weights_step_03240.state.pt                          
DEBUG    [rank 0] Removed old checkpoint:                    dit_trainer.py:1429
         /hppfs/scratch/0D/go76fuz2/windinet/outputs/shockwa                    
         ve_dit_sds_w0p01/checkpoints/model_weights_step_030                    
         00.safetensors                                                         
DEBUG    [rank 0] Removed old checkpoint:                    dit_trainer.py:1429
         /hppfs/scratch/0D/go76fuz2/windinet/outputs/shockwa                    
         ve_dit_sds_w0p01/checkpoints/scalar_embedding_step_                    
         03000.safetensors                                                      
DEBUG    [rank 0] Removed optimizer state for older kept     dit_trainer.py:1444
         checkpoint:                                                            
         /hppfs/scratch/0D/go76fuz2/windinet/outputs/shockwa                    
         ve_dit_sds_w0p01/checkpoints/model_weights_step_031                    
         20.state.pt                                                            
[epoch 27] step=3240 train_loss=0.089746
[train] step=3241 loss=0.090548 lr=6.474e-06
[train] step=3242 loss=0.069365 lr=6.472e-06
[train] step=3243 loss=0.110137 lr=6.470e-06
[train] step=3244 loss=0.077377 lr=6.468e-06
[train] step=3245 loss=0.075825 lr=6.466e-06
[train] step=3246 loss=0.068854 lr=6.464e-06
[train] step=3247 loss=0.074270 lr=6.462e-06
[train] step=3248 loss=0.081415 lr=6.461e-06
[train] step=3249 loss=0.107664 lr=6.459e-06
[train] step=3250 loss=0.074169 lr=6.457e-06
[train] step=3251 loss=0.060817 lr=6.455e-06
[train] step=3252 loss=0.054811 lr=6.453e-06
[train] step=3253 loss=0.069818 lr=6.451e-06
[train] step=3254 loss=0.061206 lr=6.449e-06
[train] step=3255 loss=0.071141 lr=6.447e-06
[train] step=3256 loss=0.152107 lr=6.446e-06
[train] step=3257 loss=0.101260 lr=6.444e-06
[train] step=3258 loss=0.062193 lr=6.442e-06
[train] step=3259 loss=0.062123 lr=6.440e-06
[train] step=3260 loss=0.058979 lr=6.438e-06
[train] step=3261 loss=0.075002 lr=6.436e-06
[train] step=3262 loss=0.093535 lr=6.434e-06
[train] step=3263 loss=0.081107 lr=6.432e-06
[train] step=3264 loss=0.103750 lr=6.431e-06
[train] step=3265 loss=0.101017 lr=6.429e-06
[train] step=3266 loss=0.072462 lr=6.427e-06
[train] step=3267 loss=0.063518 lr=6.425e-06
[train] step=3268 loss=0.121661 lr=6.423e-06
[train] step=3269 loss=0.066995 lr=6.421e-06
[train] step=3270 loss=0.027391 lr=6.419e-06
[train] step=3271 loss=0.082984 lr=6.417e-06
[train] step=3272 loss=0.123843 lr=6.416e-06
[train] step=3273 loss=0.054409 lr=6.414e-06
[train] step=3274 loss=0.074755 lr=6.412e-06
[train] step=3275 loss=0.244595 lr=6.410e-06
[train] step=3276 loss=0.088423 lr=6.408e-06
[train] step=3277 loss=0.044117 lr=6.406e-06
[train] step=3278 loss=0.108499 lr=6.404e-06
[train] step=3279 loss=0.063581 lr=6.402e-06
[train] step=3280 loss=0.074977 lr=6.400e-06
[train] step=3281 loss=0.075187 lr=6.399e-06
[train] step=3282 loss=0.067610 lr=6.397e-06
[train] step=3283 loss=0.118705 lr=6.395e-06
[train] step=3284 loss=0.050852 lr=6.393e-06
[train] step=3285 loss=0.067931 lr=6.391e-06
[train] step=3286 loss=0.084241 lr=6.389e-06
[train] step=3287 loss=0.089489 lr=6.387e-06
[train] step=3288 loss=0.036922 lr=6.385e-06
[train] step=3289 loss=0.060683 lr=6.383e-06
[train] step=3290 loss=0.073487 lr=6.382e-06
[train] step=3291 loss=0.202956 lr=6.380e-06
[train] step=3292 loss=0.132420 lr=6.378e-06
[train] step=3293 loss=0.087867 lr=6.376e-06
[train] step=3294 loss=0.073938 lr=6.374e-06
[train] step=3295 loss=0.088183 lr=6.372e-06
[train] step=3296 loss=0.087700 lr=6.370e-06
[train] step=3297 loss=0.116493 lr=6.368e-06
[train] step=3298 loss=0.086916 lr=6.367e-06
[train] step=3299 loss=0.073974 lr=6.365e-06
[train] step=3300 loss=0.123721 lr=6.363e-06
[train] step=3301 loss=0.087657 lr=6.361e-06
[train] step=3302 loss=0.080264 lr=6.359e-06
[train] step=3303 loss=0.080003 lr=6.357e-06
[train] step=3304 loss=0.050184 lr=6.355e-06
[train] step=3305 loss=0.094312 lr=6.353e-06
[train] step=3306 loss=0.087061 lr=6.351e-06
[train] step=3307 loss=0.096126 lr=6.350e-06
[train] step=3308 loss=0.094724 lr=6.348e-06
[train] step=3309 loss=0.085567 lr=6.346e-06
[train] step=3310 loss=0.078613 lr=6.344e-06
[train] step=3311 loss=0.065859 lr=6.342e-06
[train] step=3312 loss=0.062693 lr=6.340e-06
[train] step=3313 loss=0.095765 lr=6.338e-06
[train] step=3314 loss=0.056488 lr=6.336e-06
[train] step=3315 loss=0.073425 lr=6.334e-06
[train] step=3316 loss=0.058165 lr=6.333e-06
[train] step=3317 loss=0.079627 lr=6.331e-06
[train] step=3318 loss=0.102454 lr=6.329e-06
[train] step=3319 loss=0.093882 lr=6.327e-06
[train] step=3320 loss=0.100191 lr=6.325e-06
[train] step=3321 loss=0.063497 lr=6.323e-06
[train] step=3322 loss=0.067332 lr=6.321e-06
[train] step=3323 loss=0.061697 lr=6.319e-06
[train] step=3324 loss=0.068397 lr=6.317e-06
[train] step=3325 loss=0.082905 lr=6.315e-06
[train] step=3326 loss=0.066511 lr=6.314e-06
[train] step=3327 loss=0.063314 lr=6.312e-06
[train] step=3328 loss=0.055453 lr=6.310e-06
[train] step=3329 loss=0.066661 lr=6.308e-06
[train] step=3330 loss=0.077989 lr=6.306e-06
[train] step=3331 loss=0.078574 lr=6.304e-06
[train] step=3332 loss=0.099163 lr=6.302e-06
[train] step=3333 loss=0.071994 lr=6.300e-06
[train] step=3334 loss=0.075113 lr=6.298e-06
[train] step=3335 loss=0.089333 lr=6.297e-06
[train] step=3336 loss=0.062702 lr=6.295e-06
[train] step=3337 loss=0.051774 lr=6.293e-06
[train] step=3338 loss=0.104825 lr=6.291e-06
[train] step=3339 loss=0.086837 lr=6.289e-06
[train] step=3340 loss=0.074034 lr=6.287e-06
[train] step=3341 loss=0.078435 lr=6.285e-06
[train] step=3342 loss=0.070712 lr=6.283e-06
[train] step=3343 loss=0.063075 lr=6.281e-06
[train] step=3344 loss=0.073814 lr=6.279e-06
[train] step=3345 loss=0.064605 lr=6.278e-06
[train] step=3346 loss=0.049226 lr=6.276e-06
[train] step=3347 loss=0.081506 lr=6.274e-06
[train] step=3348 loss=0.087083 lr=6.272e-06
[train] step=3349 loss=0.100229 lr=6.270e-06
[train] step=3350 loss=0.052764 lr=6.268e-06
[train] step=3351 loss=0.096074 lr=6.266e-06
[train] step=3352 loss=0.052100 lr=6.264e-06
[train] step=3353 loss=0.071000 lr=6.262e-06
[train] step=3354 loss=0.068928 lr=6.261e-06
[train] step=3355 loss=0.100096 lr=6.259e-06
[train] step=3356 loss=0.057369 lr=6.257e-06
[train] step=3357 loss=0.077946 lr=6.255e-06
[train] step=3358 loss=0.091460 lr=6.253e-06
[train] step=3359 loss=0.087469 lr=6.251e-06
[train] step=3360 loss=0.035075 lr=6.249e-06
INFO     [rank 0] Model weights for step 3360 saved in       dit_trainer.py:1288
         checkpoints/model_weights_step_03360.safetensors                       
INFO     [rank 0] Scalar embedding weights for step 3360     dit_trainer.py:1297
         saved                                                                  
INFO     [rank 0] Training state saved:                      dit_trainer.py:1416
         checkpoints/model_weights_step_03360.state.pt                          
DEBUG    [rank 0] Removed old checkpoint:                    dit_trainer.py:1429
         /hppfs/scratch/0D/go76fuz2/windinet/outputs/shockwa                    
         ve_dit_sds_w0p01/checkpoints/model_weights_step_031                    
         20.safetensors                                                         
DEBUG    [rank 0] Removed old checkpoint:                    dit_trainer.py:1429
         /hppfs/scratch/0D/go76fuz2/windinet/outputs/shockwa                    
         ve_dit_sds_w0p01/checkpoints/scalar_embedding_step_                    
         03120.safetensors                                                      
DEBUG    [rank 0] Removed optimizer state for older kept     dit_trainer.py:1444
         checkpoint:                                                            
         /hppfs/scratch/0D/go76fuz2/windinet/outputs/shockwa                    
         ve_dit_sds_w0p01/checkpoints/model_weights_step_032                    
         40.state.pt                                                            
[epoch 28] step=3360 train_loss=0.081556
[train] step=3361 loss=0.096516 lr=6.247e-06
[train] step=3362 loss=0.074563 lr=6.245e-06
[train] step=3363 loss=0.094935 lr=6.243e-06
[train] step=3364 loss=0.081373 lr=6.242e-06
[train] step=3365 loss=0.090322 lr=6.240e-06
[train] step=3366 loss=0.092209 lr=6.238e-06
[train] step=3367 loss=0.084200 lr=6.236e-06
[train] step=3368 loss=0.089153 lr=6.234e-06
[train] step=3369 loss=0.109371 lr=6.232e-06
[train] step=3370 loss=0.097257 lr=6.230e-06
[train] step=3371 loss=0.081010 lr=6.228e-06
[train] step=3372 loss=0.079614 lr=6.226e-06
[train] step=3373 loss=0.085396 lr=6.224e-06
[train] step=3374 loss=0.094608 lr=6.222e-06
[train] step=3375 loss=0.079783 lr=6.221e-06
[train] step=3376 loss=0.089704 lr=6.219e-06
[train] step=3377 loss=0.085597 lr=6.217e-06
[train] step=3378 loss=0.068842 lr=6.215e-06
[train] step=3379 loss=0.210450 lr=6.213e-06
[train] step=3380 loss=0.096615 lr=6.211e-06
[train] step=3381 loss=0.109147 lr=6.209e-06
[train] step=3382 loss=0.077851 lr=6.207e-06
[train] step=3383 loss=0.060892 lr=6.205e-06
[train] step=3384 loss=0.065577 lr=6.203e-06
[train] step=3385 loss=0.088059 lr=6.202e-06
[train] step=3386 loss=0.089492 lr=6.200e-06
[train] step=3387 loss=0.083293 lr=6.198e-06
[train] step=3388 loss=0.052048 lr=6.196e-06
[train] step=3389 loss=0.070223 lr=6.194e-06
[train] step=3390 loss=0.108197 lr=6.192e-06
[train] step=3391 loss=0.052644 lr=6.190e-06
[train] step=3392 loss=0.041762 lr=6.188e-06
[train] step=3393 loss=0.055468 lr=6.186e-06
[train] step=3394 loss=0.112676 lr=6.184e-06
[train] step=3395 loss=0.135478 lr=6.183e-06
[train] step=3396 loss=0.082391 lr=6.181e-06
[train] step=3397 loss=0.056539 lr=6.179e-06
[train] step=3398 loss=0.082301 lr=6.177e-06
[train] step=3399 loss=0.170495 lr=6.175e-06
[train] step=3400 loss=0.102334 lr=6.173e-06
[train] step=3401 loss=0.060533 lr=6.171e-06
[train] step=3402 loss=0.052461 lr=6.169e-06
[train] step=3403 loss=0.121793 lr=6.167e-06
[train] step=3404 loss=0.108459 lr=6.165e-06
[train] step=3405 loss=0.086703 lr=6.163e-06
[train] step=3406 loss=0.109966 lr=6.162e-06
[train] step=3407 loss=0.095910 lr=6.160e-06
[train] step=3408 loss=0.053109 lr=6.158e-06
[train] step=3409 loss=0.089815 lr=6.156e-06
[train] step=3410 loss=0.085007 lr=6.154e-06
[train] step=3411 loss=0.086711 lr=6.152e-06
[train] step=3412 loss=0.123967 lr=6.150e-06
[train] step=3413 loss=0.078728 lr=6.148e-06
[train] step=3414 loss=0.063733 lr=6.146e-06
[train] step=3415 loss=0.049447 lr=6.144e-06
[train] step=3416 loss=0.106868 lr=6.142e-06
[train] step=3417 loss=0.069937 lr=6.141e-06
[train] step=3418 loss=0.053099 lr=6.139e-06
[train] step=3419 loss=0.078692 lr=6.137e-06
[train] step=3420 loss=0.097606 lr=6.135e-06
[train] step=3421 loss=0.045362 lr=6.133e-06
[train] step=3422 loss=0.060899 lr=6.131e-06
[train] step=3423 loss=0.075165 lr=6.129e-06
[train] step=3424 loss=0.051597 lr=6.127e-06
[train] step=3425 loss=0.073527 lr=6.125e-06
[train] step=3426 loss=0.110764 lr=6.123e-06
[train] step=3427 loss=0.074427 lr=6.121e-06
[train] step=3428 loss=0.118409 lr=6.119e-06
[train] step=3429 loss=0.026401 lr=6.118e-06
[train] step=3430 loss=0.092220 lr=6.116e-06
[train] step=3431 loss=0.053359 lr=6.114e-06
[train] step=3432 loss=0.068725 lr=6.112e-06
[train] step=3433 loss=0.114983 lr=6.110e-06
[train] step=3434 loss=0.082856 lr=6.108e-06
[train] step=3435 loss=0.072416 lr=6.106e-06
[train] step=3436 loss=0.063611 lr=6.104e-06
[train] step=3437 loss=0.085315 lr=6.102e-06
[train] step=3438 loss=0.070361 lr=6.100e-06
[train] step=3439 loss=0.113510 lr=6.098e-06
[train] step=3440 loss=0.051069 lr=6.097e-06
[train] step=3441 loss=0.065469 lr=6.095e-06
[train] step=3442 loss=0.068450 lr=6.093e-06
[train] step=3443 loss=0.077314 lr=6.091e-06
[train] step=3444 loss=0.074351 lr=6.089e-06
[train] step=3445 loss=0.060168 lr=6.087e-06
[train] step=3446 loss=0.041761 lr=6.085e-06
[train] step=3447 loss=0.060580 lr=6.083e-06
[train] step=3448 loss=0.081776 lr=6.081e-06
[train] step=3449 loss=0.068989 lr=6.079e-06
[train] step=3450 loss=0.146587 lr=6.077e-06
[train] step=3451 loss=0.076299 lr=6.075e-06
[train] step=3452 loss=0.086410 lr=6.074e-06
[train] step=3453 loss=0.099509 lr=6.072e-06
[train] step=3454 loss=0.084039 lr=6.070e-06
[train] step=3455 loss=0.092921 lr=6.068e-06
[train] step=3456 loss=0.086452 lr=6.066e-06
[train] step=3457 loss=0.159815 lr=6.064e-06
[train] step=3458 loss=0.098049 lr=6.062e-06
[train] step=3459 loss=0.066617 lr=6.060e-06
[train] step=3460 loss=0.136098 lr=6.058e-06
[train] step=3461 loss=0.055635 lr=6.056e-06
[train] step=3462 loss=0.057973 lr=6.054e-06
[train] step=3463 loss=0.104198 lr=6.052e-06
[train] step=3464 loss=0.076406 lr=6.051e-06
[train] step=3465 loss=0.071873 lr=6.049e-06
[train] step=3466 loss=0.079946 lr=6.047e-06
[train] step=3467 loss=0.037216 lr=6.045e-06
[train] step=3468 loss=0.082277 lr=6.043e-06
[train] step=3469 loss=0.071189 lr=6.041e-06
[train] step=3470 loss=0.060375 lr=6.039e-06
[train] step=3471 loss=0.075261 lr=6.037e-06
[train] step=3472 loss=0.115878 lr=6.035e-06
[train] step=3473 loss=0.113524 lr=6.033e-06
[train] step=3474 loss=0.070197 lr=6.031e-06
[train] step=3475 loss=0.067446 lr=6.029e-06
[train] step=3476 loss=0.069879 lr=6.028e-06
[train] step=3477 loss=0.058630 lr=6.026e-06
[train] step=3478 loss=0.090434 lr=6.024e-06
[train] step=3479 loss=0.066884 lr=6.022e-06
[train] step=3480 loss=0.064900 lr=6.020e-06
INFO     [rank 0] Model weights for step 3480 saved in       dit_trainer.py:1288
         checkpoints/model_weights_step_03480.safetensors                       
INFO     [rank 0] Scalar embedding weights for step 3480     dit_trainer.py:1297
         saved                                                                  
INFO     [rank 0] Training state saved:                      dit_trainer.py:1416
         checkpoints/model_weights_step_03480.state.pt                          
DEBUG    [rank 0] Removed old checkpoint:                    dit_trainer.py:1429
         /hppfs/scratch/0D/go76fuz2/windinet/outputs/shockwa                    
         ve_dit_sds_w0p01/checkpoints/model_weights_step_032                    
         40.safetensors                                                         
DEBUG    [rank 0] Removed old checkpoint:                    dit_trainer.py:1429
         /hppfs/scratch/0D/go76fuz2/windinet/outputs/shockwa                    
         ve_dit_sds_w0p01/checkpoints/scalar_embedding_step_                    
         03240.safetensors                                                      
DEBUG    [rank 0] Removed optimizer state for older kept     dit_trainer.py:1444
         checkpoint:                                                            
         /hppfs/scratch/0D/go76fuz2/windinet/outputs/shockwa                    
         ve_dit_sds_w0p01/checkpoints/model_weights_step_033                    
         60.state.pt                                                            
[epoch 29] step=3480 train_loss=0.082899
[train] step=3481 loss=0.103801 lr=6.018e-06
[train] step=3482 loss=0.128859 lr=6.016e-06
[train] step=3483 loss=0.046730 lr=6.014e-06
[train] step=3484 loss=0.072091 lr=6.012e-06
[train] step=3485 loss=0.088628 lr=6.010e-06
[train] step=3486 loss=0.169456 lr=6.008e-06
[train] step=3487 loss=0.058836 lr=6.006e-06
[train] step=3488 loss=0.064280 lr=6.004e-06
[train] step=3489 loss=0.056533 lr=6.003e-06
[train] step=3490 loss=0.068705 lr=6.001e-06
[train] step=3491 loss=0.092217 lr=5.999e-06
[train] step=3492 loss=0.063571 lr=5.997e-06
[train] step=3493 loss=0.109215 lr=5.995e-06
[train] step=3494 loss=0.104795 lr=5.993e-06
[train] step=3495 loss=0.040261 lr=5.991e-06
[train] step=3496 loss=0.087410 lr=5.989e-06
[train] step=3497 loss=0.135065 lr=5.987e-06
[train] step=3498 loss=0.082811 lr=5.985e-06
[train] step=3499 loss=0.043397 lr=5.983e-06
[train] step=3500 loss=0.098677 lr=5.981e-06
[train] step=3501 loss=0.113897 lr=5.979e-06
[train] step=3502 loss=0.120600 lr=5.978e-06
[train] step=3503 loss=0.078411 lr=5.976e-06
[train] step=3504 loss=0.055294 lr=5.974e-06
[train] step=3505 loss=0.110077 lr=5.972e-06
[train] step=3506 loss=0.058708 lr=5.970e-06
[train] step=3507 loss=0.081499 lr=5.968e-06
[train] step=3508 loss=0.051151 lr=5.966e-06
[train] step=3509 loss=0.097886 lr=5.964e-06
[train] step=3510 loss=0.104754 lr=5.962e-06
[train] step=3511 loss=0.113322 lr=5.960e-06
[train] step=3512 loss=0.102456 lr=5.958e-06
[train] step=3513 loss=0.083881 lr=5.956e-06
[train] step=3514 loss=0.092887 lr=5.954e-06
[train] step=3515 loss=0.108623 lr=5.953e-06
[train] step=3516 loss=0.072884 lr=5.951e-06
[train] step=3517 loss=0.079593 lr=5.949e-06
[train] step=3518 loss=0.159387 lr=5.947e-06
[train] step=3519 loss=0.086706 lr=5.945e-06
[train] step=3520 loss=0.088729 lr=5.943e-06
[train] step=3521 loss=0.099027 lr=5.941e-06
[train] step=3522 loss=0.096611 lr=5.939e-06
[train] step=3523 loss=0.099829 lr=5.937e-06
[train] step=3524 loss=0.068126 lr=5.935e-06
[train] step=3525 loss=0.097980 lr=5.933e-06
[train] step=3526 loss=0.066195 lr=5.931e-06
[train] step=3527 loss=0.100405 lr=5.929e-06
[train] step=3528 loss=0.092592 lr=5.927e-06
[train] step=3529 loss=0.152169 lr=5.926e-06
[train] step=3530 loss=0.073568 lr=5.924e-06
[train] step=3531 loss=0.069508 lr=5.922e-06
[train] step=3532 loss=0.098616 lr=5.920e-06
[train] step=3533 loss=0.201523 lr=5.918e-06
[train] step=3534 loss=0.079206 lr=5.916e-06
[train] step=3535 loss=0.115580 lr=5.914e-06
[train] step=3536 loss=0.053092 lr=5.912e-06
[train] step=3537 loss=0.093771 lr=5.910e-06
[train] step=3538 loss=0.104341 lr=5.908e-06
[train] step=3539 loss=0.074324 lr=5.906e-06
[train] step=3540 loss=0.096783 lr=5.904e-06
[train] step=3541 loss=0.055726 lr=5.902e-06
[train] step=3542 loss=0.082071 lr=5.900e-06
[train] step=3543 loss=0.076071 lr=5.899e-06
[train] step=3544 loss=0.047276 lr=5.897e-06
[train] step=3545 loss=0.113235 lr=5.895e-06
[train] step=3546 loss=0.115200 lr=5.893e-06
[train] step=3547 loss=0.079786 lr=5.891e-06
[train] step=3548 loss=0.050987 lr=5.889e-06
[train] step=3549 loss=0.135537 lr=5.887e-06
[train] step=3550 loss=0.063083 lr=5.885e-06
[train] step=3551 loss=0.117624 lr=5.883e-06
[train] step=3552 loss=0.073879 lr=5.881e-06
[train] step=3553 loss=0.072422 lr=5.879e-06
[train] step=3554 loss=0.084708 lr=5.877e-06
[train] step=3555 loss=0.044010 lr=5.875e-06
[train] step=3556 loss=0.073855 lr=5.873e-06
[train] step=3557 loss=0.077244 lr=5.872e-06
[train] step=3558 loss=0.047260 lr=5.870e-06
[train] step=3559 loss=0.075817 lr=5.868e-06
[train] step=3560 loss=0.080474 lr=5.866e-06
[train] step=3561 loss=0.092480 lr=5.864e-06
[train] step=3562 loss=0.068508 lr=5.862e-06
[train] step=3563 loss=0.077813 lr=5.860e-06
[train] step=3564 loss=0.080216 lr=5.858e-06
[train] step=3565 loss=0.090487 lr=5.856e-06
[train] step=3566 loss=0.071705 lr=5.854e-06
[train] step=3567 loss=0.088766 lr=5.852e-06
[train] step=3568 loss=0.069607 lr=5.850e-06
[train] step=3569 loss=0.064159 lr=5.848e-06
[train] step=3570 loss=0.191480 lr=5.846e-06
[train] step=3571 loss=0.048232 lr=5.844e-06
[train] step=3572 loss=0.054686 lr=5.843e-06
[train] step=3573 loss=0.086405 lr=5.841e-06
[train] step=3574 loss=0.048379 lr=5.839e-06
[train] step=3575 loss=0.092194 lr=5.837e-06
[train] step=3576 loss=0.050831 lr=5.835e-06
[train] step=3577 loss=0.100185 lr=5.833e-06
[train] step=3578 loss=0.066502 lr=5.831e-06
[train] step=3579 loss=0.081753 lr=5.829e-06
[train] step=3580 loss=0.059399 lr=5.827e-06
[train] step=3581 loss=0.095949 lr=5.825e-06
[train] step=3582 loss=0.072676 lr=5.823e-06
[train] step=3583 loss=0.071885 lr=5.821e-06
[train] step=3584 loss=0.062507 lr=5.819e-06
[train] step=3585 loss=0.046868 lr=5.817e-06
[train] step=3586 loss=0.077667 lr=5.815e-06
[train] step=3587 loss=0.109548 lr=5.814e-06
[train] step=3588 loss=0.113107 lr=5.812e-06
[train] step=3589 loss=0.084484 lr=5.810e-06
[train] step=3590 loss=0.077971 lr=5.808e-06
[train] step=3591 loss=0.103129 lr=5.806e-06
[train] step=3592 loss=0.071184 lr=5.804e-06
[train] step=3593 loss=0.104271 lr=5.802e-06
[train] step=3594 loss=0.088757 lr=5.800e-06
[train] step=3595 loss=0.110949 lr=5.798e-06
[train] step=3596 loss=0.056954 lr=5.796e-06
[train] step=3597 loss=0.057947 lr=5.794e-06
[train] step=3598 loss=0.067893 lr=5.792e-06
[train] step=3599 loss=0.223747 lr=5.790e-06
[train] step=3600 loss=0.072530 lr=5.788e-06
[val] step=3600 val_loss=0.086428
INFO     [rank 0] Model weights for step 3600 saved in       dit_trainer.py:1288
         checkpoints/model_weights_step_03600.safetensors                       
INFO     [rank 0] Scalar embedding weights for step 3600     dit_trainer.py:1297
         saved                                                                  
INFO     [rank 0] Training state saved:                      dit_trainer.py:1416
         checkpoints/model_weights_step_03600.state.pt                          
INFO     [rank 0] New best checkpoint (step 3600,            dit_trainer.py:1320
         val_loss=0.086428):                                                    
         checkpoints/model_weights_best.safetensors                             
DEBUG    [rank 0] Removed old checkpoint:                    dit_trainer.py:1429
         /hppfs/scratch/0D/go76fuz2/windinet/outputs/shockwa                    
         ve_dit_sds_w0p01/checkpoints/model_weights_step_033                    
         60.safetensors                                                         
DEBUG    [rank 0] Removed old checkpoint:                    dit_trainer.py:1429
         /hppfs/scratch/0D/go76fuz2/windinet/outputs/shockwa                    
         ve_dit_sds_w0p01/checkpoints/scalar_embedding_step_                    
         03360.safetensors                                                      
DEBUG    [rank 0] Removed optimizer state for older kept     dit_trainer.py:1444
         checkpoint:                                                            
         /hppfs/scratch/0D/go76fuz2/windinet/outputs/shockwa                    
         ve_dit_sds_w0p01/checkpoints/model_weights_step_034                    
         80.state.pt                                                            
[epoch 30] step=3600 train_loss=0.086848 val_loss=0.086428
[train] step=3601 loss=0.090752 lr=5.786e-06
[train] step=3602 loss=0.090586 lr=5.784e-06
[train] step=3603 loss=0.087632 lr=5.783e-06
[train] step=3604 loss=0.098881 lr=5.781e-06
[train] step=3605 loss=0.060123 lr=5.779e-06
[train] step=3606 loss=0.039741 lr=5.777e-06
[train] step=3607 loss=0.048893 lr=5.775e-06
[train] step=3608 loss=0.070644 lr=5.773e-06
[train] step=3609 loss=0.043125 lr=5.771e-06
[train] step=3610 loss=0.078491 lr=5.769e-06
[train] step=3611 loss=0.089295 lr=5.767e-06
[train] step=3612 loss=0.063161 lr=5.765e-06
[train] step=3613 loss=0.107333 lr=5.763e-06
[train] step=3614 loss=0.051334 lr=5.761e-06
[train] step=3615 loss=0.073433 lr=5.759e-06
[train] step=3616 loss=0.062948 lr=5.757e-06
[train] step=3617 loss=0.067424 lr=5.755e-06
[train] step=3618 loss=0.100319 lr=5.753e-06
[train] step=3619 loss=0.051957 lr=5.751e-06
[train] step=3620 loss=0.093797 lr=5.750e-06
[train] step=3621 loss=0.072239 lr=5.748e-06
[train] step=3622 loss=0.080078 lr=5.746e-06
[train] step=3623 loss=0.188797 lr=5.744e-06
[train] step=3624 loss=0.131213 lr=5.742e-06
[train] step=3625 loss=0.067248 lr=5.740e-06
[train] step=3626 loss=0.080385 lr=5.738e-06
[train] step=3627 loss=0.125857 lr=5.736e-06
[train] step=3628 loss=0.099661 lr=5.734e-06
[train] step=3629 loss=0.151545 lr=5.732e-06
[train] step=3630 loss=0.055786 lr=5.730e-06
[train] step=3631 loss=0.068677 lr=5.728e-06
[train] step=3632 loss=0.069962 lr=5.726e-06
[train] step=3633 loss=0.096838 lr=5.724e-06
[train] step=3634 loss=0.104551 lr=5.722e-06
[train] step=3635 loss=0.100677 lr=5.720e-06
[train] step=3636 loss=0.084079 lr=5.719e-06
[train] step=3637 loss=0.078731 lr=5.717e-06
[train] step=3638 loss=0.118080 lr=5.715e-06
[train] step=3639 loss=0.066090 lr=5.713e-06
[train] step=3640 loss=0.064077 lr=5.711e-06
[train] step=3641 loss=0.031112 lr=5.709e-06
[train] step=3642 loss=0.068862 lr=5.707e-06
[train] step=3643 loss=0.053408 lr=5.705e-06
[train] step=3644 loss=0.063660 lr=5.703e-06
[train] step=3645 loss=0.050174 lr=5.701e-06
[train] step=3646 loss=0.078757 lr=5.699e-06
[train] step=3647 loss=0.097983 lr=5.697e-06
[train] step=3648 loss=0.079686 lr=5.695e-06
[train] step=3649 loss=0.141722 lr=5.693e-06
[train] step=3650 loss=0.073083 lr=5.691e-06
[train] step=3651 loss=0.089639 lr=5.689e-06
[train] step=3652 loss=0.061799 lr=5.687e-06
[train] step=3653 loss=0.067752 lr=5.685e-06
[train] step=3654 loss=0.056674 lr=5.684e-06
[train] step=3655 loss=0.083946 lr=5.682e-06
[train] step=3656 loss=0.037829 lr=5.680e-06
[train] step=3657 loss=0.099201 lr=5.678e-06
[train] step=3658 loss=0.179235 lr=5.676e-06
[train] step=3659 loss=0.032974 lr=5.674e-06
[train] step=3660 loss=0.078185 lr=5.672e-06
[train] step=3661 loss=0.053644 lr=5.670e-06
[train] step=3662 loss=0.102131 lr=5.668e-06
[train] step=3663 loss=0.077969 lr=5.666e-06
[train] step=3664 loss=0.083718 lr=5.664e-06
[train] step=3665 loss=0.072508 lr=5.662e-06
[train] step=3666 loss=0.107098 lr=5.660e-06
[train] step=3667 loss=0.151818 lr=5.658e-06
[train] step=3668 loss=0.040714 lr=5.656e-06
[train] step=3669 loss=0.102784 lr=5.654e-06
[train] step=3670 loss=0.095681 lr=5.652e-06
[train] step=3671 loss=0.116752 lr=5.650e-06
[train] step=3672 loss=0.108047 lr=5.649e-06
[train] step=3673 loss=0.056929 lr=5.647e-06
[train] step=3674 loss=0.091976 lr=5.645e-06
[train] step=3675 loss=0.059342 lr=5.643e-06
[train] step=3676 loss=0.072680 lr=5.641e-06
[train] step=3677 loss=0.079283 lr=5.639e-06
[train] step=3678 loss=0.061388 lr=5.637e-06
[train] step=3679 loss=0.062346 lr=5.635e-06
[train] step=3680 loss=0.078684 lr=5.633e-06
[train] step=3681 loss=0.110265 lr=5.631e-06
[train] step=3682 loss=0.043998 lr=5.629e-06
[train] step=3683 loss=0.054647 lr=5.627e-06
[train] step=3684 loss=0.050894 lr=5.625e-06
[train] step=3685 loss=0.075718 lr=5.623e-06
[train] step=3686 loss=0.107856 lr=5.621e-06
[train] step=3687 loss=0.063542 lr=5.619e-06
[train] step=3688 loss=0.098749 lr=5.617e-06
[train] step=3689 loss=0.062199 lr=5.615e-06
[train] step=3690 loss=0.075549 lr=5.614e-06
[train] step=3691 loss=0.074870 lr=5.612e-06
[train] step=3692 loss=0.091274 lr=5.610e-06
[train] step=3693 loss=0.083174 lr=5.608e-06
[train] step=3694 loss=0.071378 lr=5.606e-06
[train] step=3695 loss=0.062497 lr=5.604e-06
[train] step=3696 loss=0.078641 lr=5.602e-06
[train] step=3697 loss=0.088795 lr=5.600e-06
[train] step=3698 loss=0.049079 lr=5.598e-06
[train] step=3699 loss=0.121029 lr=5.596e-06
[train] step=3700 loss=0.041035 lr=5.594e-06
[train] step=3701 loss=0.103194 lr=5.592e-06
[train] step=3702 loss=0.097924 lr=5.590e-06
[train] step=3703 loss=0.065546 lr=5.588e-06
[train] step=3704 loss=0.075989 lr=5.586e-06
[train] step=3705 loss=0.060258 lr=5.584e-06
[train] step=3706 loss=0.228178 lr=5.582e-06
[train] step=3707 loss=0.105766 lr=5.580e-06
[train] step=3708 loss=0.082658 lr=5.578e-06
[train] step=3709 loss=0.201463 lr=5.577e-06
[train] step=3710 loss=0.061434 lr=5.575e-06
[train] step=3711 loss=0.046985 lr=5.573e-06
[train] step=3712 loss=0.084367 lr=5.571e-06
[train] step=3713 loss=0.061821 lr=5.569e-06
[train] step=3714 loss=0.101599 lr=5.567e-06
[train] step=3715 loss=0.084013 lr=5.565e-06
[train] step=3716 loss=0.050074 lr=5.563e-06
[train] step=3717 loss=0.064125 lr=5.561e-06
[train] step=3718 loss=0.109997 lr=5.559e-06
[train] step=3719 loss=0.098747 lr=5.557e-06
[train] step=3720 loss=0.045042 lr=5.555e-06
INFO     [rank 0] Model weights for step 3720 saved in       dit_trainer.py:1288
         checkpoints/model_weights_step_03720.safetensors                       
INFO     [rank 0] Scalar embedding weights for step 3720     dit_trainer.py:1297
         saved                                                                  
INFO     [rank 0] Training state saved:                      dit_trainer.py:1416
         checkpoints/model_weights_step_03720.state.pt                          
DEBUG    [rank 0] Removed old checkpoint:                    dit_trainer.py:1429
         /hppfs/scratch/0D/go76fuz2/windinet/outputs/shockwa                    
         ve_dit_sds_w0p01/checkpoints/model_weights_step_034                    
         80.safetensors                                                         
DEBUG    [rank 0] Removed old checkpoint:                    dit_trainer.py:1429
         /hppfs/scratch/0D/go76fuz2/windinet/outputs/shockwa                    
         ve_dit_sds_w0p01/checkpoints/scalar_embedding_step_                    
         03480.safetensors                                                      
DEBUG    [rank 0] Removed optimizer state for older kept     dit_trainer.py:1444
         checkpoint:                                                            
         /hppfs/scratch/0D/go76fuz2/windinet/outputs/shockwa                    
         ve_dit_sds_w0p01/checkpoints/model_weights_step_036                    
         00.state.pt                                                            
[epoch 31] step=3720 train_loss=0.082812
[train] step=3721 loss=0.050299 lr=5.553e-06
[train] step=3722 loss=0.033688 lr=5.551e-06
[train] step=3723 loss=0.115084 lr=5.549e-06
[train] step=3724 loss=0.048013 lr=5.547e-06
[train] step=3725 loss=0.108449 lr=5.545e-06
[train] step=3726 loss=0.077307 lr=5.543e-06
[train] step=3727 loss=0.054887 lr=5.541e-06
[train] step=3728 loss=0.087451 lr=5.539e-06
[train] step=3729 loss=0.069870 lr=5.538e-06
[train] step=3730 loss=0.036324 lr=5.536e-06
[train] step=3731 loss=0.125849 lr=5.534e-06
[train] step=3732 loss=0.094490 lr=5.532e-06
[train] step=3733 loss=0.076054 lr=5.530e-06
[train] step=3734 loss=0.086764 lr=5.528e-06
[train] step=3735 loss=0.072291 lr=5.526e-06
[train] step=3736 loss=0.069086 lr=5.524e-06
[train] step=3737 loss=0.119688 lr=5.522e-06
[train] step=3738 loss=0.063231 lr=5.520e-06
[train] step=3739 loss=0.063487 lr=5.518e-06
[train] step=3740 loss=0.103393 lr=5.516e-06
[train] step=3741 loss=0.092131 lr=5.514e-06
[train] step=3742 loss=0.066760 lr=5.512e-06
[train] step=3743 loss=0.074940 lr=5.510e-06
[train] step=3744 loss=0.081764 lr=5.508e-06
[train] step=3745 loss=0.108796 lr=5.506e-06
[train] step=3746 loss=0.082181 lr=5.504e-06
[train] step=3747 loss=0.112072 lr=5.502e-06
[train] step=3748 loss=0.057553 lr=5.500e-06
[train] step=3749 loss=0.089161 lr=5.498e-06
[train] step=3750 loss=0.092430 lr=5.497e-06
[train] step=3751 loss=0.073510 lr=5.495e-06
[train] step=3752 loss=0.105446 lr=5.493e-06
[train] step=3753 loss=0.098496 lr=5.491e-06
[train] step=3754 loss=0.109262 lr=5.489e-06
[train] step=3755 loss=0.090115 lr=5.487e-06
[train] step=3756 loss=0.118937 lr=5.485e-06
[train] step=3757 loss=0.041384 lr=5.483e-06
[train] step=3758 loss=0.063987 lr=5.481e-06
[train] step=3759 loss=0.072691 lr=5.479e-06
[train] step=3760 loss=0.058578 lr=5.477e-06
[train] step=3761 loss=0.139393 lr=5.475e-06
[train] step=3762 loss=0.045188 lr=5.473e-06
[train] step=3763 loss=0.068608 lr=5.471e-06
[train] step=3764 loss=0.085026 lr=5.469e-06
[train] step=3765 loss=0.061656 lr=5.467e-06
[train] step=3766 loss=0.073409 lr=5.465e-06
[train] step=3767 loss=0.048765 lr=5.463e-06
[train] step=3768 loss=0.107486 lr=5.461e-06
[train] step=3769 loss=0.057752 lr=5.459e-06
[train] step=3770 loss=0.063659 lr=5.457e-06
[train] step=3771 loss=0.095027 lr=5.456e-06
[train] step=3772 loss=0.070961 lr=5.454e-06
[train] step=3773 loss=0.073109 lr=5.452e-06
[train] step=3774 loss=0.074223 lr=5.450e-06
[train] step=3775 loss=0.064588 lr=5.448e-06
[train] step=3776 loss=0.075633 lr=5.446e-06
[train] step=3777 loss=0.047198 lr=5.444e-06
[train] step=3778 loss=0.102096 lr=5.442e-06
[train] step=3779 loss=0.236915 lr=5.440e-06
[train] step=3780 loss=0.070621 lr=5.438e-06
[train] step=3781 loss=0.091076 lr=5.436e-06
[train] step=3782 loss=0.084326 lr=5.434e-06
[train] step=3783 loss=0.131802 lr=5.432e-06
[train] step=3784 loss=0.078114 lr=5.430e-06
[train] step=3785 loss=0.138449 lr=5.428e-06
[train] step=3786 loss=0.064084 lr=5.426e-06
[train] step=3787 loss=0.087577 lr=5.424e-06
[train] step=3788 loss=0.058857 lr=5.422e-06
[train] step=3789 loss=0.094916 lr=5.420e-06
[train] step=3790 loss=0.071975 lr=5.418e-06
[train] step=3791 loss=0.090201 lr=5.416e-06
[train] step=3792 loss=0.042696 lr=5.415e-06
[train] step=3793 loss=0.069353 lr=5.413e-06
[train] step=3794 loss=0.063389 lr=5.411e-06
[train] step=3795 loss=0.056202 lr=5.409e-06
[train] step=3796 loss=0.137861 lr=5.407e-06
[train] step=3797 loss=0.089806 lr=5.405e-06
[train] step=3798 loss=0.044697 lr=5.403e-06
[train] step=3799 loss=0.111804 lr=5.401e-06
[train] step=3800 loss=0.111953 lr=5.399e-06
[train] step=3801 loss=0.077322 lr=5.397e-06
[train] step=3802 loss=0.042783 lr=5.395e-06
[train] step=3803 loss=0.101968 lr=5.393e-06
[train] step=3804 loss=0.090815 lr=5.391e-06
[train] step=3805 loss=0.077726 lr=5.389e-06
[train] step=3806 loss=0.083171 lr=5.387e-06
[train] step=3807 loss=0.050364 lr=5.385e-06
[train] step=3808 loss=0.058378 lr=5.383e-06
[train] step=3809 loss=0.072660 lr=5.381e-06
[train] step=3810 loss=0.087508 lr=5.379e-06
[train] step=3811 loss=0.062032 lr=5.377e-06
[train] step=3812 loss=0.084887 lr=5.375e-06
[train] step=3813 loss=0.109851 lr=5.373e-06
[train] step=3814 loss=0.064476 lr=5.371e-06
[train] step=3815 loss=0.049729 lr=5.370e-06
[train] step=3816 loss=0.043784 lr=5.368e-06
[train] step=3817 loss=0.065378 lr=5.366e-06
[train] step=3818 loss=0.091391 lr=5.364e-06
[train] step=3819 loss=0.109277 lr=5.362e-06
[train] step=3820 loss=0.087913 lr=5.360e-06
[train] step=3821 loss=0.073607 lr=5.358e-06
[train] step=3822 loss=0.121539 lr=5.356e-06
[train] step=3823 loss=0.117436 lr=5.354e-06
[train] step=3824 loss=0.059237 lr=5.352e-06
[train] step=3825 loss=0.059358 lr=5.350e-06
[train] step=3826 loss=0.053054 lr=5.348e-06
[train] step=3827 loss=0.084590 lr=5.346e-06
[train] step=3828 loss=0.077291 lr=5.344e-06
[train] step=3829 loss=0.105389 lr=5.342e-06
[train] step=3830 loss=0.081731 lr=5.340e-06
[train] step=3831 loss=0.080531 lr=5.338e-06
[train] step=3832 loss=0.074014 lr=5.336e-06
[train] step=3833 loss=0.092234 lr=5.334e-06
[train] step=3834 loss=0.070096 lr=5.332e-06
[train] step=3835 loss=0.068893 lr=5.330e-06
[train] step=3836 loss=0.095171 lr=5.328e-06
[train] step=3837 loss=0.119814 lr=5.326e-06
[train] step=3838 loss=0.072208 lr=5.325e-06
[train] step=3839 loss=0.061883 lr=5.323e-06
[train] step=3840 loss=0.057165 lr=5.321e-06
INFO     [rank 0] Model weights for step 3840 saved in       dit_trainer.py:1288
         checkpoints/model_weights_step_03840.safetensors                       
INFO     [rank 0] Scalar embedding weights for step 3840     dit_trainer.py:1297
         saved                                                                  
INFO     [rank 0] Training state saved:                      dit_trainer.py:1416
         checkpoints/model_weights_step_03840.state.pt                          
DEBUG    [rank 0] Removed old checkpoint:                    dit_trainer.py:1429
         /hppfs/scratch/0D/go76fuz2/windinet/outputs/shockwa                    
         ve_dit_sds_w0p01/checkpoints/model_weights_step_036                    
         00.safetensors                                                         
DEBUG    [rank 0] Removed old checkpoint:                    dit_trainer.py:1429
         /hppfs/scratch/0D/go76fuz2/windinet/outputs/shockwa                    
         ve_dit_sds_w0p01/checkpoints/scalar_embedding_step_                    
         03600.safetensors                                                      
DEBUG    [rank 0] Removed optimizer state for older kept     dit_trainer.py:1444
         checkpoint:                                                            
         /hppfs/scratch/0D/go76fuz2/windinet/outputs/shockwa                    
         ve_dit_sds_w0p01/checkpoints/model_weights_step_037                    
         20.state.pt                                                            
[epoch 32] step=3840 train_loss=0.081257
[train] step=3841 loss=0.053512 lr=5.319e-06
[train] step=3842 loss=0.065429 lr=5.317e-06
[train] step=3843 loss=0.074319 lr=5.315e-06
[train] step=3844 loss=0.088571 lr=5.313e-06
[train] step=3845 loss=0.106187 lr=5.311e-06
[train] step=3846 loss=0.112294 lr=5.309e-06
[train] step=3847 loss=0.107831 lr=5.307e-06
[train] step=3848 loss=0.115403 lr=5.305e-06
[train] step=3849 loss=0.105797 lr=5.303e-06
[train] step=3850 loss=0.072447 lr=5.301e-06
[train] step=3851 loss=0.049567 lr=5.299e-06
[train] step=3852 loss=0.065462 lr=5.297e-06
[train] step=3853 loss=0.072988 lr=5.295e-06
[train] step=3854 loss=0.091650 lr=5.293e-06
[train] step=3855 loss=0.086378 lr=5.291e-06
[train] step=3856 loss=0.078767 lr=5.289e-06
[train] step=3857 loss=0.081456 lr=5.287e-06
[train] step=3858 loss=0.055677 lr=5.285e-06
[train] step=3859 loss=0.092822 lr=5.283e-06
[train] step=3860 loss=0.102727 lr=5.281e-06
[train] step=3861 loss=0.104026 lr=5.279e-06
[train] step=3862 loss=0.127110 lr=5.278e-06
[train] step=3863 loss=0.046424 lr=5.276e-06
[train] step=3864 loss=0.068213 lr=5.274e-06
[train] step=3865 loss=0.088022 lr=5.272e-06
[train] step=3866 loss=0.076455 lr=5.270e-06
[train] step=3867 loss=0.070177 lr=5.268e-06
[train] step=3868 loss=0.085970 lr=5.266e-06
[train] step=3869 loss=0.088813 lr=5.264e-06
[train] step=3870 loss=0.058901 lr=5.262e-06
[train] step=3871 loss=0.063342 lr=5.260e-06
[train] step=3872 loss=0.081401 lr=5.258e-06
[train] step=3873 loss=0.083633 lr=5.256e-06
[train] step=3874 loss=0.062262 lr=5.254e-06
[train] step=3875 loss=0.037154 lr=5.252e-06
[train] step=3876 loss=0.059796 lr=5.250e-06
[train] step=3877 loss=0.058171 lr=5.248e-06
[train] step=3878 loss=0.036220 lr=5.246e-06
[train] step=3879 loss=0.089348 lr=5.244e-06
[train] step=3880 loss=0.056240 lr=5.242e-06
[train] step=3881 loss=0.076200 lr=5.240e-06
[train] step=3882 loss=0.081233 lr=5.238e-06
[train] step=3883 loss=0.089877 lr=5.236e-06
[train] step=3884 loss=0.039219 lr=5.234e-06
[train] step=3885 loss=0.157888 lr=5.232e-06
[train] step=3886 loss=0.148934 lr=5.230e-06
[train] step=3887 loss=0.071938 lr=5.229e-06
[train] step=3888 loss=0.131106 lr=5.227e-06
[train] step=3889 loss=0.119804 lr=5.225e-06
[train] step=3890 loss=0.095371 lr=5.223e-06
[train] step=3891 loss=0.065574 lr=5.221e-06
[train] step=3892 loss=0.087519 lr=5.219e-06
[train] step=3893 loss=0.066162 lr=5.217e-06
[train] step=3894 loss=0.127724 lr=5.215e-06
[train] step=3895 loss=0.097545 lr=5.213e-06
[train] step=3896 loss=0.072555 lr=5.211e-06
[train] step=3897 loss=0.060438 lr=5.209e-06
[train] step=3898 loss=0.046223 lr=5.207e-06
[train] step=3899 loss=0.087041 lr=5.205e-06
[train] step=3900 loss=0.080337 lr=5.203e-06
[train] step=3901 loss=0.071913 lr=5.201e-06
[train] step=3902 loss=0.058990 lr=5.199e-06
[train] step=3903 loss=0.098921 lr=5.197e-06
[train] step=3904 loss=0.085627 lr=5.195e-06
[train] step=3905 loss=0.051766 lr=5.193e-06
[train] step=3906 loss=0.067254 lr=5.191e-06
[train] step=3907 loss=0.059203 lr=5.189e-06
[train] step=3908 loss=0.036881 lr=5.187e-06
[train] step=3909 loss=0.081580 lr=5.185e-06
[train] step=3910 loss=0.060411 lr=5.183e-06
[train] step=3911 loss=0.076314 lr=5.182e-06
[train] step=3912 loss=0.059698 lr=5.180e-06
[train] step=3913 loss=0.088221 lr=5.178e-06
[train] step=3914 loss=0.036865 lr=5.176e-06
[train] step=3915 loss=0.057609 lr=5.174e-06
[train] step=3916 loss=0.066780 lr=5.172e-06
[train] step=3917 loss=0.135493 lr=5.170e-06
[train] step=3918 loss=0.070267 lr=5.168e-06
[train] step=3919 loss=0.080712 lr=5.166e-06
[train] step=3920 loss=0.060268 lr=5.164e-06
[train] step=3921 loss=0.085004 lr=5.162e-06
[train] step=3922 loss=0.088980 lr=5.160e-06
[train] step=3923 loss=0.046971 lr=5.158e-06
[train] step=3924 loss=0.107788 lr=5.156e-06
[train] step=3925 loss=0.095942 lr=5.154e-06
[train] step=3926 loss=0.062678 lr=5.152e-06
[train] step=3927 loss=0.074491 lr=5.150e-06
[train] step=3928 loss=0.095320 lr=5.148e-06
[train] step=3929 loss=0.066016 lr=5.146e-06
[train] step=3930 loss=0.124838 lr=5.144e-06
[train] step=3931 loss=0.091406 lr=5.142e-06
[train] step=3932 loss=0.065930 lr=5.140e-06
[train] step=3933 loss=0.055390 lr=5.138e-06
[train] step=3934 loss=0.062699 lr=5.136e-06
[train] step=3935 loss=0.110687 lr=5.134e-06
[train] step=3936 loss=0.072678 lr=5.132e-06
[train] step=3937 loss=0.062753 lr=5.131e-06
[train] step=3938 loss=0.080429 lr=5.129e-06
[train] step=3939 loss=0.087415 lr=5.127e-06
[train] step=3940 loss=0.078825 lr=5.125e-06
[train] step=3941 loss=0.070381 lr=5.123e-06
[train] step=3942 loss=0.099111 lr=5.121e-06
[train] step=3943 loss=0.064304 lr=5.119e-06
[train] step=3944 loss=0.082327 lr=5.117e-06
[train] step=3945 loss=0.101994 lr=5.115e-06
[train] step=3946 loss=0.063432 lr=5.113e-06
[train] step=3947 loss=0.090742 lr=5.111e-06
[train] step=3948 loss=0.062380 lr=5.109e-06
[train] step=3949 loss=0.070661 lr=5.107e-06
[train] step=3950 loss=0.047332 lr=5.105e-06
[train] step=3951 loss=0.109333 lr=5.103e-06
[train] step=3952 loss=0.069577 lr=5.101e-06
[train] step=3953 loss=0.069880 lr=5.099e-06
[train] step=3954 loss=0.055237 lr=5.097e-06
[train] step=3955 loss=0.091516 lr=5.095e-06
[train] step=3956 loss=0.084224 lr=5.093e-06
[train] step=3957 loss=0.081200 lr=5.091e-06
[train] step=3958 loss=0.058070 lr=5.089e-06
[train] step=3959 loss=0.118233 lr=5.087e-06
[train] step=3960 loss=0.110133 lr=5.085e-06
INFO     [rank 0] Model weights for step 3960 saved in       dit_trainer.py:1288
         checkpoints/model_weights_step_03960.safetensors                       
INFO     [rank 0] Scalar embedding weights for step 3960     dit_trainer.py:1297
         saved                                                                  
INFO     [rank 0] Training state saved:                      dit_trainer.py:1416
         checkpoints/model_weights_step_03960.state.pt                          
DEBUG    [rank 0] Removed old checkpoint:                    dit_trainer.py:1429
         /hppfs/scratch/0D/go76fuz2/windinet/outputs/shockwa                    
         ve_dit_sds_w0p01/checkpoints/model_weights_step_037                    
         20.safetensors                                                         
DEBUG    [rank 0] Removed old checkpoint:                    dit_trainer.py:1429
         /hppfs/scratch/0D/go76fuz2/windinet/outputs/shockwa                    
         ve_dit_sds_w0p01/checkpoints/scalar_embedding_step_                    
         03720.safetensors                                                      
DEBUG    [rank 0] Removed optimizer state for older kept     dit_trainer.py:1444
         checkpoint:                                                            
         /hppfs/scratch/0D/go76fuz2/windinet/outputs/shockwa                    
         ve_dit_sds_w0p01/checkpoints/model_weights_step_038                    
         40.state.pt                                                            
[epoch 33] step=3960 train_loss=0.079098
[train] step=3961 loss=0.086666 lr=5.083e-06
[train] step=3962 loss=0.099212 lr=5.081e-06
[train] step=3963 loss=0.067524 lr=5.080e-06
[train] step=3964 loss=0.080897 lr=5.078e-06
[train] step=3965 loss=0.123153 lr=5.076e-06
[train] step=3966 loss=0.094520 lr=5.074e-06
[train] step=3967 loss=0.070947 lr=5.072e-06
[train] step=3968 loss=0.102763 lr=5.070e-06
[train] step=3969 loss=0.149724 lr=5.068e-06
[train] step=3970 loss=0.096751 lr=5.066e-06
[train] step=3971 loss=0.104579 lr=5.064e-06
[train] step=3972 loss=0.058125 lr=5.062e-06
[train] step=3973 loss=0.052229 lr=5.060e-06
[train] step=3974 loss=0.133885 lr=5.058e-06
[train] step=3975 loss=0.067049 lr=5.056e-06
[train] step=3976 loss=0.067592 lr=5.054e-06
[train] step=3977 loss=0.144412 lr=5.052e-06
[train] step=3978 loss=0.066180 lr=5.050e-06
[train] step=3979 loss=0.065986 lr=5.048e-06
[train] step=3980 loss=0.067282 lr=5.046e-06
[train] step=3981 loss=0.066375 lr=5.044e-06
[train] step=3982 loss=0.096607 lr=5.042e-06
[train] step=3983 loss=0.068872 lr=5.040e-06
[train] step=3984 loss=0.065950 lr=5.038e-06
[train] step=3985 loss=0.051967 lr=5.036e-06
[train] step=3986 loss=0.046951 lr=5.034e-06
[train] step=3987 loss=0.062096 lr=5.032e-06
[train] step=3988 loss=0.215643 lr=5.030e-06
[train] step=3989 loss=0.081719 lr=5.029e-06
[train] step=3990 loss=0.052295 lr=5.027e-06
[train] step=3991 loss=0.095870 lr=5.025e-06
[train] step=3992 loss=0.058369 lr=5.023e-06
[train] step=3993 loss=0.076269 lr=5.021e-06
[train] step=3994 loss=0.127636 lr=5.019e-06
[train] step=3995 loss=0.050429 lr=5.017e-06
[train] step=3996 loss=0.058020 lr=5.015e-06
[train] step=3997 loss=0.069673 lr=5.013e-06
[train] step=3998 loss=0.077871 lr=5.011e-06
[train] step=3999 loss=0.136357 lr=5.009e-06
[train] step=4000 loss=0.071950 lr=5.007e-06
[train] step=4001 loss=0.073307 lr=5.005e-06
[train] step=4002 loss=0.036904 lr=5.003e-06
[train] step=4003 loss=0.055584 lr=5.001e-06
[train] step=4004 loss=0.104699 lr=4.999e-06
[train] step=4005 loss=0.059862 lr=4.997e-06
[train] step=4006 loss=0.109333 lr=4.995e-06
[train] step=4007 loss=0.068754 lr=4.993e-06
[train] step=4008 loss=0.085779 lr=4.991e-06
[train] step=4009 loss=0.060035 lr=4.989e-06
[train] step=4010 loss=0.076899 lr=4.987e-06
[train] step=4011 loss=0.104712 lr=4.985e-06
[train] step=4012 loss=0.105570 lr=4.983e-06
[train] step=4013 loss=0.140208 lr=4.981e-06
[train] step=4014 loss=0.053738 lr=4.980e-06
[train] step=4015 loss=0.081460 lr=4.978e-06
[train] step=4016 loss=0.106585 lr=4.976e-06
[train] step=4017 loss=0.047912 lr=4.974e-06
[train] step=4018 loss=0.082596 lr=4.972e-06
[train] step=4019 loss=0.068775 lr=4.970e-06
[train] step=4020 loss=0.099847 lr=4.968e-06
[train] step=4021 loss=0.390210 lr=4.966e-06
[train] step=4022 loss=0.083452 lr=4.964e-06
[train] step=4023 loss=0.046423 lr=4.962e-06
[train] step=4024 loss=0.073364 lr=4.960e-06
[train] step=4025 loss=0.046896 lr=4.958e-06
[train] step=4026 loss=0.109250 lr=4.956e-06
[train] step=4027 loss=0.066329 lr=4.954e-06
[train] step=4028 loss=0.084383 lr=4.952e-06
[train] step=4029 loss=0.053749 lr=4.950e-06
[train] step=4030 loss=0.060491 lr=4.948e-06
[train] step=4031 loss=0.065986 lr=4.946e-06
[train] step=4032 loss=0.075629 lr=4.944e-06
[train] step=4033 loss=0.123947 lr=4.942e-06
[train] step=4034 loss=0.092953 lr=4.940e-06
[train] step=4035 loss=0.067301 lr=4.938e-06
[train] step=4036 loss=0.059093 lr=4.936e-06
[train] step=4037 loss=0.076524 lr=4.934e-06
[train] step=4038 loss=0.174016 lr=4.932e-06
[train] step=4039 loss=0.081741 lr=4.930e-06
[train] step=4040 loss=0.102092 lr=4.929e-06
[train] step=4041 loss=0.062545 lr=4.927e-06
[train] step=4042 loss=0.074724 lr=4.925e-06
[train] step=4043 loss=0.075046 lr=4.923e-06
[train] step=4044 loss=0.057481 lr=4.921e-06
[train] step=4045 loss=0.083999 lr=4.919e-06
[train] step=4046 loss=0.064816 lr=4.917e-06
[train] step=4047 loss=0.034796 lr=4.915e-06
[train] step=4048 loss=0.096868 lr=4.913e-06
[train] step=4049 loss=0.077143 lr=4.911e-06
[train] step=4050 loss=0.080662 lr=4.909e-06
[train] step=4051 loss=0.201025 lr=4.907e-06
[train] step=4052 loss=0.073552 lr=4.905e-06
[train] step=4053 loss=0.087831 lr=4.903e-06
[train] step=4054 loss=0.075135 lr=4.901e-06
[train] step=4055 loss=0.072837 lr=4.899e-06
[train] step=4056 loss=0.086292 lr=4.897e-06
[train] step=4057 loss=0.048079 lr=4.895e-06
[train] step=4058 loss=0.135235 lr=4.893e-06
[train] step=4059 loss=0.073568 lr=4.891e-06
[train] step=4060 loss=0.094794 lr=4.889e-06
[train] step=4061 loss=0.117497 lr=4.887e-06
[train] step=4062 loss=0.089771 lr=4.885e-06
[train] step=4063 loss=0.194567 lr=4.883e-06
[train] step=4064 loss=0.089218 lr=4.881e-06
[train] step=4065 loss=0.068768 lr=4.879e-06
[train] step=4066 loss=0.072498 lr=4.878e-06
[train] step=4067 loss=0.086377 lr=4.876e-06
[train] step=4068 loss=0.065082 lr=4.874e-06
[train] step=4069 loss=0.112700 lr=4.872e-06
[train] step=4070 loss=0.087877 lr=4.870e-06
[train] step=4071 loss=0.056659 lr=4.868e-06
[train] step=4072 loss=0.126557 lr=4.866e-06
[train] step=4073 loss=0.054576 lr=4.864e-06
[train] step=4074 loss=0.029959 lr=4.862e-06
[train] step=4075 loss=0.077034 lr=4.860e-06
[train] step=4076 loss=0.089282 lr=4.858e-06
[train] step=4077 loss=0.100288 lr=4.856e-06
[train] step=4078 loss=0.051313 lr=4.854e-06
[train] step=4079 loss=0.057291 lr=4.852e-06
[train] step=4080 loss=0.105705 lr=4.850e-06
INFO     [rank 0] Model weights for step 4080 saved in       dit_trainer.py:1288
         checkpoints/model_weights_step_04080.safetensors                       
INFO     [rank 0] Scalar embedding weights for step 4080     dit_trainer.py:1297
         saved                                                                  
INFO     [rank 0] Training state saved:                      dit_trainer.py:1416
         checkpoints/model_weights_step_04080.state.pt                          
DEBUG    [rank 0] Removed old checkpoint:                    dit_trainer.py:1429
         /hppfs/scratch/0D/go76fuz2/windinet/outputs/shockwa                    
         ve_dit_sds_w0p01/checkpoints/model_weights_step_038                    
         40.safetensors                                                         
DEBUG    [rank 0] Removed old checkpoint:                    dit_trainer.py:1429
         /hppfs/scratch/0D/go76fuz2/windinet/outputs/shockwa                    
         ve_dit_sds_w0p01/checkpoints/scalar_embedding_step_                    
         03840.safetensors                                                      
DEBUG    [rank 0] Removed optimizer state for older kept     dit_trainer.py:1444
         checkpoint:                                                            
         /hppfs/scratch/0D/go76fuz2/windinet/outputs/shockwa                    
         ve_dit_sds_w0p01/checkpoints/model_weights_step_039                    
         60.state.pt                                                            
[epoch 34] step=4080 train_loss=0.086505
[train] step=4081 loss=0.073422 lr=4.848e-06
[train] step=4082 loss=0.073323 lr=4.846e-06
[train] step=4083 loss=0.069591 lr=4.844e-06
[train] step=4084 loss=0.079606 lr=4.842e-06
[train] step=4085 loss=0.079945 lr=4.840e-06
[train] step=4086 loss=0.056613 lr=4.838e-06
[train] step=4087 loss=0.080778 lr=4.836e-06
[train] step=4088 loss=0.084973 lr=4.834e-06
[train] step=4089 loss=0.089781 lr=4.832e-06
[train] step=4090 loss=0.048391 lr=4.830e-06
[train] step=4091 loss=0.097400 lr=4.828e-06
[train] step=4092 loss=0.097011 lr=4.827e-06
[train] step=4093 loss=0.110521 lr=4.825e-06
[train] step=4094 loss=0.065892 lr=4.823e-06
[train] step=4095 loss=0.051949 lr=4.821e-06
[train] step=4096 loss=0.074291 lr=4.819e-06
[train] step=4097 loss=0.097960 lr=4.817e-06
[train] step=4098 loss=0.072530 lr=4.815e-06
[train] step=4099 loss=0.173322 lr=4.813e-06
[train] step=4100 loss=0.051829 lr=4.811e-06
[train] step=4101 loss=0.089339 lr=4.809e-06
[train] step=4102 loss=0.096573 lr=4.807e-06
[train] step=4103 loss=0.171793 lr=4.805e-06
[train] step=4104 loss=0.076962 lr=4.803e-06
[train] step=4105 loss=0.072251 lr=4.801e-06
[train] step=4106 loss=0.047412 lr=4.799e-06
[train] step=4107 loss=0.077843 lr=4.797e-06
[train] step=4108 loss=0.052954 lr=4.795e-06
[train] step=4109 loss=0.063658 lr=4.793e-06
[train] step=4110 loss=0.072412 lr=4.791e-06
[train] step=4111 loss=0.069634 lr=4.789e-06
[train] step=4112 loss=0.076861 lr=4.787e-06
[train] step=4113 loss=0.086154 lr=4.785e-06
[train] step=4114 loss=0.077696 lr=4.783e-06
[train] step=4115 loss=0.072106 lr=4.781e-06
[train] step=4116 loss=0.078555 lr=4.780e-06
[train] step=4117 loss=0.084088 lr=4.778e-06
[train] step=4118 loss=0.079788 lr=4.776e-06
[train] step=4119 loss=0.058672 lr=4.774e-06
[train] step=4120 loss=0.168149 lr=4.772e-06
[train] step=4121 loss=0.128037 lr=4.770e-06
[train] step=4122 loss=0.084964 lr=4.768e-06
[train] step=4123 loss=0.058191 lr=4.766e-06
[train] step=4124 loss=0.048424 lr=4.764e-06
[train] step=4125 loss=0.165502 lr=4.762e-06
[train] step=4126 loss=0.059848 lr=4.760e-06
[train] step=4127 loss=0.110420 lr=4.758e-06
[train] step=4128 loss=0.056358 lr=4.756e-06
[train] step=4129 loss=0.101626 lr=4.754e-06
[train] step=4130 loss=0.081245 lr=4.752e-06
[train] step=4131 loss=0.057906 lr=4.750e-06
[train] step=4132 loss=0.078312 lr=4.748e-06
[train] step=4133 loss=0.056368 lr=4.746e-06
[train] step=4134 loss=0.149856 lr=4.744e-06
[train] step=4135 loss=0.117800 lr=4.742e-06
[train] step=4136 loss=0.093679 lr=4.740e-06
[train] step=4137 loss=0.069573 lr=4.738e-06
[train] step=4138 loss=0.064328 lr=4.736e-06
[train] step=4139 loss=0.102877 lr=4.734e-06
[train] step=4140 loss=0.080898 lr=4.732e-06
[train] step=4141 loss=0.053622 lr=4.731e-06
[train] step=4142 loss=0.093216 lr=4.729e-06
[train] step=4143 loss=0.056197 lr=4.727e-06
[train] step=4144 loss=0.098507 lr=4.725e-06
[train] step=4145 loss=0.071365 lr=4.723e-06
[train] step=4146 loss=0.054463 lr=4.721e-06
[train] step=4147 loss=0.070977 lr=4.719e-06
[train] step=4148 loss=0.071387 lr=4.717e-06
[train] step=4149 loss=0.089063 lr=4.715e-06
[train] step=4150 loss=0.066321 lr=4.713e-06
[train] step=4151 loss=0.055558 lr=4.711e-06
[train] step=4152 loss=0.067551 lr=4.709e-06
[train] step=4153 loss=0.118369 lr=4.707e-06
[train] step=4154 loss=0.091548 lr=4.705e-06
[train] step=4155 loss=0.063040 lr=4.703e-06
[train] step=4156 loss=0.073373 lr=4.701e-06
[train] step=4157 loss=0.079696 lr=4.699e-06
[train] step=4158 loss=0.049632 lr=4.697e-06
[train] step=4159 loss=0.091397 lr=4.695e-06
[train] step=4160 loss=0.073959 lr=4.693e-06
[train] step=4161 loss=0.100774 lr=4.691e-06
[train] step=4162 loss=0.074037 lr=4.689e-06
[train] step=4163 loss=0.383993 lr=4.687e-06
[train] step=4164 loss=0.077692 lr=4.685e-06
[train] step=4165 loss=0.080736 lr=4.684e-06
[train] step=4166 loss=0.054246 lr=4.682e-06
[train] step=4167 loss=0.135839 lr=4.680e-06
[train] step=4168 loss=0.053899 lr=4.678e-06
[train] step=4169 loss=0.044284 lr=4.676e-06
[train] step=4170 loss=0.088021 lr=4.674e-06
[train] step=4171 loss=0.073839 lr=4.672e-06
[train] step=4172 loss=0.071478 lr=4.670e-06
[train] step=4173 loss=0.150757 lr=4.668e-06
[train] step=4174 loss=0.046302 lr=4.666e-06
[train] step=4175 loss=0.076221 lr=4.664e-06
[train] step=4176 loss=0.067156 lr=4.662e-06
[train] step=4177 loss=0.094943 lr=4.660e-06
[train] step=4178 loss=0.061380 lr=4.658e-06
[train] step=4179 loss=0.057059 lr=4.656e-06
[train] step=4180 loss=0.064771 lr=4.654e-06
[train] step=4181 loss=0.094772 lr=4.652e-06
[train] step=4182 loss=0.058560 lr=4.650e-06
[train] step=4183 loss=0.065266 lr=4.648e-06
[train] step=4184 loss=0.059266 lr=4.646e-06
[train] step=4185 loss=0.102267 lr=4.644e-06
[train] step=4186 loss=0.056217 lr=4.642e-06
[train] step=4187 loss=0.088952 lr=4.640e-06
[train] step=4188 loss=0.049372 lr=4.639e-06
[train] step=4189 loss=0.085055 lr=4.637e-06
[train] step=4190 loss=0.061020 lr=4.635e-06
[train] step=4191 loss=0.090515 lr=4.633e-06
[train] step=4192 loss=0.053721 lr=4.631e-06
[train] step=4193 loss=0.080865 lr=4.629e-06
[train] step=4194 loss=0.079257 lr=4.627e-06
[train] step=4195 loss=0.129878 lr=4.625e-06
[train] step=4196 loss=0.053628 lr=4.623e-06
[train] step=4197 loss=0.042389 lr=4.621e-06
[train] step=4198 loss=0.092577 lr=4.619e-06
[train] step=4199 loss=0.061797 lr=4.617e-06
[train] step=4200 loss=0.068857 lr=4.615e-06
[val] step=4200 val_loss=0.083706
INFO     [rank 0] Model weights for step 4200 saved in       dit_trainer.py:1288
         checkpoints/model_weights_step_04200.safetensors                       
INFO     [rank 0] Scalar embedding weights for step 4200     dit_trainer.py:1297
         saved                                                                  
INFO     [rank 0] Training state saved:                      dit_trainer.py:1416
         checkpoints/model_weights_step_04200.state.pt                          
INFO     [rank 0] New best checkpoint (step 4200,            dit_trainer.py:1320
         val_loss=0.083706):                                                    
         checkpoints/model_weights_best.safetensors                             
DEBUG    [rank 0] Removed old checkpoint:                    dit_trainer.py:1429
         /hppfs/scratch/0D/go76fuz2/windinet/outputs/shockwa                    
         ve_dit_sds_w0p01/checkpoints/model_weights_step_039                    
         60.safetensors                                                         
DEBUG    [rank 0] Removed old checkpoint:                    dit_trainer.py:1429
         /hppfs/scratch/0D/go76fuz2/windinet/outputs/shockwa                    
         ve_dit_sds_w0p01/checkpoints/scalar_embedding_step_                    
         03960.safetensors                                                      
DEBUG    [rank 0] Removed optimizer state for older kept     dit_trainer.py:1444
         checkpoint:                                                            
         /hppfs/scratch/0D/go76fuz2/windinet/outputs/shockwa                    
         ve_dit_sds_w0p01/checkpoints/model_weights_step_040                    
         80.state.pt                                                            
[epoch 35] step=4200 train_loss=0.082717 val_loss=0.083706
[train] step=4201 loss=0.074741 lr=4.613e-06
[train] step=4202 loss=0.061085 lr=4.611e-06
[train] step=4203 loss=0.200967 lr=4.609e-06
[train] step=4204 loss=0.049367 lr=4.607e-06
[train] step=4205 loss=0.079892 lr=4.605e-06
[train] step=4206 loss=0.057680 lr=4.603e-06
[train] step=4207 loss=0.077513 lr=4.601e-06
[train] step=4208 loss=0.086982 lr=4.599e-06
[train] step=4209 loss=0.102697 lr=4.597e-06
[train] step=4210 loss=0.101481 lr=4.595e-06
[train] step=4211 loss=0.082357 lr=4.594e-06
[train] step=4212 loss=0.033353 lr=4.592e-06
[train] step=4213 loss=0.052571 lr=4.590e-06
[train] step=4214 loss=0.082644 lr=4.588e-06
[train] step=4215 loss=0.040009 lr=4.586e-06
[train] step=4216 loss=0.041822 lr=4.584e-06
[train] step=4217 loss=0.055387 lr=4.582e-06
[train] step=4218 loss=0.079291 lr=4.580e-06
[train] step=4219 loss=0.036854 lr=4.578e-06
[train] step=4220 loss=0.120550 lr=4.576e-06
[train] step=4221 loss=0.084159 lr=4.574e-06
[train] step=4222 loss=0.079489 lr=4.572e-06
[train] step=4223 loss=0.085127 lr=4.570e-06
[train] step=4224 loss=0.110913 lr=4.568e-06
[train] step=4225 loss=0.078040 lr=4.566e-06
[train] step=4226 loss=0.051374 lr=4.564e-06
[train] step=4227 loss=0.090048 lr=4.562e-06
[train] step=4228 loss=0.140708 lr=4.560e-06
[train] step=4229 loss=0.063652 lr=4.558e-06
[train] step=4230 loss=0.091627 lr=4.556e-06
[train] step=4231 loss=0.090056 lr=4.554e-06
[train] step=4232 loss=0.058214 lr=4.553e-06
[train] step=4233 loss=0.069938 lr=4.551e-06
[train] step=4234 loss=0.073680 lr=4.549e-06
[train] step=4235 loss=0.078477 lr=4.547e-06
[train] step=4236 loss=0.072785 lr=4.545e-06
[train] step=4237 loss=0.055088 lr=4.543e-06
[train] step=4238 loss=0.046972 lr=4.541e-06
[train] step=4239 loss=0.048923 lr=4.539e-06
[train] step=4240 loss=0.095856 lr=4.537e-06
[train] step=4241 loss=0.045920 lr=4.535e-06
[train] step=4242 loss=0.088653 lr=4.533e-06
[train] step=4243 loss=0.077348 lr=4.531e-06
[train] step=4244 loss=0.071193 lr=4.529e-06
[train] step=4245 loss=0.051623 lr=4.527e-06
[train] step=4246 loss=0.079326 lr=4.525e-06
[train] step=4247 loss=0.071282 lr=4.523e-06
[train] step=4248 loss=0.039221 lr=4.521e-06
[train] step=4249 loss=0.077489 lr=4.519e-06
[train] step=4250 loss=0.077029 lr=4.517e-06
[train] step=4251 loss=0.057497 lr=4.515e-06
[train] step=4252 loss=0.073214 lr=4.513e-06
[train] step=4253 loss=0.065744 lr=4.512e-06
[train] step=4254 loss=0.115773 lr=4.510e-06
[train] step=4255 loss=0.066178 lr=4.508e-06
[train] step=4256 loss=0.101555 lr=4.506e-06
[train] step=4257 loss=0.077934 lr=4.504e-06
[train] step=4258 loss=0.073281 lr=4.502e-06
[train] step=4259 loss=0.057713 lr=4.500e-06
[train] step=4260 loss=0.056478 lr=4.498e-06
[train] step=4261 loss=0.090931 lr=4.496e-06
[train] step=4262 loss=0.046524 lr=4.494e-06
[train] step=4263 loss=0.061034 lr=4.492e-06
[train] step=4264 loss=0.087892 lr=4.490e-06
[train] step=4265 loss=0.050486 lr=4.488e-06
[train] step=4266 loss=0.032708 lr=4.486e-06
[train] step=4267 loss=0.082236 lr=4.484e-06
[train] step=4268 loss=0.065399 lr=4.482e-06
[train] step=4269 loss=0.074901 lr=4.480e-06
[train] step=4270 loss=0.060556 lr=4.478e-06
[train] step=4271 loss=0.080316 lr=4.476e-06
[train] step=4272 loss=0.093979 lr=4.474e-06
[train] step=4273 loss=0.074889 lr=4.472e-06
[train] step=4274 loss=0.099174 lr=4.471e-06
[train] step=4275 loss=0.071506 lr=4.469e-06
[train] step=4276 loss=0.089682 lr=4.467e-06
[train] step=4277 loss=0.071197 lr=4.465e-06
[train] step=4278 loss=0.054388 lr=4.463e-06
[train] step=4279 loss=0.049558 lr=4.461e-06
[train] step=4280 loss=0.071083 lr=4.459e-06
[train] step=4281 loss=0.076180 lr=4.457e-06
[train] step=4282 loss=0.046978 lr=4.455e-06
[train] step=4283 loss=0.106858 lr=4.453e-06
[train] step=4284 loss=0.085495 lr=4.451e-06
[train] step=4285 loss=0.218214 lr=4.449e-06
[train] step=4286 loss=0.066614 lr=4.447e-06
[train] step=4287 loss=0.081388 lr=4.445e-06
[train] step=4288 loss=0.093539 lr=4.443e-06
[train] step=4289 loss=0.092188 lr=4.441e-06
[train] step=4290 loss=0.064635 lr=4.439e-06
[train] step=4291 loss=0.115907 lr=4.437e-06
[train] step=4292 loss=0.059796 lr=4.435e-06
[train] step=4293 loss=0.064398 lr=4.433e-06
[train] step=4294 loss=0.079154 lr=4.432e-06
[train] step=4295 loss=0.050142 lr=4.430e-06
[train] step=4296 loss=0.086798 lr=4.428e-06
[train] step=4297 loss=0.118190 lr=4.426e-06
[train] step=4298 loss=0.087703 lr=4.424e-06
[train] step=4299 loss=0.083510 lr=4.422e-06
[train] step=4300 loss=0.057301 lr=4.420e-06
[train] step=4301 loss=0.047615 lr=4.418e-06
[train] step=4302 loss=0.192107 lr=4.416e-06
[train] step=4303 loss=0.045245 lr=4.414e-06
[train] step=4304 loss=0.104327 lr=4.412e-06
[train] step=4305 loss=0.050099 lr=4.410e-06
[train] step=4306 loss=0.065176 lr=4.408e-06
[train] step=4307 loss=0.074907 lr=4.406e-06
[train] step=4308 loss=0.073315 lr=4.404e-06
[train] step=4309 loss=0.102521 lr=4.402e-06
[train] step=4310 loss=0.066952 lr=4.400e-06
[train] step=4311 loss=0.070921 lr=4.398e-06
[train] step=4312 loss=0.068777 lr=4.396e-06
[train] step=4313 loss=0.087979 lr=4.395e-06
[train] step=4314 loss=0.064365 lr=4.393e-06
[train] step=4315 loss=0.057022 lr=4.391e-06
[train] step=4316 loss=0.060860 lr=4.389e-06
[train] step=4317 loss=0.092432 lr=4.387e-06
[train] step=4318 loss=0.049814 lr=4.385e-06
[train] step=4319 loss=0.101844 lr=4.383e-06
[train] step=4320 loss=0.131518 lr=4.381e-06
INFO     [rank 0] Model weights for step 4320 saved in       dit_trainer.py:1288
         checkpoints/model_weights_step_04320.safetensors                       
INFO     [rank 0] Scalar embedding weights for step 4320     dit_trainer.py:1297
         saved                                                                  
INFO     [rank 0] Training state saved:                      dit_trainer.py:1416
         checkpoints/model_weights_step_04320.state.pt                          
DEBUG    [rank 0] Removed old checkpoint:                    dit_trainer.py:1429
         /hppfs/scratch/0D/go76fuz2/windinet/outputs/shockwa                    
         ve_dit_sds_w0p01/checkpoints/model_weights_step_040                    
         80.safetensors                                                         
DEBUG    [rank 0] Removed old checkpoint:                    dit_trainer.py:1429
         /hppfs/scratch/0D/go76fuz2/windinet/outputs/shockwa                    
         ve_dit_sds_w0p01/checkpoints/scalar_embedding_step_                    
         04080.safetensors                                                      
DEBUG    [rank 0] Removed optimizer state for older kept     dit_trainer.py:1444
         checkpoint:                                                            
         /hppfs/scratch/0D/go76fuz2/windinet/outputs/shockwa                    
         ve_dit_sds_w0p01/checkpoints/model_weights_step_042                    
         00.state.pt                                                            
[epoch 36] step=4320 train_loss=0.076628
[train] step=4321 loss=0.098000 lr=4.379e-06
[train] step=4322 loss=0.074795 lr=4.377e-06
[train] step=4323 loss=0.032722 lr=4.375e-06
[train] step=4324 loss=0.079809 lr=4.373e-06
[train] step=4325 loss=0.068077 lr=4.371e-06
[train] step=4326 loss=0.067816 lr=4.369e-06
[train] step=4327 loss=0.067653 lr=4.367e-06
[train] step=4328 loss=0.111179 lr=4.365e-06
[train] step=4329 loss=0.082897 lr=4.363e-06
[train] step=4330 loss=0.099789 lr=4.361e-06
[train] step=4331 loss=0.090173 lr=4.360e-06
[train] step=4332 loss=0.114072 lr=4.358e-06
[train] step=4333 loss=0.091450 lr=4.356e-06
[train] step=4334 loss=0.060683 lr=4.354e-06
[train] step=4335 loss=0.139277 lr=4.352e-06
[train] step=4336 loss=0.074746 lr=4.350e-06
[train] step=4337 loss=0.050281 lr=4.348e-06
[train] step=4338 loss=0.065223 lr=4.346e-06
[train] step=4339 loss=0.075717 lr=4.344e-06
[train] step=4340 loss=0.066863 lr=4.342e-06
[train] step=4341 loss=0.083011 lr=4.340e-06
[train] step=4342 loss=0.057099 lr=4.338e-06
[train] step=4343 loss=0.052469 lr=4.336e-06
[train] step=4344 loss=0.075655 lr=4.334e-06
[train] step=4345 loss=0.093783 lr=4.332e-06
[train] step=4346 loss=0.090822 lr=4.330e-06
[train] step=4347 loss=0.160723 lr=4.328e-06
[train] step=4348 loss=0.072425 lr=4.326e-06
[train] step=4349 loss=0.087209 lr=4.325e-06
[train] step=4350 loss=0.069557 lr=4.323e-06
[train] step=4351 loss=0.053326 lr=4.321e-06
[train] step=4352 loss=0.065942 lr=4.319e-06
[train] step=4353 loss=0.065444 lr=4.317e-06
[train] step=4354 loss=0.180786 lr=4.315e-06
[train] step=4355 loss=0.085516 lr=4.313e-06
[train] step=4356 loss=0.089869 lr=4.311e-06
[train] step=4357 loss=0.060393 lr=4.309e-06
[train] step=4358 loss=0.083277 lr=4.307e-06
[train] step=4359 loss=0.062019 lr=4.305e-06
[train] step=4360 loss=0.078740 lr=4.303e-06
[train] step=4361 loss=0.179212 lr=4.301e-06
[train] step=4362 loss=0.104647 lr=4.299e-06
[train] step=4363 loss=0.082234 lr=4.297e-06
[train] step=4364 loss=0.048333 lr=4.295e-06
[train] step=4365 loss=0.087724 lr=4.293e-06
[train] step=4366 loss=0.310863 lr=4.291e-06
[train] step=4367 loss=0.077665 lr=4.290e-06
[train] step=4368 loss=0.077306 lr=4.288e-06
[train] step=4369 loss=0.064802 lr=4.286e-06
[train] step=4370 loss=0.047850 lr=4.284e-06
[train] step=4371 loss=0.200063 lr=4.282e-06
[train] step=4372 loss=0.058097 lr=4.280e-06
[train] step=4373 loss=0.083953 lr=4.278e-06
[train] step=4374 loss=0.128397 lr=4.276e-06
[train] step=4375 loss=0.045254 lr=4.274e-06
[train] step=4376 loss=0.061267 lr=4.272e-06
[train] step=4377 loss=0.080644 lr=4.270e-06
[train] step=4378 loss=0.039253 lr=4.268e-06
[train] step=4379 loss=0.066189 lr=4.266e-06
[train] step=4380 loss=0.115255 lr=4.264e-06
[train] step=4381 loss=0.086620 lr=4.262e-06
[train] step=4382 loss=0.077780 lr=4.260e-06
[train] step=4383 loss=0.075773 lr=4.259e-06
[train] step=4384 loss=0.077604 lr=4.257e-06
[train] step=4385 loss=0.075301 lr=4.255e-06
[train] step=4386 loss=0.084917 lr=4.253e-06
[train] step=4387 loss=0.028769 lr=4.251e-06
[train] step=4388 loss=0.074424 lr=4.249e-06
[train] step=4389 loss=0.097545 lr=4.247e-06
[train] step=4390 loss=0.077480 lr=4.245e-06
[train] step=4391 loss=0.094710 lr=4.243e-06
[train] step=4392 loss=0.058897 lr=4.241e-06
[train] step=4393 loss=0.075134 lr=4.239e-06
[train] step=4394 loss=0.073880 lr=4.237e-06
[train] step=4395 loss=0.070293 lr=4.235e-06
[train] step=4396 loss=0.066364 lr=4.233e-06
[train] step=4397 loss=0.084881 lr=4.231e-06
[train] step=4398 loss=0.075000 lr=4.229e-06
[train] step=4399 loss=0.051323 lr=4.227e-06
[train] step=4400 loss=0.082758 lr=4.226e-06
[train] step=4401 loss=0.059072 lr=4.224e-06
[train] step=4402 loss=0.061965 lr=4.222e-06
[train] step=4403 loss=0.082418 lr=4.220e-06
[train] step=4404 loss=0.046631 lr=4.218e-06
[train] step=4405 loss=0.084469 lr=4.216e-06
[train] step=4406 loss=0.070897 lr=4.214e-06
[train] step=4407 loss=0.089119 lr=4.212e-06
[train] step=4408 loss=0.080433 lr=4.210e-06
[train] step=4409 loss=0.137780 lr=4.208e-06
[train] step=4410 loss=0.088053 lr=4.206e-06
[train] step=4411 loss=0.068730 lr=4.204e-06
[train] step=4412 loss=0.081018 lr=4.202e-06
[train] step=4413 loss=0.066225 lr=4.200e-06
[train] step=4414 loss=0.073879 lr=4.198e-06
[train] step=4415 loss=0.078297 lr=4.196e-06
[train] step=4416 loss=0.057896 lr=4.195e-06
[train] step=4417 loss=0.094460 lr=4.193e-06
[train] step=4418 loss=0.061308 lr=4.191e-06
[train] step=4419 loss=0.059169 lr=4.189e-06
[train] step=4420 loss=0.069940 lr=4.187e-06
[train] step=4421 loss=0.065917 lr=4.185e-06
[train] step=4422 loss=0.043638 lr=4.183e-06
[train] step=4423 loss=0.059779 lr=4.181e-06
[train] step=4424 loss=0.130698 lr=4.179e-06
[train] step=4425 loss=0.108540 lr=4.177e-06
[train] step=4426 loss=0.058923 lr=4.175e-06
[train] step=4427 loss=0.076860 lr=4.173e-06
[train] step=4428 loss=0.123517 lr=4.171e-06
[train] step=4429 loss=0.078893 lr=4.169e-06
[train] step=4430 loss=0.112655 lr=4.167e-06
[train] step=4431 loss=0.055726 lr=4.166e-06
[train] step=4432 loss=0.080781 lr=4.164e-06
[train] step=4433 loss=0.075513 lr=4.162e-06
[train] step=4434 loss=0.084768 lr=4.160e-06
[train] step=4435 loss=0.052928 lr=4.158e-06
[train] step=4436 loss=0.055682 lr=4.156e-06
[train] step=4437 loss=0.089019 lr=4.154e-06
[train] step=4438 loss=0.061720 lr=4.152e-06
[train] step=4439 loss=0.056608 lr=4.150e-06
[train] step=4440 loss=0.084597 lr=4.148e-06
INFO     [rank 0] Model weights for step 4440 saved in       dit_trainer.py:1288
         checkpoints/model_weights_step_04440.safetensors                       
INFO     [rank 0] Scalar embedding weights for step 4440     dit_trainer.py:1297
         saved                                                                  
INFO     [rank 0] Training state saved:                      dit_trainer.py:1416
         checkpoints/model_weights_step_04440.state.pt                          
DEBUG    [rank 0] Removed old checkpoint:                    dit_trainer.py:1429
         /hppfs/scratch/0D/go76fuz2/windinet/outputs/shockwa                    
         ve_dit_sds_w0p01/checkpoints/model_weights_step_042                    
         00.safetensors                                                         
DEBUG    [rank 0] Removed old checkpoint:                    dit_trainer.py:1429
         /hppfs/scratch/0D/go76fuz2/windinet/outputs/shockwa                    
         ve_dit_sds_w0p01/checkpoints/scalar_embedding_step_                    
         04200.safetensors                                                      
DEBUG    [rank 0] Removed optimizer state for older kept     dit_trainer.py:1444
         checkpoint:                                                            
         /hppfs/scratch/0D/go76fuz2/windinet/outputs/shockwa                    
         ve_dit_sds_w0p01/checkpoints/model_weights_step_043                    
         20.state.pt                                                            
[epoch 37] step=4440 train_loss=0.082027
[train] step=4441 loss=0.056415 lr=4.146e-06
[train] step=4442 loss=0.053021 lr=4.144e-06
[train] step=4443 loss=0.078865 lr=4.142e-06
[train] step=4444 loss=0.063442 lr=4.140e-06
[train] step=4445 loss=0.144950 lr=4.138e-06
[train] step=4446 loss=0.087835 lr=4.137e-06
[train] step=4447 loss=0.073509 lr=4.135e-06
[train] step=4448 loss=0.116442 lr=4.133e-06
[train] step=4449 loss=0.081053 lr=4.131e-06
[train] step=4450 loss=0.077267 lr=4.129e-06
[train] step=4451 loss=0.081808 lr=4.127e-06
[train] step=4452 loss=0.080503 lr=4.125e-06
[train] step=4453 loss=0.081448 lr=4.123e-06
[train] step=4454 loss=0.049852 lr=4.121e-06
[train] step=4455 loss=0.096772 lr=4.119e-06
[train] step=4456 loss=0.084190 lr=4.117e-06
[train] step=4457 loss=0.067215 lr=4.115e-06
[train] step=4458 loss=0.059989 lr=4.113e-06
[train] step=4459 loss=0.087615 lr=4.111e-06
[train] step=4460 loss=0.104266 lr=4.110e-06
[train] step=4461 loss=0.035890 lr=4.108e-06
[train] step=4462 loss=0.057992 lr=4.106e-06
[train] step=4463 loss=0.079433 lr=4.104e-06
[train] step=4464 loss=0.076598 lr=4.102e-06
[train] step=4465 loss=0.085619 lr=4.100e-06
[train] step=4466 loss=0.056152 lr=4.098e-06
[train] step=4467 loss=0.067582 lr=4.096e-06
[train] step=4468 loss=0.068029 lr=4.094e-06
[train] step=4469 loss=0.103841 lr=4.092e-06
[train] step=4470 loss=0.150777 lr=4.090e-06
[train] step=4471 loss=0.068636 lr=4.088e-06
[train] step=4472 loss=0.094141 lr=4.086e-06
[train] step=4473 loss=0.070522 lr=4.084e-06
[train] step=4474 loss=0.075602 lr=4.083e-06
[train] step=4475 loss=0.057140 lr=4.081e-06
[train] step=4476 loss=0.057610 lr=4.079e-06
[train] step=4477 loss=0.069172 lr=4.077e-06
[train] step=4478 loss=0.061803 lr=4.075e-06
[train] step=4479 loss=0.096147 lr=4.073e-06
[train] step=4480 loss=0.076972 lr=4.071e-06
[train] step=4481 loss=0.108956 lr=4.069e-06
[train] step=4482 loss=0.055465 lr=4.067e-06
[train] step=4483 loss=0.081577 lr=4.065e-06
[train] step=4484 loss=0.109948 lr=4.063e-06
[train] step=4485 loss=0.067416 lr=4.061e-06
[train] step=4486 loss=0.101753 lr=4.059e-06
[train] step=4487 loss=0.061581 lr=4.057e-06
[train] step=4488 loss=0.057213 lr=4.056e-06
[train] step=4489 loss=0.055585 lr=4.054e-06
[train] step=4490 loss=0.131473 lr=4.052e-06
[train] step=4491 loss=0.063839 lr=4.050e-06
[train] step=4492 loss=0.098708 lr=4.048e-06
[train] step=4493 loss=0.057855 lr=4.046e-06
[train] step=4494 loss=0.066109 lr=4.044e-06
[train] step=4495 loss=0.094370 lr=4.042e-06
[train] step=4496 loss=0.071453 lr=4.040e-06
[train] step=4497 loss=0.067675 lr=4.038e-06
[train] step=4498 loss=0.051880 lr=4.036e-06
[train] step=4499 loss=0.069949 lr=4.034e-06
[train] step=4500 loss=0.052023 lr=4.032e-06
[train] step=4501 loss=0.068699 lr=4.031e-06
[train] step=4502 loss=0.075531 lr=4.029e-06
[train] step=4503 loss=0.068182 lr=4.027e-06
[train] step=4504 loss=0.072016 lr=4.025e-06
[train] step=4505 loss=0.066241 lr=4.023e-06
[train] step=4506 loss=0.051151 lr=4.021e-06
[train] step=4507 loss=0.089608 lr=4.019e-06
[train] step=4508 loss=0.056908 lr=4.017e-06
[train] step=4509 loss=0.061159 lr=4.015e-06
[train] step=4510 loss=0.053879 lr=4.013e-06
[train] step=4511 loss=0.040345 lr=4.011e-06
[train] step=4512 loss=0.076972 lr=4.009e-06
[train] step=4513 loss=0.064856 lr=4.007e-06
[train] step=4514 loss=0.055153 lr=4.006e-06
[train] step=4515 loss=0.040325 lr=4.004e-06
[train] step=4516 loss=0.065699 lr=4.002e-06
[train] step=4517 loss=0.080619 lr=4.000e-06
[train] step=4518 loss=0.105545 lr=3.998e-06
[train] step=4519 loss=0.075361 lr=3.996e-06
[train] step=4520 loss=0.071893 lr=3.994e-06
[train] step=4521 loss=0.093437 lr=3.992e-06
[train] step=4522 loss=0.082396 lr=3.990e-06
[train] step=4523 loss=0.038249 lr=3.988e-06
[train] step=4524 loss=0.084801 lr=3.986e-06
[train] step=4525 loss=0.054806 lr=3.984e-06
[train] step=4526 loss=0.082707 lr=3.982e-06
[train] step=4527 loss=0.062736 lr=3.981e-06
[train] step=4528 loss=0.031357 lr=3.979e-06
[train] step=4529 loss=0.113324 lr=3.977e-06
[train] step=4530 loss=0.097181 lr=3.975e-06
[train] step=4531 loss=0.095714 lr=3.973e-06
[train] step=4532 loss=0.150518 lr=3.971e-06
[train] step=4533 loss=0.057845 lr=3.969e-06
[train] step=4534 loss=0.059101 lr=3.967e-06
[train] step=4535 loss=0.073811 lr=3.965e-06
[train] step=4536 loss=0.182437 lr=3.963e-06
[train] step=4537 loss=0.059415 lr=3.961e-06
[train] step=4538 loss=0.068855 lr=3.959e-06
[train] step=4539 loss=0.082413 lr=3.958e-06
[train] step=4540 loss=0.102033 lr=3.956e-06
[train] step=4541 loss=0.071466 lr=3.954e-06
[train] step=4542 loss=0.062997 lr=3.952e-06
[train] step=4543 loss=0.074820 lr=3.950e-06
[train] step=4544 loss=0.099500 lr=3.948e-06
[train] step=4545 loss=0.067323 lr=3.946e-06
[train] step=4546 loss=0.049815 lr=3.944e-06
[train] step=4547 loss=0.060600 lr=3.942e-06
[train] step=4548 loss=0.054974 lr=3.940e-06
[train] step=4549 loss=0.043888 lr=3.938e-06
[train] step=4550 loss=0.074411 lr=3.936e-06
[train] step=4551 loss=0.073426 lr=3.935e-06
[train] step=4552 loss=0.092893 lr=3.933e-06
[train] step=4553 loss=0.066599 lr=3.931e-06
[train] step=4554 loss=0.075156 lr=3.929e-06
[train] step=4555 loss=0.101645 lr=3.927e-06
[train] step=4556 loss=0.068016 lr=3.925e-06
[train] step=4557 loss=0.060150 lr=3.923e-06
[train] step=4558 loss=0.074732 lr=3.921e-06
[train] step=4559 loss=0.096375 lr=3.919e-06
[train] step=4560 loss=0.094150 lr=3.917e-06
INFO     [rank 0] Model weights for step 4560 saved in       dit_trainer.py:1288
         checkpoints/model_weights_step_04560.safetensors                       
INFO     [rank 0] Scalar embedding weights for step 4560     dit_trainer.py:1297
         saved                                                                  
INFO     [rank 0] Training state saved:                      dit_trainer.py:1416
         checkpoints/model_weights_step_04560.state.pt                          
DEBUG    [rank 0] Removed old checkpoint:                    dit_trainer.py:1429
         /hppfs/scratch/0D/go76fuz2/windinet/outputs/shockwa                    
         ve_dit_sds_w0p01/checkpoints/model_weights_step_043                    
         20.safetensors                                                         
DEBUG    [rank 0] Removed old checkpoint:                    dit_trainer.py:1429
         /hppfs/scratch/0D/go76fuz2/windinet/outputs/shockwa                    
         ve_dit_sds_w0p01/checkpoints/scalar_embedding_step_                    
         04320.safetensors                                                      
DEBUG    [rank 0] Removed optimizer state for older kept     dit_trainer.py:1444
         checkpoint:                                                            
         /hppfs/scratch/0D/go76fuz2/windinet/outputs/shockwa                    
         ve_dit_sds_w0p01/checkpoints/model_weights_step_044                    
         40.state.pt                                                            
[epoch 38] step=4560 train_loss=0.076063
[train] step=4561 loss=0.062677 lr=3.915e-06
[train] step=4562 loss=0.055277 lr=3.913e-06
[train] step=4563 loss=0.053538 lr=3.912e-06
[train] step=4564 loss=0.065652 lr=3.910e-06
[train] step=4565 loss=0.066789 lr=3.908e-06
[train] step=4566 loss=0.069650 lr=3.906e-06
[train] step=4567 loss=0.099305 lr=3.904e-06
[train] step=4568 loss=0.097177 lr=3.902e-06
[train] step=4569 loss=0.068705 lr=3.900e-06
[train] step=4570 loss=0.140925 lr=3.898e-06
[train] step=4571 loss=0.047607 lr=3.896e-06
[train] step=4572 loss=0.090648 lr=3.894e-06
[train] step=4573 loss=0.052870 lr=3.892e-06
[train] step=4574 loss=0.064376 lr=3.891e-06
[train] step=4575 loss=0.079959 lr=3.889e-06
[train] step=4576 loss=0.096160 lr=3.887e-06
[train] step=4577 loss=0.050540 lr=3.885e-06
[train] step=4578 loss=0.065029 lr=3.883e-06
[train] step=4579 loss=0.046424 lr=3.881e-06
[train] step=4580 loss=0.108384 lr=3.879e-06
[train] step=4581 loss=0.104116 lr=3.877e-06
[train] step=4582 loss=0.059169 lr=3.875e-06
[train] step=4583 loss=0.091787 lr=3.873e-06
[train] step=4584 loss=0.070809 lr=3.871e-06
[train] step=4585 loss=0.046962 lr=3.869e-06
[train] step=4586 loss=0.073832 lr=3.868e-06
[train] step=4587 loss=0.079681 lr=3.866e-06
[train] step=4588 loss=0.067718 lr=3.864e-06
[train] step=4589 loss=0.065518 lr=3.862e-06
[train] step=4590 loss=0.068153 lr=3.860e-06
[train] step=4591 loss=0.054991 lr=3.858e-06
[train] step=4592 loss=0.118193 lr=3.856e-06
[train] step=4593 loss=0.104352 lr=3.854e-06
[train] step=4594 loss=0.112721 lr=3.852e-06
[train] step=4595 loss=0.068500 lr=3.850e-06
[train] step=4596 loss=0.066679 lr=3.848e-06
[train] step=4597 loss=0.045597 lr=3.847e-06
[train] step=4598 loss=0.073715 lr=3.845e-06
[train] step=4599 loss=0.064262 lr=3.843e-06
[train] step=4600 loss=0.044605 lr=3.841e-06
[train] step=4601 loss=0.064425 lr=3.839e-06
[train] step=4602 loss=0.087006 lr=3.837e-06
[train] step=4603 loss=0.063146 lr=3.835e-06
[train] step=4604 loss=0.075375 lr=3.833e-06
[train] step=4605 loss=0.072837 lr=3.831e-06
[train] step=4606 loss=0.070536 lr=3.829e-06
[train] step=4607 loss=0.065722 lr=3.827e-06
[train] step=4608 loss=0.094674 lr=3.826e-06
[train] step=4609 loss=0.062890 lr=3.824e-06
[train] step=4610 loss=0.050804 lr=3.822e-06
[train] step=4611 loss=0.073358 lr=3.820e-06
[train] step=4612 loss=0.096182 lr=3.818e-06
[train] step=4613 loss=0.063954 lr=3.816e-06
[train] step=4614 loss=0.065847 lr=3.814e-06
[train] step=4615 loss=0.069662 lr=3.812e-06
[train] step=4616 loss=0.101708 lr=3.810e-06
[train] step=4617 loss=0.095010 lr=3.808e-06
[train] step=4618 loss=0.089912 lr=3.807e-06
[train] step=4619 loss=0.054895 lr=3.805e-06
[train] step=4620 loss=0.068848 lr=3.803e-06
[train] step=4621 loss=0.207738 lr=3.801e-06
[train] step=4622 loss=0.072455 lr=3.799e-06
[train] step=4623 loss=0.079282 lr=3.797e-06
[train] step=4624 loss=0.108184 lr=3.795e-06
[train] step=4625 loss=0.117280 lr=3.793e-06
[train] step=4626 loss=0.053609 lr=3.791e-06
[train] step=4627 loss=0.071762 lr=3.789e-06
[train] step=4628 loss=0.076654 lr=3.788e-06
[train] step=4629 loss=0.097319 lr=3.786e-06
[train] step=4630 loss=0.061503 lr=3.784e-06
[train] step=4631 loss=0.070122 lr=3.782e-06
[train] step=4632 loss=0.052283 lr=3.780e-06
[train] step=4633 loss=0.052014 lr=3.778e-06
[train] step=4634 loss=0.074691 lr=3.776e-06
[train] step=4635 loss=0.095335 lr=3.774e-06
[train] step=4636 loss=0.114927 lr=3.772e-06
[train] step=4637 loss=0.125960 lr=3.770e-06
[train] step=4638 loss=0.056441 lr=3.768e-06
[train] step=4639 loss=0.065939 lr=3.767e-06
[train] step=4640 loss=0.095651 lr=3.765e-06
[train] step=4641 loss=0.054385 lr=3.763e-06
[train] step=4642 loss=0.093606 lr=3.761e-06
[train] step=4643 loss=0.078181 lr=3.759e-06
[train] step=4644 loss=0.100300 lr=3.757e-06
[train] step=4645 loss=0.046516 lr=3.755e-06
[train] step=4646 loss=0.081969 lr=3.753e-06
[train] step=4647 loss=0.050328 lr=3.751e-06
[train] step=4648 loss=0.071281 lr=3.749e-06
[train] step=4649 loss=0.064153 lr=3.748e-06
[train] step=4650 loss=0.134023 lr=3.746e-06
[train] step=4651 loss=0.074402 lr=3.744e-06
[train] step=4652 loss=0.076930 lr=3.742e-06
[train] step=4653 loss=0.091685 lr=3.740e-06
[train] step=4654 loss=0.061599 lr=3.738e-06
[train] step=4655 loss=0.110642 lr=3.736e-06
[train] step=4656 loss=0.072701 lr=3.734e-06
[train] step=4657 loss=0.082011 lr=3.732e-06
[train] step=4658 loss=0.067300 lr=3.731e-06
[train] step=4659 loss=0.078080 lr=3.729e-06
[train] step=4660 loss=0.113039 lr=3.727e-06
[train] step=4661 loss=0.094641 lr=3.725e-06
[train] step=4662 loss=0.072334 lr=3.723e-06
[train] step=4663 loss=0.072263 lr=3.721e-06
[train] step=4664 loss=0.117404 lr=3.719e-06
[train] step=4665 loss=0.073780 lr=3.717e-06
[train] step=4666 loss=0.092406 lr=3.715e-06
[train] step=4667 loss=0.064829 lr=3.713e-06
[train] step=4668 loss=0.084409 lr=3.712e-06
[train] step=4669 loss=0.107766 lr=3.710e-06
[train] step=4670 loss=0.052008 lr=3.708e-06
[train] step=4671 loss=0.052418 lr=3.706e-06
[train] step=4672 loss=0.077911 lr=3.704e-06
[train] step=4673 loss=0.082566 lr=3.702e-06
[train] step=4674 loss=0.041339 lr=3.700e-06
[train] step=4675 loss=0.062976 lr=3.698e-06
[train] step=4676 loss=0.108340 lr=3.696e-06
[train] step=4677 loss=0.069079 lr=3.695e-06
[train] step=4678 loss=0.122034 lr=3.693e-06
[train] step=4679 loss=0.073852 lr=3.691e-06
[train] step=4680 loss=0.064233 lr=3.689e-06
INFO     [rank 0] Model weights for step 4680 saved in       dit_trainer.py:1288
         checkpoints/model_weights_step_04680.safetensors                       
INFO     [rank 0] Scalar embedding weights for step 4680     dit_trainer.py:1297
         saved                                                                  
INFO     [rank 0] Training state saved:                      dit_trainer.py:1416
         checkpoints/model_weights_step_04680.state.pt                          
DEBUG    [rank 0] Removed old checkpoint:                    dit_trainer.py:1429
         /hppfs/scratch/0D/go76fuz2/windinet/outputs/shockwa                    
         ve_dit_sds_w0p01/checkpoints/model_weights_step_044                    
         40.safetensors                                                         
DEBUG    [rank 0] Removed old checkpoint:                    dit_trainer.py:1429
         /hppfs/scratch/0D/go76fuz2/windinet/outputs/shockwa                    
         ve_dit_sds_w0p01/checkpoints/scalar_embedding_step_                    
         04440.safetensors                                                      
DEBUG    [rank 0] Removed optimizer state for older kept     dit_trainer.py:1444
         checkpoint:                                                            
         /hppfs/scratch/0D/go76fuz2/windinet/outputs/shockwa                    
         ve_dit_sds_w0p01/checkpoints/model_weights_step_045                    
         60.state.pt                                                            
[epoch 39] step=4680 train_loss=0.078489
[train] step=4681 loss=0.110424 lr=3.687e-06
[train] step=4682 loss=0.115050 lr=3.685e-06
[train] step=4683 loss=0.056674 lr=3.683e-06
[train] step=4684 loss=0.127453 lr=3.681e-06
[train] step=4685 loss=0.097299 lr=3.679e-06
[train] step=4686 loss=0.077388 lr=3.677e-06
[train] step=4687 loss=0.112095 lr=3.676e-06
[train] step=4688 loss=0.085600 lr=3.674e-06
[train] step=4689 loss=0.103781 lr=3.672e-06
[train] step=4690 loss=0.115589 lr=3.670e-06
[train] step=4691 loss=0.066896 lr=3.668e-06
[train] step=4692 loss=0.058452 lr=3.666e-06
[train] step=4693 loss=0.061793 lr=3.664e-06
[train] step=4694 loss=0.105953 lr=3.662e-06
[train] step=4695 loss=0.069014 lr=3.660e-06
[train] step=4696 loss=0.137074 lr=3.659e-06
[train] step=4697 loss=0.035685 lr=3.657e-06
[train] step=4698 loss=0.101176 lr=3.655e-06
[train] step=4699 loss=0.092500 lr=3.653e-06
[train] step=4700 loss=0.058170 lr=3.651e-06
[train] step=4701 loss=0.070631 lr=3.649e-06
[train] step=4702 loss=0.099019 lr=3.647e-06
[train] step=4703 loss=0.056371 lr=3.645e-06
[train] step=4704 loss=0.141034 lr=3.643e-06
[train] step=4705 loss=0.070283 lr=3.642e-06
[train] step=4706 loss=0.078412 lr=3.640e-06
[train] step=4707 loss=0.038930 lr=3.638e-06
[train] step=4708 loss=0.058060 lr=3.636e-06
[train] step=4709 loss=0.056043 lr=3.634e-06
[train] step=4710 loss=0.087796 lr=3.632e-06
[train] step=4711 loss=0.067054 lr=3.630e-06
[train] step=4712 loss=0.059423 lr=3.628e-06
[train] step=4713 loss=0.144932 lr=3.627e-06
[train] step=4714 loss=0.084012 lr=3.625e-06
[train] step=4715 loss=0.043149 lr=3.623e-06
[train] step=4716 loss=0.066453 lr=3.621e-06
[train] step=4717 loss=0.057453 lr=3.619e-06
[train] step=4718 loss=0.073460 lr=3.617e-06
[train] step=4719 loss=0.119247 lr=3.615e-06
[train] step=4720 loss=0.073147 lr=3.613e-06
[train] step=4721 loss=0.064619 lr=3.611e-06
[train] step=4722 loss=0.090399 lr=3.610e-06
[train] step=4723 loss=0.130746 lr=3.608e-06
[train] step=4724 loss=0.086326 lr=3.606e-06
[train] step=4725 loss=0.046875 lr=3.604e-06
[train] step=4726 loss=0.109592 lr=3.602e-06
[train] step=4727 loss=0.057041 lr=3.600e-06
[train] step=4728 loss=0.057985 lr=3.598e-06
[train] step=4729 loss=0.056045 lr=3.596e-06
[train] step=4730 loss=0.050499 lr=3.594e-06
[train] step=4731 loss=0.051378 lr=3.593e-06
[train] step=4732 loss=0.086072 lr=3.591e-06
[train] step=4733 loss=0.110668 lr=3.589e-06
[train] step=4734 loss=0.069987 lr=3.587e-06
[train] step=4735 loss=0.171915 lr=3.585e-06
[train] step=4736 loss=0.069827 lr=3.583e-06
[train] step=4737 loss=0.081681 lr=3.581e-06
[train] step=4738 loss=0.133576 lr=3.579e-06
[train] step=4739 loss=0.070432 lr=3.578e-06
[train] step=4740 loss=0.072785 lr=3.576e-06
[train] step=4741 loss=0.536032 lr=3.574e-06
[train] step=4742 loss=0.086031 lr=3.572e-06
[train] step=4743 loss=0.035371 lr=3.570e-06
[train] step=4744 loss=0.058104 lr=3.568e-06
[train] step=4745 loss=0.073499 lr=3.566e-06
[train] step=4746 loss=0.082178 lr=3.564e-06
[train] step=4747 loss=0.094856 lr=3.563e-06
[train] step=4748 loss=0.137982 lr=3.561e-06
[train] step=4749 loss=0.088198 lr=3.559e-06
[train] step=4750 loss=0.074224 lr=3.557e-06
[train] step=4751 loss=0.065216 lr=3.555e-06
[train] step=4752 loss=0.068636 lr=3.553e-06
[train] step=4753 loss=0.138982 lr=3.551e-06
[train] step=4754 loss=0.075507 lr=3.549e-06
[train] step=4755 loss=0.084149 lr=3.548e-06
[train] step=4756 loss=0.070878 lr=3.546e-06
[train] step=4757 loss=0.098181 lr=3.544e-06
[train] step=4758 loss=0.070649 lr=3.542e-06
[train] step=4759 loss=0.067615 lr=3.540e-06
[train] step=4760 loss=0.065064 lr=3.538e-06
[train] step=4761 loss=0.098520 lr=3.536e-06
[train] step=4762 loss=0.088854 lr=3.534e-06
[train] step=4763 loss=0.059294 lr=3.533e-06
[train] step=4764 loss=0.139298 lr=3.531e-06
[train] step=4765 loss=0.074285 lr=3.529e-06
[train] step=4766 loss=0.061484 lr=3.527e-06
[train] step=4767 loss=0.193428 lr=3.525e-06
[train] step=4768 loss=0.103187 lr=3.523e-06
[train] step=4769 loss=0.118786 lr=3.521e-06
[train] step=4770 loss=0.050597 lr=3.519e-06
[train] step=4771 loss=0.067755 lr=3.518e-06
[train] step=4772 loss=0.049519 lr=3.516e-06
[train] step=4773 loss=0.059306 lr=3.514e-06
[train] step=4774 loss=0.054370 lr=3.512e-06
[train] step=4775 loss=0.070701 lr=3.510e-06
[train] step=4776 loss=0.069315 lr=3.508e-06
[train] step=4777 loss=0.035791 lr=3.506e-06
[train] step=4778 loss=0.082694 lr=3.504e-06
[train] step=4779 loss=0.061087 lr=3.503e-06
[train] step=4780 loss=0.063217 lr=3.501e-06
[train] step=4781 loss=0.102934 lr=3.499e-06
[train] step=4782 loss=0.089280 lr=3.497e-06
[train] step=4783 loss=0.066337 lr=3.495e-06
[train] step=4784 loss=0.096622 lr=3.493e-06
[train] step=4785 loss=0.056724 lr=3.491e-06
[train] step=4786 loss=0.061366 lr=3.489e-06
[train] step=4787 loss=0.073117 lr=3.488e-06
[train] step=4788 loss=0.101010 lr=3.486e-06
[train] step=4789 loss=0.058101 lr=3.484e-06
[train] step=4790 loss=0.057122 lr=3.482e-06
[train] step=4791 loss=0.075488 lr=3.480e-06
[train] step=4792 loss=0.065516 lr=3.478e-06
[train] step=4793 loss=0.070900 lr=3.476e-06
[train] step=4794 loss=0.046369 lr=3.475e-06
[train] step=4795 loss=0.070173 lr=3.473e-06
[train] step=4796 loss=0.054581 lr=3.471e-06
[train] step=4797 loss=0.063439 lr=3.469e-06
[train] step=4798 loss=0.053701 lr=3.467e-06
[train] step=4799 loss=0.101322 lr=3.465e-06
[train] step=4800 loss=0.082767 lr=3.463e-06
[val] step=4800 val_loss=0.082372
INFO     [rank 0] Model weights for step 4800 saved in       dit_trainer.py:1288
         checkpoints/model_weights_step_04800.safetensors                       
INFO     [rank 0] Scalar embedding weights for step 4800     dit_trainer.py:1297
         saved                                                                  
INFO     [rank 0] Training state saved:                      dit_trainer.py:1416
         checkpoints/model_weights_step_04800.state.pt                          
INFO     [rank 0] New best checkpoint (step 4800,            dit_trainer.py:1320
         val_loss=0.082372):                                                    
         checkpoints/model_weights_best.safetensors                             
DEBUG    [rank 0] Removed old checkpoint:                    dit_trainer.py:1429
         /hppfs/scratch/0D/go76fuz2/windinet/outputs/shockwa                    
         ve_dit_sds_w0p01/checkpoints/model_weights_step_045                    
         60.safetensors                                                         
DEBUG    [rank 0] Removed old checkpoint:                    dit_trainer.py:1429
         /hppfs/scratch/0D/go76fuz2/windinet/outputs/shockwa                    
         ve_dit_sds_w0p01/checkpoints/scalar_embedding_step_                    
         04560.safetensors                                                      
DEBUG    [rank 0] Removed optimizer state for older kept     dit_trainer.py:1444
         checkpoint:                                                            
         /hppfs/scratch/0D/go76fuz2/windinet/outputs/shockwa                    
         ve_dit_sds_w0p01/checkpoints/model_weights_step_046                    
         80.state.pt                                                            
[epoch 40] step=4800 train_loss=0.084188 val_loss=0.082372
[train] step=4801 loss=0.100045 lr=3.461e-06
[train] step=4802 loss=0.079702 lr=3.460e-06
[train] step=4803 loss=0.164440 lr=3.458e-06
[train] step=4804 loss=0.092241 lr=3.456e-06
[train] step=4805 loss=0.095693 lr=3.454e-06
[train] step=4806 loss=0.242066 lr=3.452e-06
[train] step=4807 loss=0.087620 lr=3.450e-06
[train] step=4808 loss=0.064029 lr=3.448e-06
[train] step=4809 loss=0.060249 lr=3.447e-06
[train] step=4810 loss=0.080472 lr=3.445e-06
[train] step=4811 loss=0.033976 lr=3.443e-06
[train] step=4812 loss=0.085013 lr=3.441e-06
[train] step=4813 loss=0.078561 lr=3.439e-06
[train] step=4814 loss=0.091462 lr=3.437e-06
[train] step=4815 loss=0.103840 lr=3.435e-06
[train] step=4816 loss=0.050368 lr=3.434e-06
[train] step=4817 loss=0.105478 lr=3.432e-06
[train] step=4818 loss=0.050058 lr=3.430e-06
[train] step=4819 loss=0.094287 lr=3.428e-06
[train] step=4820 loss=0.095931 lr=3.426e-06
[train] step=4821 loss=0.081288 lr=3.424e-06
[train] step=4822 loss=0.100136 lr=3.422e-06
[train] step=4823 loss=0.126931 lr=3.420e-06
[train] step=4824 loss=0.068962 lr=3.419e-06
[train] step=4825 loss=0.085643 lr=3.417e-06
[train] step=4826 loss=0.071367 lr=3.415e-06
[train] step=4827 loss=0.079547 lr=3.413e-06
[train] step=4828 loss=0.103747 lr=3.411e-06
[train] step=4829 loss=0.057641 lr=3.409e-06
[train] step=4830 loss=0.067173 lr=3.407e-06
[train] step=4831 loss=0.095248 lr=3.406e-06
[train] step=4832 loss=0.075973 lr=3.404e-06
[train] step=4833 loss=0.062045 lr=3.402e-06
[train] step=4834 loss=0.093855 lr=3.400e-06
[train] step=4835 loss=0.082583 lr=3.398e-06
[train] step=4836 loss=0.069854 lr=3.396e-06
[train] step=4837 loss=0.140552 lr=3.394e-06
[train] step=4838 loss=0.059907 lr=3.393e-06
[train] step=4839 loss=0.073973 lr=3.391e-06
[train] step=4840 loss=0.074221 lr=3.389e-06
[train] step=4841 loss=0.093688 lr=3.387e-06
[train] step=4842 loss=0.076106 lr=3.385e-06
[train] step=4843 loss=0.093123 lr=3.383e-06
[train] step=4844 loss=0.067836 lr=3.381e-06
[train] step=4845 loss=0.054203 lr=3.380e-06
[train] step=4846 loss=0.079028 lr=3.378e-06
[train] step=4847 loss=0.098427 lr=3.376e-06
[train] step=4848 loss=0.097655 lr=3.374e-06
[train] step=4849 loss=0.091063 lr=3.372e-06
[train] step=4850 loss=0.058753 lr=3.370e-06
[train] step=4851 loss=0.057275 lr=3.368e-06
[train] step=4852 loss=0.063681 lr=3.367e-06
[train] step=4853 loss=0.073526 lr=3.365e-06
[train] step=4854 loss=0.094892 lr=3.363e-06
[train] step=4855 loss=0.056539 lr=3.361e-06
[train] step=4856 loss=0.084621 lr=3.359e-06
[train] step=4857 loss=0.090765 lr=3.357e-06
[train] step=4858 loss=0.106301 lr=3.356e-06
[train] step=4859 loss=0.096415 lr=3.354e-06
[train] step=4860 loss=0.064270 lr=3.352e-06
[train] step=4861 loss=0.148452 lr=3.350e-06
[train] step=4862 loss=0.060884 lr=3.348e-06
[train] step=4863 loss=0.095000 lr=3.346e-06
[train] step=4864 loss=0.062523 lr=3.344e-06
[train] step=4865 loss=0.063275 lr=3.343e-06
[train] step=4866 loss=0.059141 lr=3.341e-06
[train] step=4867 loss=0.066129 lr=3.339e-06
[train] step=4868 loss=0.077864 lr=3.337e-06
[train] step=4869 loss=0.146002 lr=3.335e-06
[train] step=4870 loss=0.082414 lr=3.333e-06
[train] step=4871 loss=0.060825 lr=3.331e-06
[train] step=4872 loss=0.098104 lr=3.330e-06
[train] step=4873 loss=0.105262 lr=3.328e-06
[train] step=4874 loss=0.055653 lr=3.326e-06
[train] step=4875 loss=0.092670 lr=3.324e-06
[train] step=4876 loss=0.074475 lr=3.322e-06
[train] step=4877 loss=0.064459 lr=3.320e-06
[train] step=4878 loss=0.077331 lr=3.319e-06
[train] step=4879 loss=0.090857 lr=3.317e-06
[train] step=4880 loss=0.084161 lr=3.315e-06
[train] step=4881 loss=0.019793 lr=3.313e-06
[train] step=4882 loss=0.057588 lr=3.311e-06
[train] step=4883 loss=0.087171 lr=3.309e-06
[train] step=4884 loss=0.054516 lr=3.307e-06
[train] step=4885 loss=0.091655 lr=3.306e-06
[train] step=4886 loss=0.067118 lr=3.304e-06
[train] step=4887 loss=0.071271 lr=3.302e-06
[train] step=4888 loss=0.128769 lr=3.300e-06
[train] step=4889 loss=0.070791 lr=3.298e-06
[train] step=4890 loss=0.100074 lr=3.296e-06
[train] step=4891 loss=0.146779 lr=3.295e-06
[train] step=4892 loss=0.058464 lr=3.293e-06
[train] step=4893 loss=0.062439 lr=3.291e-06
[train] step=4894 loss=0.069012 lr=3.289e-06
[train] step=4895 loss=0.074876 lr=3.287e-06
[train] step=4896 loss=0.139565 lr=3.285e-06
[train] step=4897 loss=0.083681 lr=3.284e-06
[train] step=4898 loss=0.075514 lr=3.282e-06
[train] step=4899 loss=0.035676 lr=3.280e-06
[train] step=4900 loss=0.058470 lr=3.278e-06
[train] step=4901 loss=0.063046 lr=3.276e-06
[train] step=4902 loss=0.054324 lr=3.274e-06
[train] step=4903 loss=0.067641 lr=3.272e-06
[train] step=4904 loss=0.094078 lr=3.271e-06
[train] step=4905 loss=0.040861 lr=3.269e-06
[train] step=4906 loss=0.057794 lr=3.267e-06
[train] step=4907 loss=0.078917 lr=3.265e-06
[train] step=4908 loss=0.068718 lr=3.263e-06
[train] step=4909 loss=0.090158 lr=3.261e-06
[train] step=4910 loss=0.050762 lr=3.260e-06
[train] step=4911 loss=0.074010 lr=3.258e-06
[train] step=4912 loss=0.077099 lr=3.256e-06
[train] step=4913 loss=0.084318 lr=3.254e-06
[train] step=4914 loss=0.088740 lr=3.252e-06
[train] step=4915 loss=0.070394 lr=3.250e-06
[train] step=4916 loss=0.125741 lr=3.249e-06
[train] step=4917 loss=0.064166 lr=3.247e-06
[train] step=4918 loss=0.058321 lr=3.245e-06
[train] step=4919 loss=0.069259 lr=3.243e-06
[train] step=4920 loss=0.088822 lr=3.241e-06
INFO     [rank 0] Model weights for step 4920 saved in       dit_trainer.py:1288
         checkpoints/model_weights_step_04920.safetensors                       
INFO     [rank 0] Scalar embedding weights for step 4920     dit_trainer.py:1297
         saved                                                                  
INFO     [rank 0] Training state saved:                      dit_trainer.py:1416
         checkpoints/model_weights_step_04920.state.pt                          
DEBUG    [rank 0] Removed old checkpoint:                    dit_trainer.py:1429
         /hppfs/scratch/0D/go76fuz2/windinet/outputs/shockwa                    
         ve_dit_sds_w0p01/checkpoints/model_weights_step_046                    
         80.safetensors                                                         
DEBUG    [rank 0] Removed old checkpoint:                    dit_trainer.py:1429
         /hppfs/scratch/0D/go76fuz2/windinet/outputs/shockwa                    
         ve_dit_sds_w0p01/checkpoints/scalar_embedding_step_                    
         04680.safetensors                                                      
DEBUG    [rank 0] Removed optimizer state for older kept     dit_trainer.py:1444
         checkpoint:                                                            
         /hppfs/scratch/0D/go76fuz2/windinet/outputs/shockwa                    
         ve_dit_sds_w0p01/checkpoints/model_weights_step_048                    
         00.state.pt                                                            
[epoch 41] step=4920 train_loss=0.081701
[train] step=4921 loss=0.059079 lr=3.239e-06
[train] step=4922 loss=0.052283 lr=3.238e-06
[train] step=4923 loss=0.061644 lr=3.236e-06
[train] step=4924 loss=0.094561 lr=3.234e-06
[train] step=4925 loss=0.093865 lr=3.232e-06
[train] step=4926 loss=0.079365 lr=3.230e-06
[train] step=4927 loss=0.049768 lr=3.228e-06
[train] step=4928 loss=0.037358 lr=3.227e-06
[train] step=4929 loss=0.110125 lr=3.225e-06
[train] step=4930 loss=0.072471 lr=3.223e-06
[train] step=4931 loss=0.075439 lr=3.221e-06
[train] step=4932 loss=0.074734 lr=3.219e-06
[train] step=4933 loss=0.110826 lr=3.217e-06
[train] step=4934 loss=0.066453 lr=3.216e-06
[train] step=4935 loss=0.059306 lr=3.214e-06
[train] step=4936 loss=0.069753 lr=3.212e-06
[train] step=4937 loss=0.178526 lr=3.210e-06
[train] step=4938 loss=0.061911 lr=3.208e-06
[train] step=4939 loss=0.071295 lr=3.206e-06
[train] step=4940 loss=0.047941 lr=3.205e-06
[train] step=4941 loss=0.083359 lr=3.203e-06
[train] step=4942 loss=0.078748 lr=3.201e-06
[train] step=4943 loss=0.075091 lr=3.199e-06
[train] step=4944 loss=0.082949 lr=3.197e-06
[train] step=4945 loss=0.037019 lr=3.195e-06
[train] step=4946 loss=0.085735 lr=3.194e-06
[train] step=4947 loss=0.075233 lr=3.192e-06
[train] step=4948 loss=0.056806 lr=3.190e-06
[train] step=4949 loss=0.095085 lr=3.188e-06
[train] step=4950 loss=0.052871 lr=3.186e-06
[train] step=4951 loss=0.083455 lr=3.184e-06
[train] step=4952 loss=0.071932 lr=3.183e-06
[train] step=4953 loss=0.032868 lr=3.181e-06
[train] step=4954 loss=0.115661 lr=3.179e-06
[train] step=4955 loss=0.062265 lr=3.177e-06
[train] step=4956 loss=0.068038 lr=3.175e-06
[train] step=4957 loss=0.062345 lr=3.174e-06
[train] step=4958 loss=0.102645 lr=3.172e-06
[train] step=4959 loss=0.110147 lr=3.170e-06
[train] step=4960 loss=0.062321 lr=3.168e-06
[train] step=4961 loss=0.083412 lr=3.166e-06
[train] step=4962 loss=0.085299 lr=3.164e-06
[train] step=4963 loss=0.070574 lr=3.163e-06
[train] step=4964 loss=0.037770 lr=3.161e-06
[train] step=4965 loss=0.059901 lr=3.159e-06
[train] step=4966 loss=0.056589 lr=3.157e-06
[train] step=4967 loss=0.109555 lr=3.155e-06
[train] step=4968 loss=0.081580 lr=3.153e-06
[train] step=4969 loss=0.073065 lr=3.152e-06
[train] step=4970 loss=0.088767 lr=3.150e-06
[train] step=4971 loss=0.074348 lr=3.148e-06
[train] step=4972 loss=0.072602 lr=3.146e-06
[train] step=4973 loss=0.071630 lr=3.144e-06
[train] step=4974 loss=0.085106 lr=3.143e-06
[train] step=4975 loss=0.079459 lr=3.141e-06
[train] step=4976 loss=0.095343 lr=3.139e-06
[train] step=4977 loss=0.063766 lr=3.137e-06
[train] step=4978 loss=0.062214 lr=3.135e-06
[train] step=4979 loss=0.086329 lr=3.133e-06
[train] step=4980 loss=0.051097 lr=3.132e-06
[train] step=4981 loss=0.045452 lr=3.130e-06
[train] step=4982 loss=0.091381 lr=3.128e-06
[train] step=4983 loss=0.054056 lr=3.126e-06
[train] step=4984 loss=0.081040 lr=3.124e-06
[train] step=4985 loss=0.056923 lr=3.123e-06
[train] step=4986 loss=0.107488 lr=3.121e-06
[train] step=4987 loss=0.083161 lr=3.119e-06
[train] step=4988 loss=0.063807 lr=3.117e-06
[train] step=4989 loss=0.062116 lr=3.115e-06
[train] step=4990 loss=0.075261 lr=3.113e-06
[train] step=4991 loss=0.097080 lr=3.112e-06
[train] step=4992 loss=0.064653 lr=3.110e-06
[train] step=4993 loss=0.060402 lr=3.108e-06
[train] step=4994 loss=0.104471 lr=3.106e-06
[train] step=4995 loss=0.086560 lr=3.104e-06
[train] step=4996 loss=0.065029 lr=3.103e-06
[train] step=4997 loss=0.132571 lr=3.101e-06
[train] step=4998 loss=0.093355 lr=3.099e-06
[train] step=4999 loss=0.112601 lr=3.097e-06
[train] step=5000 loss=0.083574 lr=3.095e-06
[train] step=5001 loss=0.044743 lr=3.093e-06
[train] step=5002 loss=0.074881 lr=3.092e-06
[train] step=5003 loss=0.052305 lr=3.090e-06
[train] step=5004 loss=0.069385 lr=3.088e-06
[train] step=5005 loss=0.084861 lr=3.086e-06
[train] step=5006 loss=0.070703 lr=3.084e-06
[train] step=5007 loss=0.080019 lr=3.083e-06
[train] step=5008 loss=0.070124 lr=3.081e-06
[train] step=5009 loss=0.045009 lr=3.079e-06
[train] step=5010 loss=0.051940 lr=3.077e-06
[train] step=5011 loss=0.053158 lr=3.075e-06
[train] step=5012 loss=0.100532 lr=3.074e-06
[train] step=5013 loss=0.084509 lr=3.072e-06
[train] step=5014 loss=0.053639 lr=3.070e-06
[train] step=5015 loss=0.099600 lr=3.068e-06
[train] step=5016 loss=0.082184 lr=3.066e-06
[train] step=5017 loss=0.067287 lr=3.065e-06
[train] step=5018 loss=0.196355 lr=3.063e-06
[train] step=5019 loss=0.061820 lr=3.061e-06
[train] step=5020 loss=0.103920 lr=3.059e-06
[train] step=5021 loss=0.131441 lr=3.057e-06
[train] step=5022 loss=0.059735 lr=3.056e-06
[train] step=5023 loss=0.097873 lr=3.054e-06
[train] step=5024 loss=0.083032 lr=3.052e-06
[train] step=5025 loss=0.083464 lr=3.050e-06
[train] step=5026 loss=0.069444 lr=3.048e-06
[train] step=5027 loss=0.057616 lr=3.046e-06
[train] step=5028 loss=0.058989 lr=3.045e-06
[train] step=5029 loss=0.055100 lr=3.043e-06
[train] step=5030 loss=0.114943 lr=3.041e-06
[train] step=5031 loss=0.054391 lr=3.039e-06
[train] step=5032 loss=0.066283 lr=3.037e-06
[train] step=5033 loss=0.049064 lr=3.036e-06
[train] step=5034 loss=0.055445 lr=3.034e-06
[train] step=5035 loss=0.063044 lr=3.032e-06
[train] step=5036 loss=0.037003 lr=3.030e-06
[train] step=5037 loss=0.078549 lr=3.028e-06
[train] step=5038 loss=0.078915 lr=3.027e-06
[train] step=5039 loss=0.127298 lr=3.025e-06
[train] step=5040 loss=0.060368 lr=3.023e-06
INFO     [rank 0] Model weights for step 5040 saved in       dit_trainer.py:1288
         checkpoints/model_weights_step_05040.safetensors                       
INFO     [rank 0] Scalar embedding weights for step 5040     dit_trainer.py:1297
         saved                                                                  
INFO     [rank 0] Training state saved:                      dit_trainer.py:1416
         checkpoints/model_weights_step_05040.state.pt                          
DEBUG    [rank 0] Removed old checkpoint:                    dit_trainer.py:1429
         /hppfs/scratch/0D/go76fuz2/windinet/outputs/shockwa                    
         ve_dit_sds_w0p01/checkpoints/model_weights_step_048                    
         00.safetensors                                                         
DEBUG    [rank 0] Removed old checkpoint:                    dit_trainer.py:1429
         /hppfs/scratch/0D/go76fuz2/windinet/outputs/shockwa                    
         ve_dit_sds_w0p01/checkpoints/scalar_embedding_step_                    
         04800.safetensors                                                      
DEBUG    [rank 0] Removed optimizer state for older kept     dit_trainer.py:1444
         checkpoint:                                                            
         /hppfs/scratch/0D/go76fuz2/windinet/outputs/shockwa                    
         ve_dit_sds_w0p01/checkpoints/model_weights_step_049                    
         20.state.pt                                                            
[epoch 42] step=5040 train_loss=0.076567
[train] step=5041 loss=0.087957 lr=3.021e-06
[train] step=5042 loss=0.023184 lr=3.019e-06
[train] step=5043 loss=0.130325 lr=3.018e-06
[train] step=5044 loss=0.076667 lr=3.016e-06
[train] step=5045 loss=0.053048 lr=3.014e-06
[train] step=5046 loss=0.079464 lr=3.012e-06
[train] step=5047 loss=0.064292 lr=3.010e-06
[train] step=5048 loss=0.079107 lr=3.009e-06
[train] step=5049 loss=0.052683 lr=3.007e-06
[train] step=5050 loss=0.117191 lr=3.005e-06
[train] step=5051 loss=0.068761 lr=3.003e-06
[train] step=5052 loss=0.060628 lr=3.001e-06
[train] step=5053 loss=0.113174 lr=3.000e-06
[train] step=5054 loss=0.058469 lr=2.998e-06
[train] step=5055 loss=0.069204 lr=2.996e-06
[train] step=5056 loss=0.106387 lr=2.994e-06
[train] step=5057 loss=0.040773 lr=2.992e-06
[train] step=5058 loss=0.053260 lr=2.991e-06
[train] step=5059 loss=0.055944 lr=2.989e-06
[train] step=5060 loss=0.084222 lr=2.987e-06
[train] step=5061 loss=0.084817 lr=2.985e-06
[train] step=5062 loss=0.074212 lr=2.984e-06
[train] step=5063 loss=0.066469 lr=2.982e-06
[train] step=5064 loss=0.083594 lr=2.980e-06
[train] step=5065 loss=0.082204 lr=2.978e-06
[train] step=5066 loss=0.054490 lr=2.976e-06
[train] step=5067 loss=0.065542 lr=2.975e-06
[train] step=5068 loss=0.069749 lr=2.973e-06
[train] step=5069 loss=0.046320 lr=2.971e-06
[train] step=5070 loss=0.048061 lr=2.969e-06
[train] step=5071 loss=0.070188 lr=2.967e-06
[train] step=5072 loss=0.149604 lr=2.966e-06
[train] step=5073 loss=0.129921 lr=2.964e-06
[train] step=5074 loss=0.042323 lr=2.962e-06
[train] step=5075 loss=0.112447 lr=2.960e-06
[train] step=5076 loss=0.054434 lr=2.958e-06
[train] step=5077 loss=0.058709 lr=2.957e-06
[train] step=5078 loss=0.069770 lr=2.955e-06
[train] step=5079 loss=0.085726 lr=2.953e-06
[train] step=5080 loss=0.071611 lr=2.951e-06
[train] step=5081 loss=0.055235 lr=2.949e-06
[train] step=5082 loss=0.031831 lr=2.948e-06
[train] step=5083 loss=0.093749 lr=2.946e-06
[train] step=5084 loss=0.070414 lr=2.944e-06
[train] step=5085 loss=0.076769 lr=2.942e-06
[train] step=5086 loss=0.059133 lr=2.941e-06
[train] step=5087 loss=0.054659 lr=2.939e-06
[train] step=5088 loss=0.079325 lr=2.937e-06
[train] step=5089 loss=0.047057 lr=2.935e-06
[train] step=5090 loss=0.057770 lr=2.933e-06
[train] step=5091 loss=0.068112 lr=2.932e-06
[train] step=5092 loss=0.112040 lr=2.930e-06
[train] step=5093 loss=0.087799 lr=2.928e-06
[train] step=5094 loss=0.075144 lr=2.926e-06
[train] step=5095 loss=0.076467 lr=2.924e-06
[train] step=5096 loss=0.094907 lr=2.923e-06
[train] step=5097 loss=0.064270 lr=2.921e-06
[train] step=5098 loss=0.084629 lr=2.919e-06
[train] step=5099 loss=0.071092 lr=2.917e-06
[train] step=5100 loss=0.049812 lr=2.916e-06
[train] step=5101 loss=0.093669 lr=2.914e-06
[train] step=5102 loss=0.041813 lr=2.912e-06
[train] step=5103 loss=0.058673 lr=2.910e-06
[train] step=5104 loss=0.117003 lr=2.908e-06
[train] step=5105 loss=0.077012 lr=2.907e-06
[train] step=5106 loss=0.063281 lr=2.905e-06
[train] step=5107 loss=0.094508 lr=2.903e-06
[train] step=5108 loss=0.080041 lr=2.901e-06
[train] step=5109 loss=0.063727 lr=2.900e-06
[train] step=5110 loss=0.052216 lr=2.898e-06
[train] step=5111 loss=0.066056 lr=2.896e-06
[train] step=5112 loss=0.100654 lr=2.894e-06
[train] step=5113 loss=0.056611 lr=2.892e-06
[train] step=5114 loss=0.045978 lr=2.891e-06
[train] step=5115 loss=0.051616 lr=2.889e-06
[train] step=5116 loss=0.040131 lr=2.887e-06
[train] step=5117 loss=0.066781 lr=2.885e-06
[train] step=5118 loss=0.045543 lr=2.884e-06
[train] step=5119 loss=0.082102 lr=2.882e-06
[train] step=5120 loss=0.088277 lr=2.880e-06
[train] step=5121 loss=0.068422 lr=2.878e-06
[train] step=5122 loss=0.066274 lr=2.876e-06
[train] step=5123 loss=0.122857 lr=2.875e-06
[train] step=5124 loss=0.063174 lr=2.873e-06
[train] step=5125 loss=0.064874 lr=2.871e-06
[train] step=5126 loss=0.089687 lr=2.869e-06
[train] step=5127 loss=0.109042 lr=2.868e-06
[train] step=5128 loss=0.123922 lr=2.866e-06
[train] step=5129 loss=0.077503 lr=2.864e-06
[train] step=5130 loss=0.081916 lr=2.862e-06
[train] step=5131 loss=0.081111 lr=2.861e-06
[train] step=5132 loss=0.057220 lr=2.859e-06
[train] step=5133 loss=0.067744 lr=2.857e-06
[train] step=5134 loss=0.082285 lr=2.855e-06
[train] step=5135 loss=0.116221 lr=2.853e-06
[train] step=5136 loss=0.078057 lr=2.852e-06
[train] step=5137 loss=0.062763 lr=2.850e-06
[train] step=5138 loss=0.080486 lr=2.848e-06
[train] step=5139 loss=0.105658 lr=2.846e-06
[train] step=5140 loss=0.087957 lr=2.845e-06
[train] step=5141 loss=0.250379 lr=2.843e-06
[train] step=5142 loss=0.057758 lr=2.841e-06
[train] step=5143 loss=0.078628 lr=2.839e-06
[train] step=5144 loss=0.110148 lr=2.837e-06
[train] step=5145 loss=0.048679 lr=2.836e-06
[train] step=5146 loss=0.056779 lr=2.834e-06
[train] step=5147 loss=0.097072 lr=2.832e-06
[train] step=5148 loss=0.069101 lr=2.830e-06
[train] step=5149 loss=0.085224 lr=2.829e-06
[train] step=5150 loss=0.050477 lr=2.827e-06
[train] step=5151 loss=0.053853 lr=2.825e-06
[train] step=5152 loss=0.054530 lr=2.823e-06
[train] step=5153 loss=0.079018 lr=2.822e-06
[train] step=5154 loss=0.161805 lr=2.820e-06
[train] step=5155 loss=0.096176 lr=2.818e-06
[train] step=5156 loss=0.072983 lr=2.816e-06
[train] step=5157 loss=0.086480 lr=2.815e-06
[train] step=5158 loss=0.127578 lr=2.813e-06
[train] step=5159 loss=0.075670 lr=2.811e-06
[train] step=5160 loss=0.043091 lr=2.809e-06
INFO     [rank 0] Model weights for step 5160 saved in       dit_trainer.py:1288
         checkpoints/model_weights_step_05160.safetensors                       
INFO     [rank 0] Scalar embedding weights for step 5160     dit_trainer.py:1297
         saved                                                                  
INFO     [rank 0] Training state saved:                      dit_trainer.py:1416
         checkpoints/model_weights_step_05160.state.pt                          
DEBUG    [rank 0] Removed old checkpoint:                    dit_trainer.py:1429
         /hppfs/scratch/0D/go76fuz2/windinet/outputs/shockwa                    
         ve_dit_sds_w0p01/checkpoints/model_weights_step_049                    
         20.safetensors                                                         
DEBUG    [rank 0] Removed old checkpoint:                    dit_trainer.py:1429
         /hppfs/scratch/0D/go76fuz2/windinet/outputs/shockwa                    
         ve_dit_sds_w0p01/checkpoints/scalar_embedding_step_                    
         04920.safetensors                                                      
DEBUG    [rank 0] Removed optimizer state for older kept     dit_trainer.py:1444
         checkpoint:                                                            
         /hppfs/scratch/0D/go76fuz2/windinet/outputs/shockwa                    
         ve_dit_sds_w0p01/checkpoints/model_weights_step_050                    
         40.state.pt                                                            
[epoch 43] step=5160 train_loss=0.077089
[train] step=5161 loss=0.086837 lr=2.808e-06
[train] step=5162 loss=0.064182 lr=2.806e-06
[train] step=5163 loss=0.048059 lr=2.804e-06
[train] step=5164 loss=0.149598 lr=2.802e-06
[train] step=5165 loss=0.067309 lr=2.800e-06
[train] step=5166 loss=0.083650 lr=2.799e-06
[train] step=5167 loss=0.044613 lr=2.797e-06
[train] step=5168 loss=0.125285 lr=2.795e-06
[train] step=5169 loss=0.040124 lr=2.793e-06
[train] step=5170 loss=0.097917 lr=2.792e-06
[train] step=5171 loss=0.046842 lr=2.790e-06
[train] step=5172 loss=0.053564 lr=2.788e-06
[train] step=5173 loss=0.080164 lr=2.786e-06
[train] step=5174 loss=0.078194 lr=2.785e-06
[train] step=5175 loss=0.098520 lr=2.783e-06
[train] step=5176 loss=0.090207 lr=2.781e-06
[train] step=5177 loss=0.071577 lr=2.779e-06
[train] step=5178 loss=0.057266 lr=2.778e-06
[train] step=5179 loss=0.062421 lr=2.776e-06
[train] step=5180 loss=0.049427 lr=2.774e-06
[train] step=5181 loss=0.071932 lr=2.772e-06
[train] step=5182 loss=0.066469 lr=2.771e-06
[train] step=5183 loss=0.054213 lr=2.769e-06
[train] step=5184 loss=0.095744 lr=2.767e-06
[train] step=5185 loss=0.052074 lr=2.765e-06
[train] step=5186 loss=0.072401 lr=2.764e-06
[train] step=5187 loss=0.051137 lr=2.762e-06
[train] step=5188 loss=0.141506 lr=2.760e-06
[train] step=5189 loss=0.124533 lr=2.758e-06
[train] step=5190 loss=0.074313 lr=2.757e-06
[train] step=5191 loss=0.057875 lr=2.755e-06
[train] step=5192 loss=0.064872 lr=2.753e-06
[train] step=5193 loss=0.045955 lr=2.751e-06
[train] step=5194 loss=0.073388 lr=2.750e-06
[train] step=5195 loss=0.055119 lr=2.748e-06
[train] step=5196 loss=0.070909 lr=2.746e-06
[train] step=5197 loss=0.045162 lr=2.744e-06
[train] step=5198 loss=0.053204 lr=2.743e-06
[train] step=5199 loss=0.132378 lr=2.741e-06
[train] step=5200 loss=0.061869 lr=2.739e-06
[train] step=5201 loss=0.080896 lr=2.737e-06
[train] step=5202 loss=0.064284 lr=2.736e-06
[train] step=5203 loss=0.133640 lr=2.734e-06
[train] step=5204 loss=0.058962 lr=2.732e-06
[train] step=5205 loss=0.077598 lr=2.730e-06
[train] step=5206 loss=0.057763 lr=2.729e-06
[train] step=5207 loss=0.087118 lr=2.727e-06
[train] step=5208 loss=0.080226 lr=2.725e-06
[train] step=5209 loss=0.072613 lr=2.723e-06
[train] step=5210 loss=0.048111 lr=2.722e-06
[train] step=5211 loss=0.111956 lr=2.720e-06
[train] step=5212 loss=0.079091 lr=2.718e-06
[train] step=5213 loss=0.049330 lr=2.716e-06
[train] step=5214 loss=0.029518 lr=2.715e-06
[train] step=5215 loss=0.057428 lr=2.713e-06
[train] step=5216 loss=0.045231 lr=2.711e-06
[train] step=5217 loss=0.109745 lr=2.709e-06
[train] step=5218 loss=0.051703 lr=2.708e-06
[train] step=5219 loss=0.075655 lr=2.706e-06
[train] step=5220 loss=0.073035 lr=2.704e-06
[train] step=5221 loss=0.042197 lr=2.702e-06
[train] step=5222 loss=0.091762 lr=2.701e-06
[train] step=5223 loss=0.102233 lr=2.699e-06
[train] step=5224 loss=0.071386 lr=2.697e-06
[train] step=5225 loss=0.158566 lr=2.695e-06
[train] step=5226 loss=0.078044 lr=2.694e-06
[train] step=5227 loss=0.107075 lr=2.692e-06
[train] step=5228 loss=0.062001 lr=2.690e-06
[train] step=5229 loss=0.051272 lr=2.689e-06
[train] step=5230 loss=0.048796 lr=2.687e-06
[train] step=5231 loss=0.062881 lr=2.685e-06
[train] step=5232 loss=0.039029 lr=2.683e-06
[train] step=5233 loss=0.059911 lr=2.682e-06
[train] step=5234 loss=0.079499 lr=2.680e-06
[train] step=5235 loss=0.060070 lr=2.678e-06
[train] step=5236 loss=0.099234 lr=2.676e-06
[train] step=5237 loss=0.057914 lr=2.675e-06
[train] step=5238 loss=0.081462 lr=2.673e-06
[train] step=5239 loss=0.054812 lr=2.671e-06
[train] step=5240 loss=0.077685 lr=2.669e-06
[train] step=5241 loss=0.087324 lr=2.668e-06
[train] step=5242 loss=0.066565 lr=2.666e-06
[train] step=5243 loss=0.075893 lr=2.664e-06
[train] step=5244 loss=0.109249 lr=2.662e-06
[train] step=5245 loss=0.068931 lr=2.661e-06
[train] step=5246 loss=0.067829 lr=2.659e-06
[train] step=5247 loss=0.067419 lr=2.657e-06
[train] step=5248 loss=0.038892 lr=2.656e-06
[train] step=5249 loss=0.090433 lr=2.654e-06
[train] step=5250 loss=0.077684 lr=2.652e-06
[train] step=5251 loss=0.060825 lr=2.650e-06
[train] step=5252 loss=0.111056 lr=2.649e-06
[train] step=5253 loss=0.055688 lr=2.647e-06
[train] step=5254 loss=0.070129 lr=2.645e-06
[train] step=5255 loss=0.055451 lr=2.643e-06
[train] step=5256 loss=0.082919 lr=2.642e-06
[train] step=5257 loss=0.080774 lr=2.640e-06
[train] step=5258 loss=0.076568 lr=2.638e-06
[train] step=5259 loss=0.079049 lr=2.637e-06
[train] step=5260 loss=0.068578 lr=2.635e-06
[train] step=5261 loss=0.049116 lr=2.633e-06
[train] step=5262 loss=0.207551 lr=2.631e-06
[train] step=5263 loss=0.160850 lr=2.630e-06
[train] step=5264 loss=0.072648 lr=2.628e-06
[train] step=5265 loss=0.137439 lr=2.626e-06
[train] step=5266 loss=0.083548 lr=2.624e-06
[train] step=5267 loss=0.034678 lr=2.623e-06
[train] step=5268 loss=0.057167 lr=2.621e-06
[train] step=5269 loss=0.075958 lr=2.619e-06
[train] step=5270 loss=0.092666 lr=2.618e-06
[train] step=5271 loss=0.072454 lr=2.616e-06
[train] step=5272 loss=0.083528 lr=2.614e-06
[train] step=5273 loss=0.057931 lr=2.612e-06
[train] step=5274 loss=0.100618 lr=2.611e-06
[train] step=5275 loss=0.126015 lr=2.609e-06
[train] step=5276 loss=0.042487 lr=2.607e-06
[train] step=5277 loss=0.079465 lr=2.606e-06
[train] step=5278 loss=0.078813 lr=2.604e-06
[train] step=5279 loss=0.081521 lr=2.602e-06
[train] step=5280 loss=0.054074 lr=2.600e-06
INFO     [rank 0] Model weights for step 5280 saved in       dit_trainer.py:1288
         checkpoints/model_weights_step_05280.safetensors                       
INFO     [rank 0] Scalar embedding weights for step 5280     dit_trainer.py:1297
         saved                                                                  
INFO     [rank 0] Training state saved:                      dit_trainer.py:1416
         checkpoints/model_weights_step_05280.state.pt                          
DEBUG    [rank 0] Removed old checkpoint:                    dit_trainer.py:1429
         /hppfs/scratch/0D/go76fuz2/windinet/outputs/shockwa                    
         ve_dit_sds_w0p01/checkpoints/model_weights_step_050                    
         40.safetensors                                                         
DEBUG    [rank 0] Removed old checkpoint:                    dit_trainer.py:1429
         /hppfs/scratch/0D/go76fuz2/windinet/outputs/shockwa                    
         ve_dit_sds_w0p01/checkpoints/scalar_embedding_step_                    
         05040.safetensors                                                      
DEBUG    [rank 0] Removed optimizer state for older kept     dit_trainer.py:1444
         checkpoint:                                                            
         /hppfs/scratch/0D/go76fuz2/windinet/outputs/shockwa                    
         ve_dit_sds_w0p01/checkpoints/model_weights_step_051                    
         60.state.pt                                                            
[epoch 44] step=5280 train_loss=0.075995
[train] step=5281 loss=0.084138 lr=2.599e-06
[train] step=5282 loss=0.091210 lr=2.597e-06
[train] step=5283 loss=0.117018 lr=2.595e-06
[train] step=5284 loss=0.113446 lr=2.593e-06
[train] step=5285 loss=0.059638 lr=2.592e-06
[train] step=5286 loss=0.080413 lr=2.590e-06
[train] step=5287 loss=0.034556 lr=2.588e-06
[train] step=5288 loss=0.057858 lr=2.587e-06
[train] step=5289 loss=0.067758 lr=2.585e-06
[train] step=5290 loss=0.075587 lr=2.583e-06
[train] step=5291 loss=0.052982 lr=2.581e-06
[train] step=5292 loss=0.063564 lr=2.580e-06
[train] step=5293 loss=0.068115 lr=2.578e-06
[train] step=5294 loss=0.087510 lr=2.576e-06
[train] step=5295 loss=0.089953 lr=2.575e-06
[train] step=5296 loss=0.101264 lr=2.573e-06
[train] step=5297 loss=0.052717 lr=2.571e-06
[train] step=5298 loss=0.094844 lr=2.569e-06
[train] step=5299 loss=0.058819 lr=2.568e-06
[train] step=5300 loss=0.105295 lr=2.566e-06
[train] step=5301 loss=0.055822 lr=2.564e-06
[train] step=5302 loss=0.073159 lr=2.563e-06
[train] step=5303 loss=0.068530 lr=2.561e-06
[train] step=5304 loss=0.058232 lr=2.559e-06
[train] step=5305 loss=0.055699 lr=2.557e-06
[train] step=5306 loss=0.083943 lr=2.556e-06
[train] step=5307 loss=0.067244 lr=2.554e-06
[train] step=5308 loss=0.138824 lr=2.552e-06
[train] step=5309 loss=0.063719 lr=2.551e-06
[train] step=5310 loss=0.105926 lr=2.549e-06
[train] step=5311 loss=0.041765 lr=2.547e-06
[train] step=5312 loss=0.065648 lr=2.546e-06
[train] step=5313 loss=0.056455 lr=2.544e-06
[train] step=5314 loss=0.062159 lr=2.542e-06
[train] step=5315 loss=0.089691 lr=2.540e-06
[train] step=5316 loss=0.048896 lr=2.539e-06
[train] step=5317 loss=0.101347 lr=2.537e-06
[train] step=5318 loss=0.122512 lr=2.535e-06
[train] step=5319 loss=0.080416 lr=2.534e-06
[train] step=5320 loss=0.059740 lr=2.532e-06
[train] step=5321 loss=0.283943 lr=2.530e-06
[train] step=5322 loss=0.066028 lr=2.528e-06
[train] step=5323 loss=0.062940 lr=2.527e-06
[train] step=5324 loss=0.082088 lr=2.525e-06
[train] step=5325 loss=0.064011 lr=2.523e-06
[train] step=5326 loss=0.073288 lr=2.522e-06
[train] step=5327 loss=0.090099 lr=2.520e-06
[train] step=5328 loss=0.052986 lr=2.518e-06
[train] step=5329 loss=0.091540 lr=2.517e-06
[train] step=5330 loss=0.059239 lr=2.515e-06
[train] step=5331 loss=0.073035 lr=2.513e-06
[train] step=5332 loss=0.077298 lr=2.511e-06
[train] step=5333 loss=0.059260 lr=2.510e-06
[train] step=5334 loss=0.083118 lr=2.508e-06
[train] step=5335 loss=0.076411 lr=2.506e-06
[train] step=5336 loss=0.048908 lr=2.505e-06
[train] step=5337 loss=0.161080 lr=2.503e-06
[train] step=5338 loss=0.118330 lr=2.501e-06
[train] step=5339 loss=0.063313 lr=2.500e-06
[train] step=5340 loss=0.083702 lr=2.498e-06
[train] step=5341 loss=0.044078 lr=2.496e-06
[train] step=5342 loss=0.131323 lr=2.494e-06
[train] step=5343 loss=0.090674 lr=2.493e-06
[train] step=5344 loss=0.082781 lr=2.491e-06
[train] step=5345 loss=0.068523 lr=2.489e-06
[train] step=5346 loss=0.066411 lr=2.488e-06
[train] step=5347 loss=0.068252 lr=2.486e-06
[train] step=5348 loss=0.047348 lr=2.484e-06
[train] step=5349 loss=0.099062 lr=2.483e-06
[train] step=5350 loss=0.061341 lr=2.481e-06
[train] step=5351 loss=0.084886 lr=2.479e-06
[train] step=5352 loss=0.106244 lr=2.478e-06
[train] step=5353 loss=0.060432 lr=2.476e-06
[train] step=5354 loss=0.091086 lr=2.474e-06
[train] step=5355 loss=0.057475 lr=2.472e-06
[train] step=5356 loss=0.043126 lr=2.471e-06
[train] step=5357 loss=0.068545 lr=2.469e-06
[train] step=5358 loss=0.089076 lr=2.467e-06
[train] step=5359 loss=0.069302 lr=2.466e-06
[train] step=5360 loss=0.111857 lr=2.464e-06
[train] step=5361 loss=0.065032 lr=2.462e-06
[train] step=5362 loss=0.041291 lr=2.461e-06
[train] step=5363 loss=0.080989 lr=2.459e-06
[train] step=5364 loss=0.152631 lr=2.457e-06
[train] step=5365 loss=0.087493 lr=2.456e-06
[train] step=5366 loss=0.070454 lr=2.454e-06
[train] step=5367 loss=0.060223 lr=2.452e-06
[train] step=5368 loss=0.152621 lr=2.451e-06
[train] step=5369 loss=0.073990 lr=2.449e-06
[train] step=5370 loss=0.079286 lr=2.447e-06
[train] step=5371 loss=0.089123 lr=2.445e-06
[train] step=5372 loss=0.073997 lr=2.444e-06
[train] step=5373 loss=0.159359 lr=2.442e-06
[train] step=5374 loss=0.055974 lr=2.440e-06
[train] step=5375 loss=0.075094 lr=2.439e-06
[train] step=5376 loss=0.070565 lr=2.437e-06
[train] step=5377 loss=0.073704 lr=2.435e-06
[train] step=5378 loss=0.102567 lr=2.434e-06
[train] step=5379 loss=0.066382 lr=2.432e-06
[train] step=5380 loss=0.105425 lr=2.430e-06
[train] step=5381 loss=0.084664 lr=2.429e-06
[train] step=5382 loss=0.078770 lr=2.427e-06
[train] step=5383 loss=0.099571 lr=2.425e-06
[train] step=5384 loss=0.112520 lr=2.424e-06
[train] step=5385 loss=0.047413 lr=2.422e-06
[train] step=5386 loss=0.081040 lr=2.420e-06
[train] step=5387 loss=0.045341 lr=2.419e-06
[train] step=5388 loss=0.093741 lr=2.417e-06
[train] step=5389 loss=0.115551 lr=2.415e-06
[train] step=5390 loss=0.038776 lr=2.414e-06
[train] step=5391 loss=0.056716 lr=2.412e-06
[train] step=5392 loss=0.063391 lr=2.410e-06
[train] step=5393 loss=0.094796 lr=2.409e-06
[train] step=5394 loss=0.054892 lr=2.407e-06
[train] step=5395 loss=0.046143 lr=2.405e-06
[train] step=5396 loss=0.085085 lr=2.403e-06
[train] step=5397 loss=0.071520 lr=2.402e-06
[train] step=5398 loss=0.110650 lr=2.400e-06
[train] step=5399 loss=0.034162 lr=2.398e-06
[train] step=5400 loss=0.044149 lr=2.397e-06
[val] step=5400 val_loss=0.081164
INFO     [rank 0] Model weights for step 5400 saved in       dit_trainer.py:1288
         checkpoints/model_weights_step_05400.safetensors                       
INFO     [rank 0] Scalar embedding weights for step 5400     dit_trainer.py:1297
         saved                                                                  
INFO     [rank 0] Training state saved:                      dit_trainer.py:1416
         checkpoints/model_weights_step_05400.state.pt                          
INFO     [rank 0] New best checkpoint (step 5400,            dit_trainer.py:1320
         val_loss=0.081164):                                                    
         checkpoints/model_weights_best.safetensors                             
DEBUG    [rank 0] Removed old checkpoint:                    dit_trainer.py:1429
         /hppfs/scratch/0D/go76fuz2/windinet/outputs/shockwa                    
         ve_dit_sds_w0p01/checkpoints/model_weights_step_051                    
         60.safetensors                                                         
DEBUG    [rank 0] Removed old checkpoint:                    dit_trainer.py:1429
         /hppfs/scratch/0D/go76fuz2/windinet/outputs/shockwa                    
         ve_dit_sds_w0p01/checkpoints/scalar_embedding_step_                    
         05160.safetensors                                                      
DEBUG    [rank 0] Removed optimizer state for older kept     dit_trainer.py:1444
         checkpoint:                                                            
         /hppfs/scratch/0D/go76fuz2/windinet/outputs/shockwa                    
         ve_dit_sds_w0p01/checkpoints/model_weights_step_052                    
         80.state.pt                                                            
[epoch 45] step=5400 train_loss=0.079782 val_loss=0.081164
[train] step=5401 loss=0.081148 lr=2.395e-06
[train] step=5402 loss=0.083687 lr=2.393e-06
[train] step=5403 loss=0.111920 lr=2.392e-06
[train] step=5404 loss=0.062731 lr=2.390e-06
[train] step=5405 loss=0.093203 lr=2.388e-06
[train] step=5406 loss=0.053404 lr=2.387e-06
[train] step=5407 loss=0.075679 lr=2.385e-06
[train] step=5408 loss=0.053324 lr=2.383e-06
[train] step=5409 loss=0.086382 lr=2.382e-06
[train] step=5410 loss=0.151528 lr=2.380e-06
[train] step=5411 loss=0.050242 lr=2.378e-06
[train] step=5412 loss=0.081732 lr=2.377e-06
[train] step=5413 loss=0.061479 lr=2.375e-06
[train] step=5414 loss=0.055239 lr=2.373e-06
[train] step=5415 loss=0.060911 lr=2.372e-06
[train] step=5416 loss=0.070224 lr=2.370e-06
[train] step=5417 loss=0.056044 lr=2.368e-06
[train] step=5418 loss=0.063036 lr=2.367e-06
[train] step=5419 loss=0.111957 lr=2.365e-06
[train] step=5420 loss=0.053107 lr=2.363e-06
[train] step=5421 loss=0.045007 lr=2.362e-06
[train] step=5422 loss=0.055414 lr=2.360e-06
[train] step=5423 loss=0.075773 lr=2.358e-06
[train] step=5424 loss=0.053437 lr=2.357e-06
[train] step=5425 loss=0.063846 lr=2.355e-06
[train] step=5426 loss=0.076912 lr=2.353e-06
[train] step=5427 loss=0.046015 lr=2.352e-06
[train] step=5428 loss=0.066525 lr=2.350e-06
[train] step=5429 loss=0.073549 lr=2.348e-06
[train] step=5430 loss=0.063542 lr=2.347e-06
[train] step=5431 loss=0.111486 lr=2.345e-06
[train] step=5432 loss=0.057204 lr=2.343e-06
[train] step=5433 loss=0.060649 lr=2.342e-06
[train] step=5434 loss=0.064200 lr=2.340e-06
[train] step=5435 loss=0.096315 lr=2.338e-06
[train] step=5436 loss=0.080358 lr=2.337e-06
[train] step=5437 loss=0.148626 lr=2.335e-06
[train] step=5438 loss=0.079435 lr=2.334e-06
[train] step=5439 loss=0.079561 lr=2.332e-06
[train] step=5440 loss=0.058049 lr=2.330e-06
[train] step=5441 loss=0.063166 lr=2.329e-06
[train] step=5442 loss=0.084491 lr=2.327e-06
[train] step=5443 loss=0.083200 lr=2.325e-06
[train] step=5444 loss=0.048231 lr=2.324e-06
[train] step=5445 loss=0.078631 lr=2.322e-06
[train] step=5446 loss=0.068052 lr=2.320e-06
[train] step=5447 loss=0.061670 lr=2.319e-06
[train] step=5448 loss=0.085900 lr=2.317e-06
[train] step=5449 loss=0.089039 lr=2.315e-06
[train] step=5450 loss=0.112559 lr=2.314e-06
[train] step=5451 loss=0.074576 lr=2.312e-06
[train] step=5452 loss=0.074955 lr=2.310e-06
[train] step=5453 loss=0.054784 lr=2.309e-06
[train] step=5454 loss=0.054732 lr=2.307e-06
[train] step=5455 loss=0.080174 lr=2.305e-06
[train] step=5456 loss=0.047795 lr=2.304e-06
[train] step=5457 loss=0.049901 lr=2.302e-06
[train] step=5458 loss=0.080274 lr=2.300e-06
[train] step=5459 loss=0.160111 lr=2.299e-06
[train] step=5460 loss=0.098642 lr=2.297e-06
[train] step=5461 loss=0.089630 lr=2.296e-06
[train] step=5462 loss=0.042195 lr=2.294e-06
[train] step=5463 loss=0.056402 lr=2.292e-06
[train] step=5464 loss=0.067283 lr=2.291e-06
[train] step=5465 loss=0.092619 lr=2.289e-06
[train] step=5466 loss=0.079719 lr=2.287e-06
[train] step=5467 loss=0.068681 lr=2.286e-06
[train] step=5468 loss=0.055793 lr=2.284e-06
[train] step=5469 loss=0.041577 lr=2.282e-06
[train] step=5470 loss=0.081241 lr=2.281e-06
[train] step=5471 loss=0.074964 lr=2.279e-06
[train] step=5472 loss=0.072095 lr=2.277e-06
[train] step=5473 loss=0.054097 lr=2.276e-06
[train] step=5474 loss=0.057862 lr=2.274e-06
[train] step=5475 loss=0.064504 lr=2.272e-06
[train] step=5476 loss=0.110231 lr=2.271e-06
[train] step=5477 loss=0.044373 lr=2.269e-06
[train] step=5478 loss=0.073229 lr=2.268e-06
[train] step=5479 loss=0.070324 lr=2.266e-06
[train] step=5480 loss=0.082142 lr=2.264e-06
[train] step=5481 loss=0.076546 lr=2.263e-06
[train] step=5482 loss=0.078223 lr=2.261e-06
[train] step=5483 loss=0.051018 lr=2.259e-06
[train] step=5484 loss=0.087620 lr=2.258e-06
[train] step=5485 loss=0.077522 lr=2.256e-06
[train] step=5486 loss=0.081190 lr=2.254e-06
[train] step=5487 loss=0.071597 lr=2.253e-06
[train] step=5488 loss=0.060302 lr=2.251e-06
[train] step=5489 loss=0.112798 lr=2.250e-06
[train] step=5490 loss=0.088002 lr=2.248e-06
[train] step=5491 loss=0.102408 lr=2.246e-06
[train] step=5492 loss=0.055675 lr=2.245e-06
[train] step=5493 loss=0.083527 lr=2.243e-06
[train] step=5494 loss=0.079136 lr=2.241e-06
[train] step=5495 loss=0.063832 lr=2.240e-06
[train] step=5496 loss=0.085545 lr=2.238e-06
[train] step=5497 loss=0.083595 lr=2.236e-06
[train] step=5498 loss=0.078612 lr=2.235e-06
[train] step=5499 loss=0.070561 lr=2.233e-06
[train] step=5500 loss=0.051487 lr=2.232e-06
[train] step=5501 loss=0.088035 lr=2.230e-06
[train] step=5502 loss=0.065559 lr=2.228e-06
[train] step=5503 loss=0.075650 lr=2.227e-06
[train] step=5504 loss=0.075130 lr=2.225e-06
[train] step=5505 loss=0.079356 lr=2.223e-06
[train] step=5506 loss=0.077796 lr=2.222e-06
[train] step=5507 loss=0.055372 lr=2.220e-06
[train] step=5508 loss=0.070758 lr=2.219e-06
[train] step=5509 loss=0.071906 lr=2.217e-06
[train] step=5510 loss=0.176956 lr=2.215e-06
[train] step=5511 loss=0.202384 lr=2.214e-06
[train] step=5512 loss=0.085852 lr=2.212e-06
[train] step=5513 loss=0.107124 lr=2.210e-06
[train] step=5514 loss=0.074911 lr=2.209e-06
[train] step=5515 loss=0.088180 lr=2.207e-06
[train] step=5516 loss=0.303226 lr=2.206e-06
[train] step=5517 loss=0.056596 lr=2.204e-06
[train] step=5518 loss=0.099552 lr=2.202e-06
[train] step=5519 loss=0.090956 lr=2.201e-06
[train] step=5520 loss=0.088362 lr=2.199e-06
INFO     [rank 0] Model weights for step 5520 saved in       dit_trainer.py:1288
         checkpoints/model_weights_step_05520.safetensors                       
INFO     [rank 0] Scalar embedding weights for step 5520     dit_trainer.py:1297
         saved                                                                  
INFO     [rank 0] Training state saved:                      dit_trainer.py:1416
         checkpoints/model_weights_step_05520.state.pt                          
DEBUG    [rank 0] Removed old checkpoint:                    dit_trainer.py:1429
         /hppfs/scratch/0D/go76fuz2/windinet/outputs/shockwa                    
         ve_dit_sds_w0p01/checkpoints/model_weights_step_052                    
         80.safetensors                                                         
DEBUG    [rank 0] Removed old checkpoint:                    dit_trainer.py:1429
         /hppfs/scratch/0D/go76fuz2/windinet/outputs/shockwa                    
         ve_dit_sds_w0p01/checkpoints/scalar_embedding_step_                    
         05280.safetensors                                                      
DEBUG    [rank 0] Removed optimizer state for older kept     dit_trainer.py:1444
         checkpoint:                                                            
         /hppfs/scratch/0D/go76fuz2/windinet/outputs/shockwa                    
         ve_dit_sds_w0p01/checkpoints/model_weights_step_054                    
         00.state.pt                                                            
[epoch 46] step=5520 train_loss=0.078595
[train] step=5521 loss=0.063082 lr=2.197e-06
[train] step=5522 loss=0.059148 lr=2.196e-06
[train] step=5523 loss=0.061699 lr=2.194e-06
[train] step=5524 loss=0.085021 lr=2.193e-06
[train] step=5525 loss=0.084269 lr=2.191e-06
[train] step=5526 loss=0.146921 lr=2.189e-06
[train] step=5527 loss=0.083323 lr=2.188e-06
[train] step=5528 loss=0.511616 lr=2.186e-06
[train] step=5529 loss=0.062650 lr=2.184e-06
[train] step=5530 loss=0.063764 lr=2.183e-06
[train] step=5531 loss=0.203979 lr=2.181e-06
[train] step=5532 loss=0.078273 lr=2.180e-06
[train] step=5533 loss=0.051691 lr=2.178e-06
[train] step=5534 loss=0.093272 lr=2.176e-06
[train] step=5535 loss=0.121486 lr=2.175e-06
[train] step=5536 loss=0.077717 lr=2.173e-06
[train] step=5537 loss=0.069946 lr=2.171e-06
[train] step=5538 loss=0.059908 lr=2.170e-06
[train] step=5539 loss=0.150805 lr=2.168e-06
[train] step=5540 loss=0.044472 lr=2.167e-06
[train] step=5541 loss=0.055095 lr=2.165e-06
[train] step=5542 loss=0.190000 lr=2.163e-06
[train] step=5543 loss=0.052809 lr=2.162e-06
[train] step=5544 loss=0.101850 lr=2.160e-06
[train] step=5545 loss=0.099344 lr=2.159e-06
[train] step=5546 loss=0.053412 lr=2.157e-06
[train] step=5547 loss=0.160999 lr=2.155e-06
[train] step=5548 loss=0.082934 lr=2.154e-06
[train] step=5549 loss=0.097838 lr=2.152e-06
[train] step=5550 loss=0.085867 lr=2.151e-06
[train] step=5551 loss=0.090133 lr=2.149e-06
[train] step=5552 loss=0.073502 lr=2.147e-06
[train] step=5553 loss=0.065435 lr=2.146e-06
[train] step=5554 loss=0.106172 lr=2.144e-06
[train] step=5555 loss=0.163543 lr=2.142e-06
[train] step=5556 loss=0.071067 lr=2.141e-06
[train] step=5557 loss=0.053819 lr=2.139e-06
[train] step=5558 loss=0.053716 lr=2.138e-06
[train] step=5559 loss=0.099254 lr=2.136e-06
[train] step=5560 loss=0.067760 lr=2.134e-06
[train] step=5561 loss=0.096587 lr=2.133e-06
[train] step=5562 loss=0.090694 lr=2.131e-06
[train] step=5563 loss=0.099411 lr=2.130e-06
[train] step=5564 loss=0.036532 lr=2.128e-06
[train] step=5565 loss=0.064203 lr=2.126e-06
[train] step=5566 loss=0.071634 lr=2.125e-06
[train] step=5567 loss=0.061513 lr=2.123e-06
[train] step=5568 loss=0.087352 lr=2.122e-06
[train] step=5569 loss=0.076486 lr=2.120e-06
[train] step=5570 loss=0.078801 lr=2.118e-06
[train] step=5571 loss=0.085262 lr=2.117e-06
[train] step=5572 loss=0.065896 lr=2.115e-06
[train] step=5573 loss=0.121629 lr=2.114e-06
[train] step=5574 loss=0.060877 lr=2.112e-06
[train] step=5575 loss=0.079638 lr=2.110e-06
[train] step=5576 loss=0.053702 lr=2.109e-06
[train] step=5577 loss=0.097510 lr=2.107e-06
[train] step=5578 loss=0.055243 lr=2.106e-06
[train] step=5579 loss=0.042767 lr=2.104e-06
[train] step=5580 loss=0.104452 lr=2.102e-06
[train] step=5581 loss=0.064566 lr=2.101e-06
[train] step=5582 loss=0.132778 lr=2.099e-06
[train] step=5583 loss=0.112625 lr=2.098e-06
[train] step=5584 loss=0.097068 lr=2.096e-06
[train] step=5585 loss=0.079690 lr=2.094e-06
[train] step=5586 loss=0.135590 lr=2.093e-06
[train] step=5587 loss=0.053913 lr=2.091e-06
[train] step=5588 loss=0.070571 lr=2.090e-06
[train] step=5589 loss=0.080185 lr=2.088e-06
[train] step=5590 loss=0.061380 lr=2.086e-06
[train] step=5591 loss=0.089343 lr=2.085e-06
[train] step=5592 loss=0.064576 lr=2.083e-06
[train] step=5593 loss=0.080070 lr=2.082e-06
[train] step=5594 loss=0.066401 lr=2.080e-06
[train] step=5595 loss=0.106153 lr=2.079e-06
[train] step=5596 loss=0.074359 lr=2.077e-06
[train] step=5597 loss=0.051233 lr=2.075e-06
[train] step=5598 loss=0.086549 lr=2.074e-06
[train] step=5599 loss=0.048921 lr=2.072e-06
[train] step=5600 loss=0.073628 lr=2.071e-06
[train] step=5601 loss=0.068575 lr=2.069e-06
[train] step=5602 loss=0.097873 lr=2.067e-06
[train] step=5603 loss=0.092112 lr=2.066e-06
[train] step=5604 loss=0.097269 lr=2.064e-06
[train] step=5605 loss=0.074008 lr=2.063e-06
[train] step=5606 loss=0.058876 lr=2.061e-06
[train] step=5607 loss=0.058018 lr=2.059e-06
[train] step=5608 loss=0.118308 lr=2.058e-06
[train] step=5609 loss=0.056865 lr=2.056e-06
[train] step=5610 loss=0.158914 lr=2.055e-06
[train] step=5611 loss=0.080573 lr=2.053e-06
[train] step=5612 loss=0.038739 lr=2.052e-06
[train] step=5613 loss=0.059172 lr=2.050e-06
[train] step=5614 loss=0.054979 lr=2.048e-06
[train] step=5615 loss=0.071078 lr=2.047e-06
[train] step=5616 loss=0.091006 lr=2.045e-06
[train] step=5617 loss=0.106686 lr=2.044e-06
[train] step=5618 loss=0.058194 lr=2.042e-06
[train] step=5619 loss=0.101206 lr=2.041e-06
[train] step=5620 loss=0.075831 lr=2.039e-06
[train] step=5621 loss=0.081785 lr=2.037e-06
[train] step=5622 loss=0.069913 lr=2.036e-06
[train] step=5623 loss=0.054355 lr=2.034e-06
[train] step=5624 loss=0.083856 lr=2.033e-06
[train] step=5625 loss=0.075028 lr=2.031e-06
[train] step=5626 loss=0.055795 lr=2.029e-06
[train] step=5627 loss=0.066039 lr=2.028e-06
[train] step=5628 loss=0.099636 lr=2.026e-06
[train] step=5629 loss=0.065883 lr=2.025e-06
[train] step=5630 loss=0.058791 lr=2.023e-06
[train] step=5631 loss=0.040121 lr=2.022e-06
[train] step=5632 loss=0.069028 lr=2.020e-06
[train] step=5633 loss=0.045363 lr=2.018e-06
[train] step=5634 loss=0.136174 lr=2.017e-06
[train] step=5635 loss=0.090651 lr=2.015e-06
[train] step=5636 loss=0.087809 lr=2.014e-06
[train] step=5637 loss=0.070453 lr=2.012e-06
[train] step=5638 loss=0.068642 lr=2.011e-06
[train] step=5639 loss=0.105785 lr=2.009e-06
[train] step=5640 loss=0.085931 lr=2.007e-06
INFO     [rank 0] Model weights for step 5640 saved in       dit_trainer.py:1288
         checkpoints/model_weights_step_05640.safetensors                       
INFO     [rank 0] Scalar embedding weights for step 5640     dit_trainer.py:1297
         saved                                                                  
INFO     [rank 0] Training state saved:                      dit_trainer.py:1416
         checkpoints/model_weights_step_05640.state.pt                          
DEBUG    [rank 0] Removed old checkpoint:                    dit_trainer.py:1429
         /hppfs/scratch/0D/go76fuz2/windinet/outputs/shockwa                    
         ve_dit_sds_w0p01/checkpoints/model_weights_step_054                    
         00.safetensors                                                         
DEBUG    [rank 0] Removed old checkpoint:                    dit_trainer.py:1429
         /hppfs/scratch/0D/go76fuz2/windinet/outputs/shockwa                    
         ve_dit_sds_w0p01/checkpoints/scalar_embedding_step_                    
         05400.safetensors                                                      
DEBUG    [rank 0] Removed optimizer state for older kept     dit_trainer.py:1444
         checkpoint:                                                            
         /hppfs/scratch/0D/go76fuz2/windinet/outputs/shockwa                    
         ve_dit_sds_w0p01/checkpoints/model_weights_step_055                    
         20.state.pt                                                            
[epoch 47] step=5640 train_loss=0.085743
[train] step=5641 loss=0.050981 lr=2.006e-06
[train] step=5642 loss=0.088539 lr=2.004e-06
[train] step=5643 loss=0.080735 lr=2.003e-06
[train] step=5644 loss=0.067350 lr=2.001e-06
[train] step=5645 loss=0.076315 lr=2.000e-06
[train] step=5646 loss=0.086662 lr=1.998e-06
[train] step=5647 loss=0.061434 lr=1.996e-06
[train] step=5648 loss=0.065212 lr=1.995e-06
[train] step=5649 loss=0.103616 lr=1.993e-06
[train] step=5650 loss=0.080904 lr=1.992e-06
[train] step=5651 loss=0.229815 lr=1.990e-06
[train] step=5652 loss=0.101967 lr=1.989e-06
[train] step=5653 loss=0.070773 lr=1.987e-06
[train] step=5654 loss=0.071575 lr=1.986e-06
[train] step=5655 loss=0.091993 lr=1.984e-06
[train] step=5656 loss=0.255368 lr=1.982e-06
[train] step=5657 loss=0.078371 lr=1.981e-06
[train] step=5658 loss=0.068288 lr=1.979e-06
[train] step=5659 loss=0.065714 lr=1.978e-06
[train] step=5660 loss=0.067896 lr=1.976e-06
[train] step=5661 loss=0.113854 lr=1.975e-06
[train] step=5662 loss=0.073056 lr=1.973e-06
[train] step=5663 loss=0.103783 lr=1.972e-06
[train] step=5664 loss=0.077683 lr=1.970e-06
[train] step=5665 loss=0.104740 lr=1.968e-06
[train] step=5666 loss=0.078550 lr=1.967e-06
[train] step=5667 loss=0.089623 lr=1.965e-06
[train] step=5668 loss=0.115023 lr=1.964e-06
[train] step=5669 loss=0.063786 lr=1.962e-06
[train] step=5670 loss=0.083497 lr=1.961e-06
[train] step=5671 loss=0.094122 lr=1.959e-06
[train] step=5672 loss=0.063177 lr=1.957e-06
[train] step=5673 loss=0.095522 lr=1.956e-06
[train] step=5674 loss=0.058591 lr=1.954e-06
[train] step=5675 loss=0.098743 lr=1.953e-06
[train] step=5676 loss=0.064982 lr=1.951e-06
[train] step=5677 loss=0.098401 lr=1.950e-06
[train] step=5678 loss=0.059769 lr=1.948e-06
[train] step=5679 loss=0.054904 lr=1.947e-06
[train] step=5680 loss=0.049396 lr=1.945e-06
[train] step=5681 loss=0.097176 lr=1.944e-06
[train] step=5682 loss=0.111873 lr=1.942e-06
[train] step=5683 loss=0.091290 lr=1.940e-06
[train] step=5684 loss=0.031964 lr=1.939e-06
[train] step=5685 loss=0.060745 lr=1.937e-06
[train] step=5686 loss=0.057408 lr=1.936e-06
[train] step=5687 loss=0.068208 lr=1.934e-06
[train] step=5688 loss=0.057063 lr=1.933e-06
[train] step=5689 loss=0.080572 lr=1.931e-06
[train] step=5690 loss=0.064091 lr=1.930e-06
[train] step=5691 loss=0.035309 lr=1.928e-06
[train] step=5692 loss=0.080264 lr=1.927e-06
[train] step=5693 loss=0.051836 lr=1.925e-06
[train] step=5694 loss=0.058408 lr=1.923e-06
[train] step=5695 loss=0.077277 lr=1.922e-06
[train] step=5696 loss=0.055811 lr=1.920e-06
[train] step=5697 loss=0.052453 lr=1.919e-06
[train] step=5698 loss=0.068826 lr=1.917e-06
[train] step=5699 loss=0.096027 lr=1.916e-06
[train] step=5700 loss=0.053534 lr=1.914e-06
[train] step=5701 loss=0.033786 lr=1.913e-06
[train] step=5702 loss=0.077317 lr=1.911e-06
[train] step=5703 loss=0.039120 lr=1.910e-06
[train] step=5704 loss=0.062769 lr=1.908e-06
[train] step=5705 loss=0.086119 lr=1.906e-06
[train] step=5706 loss=0.082018 lr=1.905e-06
[train] step=5707 loss=0.052604 lr=1.903e-06
[train] step=5708 loss=0.065596 lr=1.902e-06
[train] step=5709 loss=0.072991 lr=1.900e-06
[train] step=5710 loss=0.080009 lr=1.899e-06
[train] step=5711 loss=0.068136 lr=1.897e-06
[train] step=5712 loss=0.060988 lr=1.896e-06
[train] step=5713 loss=0.056472 lr=1.894e-06
[train] step=5714 loss=0.056671 lr=1.893e-06
[train] step=5715 loss=0.056416 lr=1.891e-06
[train] step=5716 loss=0.125485 lr=1.890e-06
[train] step=5717 loss=0.083456 lr=1.888e-06
[train] step=5718 loss=0.058307 lr=1.887e-06
[train] step=5719 loss=0.034892 lr=1.885e-06
[train] step=5720 loss=0.080221 lr=1.883e-06
[train] step=5721 loss=0.164418 lr=1.882e-06
[train] step=5722 loss=0.065726 lr=1.880e-06
[train] step=5723 loss=0.132625 lr=1.879e-06
[train] step=5724 loss=0.096003 lr=1.877e-06
[train] step=5725 loss=0.082134 lr=1.876e-06
[train] step=5726 loss=0.056797 lr=1.874e-06
[train] step=5727 loss=0.061851 lr=1.873e-06
[train] step=5728 loss=0.095432 lr=1.871e-06
[train] step=5729 loss=0.060018 lr=1.870e-06
[train] step=5730 loss=0.069234 lr=1.868e-06
[train] step=5731 loss=0.047040 lr=1.867e-06
[train] step=5732 loss=0.100634 lr=1.865e-06
[train] step=5733 loss=0.088671 lr=1.864e-06
[train] step=5734 loss=0.095085 lr=1.862e-06
[train] step=5735 loss=0.063928 lr=1.861e-06
[train] step=5736 loss=0.103386 lr=1.859e-06
[train] step=5737 loss=0.075265 lr=1.857e-06
[train] step=5738 loss=0.076604 lr=1.856e-06
[train] step=5739 loss=0.087673 lr=1.854e-06
[train] step=5740 loss=0.084604 lr=1.853e-06
[train] step=5741 loss=0.045562 lr=1.851e-06
[train] step=5742 loss=0.073328 lr=1.850e-06
[train] step=5743 loss=0.068328 lr=1.848e-06
[train] step=5744 loss=0.060716 lr=1.847e-06
[train] step=5745 loss=0.062058 lr=1.845e-06
[train] step=5746 loss=0.063510 lr=1.844e-06
[train] step=5747 loss=0.063717 lr=1.842e-06
[train] step=5748 loss=0.082445 lr=1.841e-06
[train] step=5749 loss=0.129334 lr=1.839e-06
[train] step=5750 loss=0.061591 lr=1.838e-06
[train] step=5751 loss=0.089957 lr=1.836e-06
[train] step=5752 loss=0.058189 lr=1.835e-06
[train] step=5753 loss=0.070960 lr=1.833e-06
[train] step=5754 loss=0.076372 lr=1.832e-06
[train] step=5755 loss=0.041989 lr=1.830e-06
[train] step=5756 loss=0.067271 lr=1.829e-06
[train] step=5757 loss=0.083523 lr=1.827e-06
[train] step=5758 loss=0.071428 lr=1.826e-06
[train] step=5759 loss=0.058993 lr=1.824e-06
[train] step=5760 loss=0.051413 lr=1.823e-06
INFO     [rank 0] Model weights for step 5760 saved in       dit_trainer.py:1288
         checkpoints/model_weights_step_05760.safetensors                       
INFO     [rank 0] Scalar embedding weights for step 5760     dit_trainer.py:1297
         saved                                                                  
INFO     [rank 0] Training state saved:                      dit_trainer.py:1416
         checkpoints/model_weights_step_05760.state.pt                          
DEBUG    [rank 0] Removed old checkpoint:                    dit_trainer.py:1429
         /hppfs/scratch/0D/go76fuz2/windinet/outputs/shockwa                    
         ve_dit_sds_w0p01/checkpoints/model_weights_step_055                    
         20.safetensors                                                         
DEBUG    [rank 0] Removed old checkpoint:                    dit_trainer.py:1429
         /hppfs/scratch/0D/go76fuz2/windinet/outputs/shockwa                    
         ve_dit_sds_w0p01/checkpoints/scalar_embedding_step_                    
         05520.safetensors                                                      
DEBUG    [rank 0] Removed optimizer state for older kept     dit_trainer.py:1444
         checkpoint:                                                            
         /hppfs/scratch/0D/go76fuz2/windinet/outputs/shockwa                    
         ve_dit_sds_w0p01/checkpoints/model_weights_step_056                    
         40.state.pt                                                            
[epoch 48] step=5760 train_loss=0.077588
[train] step=5761 loss=0.043874 lr=1.821e-06
[train] step=5762 loss=0.111046 lr=1.820e-06
[train] step=5763 loss=0.052116 lr=1.818e-06
[train] step=5764 loss=0.074160 lr=1.817e-06
[train] step=5765 loss=0.080031 lr=1.815e-06
[train] step=5766 loss=0.044411 lr=1.814e-06
[train] step=5767 loss=0.106139 lr=1.812e-06
[train] step=5768 loss=0.107333 lr=1.810e-06
[train] step=5769 loss=0.073404 lr=1.809e-06
[train] step=5770 loss=0.053595 lr=1.807e-06
[train] step=5771 loss=0.099330 lr=1.806e-06
[train] step=5772 loss=0.090538 lr=1.804e-06
[train] step=5773 loss=0.050640 lr=1.803e-06
[train] step=5774 loss=0.079246 lr=1.801e-06
[train] step=5775 loss=0.050417 lr=1.800e-06
[train] step=5776 loss=0.093600 lr=1.798e-06
[train] step=5777 loss=0.062902 lr=1.797e-06
[train] step=5778 loss=0.070783 lr=1.795e-06
[train] step=5779 loss=0.054608 lr=1.794e-06
[train] step=5780 loss=0.088923 lr=1.792e-06
[train] step=5781 loss=0.074413 lr=1.791e-06
[train] step=5782 loss=0.058421 lr=1.789e-06
[train] step=5783 loss=0.076883 lr=1.788e-06
[train] step=5784 loss=0.094121 lr=1.786e-06
[train] step=5785 loss=0.069485 lr=1.785e-06
[train] step=5786 loss=0.177720 lr=1.783e-06
[train] step=5787 loss=0.079918 lr=1.782e-06
[train] step=5788 loss=0.042801 lr=1.780e-06
[train] step=5789 loss=0.063349 lr=1.779e-06
[train] step=5790 loss=0.058905 lr=1.777e-06
[train] step=5791 loss=0.059407 lr=1.776e-06
[train] step=5792 loss=0.051647 lr=1.774e-06
[train] step=5793 loss=0.056366 lr=1.773e-06
[train] step=5794 loss=0.074607 lr=1.771e-06
[train] step=5795 loss=0.085249 lr=1.770e-06
[train] step=5796 loss=0.052367 lr=1.768e-06
[train] step=5797 loss=0.068096 lr=1.767e-06
[train] step=5798 loss=0.066557 lr=1.765e-06
[train] step=5799 loss=0.045140 lr=1.764e-06
[train] step=5800 loss=0.091813 lr=1.762e-06
[train] step=5801 loss=0.060354 lr=1.761e-06
[train] step=5802 loss=0.057634 lr=1.760e-06
[train] step=5803 loss=0.066201 lr=1.758e-06
[train] step=5804 loss=0.077275 lr=1.757e-06
[train] step=5805 loss=0.074876 lr=1.755e-06
[train] step=5806 loss=0.073899 lr=1.754e-06
[train] step=5807 loss=0.079632 lr=1.752e-06
[train] step=5808 loss=0.121253 lr=1.751e-06
[train] step=5809 loss=0.074809 lr=1.749e-06
[train] step=5810 loss=0.093314 lr=1.748e-06
[train] step=5811 loss=0.049524 lr=1.746e-06
[train] step=5812 loss=0.071264 lr=1.745e-06
[train] step=5813 loss=0.062139 lr=1.743e-06
[train] step=5814 loss=0.119114 lr=1.742e-06
[train] step=5815 loss=0.075096 lr=1.740e-06
[train] step=5816 loss=0.042775 lr=1.739e-06
[train] step=5817 loss=0.083948 lr=1.737e-06
[train] step=5818 loss=0.076594 lr=1.736e-06
[train] step=5819 loss=0.073657 lr=1.734e-06
[train] step=5820 loss=0.066917 lr=1.733e-06
[train] step=5821 loss=0.249032 lr=1.731e-06
[train] step=5822 loss=0.067218 lr=1.730e-06
[train] step=5823 loss=0.082496 lr=1.728e-06
[train] step=5824 loss=0.064031 lr=1.727e-06
[train] step=5825 loss=0.038038 lr=1.725e-06
[train] step=5826 loss=0.066852 lr=1.724e-06
[train] step=5827 loss=0.081569 lr=1.722e-06
[train] step=5828 loss=0.073421 lr=1.721e-06
[train] step=5829 loss=0.067788 lr=1.719e-06
[train] step=5830 loss=0.071567 lr=1.718e-06
[train] step=5831 loss=0.085556 lr=1.716e-06
[train] step=5832 loss=0.063039 lr=1.715e-06
[train] step=5833 loss=0.045988 lr=1.714e-06
[train] step=5834 loss=0.088633 lr=1.712e-06
[train] step=5835 loss=0.072205 lr=1.711e-06
[train] step=5836 loss=0.094087 lr=1.709e-06
[train] step=5837 loss=0.045005 lr=1.708e-06
[train] step=5838 loss=0.089659 lr=1.706e-06
[train] step=5839 loss=0.063288 lr=1.705e-06
[train] step=5840 loss=0.061114 lr=1.703e-06
[train] step=5841 loss=0.104062 lr=1.702e-06
[train] step=5842 loss=0.091752 lr=1.700e-06
[train] step=5843 loss=0.091415 lr=1.699e-06
[train] step=5844 loss=0.088502 lr=1.697e-06
[train] step=5845 loss=0.075076 lr=1.696e-06
[train] step=5846 loss=0.139598 lr=1.694e-06
[train] step=5847 loss=0.098052 lr=1.693e-06
[train] step=5848 loss=0.060407 lr=1.691e-06
[train] step=5849 loss=0.069795 lr=1.690e-06
[train] step=5850 loss=0.058719 lr=1.689e-06
[train] step=5851 loss=0.113335 lr=1.687e-06
[train] step=5852 loss=0.113982 lr=1.686e-06
[train] step=5853 loss=0.068819 lr=1.684e-06
[train] step=5854 loss=0.042123 lr=1.683e-06
[train] step=5855 loss=0.033876 lr=1.681e-06
[train] step=5856 loss=0.057767 lr=1.680e-06
[train] step=5857 loss=0.056091 lr=1.678e-06
[train] step=5858 loss=0.034766 lr=1.677e-06
[train] step=5859 loss=0.074506 lr=1.675e-06
[train] step=5860 loss=0.071232 lr=1.674e-06
[train] step=5861 loss=0.053884 lr=1.672e-06
[train] step=5862 loss=0.056933 lr=1.671e-06
[train] step=5863 loss=0.100393 lr=1.670e-06
[train] step=5864 loss=0.107168 lr=1.668e-06
[train] step=5865 loss=0.077483 lr=1.667e-06
[train] step=5866 loss=0.078042 lr=1.665e-06
[train] step=5867 loss=0.084579 lr=1.664e-06
[train] step=5868 loss=0.088263 lr=1.662e-06
[train] step=5869 loss=0.089241 lr=1.661e-06
[train] step=5870 loss=0.079688 lr=1.659e-06
[train] step=5871 loss=0.047344 lr=1.658e-06
[train] step=5872 loss=0.142847 lr=1.656e-06
[train] step=5873 loss=0.034233 lr=1.655e-06
[train] step=5874 loss=0.073593 lr=1.653e-06
[train] step=5875 loss=0.064335 lr=1.652e-06
[train] step=5876 loss=0.058551 lr=1.651e-06
[train] step=5877 loss=0.066680 lr=1.649e-06
[train] step=5878 loss=0.070436 lr=1.648e-06
[train] step=5879 loss=0.056907 lr=1.646e-06
[train] step=5880 loss=0.114619 lr=1.645e-06
INFO     [rank 0] Model weights for step 5880 saved in       dit_trainer.py:1288
         checkpoints/model_weights_step_05880.safetensors                       
INFO     [rank 0] Scalar embedding weights for step 5880     dit_trainer.py:1297
         saved                                                                  
INFO     [rank 0] Training state saved:                      dit_trainer.py:1416
         checkpoints/model_weights_step_05880.state.pt                          
DEBUG    [rank 0] Removed old checkpoint:                    dit_trainer.py:1429
         /hppfs/scratch/0D/go76fuz2/windinet/outputs/shockwa                    
         ve_dit_sds_w0p01/checkpoints/model_weights_step_056                    
         40.safetensors                                                         
DEBUG    [rank 0] Removed old checkpoint:                    dit_trainer.py:1429
         /hppfs/scratch/0D/go76fuz2/windinet/outputs/shockwa                    
         ve_dit_sds_w0p01/checkpoints/scalar_embedding_step_                    
         05640.safetensors                                                      
DEBUG    [rank 0] Removed optimizer state for older kept     dit_trainer.py:1444
         checkpoint:                                                            
         /hppfs/scratch/0D/go76fuz2/windinet/outputs/shockwa                    
         ve_dit_sds_w0p01/checkpoints/model_weights_step_057                    
         60.state.pt                                                            
[epoch 49] step=5880 train_loss=0.075259
[train] step=5881 loss=0.064256 lr=1.643e-06
[train] step=5882 loss=0.112103 lr=1.642e-06
[train] step=5883 loss=0.057121 lr=1.640e-06
[train] step=5884 loss=0.061273 lr=1.639e-06
[train] step=5885 loss=0.096863 lr=1.638e-06
[train] step=5886 loss=0.089553 lr=1.636e-06
[train] step=5887 loss=0.055095 lr=1.635e-06
[train] step=5888 loss=0.128173 lr=1.633e-06
[train] step=5889 loss=0.043669 lr=1.632e-06
[train] step=5890 loss=0.047156 lr=1.630e-06
[train] step=5891 loss=0.080538 lr=1.629e-06
[train] step=5892 loss=0.072175 lr=1.627e-06
[train] step=5893 loss=0.050157 lr=1.626e-06
[train] step=5894 loss=0.056891 lr=1.624e-06
[train] step=5895 loss=0.065588 lr=1.623e-06
[train] step=5896 loss=0.111365 lr=1.622e-06
[train] step=5897 loss=0.125333 lr=1.620e-06
[train] step=5898 loss=0.075167 lr=1.619e-06
[train] step=5899 loss=0.118353 lr=1.617e-06
[train] step=5900 loss=0.052137 lr=1.616e-06
[train] step=5901 loss=0.331082 lr=1.614e-06
[train] step=5902 loss=0.052381 lr=1.613e-06
[train] step=5903 loss=0.072999 lr=1.612e-06
[train] step=5904 loss=0.087026 lr=1.610e-06
[train] step=5905 loss=0.142142 lr=1.609e-06
[train] step=5906 loss=0.058553 lr=1.607e-06
[train] step=5907 loss=0.074854 lr=1.606e-06
[train] step=5908 loss=0.091024 lr=1.604e-06
[train] step=5909 loss=0.096574 lr=1.603e-06
[train] step=5910 loss=0.105219 lr=1.601e-06
[train] step=5911 loss=0.054477 lr=1.600e-06
[train] step=5912 loss=0.064484 lr=1.599e-06
[train] step=5913 loss=0.071280 lr=1.597e-06
[train] step=5914 loss=0.055679 lr=1.596e-06
[train] step=5915 loss=0.036583 lr=1.594e-06
[train] step=5916 loss=0.056770 lr=1.593e-06
[train] step=5917 loss=0.083129 lr=1.591e-06
[train] step=5918 loss=0.050010 lr=1.590e-06
[train] step=5919 loss=0.068468 lr=1.589e-06
[train] step=5920 loss=0.061102 lr=1.587e-06
[train] step=5921 loss=0.095600 lr=1.586e-06
[train] step=5922 loss=0.050714 lr=1.584e-06
[train] step=5923 loss=0.071167 lr=1.583e-06
[train] step=5924 loss=0.040347 lr=1.581e-06
[train] step=5925 loss=0.101839 lr=1.580e-06
[train] step=5926 loss=0.061038 lr=1.579e-06
[train] step=5927 loss=0.052946 lr=1.577e-06
[train] step=5928 loss=0.062260 lr=1.576e-06
[train] step=5929 loss=0.087158 lr=1.574e-06
[train] step=5930 loss=0.053761 lr=1.573e-06
[train] step=5931 loss=0.062288 lr=1.571e-06
[train] step=5932 loss=0.076522 lr=1.570e-06
[train] step=5933 loss=0.048494 lr=1.569e-06
[train] step=5934 loss=0.078567 lr=1.567e-06
[train] step=5935 loss=0.057219 lr=1.566e-06
[train] step=5936 loss=0.057059 lr=1.564e-06
[train] step=5937 loss=0.084903 lr=1.563e-06
[train] step=5938 loss=0.084494 lr=1.561e-06
[train] step=5939 loss=0.060056 lr=1.560e-06
[train] step=5940 loss=0.066390 lr=1.559e-06
[train] step=5941 loss=0.082744 lr=1.557e-06
[train] step=5942 loss=0.059243 lr=1.556e-06
[train] step=5943 loss=0.079134 lr=1.554e-06
[train] step=5944 loss=0.150977 lr=1.553e-06
[train] step=5945 loss=0.053379 lr=1.552e-06
[train] step=5946 loss=0.054195 lr=1.550e-06
[train] step=5947 loss=0.078037 lr=1.549e-06
[train] step=5948 loss=0.090607 lr=1.547e-06
[train] step=5949 loss=0.082413 lr=1.546e-06
[train] step=5950 loss=0.078076 lr=1.544e-06
[train] step=5951 loss=0.049876 lr=1.543e-06
[train] step=5952 loss=0.047448 lr=1.542e-06
[train] step=5953 loss=0.048948 lr=1.540e-06
[train] step=5954 loss=0.093909 lr=1.539e-06
[train] step=5955 loss=0.086870 lr=1.537e-06
[train] step=5956 loss=0.052976 lr=1.536e-06
[train] step=5957 loss=0.083040 lr=1.535e-06
[train] step=5958 loss=0.074615 lr=1.533e-06
[train] step=5959 loss=0.065709 lr=1.532e-06
[train] step=5960 loss=0.031089 lr=1.530e-06
[train] step=5961 loss=0.074595 lr=1.529e-06
[train] step=5962 loss=0.072912 lr=1.528e-06
[train] step=5963 loss=0.109171 lr=1.526e-06
[train] step=5964 loss=0.076640 lr=1.525e-06
[train] step=5965 loss=0.084273 lr=1.523e-06
[train] step=5966 loss=0.085896 lr=1.522e-06
[train] step=5967 loss=0.068567 lr=1.520e-06
[train] step=5968 loss=0.043703 lr=1.519e-06
[train] step=5969 loss=0.074926 lr=1.518e-06
[train] step=5970 loss=0.039291 lr=1.516e-06
[train] step=5971 loss=0.096772 lr=1.515e-06
[train] step=5972 loss=0.070755 lr=1.513e-06
[train] step=5973 loss=0.049398 lr=1.512e-06
[train] step=5974 loss=0.068625 lr=1.511e-06
[train] step=5975 loss=0.057570 lr=1.509e-06
[train] step=5976 loss=0.060413 lr=1.508e-06
[train] step=5977 loss=0.058222 lr=1.506e-06
[train] step=5978 loss=0.041999 lr=1.505e-06
[train] step=5979 loss=0.064903 lr=1.504e-06
[train] step=5980 loss=0.099741 lr=1.502e-06
[train] step=5981 loss=0.067310 lr=1.501e-06
[train] step=5982 loss=0.075539 lr=1.499e-06
[train] step=5983 loss=0.061103 lr=1.498e-06
[train] step=5984 loss=0.043681 lr=1.497e-06
[train] step=5985 loss=0.067824 lr=1.495e-06
[train] step=5986 loss=0.053411 lr=1.494e-06
[train] step=5987 loss=0.099048 lr=1.492e-06
[train] step=5988 loss=0.079268 lr=1.491e-06
[train] step=5989 loss=0.107226 lr=1.490e-06
[train] step=5990 loss=0.107901 lr=1.488e-06
[train] step=5991 loss=0.071231 lr=1.487e-06
[train] step=5992 loss=0.139144 lr=1.486e-06
[train] step=5993 loss=0.247835 lr=1.484e-06
[train] step=5994 loss=0.088646 lr=1.483e-06
[train] step=5995 loss=0.054815 lr=1.481e-06
[train] step=5996 loss=0.089931 lr=1.480e-06
[train] step=5997 loss=0.063267 lr=1.479e-06
[train] step=5998 loss=0.045203 lr=1.477e-06
[train] step=5999 loss=0.052579 lr=1.476e-06
[train] step=6000 loss=0.074372 lr=1.474e-06
[val] step=6000 val_loss=0.080921
INFO     [rank 0] Model weights for step 6000 saved in       dit_trainer.py:1288
         checkpoints/model_weights_step_06000.safetensors                       
INFO     [rank 0] Scalar embedding weights for step 6000     dit_trainer.py:1297
         saved                                                                  
INFO     [rank 0] Training state saved:                      dit_trainer.py:1416
         checkpoints/model_weights_step_06000.state.pt                          
INFO     [rank 0] New best checkpoint (step 6000,            dit_trainer.py:1320
         val_loss=0.080921):                                                    
         checkpoints/model_weights_best.safetensors                             
DEBUG    [rank 0] Removed old checkpoint:                    dit_trainer.py:1429
         /hppfs/scratch/0D/go76fuz2/windinet/outputs/shockwa                    
         ve_dit_sds_w0p01/checkpoints/model_weights_step_057                    
         60.safetensors                                                         
DEBUG    [rank 0] Removed old checkpoint:                    dit_trainer.py:1429
         /hppfs/scratch/0D/go76fuz2/windinet/outputs/shockwa                    
         ve_dit_sds_w0p01/checkpoints/scalar_embedding_step_                    
         05760.safetensors                                                      
DEBUG    [rank 0] Removed optimizer state for older kept     dit_trainer.py:1444
         checkpoint:                                                            
         /hppfs/scratch/0D/go76fuz2/windinet/outputs/shockwa                    
         ve_dit_sds_w0p01/checkpoints/model_weights_step_058                    
         80.state.pt                                                            
[epoch 50] step=6000 train_loss=0.076674 val_loss=0.080921
[train] step=6001 loss=0.085277 lr=1.473e-06
[train] step=6002 loss=0.106847 lr=1.472e-06
[train] step=6003 loss=0.042634 lr=1.470e-06
[train] step=6004 loss=0.147509 lr=1.469e-06
[train] step=6005 loss=0.063492 lr=1.467e-06
[train] step=6006 loss=0.068219 lr=1.466e-06
[train] step=6007 loss=0.079644 lr=1.465e-06
[train] step=6008 loss=0.074665 lr=1.463e-06
[train] step=6009 loss=0.060977 lr=1.462e-06
[train] step=6010 loss=0.090285 lr=1.461e-06
[train] step=6011 loss=0.045972 lr=1.459e-06
[train] step=6012 loss=0.080007 lr=1.458e-06
[train] step=6013 loss=0.110518 lr=1.456e-06
[train] step=6014 loss=0.066637 lr=1.455e-06
[train] step=6015 loss=0.071099 lr=1.454e-06
[train] step=6016 loss=0.052522 lr=1.452e-06
[train] step=6017 loss=0.067074 lr=1.451e-06
[train] step=6018 loss=0.108234 lr=1.450e-06
[train] step=6019 loss=0.062781 lr=1.448e-06
[train] step=6020 loss=0.073126 lr=1.447e-06
[train] step=6021 loss=0.047599 lr=1.445e-06
[train] step=6022 loss=0.102948 lr=1.444e-06
[train] step=6023 loss=0.055424 lr=1.443e-06
[train] step=6024 loss=0.100017 lr=1.441e-06
[train] step=6025 loss=0.054818 lr=1.440e-06
[train] step=6026 loss=0.045428 lr=1.438e-06
[train] step=6027 loss=0.063497 lr=1.437e-06
[train] step=6028 loss=0.070090 lr=1.436e-06
[train] step=6029 loss=0.070032 lr=1.434e-06
[train] step=6030 loss=0.055655 lr=1.433e-06
[train] step=6031 loss=0.086581 lr=1.432e-06
[train] step=6032 loss=0.116051 lr=1.430e-06
[train] step=6033 loss=0.071696 lr=1.429e-06
[train] step=6034 loss=0.054238 lr=1.428e-06
[train] step=6035 loss=0.073134 lr=1.426e-06
[train] step=6036 loss=0.063146 lr=1.425e-06
[train] step=6037 loss=0.097396 lr=1.423e-06
[train] step=6038 loss=0.075582 lr=1.422e-06
[train] step=6039 loss=0.090167 lr=1.421e-06
[train] step=6040 loss=0.069514 lr=1.419e-06
[train] step=6041 loss=0.060129 lr=1.418e-06
[train] step=6042 loss=0.041418 lr=1.417e-06
[train] step=6043 loss=0.098543 lr=1.415e-06
[train] step=6044 loss=0.041557 lr=1.414e-06
[train] step=6045 loss=0.055418 lr=1.413e-06
[train] step=6046 loss=0.076867 lr=1.411e-06
[train] step=6047 loss=0.056348 lr=1.410e-06
[train] step=6048 loss=0.073832 lr=1.408e-06
[train] step=6049 loss=0.056875 lr=1.407e-06
[train] step=6050 loss=0.073532 lr=1.406e-06
[train] step=6051 loss=0.107058 lr=1.404e-06
[train] step=6052 loss=0.087803 lr=1.403e-06
[train] step=6053 loss=0.070939 lr=1.402e-06
[train] step=6054 loss=0.053502 lr=1.400e-06
[train] step=6055 loss=0.108708 lr=1.399e-06
[train] step=6056 loss=0.038821 lr=1.398e-06
[train] step=6057 loss=0.068732 lr=1.396e-06
[train] step=6058 loss=0.051340 lr=1.395e-06
[train] step=6059 loss=0.056366 lr=1.393e-06
[train] step=6060 loss=0.057939 lr=1.392e-06
[train] step=6061 loss=0.023007 lr=1.391e-06
[train] step=6062 loss=0.108248 lr=1.389e-06
[train] step=6063 loss=0.060757 lr=1.388e-06
[train] step=6064 loss=0.078142 lr=1.387e-06
[train] step=6065 loss=0.040419 lr=1.385e-06
[train] step=6066 loss=0.067100 lr=1.384e-06
[train] step=6067 loss=0.084851 lr=1.383e-06
[train] step=6068 loss=0.059592 lr=1.381e-06
[train] step=6069 loss=0.052147 lr=1.380e-06
[train] step=6070 loss=0.062971 lr=1.379e-06
[train] step=6071 loss=0.089351 lr=1.377e-06
[train] step=6072 loss=0.071335 lr=1.376e-06
[train] step=6073 loss=0.057868 lr=1.375e-06
[train] step=6074 loss=0.052565 lr=1.373e-06
[train] step=6075 loss=0.064223 lr=1.372e-06
[train] step=6076 loss=0.069589 lr=1.371e-06
[train] step=6077 loss=0.086943 lr=1.369e-06
[train] step=6078 loss=0.071445 lr=1.368e-06
[train] step=6079 loss=0.083782 lr=1.366e-06
[train] step=6080 loss=0.109530 lr=1.365e-06
[train] step=6081 loss=0.065713 lr=1.364e-06
[train] step=6082 loss=0.049355 lr=1.362e-06
[train] step=6083 loss=0.093385 lr=1.361e-06
[train] step=6084 loss=0.035272 lr=1.360e-06
[train] step=6085 loss=0.062261 lr=1.358e-06
[train] step=6086 loss=0.032289 lr=1.357e-06
[train] step=6087 loss=0.055364 lr=1.356e-06
[train] step=6088 loss=0.063342 lr=1.354e-06
[train] step=6089 loss=0.083137 lr=1.353e-06
[train] step=6090 loss=0.109516 lr=1.352e-06
[train] step=6091 loss=0.042571 lr=1.350e-06
[train] step=6092 loss=0.038846 lr=1.349e-06
[train] step=6093 loss=0.057696 lr=1.348e-06
[train] step=6094 loss=0.094835 lr=1.346e-06
[train] step=6095 loss=0.087247 lr=1.345e-06
[train] step=6096 loss=0.063552 lr=1.344e-06
[train] step=6097 loss=0.124798 lr=1.342e-06
[train] step=6098 loss=0.068175 lr=1.341e-06
[train] step=6099 loss=0.090255 lr=1.340e-06
[train] step=6100 loss=0.064501 lr=1.338e-06
[train] step=6101 loss=0.049330 lr=1.337e-06
[train] step=6102 loss=0.071668 lr=1.336e-06
[train] step=6103 loss=0.068583 lr=1.334e-06
[train] step=6104 loss=0.060133 lr=1.333e-06
[train] step=6105 loss=0.076988 lr=1.332e-06
[train] step=6106 loss=0.042173 lr=1.330e-06
[train] step=6107 loss=0.080520 lr=1.329e-06
[train] step=6108 loss=0.096224 lr=1.328e-06
[train] step=6109 loss=0.082251 lr=1.326e-06
[train] step=6110 loss=0.057921 lr=1.325e-06
[train] step=6111 loss=0.144680 lr=1.324e-06
[train] step=6112 loss=0.091401 lr=1.322e-06
[train] step=6113 loss=0.160272 lr=1.321e-06
[train] step=6114 loss=0.086605 lr=1.320e-06
[train] step=6115 loss=0.029720 lr=1.318e-06
[train] step=6116 loss=0.046456 lr=1.317e-06
[train] step=6117 loss=0.136355 lr=1.316e-06
[train] step=6118 loss=0.054347 lr=1.315e-06
[train] step=6119 loss=0.070311 lr=1.313e-06
[train] step=6120 loss=0.067685 lr=1.312e-06
INFO     [rank 0] Model weights for step 6120 saved in       dit_trainer.py:1288
         checkpoints/model_weights_step_06120.safetensors                       
INFO     [rank 0] Scalar embedding weights for step 6120     dit_trainer.py:1297
         saved                                                                  
INFO     [rank 0] Training state saved:                      dit_trainer.py:1416
         checkpoints/model_weights_step_06120.state.pt                          
DEBUG    [rank 0] Removed old checkpoint:                    dit_trainer.py:1429
         /hppfs/scratch/0D/go76fuz2/windinet/outputs/shockwa                    
         ve_dit_sds_w0p01/checkpoints/model_weights_step_058                    
         80.safetensors                                                         
DEBUG    [rank 0] Removed old checkpoint:                    dit_trainer.py:1429
         /hppfs/scratch/0D/go76fuz2/windinet/outputs/shockwa                    
         ve_dit_sds_w0p01/checkpoints/scalar_embedding_step_                    
         05880.safetensors                                                      
DEBUG    [rank 0] Removed optimizer state for older kept     dit_trainer.py:1444
         checkpoint:                                                            
         /hppfs/scratch/0D/go76fuz2/windinet/outputs/shockwa                    
         ve_dit_sds_w0p01/checkpoints/model_weights_step_060                    
         00.state.pt                                                            
[epoch 51] step=6120 train_loss=0.072605
[train] step=6121 loss=0.155184 lr=1.311e-06
[train] step=6122 loss=0.107423 lr=1.309e-06
[train] step=6123 loss=0.068882 lr=1.308e-06
[train] step=6124 loss=0.060570 lr=1.307e-06
[train] step=6125 loss=0.334298 lr=1.305e-06
[train] step=6126 loss=0.055176 lr=1.304e-06
[train] step=6127 loss=0.074995 lr=1.303e-06
[train] step=6128 loss=0.033380 lr=1.301e-06
[train] step=6129 loss=0.087013 lr=1.300e-06
[train] step=6130 loss=0.102485 lr=1.299e-06
[train] step=6131 loss=0.048403 lr=1.297e-06
[train] step=6132 loss=0.076499 lr=1.296e-06
[train] step=6133 loss=0.088537 lr=1.295e-06
[train] step=6134 loss=0.061551 lr=1.293e-06
[train] step=6135 loss=0.070381 lr=1.292e-06
[train] step=6136 loss=0.055395 lr=1.291e-06
[train] step=6137 loss=0.081346 lr=1.289e-06
[train] step=6138 loss=0.134371 lr=1.288e-06
[train] step=6139 loss=0.100031 lr=1.287e-06
[train] step=6140 loss=0.089178 lr=1.286e-06
[train] step=6141 loss=0.063008 lr=1.284e-06
[train] step=6142 loss=0.055371 lr=1.283e-06
[train] step=6143 loss=0.082994 lr=1.282e-06
[train] step=6144 loss=0.071570 lr=1.280e-06
[train] step=6145 loss=0.150091 lr=1.279e-06
[train] step=6146 loss=0.061656 lr=1.278e-06
[train] step=6147 loss=0.033606 lr=1.276e-06
[train] step=6148 loss=0.119497 lr=1.275e-06
[train] step=6149 loss=0.104856 lr=1.274e-06
[train] step=6150 loss=0.080942 lr=1.272e-06
[train] step=6151 loss=0.104262 lr=1.271e-06
[train] step=6152 loss=0.100827 lr=1.270e-06
[train] step=6153 loss=0.133984 lr=1.269e-06
[train] step=6154 loss=0.055020 lr=1.267e-06
[train] step=6155 loss=0.032877 lr=1.266e-06
[train] step=6156 loss=0.121317 lr=1.265e-06
[train] step=6157 loss=0.079340 lr=1.263e-06
[train] step=6158 loss=0.068258 lr=1.262e-06
[train] step=6159 loss=0.039431 lr=1.261e-06
[train] step=6160 loss=0.068442 lr=1.259e-06
[train] step=6161 loss=0.061963 lr=1.258e-06
[train] step=6162 loss=0.122900 lr=1.257e-06
[train] step=6163 loss=0.034591 lr=1.256e-06
[train] step=6164 loss=0.084385 lr=1.254e-06
[train] step=6165 loss=0.066535 lr=1.253e-06
[train] step=6166 loss=0.050260 lr=1.252e-06
[train] step=6167 loss=0.081682 lr=1.250e-06
[train] step=6168 loss=0.060536 lr=1.249e-06
[train] step=6169 loss=0.071915 lr=1.248e-06
[train] step=6170 loss=0.052001 lr=1.247e-06
[train] step=6171 loss=0.068095 lr=1.245e-06
[train] step=6172 loss=0.078428 lr=1.244e-06
[train] step=6173 loss=0.089200 lr=1.243e-06
[train] step=6174 loss=0.111749 lr=1.241e-06
[train] step=6175 loss=0.083275 lr=1.240e-06
[train] step=6176 loss=0.056932 lr=1.239e-06
[train] step=6177 loss=0.067486 lr=1.238e-06
[train] step=6178 loss=0.038479 lr=1.236e-06
[train] step=6179 loss=0.184780 lr=1.235e-06
[train] step=6180 loss=0.091860 lr=1.234e-06
[train] step=6181 loss=0.073822 lr=1.232e-06
[train] step=6182 loss=0.110823 lr=1.231e-06
[train] step=6183 loss=0.058836 lr=1.230e-06
[train] step=6184 loss=0.042680 lr=1.229e-06
[train] step=6185 loss=0.093149 lr=1.227e-06
[train] step=6186 loss=0.089776 lr=1.226e-06
[train] step=6187 loss=0.075064 lr=1.225e-06
[train] step=6188 loss=0.091945 lr=1.223e-06
[train] step=6189 loss=0.083905 lr=1.222e-06
[train] step=6190 loss=0.088666 lr=1.221e-06
[train] step=6191 loss=0.085827 lr=1.220e-06
[train] step=6192 loss=0.068760 lr=1.218e-06
[train] step=6193 loss=0.059786 lr=1.217e-06
[train] step=6194 loss=0.074482 lr=1.216e-06
[train] step=6195 loss=0.114703 lr=1.214e-06
[train] step=6196 loss=0.063081 lr=1.213e-06
[train] step=6197 loss=0.094912 lr=1.212e-06
[train] step=6198 loss=0.050796 lr=1.211e-06
[train] step=6199 loss=0.063241 lr=1.209e-06
[train] step=6200 loss=0.080269 lr=1.208e-06
[train] step=6201 loss=0.048945 lr=1.207e-06
[train] step=6202 loss=0.082898 lr=1.205e-06
[train] step=6203 loss=0.101803 lr=1.204e-06
[train] step=6204 loss=0.048342 lr=1.203e-06
[train] step=6205 loss=0.065750 lr=1.202e-06
[train] step=6206 loss=0.108852 lr=1.200e-06
[train] step=6207 loss=0.080502 lr=1.199e-06
[train] step=6208 loss=0.062320 lr=1.198e-06
[train] step=6209 loss=0.082250 lr=1.197e-06
[train] step=6210 loss=0.081507 lr=1.195e-06
[train] step=6211 loss=0.126277 lr=1.194e-06
[train] step=6212 loss=0.069009 lr=1.193e-06
[train] step=6213 loss=0.097730 lr=1.192e-06
[train] step=6214 loss=0.061373 lr=1.190e-06
[train] step=6215 loss=0.340538 lr=1.189e-06
[train] step=6216 loss=0.068714 lr=1.188e-06
[train] step=6217 loss=0.082165 lr=1.186e-06
[train] step=6218 loss=0.086644 lr=1.185e-06
[train] step=6219 loss=0.120810 lr=1.184e-06
[train] step=6220 loss=0.077436 lr=1.183e-06
[train] step=6221 loss=0.165808 lr=1.181e-06
[train] step=6222 loss=0.036258 lr=1.180e-06
[train] step=6223 loss=0.082274 lr=1.179e-06
[train] step=6224 loss=0.102212 lr=1.178e-06
[train] step=6225 loss=0.095764 lr=1.176e-06
[train] step=6226 loss=0.096849 lr=1.175e-06
[train] step=6227 loss=0.056439 lr=1.174e-06
[train] step=6228 loss=0.036020 lr=1.173e-06
[train] step=6229 loss=0.092046 lr=1.171e-06
[train] step=6230 loss=0.067402 lr=1.170e-06
[train] step=6231 loss=0.096930 lr=1.169e-06
[train] step=6232 loss=0.093618 lr=1.168e-06
[train] step=6233 loss=0.067183 lr=1.166e-06
[train] step=6234 loss=0.070493 lr=1.165e-06
[train] step=6235 loss=0.201312 lr=1.164e-06
[train] step=6236 loss=0.072818 lr=1.163e-06
[train] step=6237 loss=0.102810 lr=1.161e-06
[train] step=6238 loss=0.076142 lr=1.160e-06
[train] step=6239 loss=0.079538 lr=1.159e-06
[train] step=6240 loss=0.134609 lr=1.158e-06
INFO     [rank 0] Model weights for step 6240 saved in       dit_trainer.py:1288
         checkpoints/model_weights_step_06240.safetensors                       
INFO     [rank 0] Scalar embedding weights for step 6240     dit_trainer.py:1297
         saved                                                                  
INFO     [rank 0] Training state saved:                      dit_trainer.py:1416
         checkpoints/model_weights_step_06240.state.pt                          
DEBUG    [rank 0] Removed old checkpoint:                    dit_trainer.py:1429
         /hppfs/scratch/0D/go76fuz2/windinet/outputs/shockwa                    
         ve_dit_sds_w0p01/checkpoints/model_weights_step_060                    
         00.safetensors                                                         
DEBUG    [rank 0] Removed old checkpoint:                    dit_trainer.py:1429
         /hppfs/scratch/0D/go76fuz2/windinet/outputs/shockwa                    
         ve_dit_sds_w0p01/checkpoints/scalar_embedding_step_                    
         06000.safetensors                                                      
DEBUG    [rank 0] Removed optimizer state for older kept     dit_trainer.py:1444
         checkpoint:                                                            
         /hppfs/scratch/0D/go76fuz2/windinet/outputs/shockwa                    
         ve_dit_sds_w0p01/checkpoints/model_weights_step_061                    
         20.state.pt                                                            
[epoch 52] step=6240 train_loss=0.085729
[train] step=6241 loss=0.055822 lr=1.156e-06
[train] step=6242 loss=0.068830 lr=1.155e-06
[train] step=6243 loss=0.062209 lr=1.154e-06
[train] step=6244 loss=0.102200 lr=1.153e-06
[train] step=6245 loss=0.048097 lr=1.151e-06
[train] step=6246 loss=0.044208 lr=1.150e-06
[train] step=6247 loss=0.116144 lr=1.149e-06
[train] step=6248 loss=0.077788 lr=1.148e-06
[train] step=6249 loss=0.105820 lr=1.146e-06
[train] step=6250 loss=0.081427 lr=1.145e-06
[train] step=6251 loss=0.053965 lr=1.144e-06
[train] step=6252 loss=0.067022 lr=1.143e-06
[train] step=6253 loss=0.056488 lr=1.141e-06
[train] step=6254 loss=0.049127 lr=1.140e-06
[train] step=6255 loss=0.056741 lr=1.139e-06
[train] step=6256 loss=0.244250 lr=1.138e-06
[train] step=6257 loss=0.136568 lr=1.136e-06
[train] step=6258 loss=0.068730 lr=1.135e-06
[train] step=6259 loss=0.074189 lr=1.134e-06
[train] step=6260 loss=0.037342 lr=1.133e-06
[train] step=6261 loss=0.047225 lr=1.131e-06
[train] step=6262 loss=0.069741 lr=1.130e-06
[train] step=6263 loss=0.068984 lr=1.129e-06
[train] step=6264 loss=0.085580 lr=1.128e-06
[train] step=6265 loss=0.052014 lr=1.126e-06
[train] step=6266 loss=0.083477 lr=1.125e-06
[train] step=6267 loss=0.110652 lr=1.124e-06
[train] step=6268 loss=0.058448 lr=1.123e-06
[train] step=6269 loss=0.073539 lr=1.122e-06
[train] step=6270 loss=0.073784 lr=1.120e-06
[train] step=6271 loss=0.046563 lr=1.119e-06
[train] step=6272 loss=0.166203 lr=1.118e-06
[train] step=6273 loss=0.073482 lr=1.117e-06
[train] step=6274 loss=0.045215 lr=1.115e-06
[train] step=6275 loss=0.059061 lr=1.114e-06
[train] step=6276 loss=0.051187 lr=1.113e-06
[train] step=6277 loss=0.091933 lr=1.112e-06
[train] step=6278 loss=0.095994 lr=1.110e-06
[train] step=6279 loss=0.213359 lr=1.109e-06
[train] step=6280 loss=0.079666 lr=1.108e-06
[train] step=6281 loss=0.068437 lr=1.107e-06
[train] step=6282 loss=0.032743 lr=1.106e-06
[train] step=6283 loss=0.066826 lr=1.104e-06
[train] step=6284 loss=0.084134 lr=1.103e-06
[train] step=6285 loss=0.115408 lr=1.102e-06
[train] step=6286 loss=0.072397 lr=1.101e-06
[train] step=6287 loss=0.041607 lr=1.099e-06
[train] step=6288 loss=0.090654 lr=1.098e-06
[train] step=6289 loss=0.055972 lr=1.097e-06
[train] step=6290 loss=0.069158 lr=1.096e-06
[train] step=6291 loss=0.062939 lr=1.095e-06
[train] step=6292 loss=0.048195 lr=1.093e-06
[train] step=6293 loss=0.114658 lr=1.092e-06
[train] step=6294 loss=0.075553 lr=1.091e-06
[train] step=6295 loss=0.132016 lr=1.090e-06
[train] step=6296 loss=0.045255 lr=1.088e-06
[train] step=6297 loss=0.121339 lr=1.087e-06
[train] step=6298 loss=0.070459 lr=1.086e-06
[train] step=6299 loss=0.088609 lr=1.085e-06
[train] step=6300 loss=0.068506 lr=1.084e-06
[train] step=6301 loss=0.053494 lr=1.082e-06
[train] step=6302 loss=0.182065 lr=1.081e-06
[train] step=6303 loss=0.068186 lr=1.080e-06
[train] step=6304 loss=0.060052 lr=1.079e-06
[train] step=6305 loss=0.083392 lr=1.077e-06
[train] step=6306 loss=0.044781 lr=1.076e-06
[train] step=6307 loss=0.032364 lr=1.075e-06
[train] step=6308 loss=0.060004 lr=1.074e-06
[train] step=6309 loss=0.051571 lr=1.073e-06
[train] step=6310 loss=0.103661 lr=1.071e-06
[train] step=6311 loss=0.096458 lr=1.070e-06
[train] step=6312 loss=0.083550 lr=1.069e-06
[train] step=6313 loss=0.068191 lr=1.068e-06
[train] step=6314 loss=0.054348 lr=1.067e-06
[train] step=6315 loss=0.052355 lr=1.065e-06
[train] step=6316 loss=0.100537 lr=1.064e-06
[train] step=6317 loss=0.059772 lr=1.063e-06
[train] step=6318 loss=0.094644 lr=1.062e-06
[train] step=6319 loss=0.064981 lr=1.061e-06
[train] step=6320 loss=0.045606 lr=1.059e-06
[train] step=6321 loss=0.032543 lr=1.058e-06
[train] step=6322 loss=0.040968 lr=1.057e-06
[train] step=6323 loss=0.052546 lr=1.056e-06
[train] step=6324 loss=0.118239 lr=1.055e-06
[train] step=6325 loss=0.205249 lr=1.053e-06
[train] step=6326 loss=0.056599 lr=1.052e-06
[train] step=6327 loss=0.071159 lr=1.051e-06
[train] step=6328 loss=0.079163 lr=1.050e-06
[train] step=6329 loss=0.072657 lr=1.049e-06
[train] step=6330 loss=0.094240 lr=1.047e-06
[train] step=6331 loss=0.036395 lr=1.046e-06
[train] step=6332 loss=0.083630 lr=1.045e-06
[train] step=6333 loss=0.055937 lr=1.044e-06
[train] step=6334 loss=0.077759 lr=1.043e-06
[train] step=6335 loss=0.130235 lr=1.041e-06
[train] step=6336 loss=0.091765 lr=1.040e-06
[train] step=6337 loss=0.090240 lr=1.039e-06
[train] step=6338 loss=0.048975 lr=1.038e-06
[train] step=6339 loss=0.096167 lr=1.037e-06
[train] step=6340 loss=0.081572 lr=1.035e-06
[train] step=6341 loss=0.057183 lr=1.034e-06
[train] step=6342 loss=0.063113 lr=1.033e-06
[train] step=6343 loss=0.056933 lr=1.032e-06
[train] step=6344 loss=0.104760 lr=1.031e-06
[train] step=6345 loss=0.076667 lr=1.029e-06
[train] step=6346 loss=0.096907 lr=1.028e-06
[train] step=6347 loss=0.050173 lr=1.027e-06
[train] step=6348 loss=0.057168 lr=1.026e-06
[train] step=6349 loss=0.064996 lr=1.025e-06
[train] step=6350 loss=0.046282 lr=1.024e-06
[train] step=6351 loss=0.052834 lr=1.022e-06
[train] step=6352 loss=0.079484 lr=1.021e-06
[train] step=6353 loss=0.046913 lr=1.020e-06
[train] step=6354 loss=0.113780 lr=1.019e-06
[train] step=6355 loss=0.096133 lr=1.018e-06
[train] step=6356 loss=0.037494 lr=1.016e-06
[train] step=6357 loss=0.117132 lr=1.015e-06
[train] step=6358 loss=0.068181 lr=1.014e-06
[train] step=6359 loss=0.042702 lr=1.013e-06
[train] step=6360 loss=0.123973 lr=1.012e-06
INFO     [rank 0] Model weights for step 6360 saved in       dit_trainer.py:1288
         checkpoints/model_weights_step_06360.safetensors                       
INFO     [rank 0] Scalar embedding weights for step 6360     dit_trainer.py:1297
         saved                                                                  
INFO     [rank 0] Training state saved:                      dit_trainer.py:1416
         checkpoints/model_weights_step_06360.state.pt                          
DEBUG    [rank 0] Removed old checkpoint:                    dit_trainer.py:1429
         /hppfs/scratch/0D/go76fuz2/windinet/outputs/shockwa                    
         ve_dit_sds_w0p01/checkpoints/model_weights_step_061                    
         20.safetensors                                                         
DEBUG    [rank 0] Removed old checkpoint:                    dit_trainer.py:1429
         /hppfs/scratch/0D/go76fuz2/windinet/outputs/shockwa                    
         ve_dit_sds_w0p01/checkpoints/scalar_embedding_step_                    
         06120.safetensors                                                      
DEBUG    [rank 0] Removed optimizer state for older kept     dit_trainer.py:1444
         checkpoint:                                                            
         /hppfs/scratch/0D/go76fuz2/windinet/outputs/shockwa                    
         ve_dit_sds_w0p01/checkpoints/model_weights_step_062                    
         40.state.pt                                                            
[epoch 53] step=6360 train_loss=0.077645
[train] step=6361 loss=0.056080 lr=1.011e-06
[train] step=6362 loss=0.090736 lr=1.009e-06
[train] step=6363 loss=0.071828 lr=1.008e-06
[train] step=6364 loss=0.070642 lr=1.007e-06
[train] step=6365 loss=0.087093 lr=1.006e-06
[train] step=6366 loss=0.094266 lr=1.005e-06
[train] step=6367 loss=0.079592 lr=1.004e-06
[train] step=6368 loss=0.116263 lr=1.002e-06
[train] step=6369 loss=0.069385 lr=1.001e-06
[train] step=6370 loss=0.057948 lr=1.000e-06
[train] step=6371 loss=0.043847 lr=9.988e-07
[train] step=6372 loss=0.075782 lr=9.977e-07
[train] step=6373 loss=0.052712 lr=9.965e-07
[train] step=6374 loss=0.073639 lr=9.953e-07
[train] step=6375 loss=0.081241 lr=9.941e-07
[train] step=6376 loss=0.075945 lr=9.930e-07
[train] step=6377 loss=0.039478 lr=9.918e-07
[train] step=6378 loss=0.102513 lr=9.906e-07
[train] step=6379 loss=0.063116 lr=9.895e-07
[train] step=6380 loss=0.081194 lr=9.883e-07
[train] step=6381 loss=0.120031 lr=9.871e-07
[train] step=6382 loss=0.101691 lr=9.860e-07
[train] step=6383 loss=0.109271 lr=9.848e-07
[train] step=6384 loss=0.070645 lr=9.837e-07
[train] step=6385 loss=0.058107 lr=9.825e-07
[train] step=6386 loss=0.079482 lr=9.813e-07
[train] step=6387 loss=0.082090 lr=9.802e-07
[train] step=6388 loss=0.067739 lr=9.790e-07
[train] step=6389 loss=0.086936 lr=9.778e-07
[train] step=6390 loss=0.057645 lr=9.767e-07
[train] step=6391 loss=0.064305 lr=9.755e-07
[train] step=6392 loss=0.071434 lr=9.744e-07
[train] step=6393 loss=0.077913 lr=9.732e-07
[train] step=6394 loss=0.056572 lr=9.720e-07
[train] step=6395 loss=0.140587 lr=9.709e-07
[train] step=6396 loss=0.044466 lr=9.697e-07
[train] step=6397 loss=0.113301 lr=9.686e-07
[train] step=6398 loss=0.055163 lr=9.674e-07
[train] step=6399 loss=0.051217 lr=9.663e-07
[train] step=6400 loss=0.028971 lr=9.651e-07
[train] step=6401 loss=0.083463 lr=9.640e-07
[train] step=6402 loss=0.060109 lr=9.628e-07
[train] step=6403 loss=0.078891 lr=9.617e-07
[train] step=6404 loss=0.074954 lr=9.605e-07
[train] step=6405 loss=0.032547 lr=9.594e-07
[train] step=6406 loss=0.108617 lr=9.582e-07
[train] step=6407 loss=0.092897 lr=9.571e-07
[train] step=6408 loss=0.073316 lr=9.559e-07
[train] step=6409 loss=0.078800 lr=9.548e-07
[train] step=6410 loss=0.070640 lr=9.536e-07
[train] step=6411 loss=0.098232 lr=9.525e-07
[train] step=6412 loss=0.045513 lr=9.513e-07
[train] step=6413 loss=0.082581 lr=9.502e-07
[train] step=6414 loss=0.087714 lr=9.490e-07
[train] step=6415 loss=0.101259 lr=9.479e-07
[train] step=6416 loss=0.067892 lr=9.467e-07
[train] step=6417 loss=0.037656 lr=9.456e-07
[train] step=6418 loss=0.095966 lr=9.444e-07
[train] step=6419 loss=0.082516 lr=9.433e-07
[train] step=6420 loss=0.103282 lr=9.422e-07
[train] step=6421 loss=0.066863 lr=9.410e-07
[train] step=6422 loss=0.063295 lr=9.399e-07
[train] step=6423 loss=0.065986 lr=9.387e-07
[train] step=6424 loss=0.054871 lr=9.376e-07
[train] step=6425 loss=0.069254 lr=9.365e-07
[train] step=6426 loss=0.080631 lr=9.353e-07
[train] step=6427 loss=0.099429 lr=9.342e-07
[train] step=6428 loss=0.059777 lr=9.331e-07
[train] step=6429 loss=0.066029 lr=9.319e-07
[train] step=6430 loss=0.083628 lr=9.308e-07
[train] step=6431 loss=0.053950 lr=9.297e-07
[train] step=6432 loss=0.085277 lr=9.285e-07
[train] step=6433 loss=0.084612 lr=9.274e-07
[train] step=6434 loss=0.068285 lr=9.263e-07
[train] step=6435 loss=0.045130 lr=9.251e-07
[train] step=6436 loss=0.062241 lr=9.240e-07
[train] step=6437 loss=0.060678 lr=9.229e-07
[train] step=6438 loss=0.067992 lr=9.217e-07
[train] step=6439 loss=0.140025 lr=9.206e-07
[train] step=6440 loss=0.052306 lr=9.195e-07
[train] step=6441 loss=0.148558 lr=9.183e-07
[train] step=6442 loss=0.098229 lr=9.172e-07
[train] step=6443 loss=0.112353 lr=9.161e-07
[train] step=6444 loss=0.059298 lr=9.150e-07
[train] step=6445 loss=0.037915 lr=9.138e-07
[train] step=6446 loss=0.081014 lr=9.127e-07
[train] step=6447 loss=0.094520 lr=9.116e-07
[train] step=6448 loss=0.082857 lr=9.105e-07
[train] step=6449 loss=0.032518 lr=9.093e-07
[train] step=6450 loss=0.051444 lr=9.082e-07
[train] step=6451 loss=0.060052 lr=9.071e-07
[train] step=6452 loss=0.076258 lr=9.060e-07
[train] step=6453 loss=0.058456 lr=9.049e-07
[train] step=6454 loss=0.042709 lr=9.037e-07
[train] step=6455 loss=0.066226 lr=9.026e-07
[train] step=6456 loss=0.039078 lr=9.015e-07
[train] step=6457 loss=0.080871 lr=9.004e-07
[train] step=6458 loss=0.060956 lr=8.993e-07
[train] step=6459 loss=0.340163 lr=8.981e-07
[train] step=6460 loss=0.094272 lr=8.970e-07
[train] step=6461 loss=0.056143 lr=8.959e-07
[train] step=6462 loss=0.050614 lr=8.948e-07
[train] step=6463 loss=0.119164 lr=8.937e-07
[train] step=6464 loss=0.053517 lr=8.926e-07
[train] step=6465 loss=0.099223 lr=8.915e-07
[train] step=6466 loss=0.034563 lr=8.903e-07
[train] step=6467 loss=0.030663 lr=8.892e-07
[train] step=6468 loss=0.058959 lr=8.881e-07
[train] step=6469 loss=0.082004 lr=8.870e-07
[train] step=6470 loss=0.050528 lr=8.859e-07
[train] step=6471 loss=0.078517 lr=8.848e-07
[train] step=6472 loss=0.123037 lr=8.837e-07
[train] step=6473 loss=0.072963 lr=8.826e-07
[train] step=6474 loss=0.093402 lr=8.815e-07
[train] step=6475 loss=0.093526 lr=8.804e-07
[train] step=6476 loss=0.082302 lr=8.793e-07
[train] step=6477 loss=0.081383 lr=8.781e-07
[train] step=6478 loss=0.068754 lr=8.770e-07
[train] step=6479 loss=0.064680 lr=8.759e-07
[train] step=6480 loss=0.085794 lr=8.748e-07
INFO     [rank 0] Model weights for step 6480 saved in       dit_trainer.py:1288
         checkpoints/model_weights_step_06480.safetensors                       
INFO     [rank 0] Scalar embedding weights for step 6480     dit_trainer.py:1297
         saved                                                                  
INFO     [rank 0] Training state saved:                      dit_trainer.py:1416
         checkpoints/model_weights_step_06480.state.pt                          
DEBUG    [rank 0] Removed old checkpoint:                    dit_trainer.py:1429
         /hppfs/scratch/0D/go76fuz2/windinet/outputs/shockwa                    
         ve_dit_sds_w0p01/checkpoints/model_weights_step_062                    
         40.safetensors                                                         
DEBUG    [rank 0] Removed old checkpoint:                    dit_trainer.py:1429
         /hppfs/scratch/0D/go76fuz2/windinet/outputs/shockwa                    
         ve_dit_sds_w0p01/checkpoints/scalar_embedding_step_                    
         06240.safetensors                                                      
DEBUG    [rank 0] Removed optimizer state for older kept     dit_trainer.py:1444
         checkpoint:                                                            
         /hppfs/scratch/0D/go76fuz2/windinet/outputs/shockwa                    
         ve_dit_sds_w0p01/checkpoints/model_weights_step_063                    
         60.state.pt                                                            
[epoch 54] step=6480 train_loss=0.077030
[train] step=6481 loss=0.070767 lr=8.737e-07
[train] step=6482 loss=0.068817 lr=8.726e-07
[train] step=6483 loss=0.091836 lr=8.715e-07
[train] step=6484 loss=0.084645 lr=8.704e-07
[train] step=6485 loss=0.062881 lr=8.693e-07
[train] step=6486 loss=0.099263 lr=8.682e-07
[train] step=6487 loss=0.079940 lr=8.671e-07
[train] step=6488 loss=0.089312 lr=8.660e-07
[train] step=6489 loss=0.078953 lr=8.649e-07
[train] step=6490 loss=0.085692 lr=8.638e-07
[train] step=6491 loss=0.042076 lr=8.627e-07
[train] step=6492 loss=0.049356 lr=8.616e-07
[train] step=6493 loss=0.070892 lr=8.605e-07
[train] step=6494 loss=0.071224 lr=8.595e-07
[train] step=6495 loss=0.082052 lr=8.584e-07
[train] step=6496 loss=0.080233 lr=8.573e-07
[train] step=6497 loss=0.082245 lr=8.562e-07
[train] step=6498 loss=0.071940 lr=8.551e-07
[train] step=6499 loss=0.087796 lr=8.540e-07
[train] step=6500 loss=0.064421 lr=8.529e-07
[train] step=6501 loss=0.068042 lr=8.518e-07
[train] step=6502 loss=0.051867 lr=8.507e-07
[train] step=6503 loss=0.073045 lr=8.496e-07
[train] step=6504 loss=0.077944 lr=8.485e-07
[train] step=6505 loss=0.034531 lr=8.475e-07
[train] step=6506 loss=0.068861 lr=8.464e-07
[train] step=6507 loss=0.104980 lr=8.453e-07
[train] step=6508 loss=0.079696 lr=8.442e-07
[train] step=6509 loss=0.087799 lr=8.431e-07
[train] step=6510 loss=0.074521 lr=8.420e-07
[train] step=6511 loss=0.073706 lr=8.409e-07
[train] step=6512 loss=0.065421 lr=8.399e-07
[train] step=6513 loss=0.048657 lr=8.388e-07
[train] step=6514 loss=0.067079 lr=8.377e-07
[train] step=6515 loss=0.050115 lr=8.366e-07
[train] step=6516 loss=0.060166 lr=8.355e-07
[train] step=6517 loss=0.065217 lr=8.345e-07
[train] step=6518 loss=0.060207 lr=8.334e-07
[train] step=6519 loss=0.033896 lr=8.323e-07
[train] step=6520 loss=0.096244 lr=8.312e-07
[train] step=6521 loss=0.055983 lr=8.301e-07
[train] step=6522 loss=0.108820 lr=8.291e-07
[train] step=6523 loss=0.074861 lr=8.280e-07
[train] step=6524 loss=0.133882 lr=8.269e-07
[train] step=6525 loss=0.045638 lr=8.258e-07
[train] step=6526 loss=0.164447 lr=8.248e-07
[train] step=6527 loss=0.060228 lr=8.237e-07
[train] step=6528 loss=0.056017 lr=8.226e-07
[train] step=6529 loss=0.072826 lr=8.215e-07
[train] step=6530 loss=0.046420 lr=8.205e-07
[train] step=6531 loss=0.071547 lr=8.194e-07
[train] step=6532 loss=0.060955 lr=8.183e-07
[train] step=6533 loss=0.064297 lr=8.173e-07
[train] step=6534 loss=0.060580 lr=8.162e-07
[train] step=6535 loss=0.053173 lr=8.151e-07
[train] step=6536 loss=0.056235 lr=8.141e-07
[train] step=6537 loss=0.062698 lr=8.130e-07
[train] step=6538 loss=0.048377 lr=8.119e-07
[train] step=6539 loss=0.065050 lr=8.109e-07
[train] step=6540 loss=0.093640 lr=8.098e-07
[train] step=6541 loss=0.077200 lr=8.087e-07
[train] step=6542 loss=0.062500 lr=8.077e-07
[train] step=6543 loss=0.084904 lr=8.066e-07
[train] step=6544 loss=0.075332 lr=8.055e-07
[train] step=6545 loss=0.073347 lr=8.045e-07
[train] step=6546 loss=0.075782 lr=8.034e-07
[train] step=6547 loss=0.059585 lr=8.024e-07
[train] step=6548 loss=0.064396 lr=8.013e-07
[train] step=6549 loss=0.078846 lr=8.002e-07
[train] step=6550 loss=0.069809 lr=7.992e-07
[train] step=6551 loss=0.037179 lr=7.981e-07
[train] step=6552 loss=0.099069 lr=7.971e-07
[train] step=6553 loss=0.069992 lr=7.960e-07
[train] step=6554 loss=0.074969 lr=7.950e-07
[train] step=6555 loss=0.092386 lr=7.939e-07
[train] step=6556 loss=0.062847 lr=7.928e-07
[train] step=6557 loss=0.074227 lr=7.918e-07
[train] step=6558 loss=0.056549 lr=7.907e-07
[train] step=6559 loss=0.074577 lr=7.897e-07
[train] step=6560 loss=0.072435 lr=7.886e-07
[train] step=6561 loss=0.074609 lr=7.876e-07
[train] step=6562 loss=0.063794 lr=7.865e-07
[train] step=6563 loss=0.049529 lr=7.855e-07
[train] step=6564 loss=0.058406 lr=7.844e-07
[train] step=6565 loss=0.072218 lr=7.834e-07
[train] step=6566 loss=0.054120 lr=7.823e-07
[train] step=6567 loss=0.083723 lr=7.813e-07
[train] step=6568 loss=0.031270 lr=7.802e-07
[train] step=6569 loss=0.066917 lr=7.792e-07
[train] step=6570 loss=0.073767 lr=7.781e-07
[train] step=6571 loss=0.156243 lr=7.771e-07
[train] step=6572 loss=0.063005 lr=7.761e-07
[train] step=6573 loss=0.060999 lr=7.750e-07
[train] step=6574 loss=0.086779 lr=7.740e-07
[train] step=6575 loss=0.066419 lr=7.729e-07
[train] step=6576 loss=0.065098 lr=7.719e-07
[train] step=6577 loss=0.077649 lr=7.708e-07
[train] step=6578 loss=0.160782 lr=7.698e-07
[train] step=6579 loss=0.190444 lr=7.688e-07
[train] step=6580 loss=0.058537 lr=7.677e-07
[train] step=6581 loss=0.090474 lr=7.667e-07
[train] step=6582 loss=0.073475 lr=7.657e-07
[train] step=6583 loss=0.053423 lr=7.646e-07
[train] step=6584 loss=0.074507 lr=7.636e-07
[train] step=6585 loss=0.071645 lr=7.625e-07
[train] step=6586 loss=0.136159 lr=7.615e-07
[train] step=6587 loss=0.074860 lr=7.605e-07
[train] step=6588 loss=0.066324 lr=7.594e-07
[train] step=6589 loss=0.058495 lr=7.584e-07
[train] step=6590 loss=0.064521 lr=7.574e-07
[train] step=6591 loss=0.042206 lr=7.563e-07
[train] step=6592 loss=0.064958 lr=7.553e-07
[train] step=6593 loss=0.117940 lr=7.543e-07
[train] step=6594 loss=0.101149 lr=7.533e-07
[train] step=6595 loss=0.086708 lr=7.522e-07
[train] step=6596 loss=0.041919 lr=7.512e-07
[train] step=6597 loss=0.057660 lr=7.502e-07
[train] step=6598 loss=0.061539 lr=7.491e-07
[train] step=6599 loss=0.059439 lr=7.481e-07
[train] step=6600 loss=0.074238 lr=7.471e-07
[val] step=6600 val_loss=0.080186
INFO     [rank 0] Model weights for step 6600 saved in       dit_trainer.py:1288
         checkpoints/model_weights_step_06600.safetensors                       
INFO     [rank 0] Scalar embedding weights for step 6600     dit_trainer.py:1297
         saved                                                                  
INFO     [rank 0] Training state saved:                      dit_trainer.py:1416
         checkpoints/model_weights_step_06600.state.pt                          
INFO     [rank 0] New best checkpoint (step 6600,            dit_trainer.py:1320
         val_loss=0.080186):                                                    
         checkpoints/model_weights_best.safetensors                             
DEBUG    [rank 0] Removed old checkpoint:                    dit_trainer.py:1429
         /hppfs/scratch/0D/go76fuz2/windinet/outputs/shockwa                    
         ve_dit_sds_w0p01/checkpoints/model_weights_step_063                    
         60.safetensors                                                         
DEBUG    [rank 0] Removed old checkpoint:                    dit_trainer.py:1429
         /hppfs/scratch/0D/go76fuz2/windinet/outputs/shockwa                    
         ve_dit_sds_w0p01/checkpoints/scalar_embedding_step_                    
         06360.safetensors                                                      
DEBUG    [rank 0] Removed optimizer state for older kept     dit_trainer.py:1444
         checkpoint:                                                            
         /hppfs/scratch/0D/go76fuz2/windinet/outputs/shockwa                    
         ve_dit_sds_w0p01/checkpoints/model_weights_step_064                    
         80.state.pt                                                            
[epoch 55] step=6600 train_loss=0.073712 val_loss=0.080186
[train] step=6601 loss=0.160778 lr=7.461e-07
[train] step=6602 loss=0.076026 lr=7.450e-07
[train] step=6603 loss=0.087294 lr=7.440e-07
[train] step=6604 loss=0.068744 lr=7.430e-07
[train] step=6605 loss=0.033020 lr=7.420e-07
[train] step=6606 loss=0.039003 lr=7.409e-07
[train] step=6607 loss=0.047384 lr=7.399e-07
[train] step=6608 loss=0.096365 lr=7.389e-07
[train] step=6609 loss=0.070830 lr=7.379e-07
[train] step=6610 loss=0.071913 lr=7.369e-07
[train] step=6611 loss=0.078385 lr=7.358e-07
[train] step=6612 loss=0.108409 lr=7.348e-07
[train] step=6613 loss=0.219154 lr=7.338e-07
[train] step=6614 loss=0.087868 lr=7.328e-07
[train] step=6615 loss=0.093215 lr=7.318e-07
[train] step=6616 loss=0.091475 lr=7.308e-07
[train] step=6617 loss=0.054588 lr=7.297e-07
[train] step=6618 loss=0.086522 lr=7.287e-07
[train] step=6619 loss=0.098647 lr=7.277e-07
[train] step=6620 loss=0.075433 lr=7.267e-07
[train] step=6621 loss=0.093308 lr=7.257e-07
[train] step=6622 loss=0.060467 lr=7.247e-07
[train] step=6623 loss=0.084223 lr=7.237e-07
[train] step=6624 loss=0.072790 lr=7.227e-07
[train] step=6625 loss=0.059015 lr=7.217e-07
[train] step=6626 loss=0.073480 lr=7.206e-07
[train] step=6627 loss=0.055629 lr=7.196e-07
[train] step=6628 loss=0.100315 lr=7.186e-07
[train] step=6629 loss=0.101455 lr=7.176e-07
[train] step=6630 loss=0.063506 lr=7.166e-07
[train] step=6631 loss=0.047870 lr=7.156e-07
[train] step=6632 loss=0.077360 lr=7.146e-07
[train] step=6633 loss=0.071384 lr=7.136e-07
[train] step=6634 loss=0.087644 lr=7.126e-07
[train] step=6635 loss=0.049339 lr=7.116e-07
[train] step=6636 loss=0.094700 lr=7.106e-07
[train] step=6637 loss=0.069868 lr=7.096e-07
[train] step=6638 loss=0.088833 lr=7.086e-07
[train] step=6639 loss=0.103436 lr=7.076e-07
[train] step=6640 loss=0.139934 lr=7.066e-07
[train] step=6641 loss=0.083752 lr=7.056e-07
[train] step=6642 loss=0.180259 lr=7.046e-07
[train] step=6643 loss=0.076775 lr=7.036e-07
[train] step=6644 loss=0.073235 lr=7.026e-07
[train] step=6645 loss=0.037216 lr=7.016e-07
[train] step=6646 loss=0.102273 lr=7.006e-07
[train] step=6647 loss=0.060041 lr=6.996e-07
[train] step=6648 loss=0.069128 lr=6.986e-07
[train] step=6649 loss=0.085176 lr=6.976e-07
[train] step=6650 loss=0.105641 lr=6.966e-07
[train] step=6651 loss=0.069728 lr=6.956e-07
[train] step=6652 loss=0.069406 lr=6.947e-07
[train] step=6653 loss=0.081168 lr=6.937e-07
[train] step=6654 loss=0.085329 lr=6.927e-07
[train] step=6655 loss=0.037880 lr=6.917e-07
[train] step=6656 loss=0.063511 lr=6.907e-07
[train] step=6657 loss=0.085042 lr=6.897e-07
[train] step=6658 loss=0.080101 lr=6.887e-07
[train] step=6659 loss=0.094353 lr=6.877e-07
[train] step=6660 loss=0.066016 lr=6.867e-07
[train] step=6661 loss=0.068523 lr=6.858e-07
[train] step=6662 loss=0.101183 lr=6.848e-07
[train] step=6663 loss=0.049462 lr=6.838e-07
[train] step=6664 loss=0.036912 lr=6.828e-07
[train] step=6665 loss=0.071212 lr=6.818e-07
[train] step=6666 loss=0.050241 lr=6.808e-07
[train] step=6667 loss=0.079048 lr=6.799e-07
[train] step=6668 loss=0.065221 lr=6.789e-07
[train] step=6669 loss=0.098560 lr=6.779e-07
[train] step=6670 loss=0.091621 lr=6.769e-07
[train] step=6671 loss=0.059752 lr=6.759e-07
[train] step=6672 loss=0.057159 lr=6.750e-07
[train] step=6673 loss=0.165674 lr=6.740e-07
[train] step=6674 loss=0.096245 lr=6.730e-07
[train] step=6675 loss=0.060882 lr=6.720e-07
[train] step=6676 loss=0.050493 lr=6.711e-07
[train] step=6677 loss=0.050545 lr=6.701e-07
[train] step=6678 loss=0.071603 lr=6.691e-07
[train] step=6679 loss=0.099179 lr=6.681e-07
[train] step=6680 loss=0.051650 lr=6.672e-07
[train] step=6681 loss=0.061719 lr=6.662e-07
[train] step=6682 loss=0.079843 lr=6.652e-07
[train] step=6683 loss=0.091486 lr=6.642e-07
[train] step=6684 loss=0.086408 lr=6.633e-07
[train] step=6685 loss=0.119525 lr=6.623e-07
[train] step=6686 loss=0.070370 lr=6.613e-07
[train] step=6687 loss=0.068617 lr=6.604e-07
[train] step=6688 loss=0.165133 lr=6.594e-07
[train] step=6689 loss=0.066495 lr=6.584e-07
[train] step=6690 loss=0.075796 lr=6.575e-07
[train] step=6691 loss=0.093565 lr=6.565e-07
[train] step=6692 loss=0.080089 lr=6.555e-07
[train] step=6693 loss=0.072650 lr=6.546e-07
[train] step=6694 loss=0.067922 lr=6.536e-07
[train] step=6695 loss=0.113025 lr=6.526e-07
[train] step=6696 loss=0.069017 lr=6.517e-07
[train] step=6697 loss=0.050495 lr=6.507e-07
[train] step=6698 loss=0.069390 lr=6.498e-07
[train] step=6699 loss=0.073838 lr=6.488e-07
[train] step=6700 loss=0.076660 lr=6.478e-07
[train] step=6701 loss=0.050414 lr=6.469e-07
[train] step=6702 loss=0.071487 lr=6.459e-07
[train] step=6703 loss=0.075400 lr=6.450e-07
[train] step=6704 loss=0.088882 lr=6.440e-07
[train] step=6705 loss=0.059341 lr=6.431e-07
[train] step=6706 loss=0.072205 lr=6.421e-07
[train] step=6707 loss=0.088983 lr=6.411e-07
[train] step=6708 loss=0.077821 lr=6.402e-07
[train] step=6709 loss=0.031501 lr=6.392e-07
[train] step=6710 loss=0.124967 lr=6.383e-07
[train] step=6711 loss=0.152570 lr=6.373e-07
[train] step=6712 loss=0.058406 lr=6.364e-07
[train] step=6713 loss=0.059703 lr=6.354e-07
[train] step=6714 loss=0.058527 lr=6.345e-07
[train] step=6715 loss=0.062799 lr=6.335e-07
[train] step=6716 loss=0.094015 lr=6.326e-07
[train] step=6717 loss=0.072245 lr=6.316e-07
[train] step=6718 loss=0.052839 lr=6.307e-07
[train] step=6719 loss=0.122462 lr=6.297e-07
[train] step=6720 loss=0.075068 lr=6.288e-07
INFO     [rank 0] Model weights for step 6720 saved in       dit_trainer.py:1288
         checkpoints/model_weights_step_06720.safetensors                       
INFO     [rank 0] Scalar embedding weights for step 6720     dit_trainer.py:1297
         saved                                                                  
INFO     [rank 0] Training state saved:                      dit_trainer.py:1416
         checkpoints/model_weights_step_06720.state.pt                          
DEBUG    [rank 0] Removed old checkpoint:                    dit_trainer.py:1429
         /hppfs/scratch/0D/go76fuz2/windinet/outputs/shockwa                    
         ve_dit_sds_w0p01/checkpoints/model_weights_step_064                    
         80.safetensors                                                         
DEBUG    [rank 0] Removed old checkpoint:                    dit_trainer.py:1429
         /hppfs/scratch/0D/go76fuz2/windinet/outputs/shockwa                    
         ve_dit_sds_w0p01/checkpoints/scalar_embedding_step_                    
         06480.safetensors                                                      
DEBUG    [rank 0] Removed optimizer state for older kept     dit_trainer.py:1444
         checkpoint:                                                            
         /hppfs/scratch/0D/go76fuz2/windinet/outputs/shockwa                    
         ve_dit_sds_w0p01/checkpoints/model_weights_step_066                    
         00.state.pt                                                            
[epoch 56] step=6720 train_loss=0.080180
[train] step=6721 loss=0.031616 lr=6.278e-07
[train] step=6722 loss=0.065834 lr=6.269e-07
[train] step=6723 loss=0.172816 lr=6.260e-07
[train] step=6724 loss=0.078940 lr=6.250e-07
[train] step=6725 loss=0.046845 lr=6.241e-07
[train] step=6726 loss=0.135786 lr=6.231e-07
[train] step=6727 loss=0.068578 lr=6.222e-07
[train] step=6728 loss=0.064657 lr=6.212e-07
[train] step=6729 loss=0.093093 lr=6.203e-07
[train] step=6730 loss=0.087581 lr=6.194e-07
[train] step=6731 loss=0.070902 lr=6.184e-07
[train] step=6732 loss=0.075406 lr=6.175e-07
[train] step=6733 loss=0.119640 lr=6.166e-07
[train] step=6734 loss=0.152874 lr=6.156e-07
[train] step=6735 loss=0.075108 lr=6.147e-07
[train] step=6736 loss=0.065829 lr=6.137e-07
[train] step=6737 loss=0.056304 lr=6.128e-07
[train] step=6738 loss=0.058469 lr=6.119e-07
[train] step=6739 loss=0.058099 lr=6.109e-07
[train] step=6740 loss=0.065727 lr=6.100e-07
[train] step=6741 loss=0.051874 lr=6.091e-07
[train] step=6742 loss=0.124279 lr=6.082e-07
[train] step=6743 loss=0.044883 lr=6.072e-07
[train] step=6744 loss=0.065660 lr=6.063e-07
[train] step=6745 loss=0.060108 lr=6.054e-07
[train] step=6746 loss=0.069452 lr=6.044e-07
[train] step=6747 loss=0.071988 lr=6.035e-07
[train] step=6748 loss=0.095703 lr=6.026e-07
[train] step=6749 loss=0.032640 lr=6.017e-07
[train] step=6750 loss=0.090759 lr=6.007e-07
[train] step=6751 loss=0.077253 lr=5.998e-07
[train] step=6752 loss=0.063530 lr=5.989e-07
[train] step=6753 loss=0.060121 lr=5.980e-07
[train] step=6754 loss=0.084033 lr=5.970e-07
[train] step=6755 loss=0.049687 lr=5.961e-07
[train] step=6756 loss=0.083463 lr=5.952e-07
[train] step=6757 loss=0.072903 lr=5.943e-07
[train] step=6758 loss=0.060834 lr=5.933e-07
[train] step=6759 loss=0.068528 lr=5.924e-07
[train] step=6760 loss=0.092865 lr=5.915e-07
[train] step=6761 loss=0.073349 lr=5.906e-07
[train] step=6762 loss=0.068445 lr=5.897e-07
[train] step=6763 loss=0.068362 lr=5.888e-07
[train] step=6764 loss=0.216925 lr=5.878e-07
[train] step=6765 loss=0.067852 lr=5.869e-07
[train] step=6766 loss=0.056848 lr=5.860e-07
[train] step=6767 loss=0.067067 lr=5.851e-07
[train] step=6768 loss=0.086084 lr=5.842e-07
[train] step=6769 loss=0.066749 lr=5.833e-07
[train] step=6770 loss=0.094286 lr=5.824e-07
[train] step=6771 loss=0.050676 lr=5.814e-07
[train] step=6772 loss=0.065791 lr=5.805e-07
[train] step=6773 loss=0.072406 lr=5.796e-07
[train] step=6774 loss=0.065904 lr=5.787e-07
[train] step=6775 loss=0.048632 lr=5.778e-07
[train] step=6776 loss=0.057543 lr=5.769e-07
[train] step=6777 loss=0.087670 lr=5.760e-07
[train] step=6778 loss=0.065398 lr=5.751e-07
[train] step=6779 loss=0.088791 lr=5.742e-07
[train] step=6780 loss=0.052871 lr=5.733e-07
[train] step=6781 loss=0.050369 lr=5.724e-07
[train] step=6782 loss=0.047214 lr=5.715e-07
[train] step=6783 loss=0.099604 lr=5.706e-07
[train] step=6784 loss=0.086314 lr=5.697e-07
[train] step=6785 loss=0.117594 lr=5.688e-07
[train] step=6786 loss=0.041203 lr=5.679e-07
[train] step=6787 loss=0.080339 lr=5.670e-07
[train] step=6788 loss=0.091333 lr=5.661e-07
[train] step=6789 loss=0.069453 lr=5.652e-07
[train] step=6790 loss=0.056512 lr=5.643e-07
[train] step=6791 loss=0.063120 lr=5.634e-07
[train] step=6792 loss=0.079355 lr=5.625e-07
[train] step=6793 loss=0.157878 lr=5.616e-07
[train] step=6794 loss=0.034344 lr=5.607e-07
[train] step=6795 loss=0.060662 lr=5.598e-07
[train] step=6796 loss=0.068245 lr=5.589e-07
[train] step=6797 loss=0.066869 lr=5.580e-07
[train] step=6798 loss=0.069274 lr=5.571e-07
[train] step=6799 loss=0.060694 lr=5.562e-07
[train] step=6800 loss=0.071866 lr=5.553e-07
[train] step=6801 loss=0.076432 lr=5.544e-07
[train] step=6802 loss=0.139077 lr=5.535e-07
[train] step=6803 loss=0.039314 lr=5.526e-07
[train] step=6804 loss=0.049343 lr=5.518e-07
[train] step=6805 loss=0.095215 lr=5.509e-07
[train] step=6806 loss=0.102765 lr=5.500e-07
[train] step=6807 loss=0.071289 lr=5.491e-07
[train] step=6808 loss=0.066507 lr=5.482e-07
[train] step=6809 loss=0.143219 lr=5.473e-07
[train] step=6810 loss=0.091577 lr=5.464e-07
[train] step=6811 loss=0.050436 lr=5.456e-07
[train] step=6812 loss=0.087835 lr=5.447e-07
[train] step=6813 loss=0.124308 lr=5.438e-07
[train] step=6814 loss=0.110428 lr=5.429e-07
[train] step=6815 loss=0.061886 lr=5.420e-07
[train] step=6816 loss=0.061873 lr=5.411e-07
[train] step=6817 loss=0.040305 lr=5.403e-07
[train] step=6818 loss=0.068542 lr=5.394e-07
[train] step=6819 loss=0.039025 lr=5.385e-07
[train] step=6820 loss=0.074598 lr=5.376e-07
[train] step=6821 loss=0.048215 lr=5.367e-07
[train] step=6822 loss=0.071390 lr=5.359e-07
[train] step=6823 loss=0.056530 lr=5.350e-07
[train] step=6824 loss=0.055675 lr=5.341e-07
[train] step=6825 loss=0.060771 lr=5.332e-07
[train] step=6826 loss=0.058451 lr=5.324e-07
[train] step=6827 loss=0.103634 lr=5.315e-07
[train] step=6828 loss=0.061960 lr=5.306e-07
[train] step=6829 loss=0.043126 lr=5.298e-07
[train] step=6830 loss=0.110029 lr=5.289e-07
[train] step=6831 loss=0.089942 lr=5.280e-07
[train] step=6832 loss=0.057906 lr=5.271e-07
[train] step=6833 loss=0.061731 lr=5.263e-07
[train] step=6834 loss=0.059784 lr=5.254e-07
[train] step=6835 loss=0.057571 lr=5.245e-07
[train] step=6836 loss=0.042830 lr=5.237e-07
[train] step=6837 loss=0.064630 lr=5.228e-07
[train] step=6838 loss=0.045860 lr=5.219e-07
[train] step=6839 loss=0.081652 lr=5.211e-07
[train] step=6840 loss=0.064211 lr=5.202e-07
INFO     [rank 0] Model weights for step 6840 saved in       dit_trainer.py:1288
         checkpoints/model_weights_step_06840.safetensors                       
INFO     [rank 0] Scalar embedding weights for step 6840     dit_trainer.py:1297
         saved                                                                  
INFO     [rank 0] Training state saved:                      dit_trainer.py:1416
         checkpoints/model_weights_step_06840.state.pt                          
DEBUG    [rank 0] Removed old checkpoint:                    dit_trainer.py:1429
         /hppfs/scratch/0D/go76fuz2/windinet/outputs/shockwa                    
         ve_dit_sds_w0p01/checkpoints/model_weights_step_066                    
         00.safetensors                                                         
DEBUG    [rank 0] Removed old checkpoint:                    dit_trainer.py:1429
         /hppfs/scratch/0D/go76fuz2/windinet/outputs/shockwa                    
         ve_dit_sds_w0p01/checkpoints/scalar_embedding_step_                    
         06600.safetensors                                                      
DEBUG    [rank 0] Removed optimizer state for older kept     dit_trainer.py:1444
         checkpoint:                                                            
         /hppfs/scratch/0D/go76fuz2/windinet/outputs/shockwa                    
         ve_dit_sds_w0p01/checkpoints/model_weights_step_067                    
         20.state.pt                                                            
[epoch 57] step=6840 train_loss=0.074661
[train] step=6841 loss=0.081335 lr=5.194e-07
[train] step=6842 loss=0.056523 lr=5.185e-07
[train] step=6843 loss=0.146888 lr=5.176e-07
[train] step=6844 loss=0.083176 lr=5.168e-07
[train] step=6845 loss=0.073758 lr=5.159e-07
[train] step=6846 loss=0.122655 lr=5.150e-07
[train] step=6847 loss=0.073619 lr=5.142e-07
[train] step=6848 loss=0.075612 lr=5.133e-07
[train] step=6849 loss=0.075062 lr=5.125e-07
[train] step=6850 loss=0.072077 lr=5.116e-07
[train] step=6851 loss=0.065590 lr=5.108e-07
[train] step=6852 loss=0.076394 lr=5.099e-07
[train] step=6853 loss=0.045624 lr=5.090e-07
[train] step=6854 loss=0.054438 lr=5.082e-07
[train] step=6855 loss=0.082044 lr=5.073e-07
[train] step=6856 loss=0.054706 lr=5.065e-07
[train] step=6857 loss=0.069024 lr=5.056e-07
[train] step=6858 loss=0.054094 lr=5.048e-07
[train] step=6859 loss=0.069459 lr=5.039e-07
[train] step=6860 loss=0.081179 lr=5.031e-07
[train] step=6861 loss=0.075792 lr=5.022e-07
[train] step=6862 loss=0.063158 lr=5.014e-07
[train] step=6863 loss=0.096168 lr=5.005e-07
[train] step=6864 loss=0.089657 lr=4.997e-07
[train] step=6865 loss=0.086811 lr=4.988e-07
[train] step=6866 loss=0.082122 lr=4.980e-07
[train] step=6867 loss=0.039947 lr=4.971e-07
[train] step=6868 loss=0.068445 lr=4.963e-07
[train] step=6869 loss=0.239920 lr=4.955e-07
[train] step=6870 loss=0.044281 lr=4.946e-07
[train] step=6871 loss=0.062623 lr=4.938e-07
[train] step=6872 loss=0.112006 lr=4.929e-07
[train] step=6873 loss=0.099219 lr=4.921e-07
[train] step=6874 loss=0.059363 lr=4.913e-07
[train] step=6875 loss=0.038393 lr=4.904e-07
[train] step=6876 loss=0.105285 lr=4.896e-07
[train] step=6877 loss=0.057377 lr=4.887e-07
[train] step=6878 loss=0.040608 lr=4.879e-07
[train] step=6879 loss=0.061597 lr=4.871e-07
[train] step=6880 loss=0.088851 lr=4.862e-07
[train] step=6881 loss=0.068375 lr=4.854e-07
[train] step=6882 loss=0.061277 lr=4.846e-07
[train] step=6883 loss=0.048342 lr=4.837e-07
[train] step=6884 loss=0.138838 lr=4.829e-07
[train] step=6885 loss=0.108568 lr=4.821e-07
[train] step=6886 loss=0.060551 lr=4.812e-07
[train] step=6887 loss=0.069874 lr=4.804e-07
[train] step=6888 loss=0.069047 lr=4.796e-07
[train] step=6889 loss=0.069112 lr=4.787e-07
[train] step=6890 loss=0.059955 lr=4.779e-07
[train] step=6891 loss=0.057893 lr=4.771e-07
[train] step=6892 loss=0.091523 lr=4.762e-07
[train] step=6893 loss=0.121953 lr=4.754e-07
[train] step=6894 loss=0.073902 lr=4.746e-07
[train] step=6895 loss=0.052984 lr=4.738e-07
[train] step=6896 loss=0.047431 lr=4.729e-07
[train] step=6897 loss=0.042720 lr=4.721e-07
[train] step=6898 loss=0.077907 lr=4.713e-07
[train] step=6899 loss=0.081367 lr=4.705e-07
[train] step=6900 loss=0.078111 lr=4.696e-07
[train] step=6901 loss=0.048051 lr=4.688e-07
[train] step=6902 loss=0.061757 lr=4.680e-07
[train] step=6903 loss=0.078644 lr=4.672e-07
[train] step=6904 loss=0.041397 lr=4.664e-07
[train] step=6905 loss=0.073397 lr=4.655e-07
[train] step=6906 loss=0.076958 lr=4.647e-07
[train] step=6907 loss=0.035014 lr=4.639e-07
[train] step=6908 loss=0.065103 lr=4.631e-07
[train] step=6909 loss=0.049920 lr=4.623e-07
[train] step=6910 loss=0.075209 lr=4.615e-07
[train] step=6911 loss=0.055036 lr=4.606e-07
[train] step=6912 loss=0.067748 lr=4.598e-07
[train] step=6913 loss=0.087268 lr=4.590e-07
[train] step=6914 loss=0.046684 lr=4.582e-07
[train] step=6915 loss=0.040600 lr=4.574e-07
[train] step=6916 loss=0.075216 lr=4.566e-07
[train] step=6917 loss=0.084074 lr=4.558e-07
[train] step=6918 loss=0.052091 lr=4.550e-07
[train] step=6919 loss=0.074807 lr=4.542e-07
[train] step=6920 loss=0.078243 lr=4.533e-07
[train] step=6921 loss=0.059522 lr=4.525e-07
[train] step=6922 loss=0.059181 lr=4.517e-07
[train] step=6923 loss=0.072371 lr=4.509e-07
[train] step=6924 loss=0.051548 lr=4.501e-07
[train] step=6925 loss=0.069770 lr=4.493e-07
[train] step=6926 loss=0.088291 lr=4.485e-07
[train] step=6927 loss=0.146740 lr=4.477e-07
[train] step=6928 loss=0.059867 lr=4.469e-07
[train] step=6929 loss=0.037373 lr=4.461e-07
[train] step=6930 loss=0.059431 lr=4.453e-07
[train] step=6931 loss=0.108055 lr=4.445e-07
[train] step=6932 loss=0.077606 lr=4.437e-07
[train] step=6933 loss=0.080224 lr=4.429e-07
[train] step=6934 loss=0.056471 lr=4.421e-07
[train] step=6935 loss=0.061079 lr=4.413e-07
[train] step=6936 loss=0.053777 lr=4.405e-07
[train] step=6937 loss=0.089821 lr=4.397e-07
[train] step=6938 loss=0.045967 lr=4.389e-07
[train] step=6939 loss=0.050809 lr=4.381e-07
[train] step=6940 loss=0.060377 lr=4.373e-07
[train] step=6941 loss=0.240592 lr=4.365e-07
[train] step=6942 loss=0.037311 lr=4.357e-07
[train] step=6943 loss=0.401368 lr=4.350e-07
[train] step=6944 loss=0.101641 lr=4.342e-07
[train] step=6945 loss=0.079637 lr=4.334e-07
[train] step=6946 loss=0.066885 lr=4.326e-07
[train] step=6947 loss=0.044710 lr=4.318e-07
[train] step=6948 loss=0.086699 lr=4.310e-07
[train] step=6949 loss=0.059698 lr=4.302e-07
[train] step=6950 loss=0.051902 lr=4.294e-07
[train] step=6951 loss=0.070101 lr=4.286e-07
[train] step=6952 loss=0.058791 lr=4.279e-07
[train] step=6953 loss=0.070621 lr=4.271e-07
[train] step=6954 loss=0.084484 lr=4.263e-07
[train] step=6955 loss=0.102440 lr=4.255e-07
[train] step=6956 loss=0.055750 lr=4.247e-07
[train] step=6957 loss=0.059793 lr=4.239e-07
[train] step=6958 loss=0.082347 lr=4.232e-07
[train] step=6959 loss=0.058632 lr=4.224e-07
[train] step=6960 loss=0.110299 lr=4.216e-07
INFO     [rank 0] Model weights for step 6960 saved in       dit_trainer.py:1288
         checkpoints/model_weights_step_06960.safetensors                       
INFO     [rank 0] Scalar embedding weights for step 6960     dit_trainer.py:1297
         saved                                                                  
INFO     [rank 0] Training state saved:                      dit_trainer.py:1416
         checkpoints/model_weights_step_06960.state.pt                          
DEBUG    [rank 0] Removed old checkpoint:                    dit_trainer.py:1429
         /hppfs/scratch/0D/go76fuz2/windinet/outputs/shockwa                    
         ve_dit_sds_w0p01/checkpoints/model_weights_step_067                    
         20.safetensors                                                         
DEBUG    [rank 0] Removed old checkpoint:                    dit_trainer.py:1429
         /hppfs/scratch/0D/go76fuz2/windinet/outputs/shockwa                    
         ve_dit_sds_w0p01/checkpoints/scalar_embedding_step_                    
         06720.safetensors                                                      
DEBUG    [rank 0] Removed optimizer state for older kept     dit_trainer.py:1444
         checkpoint:                                                            
         /hppfs/scratch/0D/go76fuz2/windinet/outputs/shockwa                    
         ve_dit_sds_w0p01/checkpoints/model_weights_step_068                    
         40.state.pt                                                            
[epoch 58] step=6960 train_loss=0.076148
[train] step=6961 loss=0.063167 lr=4.208e-07
[train] step=6962 loss=0.089750 lr=4.200e-07
[train] step=6963 loss=0.074239 lr=4.193e-07
[train] step=6964 loss=0.158375 lr=4.185e-07
[train] step=6965 loss=0.092873 lr=4.177e-07
[train] step=6966 loss=0.113616 lr=4.169e-07
[train] step=6967 loss=0.053724 lr=4.162e-07
[train] step=6968 loss=0.129208 lr=4.154e-07
[train] step=6969 loss=0.059621 lr=4.146e-07
[train] step=6970 loss=0.047138 lr=4.138e-07
[train] step=6971 loss=0.089640 lr=4.131e-07
[train] step=6972 loss=0.042398 lr=4.123e-07
[train] step=6973 loss=0.075039 lr=4.115e-07
[train] step=6974 loss=0.045918 lr=4.107e-07
[train] step=6975 loss=0.071931 lr=4.100e-07
[train] step=6976 loss=0.055945 lr=4.092e-07
[train] step=6977 loss=0.075558 lr=4.084e-07
[train] step=6978 loss=0.075733 lr=4.077e-07
[train] step=6979 loss=0.063264 lr=4.069e-07
[train] step=6980 loss=0.081376 lr=4.061e-07
[train] step=6981 loss=0.039011 lr=4.054e-07
[train] step=6982 loss=0.097293 lr=4.046e-07
[train] step=6983 loss=0.102839 lr=4.038e-07
[train] step=6984 loss=0.055209 lr=4.031e-07
[train] step=6985 loss=0.158500 lr=4.023e-07
[train] step=6986 loss=0.040652 lr=4.016e-07
[train] step=6987 loss=0.022571 lr=4.008e-07
[train] step=6988 loss=0.075595 lr=4.000e-07
[train] step=6989 loss=0.070642 lr=3.993e-07
[train] step=6990 loss=0.074883 lr=3.985e-07
[train] step=6991 loss=0.052522 lr=3.978e-07
[train] step=6992 loss=0.065622 lr=3.970e-07
[train] step=6993 loss=0.075307 lr=3.962e-07
[train] step=6994 loss=0.091016 lr=3.955e-07
[train] step=6995 loss=0.085156 lr=3.947e-07
[train] step=6996 loss=0.067232 lr=3.940e-07
[train] step=6997 loss=0.058606 lr=3.932e-07
[train] step=6998 loss=0.109964 lr=3.925e-07
[train] step=6999 loss=0.085482 lr=3.917e-07
[train] step=7000 loss=0.052891 lr=3.910e-07
[train] step=7001 loss=0.039321 lr=3.902e-07
[train] step=7002 loss=0.074206 lr=3.895e-07
[train] step=7003 loss=0.071141 lr=3.887e-07
[train] step=7004 loss=0.065954 lr=3.880e-07
[train] step=7005 loss=0.055624 lr=3.872e-07
[train] step=7006 loss=0.082960 lr=3.865e-07
[train] step=7007 loss=0.081049 lr=3.857e-07
[train] step=7008 loss=0.077589 lr=3.850e-07
[train] step=7009 loss=0.071230 lr=3.842e-07
[train] step=7010 loss=0.078830 lr=3.835e-07
[train] step=7011 loss=0.099982 lr=3.828e-07
[train] step=7012 loss=0.067420 lr=3.820e-07
[train] step=7013 loss=0.116266 lr=3.813e-07
[train] step=7014 loss=0.048814 lr=3.805e-07
[train] step=7015 loss=0.051776 lr=3.798e-07
[train] step=7016 loss=0.069380 lr=3.790e-07
[train] step=7017 loss=0.072662 lr=3.783e-07
[train] step=7018 loss=0.097915 lr=3.776e-07
[train] step=7019 loss=0.100577 lr=3.768e-07
[train] step=7020 loss=0.056385 lr=3.761e-07
[train] step=7021 loss=0.174854 lr=3.754e-07
[train] step=7022 loss=0.070955 lr=3.746e-07
[train] step=7023 loss=0.071519 lr=3.739e-07
[train] step=7024 loss=0.077944 lr=3.731e-07
[train] step=7025 loss=0.065682 lr=3.724e-07
[train] step=7026 loss=0.054994 lr=3.717e-07
[train] step=7027 loss=0.053015 lr=3.709e-07
[train] step=7028 loss=0.052591 lr=3.702e-07
[train] step=7029 loss=0.071817 lr=3.695e-07
[train] step=7030 loss=0.087724 lr=3.688e-07
[train] step=7031 loss=0.116962 lr=3.680e-07
[train] step=7032 loss=0.105542 lr=3.673e-07
[train] step=7033 loss=0.066201 lr=3.666e-07
[train] step=7034 loss=0.082937 lr=3.658e-07
[train] step=7035 loss=0.123752 lr=3.651e-07
[train] step=7036 loss=0.081986 lr=3.644e-07
[train] step=7037 loss=0.062138 lr=3.637e-07
[train] step=7038 loss=0.035604 lr=3.629e-07
[train] step=7039 loss=0.091592 lr=3.622e-07
[train] step=7040 loss=0.048157 lr=3.615e-07
[train] step=7041 loss=0.075799 lr=3.608e-07
[train] step=7042 loss=0.047517 lr=3.600e-07
[train] step=7043 loss=0.104787 lr=3.593e-07
[train] step=7044 loss=0.056091 lr=3.586e-07
[train] step=7045 loss=0.081770 lr=3.579e-07
[train] step=7046 loss=0.039175 lr=3.572e-07
[train] step=7047 loss=0.051142 lr=3.564e-07
[train] step=7048 loss=0.087012 lr=3.557e-07
[train] step=7049 loss=0.171837 lr=3.550e-07
[train] step=7050 loss=0.082213 lr=3.543e-07
[train] step=7051 loss=0.083815 lr=3.536e-07
[train] step=7052 loss=0.085107 lr=3.529e-07
[train] step=7053 loss=0.079091 lr=3.522e-07
[train] step=7054 loss=0.092978 lr=3.514e-07
[train] step=7055 loss=0.068687 lr=3.507e-07
[train] step=7056 loss=0.075649 lr=3.500e-07
[train] step=7057 loss=0.056022 lr=3.493e-07
[train] step=7058 loss=0.071669 lr=3.486e-07
[train] step=7059 loss=0.061306 lr=3.479e-07
[train] step=7060 loss=0.052631 lr=3.472e-07
[train] step=7061 loss=0.052017 lr=3.465e-07
[train] step=7062 loss=0.062789 lr=3.458e-07
[train] step=7063 loss=0.047015 lr=3.451e-07
[train] step=7064 loss=0.063832 lr=3.443e-07
[train] step=7065 loss=0.091786 lr=3.436e-07
[train] step=7066 loss=0.062539 lr=3.429e-07
[train] step=7067 loss=0.076548 lr=3.422e-07
[train] step=7068 loss=0.090048 lr=3.415e-07
[train] step=7069 loss=0.054724 lr=3.408e-07
[train] step=7070 loss=0.091723 lr=3.401e-07
[train] step=7071 loss=0.088152 lr=3.394e-07
[train] step=7072 loss=0.079558 lr=3.387e-07
[train] step=7073 loss=0.058621 lr=3.380e-07
[train] step=7074 loss=0.048616 lr=3.373e-07
[train] step=7075 loss=0.082190 lr=3.366e-07
[train] step=7076 loss=0.056132 lr=3.359e-07
[train] step=7077 loss=0.086599 lr=3.352e-07
[train] step=7078 loss=0.045707 lr=3.345e-07
[train] step=7079 loss=0.088019 lr=3.338e-07
[train] step=7080 loss=0.068950 lr=3.332e-07
INFO     [rank 0] Model weights for step 7080 saved in       dit_trainer.py:1288
         checkpoints/model_weights_step_07080.safetensors                       
INFO     [rank 0] Scalar embedding weights for step 7080     dit_trainer.py:1297
         saved                                                                  
INFO     [rank 0] Training state saved:                      dit_trainer.py:1416
         checkpoints/model_weights_step_07080.state.pt                          
DEBUG    [rank 0] Removed old checkpoint:                    dit_trainer.py:1429
         /hppfs/scratch/0D/go76fuz2/windinet/outputs/shockwa                    
         ve_dit_sds_w0p01/checkpoints/model_weights_step_068                    
         40.safetensors                                                         
DEBUG    [rank 0] Removed old checkpoint:                    dit_trainer.py:1429
         /hppfs/scratch/0D/go76fuz2/windinet/outputs/shockwa                    
         ve_dit_sds_w0p01/checkpoints/scalar_embedding_step_                    
         06840.safetensors                                                      
DEBUG    [rank 0] Removed optimizer state for older kept     dit_trainer.py:1444
         checkpoint:                                                            
         /hppfs/scratch/0D/go76fuz2/windinet/outputs/shockwa                    
         ve_dit_sds_w0p01/checkpoints/model_weights_step_069                    
         60.state.pt                                                            
[epoch 59] step=7080 train_loss=0.075631
[train] step=7081 loss=0.049209 lr=3.325e-07
[train] step=7082 loss=0.080433 lr=3.318e-07
[train] step=7083 loss=0.066527 lr=3.311e-07
[train] step=7084 loss=0.095540 lr=3.304e-07
[train] step=7085 loss=0.046601 lr=3.297e-07
[train] step=7086 loss=0.136325 lr=3.290e-07
[train] step=7087 loss=0.072319 lr=3.283e-07
[train] step=7088 loss=0.043950 lr=3.276e-07
[train] step=7089 loss=0.079251 lr=3.269e-07
[train] step=7090 loss=0.116302 lr=3.262e-07
[train] step=7091 loss=0.038003 lr=3.256e-07
[train] step=7092 loss=0.093065 lr=3.249e-07
[train] step=7093 loss=0.071041 lr=3.242e-07
[train] step=7094 loss=0.070637 lr=3.235e-07
[train] step=7095 loss=0.050690 lr=3.228e-07
[train] step=7096 loss=0.100705 lr=3.221e-07
[train] step=7097 loss=0.078794 lr=3.215e-07
[train] step=7098 loss=0.127239 lr=3.208e-07
[train] step=7099 loss=0.062156 lr=3.201e-07
[train] step=7100 loss=0.070864 lr=3.194e-07
[train] step=7101 loss=0.079316 lr=3.187e-07
[train] step=7102 loss=0.048046 lr=3.181e-07
[train] step=7103 loss=0.101644 lr=3.174e-07
[train] step=7104 loss=0.123873 lr=3.167e-07
[train] step=7105 loss=0.056789 lr=3.160e-07
[train] step=7106 loss=0.085571 lr=3.153e-07
[train] step=7107 loss=0.317869 lr=3.147e-07
[train] step=7108 loss=0.071223 lr=3.140e-07
[train] step=7109 loss=0.057448 lr=3.133e-07
[train] step=7110 loss=0.056205 lr=3.127e-07
[train] step=7111 loss=0.084391 lr=3.120e-07
[train] step=7112 loss=0.074866 lr=3.113e-07
[train] step=7113 loss=0.075924 lr=3.106e-07
[train] step=7114 loss=0.109070 lr=3.100e-07
[train] step=7115 loss=0.054082 lr=3.093e-07
[train] step=7116 loss=0.055722 lr=3.086e-07
[train] step=7117 loss=0.068195 lr=3.080e-07
[train] step=7118 loss=0.115303 lr=3.073e-07
[train] step=7119 loss=0.070572 lr=3.066e-07
[train] step=7120 loss=0.071378 lr=3.060e-07
[train] step=7121 loss=0.069629 lr=3.053e-07
[train] step=7122 loss=0.069861 lr=3.046e-07
[train] step=7123 loss=0.130680 lr=3.040e-07
[train] step=7124 loss=0.076239 lr=3.033e-07
[train] step=7125 loss=0.048879 lr=3.026e-07
[train] step=7126 loss=0.072348 lr=3.020e-07
[train] step=7127 loss=0.071973 lr=3.013e-07
[train] step=7128 loss=0.064573 lr=3.007e-07
[train] step=7129 loss=0.064146 lr=3.000e-07
[train] step=7130 loss=0.052651 lr=2.993e-07
[train] step=7131 loss=0.042271 lr=2.987e-07
[train] step=7132 loss=0.063426 lr=2.980e-07
[train] step=7133 loss=0.080627 lr=2.974e-07
[train] step=7134 loss=0.075425 lr=2.967e-07
[train] step=7135 loss=0.052824 lr=2.961e-07
[train] step=7136 loss=0.078083 lr=2.954e-07
[train] step=7137 loss=0.181633 lr=2.948e-07
[train] step=7138 loss=0.061449 lr=2.941e-07
[train] step=7139 loss=0.069631 lr=2.935e-07
[train] step=7140 loss=0.087010 lr=2.928e-07
[train] step=7141 loss=0.052846 lr=2.922e-07
[train] step=7142 loss=0.074699 lr=2.915e-07
[train] step=7143 loss=0.064570 lr=2.909e-07
[train] step=7144 loss=0.077596 lr=2.902e-07
[train] step=7145 loss=0.064587 lr=2.896e-07
[train] step=7146 loss=0.056126 lr=2.889e-07
[train] step=7147 loss=0.063414 lr=2.883e-07
[train] step=7148 loss=0.277480 lr=2.876e-07
[train] step=7149 loss=0.053520 lr=2.870e-07
[train] step=7150 loss=0.095942 lr=2.863e-07
[train] step=7151 loss=0.136365 lr=2.857e-07
[train] step=7152 loss=0.104907 lr=2.851e-07
[train] step=7153 loss=0.089887 lr=2.844e-07
[train] step=7154 loss=0.062759 lr=2.838e-07
[train] step=7155 loss=0.076333 lr=2.831e-07
[train] step=7156 loss=0.061158 lr=2.825e-07
[train] step=7157 loss=0.048771 lr=2.819e-07
[train] step=7158 loss=0.073067 lr=2.812e-07
[train] step=7159 loss=0.068350 lr=2.806e-07
[train] step=7160 loss=0.070035 lr=2.799e-07
[train] step=7161 loss=0.039264 lr=2.793e-07
[train] step=7162 loss=0.055595 lr=2.787e-07
[train] step=7163 loss=0.089054 lr=2.780e-07
[train] step=7164 loss=0.058425 lr=2.774e-07
[train] step=7165 loss=0.043507 lr=2.768e-07
[train] step=7166 loss=0.072919 lr=2.761e-07
[train] step=7167 loss=0.082976 lr=2.755e-07
[train] step=7168 loss=0.060230 lr=2.749e-07
[train] step=7169 loss=0.065296 lr=2.742e-07
[train] step=7170 loss=0.072048 lr=2.736e-07
[train] step=7171 loss=0.055538 lr=2.730e-07
[train] step=7172 loss=0.092455 lr=2.724e-07
[train] step=7173 loss=0.081026 lr=2.717e-07
[train] step=7174 loss=0.052764 lr=2.711e-07
[train] step=7175 loss=0.073510 lr=2.705e-07
[train] step=7176 loss=0.087192 lr=2.699e-07
[train] step=7177 loss=0.090476 lr=2.692e-07
[train] step=7178 loss=0.054313 lr=2.686e-07
[train] step=7179 loss=0.070418 lr=2.680e-07
[train] step=7180 loss=0.119974 lr=2.674e-07
[train] step=7181 loss=0.039759 lr=2.667e-07
[train] step=7182 loss=0.038692 lr=2.661e-07
[train] step=7183 loss=0.062607 lr=2.655e-07
[train] step=7184 loss=0.051547 lr=2.649e-07
[train] step=7185 loss=0.058833 lr=2.643e-07
[train] step=7186 loss=0.079875 lr=2.636e-07
[train] step=7187 loss=0.117584 lr=2.630e-07
[train] step=7188 loss=0.105533 lr=2.624e-07
[train] step=7189 loss=0.045381 lr=2.618e-07
[train] step=7190 loss=0.042508 lr=2.612e-07
[train] step=7191 loss=0.084660 lr=2.606e-07
[train] step=7192 loss=0.040671 lr=2.600e-07
[train] step=7193 loss=0.057551 lr=2.593e-07
[train] step=7194 loss=0.083316 lr=2.587e-07
[train] step=7195 loss=0.044416 lr=2.581e-07
[train] step=7196 loss=0.059447 lr=2.575e-07
[train] step=7197 loss=0.054572 lr=2.569e-07
[train] step=7198 loss=0.076051 lr=2.563e-07
[train] step=7199 loss=0.086807 lr=2.557e-07
[train] step=7200 loss=0.050070 lr=2.551e-07
[val] step=7200 val_loss=0.079868
INFO     [rank 0] Model weights for step 7200 saved in       dit_trainer.py:1288
         checkpoints/model_weights_step_07200.safetensors                       
INFO     [rank 0] Scalar embedding weights for step 7200     dit_trainer.py:1297
         saved                                                                  
INFO     [rank 0] Training state saved:                      dit_trainer.py:1416
         checkpoints/model_weights_step_07200.state.pt                          
INFO     [rank 0] New best checkpoint (step 7200,            dit_trainer.py:1320
         val_loss=0.079868):                                                    
         checkpoints/model_weights_best.safetensors                             
DEBUG    [rank 0] Removed old checkpoint:                    dit_trainer.py:1429
         /hppfs/scratch/0D/go76fuz2/windinet/outputs/shockwa                    
         ve_dit_sds_w0p01/checkpoints/model_weights_step_069                    
         60.safetensors                                                         
DEBUG    [rank 0] Removed old checkpoint:                    dit_trainer.py:1429
         /hppfs/scratch/0D/go76fuz2/windinet/outputs/shockwa                    
         ve_dit_sds_w0p01/checkpoints/scalar_embedding_step_                    
         06960.safetensors                                                      
DEBUG    [rank 0] Removed optimizer state for older kept     dit_trainer.py:1444
         checkpoint:                                                            
         /hppfs/scratch/0D/go76fuz2/windinet/outputs/shockwa                    
         ve_dit_sds_w0p01/checkpoints/model_weights_step_070                    
         80.state.pt                                                            
[epoch 60] step=7200 train_loss=0.076905 val_loss=0.079868
[train] step=7201 loss=0.042059 lr=2.545e-07
[train] step=7202 loss=0.064049 lr=2.539e-07
[train] step=7203 loss=0.058743 lr=2.533e-07
[train] step=7204 loss=0.063770 lr=2.527e-07
[train] step=7205 loss=0.088581 lr=2.521e-07
[train] step=7206 loss=0.079139 lr=2.515e-07
[train] step=7207 loss=0.074760 lr=2.508e-07
[train] step=7208 loss=0.084649 lr=2.502e-07
[train] step=7209 loss=0.053938 lr=2.496e-07
[train] step=7210 loss=0.060924 lr=2.490e-07
[train] step=7211 loss=0.068977 lr=2.484e-07
[train] step=7212 loss=0.087792 lr=2.478e-07
[train] step=7213 loss=0.068481 lr=2.473e-07
[train] step=7214 loss=0.058151 lr=2.467e-07
[train] step=7215 loss=0.074191 lr=2.461e-07
[train] step=7216 loss=0.074824 lr=2.455e-07
[train] step=7217 loss=0.113669 lr=2.449e-07
[train] step=7218 loss=0.107585 lr=2.443e-07
[train] step=7219 loss=0.080965 lr=2.437e-07
[train] step=7220 loss=0.142118 lr=2.431e-07
[train] step=7221 loss=0.078603 lr=2.425e-07
[train] step=7222 loss=0.059430 lr=2.419e-07
[train] step=7223 loss=0.068825 lr=2.413e-07
[train] step=7224 loss=0.055551 lr=2.407e-07
[train] step=7225 loss=0.055907 lr=2.401e-07
[train] step=7226 loss=0.061210 lr=2.395e-07
[train] step=7227 loss=0.070631 lr=2.390e-07
[train] step=7228 loss=0.107280 lr=2.384e-07
[train] step=7229 loss=0.166210 lr=2.378e-07
[train] step=7230 loss=0.073172 lr=2.372e-07
[train] step=7231 loss=0.071360 lr=2.366e-07
[train] step=7232 loss=0.153440 lr=2.360e-07
[train] step=7233 loss=0.086833 lr=2.355e-07
[train] step=7234 loss=0.064571 lr=2.349e-07
[train] step=7235 loss=0.087206 lr=2.343e-07
[train] step=7236 loss=0.075649 lr=2.337e-07
[train] step=7237 loss=0.082150 lr=2.331e-07
[train] step=7238 loss=0.068436 lr=2.325e-07
[train] step=7239 loss=0.026549 lr=2.320e-07
[train] step=7240 loss=0.089872 lr=2.314e-07
[train] step=7241 loss=0.063960 lr=2.308e-07
[train] step=7242 loss=0.120902 lr=2.302e-07
[train] step=7243 loss=0.069716 lr=2.297e-07
[train] step=7244 loss=0.058219 lr=2.291e-07
[train] step=7245 loss=0.064657 lr=2.285e-07
[train] step=7246 loss=0.092348 lr=2.279e-07
[train] step=7247 loss=0.141968 lr=2.274e-07
[train] step=7248 loss=0.074600 lr=2.268e-07
[train] step=7249 loss=0.093289 lr=2.262e-07
[train] step=7250 loss=0.067574 lr=2.257e-07
[train] step=7251 loss=0.112041 lr=2.251e-07
[train] step=7252 loss=0.119236 lr=2.245e-07
[train] step=7253 loss=0.180976 lr=2.239e-07
[train] step=7254 loss=0.306000 lr=2.234e-07
[train] step=7255 loss=0.078928 lr=2.228e-07
[train] step=7256 loss=0.074043 lr=2.222e-07
[train] step=7257 loss=0.059218 lr=2.217e-07
[train] step=7258 loss=0.053004 lr=2.211e-07
[train] step=7259 loss=0.083420 lr=2.206e-07
[train] step=7260 loss=0.049540 lr=2.200e-07
[train] step=7261 loss=0.083320 lr=2.194e-07
[train] step=7262 loss=0.054841 lr=2.189e-07
[train] step=7263 loss=0.074710 lr=2.183e-07
[train] step=7264 loss=0.088184 lr=2.177e-07
[train] step=7265 loss=0.056426 lr=2.172e-07
[train] step=7266 loss=0.078528 lr=2.166e-07
[train] step=7267 loss=0.101668 lr=2.161e-07
[train] step=7268 loss=0.075166 lr=2.155e-07
[train] step=7269 loss=0.036708 lr=2.150e-07
[train] step=7270 loss=0.072733 lr=2.144e-07
[train] step=7271 loss=0.066591 lr=2.138e-07
[train] step=7272 loss=0.119000 lr=2.133e-07
[train] step=7273 loss=0.106542 lr=2.127e-07
[train] step=7274 loss=0.077841 lr=2.122e-07
[train] step=7275 loss=0.083894 lr=2.116e-07
[train] step=7276 loss=0.069924 lr=2.111e-07
[train] step=7277 loss=0.064712 lr=2.105e-07
[train] step=7278 loss=0.073311 lr=2.100e-07
[train] step=7279 loss=0.108713 lr=2.094e-07
[train] step=7280 loss=0.039793 lr=2.089e-07
[train] step=7281 loss=0.076788 lr=2.083e-07
[train] step=7282 loss=0.079640 lr=2.078e-07
[train] step=7283 loss=0.108141 lr=2.072e-07
[train] step=7284 loss=0.068776 lr=2.067e-07
[train] step=7285 loss=0.037019 lr=2.061e-07
[train] step=7286 loss=0.084559 lr=2.056e-07
[train] step=7287 loss=0.085094 lr=2.051e-07
[train] step=7288 loss=0.065818 lr=2.045e-07
[train] step=7289 loss=0.045975 lr=2.040e-07
[train] step=7290 loss=0.119706 lr=2.034e-07
[train] step=7291 loss=0.050972 lr=2.029e-07
[train] step=7292 loss=0.082895 lr=2.024e-07
[train] step=7293 loss=0.069769 lr=2.018e-07
[train] step=7294 loss=0.114872 lr=2.013e-07
[train] step=7295 loss=0.052641 lr=2.007e-07
[train] step=7296 loss=0.095039 lr=2.002e-07
[train] step=7297 loss=0.089283 lr=1.997e-07
[train] step=7298 loss=0.059897 lr=1.991e-07
[train] step=7299 loss=0.111856 lr=1.986e-07
[train] step=7300 loss=0.060274 lr=1.981e-07
[train] step=7301 loss=0.046685 lr=1.975e-07
[train] step=7302 loss=0.077816 lr=1.970e-07
[train] step=7303 loss=0.193729 lr=1.965e-07
[train] step=7304 loss=0.052804 lr=1.959e-07
[train] step=7305 loss=0.074842 lr=1.954e-07
[train] step=7306 loss=0.039221 lr=1.949e-07
[train] step=7307 loss=0.069701 lr=1.944e-07
[train] step=7308 loss=0.044786 lr=1.938e-07
[train] step=7309 loss=0.051870 lr=1.933e-07
[train] step=7310 loss=0.042832 lr=1.928e-07
[train] step=7311 loss=0.108726 lr=1.922e-07
[train] step=7312 loss=0.058803 lr=1.917e-07
[train] step=7313 loss=0.081347 lr=1.912e-07
[train] step=7314 loss=0.104376 lr=1.907e-07
[train] step=7315 loss=0.056428 lr=1.902e-07
[train] step=7316 loss=0.059009 lr=1.896e-07
[train] step=7317 loss=0.085082 lr=1.891e-07
[train] step=7318 loss=0.066542 lr=1.886e-07
[train] step=7319 loss=0.125144 lr=1.881e-07
[train] step=7320 loss=0.053148 lr=1.876e-07
INFO     [rank 0] Model weights for step 7320 saved in       dit_trainer.py:1288
         checkpoints/model_weights_step_07320.safetensors                       
INFO     [rank 0] Scalar embedding weights for step 7320     dit_trainer.py:1297
         saved                                                                  
INFO     [rank 0] Training state saved:                      dit_trainer.py:1416
         checkpoints/model_weights_step_07320.state.pt                          
DEBUG    [rank 0] Removed old checkpoint:                    dit_trainer.py:1429
         /hppfs/scratch/0D/go76fuz2/windinet/outputs/shockwa                    
         ve_dit_sds_w0p01/checkpoints/model_weights_step_070                    
         80.safetensors                                                         
DEBUG    [rank 0] Removed old checkpoint:                    dit_trainer.py:1429
         /hppfs/scratch/0D/go76fuz2/windinet/outputs/shockwa                    
         ve_dit_sds_w0p01/checkpoints/scalar_embedding_step_                    
         07080.safetensors                                                      
DEBUG    [rank 0] Removed optimizer state for older kept     dit_trainer.py:1444
         checkpoint:                                                            
         /hppfs/scratch/0D/go76fuz2/windinet/outputs/shockwa                    
         ve_dit_sds_w0p01/checkpoints/model_weights_step_072                    
         00.state.pt                                                            
[epoch 61] step=7320 train_loss=0.080794
[train] step=7321 loss=0.046514 lr=1.870e-07
[train] step=7322 loss=0.094032 lr=1.865e-07
[train] step=7323 loss=0.063905 lr=1.860e-07
[train] step=7324 loss=0.073734 lr=1.855e-07
[train] step=7325 loss=0.064325 lr=1.850e-07
[train] step=7326 loss=0.102330 lr=1.845e-07
[train] step=7327 loss=0.065189 lr=1.839e-07
[train] step=7328 loss=0.049972 lr=1.834e-07
[train] step=7329 loss=0.106670 lr=1.829e-07
[train] step=7330 loss=0.053158 lr=1.824e-07
[train] step=7331 loss=0.127271 lr=1.819e-07
[train] step=7332 loss=0.075226 lr=1.814e-07
[train] step=7333 loss=0.131031 lr=1.809e-07
[train] step=7334 loss=0.086571 lr=1.804e-07
[train] step=7335 loss=0.095854 lr=1.799e-07
[train] step=7336 loss=0.065609 lr=1.794e-07
[train] step=7337 loss=0.091555 lr=1.788e-07
[train] step=7338 loss=0.063987 lr=1.783e-07
[train] step=7339 loss=0.077473 lr=1.778e-07
[train] step=7340 loss=0.084283 lr=1.773e-07
[train] step=7341 loss=0.061835 lr=1.768e-07
[train] step=7342 loss=0.103691 lr=1.763e-07
[train] step=7343 loss=0.069414 lr=1.758e-07
[train] step=7344 loss=0.087034 lr=1.753e-07
[train] step=7345 loss=0.064535 lr=1.748e-07
[train] step=7346 loss=0.049788 lr=1.743e-07
[train] step=7347 loss=0.068858 lr=1.738e-07
[train] step=7348 loss=0.107966 lr=1.733e-07
[train] step=7349 loss=0.111669 lr=1.728e-07
[train] step=7350 loss=0.053372 lr=1.723e-07
[train] step=7351 loss=0.022337 lr=1.718e-07
[train] step=7352 loss=0.079972 lr=1.713e-07
[train] step=7353 loss=0.076773 lr=1.709e-07
[train] step=7354 loss=0.084285 lr=1.704e-07
[train] step=7355 loss=0.049599 lr=1.699e-07
[train] step=7356 loss=0.057721 lr=1.694e-07
[train] step=7357 loss=0.100728 lr=1.689e-07
[train] step=7358 loss=0.072306 lr=1.684e-07
[train] step=7359 loss=0.100264 lr=1.679e-07
[train] step=7360 loss=0.078682 lr=1.674e-07
[train] step=7361 loss=0.090595 lr=1.669e-07
[train] step=7362 loss=0.071964 lr=1.664e-07
[train] step=7363 loss=0.070632 lr=1.660e-07
[train] step=7364 loss=0.085213 lr=1.655e-07
[train] step=7365 loss=0.110316 lr=1.650e-07
[train] step=7366 loss=0.078420 lr=1.645e-07
[train] step=7367 loss=0.084686 lr=1.640e-07
[train] step=7368 loss=0.049867 lr=1.635e-07
[train] step=7369 loss=0.063941 lr=1.630e-07
[train] step=7370 loss=0.077808 lr=1.626e-07
[train] step=7371 loss=0.044915 lr=1.621e-07
[train] step=7372 loss=0.068347 lr=1.616e-07
[train] step=7373 loss=0.073796 lr=1.611e-07
[train] step=7374 loss=0.069433 lr=1.606e-07
[train] step=7375 loss=0.067460 lr=1.602e-07
[train] step=7376 loss=0.088060 lr=1.597e-07
[train] step=7377 loss=0.064231 lr=1.592e-07
[train] step=7378 loss=0.093974 lr=1.587e-07
[train] step=7379 loss=0.061034 lr=1.583e-07
[train] step=7380 loss=0.056287 lr=1.578e-07
[train] step=7381 loss=0.172535 lr=1.573e-07
[train] step=7382 loss=0.058523 lr=1.568e-07
[train] step=7383 loss=0.194738 lr=1.564e-07
[train] step=7384 loss=0.042711 lr=1.559e-07
[train] step=7385 loss=0.104658 lr=1.554e-07
[train] step=7386 loss=0.050369 lr=1.550e-07
[train] step=7387 loss=0.071588 lr=1.545e-07
[train] step=7388 loss=0.073174 lr=1.540e-07
[train] step=7389 loss=0.045338 lr=1.536e-07
[train] step=7390 loss=0.104288 lr=1.531e-07
[train] step=7391 loss=0.052712 lr=1.526e-07
[train] step=7392 loss=0.103239 lr=1.522e-07
[train] step=7393 loss=0.095358 lr=1.517e-07
[train] step=7394 loss=0.105238 lr=1.512e-07
[train] step=7395 loss=0.103717 lr=1.508e-07
[train] step=7396 loss=0.090932 lr=1.503e-07
[train] step=7397 loss=0.087787 lr=1.498e-07
[train] step=7398 loss=0.041082 lr=1.494e-07
[train] step=7399 loss=0.080911 lr=1.489e-07
[train] step=7400 loss=0.125441 lr=1.485e-07
[train] step=7401 loss=0.087329 lr=1.480e-07
[train] step=7402 loss=0.123456 lr=1.476e-07
[train] step=7403 loss=0.079796 lr=1.471e-07
[train] step=7404 loss=0.065915 lr=1.466e-07
[train] step=7405 loss=0.105691 lr=1.462e-07
[train] step=7406 loss=0.074643 lr=1.457e-07
[train] step=7407 loss=0.050641 lr=1.453e-07
[train] step=7408 loss=0.061477 lr=1.448e-07
[train] step=7409 loss=0.089815 lr=1.444e-07
[train] step=7410 loss=0.077062 lr=1.439e-07
[train] step=7411 loss=0.058055 lr=1.435e-07
[train] step=7412 loss=0.075405 lr=1.430e-07
[train] step=7413 loss=0.092923 lr=1.426e-07
[train] step=7414 loss=0.035311 lr=1.421e-07
[train] step=7415 loss=0.048815 lr=1.417e-07
[train] step=7416 loss=0.106473 lr=1.412e-07
[train] step=7417 loss=0.084354 lr=1.408e-07
[train] step=7418 loss=0.058923 lr=1.403e-07
[train] step=7419 loss=0.106195 lr=1.399e-07
[train] step=7420 loss=0.040854 lr=1.394e-07
[train] step=7421 loss=0.080052 lr=1.390e-07
[train] step=7422 loss=0.078010 lr=1.386e-07
[train] step=7423 loss=0.048353 lr=1.381e-07
[train] step=7424 loss=0.033908 lr=1.377e-07
[train] step=7425 loss=0.110705 lr=1.372e-07
[train] step=7426 loss=0.040787 lr=1.368e-07
[train] step=7427 loss=0.065496 lr=1.364e-07
[train] step=7428 loss=0.134039 lr=1.359e-07
[train] step=7429 loss=0.102500 lr=1.355e-07
[train] step=7430 loss=0.057826 lr=1.350e-07
[train] step=7431 loss=0.087088 lr=1.346e-07
[train] step=7432 loss=0.057585 lr=1.342e-07
[train] step=7433 loss=0.088340 lr=1.337e-07
[train] step=7434 loss=0.038267 lr=1.333e-07
[train] step=7435 loss=0.048654 lr=1.329e-07
[train] step=7436 loss=0.060790 lr=1.324e-07
[train] step=7437 loss=0.043853 lr=1.320e-07
[train] step=7438 loss=0.104510 lr=1.316e-07
[train] step=7439 loss=0.078276 lr=1.312e-07
[train] step=7440 loss=0.069546 lr=1.307e-07
INFO     [rank 0] Model weights for step 7440 saved in       dit_trainer.py:1288
         checkpoints/model_weights_step_07440.safetensors                       
INFO     [rank 0] Scalar embedding weights for step 7440     dit_trainer.py:1297
         saved                                                                  
INFO     [rank 0] Training state saved:                      dit_trainer.py:1416
         checkpoints/model_weights_step_07440.state.pt                          
DEBUG    [rank 0] Removed old checkpoint:                    dit_trainer.py:1429
         /hppfs/scratch/0D/go76fuz2/windinet/outputs/shockwa                    
         ve_dit_sds_w0p01/checkpoints/model_weights_step_072                    
         00.safetensors                                                         
DEBUG    [rank 0] Removed old checkpoint:                    dit_trainer.py:1429
         /hppfs/scratch/0D/go76fuz2/windinet/outputs/shockwa                    
         ve_dit_sds_w0p01/checkpoints/scalar_embedding_step_                    
         07200.safetensors                                                      
DEBUG    [rank 0] Removed optimizer state for older kept     dit_trainer.py:1444
         checkpoint:                                                            
         /hppfs/scratch/0D/go76fuz2/windinet/outputs/shockwa                    
         ve_dit_sds_w0p01/checkpoints/model_weights_step_073                    
         20.state.pt                                                            
[epoch 62] step=7440 train_loss=0.077751
[train] step=7441 loss=0.099744 lr=1.303e-07
[train] step=7442 loss=0.046125 lr=1.299e-07
[train] step=7443 loss=0.033435 lr=1.294e-07
[train] step=7444 loss=0.081235 lr=1.290e-07
[train] step=7445 loss=0.060785 lr=1.286e-07
[train] step=7446 loss=0.093861 lr=1.282e-07
[train] step=7447 loss=0.053119 lr=1.277e-07
[train] step=7448 loss=0.065159 lr=1.273e-07
[train] step=7449 loss=0.074559 lr=1.269e-07
[train] step=7450 loss=0.078235 lr=1.265e-07
[train] step=7451 loss=0.047114 lr=1.261e-07
[train] step=7452 loss=0.067480 lr=1.256e-07
[train] step=7453 loss=0.066952 lr=1.252e-07
[train] step=7454 loss=0.164355 lr=1.248e-07
[train] step=7455 loss=0.086817 lr=1.244e-07
[train] step=7456 loss=0.099508 lr=1.240e-07
[train] step=7457 loss=0.077522 lr=1.235e-07
[train] step=7458 loss=0.082536 lr=1.231e-07
[train] step=7459 loss=0.075389 lr=1.227e-07
[train] step=7460 loss=0.049319 lr=1.223e-07
[train] step=7461 loss=0.070574 lr=1.219e-07
[train] step=7462 loss=0.041796 lr=1.215e-07
[train] step=7463 loss=0.086633 lr=1.211e-07
[train] step=7464 loss=0.065158 lr=1.207e-07
[train] step=7465 loss=0.089519 lr=1.202e-07
[train] step=7466 loss=0.063799 lr=1.198e-07
[train] step=7467 loss=0.049903 lr=1.194e-07
[train] step=7468 loss=0.062249 lr=1.190e-07
[train] step=7469 loss=0.103808 lr=1.186e-07
[train] step=7470 loss=0.052092 lr=1.182e-07
[train] step=7471 loss=0.101989 lr=1.178e-07
[train] step=7472 loss=0.076195 lr=1.174e-07
[train] step=7473 loss=0.063395 lr=1.170e-07
[train] step=7474 loss=0.221498 lr=1.166e-07
[train] step=7475 loss=0.065571 lr=1.162e-07
[train] step=7476 loss=0.071991 lr=1.158e-07
[train] step=7477 loss=0.072342 lr=1.154e-07
[train] step=7478 loss=0.078891 lr=1.150e-07
[train] step=7479 loss=0.042286 lr=1.146e-07
[train] step=7480 loss=0.082006 lr=1.142e-07
[train] step=7481 loss=0.064422 lr=1.138e-07
[train] step=7482 loss=0.136501 lr=1.134e-07
[train] step=7483 loss=0.144688 lr=1.130e-07
[train] step=7484 loss=0.052958 lr=1.126e-07
[train] step=7485 loss=0.103666 lr=1.122e-07
[train] step=7486 loss=0.040327 lr=1.118e-07
[train] step=7487 loss=0.057904 lr=1.114e-07
[train] step=7488 loss=0.027644 lr=1.110e-07
[train] step=7489 loss=0.069381 lr=1.106e-07
[train] step=7490 loss=0.113651 lr=1.102e-07
[train] step=7491 loss=0.046769 lr=1.098e-07
[train] step=7492 loss=0.092672 lr=1.095e-07
[train] step=7493 loss=0.095243 lr=1.091e-07
[train] step=7494 loss=0.036773 lr=1.087e-07
[train] step=7495 loss=0.068286 lr=1.083e-07
[train] step=7496 loss=0.061417 lr=1.079e-07
[train] step=7497 loss=0.146578 lr=1.075e-07
[train] step=7498 loss=0.115676 lr=1.071e-07
[train] step=7499 loss=0.066360 lr=1.067e-07
[train] step=7500 loss=0.043506 lr=1.064e-07
[train] step=7501 loss=0.097808 lr=1.060e-07
[train] step=7502 loss=0.055103 lr=1.056e-07
[train] step=7503 loss=0.108829 lr=1.052e-07
[train] step=7504 loss=0.055832 lr=1.048e-07
[train] step=7505 loss=0.088348 lr=1.045e-07
[train] step=7506 loss=0.092369 lr=1.041e-07
[train] step=7507 loss=0.085339 lr=1.037e-07
[train] step=7508 loss=0.063183 lr=1.033e-07
[train] step=7509 loss=0.103617 lr=1.029e-07
[train] step=7510 loss=0.111582 lr=1.026e-07
[train] step=7511 loss=0.128075 lr=1.022e-07
[train] step=7512 loss=0.069510 lr=1.018e-07
[train] step=7513 loss=0.102472 lr=1.014e-07
[train] step=7514 loss=0.076549 lr=1.011e-07
[train] step=7515 loss=0.060221 lr=1.007e-07
[train] step=7516 loss=0.059342 lr=1.003e-07
[train] step=7517 loss=0.065163 lr=9.995e-08
[train] step=7518 loss=0.061758 lr=9.958e-08
[train] step=7519 loss=0.058143 lr=9.921e-08
[train] step=7520 loss=0.051873 lr=9.884e-08
[train] step=7521 loss=0.081763 lr=9.848e-08
[train] step=7522 loss=0.090900 lr=9.811e-08
[train] step=7523 loss=0.078593 lr=9.774e-08
[train] step=7524 loss=0.048155 lr=9.738e-08
[train] step=7525 loss=0.101352 lr=9.701e-08
[train] step=7526 loss=0.049250 lr=9.665e-08
[train] step=7527 loss=0.075895 lr=9.628e-08
[train] step=7528 loss=0.079623 lr=9.592e-08
[train] step=7529 loss=0.100104 lr=9.556e-08
[train] step=7530 loss=0.076210 lr=9.520e-08
[train] step=7531 loss=0.054652 lr=9.484e-08
[train] step=7532 loss=0.054881 lr=9.448e-08
[train] step=7533 loss=0.069586 lr=9.412e-08
[train] step=7534 loss=0.075191 lr=9.376e-08
[train] step=7535 loss=0.056337 lr=9.340e-08
[train] step=7536 loss=0.088625 lr=9.305e-08
[train] step=7537 loss=0.107419 lr=9.269e-08
[train] step=7538 loss=0.076816 lr=9.234e-08
[train] step=7539 loss=0.041360 lr=9.198e-08
[train] step=7540 loss=0.075108 lr=9.163e-08
[train] step=7541 loss=0.053347 lr=9.128e-08
[train] step=7542 loss=0.053324 lr=9.092e-08
[train] step=7543 loss=0.063238 lr=9.057e-08
[train] step=7544 loss=0.052778 lr=9.022e-08
[train] step=7545 loss=0.075784 lr=8.987e-08
[train] step=7546 loss=0.050810 lr=8.952e-08
[train] step=7547 loss=0.053772 lr=8.917e-08
[train] step=7548 loss=0.060875 lr=8.883e-08
[train] step=7549 loss=0.053226 lr=8.848e-08
[train] step=7550 loss=0.068788 lr=8.813e-08
[train] step=7551 loss=0.094319 lr=8.779e-08
[train] step=7552 loss=0.081164 lr=8.744e-08
[train] step=7553 loss=0.063173 lr=8.710e-08
[train] step=7554 loss=0.054691 lr=8.676e-08
[train] step=7555 loss=0.067703 lr=8.642e-08
[train] step=7556 loss=0.087062 lr=8.607e-08
[train] step=7557 loss=0.102850 lr=8.573e-08
[train] step=7558 loss=0.058575 lr=8.539e-08
[train] step=7559 loss=0.092959 lr=8.505e-08
[train] step=7560 loss=0.108647 lr=8.472e-08
INFO     [rank 0] Model weights for step 7560 saved in       dit_trainer.py:1288
         checkpoints/model_weights_step_07560.safetensors                       
INFO     [rank 0] Scalar embedding weights for step 7560     dit_trainer.py:1297
         saved                                                                  
INFO     [rank 0] Training state saved:                      dit_trainer.py:1416
         checkpoints/model_weights_step_07560.state.pt                          
DEBUG    [rank 0] Removed old checkpoint:                    dit_trainer.py:1429
         /hppfs/scratch/0D/go76fuz2/windinet/outputs/shockwa                    
         ve_dit_sds_w0p01/checkpoints/model_weights_step_073                    
         20.safetensors                                                         
DEBUG    [rank 0] Removed old checkpoint:                    dit_trainer.py:1429
         /hppfs/scratch/0D/go76fuz2/windinet/outputs/shockwa                    
         ve_dit_sds_w0p01/checkpoints/scalar_embedding_step_                    
         07320.safetensors                                                      
DEBUG    [rank 0] Removed optimizer state for older kept     dit_trainer.py:1444
         checkpoint:                                                            
         /hppfs/scratch/0D/go76fuz2/windinet/outputs/shockwa                    
         ve_dit_sds_w0p01/checkpoints/model_weights_step_074                    
         40.state.pt                                                            
[epoch 63] step=7560 train_loss=0.075702
[train] step=7561 loss=0.070737 lr=8.438e-08
[train] step=7562 loss=0.056134 lr=8.404e-08
[train] step=7563 loss=0.046105 lr=8.371e-08
[train] step=7564 loss=0.124301 lr=8.337e-08
[train] step=7565 loss=0.070554 lr=8.304e-08
[train] step=7566 loss=0.086556 lr=8.270e-08
[train] step=7567 loss=0.111053 lr=8.237e-08
[train] step=7568 loss=0.076268 lr=8.204e-08
[train] step=7569 loss=0.102523 lr=8.171e-08
[train] step=7570 loss=0.065436 lr=8.137e-08
[train] step=7571 loss=0.081447 lr=8.104e-08
[train] step=7572 loss=0.066885 lr=8.072e-08
[train] step=7573 loss=0.099273 lr=8.039e-08
[train] step=7574 loss=0.100153 lr=8.006e-08
[train] step=7575 loss=0.042941 lr=7.973e-08
[train] step=7576 loss=0.038903 lr=7.941e-08
[train] step=7577 loss=0.061081 lr=7.908e-08
[train] step=7578 loss=0.064603 lr=7.876e-08
[train] step=7579 loss=0.057601 lr=7.843e-08
[train] step=7580 loss=0.070127 lr=7.811e-08
[train] step=7581 loss=0.103610 lr=7.779e-08
[train] step=7582 loss=0.097042 lr=7.746e-08
[train] step=7583 loss=0.071926 lr=7.714e-08
[train] step=7584 loss=0.062042 lr=7.682e-08
[train] step=7585 loss=0.054957 lr=7.650e-08
[train] step=7586 loss=0.076847 lr=7.619e-08
[train] step=7587 loss=0.070272 lr=7.587e-08
[train] step=7588 loss=0.055373 lr=7.555e-08
[train] step=7589 loss=0.036848 lr=7.523e-08
[train] step=7590 loss=0.064248 lr=7.492e-08
[train] step=7591 loss=0.068522 lr=7.460e-08
[train] step=7592 loss=0.080269 lr=7.429e-08
[train] step=7593 loss=0.124118 lr=7.398e-08
[train] step=7594 loss=0.065660 lr=7.366e-08
[train] step=7595 loss=0.042697 lr=7.335e-08
[train] step=7596 loss=0.111079 lr=7.304e-08
[train] step=7597 loss=0.073988 lr=7.273e-08
[train] step=7598 loss=0.074742 lr=7.242e-08
[train] step=7599 loss=0.169162 lr=7.211e-08
[train] step=7600 loss=0.063380 lr=7.180e-08
[train] step=7601 loss=0.085284 lr=7.150e-08
[train] step=7602 loss=0.065941 lr=7.119e-08
[train] step=7603 loss=0.078642 lr=7.088e-08
[train] step=7604 loss=0.070301 lr=7.058e-08
[train] step=7605 loss=0.142842 lr=7.028e-08
[train] step=7606 loss=0.072149 lr=6.997e-08
[train] step=7607 loss=0.105737 lr=6.967e-08
[train] step=7608 loss=0.054061 lr=6.937e-08
[train] step=7609 loss=0.062907 lr=6.907e-08
[train] step=7610 loss=0.057637 lr=6.877e-08
[train] step=7611 loss=0.061194 lr=6.847e-08
[train] step=7612 loss=0.072701 lr=6.817e-08
[train] step=7613 loss=0.160369 lr=6.787e-08
[train] step=7614 loss=0.089500 lr=6.757e-08
[train] step=7615 loss=0.064605 lr=6.728e-08
[train] step=7616 loss=0.095415 lr=6.698e-08
[train] step=7617 loss=0.065334 lr=6.668e-08
[train] step=7618 loss=0.068050 lr=6.639e-08
[train] step=7619 loss=0.085881 lr=6.610e-08
[train] step=7620 loss=0.041828 lr=6.580e-08
[train] step=7621 loss=0.096102 lr=6.551e-08
[train] step=7622 loss=0.055833 lr=6.522e-08
[train] step=7623 loss=0.087807 lr=6.493e-08
[train] step=7624 loss=0.055786 lr=6.464e-08
[train] step=7625 loss=0.061924 lr=6.435e-08
[train] step=7626 loss=0.087467 lr=6.406e-08
[train] step=7627 loss=0.196951 lr=6.378e-08
[train] step=7628 loss=0.088513 lr=6.349e-08
[train] step=7629 loss=0.106714 lr=6.320e-08
[train] step=7630 loss=0.080634 lr=6.292e-08
[train] step=7631 loss=0.081251 lr=6.263e-08
[train] step=7632 loss=0.055354 lr=6.235e-08
[train] step=7633 loss=0.067859 lr=6.207e-08
[train] step=7634 loss=0.064584 lr=6.179e-08
[train] step=7635 loss=0.104563 lr=6.150e-08
[train] step=7636 loss=0.064377 lr=6.122e-08
[train] step=7637 loss=0.063778 lr=6.094e-08
[train] step=7638 loss=0.092009 lr=6.066e-08
[train] step=7639 loss=0.057059 lr=6.039e-08
[train] step=7640 loss=0.306608 lr=6.011e-08
[train] step=7641 loss=0.058613 lr=5.983e-08
[train] step=7642 loss=0.052160 lr=5.956e-08
[train] step=7643 loss=0.039909 lr=5.928e-08
[train] step=7644 loss=0.084938 lr=5.901e-08
[train] step=7645 loss=0.076062 lr=5.873e-08
[train] step=7646 loss=0.074785 lr=5.846e-08
[train] step=7647 loss=0.162729 lr=5.819e-08
[train] step=7648 loss=0.080384 lr=5.792e-08
[train] step=7649 loss=0.062385 lr=5.765e-08
[train] step=7650 loss=0.094143 lr=5.738e-08
[train] step=7651 loss=0.108579 lr=5.711e-08
[train] step=7652 loss=0.079369 lr=5.684e-08
[train] step=7653 loss=0.106750 lr=5.657e-08
[train] step=7654 loss=0.056476 lr=5.630e-08
[train] step=7655 loss=0.072738 lr=5.604e-08
[train] step=7656 loss=0.076427 lr=5.577e-08
[train] step=7657 loss=0.067856 lr=5.551e-08
[train] step=7658 loss=0.107925 lr=5.524e-08
[train] step=7659 loss=0.101525 lr=5.498e-08
[train] step=7660 loss=0.067723 lr=5.472e-08
[train] step=7661 loss=0.073252 lr=5.446e-08
[train] step=7662 loss=0.124282 lr=5.420e-08
[train] step=7663 loss=0.112482 lr=5.394e-08
[train] step=7664 loss=0.127420 lr=5.368e-08
[train] step=7665 loss=0.059396 lr=5.342e-08
[train] step=7666 loss=0.054617 lr=5.316e-08
[train] step=7667 loss=0.046725 lr=5.290e-08
[train] step=7668 loss=0.073519 lr=5.265e-08
[train] step=7669 loss=0.068635 lr=5.239e-08
[train] step=7670 loss=0.037334 lr=5.214e-08
[train] step=7671 loss=0.056808 lr=5.188e-08
[train] step=7672 loss=0.051079 lr=5.163e-08
[train] step=7673 loss=0.113945 lr=5.138e-08
[train] step=7674 loss=0.063222 lr=5.113e-08
[train] step=7675 loss=0.051858 lr=5.088e-08
[train] step=7676 loss=0.088857 lr=5.063e-08
[train] step=7677 loss=0.102041 lr=5.038e-08
[train] step=7678 loss=0.057184 lr=5.013e-08
[train] step=7679 loss=0.053039 lr=4.988e-08
[train] step=7680 loss=0.133967 lr=4.963e-08
INFO     [rank 0] Model weights for step 7680 saved in       dit_trainer.py:1288
         checkpoints/model_weights_step_07680.safetensors                       
INFO     [rank 0] Scalar embedding weights for step 7680     dit_trainer.py:1297
         saved                                                                  
INFO     [rank 0] Training state saved:                      dit_trainer.py:1416
         checkpoints/model_weights_step_07680.state.pt                          
DEBUG    [rank 0] Removed old checkpoint:                    dit_trainer.py:1429
         /hppfs/scratch/0D/go76fuz2/windinet/outputs/shockwa                    
         ve_dit_sds_w0p01/checkpoints/model_weights_step_074                    
         40.safetensors                                                         
DEBUG    [rank 0] Removed old checkpoint:                    dit_trainer.py:1429
         /hppfs/scratch/0D/go76fuz2/windinet/outputs/shockwa                    
         ve_dit_sds_w0p01/checkpoints/scalar_embedding_step_                    
         07440.safetensors                                                      
DEBUG    [rank 0] Removed optimizer state for older kept     dit_trainer.py:1444
         checkpoint:                                                            
         /hppfs/scratch/0D/go76fuz2/windinet/outputs/shockwa                    
         ve_dit_sds_w0p01/checkpoints/model_weights_step_075                    
         60.state.pt                                                            
[epoch 64] step=7680 train_loss=0.080757
[train] step=7681 loss=0.047536 lr=4.939e-08
[train] step=7682 loss=0.075113 lr=4.914e-08
[train] step=7683 loss=0.157973 lr=4.890e-08
[train] step=7684 loss=0.061613 lr=4.865e-08
[train] step=7685 loss=0.082239 lr=4.841e-08
[train] step=7686 loss=0.054821 lr=4.817e-08
[train] step=7687 loss=0.068905 lr=4.793e-08
[train] step=7688 loss=0.066558 lr=4.768e-08
[train] step=7689 loss=0.035307 lr=4.744e-08
[train] step=7690 loss=0.082737 lr=4.721e-08
[train] step=7691 loss=0.057118 lr=4.697e-08
[train] step=7692 loss=0.045048 lr=4.673e-08
[train] step=7693 loss=0.057534 lr=4.649e-08
[train] step=7694 loss=0.106718 lr=4.626e-08
[train] step=7695 loss=0.060328 lr=4.602e-08
[train] step=7696 loss=0.068343 lr=4.579e-08
[train] step=7697 loss=0.104526 lr=4.555e-08
[train] step=7698 loss=0.053689 lr=4.532e-08
[train] step=7699 loss=0.109015 lr=4.509e-08
[train] step=7700 loss=0.080326 lr=4.485e-08
[train] step=7701 loss=0.026689 lr=4.462e-08
[train] step=7702 loss=0.076954 lr=4.439e-08
[train] step=7703 loss=0.217840 lr=4.416e-08
[train] step=7704 loss=0.072957 lr=4.393e-08
[train] step=7705 loss=0.052443 lr=4.371e-08
[train] step=7706 loss=0.057919 lr=4.348e-08
[train] step=7707 loss=0.047349 lr=4.325e-08
[train] step=7708 loss=0.055226 lr=4.303e-08
[train] step=7709 loss=0.040170 lr=4.280e-08
[train] step=7710 loss=0.074443 lr=4.258e-08
[train] step=7711 loss=0.028263 lr=4.236e-08
[train] step=7712 loss=0.088876 lr=4.213e-08
[train] step=7713 loss=0.048951 lr=4.191e-08
[train] step=7714 loss=0.086595 lr=4.169e-08
[train] step=7715 loss=0.066017 lr=4.147e-08
[train] step=7716 loss=0.062298 lr=4.125e-08
[train] step=7717 loss=0.058719 lr=4.103e-08
[train] step=7718 loss=0.069116 lr=4.081e-08
[train] step=7719 loss=0.069995 lr=4.060e-08
[train] step=7720 loss=0.080906 lr=4.038e-08
[train] step=7721 loss=0.058559 lr=4.017e-08
[train] step=7722 loss=0.027275 lr=3.995e-08
[train] step=7723 loss=0.091998 lr=3.974e-08
[train] step=7724 loss=0.134598 lr=3.952e-08
[train] step=7725 loss=0.059374 lr=3.931e-08
[train] step=7726 loss=0.068471 lr=3.910e-08
[train] step=7727 loss=0.040016 lr=3.889e-08
[train] step=7728 loss=0.134111 lr=3.868e-08
[train] step=7729 loss=0.076538 lr=3.847e-08
[train] step=7730 loss=0.067810 lr=3.826e-08
[train] step=7731 loss=0.047053 lr=3.805e-08
[train] step=7732 loss=0.048650 lr=3.784e-08
[train] step=7733 loss=0.061695 lr=3.764e-08
[train] step=7734 loss=0.060883 lr=3.743e-08
[train] step=7735 loss=0.044144 lr=3.723e-08
[train] step=7736 loss=0.098111 lr=3.702e-08
[train] step=7737 loss=0.119611 lr=3.682e-08
[train] step=7738 loss=0.051695 lr=3.662e-08
[train] step=7739 loss=0.084033 lr=3.641e-08
[train] step=7740 loss=0.078408 lr=3.621e-08
[train] step=7741 loss=0.042600 lr=3.601e-08
[train] step=7742 loss=0.083283 lr=3.581e-08
[train] step=7743 loss=0.061130 lr=3.561e-08
[train] step=7744 loss=0.104140 lr=3.542e-08
[train] step=7745 loss=0.059634 lr=3.522e-08
[train] step=7746 loss=0.041706 lr=3.502e-08
[train] step=7747 loss=0.060063 lr=3.483e-08
[train] step=7748 loss=0.081753 lr=3.463e-08
[train] step=7749 loss=0.080598 lr=3.444e-08
[train] step=7750 loss=0.054500 lr=3.424e-08
[train] step=7751 loss=0.090986 lr=3.405e-08
[train] step=7752 loss=0.051061 lr=3.386e-08
[train] step=7753 loss=0.074720 lr=3.367e-08
[train] step=7754 loss=0.072079 lr=3.348e-08
[train] step=7755 loss=0.067268 lr=3.329e-08
[train] step=7756 loss=0.077844 lr=3.310e-08
[train] step=7757 loss=0.098608 lr=3.291e-08
[train] step=7758 loss=0.061794 lr=3.273e-08
[train] step=7759 loss=0.060557 lr=3.254e-08
[train] step=7760 loss=0.063904 lr=3.235e-08
[train] step=7761 loss=0.074962 lr=3.217e-08
[train] step=7762 loss=0.059392 lr=3.198e-08
[train] step=7763 loss=0.098774 lr=3.180e-08
[train] step=7764 loss=0.119764 lr=3.162e-08
[train] step=7765 loss=0.102061 lr=3.144e-08
[train] step=7766 loss=0.055603 lr=3.125e-08
[train] step=7767 loss=0.070083 lr=3.107e-08
[train] step=7768 loss=0.081559 lr=3.089e-08
[train] step=7769 loss=0.053901 lr=3.072e-08
[train] step=7770 loss=0.055906 lr=3.054e-08
[train] step=7771 loss=0.058850 lr=3.036e-08
[train] step=7772 loss=0.056339 lr=3.018e-08
[train] step=7773 loss=0.089212 lr=3.001e-08
[train] step=7774 loss=0.080516 lr=2.983e-08
[train] step=7775 loss=0.079388 lr=2.966e-08
[train] step=7776 loss=0.071114 lr=2.949e-08
[train] step=7777 loss=0.041984 lr=2.931e-08
[train] step=7778 loss=0.073351 lr=2.914e-08
[train] step=7779 loss=0.087390 lr=2.897e-08
[train] step=7780 loss=0.128468 lr=2.880e-08
[train] step=7781 loss=0.054602 lr=2.863e-08
[train] step=7782 loss=0.060484 lr=2.846e-08
[train] step=7783 loss=0.059039 lr=2.829e-08
[train] step=7784 loss=0.065780 lr=2.813e-08
[train] step=7785 loss=0.079812 lr=2.796e-08
[train] step=7786 loss=0.055110 lr=2.779e-08
[train] step=7787 loss=0.061136 lr=2.763e-08
[train] step=7788 loss=0.102124 lr=2.746e-08
[train] step=7789 loss=0.080769 lr=2.730e-08
[train] step=7790 loss=0.068688 lr=2.714e-08
[train] step=7791 loss=0.203410 lr=2.698e-08
[train] step=7792 loss=0.085488 lr=2.681e-08
[train] step=7793 loss=0.077035 lr=2.665e-08
[train] step=7794 loss=0.113695 lr=2.649e-08
[train] step=7795 loss=0.071236 lr=2.634e-08
[train] step=7796 loss=0.076859 lr=2.618e-08
[train] step=7797 loss=0.053363 lr=2.602e-08
[train] step=7798 loss=0.075583 lr=2.586e-08
[train] step=7799 loss=0.065118 lr=2.571e-08
[train] step=7800 loss=0.057742 lr=2.555e-08
[val] step=7800 val_loss=0.079797
INFO     [rank 0] Model weights for step 7800 saved in       dit_trainer.py:1288
         checkpoints/model_weights_step_07800.safetensors                       
INFO     [rank 0] Scalar embedding weights for step 7800     dit_trainer.py:1297
         saved                                                                  
INFO     [rank 0] Training state saved:                      dit_trainer.py:1416
         checkpoints/model_weights_step_07800.state.pt                          
INFO     [rank 0] New best checkpoint (step 7800,            dit_trainer.py:1320
         val_loss=0.079797):                                                    
         checkpoints/model_weights_best.safetensors                             
DEBUG    [rank 0] Removed old checkpoint:                    dit_trainer.py:1429
         /hppfs/scratch/0D/go76fuz2/windinet/outputs/shockwa                    
         ve_dit_sds_w0p01/checkpoints/model_weights_step_075                    
         60.safetensors                                                         
DEBUG    [rank 0] Removed old checkpoint:                    dit_trainer.py:1429
         /hppfs/scratch/0D/go76fuz2/windinet/outputs/shockwa                    
         ve_dit_sds_w0p01/checkpoints/scalar_embedding_step_                    
         07560.safetensors                                                      
DEBUG    [rank 0] Removed optimizer state for older kept     dit_trainer.py:1444
         checkpoint:                                                            
         /hppfs/scratch/0D/go76fuz2/windinet/outputs/shockwa                    
         ve_dit_sds_w0p01/checkpoints/model_weights_step_076                    
         80.state.pt                                                            
[epoch 65] step=7800 train_loss=0.074003 val_loss=0.079797
[train] step=7801 loss=0.057443 lr=2.540e-08
[train] step=7802 loss=0.066801 lr=2.524e-08
[train] step=7803 loss=0.091734 lr=2.509e-08
[train] step=7804 loss=0.057248 lr=2.494e-08
[train] step=7805 loss=0.051333 lr=2.479e-08
[train] step=7806 loss=0.077063 lr=2.464e-08
[train] step=7807 loss=0.229797 lr=2.449e-08
[train] step=7808 loss=0.176803 lr=2.434e-08
[train] step=7809 loss=0.062691 lr=2.419e-08
[train] step=7810 loss=0.040279 lr=2.404e-08
[train] step=7811 loss=0.067695 lr=2.390e-08
[train] step=7812 loss=0.077123 lr=2.375e-08
[train] step=7813 loss=0.053900 lr=2.361e-08
[train] step=7814 loss=0.071663 lr=2.346e-08
[train] step=7815 loss=0.055952 lr=2.332e-08
[train] step=7816 loss=0.059894 lr=2.318e-08
[train] step=7817 loss=0.058178 lr=2.303e-08
[train] step=7818 loss=0.087778 lr=2.289e-08
[train] step=7819 loss=0.062997 lr=2.275e-08
[train] step=7820 loss=0.077545 lr=2.261e-08
[train] step=7821 loss=0.053982 lr=2.247e-08
[train] step=7822 loss=0.103488 lr=2.234e-08
[train] step=7823 loss=0.079737 lr=2.220e-08
[train] step=7824 loss=0.095541 lr=2.206e-08
[train] step=7825 loss=0.168766 lr=2.193e-08
[train] step=7826 loss=0.059238 lr=2.179e-08
[train] step=7827 loss=0.055816 lr=2.166e-08
[train] step=7828 loss=0.061249 lr=2.152e-08
[train] step=7829 loss=0.079411 lr=2.139e-08
[train] step=7830 loss=0.076752 lr=2.126e-08
[train] step=7831 loss=0.052694 lr=2.113e-08
[train] step=7832 loss=0.083365 lr=2.100e-08
[train] step=7833 loss=0.068215 lr=2.087e-08
[train] step=7834 loss=0.072448 lr=2.074e-08
[train] step=7835 loss=0.067832 lr=2.061e-08
[train] step=7836 loss=0.085316 lr=2.048e-08
[train] step=7837 loss=0.073734 lr=2.036e-08
[train] step=7838 loss=0.082474 lr=2.023e-08
[train] step=7839 loss=0.077842 lr=2.010e-08
[train] step=7840 loss=0.069216 lr=1.998e-08
[train] step=7841 loss=0.048372 lr=1.986e-08
[train] step=7842 loss=0.061410 lr=1.973e-08
[train] step=7843 loss=0.067806 lr=1.961e-08
[train] step=7844 loss=0.098371 lr=1.949e-08
[train] step=7845 loss=0.070319 lr=1.937e-08
[train] step=7846 loss=0.080551 lr=1.925e-08
[train] step=7847 loss=0.048915 lr=1.913e-08
[train] step=7848 loss=0.051149 lr=1.901e-08
[train] step=7849 loss=0.063379 lr=1.890e-08
[train] step=7850 loss=0.065875 lr=1.878e-08
[train] step=7851 loss=0.070262 lr=1.866e-08
[train] step=7852 loss=0.061297 lr=1.855e-08
[train] step=7853 loss=0.055814 lr=1.843e-08
[train] step=7854 loss=0.059581 lr=1.832e-08
[train] step=7855 loss=0.116085 lr=1.821e-08
[train] step=7856 loss=0.076488 lr=1.810e-08
[train] step=7857 loss=0.041536 lr=1.798e-08
[train] step=7858 loss=0.080201 lr=1.787e-08
[train] step=7859 loss=0.044695 lr=1.776e-08
[train] step=7860 loss=0.151680 lr=1.766e-08
[train] step=7861 loss=0.104354 lr=1.755e-08
[train] step=7862 loss=0.063089 lr=1.744e-08
[train] step=7863 loss=0.047490 lr=1.733e-08
[train] step=7864 loss=0.061815 lr=1.723e-08
[train] step=7865 loss=0.062215 lr=1.712e-08
[train] step=7866 loss=0.089264 lr=1.702e-08
[train] step=7867 loss=0.060684 lr=1.691e-08
[train] step=7868 loss=0.084628 lr=1.681e-08
[train] step=7869 loss=0.045327 lr=1.671e-08
[train] step=7870 loss=0.080965 lr=1.661e-08
[train] step=7871 loss=0.047586 lr=1.651e-08
[train] step=7872 loss=0.035591 lr=1.641e-08
[train] step=7873 loss=0.075789 lr=1.631e-08
[train] step=7874 loss=0.053278 lr=1.621e-08
[train] step=7875 loss=0.067112 lr=1.611e-08
[train] step=7876 loss=0.086221 lr=1.602e-08
[train] step=7877 loss=0.108934 lr=1.592e-08
[train] step=7878 loss=0.051745 lr=1.583e-08
[train] step=7879 loss=0.077113 lr=1.573e-08
[train] step=7880 loss=0.097534 lr=1.564e-08
[train] step=7881 loss=0.050300 lr=1.555e-08
[train] step=7882 loss=0.092888 lr=1.545e-08
[train] step=7883 loss=0.061498 lr=1.536e-08
[train] step=7884 loss=0.089365 lr=1.527e-08
[train] step=7885 loss=0.099767 lr=1.518e-08
[train] step=7886 loss=0.085489 lr=1.509e-08
[train] step=7887 loss=0.064901 lr=1.500e-08
[train] step=7888 loss=0.085843 lr=1.492e-08
[train] step=7889 loss=0.118556 lr=1.483e-08
[train] step=7890 loss=0.086487 lr=1.474e-08
[train] step=7891 loss=0.049064 lr=1.466e-08
[train] step=7892 loss=0.131824 lr=1.458e-08
[train] step=7893 loss=0.049384 lr=1.449e-08
[train] step=7894 loss=0.043075 lr=1.441e-08
[train] step=7895 loss=0.065930 lr=1.433e-08
[train] step=7896 loss=0.050624 lr=1.425e-08
[train] step=7897 loss=0.033512 lr=1.417e-08
[train] step=7898 loss=0.139998 lr=1.409e-08
[train] step=7899 loss=0.092875 lr=1.401e-08
[train] step=7900 loss=0.064574 lr=1.393e-08
[train] step=7901 loss=0.029184 lr=1.385e-08
[train] step=7902 loss=0.039862 lr=1.377e-08
[train] step=7903 loss=0.042070 lr=1.370e-08
[train] step=7904 loss=0.064221 lr=1.362e-08
[train] step=7905 loss=0.092259 lr=1.355e-08
[train] step=7906 loss=0.047008 lr=1.348e-08
[train] step=7907 loss=0.066837 lr=1.340e-08
[train] step=7908 loss=0.061173 lr=1.333e-08
[train] step=7909 loss=0.075223 lr=1.326e-08
[train] step=7910 loss=0.064005 lr=1.319e-08
[train] step=7911 loss=0.064204 lr=1.312e-08
[train] step=7912 loss=0.191800 lr=1.305e-08
[train] step=7913 loss=0.364175 lr=1.298e-08
[train] step=7914 loss=0.099310 lr=1.291e-08
[train] step=7915 loss=0.072322 lr=1.285e-08
[train] step=7916 loss=0.079195 lr=1.278e-08
[train] step=7917 loss=0.113150 lr=1.272e-08
[train] step=7918 loss=0.033336 lr=1.265e-08
[train] step=7919 loss=0.081949 lr=1.259e-08
[train] step=7920 loss=0.076018 lr=1.253e-08
INFO     [rank 0] Model weights for step 7920 saved in       dit_trainer.py:1288
         checkpoints/model_weights_step_07920.safetensors                       
INFO     [rank 0] Scalar embedding weights for step 7920     dit_trainer.py:1297
         saved                                                                  
INFO     [rank 0] Training state saved:                      dit_trainer.py:1416
         checkpoints/model_weights_step_07920.state.pt                          
DEBUG    [rank 0] Removed old checkpoint:                    dit_trainer.py:1429
         /hppfs/scratch/0D/go76fuz2/windinet/outputs/shockwa                    
         ve_dit_sds_w0p01/checkpoints/model_weights_step_076                    
         80.safetensors                                                         
DEBUG    [rank 0] Removed old checkpoint:                    dit_trainer.py:1429
         /hppfs/scratch/0D/go76fuz2/windinet/outputs/shockwa                    
         ve_dit_sds_w0p01/checkpoints/scalar_embedding_step_                    
         07680.safetensors                                                      
DEBUG    [rank 0] Removed optimizer state for older kept     dit_trainer.py:1444
         checkpoint:                                                            
         /hppfs/scratch/0D/go76fuz2/windinet/outputs/shockwa                    
         ve_dit_sds_w0p01/checkpoints/model_weights_step_078                    
         00.state.pt                                                            
[epoch 66] step=7920 train_loss=0.077171
[train] step=7921 loss=0.052042 lr=1.246e-08
[train] step=7922 loss=0.051685 lr=1.240e-08
[train] step=7923 loss=0.074195 lr=1.234e-08
[train] step=7924 loss=0.110311 lr=1.228e-08
[train] step=7925 loss=0.114323 lr=1.222e-08
[train] step=7926 loss=0.061013 lr=1.217e-08
[train] step=7927 loss=0.096275 lr=1.211e-08
[train] step=7928 loss=0.088362 lr=1.205e-08
[train] step=7929 loss=0.046424 lr=1.200e-08
[train] step=7930 loss=0.123265 lr=1.194e-08
[train] step=7931 loss=0.040383 lr=1.189e-08
[train] step=7932 loss=0.074725 lr=1.183e-08
[train] step=7933 loss=0.266905 lr=1.178e-08
[train] step=7934 loss=0.074542 lr=1.173e-08
[train] step=7935 loss=0.052284 lr=1.168e-08
[train] step=7936 loss=0.048476 lr=1.163e-08
[train] step=7937 loss=0.061061 lr=1.158e-08
[train] step=7938 loss=0.074743 lr=1.153e-08
[train] step=7939 loss=0.064762 lr=1.148e-08
[train] step=7940 loss=0.105553 lr=1.143e-08
[train] step=7941 loss=0.159237 lr=1.139e-08
[train] step=7942 loss=0.132787 lr=1.134e-08
[train] step=7943 loss=0.088148 lr=1.130e-08
[train] step=7944 loss=0.212625 lr=1.125e-08
[train] step=7945 loss=0.077945 lr=1.121e-08
[train] step=7946 loss=0.130281 lr=1.117e-08
[train] step=7947 loss=0.073578 lr=1.112e-08
[train] step=7948 loss=0.077685 lr=1.108e-08
[train] step=7949 loss=0.120693 lr=1.104e-08
[train] step=7950 loss=0.053388 lr=1.100e-08
[train] step=7951 loss=0.134347 lr=1.096e-08
[train] step=7952 loss=0.124477 lr=1.092e-08
[train] step=7953 loss=0.043749 lr=1.089e-08
[train] step=7954 loss=0.082860 lr=1.085e-08
[train] step=7955 loss=0.063792 lr=1.081e-08
[train] step=7956 loss=0.100006 lr=1.078e-08
[train] step=7957 loss=0.078998 lr=1.075e-08
[train] step=7958 loss=0.078270 lr=1.071e-08
[train] step=7959 loss=0.063720 lr=1.068e-08
[train] step=7960 loss=0.056010 lr=1.065e-08
[train] step=7961 loss=0.061397 lr=1.062e-08
[train] step=7962 loss=0.076837 lr=1.059e-08
[train] step=7963 loss=0.059564 lr=1.056e-08
[train] step=7964 loss=0.052870 lr=1.053e-08
[train] step=7965 loss=0.100230 lr=1.050e-08
[train] step=7966 loss=0.050203 lr=1.047e-08
[train] step=7967 loss=0.072238 lr=1.045e-08
[train] step=7968 loss=0.055737 lr=1.042e-08
[train] step=7969 loss=0.064568 lr=1.039e-08
[train] step=7970 loss=0.080895 lr=1.037e-08
[train] step=7971 loss=0.059344 lr=1.035e-08
[train] step=7972 loss=0.065354 lr=1.032e-08
[train] step=7973 loss=0.106218 lr=1.030e-08
[train] step=7974 loss=0.083639 lr=1.028e-08
[train] step=7975 loss=0.079603 lr=1.026e-08
[train] step=7976 loss=0.061754 lr=1.024e-08
[train] step=7977 loss=0.052188 lr=1.022e-08
[train] step=7978 loss=0.070418 lr=1.020e-08
[train] step=7979 loss=0.045596 lr=1.019e-08
[train] step=7980 loss=0.043900 lr=1.017e-08
[train] step=7981 loss=0.054346 lr=1.015e-08
[train] step=7982 loss=0.063158 lr=1.014e-08
[train] step=7983 loss=0.064584 lr=1.012e-08
[train] step=7984 loss=0.055379 lr=1.011e-08
[train] step=7985 loss=0.083419 lr=1.010e-08
[train] step=7986 loss=0.093630 lr=1.009e-08
[train] step=7987 loss=0.087356 lr=1.008e-08
[train] step=7988 loss=0.089546 lr=1.007e-08
[train] step=7989 loss=0.059178 lr=1.006e-08
[train] step=7990 loss=0.087602 lr=1.005e-08
[train] step=7991 loss=0.044759 lr=1.004e-08
[train] step=7992 loss=0.088754 lr=1.003e-08
[train] step=7993 loss=0.072117 lr=1.002e-08
[train] step=7994 loss=0.040504 lr=1.002e-08
[train] step=7995 loss=0.067765 lr=1.001e-08
[train] step=7996 loss=0.048736 lr=1.001e-08
[train] step=7997 loss=0.079638 lr=1.001e-08
[train] step=7998 loss=0.119231 lr=1.000e-08
[train] step=7999 loss=0.043601 lr=1.000e-08
[train] step=8000 loss=0.079298 lr=1.000e-08
[train] step=8001 loss=0.079058 lr=1.000e-08
[train] step=8002 loss=0.149264 lr=1.000e-08
[train] step=8003 loss=0.045566 lr=1.000e-08
[train] step=8004 loss=0.079371 lr=1.000e-08
[train] step=8005 loss=0.078494 lr=1.001e-08
[train] step=8006 loss=0.051884 lr=1.001e-08
[train] step=8007 loss=0.073324 lr=1.001e-08
[train] step=8008 loss=0.047420 lr=1.002e-08
[train] step=8009 loss=0.087674 lr=1.002e-08
[train] step=8010 loss=0.076572 lr=1.003e-08
[train] step=8011 loss=0.048268 lr=1.004e-08
[train] step=8012 loss=0.083401 lr=1.005e-08
[train] step=8013 loss=0.058481 lr=1.006e-08
[train] step=8014 loss=0.096896 lr=1.007e-08
[train] step=8015 loss=0.045389 lr=1.008e-08
[train] step=8016 loss=0.056256 lr=1.009e-08
[train] step=8017 loss=0.066087 lr=1.010e-08
[train] step=8018 loss=0.078434 lr=1.011e-08
[train] step=8019 loss=0.272548 lr=1.012e-08
[train] step=8020 loss=0.312935 lr=1.014e-08
[train] step=8021 loss=0.058227 lr=1.015e-08
[train] step=8022 loss=0.076854 lr=1.017e-08
[train] step=8023 loss=0.055163 lr=1.019e-08
[train] step=8024 loss=0.086609 lr=1.020e-08
[train] step=8025 loss=0.068570 lr=1.022e-08
[train] step=8026 loss=0.060712 lr=1.024e-08
[train] step=8027 loss=0.071042 lr=1.026e-08
[train] step=8028 loss=0.223407 lr=1.028e-08
[train] step=8029 loss=0.085736 lr=1.030e-08
[train] step=8030 loss=0.144082 lr=1.032e-08
[train] step=8031 loss=0.075715 lr=1.035e-08
[train] step=8032 loss=0.061490 lr=1.037e-08
[train] step=8033 loss=0.066683 lr=1.039e-08
╭──────────────────────────────────────────────────────────────────────────────╮
│ Training Step 8… ━━ Loss: 0.0667 LR: 1.04e-08 Time/Step: 23.52s 1… ETA: 00:… │
╰──────────────────────────────────────────────────────────────────────────────╯INFO     [rank 0] Model weights for step 8033 saved in       dit_trainer.py:1288
         checkpoints/model_weights_step_08033.safetensors                       
INFO     [rank 0] Scalar embedding weights for step 8033     dit_trainer.py:1297
         saved                                                                  
INFO     [rank 0] Training state saved:                      dit_trainer.py:1416
         checkpoints/model_weights_step_08033.state.pt                          
DEBUG    [rank 0] Removed old checkpoint:                    dit_trainer.py:1429
         /hppfs/scratch/0D/go76fuz2/windinet/outputs/shockwa                    
         ve_dit_sds_w0p01/checkpoints/model_weights_step_078                    
         00.safetensors                                                         
DEBUG    [rank 0] Removed old checkpoint:                    dit_trainer.py:1429
         /hppfs/scratch/0D/go76fuz2/windinet/outputs/shockwa                    
         ve_dit_sds_w0p01/checkpoints/scalar_embedding_step_                    
         07800.safetensors                                                      
DEBUG    [rank 0] Removed optimizer state for older kept     dit_trainer.py:1444
         checkpoint:                                                            
         /hppfs/scratch/0D/go76fuz2/windinet/outputs/shockwa                    
         ve_dit_sds_w0p01/checkpoints/model_weights_step_079                    
         20.state.pt                                                            
INFO     [rank 0] Training Statistics:                       dit_trainer.py:1513
          - Total time: 1156.0 minutes                                          
          - Training time: 1156.0 minutes                                       
          - Training speed: 0.12 steps/second                                   
          - Samples/second: 3.69                                                
          - Peak GPU memory: 35.91 GB                                           
          - Number of processes: 8                                              
          - Global batch size: 32                                               
END TIME: Thu 24 Sep 2026 02:06:30 AM CEST
end_time=2026-09-24T02:06:30+02:00 elapsed=70495s
