START TIME: Fri 25 Sep 2026 01:35:35 AM CEST
job=545283 node=i20r05c05s08
start_time=2026-09-25T01:35:35+02:00
+-----------+--------------------------------------------------------------------------------------+
| Device ID | Device Information                                                                   |
+-----------+--------------------------------------------------------------------------------------+
| 0         | Device Name: Intel(R) Data Center GPU Max 1550                                       |
|           | Vendor Name: Intel(R) Corporation                                                    |
|           | SOC UUID: 00000000-0000-003a-0000-002f0bd58086                                       |
|           | PCI BDF Address: 0000:3a:00.0                                                        |
|           | DRM Device: /dev/dri/card0                                                           |
|           | Function Type: physical                                                              |
+-----------+--------------------------------------------------------------------------------------+
| 1         | Device Name: Intel(R) Data Center GPU Max 1550                                       |
|           | Vendor Name: Intel(R) Corporation                                                    |
|           | SOC UUID: 00000000-0000-004b-0000-002f0bd58086                                       |
|           | PCI BDF Address: 0000:4b:00.0                                                        |
|           | DRM Device: /dev/dri/card1                                                           |
|           | Function Type: physical                                                              |
+-----------+--------------------------------------------------------------------------------------+
| 2         | Device Name: Intel(R) Data Center GPU Max 1550                                       |
|           | Vendor Name: Intel(R) Corporation                                                    |
|           | SOC UUID: 00000000-0000-00ca-0000-002f0bd58086                                       |
|           | PCI BDF Address: 0000:ca:00.0                                                        |
|           | DRM Device: /dev/dri/card2                                                           |
|           | Function Type: physical                                                              |
+-----------+--------------------------------------------------------------------------------------+
| 3         | Device Name: Intel(R) Data Center GPU Max 1550                                       |
|           | Vendor Name: Intel(R) Corporation                                                    |
|           | SOC UUID: 00000000-0000-00da-0000-002f0bd58086                                       |
|           | PCI BDF Address: 0000:da:00.0                                                        |
|           | DRM Device: /dev/dri/card3                                                           |
|           | Function Type: physical                                                              |
+-----------+--------------------------------------------------------------------------------------+
PREPROCESSED_NAME: finetune_vae_ch6_loss_rmse_h1_256res
BASE_CONFIG: configs/dit/train_dit_sng_pvc_ch6_loss_rmse_h1.yaml
STEPS override: <none, using BASE_CONFIG default>
MASTER_ADDR: i20r05c05s08  MASTER_PORT: 53469
preprocessed_data_root=/hppfs/scratch/0D/go76fuz2/windinet/dit_preprocessed/finetune_vae_ch6_loss_rmse_h1_256res output_dir=$SCRATCH/windinet/outputs/shockwave_dit_ch6_loss_rmse_h1 steps=8000
INFO     [rank 0] Failed to extract font properties from    font_manager.py:1107
         /usr/share/fonts/truetype/Cantarell-VF.otf: Can                        
         not load face (SFNT font table missing; error code                     
         0x8e)                                                                  
INFO     [rank 4] Failed to extract font properties from    font_manager.py:1107
         /usr/share/fonts/truetype/Cantarell-VF.otf: Can                        
         not load face (SFNT font table missing; error code                     
         0x8e)                                                                  
INFO     [rank 2] Failed to extract font properties from    font_manager.py:1107
         /usr/share/fonts/truetype/Cantarell-VF.otf: Can                        
         not load face (SFNT font table missing; error code                     
         0x8e)                                                                  
INFO     [rank 5] Failed to extract font properties from    font_manager.py:1107
         /usr/share/fonts/truetype/Cantarell-VF.otf: Can                        
         not load face (SFNT font table missing; error code                     
         0x8e)                                                                  
INFO     [rank 2] generated new fontManager                 font_manager.py:1639
INFO     [rank 3] Failed to extract font properties from    font_manager.py:1107
         /usr/share/fonts/truetype/Cantarell-VF.otf: Can                        
         not load face (SFNT font table missing; error code                     
         0x8e)                                                                  
INFO     [rank 7] Failed to extract font properties from    font_manager.py:1107
         /usr/share/fonts/truetype/Cantarell-VF.otf: Can                        
         not load face (SFNT font table missing; error code                     
         0x8e)                                                                  
INFO     [rank 0] generated new fontManager                 font_manager.py:1639
INFO     [rank 6] Failed to extract font properties from    font_manager.py:1107
         /usr/share/fonts/truetype/Cantarell-VF.otf: Can                        
         not load face (SFNT font table missing; error code                     
         0x8e)                                                                  
INFO     [rank 1] Failed to extract font properties from    font_manager.py:1107
         /usr/share/fonts/truetype/Cantarell-VF.otf: Can                        
         not load face (SFNT font table missing; error code                     
         0x8e)                                                                  
INFO     [rank 4] generated new fontManager                 font_manager.py:1639
INFO     [rank 1] generated new fontManager                 font_manager.py:1639
INFO     [rank 5] generated new fontManager                 font_manager.py:1639
INFO     [rank 7] generated new fontManager                 font_manager.py:1639
INFO     [rank 6] generated new fontManager                 font_manager.py:1639
INFO     [rank 3] generated new fontManager                 font_manager.py:1639
                             Training Configuration                             
┏━━━━━━━━━━━━━━━━━━━━━━━━━━━━━━━━━━━━━━┳━━━━━━━━━━━━━━━━━━━━━━━━━━━━━━━━━━━━━━━┓
┃ Parameter                            ┃ Value                                 ┃
┡━━━━━━━━━━━━━━━━━━━━━━━━━━━━━━━━━━━━━━╇━━━━━━━━━━━━━━━━━━━━━━━━━━━━━━━━━━━━━━━┩
│ model.model_source                   │ LTXV_2B_0.9.6_DEV                     │
│ model.load_checkpoint                │ None                                  │
│ conditioning.first_frame_conditioni… │ 1.0                                   │
│ lora.enabled                         │ False                                 │
│ lora.rank                            │ 16                                    │
│ lora.alpha                           │ 16                                    │
│ lora.dropout                         │ 0.0                                   │
│ lora.target_modules                  │ to_q, to_k, to_v, to_out.0            │
│ scalar_conditioning.enabled          │ True                                  │
│ scalar_conditioning.scalar_names     │ gamma                                 │
│ scalar_conditioning.scalar_ranges    │ {'gamma': (1.0, 2.0)}                 │
│ scalar_conditioning.embedding_dim    │ 4096                                  │
│ scalar_conditioning.num_tokens_per_… │ 4                                     │
│ scalar_conditioning.fourier_features │ 64                                    │
│ scalar_conditioning.mlp_hidden_dim   │ 256                                   │
│ scalar_conditioning.dropout          │ 0.1                                   │
│ optimization.learning_rate           │ 1e-05                                 │
│ optimization.steps                   │ 8000                                  │
│ optimization.batch_size              │ 1                                     │
│ optimization.gradient_accumulation_… │ 4                                     │
│ optimization.max_grad_norm           │ 1.0                                   │
│ optimization.optimizer_type          │ adamw                                 │
│ optimization.scheduler_type          │ cosine                                │
│ optimization.scheduler_params        │ {'eta_min': 1e-08}                    │
│ optimization.enable_gradient_checkp… │ True                                  │
│ acceleration.mixed_precision_mode    │ bf16                                  │
│ acceleration.compile_with_inductor   │ False                                 │
│ acceleration.compilation_mode        │ reduce-overhead                       │
│ data.preprocessed_data_root          │ /hppfs/scratch/0D/go76fuz2/windinet/… │
│ data.num_dataloader_workers          │ 4                                     │
│ validation.data_root                 │ /hppfs/scratch/0D/go76fuz2/windinet/… │
│ validation.interval                  │ 600                                   │
│ validation.max_samples               │ 0                                     │
│ checkpoints.interval                 │ 120                                   │
│ checkpoints.keep_last_n              │ 2                                     │
│ checkpoints.save_best_only           │ False                                 │
│ checkpoints.best_metric              │ val_total_loss                        │
│ checkpoints.save_last_state          │ True                                  │
│ checkpoints.save_epochs              │                                       │
│ flow_matching.timestep_sampling_mode │ shifted_logit_normal                  │
│ flow_matching.timestep_sampling_par… │ {}                                    │
│ visualization.enabled                │ False                                 │
│ visualization.interval               │ 2000                                  │
│ visualization.num_samples            │ 3                                     │
│ visualization.frame_numbers          │ 25, 50, 75, 100                       │
│ visualization.num_inference_steps    │ 20                                    │
│ visualization.dpi                    │ 150                                   │
│ wandb.enabled                        │ False                                 │
│ wandb.project                        │ shockwavenet                          │
│ wandb.entity                         │ None                                  │
│ wandb.tags                           │ cfd, full, 2b, scalar-only, sng_pvc,  │
│                                      │ 256res, chapter6, eval500, baseli...  │
│ seed                                 │ 42                                    │
│ output_dir                           │ /hppfs/scratch/0D/go76fuz2/windinet/… │
│ resume_weights_only                  │ False                                 │
└──────────────────────────────────────┴───────────────────────────────────────┘
INFO     [rank 0] Distributed training enabled with 8        dit_trainer.py:1472
         processes                                                              
INFO     [rank 0] Global batch size: 32                      dit_trainer.py:1478
INFO     [rank 0] Initializing scalar embeddings for:         dit_trainer.py:867
         ['gamma']                                                              
DEBUG    [rank 0] Scalar embedding params: 4,310,528          dit_trainer.py:894
DEBUG    [rank 0] Total trainable params count: 1,927,696,000 dit_trainer.py:898
2026:09:25-01:54:04: 6075 |CCL_WARN| value of CCL_ATL_TRANSPORT changed to be ofi (default:mpi)
2026:09:25-01:54:04: 6075 |CCL_WARN| value of CCL_ALLREDUCE changed to be ring (default:)
2026:09:25-01:54:04: 6081 |CCL_WARN| could not get local_idx/count from environment variables, trying to get them from ATL
2026:09:25-01:54:04: 6077 |CCL_WARN| could not get local_idx/count from environment variables, trying to get them from ATL
2026:09:25-01:54:04: 6082 |CCL_WARN| could not get local_idx/count from environment variables, trying to get them from ATL
2026:09:25-01:54:04: 6076 |CCL_WARN| could not get local_idx/count from environment variables, trying to get them from ATL
2026:09:25-01:54:04: 6080 |CCL_WARN| could not get local_idx/count from environment variables, trying to get them from ATL2026:09:25-01:54:04: 6075 |CCL_WARN| could not get local_idx/count from environment variables, trying to get them from ATL

2026:09:25-01:54:04: 6078 |CCL_WARN| could not get local_idx/count from environment variables, trying to get them from ATL2026:09:25-01:54:04: 6079 |CCL_WARN| could not get local_idx/count from environment variables, trying to get them from ATL

DEBUG    [rank 0] Process 0 using seed: 42                    dit_trainer.py:389
DEBUG    [rank 0] Loaded dataset with 4,000 samples from     dit_trainer.py:1115
         sources: ['latents', 'scalars']                                        
INFO     [rank 0] Validation split: 500 samples from         dit_trainer.py:1198
         /hppfs/scratch/0D/go76fuz2/windinet/dit_preprocesse                    
         d/finetune_vae_ch6_loss_rmse_h1_256res/val                             
INFO     [rank 0] Training configuration saved to:           dit_trainer.py:1464
         training_config.yaml                                                   
INFO     [rank 0] Training on latents from VAE               dit_trainer.py:1159
         /hppfs/scratch/0D/go76fuz2/windinet/finetune_vae_ou                    
         tputs_sng_pvc/finetune_vae_ch6_loss_rmse_h1_256res/                    
         checkpoints/vae_shockwave_best.safetensors                             
         (fingerprint 625f8c69ee50dddb); recorded in                            
         latent_provenance.json                                                 
INFO     [rank 0] Starting training...                        dit_trainer.py:410
[train] step=1 loss=0.354854 lr=1.000e-05
[train] step=2 loss=0.255099 lr=1.000e-05
[train] step=3 loss=0.202468 lr=1.000e-05
[train] step=4 loss=0.340818 lr=1.000e-05
[train] step=5 loss=0.273510 lr=1.000e-05
[train] step=6 loss=0.359087 lr=1.000e-05
[train] step=7 loss=0.400680 lr=1.000e-05
[train] step=8 loss=0.307975 lr=1.000e-05
[train] step=9 loss=0.307039 lr=1.000e-05
[train] step=10 loss=0.390519 lr=1.000e-05
[train] step=11 loss=0.263130 lr=1.000e-05
[train] step=12 loss=0.292849 lr=1.000e-05
[train] step=13 loss=0.346629 lr=1.000e-05
[train] step=14 loss=0.278161 lr=1.000e-05
[train] step=15 loss=0.176041 lr=1.000e-05
[train] step=16 loss=0.341829 lr=1.000e-05
[train] step=17 loss=0.369008 lr=1.000e-05
[train] step=18 loss=0.325690 lr=1.000e-05
[train] step=19 loss=0.256960 lr=1.000e-05
[train] step=20 loss=0.414352 lr=1.000e-05
[train] step=21 loss=0.287051 lr=1.000e-05
[train] step=22 loss=0.281849 lr=1.000e-05
[train] step=23 loss=0.267722 lr=1.000e-05
[train] step=24 loss=0.243230 lr=1.000e-05
[train] step=25 loss=0.298488 lr=1.000e-05
[train] step=26 loss=0.232992 lr=1.000e-05
[train] step=27 loss=0.292761 lr=1.000e-05
[train] step=28 loss=0.275946 lr=1.000e-05
[train] step=29 loss=0.265098 lr=1.000e-05
[train] step=30 loss=0.157089 lr=1.000e-05
[train] step=31 loss=0.354556 lr=1.000e-05
[train] step=32 loss=0.239773 lr=1.000e-05
[train] step=33 loss=0.328658 lr=1.000e-05
[train] step=34 loss=0.251384 lr=1.000e-05
[train] step=35 loss=0.295653 lr=1.000e-05
[train] step=36 loss=0.175790 lr=1.000e-05
[train] step=37 loss=0.241249 lr=1.000e-05
[train] step=38 loss=0.209490 lr=9.999e-06
[train] step=39 loss=0.207399 lr=9.999e-06
[train] step=40 loss=0.322364 lr=9.999e-06
[train] step=41 loss=0.186083 lr=9.999e-06
[train] step=42 loss=0.269081 lr=9.999e-06
[train] step=43 loss=0.306222 lr=9.999e-06
[train] step=44 loss=0.169333 lr=9.999e-06
[train] step=45 loss=0.299543 lr=9.999e-06
[train] step=46 loss=0.333141 lr=9.999e-06
[train] step=47 loss=0.285160 lr=9.999e-06
[train] step=48 loss=0.192096 lr=9.999e-06
[train] step=49 loss=0.251769 lr=9.999e-06
[train] step=50 loss=0.294382 lr=9.999e-06
[train] step=51 loss=0.268870 lr=9.999e-06
[train] step=52 loss=0.262931 lr=9.999e-06
[train] step=53 loss=0.312057 lr=9.999e-06
[train] step=54 loss=0.312678 lr=9.999e-06
[train] step=55 loss=0.262021 lr=9.999e-06
[train] step=56 loss=0.181526 lr=9.999e-06
[train] step=57 loss=0.210363 lr=9.999e-06
[train] step=58 loss=0.253378 lr=9.999e-06
[train] step=59 loss=0.259923 lr=9.999e-06
[train] step=60 loss=0.310305 lr=9.999e-06
[train] step=61 loss=0.279026 lr=9.999e-06
[train] step=62 loss=0.177821 lr=9.999e-06
[train] step=63 loss=0.302660 lr=9.999e-06
[train] step=64 loss=0.398721 lr=9.998e-06
[train] step=65 loss=0.198934 lr=9.998e-06
[train] step=66 loss=0.508073 lr=9.998e-06
[train] step=67 loss=0.195865 lr=9.998e-06
[train] step=68 loss=0.217530 lr=9.998e-06
[train] step=69 loss=0.217299 lr=9.998e-06
[train] step=70 loss=0.326980 lr=9.998e-06
[train] step=71 loss=0.248987 lr=9.998e-06
[train] step=72 loss=0.254075 lr=9.998e-06
[train] step=73 loss=0.202982 lr=9.998e-06
[train] step=74 loss=0.141311 lr=9.998e-06
[train] step=75 loss=0.249245 lr=9.998e-06
[train] step=76 loss=0.250864 lr=9.998e-06
[train] step=77 loss=0.337128 lr=9.998e-06
[train] step=78 loss=0.309092 lr=9.998e-06
[train] step=79 loss=0.351365 lr=9.998e-06
[train] step=80 loss=0.206435 lr=9.998e-06
[train] step=81 loss=0.191455 lr=9.998e-06
[train] step=82 loss=0.197996 lr=9.997e-06
[train] step=83 loss=0.245965 lr=9.997e-06
[train] step=84 loss=0.353312 lr=9.997e-06
[train] step=85 loss=0.338044 lr=9.997e-06
[train] step=86 loss=0.243717 lr=9.997e-06
[train] step=87 loss=0.297310 lr=9.997e-06
[train] step=88 loss=0.306099 lr=9.997e-06
[train] step=89 loss=0.397328 lr=9.997e-06
[train] step=90 loss=0.253852 lr=9.997e-06
[train] step=91 loss=0.369919 lr=9.997e-06
[train] step=92 loss=0.229367 lr=9.997e-06
[train] step=93 loss=0.198961 lr=9.997e-06
[train] step=94 loss=0.196265 lr=9.997e-06
[train] step=95 loss=0.204996 lr=9.997e-06
[train] step=96 loss=0.221660 lr=9.997e-06
[train] step=97 loss=0.272873 lr=9.996e-06
[train] step=98 loss=0.335241 lr=9.996e-06
[train] step=99 loss=0.230855 lr=9.996e-06
[train] step=100 loss=0.211862 lr=9.996e-06
[train] step=101 loss=0.234417 lr=9.996e-06
[train] step=102 loss=0.353414 lr=9.996e-06
[train] step=103 loss=0.170659 lr=9.996e-06
[train] step=104 loss=0.211595 lr=9.996e-06
[train] step=105 loss=0.231676 lr=9.996e-06
[train] step=106 loss=0.340638 lr=9.996e-06
[train] step=107 loss=0.197360 lr=9.996e-06
[train] step=108 loss=0.246892 lr=9.996e-06
[train] step=109 loss=0.326730 lr=9.996e-06
[train] step=110 loss=0.221721 lr=9.995e-06
[train] step=111 loss=0.170631 lr=9.995e-06
[train] step=112 loss=0.334160 lr=9.995e-06
[train] step=113 loss=0.226418 lr=9.995e-06
[train] step=114 loss=0.231905 lr=9.995e-06
[train] step=115 loss=0.290292 lr=9.995e-06
[train] step=116 loss=0.210659 lr=9.995e-06
[train] step=117 loss=0.181575 lr=9.995e-06
[train] step=118 loss=0.314002 lr=9.995e-06
[train] step=119 loss=0.217998 lr=9.995e-06
[train] step=120 loss=0.224613 lr=9.995e-06
INFO     [rank 0] Model weights for step 120 saved in        dit_trainer.py:1288
         checkpoints/model_weights_step_00120.safetensors                       
INFO     [rank 0] Scalar embedding weights for step 120      dit_trainer.py:1297
         saved                                                                  
INFO     [rank 0] Training state saved:                      dit_trainer.py:1416
         checkpoints/model_weights_step_00120.state.pt                          
[epoch 1] step=120 train_loss=0.269667
[train] step=121 loss=0.325646 lr=9.994e-06
[train] step=122 loss=0.274433 lr=9.994e-06
[train] step=123 loss=0.356176 lr=9.994e-06
[train] step=124 loss=0.278972 lr=9.994e-06
[train] step=125 loss=0.210826 lr=9.994e-06
[train] step=126 loss=0.151948 lr=9.994e-06
[train] step=127 loss=0.321297 lr=9.994e-06
[train] step=128 loss=0.231804 lr=9.994e-06
[train] step=129 loss=0.186973 lr=9.994e-06
[train] step=130 loss=0.399694 lr=9.994e-06
[train] step=131 loss=0.208928 lr=9.993e-06
[train] step=132 loss=0.321365 lr=9.993e-06
[train] step=133 loss=0.208860 lr=9.993e-06
[train] step=134 loss=0.199461 lr=9.993e-06
[train] step=135 loss=0.184437 lr=9.993e-06
[train] step=136 loss=0.134493 lr=9.993e-06
[train] step=137 loss=0.368163 lr=9.993e-06
[train] step=138 loss=0.159924 lr=9.993e-06
[train] step=139 loss=0.268867 lr=9.993e-06
[train] step=140 loss=0.162080 lr=9.993e-06
[train] step=141 loss=0.247217 lr=9.992e-06
[train] step=142 loss=0.182115 lr=9.992e-06
[train] step=143 loss=0.371051 lr=9.992e-06
[train] step=144 loss=0.278894 lr=9.992e-06
[train] step=145 loss=0.277044 lr=9.992e-06
[train] step=146 loss=0.294145 lr=9.992e-06
[train] step=147 loss=0.252311 lr=9.992e-06
[train] step=148 loss=0.267851 lr=9.992e-06
[train] step=149 loss=0.376841 lr=9.992e-06
[train] step=150 loss=0.239083 lr=9.991e-06
[train] step=151 loss=0.238268 lr=9.991e-06
[train] step=152 loss=0.197471 lr=9.991e-06
[train] step=153 loss=0.172513 lr=9.991e-06
[train] step=154 loss=0.266344 lr=9.991e-06
[train] step=155 loss=0.417900 lr=9.991e-06
[train] step=156 loss=0.260026 lr=9.991e-06
[train] step=157 loss=0.312430 lr=9.991e-06
[train] step=158 loss=0.266936 lr=9.991e-06
[train] step=159 loss=0.289379 lr=9.990e-06
[train] step=160 loss=0.342128 lr=9.990e-06
[train] step=161 loss=0.324507 lr=9.990e-06
[train] step=162 loss=0.154607 lr=9.990e-06
[train] step=163 loss=0.250799 lr=9.990e-06
[train] step=164 loss=0.222655 lr=9.990e-06
[train] step=165 loss=0.290875 lr=9.990e-06
[train] step=166 loss=0.246183 lr=9.990e-06
[train] step=167 loss=0.271802 lr=9.989e-06
[train] step=168 loss=0.348892 lr=9.989e-06
[train] step=169 loss=0.364902 lr=9.989e-06
[train] step=170 loss=0.237268 lr=9.989e-06
[train] step=171 loss=0.227812 lr=9.989e-06
[train] step=172 loss=0.228668 lr=9.989e-06
[train] step=173 loss=0.147938 lr=9.989e-06
[train] step=174 loss=0.186395 lr=9.988e-06
[train] step=175 loss=0.323423 lr=9.988e-06
[train] step=176 loss=0.211207 lr=9.988e-06
[train] step=177 loss=0.219183 lr=9.988e-06
[train] step=178 loss=0.203161 lr=9.988e-06
[train] step=179 loss=0.231734 lr=9.988e-06
[train] step=180 loss=0.137852 lr=9.988e-06
[train] step=181 loss=0.177849 lr=9.988e-06
[train] step=182 loss=0.300495 lr=9.987e-06
[train] step=183 loss=0.222553 lr=9.987e-06
[train] step=184 loss=0.249660 lr=9.987e-06
[train] step=185 loss=0.245384 lr=9.987e-06
[train] step=186 loss=0.265743 lr=9.987e-06
[train] step=187 loss=0.246847 lr=9.987e-06
[train] step=188 loss=0.277449 lr=9.987e-06
[train] step=189 loss=0.195680 lr=9.986e-06
[train] step=190 loss=0.193293 lr=9.986e-06
[train] step=191 loss=0.200964 lr=9.986e-06
[train] step=192 loss=0.154898 lr=9.986e-06
[train] step=193 loss=0.332355 lr=9.986e-06
[train] step=194 loss=0.218038 lr=9.986e-06
[train] step=195 loss=0.220153 lr=9.986e-06
[train] step=196 loss=0.232285 lr=9.985e-06
[train] step=197 loss=0.197730 lr=9.985e-06
[train] step=198 loss=0.203258 lr=9.985e-06
[train] step=199 loss=0.245432 lr=9.985e-06
[train] step=200 loss=0.175807 lr=9.985e-06
[train] step=201 loss=0.247272 lr=9.985e-06
[train] step=202 loss=0.239313 lr=9.984e-06
[train] step=203 loss=0.207340 lr=9.984e-06
[train] step=204 loss=0.220800 lr=9.984e-06
[train] step=205 loss=0.117780 lr=9.984e-06
[train] step=206 loss=0.203174 lr=9.984e-06
[train] step=207 loss=0.222890 lr=9.984e-06
[train] step=208 loss=0.286765 lr=9.984e-06
[train] step=209 loss=0.244709 lr=9.983e-06
[train] step=210 loss=0.218024 lr=9.983e-06
[train] step=211 loss=0.230040 lr=9.983e-06
[train] step=212 loss=0.196566 lr=9.983e-06
[train] step=213 loss=0.187768 lr=9.983e-06
[train] step=214 loss=0.268735 lr=9.983e-06
[train] step=215 loss=0.480500 lr=9.982e-06
[train] step=216 loss=0.302874 lr=9.982e-06
[train] step=217 loss=0.260491 lr=9.982e-06
[train] step=218 loss=0.252405 lr=9.982e-06
[train] step=219 loss=0.346000 lr=9.982e-06
[train] step=220 loss=0.328151 lr=9.982e-06
[train] step=221 loss=0.286672 lr=9.981e-06
[train] step=222 loss=0.252815 lr=9.981e-06
[train] step=223 loss=0.191766 lr=9.981e-06
[train] step=224 loss=0.224542 lr=9.981e-06
[train] step=225 loss=0.206257 lr=9.981e-06
[train] step=226 loss=0.195570 lr=9.981e-06
[train] step=227 loss=0.335852 lr=9.980e-06
[train] step=228 loss=0.243926 lr=9.980e-06
[train] step=229 loss=0.204050 lr=9.980e-06
[train] step=230 loss=0.201053 lr=9.980e-06
[train] step=231 loss=0.252259 lr=9.980e-06
[train] step=232 loss=0.162903 lr=9.979e-06
[train] step=233 loss=0.209957 lr=9.979e-06
[train] step=234 loss=0.185531 lr=9.979e-06
[train] step=235 loss=0.226082 lr=9.979e-06
[train] step=236 loss=0.220104 lr=9.979e-06
[train] step=237 loss=0.148523 lr=9.979e-06
[train] step=238 loss=0.402313 lr=9.978e-06
[train] step=239 loss=0.137091 lr=9.978e-06
[train] step=240 loss=0.333193 lr=9.978e-06
INFO     [rank 0] Model weights for step 240 saved in        dit_trainer.py:1288
         checkpoints/model_weights_step_00240.safetensors                       
INFO     [rank 0] Scalar embedding weights for step 240      dit_trainer.py:1297
         saved                                                                  
INFO     [rank 0] Training state saved:                      dit_trainer.py:1416
         checkpoints/model_weights_step_00240.state.pt                          
DEBUG    [rank 0] Removed optimizer state for older kept     dit_trainer.py:1444
         checkpoint:                                                            
         /hppfs/scratch/0D/go76fuz2/windinet/outputs/shockwa                    
         ve_dit_ch6_loss_rmse_h1/checkpoints/model_weights_s                    
         tep_00120.state.pt                                                     
[epoch 2] step=240 train_loss=0.245529
[train] step=241 loss=0.280747 lr=9.978e-06
[train] step=242 loss=0.254726 lr=9.978e-06
[train] step=243 loss=0.232122 lr=9.977e-06
[train] step=244 loss=0.312270 lr=9.977e-06
[train] step=245 loss=0.321469 lr=9.977e-06
[train] step=246 loss=0.247934 lr=9.977e-06
[train] step=247 loss=0.167854 lr=9.977e-06
[train] step=248 loss=0.251282 lr=9.977e-06
[train] step=249 loss=0.256121 lr=9.976e-06
[train] step=250 loss=0.307362 lr=9.976e-06
[train] step=251 loss=0.232341 lr=9.976e-06
[train] step=252 loss=0.263349 lr=9.976e-06
[train] step=253 loss=0.256077 lr=9.976e-06
[train] step=254 loss=0.170332 lr=9.975e-06
[train] step=255 loss=0.160614 lr=9.975e-06
[train] step=256 loss=0.313353 lr=9.975e-06
[train] step=257 loss=0.121212 lr=9.975e-06
[train] step=258 loss=0.280230 lr=9.975e-06
[train] step=259 loss=0.374783 lr=9.974e-06
[train] step=260 loss=0.339836 lr=9.974e-06
[train] step=261 loss=0.209501 lr=9.974e-06
[train] step=262 loss=0.343278 lr=9.974e-06
[train] step=263 loss=0.218617 lr=9.974e-06
[train] step=264 loss=0.213928 lr=9.973e-06
[train] step=265 loss=0.164199 lr=9.973e-06
[train] step=266 loss=0.343180 lr=9.973e-06
[train] step=267 loss=0.262183 lr=9.973e-06
[train] step=268 loss=0.267122 lr=9.973e-06
[train] step=269 loss=0.298797 lr=9.972e-06
[train] step=270 loss=0.162143 lr=9.972e-06
[train] step=271 loss=0.394094 lr=9.972e-06
[train] step=272 loss=0.281377 lr=9.972e-06
[train] step=273 loss=0.187844 lr=9.972e-06
[train] step=274 loss=0.277778 lr=9.971e-06
[train] step=275 loss=0.344002 lr=9.971e-06
[train] step=276 loss=0.177784 lr=9.971e-06
[train] step=277 loss=0.276873 lr=9.971e-06
[train] step=278 loss=0.279770 lr=9.970e-06
[train] step=279 loss=0.196413 lr=9.970e-06
[train] step=280 loss=0.256321 lr=9.970e-06
[train] step=281 loss=0.172373 lr=9.970e-06
[train] step=282 loss=0.245312 lr=9.970e-06
[train] step=283 loss=0.230054 lr=9.969e-06
[train] step=284 loss=0.376468 lr=9.969e-06
[train] step=285 loss=0.205971 lr=9.969e-06
[train] step=286 loss=0.246436 lr=9.969e-06
[train] step=287 loss=0.222797 lr=9.969e-06
[train] step=288 loss=0.195541 lr=9.968e-06
[train] step=289 loss=0.283297 lr=9.968e-06
[train] step=290 loss=0.195524 lr=9.968e-06
[train] step=291 loss=0.154968 lr=9.968e-06
[train] step=292 loss=0.146601 lr=9.967e-06
[train] step=293 loss=0.311604 lr=9.967e-06
[train] step=294 loss=0.198132 lr=9.967e-06
[train] step=295 loss=0.255930 lr=9.967e-06
[train] step=296 loss=0.206241 lr=9.967e-06
[train] step=297 loss=0.186443 lr=9.966e-06
[train] step=298 loss=0.140205 lr=9.966e-06
[train] step=299 loss=0.280906 lr=9.966e-06
[train] step=300 loss=0.252960 lr=9.966e-06
[train] step=301 loss=0.206522 lr=9.965e-06
[train] step=302 loss=0.184577 lr=9.965e-06
[train] step=303 loss=0.163090 lr=9.965e-06
[train] step=304 loss=0.330033 lr=9.965e-06
[train] step=305 loss=0.238486 lr=9.964e-06
[train] step=306 loss=0.193595 lr=9.964e-06
[train] step=307 loss=0.227380 lr=9.964e-06
[train] step=308 loss=0.232910 lr=9.964e-06
[train] step=309 loss=0.427794 lr=9.964e-06
[train] step=310 loss=0.286873 lr=9.963e-06
[train] step=311 loss=0.209666 lr=9.963e-06
[train] step=312 loss=0.186035 lr=9.963e-06
[train] step=313 loss=0.391966 lr=9.963e-06
[train] step=314 loss=0.367811 lr=9.962e-06
[train] step=315 loss=0.318893 lr=9.962e-06
[train] step=316 loss=0.307673 lr=9.962e-06
[train] step=317 loss=0.287225 lr=9.962e-06
[train] step=318 loss=0.173060 lr=9.961e-06
[train] step=319 loss=0.153765 lr=9.961e-06
[train] step=320 loss=0.270283 lr=9.961e-06
[train] step=321 loss=0.336583 lr=9.961e-06
[train] step=322 loss=0.271210 lr=9.960e-06
[train] step=323 loss=0.158132 lr=9.960e-06
[train] step=324 loss=0.224492 lr=9.960e-06
[train] step=325 loss=0.128374 lr=9.960e-06
[train] step=326 loss=0.187822 lr=9.959e-06
[train] step=327 loss=0.280354 lr=9.959e-06
[train] step=328 loss=0.265219 lr=9.959e-06
[train] step=329 loss=0.152775 lr=9.959e-06
[train] step=330 loss=0.180260 lr=9.958e-06
[train] step=331 loss=0.188354 lr=9.958e-06
[train] step=332 loss=0.175871 lr=9.958e-06
[train] step=333 loss=0.198564 lr=9.958e-06
[train] step=334 loss=0.239926 lr=9.957e-06
[train] step=335 loss=0.259039 lr=9.957e-06
[train] step=336 loss=0.259680 lr=9.957e-06
[train] step=337 loss=0.221358 lr=9.957e-06
[train] step=338 loss=0.283469 lr=9.956e-06
[train] step=339 loss=0.181458 lr=9.956e-06
[train] step=340 loss=0.304887 lr=9.956e-06
[train] step=341 loss=0.229840 lr=9.956e-06
[train] step=342 loss=0.170110 lr=9.955e-06
[train] step=343 loss=0.200827 lr=9.955e-06
[train] step=344 loss=0.360617 lr=9.955e-06
[train] step=345 loss=0.157619 lr=9.954e-06
[train] step=346 loss=0.246456 lr=9.954e-06
[train] step=347 loss=0.238938 lr=9.954e-06
[train] step=348 loss=0.289755 lr=9.954e-06
[train] step=349 loss=0.220636 lr=9.953e-06
[train] step=350 loss=0.328583 lr=9.953e-06
[train] step=351 loss=0.221101 lr=9.953e-06
[train] step=352 loss=0.206848 lr=9.953e-06
[train] step=353 loss=0.239675 lr=9.952e-06
[train] step=354 loss=0.295385 lr=9.952e-06
[train] step=355 loss=0.195832 lr=9.952e-06
[train] step=356 loss=0.193050 lr=9.952e-06
[train] step=357 loss=0.216103 lr=9.951e-06
[train] step=358 loss=0.306104 lr=9.951e-06
[train] step=359 loss=0.178150 lr=9.951e-06
[train] step=360 loss=0.196487 lr=9.950e-06
INFO     [rank 0] Model weights for step 360 saved in        dit_trainer.py:1288
         checkpoints/model_weights_step_00360.safetensors                       
INFO     [rank 0] Scalar embedding weights for step 360      dit_trainer.py:1297
         saved                                                                  
INFO     [rank 0] Training state saved:                      dit_trainer.py:1416
         checkpoints/model_weights_step_00360.state.pt                          
DEBUG    [rank 0] Removed old checkpoint:                    dit_trainer.py:1429
         /hppfs/scratch/0D/go76fuz2/windinet/outputs/shockwa                    
         ve_dit_ch6_loss_rmse_h1/checkpoints/model_weights_s                    
         tep_00120.safetensors                                                  
DEBUG    [rank 0] Removed old checkpoint:                    dit_trainer.py:1429
         /hppfs/scratch/0D/go76fuz2/windinet/outputs/shockwa                    
         ve_dit_ch6_loss_rmse_h1/checkpoints/scalar_embeddin                    
         g_step_00120.safetensors                                               
DEBUG    [rank 0] Removed optimizer state for older kept     dit_trainer.py:1444
         checkpoint:                                                            
         /hppfs/scratch/0D/go76fuz2/windinet/outputs/shockwa                    
         ve_dit_ch6_loss_rmse_h1/checkpoints/model_weights_s                    
         tep_00240.state.pt                                                     
[epoch 3] step=360 train_loss=0.244094
[train] step=361 loss=0.230641 lr=9.950e-06
[train] step=362 loss=0.239225 lr=9.950e-06
[train] step=363 loss=0.178034 lr=9.950e-06
[train] step=364 loss=0.368352 lr=9.949e-06
[train] step=365 loss=0.204551 lr=9.949e-06
[train] step=366 loss=0.201866 lr=9.949e-06
[train] step=367 loss=0.282185 lr=9.948e-06
[train] step=368 loss=0.238180 lr=9.948e-06
[train] step=369 loss=0.310466 lr=9.948e-06
[train] step=370 loss=0.213203 lr=9.948e-06
[train] step=371 loss=0.280536 lr=9.947e-06
[train] step=372 loss=0.227189 lr=9.947e-06
[train] step=373 loss=0.343702 lr=9.947e-06
[train] step=374 loss=0.175577 lr=9.947e-06
[train] step=375 loss=0.126493 lr=9.946e-06
[train] step=376 loss=0.142919 lr=9.946e-06
[train] step=377 loss=0.219457 lr=9.946e-06
[train] step=378 loss=0.160666 lr=9.945e-06
[train] step=379 loss=0.209459 lr=9.945e-06
[train] step=380 loss=0.207235 lr=9.945e-06
[train] step=381 loss=0.223719 lr=9.944e-06
[train] step=382 loss=0.143966 lr=9.944e-06
[train] step=383 loss=0.217627 lr=9.944e-06
[train] step=384 loss=0.265700 lr=9.944e-06
[train] step=385 loss=0.265933 lr=9.943e-06
[train] step=386 loss=0.245396 lr=9.943e-06
[train] step=387 loss=0.262407 lr=9.943e-06
[train] step=388 loss=0.192025 lr=9.942e-06
[train] step=389 loss=0.198057 lr=9.942e-06
[train] step=390 loss=0.239945 lr=9.942e-06
[train] step=391 loss=0.121714 lr=9.942e-06
[train] step=392 loss=0.179871 lr=9.941e-06
[train] step=393 loss=0.186477 lr=9.941e-06
[train] step=394 loss=0.183062 lr=9.941e-06
[train] step=395 loss=0.332916 lr=9.940e-06
[train] step=396 loss=0.242457 lr=9.940e-06
[train] step=397 loss=0.167260 lr=9.940e-06
[train] step=398 loss=0.239167 lr=9.939e-06
[train] step=399 loss=0.175543 lr=9.939e-06
[train] step=400 loss=0.291128 lr=9.939e-06
[train] step=401 loss=0.237192 lr=9.939e-06
[train] step=402 loss=0.556348 lr=9.938e-06
[train] step=403 loss=0.126047 lr=9.938e-06
[train] step=404 loss=0.210603 lr=9.938e-06
[train] step=405 loss=0.224092 lr=9.937e-06
[train] step=406 loss=0.239705 lr=9.937e-06
[train] step=407 loss=0.277488 lr=9.937e-06
[train] step=408 loss=0.333597 lr=9.936e-06
[train] step=409 loss=0.325146 lr=9.936e-06
[train] step=410 loss=0.347221 lr=9.936e-06
[train] step=411 loss=0.264362 lr=9.935e-06
[train] step=412 loss=0.164040 lr=9.935e-06
[train] step=413 loss=0.172283 lr=9.935e-06
[train] step=414 loss=0.190344 lr=9.934e-06
[train] step=415 loss=0.202528 lr=9.934e-06
[train] step=416 loss=0.196164 lr=9.934e-06
[train] step=417 loss=0.123106 lr=9.933e-06
[train] step=418 loss=0.254596 lr=9.933e-06
[train] step=419 loss=0.146062 lr=9.933e-06
[train] step=420 loss=0.157889 lr=9.933e-06
[train] step=421 loss=0.202650 lr=9.932e-06
[train] step=422 loss=0.252546 lr=9.932e-06
[train] step=423 loss=0.237566 lr=9.932e-06
[train] step=424 loss=0.254547 lr=9.931e-06
[train] step=425 loss=0.275424 lr=9.931e-06
[train] step=426 loss=0.202897 lr=9.931e-06
[train] step=427 loss=0.213169 lr=9.930e-06
[train] step=428 loss=0.252231 lr=9.930e-06
[train] step=429 loss=0.250783 lr=9.930e-06
[train] step=430 loss=0.243457 lr=9.929e-06
[train] step=431 loss=0.180358 lr=9.929e-06
[train] step=432 loss=0.275670 lr=9.929e-06
[train] step=433 loss=0.203282 lr=9.928e-06
[train] step=434 loss=0.177899 lr=9.928e-06
[train] step=435 loss=0.190383 lr=9.928e-06
[train] step=436 loss=0.131600 lr=9.927e-06
[train] step=437 loss=0.285705 lr=9.927e-06
[train] step=438 loss=0.222353 lr=9.927e-06
[train] step=439 loss=0.223406 lr=9.926e-06
[train] step=440 loss=0.265159 lr=9.926e-06
[train] step=441 loss=0.184785 lr=9.926e-06
[train] step=442 loss=0.153525 lr=9.925e-06
[train] step=443 loss=0.206361 lr=9.925e-06
[train] step=444 loss=0.148566 lr=9.925e-06
[train] step=445 loss=0.301322 lr=9.924e-06
[train] step=446 loss=0.177939 lr=9.924e-06
[train] step=447 loss=0.327991 lr=9.924e-06
[train] step=448 loss=0.180356 lr=9.923e-06
[train] step=449 loss=0.196524 lr=9.923e-06
[train] step=450 loss=0.113130 lr=9.923e-06
[train] step=451 loss=0.231456 lr=9.922e-06
[train] step=452 loss=0.179075 lr=9.922e-06
[train] step=453 loss=0.230465 lr=9.922e-06
[train] step=454 loss=0.237244 lr=9.921e-06
[train] step=455 loss=0.713715 lr=9.921e-06
[train] step=456 loss=0.277480 lr=9.920e-06
[train] step=457 loss=0.152368 lr=9.920e-06
[train] step=458 loss=0.222275 lr=9.920e-06
[train] step=459 loss=0.215754 lr=9.919e-06
[train] step=460 loss=0.186093 lr=9.919e-06
[train] step=461 loss=0.281538 lr=9.919e-06
[train] step=462 loss=0.122011 lr=9.918e-06
[train] step=463 loss=0.207605 lr=9.918e-06
[train] step=464 loss=0.191841 lr=9.918e-06
[train] step=465 loss=0.226397 lr=9.917e-06
[train] step=466 loss=0.227313 lr=9.917e-06
[train] step=467 loss=0.237343 lr=9.917e-06
[train] step=468 loss=0.222327 lr=9.916e-06
[train] step=469 loss=0.150142 lr=9.916e-06
[train] step=470 loss=0.207519 lr=9.916e-06
[train] step=471 loss=0.165398 lr=9.915e-06
[train] step=472 loss=0.328362 lr=9.915e-06
[train] step=473 loss=0.175915 lr=9.914e-06
[train] step=474 loss=0.190565 lr=9.914e-06
[train] step=475 loss=0.210268 lr=9.914e-06
[train] step=476 loss=0.268656 lr=9.913e-06
[train] step=477 loss=0.275854 lr=9.913e-06
[train] step=478 loss=0.183142 lr=9.913e-06
[train] step=479 loss=0.255784 lr=9.912e-06
[train] step=480 loss=0.273022 lr=9.912e-06
INFO     [rank 0] Model weights for step 480 saved in        dit_trainer.py:1288
         checkpoints/model_weights_step_00480.safetensors                       
INFO     [rank 0] Scalar embedding weights for step 480      dit_trainer.py:1297
         saved                                                                  
INFO     [rank 0] Training state saved:                      dit_trainer.py:1416
         checkpoints/model_weights_step_00480.state.pt                          
DEBUG    [rank 0] Removed old checkpoint:                    dit_trainer.py:1429
         /hppfs/scratch/0D/go76fuz2/windinet/outputs/shockwa                    
         ve_dit_ch6_loss_rmse_h1/checkpoints/model_weights_s                    
         tep_00240.safetensors                                                  
DEBUG    [rank 0] Removed old checkpoint:                    dit_trainer.py:1429
         /hppfs/scratch/0D/go76fuz2/windinet/outputs/shockwa                    
         ve_dit_ch6_loss_rmse_h1/checkpoints/scalar_embeddin                    
         g_step_00240.safetensors                                               
DEBUG    [rank 0] Removed optimizer state for older kept     dit_trainer.py:1444
         checkpoint:                                                            
         /hppfs/scratch/0D/go76fuz2/windinet/outputs/shockwa                    
         ve_dit_ch6_loss_rmse_h1/checkpoints/model_weights_s                    
         tep_00360.state.pt                                                     
[epoch 4] step=480 train_loss=0.226542
[train] step=481 loss=0.217713 lr=9.912e-06
[train] step=482 loss=0.182155 lr=9.911e-06
[train] step=483 loss=0.308442 lr=9.911e-06
[train] step=484 loss=0.154700 lr=9.910e-06
[train] step=485 loss=0.230149 lr=9.910e-06
[train] step=486 loss=0.233087 lr=9.910e-06
[train] step=487 loss=0.296212 lr=9.909e-06
[train] step=488 loss=0.291816 lr=9.909e-06
[train] step=489 loss=0.225636 lr=9.909e-06
[train] step=490 loss=0.352282 lr=9.908e-06
[train] step=491 loss=0.159328 lr=9.908e-06
[train] step=492 loss=0.218129 lr=9.907e-06
[train] step=493 loss=0.128251 lr=9.907e-06
[train] step=494 loss=0.179545 lr=9.907e-06
[train] step=495 loss=0.236204 lr=9.906e-06
[train] step=496 loss=0.149509 lr=9.906e-06
[train] step=497 loss=0.140092 lr=9.906e-06
[train] step=498 loss=0.182553 lr=9.905e-06
[train] step=499 loss=0.242305 lr=9.905e-06
[train] step=500 loss=0.281580 lr=9.904e-06
[train] step=501 loss=0.198272 lr=9.904e-06
[train] step=502 loss=0.188882 lr=9.904e-06
[train] step=503 loss=0.150892 lr=9.903e-06
[train] step=504 loss=0.258376 lr=9.903e-06
[train] step=505 loss=0.213717 lr=9.902e-06
[train] step=506 loss=0.352924 lr=9.902e-06
[train] step=507 loss=0.195465 lr=9.902e-06
[train] step=508 loss=0.131480 lr=9.901e-06
[train] step=509 loss=0.273702 lr=9.901e-06
[train] step=510 loss=0.226520 lr=9.901e-06
[train] step=511 loss=0.135927 lr=9.900e-06
[train] step=512 loss=0.221764 lr=9.900e-06
[train] step=513 loss=0.259058 lr=9.899e-06
[train] step=514 loss=0.255433 lr=9.899e-06
[train] step=515 loss=0.302121 lr=9.899e-06
[train] step=516 loss=0.246514 lr=9.898e-06
[train] step=517 loss=0.148624 lr=9.898e-06
[train] step=518 loss=0.289288 lr=9.897e-06
[train] step=519 loss=0.192465 lr=9.897e-06
[train] step=520 loss=0.194698 lr=9.897e-06
[train] step=521 loss=0.228005 lr=9.896e-06
[train] step=522 loss=0.183732 lr=9.896e-06
[train] step=523 loss=0.231008 lr=9.895e-06
[train] step=524 loss=0.126913 lr=9.895e-06
[train] step=525 loss=0.225598 lr=9.895e-06
[train] step=526 loss=0.621797 lr=9.894e-06
[train] step=527 loss=0.314369 lr=9.894e-06
[train] step=528 loss=0.250111 lr=9.893e-06
[train] step=529 loss=0.250770 lr=9.893e-06
[train] step=530 loss=0.267145 lr=9.893e-06
[train] step=531 loss=0.292363 lr=9.892e-06
[train] step=532 loss=0.197904 lr=9.892e-06
[train] step=533 loss=0.193285 lr=9.891e-06
[train] step=534 loss=0.218090 lr=9.891e-06
[train] step=535 loss=0.219819 lr=9.891e-06
[train] step=536 loss=0.183973 lr=9.890e-06
[train] step=537 loss=0.220037 lr=9.890e-06
[train] step=538 loss=0.199039 lr=9.889e-06
[train] step=539 loss=0.141340 lr=9.889e-06
[train] step=540 loss=0.139983 lr=9.889e-06
[train] step=541 loss=0.158353 lr=9.888e-06
[train] step=542 loss=0.176803 lr=9.888e-06
[train] step=543 loss=0.222725 lr=9.887e-06
[train] step=544 loss=0.170358 lr=9.887e-06
[train] step=545 loss=0.248479 lr=9.886e-06
[train] step=546 loss=0.159059 lr=9.886e-06
[train] step=547 loss=0.208112 lr=9.886e-06
[train] step=548 loss=0.167071 lr=9.885e-06
[train] step=549 loss=0.242140 lr=9.885e-06
[train] step=550 loss=0.265735 lr=9.884e-06
[train] step=551 loss=0.179623 lr=9.884e-06
[train] step=552 loss=0.233675 lr=9.884e-06
[train] step=553 loss=0.354057 lr=9.883e-06
[train] step=554 loss=0.162475 lr=9.883e-06
[train] step=555 loss=0.234219 lr=9.882e-06
[train] step=556 loss=0.189864 lr=9.882e-06
[train] step=557 loss=0.162748 lr=9.881e-06
[train] step=558 loss=0.252164 lr=9.881e-06
[train] step=559 loss=0.255232 lr=9.881e-06
[train] step=560 loss=0.165284 lr=9.880e-06
[train] step=561 loss=0.226274 lr=9.880e-06
[train] step=562 loss=0.161167 lr=9.879e-06
[train] step=563 loss=0.292935 lr=9.879e-06
[train] step=564 loss=0.153639 lr=9.878e-06
[train] step=565 loss=0.266456 lr=9.878e-06
[train] step=566 loss=0.173439 lr=9.878e-06
[train] step=567 loss=0.236276 lr=9.877e-06
[train] step=568 loss=0.126670 lr=9.877e-06
[train] step=569 loss=0.170151 lr=9.876e-06
[train] step=570 loss=0.275095 lr=9.876e-06
[train] step=571 loss=0.204090 lr=9.875e-06
[train] step=572 loss=0.114637 lr=9.875e-06
[train] step=573 loss=0.249542 lr=9.875e-06
[train] step=574 loss=0.303371 lr=9.874e-06
[train] step=575 loss=0.162173 lr=9.874e-06
[train] step=576 loss=0.175395 lr=9.873e-06
[train] step=577 loss=0.195553 lr=9.873e-06
[train] step=578 loss=0.240659 lr=9.872e-06
[train] step=579 loss=0.128406 lr=9.872e-06
[train] step=580 loss=0.155266 lr=9.871e-06
[train] step=581 loss=0.215472 lr=9.871e-06
[train] step=582 loss=0.280910 lr=9.871e-06
[train] step=583 loss=0.187139 lr=9.870e-06
[train] step=584 loss=0.224353 lr=9.870e-06
[train] step=585 loss=0.184936 lr=9.869e-06
[train] step=586 loss=0.150775 lr=9.869e-06
[train] step=587 loss=0.264968 lr=9.868e-06
[train] step=588 loss=0.120511 lr=9.868e-06
[train] step=589 loss=0.275845 lr=9.867e-06
[train] step=590 loss=0.261452 lr=9.867e-06
[train] step=591 loss=0.235686 lr=9.867e-06
[train] step=592 loss=0.274218 lr=9.866e-06
[train] step=593 loss=0.222615 lr=9.866e-06
[train] step=594 loss=0.178812 lr=9.865e-06
[train] step=595 loss=0.204245 lr=9.865e-06
[train] step=596 loss=0.296919 lr=9.864e-06
[train] step=597 loss=0.170631 lr=9.864e-06
[train] step=598 loss=0.154062 lr=9.863e-06
[train] step=599 loss=0.219365 lr=9.863e-06
[train] step=600 loss=0.177260 lr=9.862e-06
[val] step=600 val_loss=0.209337
INFO     [rank 0] Model weights for step 600 saved in        dit_trainer.py:1288
         checkpoints/model_weights_step_00600.safetensors                       
INFO     [rank 0] Scalar embedding weights for step 600      dit_trainer.py:1297
         saved                                                                  
INFO     [rank 0] Training state saved:                      dit_trainer.py:1416
         checkpoints/model_weights_step_00600.state.pt                          
INFO     [rank 0] New best checkpoint (step 600,             dit_trainer.py:1320
         val_loss=0.209337):                                                    
         checkpoints/model_weights_best.safetensors                             
DEBUG    [rank 0] Removed old checkpoint:                    dit_trainer.py:1429
         /hppfs/scratch/0D/go76fuz2/windinet/outputs/shockwa                    
         ve_dit_ch6_loss_rmse_h1/checkpoints/model_weights_s                    
         tep_00360.safetensors                                                  
DEBUG    [rank 0] Removed old checkpoint:                    dit_trainer.py:1429
         /hppfs/scratch/0D/go76fuz2/windinet/outputs/shockwa                    
         ve_dit_ch6_loss_rmse_h1/checkpoints/scalar_embeddin                    
         g_step_00360.safetensors                                               
DEBUG    [rank 0] Removed optimizer state for older kept     dit_trainer.py:1444
         checkpoint:                                                            
         /hppfs/scratch/0D/go76fuz2/windinet/outputs/shockwa                    
         ve_dit_ch6_loss_rmse_h1/checkpoints/model_weights_s                    
         tep_00480.state.pt                                                     
[epoch 5] step=600 train_loss=0.218053 val_loss=0.209337
[train] step=601 loss=0.134335 lr=9.862e-06
[train] step=602 loss=0.207689 lr=9.862e-06
[train] step=603 loss=0.187358 lr=9.861e-06
[train] step=604 loss=0.192877 lr=9.861e-06
[train] step=605 loss=0.158281 lr=9.860e-06
[train] step=606 loss=0.216315 lr=9.860e-06
[train] step=607 loss=0.240485 lr=9.859e-06
[train] step=608 loss=0.260241 lr=9.859e-06
[train] step=609 loss=0.192702 lr=9.858e-06
[train] step=610 loss=0.156145 lr=9.858e-06
[train] step=611 loss=0.239520 lr=9.857e-06
[train] step=612 loss=0.211274 lr=9.857e-06
[train] step=613 loss=0.176483 lr=9.856e-06
[train] step=614 loss=0.253234 lr=9.856e-06
[train] step=615 loss=0.337005 lr=9.856e-06
[train] step=616 loss=0.209979 lr=9.855e-06
[train] step=617 loss=0.120817 lr=9.855e-06
[train] step=618 loss=0.195086 lr=9.854e-06
[train] step=619 loss=0.190635 lr=9.854e-06
[train] step=620 loss=0.301291 lr=9.853e-06
[train] step=621 loss=0.158072 lr=9.853e-06
[train] step=622 loss=0.147160 lr=9.852e-06
[train] step=623 loss=0.223434 lr=9.852e-06
[train] step=624 loss=0.263926 lr=9.851e-06
[train] step=625 loss=0.194351 lr=9.851e-06
[train] step=626 loss=0.230823 lr=9.850e-06
[train] step=627 loss=0.221021 lr=9.850e-06
[train] step=628 loss=0.253068 lr=9.849e-06
[train] step=629 loss=0.168875 lr=9.849e-06
[train] step=630 loss=0.238431 lr=9.848e-06
[train] step=631 loss=0.205827 lr=9.848e-06
[train] step=632 loss=0.219544 lr=9.847e-06
[train] step=633 loss=0.168683 lr=9.847e-06
[train] step=634 loss=0.160253 lr=9.846e-06
[train] step=635 loss=0.096144 lr=9.846e-06
[train] step=636 loss=0.274200 lr=9.846e-06
[train] step=637 loss=0.210725 lr=9.845e-06
[train] step=638 loss=0.161539 lr=9.845e-06
[train] step=639 loss=0.189862 lr=9.844e-06
[train] step=640 loss=0.169550 lr=9.844e-06
[train] step=641 loss=0.141804 lr=9.843e-06
[train] step=642 loss=0.304265 lr=9.843e-06
[train] step=643 loss=0.182445 lr=9.842e-06
[train] step=644 loss=0.393002 lr=9.842e-06
[train] step=645 loss=0.248012 lr=9.841e-06
[train] step=646 loss=0.177125 lr=9.841e-06
[train] step=647 loss=0.262272 lr=9.840e-06
[train] step=648 loss=0.261720 lr=9.840e-06
[train] step=649 loss=0.162194 lr=9.839e-06
[train] step=650 loss=0.238693 lr=9.839e-06
[train] step=651 loss=0.224034 lr=9.838e-06
[train] step=652 loss=0.218450 lr=9.838e-06
[train] step=653 loss=0.211924 lr=9.837e-06
[train] step=654 loss=0.246138 lr=9.837e-06
[train] step=655 loss=0.215210 lr=9.836e-06
[train] step=656 loss=0.150106 lr=9.836e-06
[train] step=657 loss=0.169094 lr=9.835e-06
[train] step=658 loss=0.175182 lr=9.835e-06
[train] step=659 loss=0.331304 lr=9.834e-06
[train] step=660 loss=0.211699 lr=9.834e-06
[train] step=661 loss=0.124546 lr=9.833e-06
[train] step=662 loss=0.154966 lr=9.833e-06
[train] step=663 loss=0.199583 lr=9.832e-06
[train] step=664 loss=0.211591 lr=9.832e-06
[train] step=665 loss=0.105449 lr=9.831e-06
[train] step=666 loss=0.202481 lr=9.831e-06
[train] step=667 loss=0.158623 lr=9.830e-06
[train] step=668 loss=0.197866 lr=9.830e-06
[train] step=669 loss=0.148441 lr=9.829e-06
[train] step=670 loss=0.226349 lr=9.829e-06
[train] step=671 loss=0.166500 lr=9.828e-06
[train] step=672 loss=0.219057 lr=9.828e-06
[train] step=673 loss=0.287097 lr=9.827e-06
[train] step=674 loss=0.210903 lr=9.827e-06
[train] step=675 loss=0.160853 lr=9.826e-06
[train] step=676 loss=0.320187 lr=9.826e-06
[train] step=677 loss=0.217474 lr=9.825e-06
[train] step=678 loss=0.266165 lr=9.825e-06
[train] step=679 loss=0.223003 lr=9.824e-06
[train] step=680 loss=0.183669 lr=9.823e-06
[train] step=681 loss=0.175766 lr=9.823e-06
[train] step=682 loss=0.242867 lr=9.822e-06
[train] step=683 loss=0.217279 lr=9.822e-06
[train] step=684 loss=0.266835 lr=9.821e-06
[train] step=685 loss=0.176193 lr=9.821e-06
[train] step=686 loss=0.262225 lr=9.820e-06
[train] step=687 loss=0.141567 lr=9.820e-06
[train] step=688 loss=0.207318 lr=9.819e-06
[train] step=689 loss=0.149509 lr=9.819e-06
[train] step=690 loss=0.160166 lr=9.818e-06
[train] step=691 loss=0.196653 lr=9.818e-06
[train] step=692 loss=0.204138 lr=9.817e-06
[train] step=693 loss=0.268611 lr=9.817e-06
[train] step=694 loss=0.221227 lr=9.816e-06
[train] step=695 loss=0.126022 lr=9.816e-06
[train] step=696 loss=0.185244 lr=9.815e-06
[train] step=697 loss=0.179962 lr=9.815e-06
[train] step=698 loss=0.290079 lr=9.814e-06
[train] step=699 loss=0.266445 lr=9.814e-06
[train] step=700 loss=0.262742 lr=9.813e-06
[train] step=701 loss=0.213796 lr=9.812e-06
[train] step=702 loss=0.196985 lr=9.812e-06
[train] step=703 loss=0.149697 lr=9.811e-06
[train] step=704 loss=0.207935 lr=9.811e-06
[train] step=705 loss=0.222061 lr=9.810e-06
[train] step=706 loss=0.319275 lr=9.810e-06
[train] step=707 loss=0.211241 lr=9.809e-06
[train] step=708 loss=0.138620 lr=9.809e-06
[train] step=709 loss=0.135883 lr=9.808e-06
[train] step=710 loss=0.232526 lr=9.808e-06
[train] step=711 loss=0.413757 lr=9.807e-06
[train] step=712 loss=0.164864 lr=9.807e-06
[train] step=713 loss=0.235152 lr=9.806e-06
[train] step=714 loss=0.168118 lr=9.805e-06
[train] step=715 loss=0.330126 lr=9.805e-06
[train] step=716 loss=0.213300 lr=9.804e-06
[train] step=717 loss=0.233372 lr=9.804e-06
[train] step=718 loss=0.184994 lr=9.803e-06
[train] step=719 loss=0.278602 lr=9.803e-06
[train] step=720 loss=0.205239 lr=9.802e-06
INFO     [rank 0] Model weights for step 720 saved in        dit_trainer.py:1288
         checkpoints/model_weights_step_00720.safetensors                       
INFO     [rank 0] Scalar embedding weights for step 720      dit_trainer.py:1297
         saved                                                                  
INFO     [rank 0] Training state saved:                      dit_trainer.py:1416
         checkpoints/model_weights_step_00720.state.pt                          
DEBUG    [rank 0] Removed old checkpoint:                    dit_trainer.py:1429
         /hppfs/scratch/0D/go76fuz2/windinet/outputs/shockwa                    
         ve_dit_ch6_loss_rmse_h1/checkpoints/model_weights_s                    
         tep_00480.safetensors                                                  
DEBUG    [rank 0] Removed old checkpoint:                    dit_trainer.py:1429
         /hppfs/scratch/0D/go76fuz2/windinet/outputs/shockwa                    
         ve_dit_ch6_loss_rmse_h1/checkpoints/scalar_embeddin                    
         g_step_00480.safetensors                                               
DEBUG    [rank 0] Removed optimizer state for older kept     dit_trainer.py:1444
         checkpoint:                                                            
         /hppfs/scratch/0D/go76fuz2/windinet/outputs/shockwa                    
         ve_dit_ch6_loss_rmse_h1/checkpoints/model_weights_s                    
         tep_00600.state.pt                                                     
[epoch 6] step=720 train_loss=0.210626
[train] step=721 loss=0.101901 lr=9.802e-06
[train] step=722 loss=0.146367 lr=9.801e-06
[train] step=723 loss=0.191044 lr=9.801e-06
[train] step=724 loss=0.200595 lr=9.800e-06
[train] step=725 loss=0.282714 lr=9.799e-06
[train] step=726 loss=0.169021 lr=9.799e-06
[train] step=727 loss=0.141216 lr=9.798e-06
[train] step=728 loss=0.196417 lr=9.798e-06
[train] step=729 loss=0.252303 lr=9.797e-06
[train] step=730 loss=0.428001 lr=9.797e-06
[train] step=731 loss=0.204622 lr=9.796e-06
[train] step=732 loss=0.114471 lr=9.796e-06
[train] step=733 loss=0.174818 lr=9.795e-06
[train] step=734 loss=0.247578 lr=9.794e-06
[train] step=735 loss=0.185078 lr=9.794e-06
[train] step=736 loss=0.189901 lr=9.793e-06
[train] step=737 loss=0.147263 lr=9.793e-06
[train] step=738 loss=0.274709 lr=9.792e-06
[train] step=739 loss=0.201419 lr=9.792e-06
[train] step=740 loss=0.239103 lr=9.791e-06
[train] step=741 loss=0.170550 lr=9.791e-06
[train] step=742 loss=0.249388 lr=9.790e-06
[train] step=743 loss=0.170109 lr=9.789e-06
[train] step=744 loss=0.143002 lr=9.789e-06
[train] step=745 loss=0.263342 lr=9.788e-06
[train] step=746 loss=0.234734 lr=9.788e-06
[train] step=747 loss=0.166865 lr=9.787e-06
[train] step=748 loss=0.153176 lr=9.787e-06
[train] step=749 loss=0.160098 lr=9.786e-06
[train] step=750 loss=0.164363 lr=9.785e-06
[train] step=751 loss=0.196202 lr=9.785e-06
[train] step=752 loss=0.163706 lr=9.784e-06
[train] step=753 loss=0.149484 lr=9.784e-06
[train] step=754 loss=0.242519 lr=9.783e-06
[train] step=755 loss=0.192332 lr=9.783e-06
[train] step=756 loss=0.217625 lr=9.782e-06
[train] step=757 loss=0.187415 lr=9.781e-06
[train] step=758 loss=0.192028 lr=9.781e-06
[train] step=759 loss=0.216180 lr=9.780e-06
[train] step=760 loss=0.211040 lr=9.780e-06
[train] step=761 loss=0.190832 lr=9.779e-06
[train] step=762 loss=0.210729 lr=9.779e-06
[train] step=763 loss=0.254372 lr=9.778e-06
[train] step=764 loss=0.191664 lr=9.777e-06
[train] step=765 loss=0.235179 lr=9.777e-06
[train] step=766 loss=0.249820 lr=9.776e-06
[train] step=767 loss=0.158773 lr=9.776e-06
[train] step=768 loss=0.159709 lr=9.775e-06
[train] step=769 loss=0.172843 lr=9.775e-06
[train] step=770 loss=0.193297 lr=9.774e-06
[train] step=771 loss=0.180966 lr=9.773e-06
[train] step=772 loss=0.132988 lr=9.773e-06
[train] step=773 loss=0.399400 lr=9.772e-06
[train] step=774 loss=0.165405 lr=9.772e-06
[train] step=775 loss=0.179087 lr=9.771e-06
[train] step=776 loss=0.114841 lr=9.770e-06
[train] step=777 loss=0.135731 lr=9.770e-06
[train] step=778 loss=0.204496 lr=9.769e-06
[train] step=779 loss=0.301710 lr=9.769e-06
[train] step=780 loss=0.178960 lr=9.768e-06
[train] step=781 loss=0.218790 lr=9.768e-06
[train] step=782 loss=0.185477 lr=9.767e-06
[train] step=783 loss=0.091630 lr=9.766e-06
[train] step=784 loss=0.248616 lr=9.766e-06
[train] step=785 loss=0.150349 lr=9.765e-06
[train] step=786 loss=0.198763 lr=9.765e-06
[train] step=787 loss=0.106031 lr=9.764e-06
[train] step=788 loss=0.317106 lr=9.763e-06
[train] step=789 loss=0.194030 lr=9.763e-06
[train] step=790 loss=0.176433 lr=9.762e-06
[train] step=791 loss=0.209146 lr=9.762e-06
[train] step=792 loss=0.175577 lr=9.761e-06
[train] step=793 loss=0.258908 lr=9.760e-06
[train] step=794 loss=0.211603 lr=9.760e-06
[train] step=795 loss=0.116624 lr=9.759e-06
[train] step=796 loss=0.418113 lr=9.759e-06
[train] step=797 loss=0.124073 lr=9.758e-06
[train] step=798 loss=0.372751 lr=9.757e-06
[train] step=799 loss=0.303852 lr=9.757e-06
[train] step=800 loss=0.151312 lr=9.756e-06
[train] step=801 loss=0.194633 lr=9.756e-06
[train] step=802 loss=0.192902 lr=9.755e-06
[train] step=803 loss=0.215606 lr=9.754e-06
[train] step=804 loss=0.225331 lr=9.754e-06
[train] step=805 loss=0.220320 lr=9.753e-06
[train] step=806 loss=0.216276 lr=9.752e-06
[train] step=807 loss=0.239572 lr=9.752e-06
[train] step=808 loss=0.178660 lr=9.751e-06
[train] step=809 loss=0.120336 lr=9.751e-06
[train] step=810 loss=0.211799 lr=9.750e-06
[train] step=811 loss=0.229889 lr=9.749e-06
[train] step=812 loss=0.279770 lr=9.749e-06
[train] step=813 loss=0.219217 lr=9.748e-06
[train] step=814 loss=0.171387 lr=9.748e-06
[train] step=815 loss=0.182222 lr=9.747e-06
[train] step=816 loss=0.208936 lr=9.746e-06
[train] step=817 loss=0.239756 lr=9.746e-06
[train] step=818 loss=0.132651 lr=9.745e-06
[train] step=819 loss=0.203738 lr=9.744e-06
[train] step=820 loss=0.195427 lr=9.744e-06
[train] step=821 loss=0.178435 lr=9.743e-06
[train] step=822 loss=0.278570 lr=9.743e-06
[train] step=823 loss=0.232344 lr=9.742e-06
[train] step=824 loss=0.227054 lr=9.741e-06
[train] step=825 loss=0.170870 lr=9.741e-06
[train] step=826 loss=0.181783 lr=9.740e-06
[train] step=827 loss=0.188872 lr=9.740e-06
[train] step=828 loss=0.229047 lr=9.739e-06
[train] step=829 loss=0.180147 lr=9.738e-06
[train] step=830 loss=0.229623 lr=9.738e-06
[train] step=831 loss=0.288297 lr=9.737e-06
[train] step=832 loss=0.431781 lr=9.736e-06
[train] step=833 loss=0.130888 lr=9.736e-06
[train] step=834 loss=0.251386 lr=9.735e-06
[train] step=835 loss=0.140100 lr=9.734e-06
[train] step=836 loss=0.174586 lr=9.734e-06
[train] step=837 loss=0.120071 lr=9.733e-06
[train] step=838 loss=0.193649 lr=9.733e-06
[train] step=839 loss=0.139429 lr=9.732e-06
[train] step=840 loss=0.189669 lr=9.731e-06
INFO     [rank 0] Model weights for step 840 saved in        dit_trainer.py:1288
         checkpoints/model_weights_step_00840.safetensors                       
INFO     [rank 0] Scalar embedding weights for step 840      dit_trainer.py:1297
         saved                                                                  
INFO     [rank 0] Training state saved:                      dit_trainer.py:1416
         checkpoints/model_weights_step_00840.state.pt                          
DEBUG    [rank 0] Removed old checkpoint:                    dit_trainer.py:1429
         /hppfs/scratch/0D/go76fuz2/windinet/outputs/shockwa                    
         ve_dit_ch6_loss_rmse_h1/checkpoints/model_weights_s                    
         tep_00600.safetensors                                                  
DEBUG    [rank 0] Removed old checkpoint:                    dit_trainer.py:1429
         /hppfs/scratch/0D/go76fuz2/windinet/outputs/shockwa                    
         ve_dit_ch6_loss_rmse_h1/checkpoints/scalar_embeddin                    
         g_step_00600.safetensors                                               
DEBUG    [rank 0] Removed optimizer state for older kept     dit_trainer.py:1444
         checkpoint:                                                            
         /hppfs/scratch/0D/go76fuz2/windinet/outputs/shockwa                    
         ve_dit_ch6_loss_rmse_h1/checkpoints/model_weights_s                    
         tep_00720.state.pt                                                     
[epoch 7] step=840 train_loss=0.203527
[train] step=841 loss=0.154866 lr=9.731e-06
[train] step=842 loss=0.199145 lr=9.730e-06
[train] step=843 loss=0.072035 lr=9.729e-06
[train] step=844 loss=0.165878 lr=9.729e-06
[train] step=845 loss=0.134659 lr=9.728e-06
[train] step=846 loss=0.215864 lr=9.728e-06
[train] step=847 loss=0.169190 lr=9.727e-06
[train] step=848 loss=0.175558 lr=9.726e-06
[train] step=849 loss=0.219013 lr=9.726e-06
[train] step=850 loss=0.209426 lr=9.725e-06
[train] step=851 loss=0.207377 lr=9.724e-06
[train] step=852 loss=0.196334 lr=9.724e-06
[train] step=853 loss=0.191990 lr=9.723e-06
[train] step=854 loss=0.268449 lr=9.722e-06
[train] step=855 loss=0.199393 lr=9.722e-06
[train] step=856 loss=0.258189 lr=9.721e-06
[train] step=857 loss=0.273585 lr=9.720e-06
[train] step=858 loss=0.176917 lr=9.720e-06
[train] step=859 loss=0.392898 lr=9.719e-06
[train] step=860 loss=0.357693 lr=9.718e-06
[train] step=861 loss=0.164412 lr=9.718e-06
[train] step=862 loss=0.155598 lr=9.717e-06
[train] step=863 loss=0.217040 lr=9.717e-06
[train] step=864 loss=0.186607 lr=9.716e-06
[train] step=865 loss=0.337114 lr=9.715e-06
[train] step=866 loss=0.166078 lr=9.715e-06
[train] step=867 loss=0.198820 lr=9.714e-06
[train] step=868 loss=0.129874 lr=9.713e-06
[train] step=869 loss=0.127654 lr=9.713e-06
[train] step=870 loss=0.262427 lr=9.712e-06
[train] step=871 loss=0.324910 lr=9.711e-06
[train] step=872 loss=0.160227 lr=9.711e-06
[train] step=873 loss=0.185548 lr=9.710e-06
[train] step=874 loss=0.202570 lr=9.709e-06
[train] step=875 loss=0.273351 lr=9.709e-06
[train] step=876 loss=0.222892 lr=9.708e-06
[train] step=877 loss=0.176002 lr=9.707e-06
[train] step=878 loss=0.124362 lr=9.707e-06
[train] step=879 loss=0.151659 lr=9.706e-06
[train] step=880 loss=0.207447 lr=9.705e-06
[train] step=881 loss=0.189768 lr=9.705e-06
[train] step=882 loss=0.213465 lr=9.704e-06
[train] step=883 loss=0.168941 lr=9.703e-06
[train] step=884 loss=0.173049 lr=9.703e-06
[train] step=885 loss=0.199288 lr=9.702e-06
[train] step=886 loss=0.174178 lr=9.701e-06
[train] step=887 loss=0.157841 lr=9.701e-06
[train] step=888 loss=0.152800 lr=9.700e-06
[train] step=889 loss=0.288618 lr=9.699e-06
[train] step=890 loss=0.297236 lr=9.699e-06
[train] step=891 loss=0.213302 lr=9.698e-06
[train] step=892 loss=0.208339 lr=9.697e-06
[train] step=893 loss=0.251117 lr=9.697e-06
[train] step=894 loss=0.195188 lr=9.696e-06
[train] step=895 loss=0.142761 lr=9.695e-06
[train] step=896 loss=0.133104 lr=9.695e-06
[train] step=897 loss=0.187282 lr=9.694e-06
[train] step=898 loss=0.157540 lr=9.693e-06
[train] step=899 loss=0.200449 lr=9.693e-06
[train] step=900 loss=0.230637 lr=9.692e-06
[train] step=901 loss=0.163321 lr=9.691e-06
[train] step=902 loss=0.178370 lr=9.691e-06
[train] step=903 loss=0.106737 lr=9.690e-06
[train] step=904 loss=0.124424 lr=9.689e-06
[train] step=905 loss=0.126056 lr=9.689e-06
[train] step=906 loss=0.160610 lr=9.688e-06
[train] step=907 loss=0.241408 lr=9.687e-06
[train] step=908 loss=0.168484 lr=9.686e-06
[train] step=909 loss=0.232481 lr=9.686e-06
[train] step=910 loss=0.176594 lr=9.685e-06
[train] step=911 loss=0.105344 lr=9.684e-06
[train] step=912 loss=0.341375 lr=9.684e-06
[train] step=913 loss=0.228870 lr=9.683e-06
[train] step=914 loss=0.187291 lr=9.682e-06
[train] step=915 loss=0.124134 lr=9.682e-06
[train] step=916 loss=0.293857 lr=9.681e-06
[train] step=917 loss=0.163045 lr=9.680e-06
[train] step=918 loss=0.252225 lr=9.680e-06
[train] step=919 loss=0.243157 lr=9.679e-06
[train] step=920 loss=0.226750 lr=9.678e-06
[train] step=921 loss=0.210584 lr=9.678e-06
[train] step=922 loss=0.173965 lr=9.677e-06
[train] step=923 loss=0.155621 lr=9.676e-06
[train] step=924 loss=0.490020 lr=9.675e-06
[train] step=925 loss=0.224866 lr=9.675e-06
[train] step=926 loss=0.143146 lr=9.674e-06
[train] step=927 loss=0.145411 lr=9.673e-06
[train] step=928 loss=0.251969 lr=9.673e-06
[train] step=929 loss=0.200137 lr=9.672e-06
[train] step=930 loss=0.441742 lr=9.671e-06
[train] step=931 loss=0.376889 lr=9.671e-06
[train] step=932 loss=0.211554 lr=9.670e-06
[train] step=933 loss=0.233807 lr=9.669e-06
[train] step=934 loss=0.169460 lr=9.668e-06
[train] step=935 loss=0.257202 lr=9.668e-06
[train] step=936 loss=0.121354 lr=9.667e-06
[train] step=937 loss=0.183652 lr=9.666e-06
[train] step=938 loss=0.220001 lr=9.666e-06
[train] step=939 loss=0.305469 lr=9.665e-06
[train] step=940 loss=0.233832 lr=9.664e-06
[train] step=941 loss=0.137724 lr=9.664e-06
[train] step=942 loss=0.244370 lr=9.663e-06
[train] step=943 loss=0.193683 lr=9.662e-06
[train] step=944 loss=0.212864 lr=9.661e-06
[train] step=945 loss=0.240295 lr=9.661e-06
[train] step=946 loss=0.405366 lr=9.660e-06
[train] step=947 loss=0.241255 lr=9.659e-06
[train] step=948 loss=0.091385 lr=9.659e-06
[train] step=949 loss=0.128032 lr=9.658e-06
[train] step=950 loss=0.124006 lr=9.657e-06
[train] step=951 loss=0.165125 lr=9.656e-06
[train] step=952 loss=0.189513 lr=9.656e-06
[train] step=953 loss=0.142434 lr=9.655e-06
[train] step=954 loss=0.153507 lr=9.654e-06
[train] step=955 loss=0.233863 lr=9.654e-06
[train] step=956 loss=0.175394 lr=9.653e-06
[train] step=957 loss=0.263195 lr=9.652e-06
[train] step=958 loss=0.220484 lr=9.651e-06
[train] step=959 loss=0.114325 lr=9.651e-06
[train] step=960 loss=0.176603 lr=9.650e-06
INFO     [rank 0] Model weights for step 960 saved in        dit_trainer.py:1288
         checkpoints/model_weights_step_00960.safetensors                       
INFO     [rank 0] Scalar embedding weights for step 960      dit_trainer.py:1297
         saved                                                                  
INFO     [rank 0] Training state saved:                      dit_trainer.py:1416
         checkpoints/model_weights_step_00960.state.pt                          
DEBUG    [rank 0] Removed old checkpoint:                    dit_trainer.py:1429
         /hppfs/scratch/0D/go76fuz2/windinet/outputs/shockwa                    
         ve_dit_ch6_loss_rmse_h1/checkpoints/model_weights_s                    
         tep_00720.safetensors                                                  
DEBUG    [rank 0] Removed old checkpoint:                    dit_trainer.py:1429
         /hppfs/scratch/0D/go76fuz2/windinet/outputs/shockwa                    
         ve_dit_ch6_loss_rmse_h1/checkpoints/scalar_embeddin                    
         g_step_00720.safetensors                                               
DEBUG    [rank 0] Removed optimizer state for older kept     dit_trainer.py:1444
         checkpoint:                                                            
         /hppfs/scratch/0D/go76fuz2/windinet/outputs/shockwa                    
         ve_dit_ch6_loss_rmse_h1/checkpoints/model_weights_s                    
         tep_00840.state.pt                                                     
[epoch 8] step=960 train_loss=0.205080
[train] step=961 loss=0.207472 lr=9.649e-06
[train] step=962 loss=0.207914 lr=9.649e-06
[train] step=963 loss=0.176482 lr=9.648e-06
[train] step=964 loss=0.226193 lr=9.647e-06
[train] step=965 loss=0.192114 lr=9.646e-06
[train] step=966 loss=0.166726 lr=9.646e-06
[train] step=967 loss=0.241576 lr=9.645e-06
[train] step=968 loss=0.246396 lr=9.644e-06
[train] step=969 loss=0.088066 lr=9.643e-06
[train] step=970 loss=0.181030 lr=9.643e-06
[train] step=971 loss=0.118057 lr=9.642e-06
[train] step=972 loss=0.243092 lr=9.641e-06
[train] step=973 loss=0.154996 lr=9.641e-06
[train] step=974 loss=0.175802 lr=9.640e-06
[train] step=975 loss=0.268038 lr=9.639e-06
[train] step=976 loss=0.137224 lr=9.638e-06
[train] step=977 loss=0.097539 lr=9.638e-06
[train] step=978 loss=0.200329 lr=9.637e-06
[train] step=979 loss=0.187350 lr=9.636e-06
[train] step=980 loss=0.144383 lr=9.635e-06
[train] step=981 loss=0.110960 lr=9.635e-06
[train] step=982 loss=0.194931 lr=9.634e-06
[train] step=983 loss=0.177107 lr=9.633e-06
[train] step=984 loss=0.125148 lr=9.632e-06
[train] step=985 loss=0.174764 lr=9.632e-06
[train] step=986 loss=0.187246 lr=9.631e-06
[train] step=987 loss=0.161498 lr=9.630e-06
[train] step=988 loss=0.173720 lr=9.629e-06
[train] step=989 loss=0.235921 lr=9.629e-06
[train] step=990 loss=0.259819 lr=9.628e-06
[train] step=991 loss=0.208680 lr=9.627e-06
[train] step=992 loss=0.155757 lr=9.627e-06
[train] step=993 loss=0.195950 lr=9.626e-06
[train] step=994 loss=0.153123 lr=9.625e-06
[train] step=995 loss=0.237348 lr=9.624e-06
[train] step=996 loss=0.263457 lr=9.624e-06
[train] step=997 loss=0.191152 lr=9.623e-06
[train] step=998 loss=0.177365 lr=9.622e-06
[train] step=999 loss=0.296247 lr=9.621e-06
[train] step=1000 loss=0.183087 lr=9.621e-06
[train] step=1001 loss=0.123840 lr=9.620e-06
[train] step=1002 loss=0.221364 lr=9.619e-06
[train] step=1003 loss=0.266561 lr=9.618e-06
[train] step=1004 loss=0.188021 lr=9.618e-06
[train] step=1005 loss=0.164670 lr=9.617e-06
[train] step=1006 loss=0.236524 lr=9.616e-06
[train] step=1007 loss=0.138091 lr=9.615e-06
[train] step=1008 loss=0.139743 lr=9.615e-06
[train] step=1009 loss=0.180207 lr=9.614e-06
[train] step=1010 loss=0.350916 lr=9.613e-06
[train] step=1011 loss=0.121009 lr=9.612e-06
[train] step=1012 loss=0.274137 lr=9.611e-06
[train] step=1013 loss=0.125517 lr=9.611e-06
[train] step=1014 loss=0.155478 lr=9.610e-06
[train] step=1015 loss=0.236454 lr=9.609e-06
[train] step=1016 loss=0.133556 lr=9.608e-06
[train] step=1017 loss=0.200370 lr=9.608e-06
[train] step=1018 loss=0.211924 lr=9.607e-06
[train] step=1019 loss=0.129009 lr=9.606e-06
[train] step=1020 loss=0.224140 lr=9.605e-06
[train] step=1021 loss=0.124492 lr=9.605e-06
[train] step=1022 loss=0.161775 lr=9.604e-06
[train] step=1023 loss=0.271720 lr=9.603e-06
[train] step=1024 loss=0.248297 lr=9.602e-06
[train] step=1025 loss=0.201336 lr=9.602e-06
[train] step=1026 loss=0.291371 lr=9.601e-06
[train] step=1027 loss=0.236111 lr=9.600e-06
[train] step=1028 loss=0.114081 lr=9.599e-06
[train] step=1029 loss=0.255683 lr=9.598e-06
[train] step=1030 loss=0.176228 lr=9.598e-06
[train] step=1031 loss=0.251806 lr=9.597e-06
[train] step=1032 loss=0.159297 lr=9.596e-06
[train] step=1033 loss=0.190055 lr=9.595e-06
[train] step=1034 loss=0.213327 lr=9.595e-06
[train] step=1035 loss=0.274364 lr=9.594e-06
[train] step=1036 loss=0.184498 lr=9.593e-06
[train] step=1037 loss=0.115566 lr=9.592e-06
[train] step=1038 loss=0.185527 lr=9.592e-06
[train] step=1039 loss=0.141910 lr=9.591e-06
[train] step=1040 loss=0.171038 lr=9.590e-06
[train] step=1041 loss=0.157451 lr=9.589e-06
[train] step=1042 loss=0.149356 lr=9.588e-06
[train] step=1043 loss=0.201894 lr=9.588e-06
[train] step=1044 loss=0.200409 lr=9.587e-06
[train] step=1045 loss=0.174571 lr=9.586e-06
[train] step=1046 loss=0.239175 lr=9.585e-06
[train] step=1047 loss=0.183790 lr=9.584e-06
[train] step=1048 loss=0.277464 lr=9.584e-06
[train] step=1049 loss=0.202689 lr=9.583e-06
[train] step=1050 loss=0.160063 lr=9.582e-06
[train] step=1051 loss=0.137676 lr=9.581e-06
[train] step=1052 loss=0.164002 lr=9.581e-06
[train] step=1053 loss=0.197914 lr=9.580e-06
[train] step=1054 loss=0.272135 lr=9.579e-06
[train] step=1055 loss=0.177689 lr=9.578e-06
[train] step=1056 loss=0.188857 lr=9.577e-06
[train] step=1057 loss=0.142517 lr=9.577e-06
[train] step=1058 loss=0.220625 lr=9.576e-06
[train] step=1059 loss=0.242045 lr=9.575e-06
[train] step=1060 loss=0.136821 lr=9.574e-06
[train] step=1061 loss=0.258157 lr=9.573e-06
[train] step=1062 loss=0.097314 lr=9.573e-06
[train] step=1063 loss=0.097417 lr=9.572e-06
[train] step=1064 loss=0.142287 lr=9.571e-06
[train] step=1065 loss=0.234886 lr=9.570e-06
[train] step=1066 loss=0.211353 lr=9.569e-06
[train] step=1067 loss=0.167769 lr=9.569e-06
[train] step=1068 loss=0.249852 lr=9.568e-06
[train] step=1069 loss=0.167412 lr=9.567e-06
[train] step=1070 loss=0.261305 lr=9.566e-06
[train] step=1071 loss=0.213446 lr=9.565e-06
[train] step=1072 loss=0.187302 lr=9.565e-06
[train] step=1073 loss=0.226570 lr=9.564e-06
[train] step=1074 loss=0.142440 lr=9.563e-06
[train] step=1075 loss=0.200436 lr=9.562e-06
[train] step=1076 loss=0.102321 lr=9.561e-06
[train] step=1077 loss=0.143819 lr=9.561e-06
[train] step=1078 loss=0.174393 lr=9.560e-06
[train] step=1079 loss=0.118957 lr=9.559e-06
[train] step=1080 loss=0.257865 lr=9.558e-06
INFO     [rank 0] Model weights for step 1080 saved in       dit_trainer.py:1288
         checkpoints/model_weights_step_01080.safetensors                       
INFO     [rank 0] Scalar embedding weights for step 1080     dit_trainer.py:1297
         saved                                                                  
INFO     [rank 0] Training state saved:                      dit_trainer.py:1416
         checkpoints/model_weights_step_01080.state.pt                          
DEBUG    [rank 0] Removed old checkpoint:                    dit_trainer.py:1429
         /hppfs/scratch/0D/go76fuz2/windinet/outputs/shockwa                    
         ve_dit_ch6_loss_rmse_h1/checkpoints/model_weights_s                    
         tep_00840.safetensors                                                  
DEBUG    [rank 0] Removed old checkpoint:                    dit_trainer.py:1429
         /hppfs/scratch/0D/go76fuz2/windinet/outputs/shockwa                    
         ve_dit_ch6_loss_rmse_h1/checkpoints/scalar_embeddin                    
         g_step_00840.safetensors                                               
DEBUG    [rank 0] Removed optimizer state for older kept     dit_trainer.py:1444
         checkpoint:                                                            
         /hppfs/scratch/0D/go76fuz2/windinet/outputs/shockwa                    
         ve_dit_ch6_loss_rmse_h1/checkpoints/model_weights_s                    
         tep_00960.state.pt                                                     
[epoch 9] step=1080 train_loss=0.189294
[train] step=1081 loss=0.256416 lr=9.557e-06
[train] step=1082 loss=0.160010 lr=9.557e-06
[train] step=1083 loss=0.201801 lr=9.556e-06
[train] step=1084 loss=0.228418 lr=9.555e-06
[train] step=1085 loss=0.199365 lr=9.554e-06
[train] step=1086 loss=0.243829 lr=9.553e-06
[train] step=1087 loss=0.181852 lr=9.553e-06
[train] step=1088 loss=0.157839 lr=9.552e-06
[train] step=1089 loss=0.148257 lr=9.551e-06
[train] step=1090 loss=0.419463 lr=9.550e-06
[train] step=1091 loss=0.210514 lr=9.549e-06
[train] step=1092 loss=0.159886 lr=9.549e-06
[train] step=1093 loss=0.281191 lr=9.548e-06
[train] step=1094 loss=0.182381 lr=9.547e-06
[train] step=1095 loss=0.183356 lr=9.546e-06
[train] step=1096 loss=0.274155 lr=9.545e-06
[train] step=1097 loss=0.239048 lr=9.544e-06
[train] step=1098 loss=0.228886 lr=9.544e-06
[train] step=1099 loss=0.195597 lr=9.543e-06
[train] step=1100 loss=0.181722 lr=9.542e-06
[train] step=1101 loss=0.311164 lr=9.541e-06
[train] step=1102 loss=0.132555 lr=9.540e-06
[train] step=1103 loss=0.211000 lr=9.540e-06
[train] step=1104 loss=0.468226 lr=9.539e-06
[train] step=1105 loss=0.237353 lr=9.538e-06
[train] step=1106 loss=0.178452 lr=9.537e-06
[train] step=1107 loss=0.195548 lr=9.536e-06
[train] step=1108 loss=0.194358 lr=9.535e-06
[train] step=1109 loss=0.276597 lr=9.535e-06
[train] step=1110 loss=0.161086 lr=9.534e-06
[train] step=1111 loss=0.203579 lr=9.533e-06
[train] step=1112 loss=0.172069 lr=9.532e-06
[train] step=1113 loss=0.182689 lr=9.531e-06
[train] step=1114 loss=0.226392 lr=9.530e-06
[train] step=1115 loss=0.263507 lr=9.530e-06
[train] step=1116 loss=0.176639 lr=9.529e-06
[train] step=1117 loss=0.199149 lr=9.528e-06
[train] step=1118 loss=0.164231 lr=9.527e-06
[train] step=1119 loss=0.219499 lr=9.526e-06
[train] step=1120 loss=0.141029 lr=9.525e-06
[train] step=1121 loss=0.185904 lr=9.525e-06
[train] step=1122 loss=0.148394 lr=9.524e-06
[train] step=1123 loss=0.230637 lr=9.523e-06
[train] step=1124 loss=0.173329 lr=9.522e-06
[train] step=1125 loss=0.113781 lr=9.521e-06
[train] step=1126 loss=0.262565 lr=9.520e-06
[train] step=1127 loss=0.168751 lr=9.520e-06
[train] step=1128 loss=0.167430 lr=9.519e-06
[train] step=1129 loss=0.149222 lr=9.518e-06
[train] step=1130 loss=0.192781 lr=9.517e-06
[train] step=1131 loss=0.222882 lr=9.516e-06
[train] step=1132 loss=0.172563 lr=9.515e-06
[train] step=1133 loss=0.217186 lr=9.515e-06
[train] step=1134 loss=0.221958 lr=9.514e-06
[train] step=1135 loss=0.171675 lr=9.513e-06
[train] step=1136 loss=0.166191 lr=9.512e-06
[train] step=1137 loss=0.217490 lr=9.511e-06
[train] step=1138 loss=0.147914 lr=9.510e-06
[train] step=1139 loss=0.181927 lr=9.509e-06
[train] step=1140 loss=0.184965 lr=9.509e-06
[train] step=1141 loss=0.181660 lr=9.508e-06
[train] step=1142 loss=0.144099 lr=9.507e-06
[train] step=1143 loss=0.170304 lr=9.506e-06
[train] step=1144 loss=0.219068 lr=9.505e-06
[train] step=1145 loss=0.192407 lr=9.504e-06
[train] step=1146 loss=0.189039 lr=9.504e-06
[train] step=1147 loss=0.133089 lr=9.503e-06
[train] step=1148 loss=0.238115 lr=9.502e-06
[train] step=1149 loss=0.159880 lr=9.501e-06
[train] step=1150 loss=0.245589 lr=9.500e-06
[train] step=1151 loss=0.218660 lr=9.499e-06
[train] step=1152 loss=0.183433 lr=9.498e-06
[train] step=1153 loss=0.120693 lr=9.498e-06
[train] step=1154 loss=0.252542 lr=9.497e-06
[train] step=1155 loss=0.220966 lr=9.496e-06
[train] step=1156 loss=0.173363 lr=9.495e-06
[train] step=1157 loss=0.227287 lr=9.494e-06
[train] step=1158 loss=0.135864 lr=9.493e-06
[train] step=1159 loss=0.158771 lr=9.492e-06
[train] step=1160 loss=0.184606 lr=9.492e-06
[train] step=1161 loss=0.217142 lr=9.491e-06
[train] step=1162 loss=0.209564 lr=9.490e-06
[train] step=1163 loss=0.298882 lr=9.489e-06
[train] step=1164 loss=0.192086 lr=9.488e-06
[train] step=1165 loss=0.142673 lr=9.487e-06
[train] step=1166 loss=0.217414 lr=9.486e-06
[train] step=1167 loss=0.202185 lr=9.485e-06
[train] step=1168 loss=0.255893 lr=9.485e-06
[train] step=1169 loss=0.167733 lr=9.484e-06
[train] step=1170 loss=0.254397 lr=9.483e-06
[train] step=1171 loss=0.232149 lr=9.482e-06
[train] step=1172 loss=0.226749 lr=9.481e-06
[train] step=1173 loss=0.192130 lr=9.480e-06
[train] step=1174 loss=0.260158 lr=9.479e-06
[train] step=1175 loss=0.122970 lr=9.478e-06
[train] step=1176 loss=0.205234 lr=9.478e-06
[train] step=1177 loss=0.270169 lr=9.477e-06
[train] step=1178 loss=0.187645 lr=9.476e-06
[train] step=1179 loss=0.161585 lr=9.475e-06
[train] step=1180 loss=0.202955 lr=9.474e-06
[train] step=1181 loss=0.155460 lr=9.473e-06
[train] step=1182 loss=0.231896 lr=9.472e-06
[train] step=1183 loss=0.168297 lr=9.471e-06
[train] step=1184 loss=0.270939 lr=9.471e-06
[train] step=1185 loss=0.201722 lr=9.470e-06
[train] step=1186 loss=0.149828 lr=9.469e-06
[train] step=1187 loss=0.207075 lr=9.468e-06
[train] step=1188 loss=0.245716 lr=9.467e-06
[train] step=1189 loss=0.195021 lr=9.466e-06
[train] step=1190 loss=0.202061 lr=9.465e-06
[train] step=1191 loss=0.171429 lr=9.464e-06
[train] step=1192 loss=0.122744 lr=9.464e-06
[train] step=1193 loss=0.212846 lr=9.463e-06
[train] step=1194 loss=0.325043 lr=9.462e-06
[train] step=1195 loss=0.245750 lr=9.461e-06
[train] step=1196 loss=0.137317 lr=9.460e-06
[train] step=1197 loss=0.236367 lr=9.459e-06
[train] step=1198 loss=0.139131 lr=9.458e-06
[train] step=1199 loss=0.163053 lr=9.457e-06
[train] step=1200 loss=0.115716 lr=9.456e-06
[val] step=1200 val_loss=0.193608
INFO     [rank 0] Model weights for step 1200 saved in       dit_trainer.py:1288
         checkpoints/model_weights_step_01200.safetensors                       
INFO     [rank 0] Scalar embedding weights for step 1200     dit_trainer.py:1297
         saved                                                                  
INFO     [rank 0] Training state saved:                      dit_trainer.py:1416
         checkpoints/model_weights_step_01200.state.pt                          
INFO     [rank 0] New best checkpoint (step 1200,            dit_trainer.py:1320
         val_loss=0.193608):                                                    
         checkpoints/model_weights_best.safetensors                             
DEBUG    [rank 0] Removed old checkpoint:                    dit_trainer.py:1429
         /hppfs/scratch/0D/go76fuz2/windinet/outputs/shockwa                    
         ve_dit_ch6_loss_rmse_h1/checkpoints/model_weights_s                    
         tep_00960.safetensors                                                  
DEBUG    [rank 0] Removed old checkpoint:                    dit_trainer.py:1429
         /hppfs/scratch/0D/go76fuz2/windinet/outputs/shockwa                    
         ve_dit_ch6_loss_rmse_h1/checkpoints/scalar_embeddin                    
         g_step_00960.safetensors                                               
DEBUG    [rank 0] Removed optimizer state for older kept     dit_trainer.py:1444
         checkpoint:                                                            
         /hppfs/scratch/0D/go76fuz2/windinet/outputs/shockwa                    
         ve_dit_ch6_loss_rmse_h1/checkpoints/model_weights_s                    
         tep_01080.state.pt                                                     
[epoch 10] step=1200 train_loss=0.202961 val_loss=0.193608
[train] step=1201 loss=0.211540 lr=9.456e-06
[train] step=1202 loss=0.152263 lr=9.455e-06
[train] step=1203 loss=0.099495 lr=9.454e-06
[train] step=1204 loss=0.151360 lr=9.453e-06
[train] step=1205 loss=0.106602 lr=9.452e-06
[train] step=1206 loss=0.153987 lr=9.451e-06
[train] step=1207 loss=0.173346 lr=9.450e-06
[train] step=1208 loss=0.238081 lr=9.449e-06
[train] step=1209 loss=0.228674 lr=9.448e-06
[train] step=1210 loss=0.195834 lr=9.448e-06
[train] step=1211 loss=0.121478 lr=9.447e-06
[train] step=1212 loss=0.150772 lr=9.446e-06
[train] step=1213 loss=0.208189 lr=9.445e-06
[train] step=1214 loss=0.293252 lr=9.444e-06
[train] step=1215 loss=0.284272 lr=9.443e-06
[train] step=1216 loss=0.225424 lr=9.442e-06
[train] step=1217 loss=0.230610 lr=9.441e-06
[train] step=1218 loss=0.209845 lr=9.440e-06
[train] step=1219 loss=0.076827 lr=9.439e-06
[train] step=1220 loss=0.208519 lr=9.439e-06
[train] step=1221 loss=0.182982 lr=9.438e-06
[train] step=1222 loss=0.215645 lr=9.437e-06
[train] step=1223 loss=0.189564 lr=9.436e-06
[train] step=1224 loss=0.134977 lr=9.435e-06
[train] step=1225 loss=0.216683 lr=9.434e-06
[train] step=1226 loss=0.192263 lr=9.433e-06
[train] step=1227 loss=0.149653 lr=9.432e-06
[train] step=1228 loss=0.210526 lr=9.431e-06
[train] step=1229 loss=0.177485 lr=9.430e-06
[train] step=1230 loss=0.108830 lr=9.429e-06
[train] step=1231 loss=0.161222 lr=9.429e-06
[train] step=1232 loss=0.203451 lr=9.428e-06
[train] step=1233 loss=0.128507 lr=9.427e-06
[train] step=1234 loss=0.214200 lr=9.426e-06
[train] step=1235 loss=0.238918 lr=9.425e-06
[train] step=1236 loss=0.218439 lr=9.424e-06
[train] step=1237 loss=0.271681 lr=9.423e-06
[train] step=1238 loss=0.235089 lr=9.422e-06
[train] step=1239 loss=0.229825 lr=9.421e-06
[train] step=1240 loss=0.189803 lr=9.420e-06
[train] step=1241 loss=0.188676 lr=9.419e-06
[train] step=1242 loss=0.102918 lr=9.418e-06
[train] step=1243 loss=0.135340 lr=9.418e-06
[train] step=1244 loss=0.160207 lr=9.417e-06
[train] step=1245 loss=0.227720 lr=9.416e-06
[train] step=1246 loss=0.251567 lr=9.415e-06
[train] step=1247 loss=0.200330 lr=9.414e-06
[train] step=1248 loss=0.214704 lr=9.413e-06
[train] step=1249 loss=0.265990 lr=9.412e-06
[train] step=1250 loss=0.126920 lr=9.411e-06
[train] step=1251 loss=0.299787 lr=9.410e-06
[train] step=1252 loss=0.174959 lr=9.409e-06
[train] step=1253 loss=0.139277 lr=9.408e-06
[train] step=1254 loss=0.161069 lr=9.407e-06
[train] step=1255 loss=0.148981 lr=9.406e-06
[train] step=1256 loss=0.187883 lr=9.406e-06
[train] step=1257 loss=0.218525 lr=9.405e-06
[train] step=1258 loss=0.169510 lr=9.404e-06
[train] step=1259 loss=0.185659 lr=9.403e-06
[train] step=1260 loss=0.111539 lr=9.402e-06
[train] step=1261 loss=0.164212 lr=9.401e-06
[train] step=1262 loss=0.191069 lr=9.400e-06
[train] step=1263 loss=0.141772 lr=9.399e-06
[train] step=1264 loss=0.344016 lr=9.398e-06
[train] step=1265 loss=0.212825 lr=9.397e-06
[train] step=1266 loss=0.268142 lr=9.396e-06
[train] step=1267 loss=0.167945 lr=9.395e-06
[train] step=1268 loss=0.108257 lr=9.394e-06
[train] step=1269 loss=0.170574 lr=9.393e-06
[train] step=1270 loss=0.239538 lr=9.393e-06
[train] step=1271 loss=0.182229 lr=9.392e-06
[train] step=1272 loss=0.151130 lr=9.391e-06
[train] step=1273 loss=0.146566 lr=9.390e-06
[train] step=1274 loss=0.203303 lr=9.389e-06
[train] step=1275 loss=0.180675 lr=9.388e-06
[train] step=1276 loss=0.186899 lr=9.387e-06
[train] step=1277 loss=0.193829 lr=9.386e-06
[train] step=1278 loss=0.185115 lr=9.385e-06
[train] step=1279 loss=0.187791 lr=9.384e-06
[train] step=1280 loss=0.177688 lr=9.383e-06
[train] step=1281 loss=0.130926 lr=9.382e-06
[train] step=1282 loss=0.303370 lr=9.381e-06
[train] step=1283 loss=0.180632 lr=9.380e-06
[train] step=1284 loss=0.215833 lr=9.379e-06
[train] step=1285 loss=0.127146 lr=9.378e-06
[train] step=1286 loss=0.152353 lr=9.377e-06
[train] step=1287 loss=0.363487 lr=9.376e-06
[train] step=1288 loss=0.181480 lr=9.376e-06
[train] step=1289 loss=0.209408 lr=9.375e-06
[train] step=1290 loss=0.276007 lr=9.374e-06
[train] step=1291 loss=0.241660 lr=9.373e-06
[train] step=1292 loss=0.081320 lr=9.372e-06
[train] step=1293 loss=0.098275 lr=9.371e-06
[train] step=1294 loss=0.173495 lr=9.370e-06
[train] step=1295 loss=0.260823 lr=9.369e-06
[train] step=1296 loss=0.176286 lr=9.368e-06
[train] step=1297 loss=0.201184 lr=9.367e-06
[train] step=1298 loss=0.269763 lr=9.366e-06
[train] step=1299 loss=0.187940 lr=9.365e-06
[train] step=1300 loss=0.232843 lr=9.364e-06
[train] step=1301 loss=0.274195 lr=9.363e-06
[train] step=1302 loss=0.226834 lr=9.362e-06
[train] step=1303 loss=0.195837 lr=9.361e-06
[train] step=1304 loss=0.200217 lr=9.360e-06
[train] step=1305 loss=0.175544 lr=9.359e-06
[train] step=1306 loss=0.124769 lr=9.358e-06
[train] step=1307 loss=0.309987 lr=9.357e-06
[train] step=1308 loss=0.138338 lr=9.356e-06
[train] step=1309 loss=0.184850 lr=9.355e-06
[train] step=1310 loss=0.209989 lr=9.354e-06
[train] step=1311 loss=0.253780 lr=9.353e-06
[train] step=1312 loss=0.184906 lr=9.353e-06
[train] step=1313 loss=0.145937 lr=9.352e-06
[train] step=1314 loss=0.188986 lr=9.351e-06
[train] step=1315 loss=0.137093 lr=9.350e-06
[train] step=1316 loss=0.246752 lr=9.349e-06
[train] step=1317 loss=0.239858 lr=9.348e-06
[train] step=1318 loss=0.152620 lr=9.347e-06
[train] step=1319 loss=0.201197 lr=9.346e-06
[train] step=1320 loss=0.127120 lr=9.345e-06
INFO     [rank 0] Model weights for step 1320 saved in       dit_trainer.py:1288
         checkpoints/model_weights_step_01320.safetensors                       
INFO     [rank 0] Scalar embedding weights for step 1320     dit_trainer.py:1297
         saved                                                                  
INFO     [rank 0] Training state saved:                      dit_trainer.py:1416
         checkpoints/model_weights_step_01320.state.pt                          
DEBUG    [rank 0] Removed old checkpoint:                    dit_trainer.py:1429
         /hppfs/scratch/0D/go76fuz2/windinet/outputs/shockwa                    
         ve_dit_ch6_loss_rmse_h1/checkpoints/model_weights_s                    
         tep_01080.safetensors                                                  
DEBUG    [rank 0] Removed old checkpoint:                    dit_trainer.py:1429
         /hppfs/scratch/0D/go76fuz2/windinet/outputs/shockwa                    
         ve_dit_ch6_loss_rmse_h1/checkpoints/scalar_embeddin                    
         g_step_01080.safetensors                                               
DEBUG    [rank 0] Removed optimizer state for older kept     dit_trainer.py:1444
         checkpoint:                                                            
         /hppfs/scratch/0D/go76fuz2/windinet/outputs/shockwa                    
         ve_dit_ch6_loss_rmse_h1/checkpoints/model_weights_s                    
         tep_01200.state.pt                                                     
[epoch 11] step=1320 train_loss=0.191974
[train] step=1321 loss=0.228034 lr=9.344e-06
[train] step=1322 loss=0.265579 lr=9.343e-06
[train] step=1323 loss=0.206379 lr=9.342e-06
[train] step=1324 loss=0.161685 lr=9.341e-06
[train] step=1325 loss=0.164243 lr=9.340e-06
[train] step=1326 loss=0.162415 lr=9.339e-06
[train] step=1327 loss=0.242192 lr=9.338e-06
[train] step=1328 loss=0.227161 lr=9.337e-06
[train] step=1329 loss=0.266079 lr=9.336e-06
[train] step=1330 loss=0.135119 lr=9.335e-06
[train] step=1331 loss=0.215237 lr=9.334e-06
[train] step=1332 loss=0.409977 lr=9.333e-06
[train] step=1333 loss=0.220757 lr=9.332e-06
[train] step=1334 loss=0.153374 lr=9.331e-06
[train] step=1335 loss=0.196120 lr=9.330e-06
[train] step=1336 loss=0.186285 lr=9.329e-06
[train] step=1337 loss=0.219081 lr=9.328e-06
[train] step=1338 loss=0.163391 lr=9.327e-06
[train] step=1339 loss=0.210179 lr=9.326e-06
[train] step=1340 loss=0.230371 lr=9.325e-06
[train] step=1341 loss=0.161490 lr=9.324e-06
[train] step=1342 loss=0.201820 lr=9.323e-06
[train] step=1343 loss=0.249277 lr=9.322e-06
[train] step=1344 loss=0.170378 lr=9.321e-06
[train] step=1345 loss=0.211341 lr=9.320e-06
[train] step=1346 loss=0.129720 lr=9.319e-06
[train] step=1347 loss=0.223850 lr=9.318e-06
[train] step=1348 loss=0.294474 lr=9.317e-06
[train] step=1349 loss=0.137744 lr=9.316e-06
[train] step=1350 loss=0.231257 lr=9.315e-06
[train] step=1351 loss=0.149586 lr=9.314e-06
[train] step=1352 loss=0.172161 lr=9.313e-06
[train] step=1353 loss=0.158579 lr=9.312e-06
[train] step=1354 loss=0.178789 lr=9.311e-06
[train] step=1355 loss=0.222127 lr=9.310e-06
[train] step=1356 loss=0.217506 lr=9.309e-06
[train] step=1357 loss=0.192344 lr=9.308e-06
[train] step=1358 loss=0.179799 lr=9.307e-06
[train] step=1359 loss=0.191420 lr=9.306e-06
[train] step=1360 loss=0.179966 lr=9.305e-06
[train] step=1361 loss=0.150715 lr=9.304e-06
[train] step=1362 loss=0.208091 lr=9.303e-06
[train] step=1363 loss=0.165112 lr=9.302e-06
[train] step=1364 loss=0.154118 lr=9.301e-06
[train] step=1365 loss=0.254017 lr=9.300e-06
[train] step=1366 loss=0.266564 lr=9.299e-06
[train] step=1367 loss=0.198291 lr=9.298e-06
[train] step=1368 loss=0.167962 lr=9.297e-06
[train] step=1369 loss=0.214328 lr=9.296e-06
[train] step=1370 loss=0.228583 lr=9.295e-06
[train] step=1371 loss=0.197457 lr=9.294e-06
[train] step=1372 loss=0.220150 lr=9.293e-06
[train] step=1373 loss=0.134690 lr=9.292e-06
[train] step=1374 loss=0.143440 lr=9.291e-06
[train] step=1375 loss=0.195990 lr=9.290e-06
[train] step=1376 loss=0.139223 lr=9.289e-06
[train] step=1377 loss=0.166872 lr=9.288e-06
[train] step=1378 loss=0.284853 lr=9.287e-06
[train] step=1379 loss=0.214567 lr=9.286e-06
[train] step=1380 loss=0.200712 lr=9.285e-06
[train] step=1381 loss=0.174872 lr=9.284e-06
[train] step=1382 loss=0.261812 lr=9.283e-06
[train] step=1383 loss=0.200217 lr=9.282e-06
[train] step=1384 loss=0.209442 lr=9.281e-06
[train] step=1385 loss=0.250179 lr=9.280e-06
[train] step=1386 loss=0.195463 lr=9.279e-06
[train] step=1387 loss=0.310821 lr=9.278e-06
[train] step=1388 loss=0.368067 lr=9.277e-06
[train] step=1389 loss=0.205399 lr=9.276e-06
[train] step=1390 loss=0.272595 lr=9.275e-06
[train] step=1391 loss=0.089019 lr=9.274e-06
[train] step=1392 loss=0.239669 lr=9.273e-06
[train] step=1393 loss=0.200228 lr=9.272e-06
[train] step=1394 loss=0.198027 lr=9.271e-06
[train] step=1395 loss=0.120020 lr=9.270e-06
[train] step=1396 loss=0.199041 lr=9.269e-06
[train] step=1397 loss=0.191014 lr=9.268e-06
[train] step=1398 loss=0.135871 lr=9.267e-06
[train] step=1399 loss=0.313289 lr=9.266e-06
[train] step=1400 loss=0.206220 lr=9.265e-06
[train] step=1401 loss=0.291183 lr=9.264e-06
[train] step=1402 loss=0.197221 lr=9.263e-06
[train] step=1403 loss=0.228493 lr=9.262e-06
[train] step=1404 loss=0.175822 lr=9.261e-06
[train] step=1405 loss=0.410708 lr=9.260e-06
[train] step=1406 loss=0.152971 lr=9.259e-06
[train] step=1407 loss=0.194451 lr=9.258e-06
[train] step=1408 loss=0.191461 lr=9.257e-06
[train] step=1409 loss=0.176833 lr=9.256e-06
[train] step=1410 loss=0.185550 lr=9.255e-06
[train] step=1411 loss=0.201077 lr=9.254e-06
[train] step=1412 loss=0.488330 lr=9.253e-06
[train] step=1413 loss=0.233891 lr=9.252e-06
[train] step=1414 loss=0.147830 lr=9.251e-06
[train] step=1415 loss=0.122276 lr=9.250e-06
[train] step=1416 loss=0.145994 lr=9.248e-06
[train] step=1417 loss=0.171355 lr=9.247e-06
[train] step=1418 loss=0.158752 lr=9.246e-06
[train] step=1419 loss=0.189605 lr=9.245e-06
[train] step=1420 loss=0.143124 lr=9.244e-06
[train] step=1421 loss=0.186370 lr=9.243e-06
[train] step=1422 loss=0.200323 lr=9.242e-06
[train] step=1423 loss=0.184177 lr=9.241e-06
[train] step=1424 loss=0.164733 lr=9.240e-06
[train] step=1425 loss=0.147237 lr=9.239e-06
[train] step=1426 loss=0.124068 lr=9.238e-06
[train] step=1427 loss=0.180547 lr=9.237e-06
[train] step=1428 loss=0.218984 lr=9.236e-06
[train] step=1429 loss=0.194018 lr=9.235e-06
[train] step=1430 loss=0.207840 lr=9.234e-06
[train] step=1431 loss=0.117019 lr=9.233e-06
[train] step=1432 loss=0.147844 lr=9.232e-06
[train] step=1433 loss=0.200500 lr=9.231e-06
[train] step=1434 loss=0.171477 lr=9.230e-06
[train] step=1435 loss=0.208283 lr=9.229e-06
[train] step=1436 loss=0.251121 lr=9.228e-06
[train] step=1437 loss=0.277132 lr=9.227e-06
[train] step=1438 loss=0.218137 lr=9.226e-06
[train] step=1439 loss=0.186394 lr=9.225e-06
[train] step=1440 loss=0.241102 lr=9.223e-06
INFO     [rank 0] Model weights for step 1440 saved in       dit_trainer.py:1288
         checkpoints/model_weights_step_01440.safetensors                       
INFO     [rank 0] Scalar embedding weights for step 1440     dit_trainer.py:1297
         saved                                                                  
INFO     [rank 0] Training state saved:                      dit_trainer.py:1416
         checkpoints/model_weights_step_01440.state.pt                          
DEBUG    [rank 0] Removed old checkpoint:                    dit_trainer.py:1429
         /hppfs/scratch/0D/go76fuz2/windinet/outputs/shockwa                    
         ve_dit_ch6_loss_rmse_h1/checkpoints/model_weights_s                    
         tep_01200.safetensors                                                  
DEBUG    [rank 0] Removed old checkpoint:                    dit_trainer.py:1429
         /hppfs/scratch/0D/go76fuz2/windinet/outputs/shockwa                    
         ve_dit_ch6_loss_rmse_h1/checkpoints/scalar_embeddin                    
         g_step_01200.safetensors                                               
DEBUG    [rank 0] Removed optimizer state for older kept     dit_trainer.py:1444
         checkpoint:                                                            
         /hppfs/scratch/0D/go76fuz2/windinet/outputs/shockwa                    
         ve_dit_ch6_loss_rmse_h1/checkpoints/model_weights_s                    
         tep_01320.state.pt                                                     
[epoch 12] step=1440 train_loss=0.202371
[train] step=1441 loss=0.173416 lr=9.222e-06
[train] step=1442 loss=0.159386 lr=9.221e-06
[train] step=1443 loss=0.238733 lr=9.220e-06
[train] step=1444 loss=0.308253 lr=9.219e-06
[train] step=1445 loss=0.203713 lr=9.218e-06
[train] step=1446 loss=0.292473 lr=9.217e-06
[train] step=1447 loss=0.194583 lr=9.216e-06
[train] step=1448 loss=0.194620 lr=9.215e-06
[train] step=1449 loss=0.266223 lr=9.214e-06
[train] step=1450 loss=0.162761 lr=9.213e-06
[train] step=1451 loss=0.177887 lr=9.212e-06
[train] step=1452 loss=0.217830 lr=9.211e-06
[train] step=1453 loss=0.228720 lr=9.210e-06
[train] step=1454 loss=0.137127 lr=9.209e-06
[train] step=1455 loss=0.194012 lr=9.208e-06
[train] step=1456 loss=0.264214 lr=9.207e-06
[train] step=1457 loss=0.166955 lr=9.206e-06
[train] step=1458 loss=0.176103 lr=9.204e-06
[train] step=1459 loss=0.198386 lr=9.203e-06
[train] step=1460 loss=0.219130 lr=9.202e-06
[train] step=1461 loss=0.232537 lr=9.201e-06
[train] step=1462 loss=0.154737 lr=9.200e-06
[train] step=1463 loss=0.151460 lr=9.199e-06
[train] step=1464 loss=0.237267 lr=9.198e-06
[train] step=1465 loss=0.160500 lr=9.197e-06
[train] step=1466 loss=0.197358 lr=9.196e-06
[train] step=1467 loss=0.146549 lr=9.195e-06
[train] step=1468 loss=0.159428 lr=9.194e-06
[train] step=1469 loss=0.247539 lr=9.193e-06
[train] step=1470 loss=0.312561 lr=9.192e-06
[train] step=1471 loss=0.233001 lr=9.191e-06
[train] step=1472 loss=0.222831 lr=9.190e-06
[train] step=1473 loss=0.200569 lr=9.188e-06
[train] step=1474 loss=0.131571 lr=9.187e-06
[train] step=1475 loss=0.208349 lr=9.186e-06
[train] step=1476 loss=0.193527 lr=9.185e-06
[train] step=1477 loss=0.158946 lr=9.184e-06
[train] step=1478 loss=0.200115 lr=9.183e-06
[train] step=1479 loss=0.080806 lr=9.182e-06
[train] step=1480 loss=0.139913 lr=9.181e-06
[train] step=1481 loss=0.179062 lr=9.180e-06
[train] step=1482 loss=0.137232 lr=9.179e-06
[train] step=1483 loss=0.188313 lr=9.178e-06
[train] step=1484 loss=0.172389 lr=9.177e-06
[train] step=1485 loss=0.196028 lr=9.176e-06
[train] step=1486 loss=0.352847 lr=9.174e-06
[train] step=1487 loss=0.128190 lr=9.173e-06
[train] step=1488 loss=0.280370 lr=9.172e-06
[train] step=1489 loss=0.210793 lr=9.171e-06
[train] step=1490 loss=0.152860 lr=9.170e-06
[train] step=1491 loss=0.279357 lr=9.169e-06
[train] step=1492 loss=0.189801 lr=9.168e-06
[train] step=1493 loss=0.164194 lr=9.167e-06
[train] step=1494 loss=0.204629 lr=9.166e-06
[train] step=1495 loss=0.180294 lr=9.165e-06
[train] step=1496 loss=0.183461 lr=9.164e-06
[train] step=1497 loss=0.300070 lr=9.163e-06
[train] step=1498 loss=0.179009 lr=9.161e-06
[train] step=1499 loss=0.159700 lr=9.160e-06
[train] step=1500 loss=0.245184 lr=9.159e-06
[train] step=1501 loss=0.189262 lr=9.158e-06
[train] step=1502 loss=0.251723 lr=9.157e-06
[train] step=1503 loss=0.177372 lr=9.156e-06
[train] step=1504 loss=0.276448 lr=9.155e-06
[train] step=1505 loss=0.187965 lr=9.154e-06
[train] step=1506 loss=0.169316 lr=9.153e-06
[train] step=1507 loss=0.209289 lr=9.152e-06
[train] step=1508 loss=0.119468 lr=9.151e-06
[train] step=1509 loss=0.095912 lr=9.149e-06
[train] step=1510 loss=0.278565 lr=9.148e-06
[train] step=1511 loss=0.312387 lr=9.147e-06
[train] step=1512 loss=0.136982 lr=9.146e-06
[train] step=1513 loss=0.169390 lr=9.145e-06
[train] step=1514 loss=0.215209 lr=9.144e-06
[train] step=1515 loss=0.281149 lr=9.143e-06
[train] step=1516 loss=0.141742 lr=9.142e-06
[train] step=1517 loss=0.178237 lr=9.141e-06
[train] step=1518 loss=0.227611 lr=9.140e-06
[train] step=1519 loss=0.166765 lr=9.138e-06
[train] step=1520 loss=0.230443 lr=9.137e-06
[train] step=1521 loss=0.195560 lr=9.136e-06
[train] step=1522 loss=0.196727 lr=9.135e-06
[train] step=1523 loss=0.175189 lr=9.134e-06
[train] step=1524 loss=0.196709 lr=9.133e-06
[train] step=1525 loss=0.155810 lr=9.132e-06
[train] step=1526 loss=0.222495 lr=9.131e-06
[train] step=1527 loss=0.166319 lr=9.130e-06
[train] step=1528 loss=0.232882 lr=9.129e-06
[train] step=1529 loss=0.333126 lr=9.127e-06
[train] step=1530 loss=0.114265 lr=9.126e-06
[train] step=1531 loss=0.121838 lr=9.125e-06
[train] step=1532 loss=0.146893 lr=9.124e-06
[train] step=1533 loss=0.132031 lr=9.123e-06
[train] step=1534 loss=0.218951 lr=9.122e-06
[train] step=1535 loss=0.166699 lr=9.121e-06
[train] step=1536 loss=0.138301 lr=9.120e-06
[train] step=1537 loss=0.243942 lr=9.119e-06
[train] step=1538 loss=0.092515 lr=9.117e-06
[train] step=1539 loss=0.116792 lr=9.116e-06
[train] step=1540 loss=0.216176 lr=9.115e-06
[train] step=1541 loss=0.186322 lr=9.114e-06
[train] step=1542 loss=0.156792 lr=9.113e-06
[train] step=1543 loss=0.126488 lr=9.112e-06
[train] step=1544 loss=0.206605 lr=9.111e-06
[train] step=1545 loss=0.189606 lr=9.110e-06
[train] step=1546 loss=0.189643 lr=9.109e-06
[train] step=1547 loss=0.159369 lr=9.107e-06
[train] step=1548 loss=0.184943 lr=9.106e-06
[train] step=1549 loss=0.151215 lr=9.105e-06
[train] step=1550 loss=0.272971 lr=9.104e-06
[train] step=1551 loss=0.184365 lr=9.103e-06
[train] step=1552 loss=0.116152 lr=9.102e-06
[train] step=1553 loss=0.188414 lr=9.101e-06
[train] step=1554 loss=0.215127 lr=9.100e-06
[train] step=1555 loss=0.190743 lr=9.098e-06
[train] step=1556 loss=0.231474 lr=9.097e-06
[train] step=1557 loss=0.147952 lr=9.096e-06
[train] step=1558 loss=0.171551 lr=9.095e-06
[train] step=1559 loss=0.204904 lr=9.094e-06
[train] step=1560 loss=0.202090 lr=9.093e-06
INFO     [rank 0] Model weights for step 1560 saved in       dit_trainer.py:1288
         checkpoints/model_weights_step_01560.safetensors                       
INFO     [rank 0] Scalar embedding weights for step 1560     dit_trainer.py:1297
         saved                                                                  
INFO     [rank 0] Training state saved:                      dit_trainer.py:1416
         checkpoints/model_weights_step_01560.state.pt                          
DEBUG    [rank 0] Removed old checkpoint:                    dit_trainer.py:1429
         /hppfs/scratch/0D/go76fuz2/windinet/outputs/shockwa                    
         ve_dit_ch6_loss_rmse_h1/checkpoints/model_weights_s                    
         tep_01320.safetensors                                                  
DEBUG    [rank 0] Removed old checkpoint:                    dit_trainer.py:1429
         /hppfs/scratch/0D/go76fuz2/windinet/outputs/shockwa                    
         ve_dit_ch6_loss_rmse_h1/checkpoints/scalar_embeddin                    
         g_step_01320.safetensors                                               
DEBUG    [rank 0] Removed optimizer state for older kept     dit_trainer.py:1444
         checkpoint:                                                            
         /hppfs/scratch/0D/go76fuz2/windinet/outputs/shockwa                    
         ve_dit_ch6_loss_rmse_h1/checkpoints/model_weights_s                    
         tep_01440.state.pt                                                     
[epoch 13] step=1560 train_loss=0.194517
[train] step=1561 loss=0.234270 lr=9.092e-06
[train] step=1562 loss=0.226222 lr=9.091e-06
[train] step=1563 loss=0.178584 lr=9.089e-06
[train] step=1564 loss=0.132801 lr=9.088e-06
[train] step=1565 loss=0.106354 lr=9.087e-06
[train] step=1566 loss=0.202653 lr=9.086e-06
[train] step=1567 loss=0.310212 lr=9.085e-06
[train] step=1568 loss=0.246310 lr=9.084e-06
[train] step=1569 loss=0.127554 lr=9.083e-06
[train] step=1570 loss=0.245199 lr=9.081e-06
[train] step=1571 loss=0.189206 lr=9.080e-06
[train] step=1572 loss=0.128745 lr=9.079e-06
[train] step=1573 loss=0.137380 lr=9.078e-06
[train] step=1574 loss=0.194529 lr=9.077e-06
[train] step=1575 loss=0.220533 lr=9.076e-06
[train] step=1576 loss=0.256448 lr=9.075e-06
[train] step=1577 loss=0.178705 lr=9.074e-06
[train] step=1578 loss=0.260087 lr=9.072e-06
[train] step=1579 loss=0.180681 lr=9.071e-06
[train] step=1580 loss=0.140273 lr=9.070e-06
[train] step=1581 loss=0.186906 lr=9.069e-06
[train] step=1582 loss=0.152190 lr=9.068e-06
[train] step=1583 loss=0.174857 lr=9.067e-06
[train] step=1584 loss=0.222984 lr=9.066e-06
[train] step=1585 loss=0.176038 lr=9.064e-06
[train] step=1586 loss=0.172511 lr=9.063e-06
[train] step=1587 loss=0.170705 lr=9.062e-06
[train] step=1588 loss=0.213843 lr=9.061e-06
[train] step=1589 loss=0.150518 lr=9.060e-06
[train] step=1590 loss=0.238720 lr=9.059e-06
[train] step=1591 loss=0.217196 lr=9.058e-06
[train] step=1592 loss=0.195745 lr=9.056e-06
[train] step=1593 loss=0.252348 lr=9.055e-06
[train] step=1594 loss=0.178761 lr=9.054e-06
[train] step=1595 loss=0.161528 lr=9.053e-06
[train] step=1596 loss=0.157464 lr=9.052e-06
[train] step=1597 loss=0.252479 lr=9.051e-06
[train] step=1598 loss=0.175657 lr=9.049e-06
[train] step=1599 loss=0.257624 lr=9.048e-06
[train] step=1600 loss=0.217752 lr=9.047e-06
[train] step=1601 loss=0.224432 lr=9.046e-06
[train] step=1602 loss=0.191282 lr=9.045e-06
[train] step=1603 loss=0.279721 lr=9.044e-06
[train] step=1604 loss=0.183864 lr=9.043e-06
[train] step=1605 loss=0.209789 lr=9.041e-06
[train] step=1606 loss=0.143357 lr=9.040e-06
[train] step=1607 loss=0.255379 lr=9.039e-06
[train] step=1608 loss=0.175557 lr=9.038e-06
[train] step=1609 loss=0.162864 lr=9.037e-06
[train] step=1610 loss=0.186634 lr=9.036e-06
[train] step=1611 loss=0.113887 lr=9.034e-06
[train] step=1612 loss=0.188277 lr=9.033e-06
[train] step=1613 loss=0.148969 lr=9.032e-06
[train] step=1614 loss=0.112969 lr=9.031e-06
[train] step=1615 loss=0.171903 lr=9.030e-06
[train] step=1616 loss=0.149636 lr=9.029e-06
[train] step=1617 loss=0.147171 lr=9.028e-06
[train] step=1618 loss=0.452412 lr=9.026e-06
[train] step=1619 loss=0.233083 lr=9.025e-06
[train] step=1620 loss=0.261698 lr=9.024e-06
[train] step=1621 loss=0.152822 lr=9.023e-06
[train] step=1622 loss=0.191235 lr=9.022e-06
[train] step=1623 loss=0.135522 lr=9.021e-06
[train] step=1624 loss=0.262486 lr=9.019e-06
[train] step=1625 loss=0.188084 lr=9.018e-06
[train] step=1626 loss=0.252369 lr=9.017e-06
[train] step=1627 loss=0.084172 lr=9.016e-06
[train] step=1628 loss=0.168088 lr=9.015e-06
[train] step=1629 loss=0.125605 lr=9.014e-06
[train] step=1630 loss=0.145179 lr=9.012e-06
[train] step=1631 loss=0.205259 lr=9.011e-06
[train] step=1632 loss=0.179495 lr=9.010e-06
[train] step=1633 loss=0.184104 lr=9.009e-06
[train] step=1634 loss=0.139623 lr=9.008e-06
[train] step=1635 loss=0.226031 lr=9.006e-06
[train] step=1636 loss=0.097092 lr=9.005e-06
[train] step=1637 loss=0.179965 lr=9.004e-06
[train] step=1638 loss=0.157300 lr=9.003e-06
[train] step=1639 loss=0.280527 lr=9.002e-06
[train] step=1640 loss=0.187189 lr=9.001e-06
[train] step=1641 loss=0.165522 lr=8.999e-06
[train] step=1642 loss=0.279545 lr=8.998e-06
[train] step=1643 loss=0.181372 lr=8.997e-06
[train] step=1644 loss=0.167643 lr=8.996e-06
[train] step=1645 loss=0.152689 lr=8.995e-06
[train] step=1646 loss=0.188659 lr=8.994e-06
[train] step=1647 loss=0.113254 lr=8.992e-06
[train] step=1648 loss=0.208072 lr=8.991e-06
[train] step=1649 loss=0.180581 lr=8.990e-06
[train] step=1650 loss=0.113057 lr=8.989e-06
[train] step=1651 loss=0.294948 lr=8.988e-06
[train] step=1652 loss=0.218078 lr=8.986e-06
[train] step=1653 loss=0.324629 lr=8.985e-06
[train] step=1654 loss=0.189882 lr=8.984e-06
[train] step=1655 loss=0.405271 lr=8.983e-06
[train] step=1656 loss=0.183987 lr=8.982e-06
[train] step=1657 loss=0.204741 lr=8.981e-06
[train] step=1658 loss=0.163669 lr=8.979e-06
[train] step=1659 loss=0.149388 lr=8.978e-06
[train] step=1660 loss=0.142857 lr=8.977e-06
[train] step=1661 loss=0.164607 lr=8.976e-06
[train] step=1662 loss=0.114682 lr=8.975e-06
[train] step=1663 loss=0.128622 lr=8.973e-06
[train] step=1664 loss=0.112328 lr=8.972e-06
[train] step=1665 loss=0.169884 lr=8.971e-06
[train] step=1666 loss=0.272620 lr=8.970e-06
[train] step=1667 loss=0.201737 lr=8.969e-06
[train] step=1668 loss=0.185449 lr=8.967e-06
[train] step=1669 loss=0.195648 lr=8.966e-06
[train] step=1670 loss=0.138242 lr=8.965e-06
[train] step=1671 loss=0.218283 lr=8.964e-06
[train] step=1672 loss=0.187217 lr=8.963e-06
[train] step=1673 loss=0.137028 lr=8.961e-06
[train] step=1674 loss=0.203623 lr=8.960e-06
[train] step=1675 loss=0.168555 lr=8.959e-06
[train] step=1676 loss=0.174747 lr=8.958e-06
[train] step=1677 loss=0.137468 lr=8.957e-06
[train] step=1678 loss=0.115628 lr=8.955e-06
[train] step=1679 loss=0.175181 lr=8.954e-06
[train] step=1680 loss=0.140276 lr=8.953e-06
INFO     [rank 0] Model weights for step 1680 saved in       dit_trainer.py:1288
         checkpoints/model_weights_step_01680.safetensors                       
INFO     [rank 0] Scalar embedding weights for step 1680     dit_trainer.py:1297
         saved                                                                  
INFO     [rank 0] Training state saved:                      dit_trainer.py:1416
         checkpoints/model_weights_step_01680.state.pt                          
DEBUG    [rank 0] Removed old checkpoint:                    dit_trainer.py:1429
         /hppfs/scratch/0D/go76fuz2/windinet/outputs/shockwa                    
         ve_dit_ch6_loss_rmse_h1/checkpoints/model_weights_s                    
         tep_01440.safetensors                                                  
DEBUG    [rank 0] Removed old checkpoint:                    dit_trainer.py:1429
         /hppfs/scratch/0D/go76fuz2/windinet/outputs/shockwa                    
         ve_dit_ch6_loss_rmse_h1/checkpoints/scalar_embeddin                    
         g_step_01440.safetensors                                               
DEBUG    [rank 0] Removed optimizer state for older kept     dit_trainer.py:1444
         checkpoint:                                                            
         /hppfs/scratch/0D/go76fuz2/windinet/outputs/shockwa                    
         ve_dit_ch6_loss_rmse_h1/checkpoints/model_weights_s                    
         tep_01560.state.pt                                                     
[epoch 14] step=1680 train_loss=0.189909
[train] step=1681 loss=0.115610 lr=8.952e-06
[train] step=1682 loss=0.283158 lr=8.951e-06
[train] step=1683 loss=0.189046 lr=8.949e-06
[train] step=1684 loss=0.151252 lr=8.948e-06
[train] step=1685 loss=0.186005 lr=8.947e-06
[train] step=1686 loss=0.226379 lr=8.946e-06
[train] step=1687 loss=0.230573 lr=8.945e-06
[train] step=1688 loss=0.164718 lr=8.943e-06
[train] step=1689 loss=0.278712 lr=8.942e-06
[train] step=1690 loss=0.251535 lr=8.941e-06
[train] step=1691 loss=0.195296 lr=8.940e-06
[train] step=1692 loss=0.156085 lr=8.939e-06
[train] step=1693 loss=0.190293 lr=8.937e-06
[train] step=1694 loss=0.304126 lr=8.936e-06
[train] step=1695 loss=0.171811 lr=8.935e-06
[train] step=1696 loss=0.131931 lr=8.934e-06
[train] step=1697 loss=0.154528 lr=8.933e-06
[train] step=1698 loss=0.135299 lr=8.931e-06
[train] step=1699 loss=0.156366 lr=8.930e-06
[train] step=1700 loss=0.212472 lr=8.929e-06
[train] step=1701 loss=0.186521 lr=8.928e-06
[train] step=1702 loss=0.183503 lr=8.926e-06
[train] step=1703 loss=0.124484 lr=8.925e-06
[train] step=1704 loss=0.169526 lr=8.924e-06
[train] step=1705 loss=0.087687 lr=8.923e-06
[train] step=1706 loss=0.168601 lr=8.922e-06
[train] step=1707 loss=0.103510 lr=8.920e-06
[train] step=1708 loss=0.129410 lr=8.919e-06
[train] step=1709 loss=0.179599 lr=8.918e-06
[train] step=1710 loss=0.163067 lr=8.917e-06
[train] step=1711 loss=0.206751 lr=8.915e-06
[train] step=1712 loss=0.152790 lr=8.914e-06
[train] step=1713 loss=0.182468 lr=8.913e-06
[train] step=1714 loss=0.269903 lr=8.912e-06
[train] step=1715 loss=0.181407 lr=8.911e-06
[train] step=1716 loss=0.151264 lr=8.909e-06
[train] step=1717 loss=0.151630 lr=8.908e-06
[train] step=1718 loss=0.150674 lr=8.907e-06
[train] step=1719 loss=0.204431 lr=8.906e-06
[train] step=1720 loss=0.241260 lr=8.904e-06
[train] step=1721 loss=0.188476 lr=8.903e-06
[train] step=1722 loss=0.198714 lr=8.902e-06
[train] step=1723 loss=0.144257 lr=8.901e-06
[train] step=1724 loss=0.339489 lr=8.900e-06
[train] step=1725 loss=0.243370 lr=8.898e-06
[train] step=1726 loss=0.238364 lr=8.897e-06
[train] step=1727 loss=0.249813 lr=8.896e-06
[train] step=1728 loss=0.149487 lr=8.895e-06
[train] step=1729 loss=0.183477 lr=8.893e-06
[train] step=1730 loss=0.148925 lr=8.892e-06
[train] step=1731 loss=0.126004 lr=8.891e-06
[train] step=1732 loss=0.114761 lr=8.890e-06
[train] step=1733 loss=0.156684 lr=8.888e-06
[train] step=1734 loss=0.182285 lr=8.887e-06
[train] step=1735 loss=0.216066 lr=8.886e-06
[train] step=1736 loss=0.229137 lr=8.885e-06
[train] step=1737 loss=0.145281 lr=8.884e-06
[train] step=1738 loss=0.125790 lr=8.882e-06
[train] step=1739 loss=0.223256 lr=8.881e-06
[train] step=1740 loss=0.236046 lr=8.880e-06
[train] step=1741 loss=0.181142 lr=8.879e-06
[train] step=1742 loss=0.157356 lr=8.877e-06
[train] step=1743 loss=0.177184 lr=8.876e-06
[train] step=1744 loss=0.138639 lr=8.875e-06
[train] step=1745 loss=0.168650 lr=8.874e-06
[train] step=1746 loss=0.190058 lr=8.872e-06
[train] step=1747 loss=0.112376 lr=8.871e-06
[train] step=1748 loss=0.159626 lr=8.870e-06
[train] step=1749 loss=0.166962 lr=8.869e-06
[train] step=1750 loss=0.221925 lr=8.867e-06
[train] step=1751 loss=0.147031 lr=8.866e-06
[train] step=1752 loss=0.262533 lr=8.865e-06
[train] step=1753 loss=0.153922 lr=8.864e-06
[train] step=1754 loss=0.148024 lr=8.862e-06
[train] step=1755 loss=0.311362 lr=8.861e-06
[train] step=1756 loss=0.223872 lr=8.860e-06
[train] step=1757 loss=0.161056 lr=8.859e-06
[train] step=1758 loss=0.152239 lr=8.857e-06
[train] step=1759 loss=0.144107 lr=8.856e-06
[train] step=1760 loss=0.161726 lr=8.855e-06
[train] step=1761 loss=0.159551 lr=8.854e-06
[train] step=1762 loss=0.146687 lr=8.852e-06
[train] step=1763 loss=0.218749 lr=8.851e-06
[train] step=1764 loss=0.214376 lr=8.850e-06
[train] step=1765 loss=0.133931 lr=8.849e-06
[train] step=1766 loss=0.368875 lr=8.847e-06
[train] step=1767 loss=0.187899 lr=8.846e-06
[train] step=1768 loss=0.224145 lr=8.845e-06
[train] step=1769 loss=0.231854 lr=8.844e-06
[train] step=1770 loss=0.302286 lr=8.842e-06
[train] step=1771 loss=0.180655 lr=8.841e-06
[train] step=1772 loss=0.230596 lr=8.840e-06
[train] step=1773 loss=0.173018 lr=8.839e-06
[train] step=1774 loss=0.135980 lr=8.837e-06
[train] step=1775 loss=0.073310 lr=8.836e-06
[train] step=1776 loss=0.128078 lr=8.835e-06
[train] step=1777 loss=0.175700 lr=8.834e-06
[train] step=1778 loss=0.220623 lr=8.832e-06
[train] step=1779 loss=0.354150 lr=8.831e-06
[train] step=1780 loss=0.210951 lr=8.830e-06
[train] step=1781 loss=0.208692 lr=8.829e-06
[train] step=1782 loss=0.142640 lr=8.827e-06
[train] step=1783 loss=0.136890 lr=8.826e-06
[train] step=1784 loss=0.184830 lr=8.825e-06
[train] step=1785 loss=0.256834 lr=8.824e-06
[train] step=1786 loss=0.130112 lr=8.822e-06
[train] step=1787 loss=0.189470 lr=8.821e-06
[train] step=1788 loss=0.147418 lr=8.820e-06
[train] step=1789 loss=0.158687 lr=8.818e-06
[train] step=1790 loss=0.225581 lr=8.817e-06
[train] step=1791 loss=0.178207 lr=8.816e-06
[train] step=1792 loss=0.215810 lr=8.815e-06
[train] step=1793 loss=0.155600 lr=8.813e-06
[train] step=1794 loss=0.137907 lr=8.812e-06
[train] step=1795 loss=0.192913 lr=8.811e-06
[train] step=1796 loss=0.217888 lr=8.810e-06
[train] step=1797 loss=0.302898 lr=8.808e-06
[train] step=1798 loss=0.157174 lr=8.807e-06
[train] step=1799 loss=0.189392 lr=8.806e-06
[train] step=1800 loss=0.196653 lr=8.805e-06
[val] step=1800 val_loss=0.185453
INFO     [rank 0] Model weights for step 1800 saved in       dit_trainer.py:1288
         checkpoints/model_weights_step_01800.safetensors                       
INFO     [rank 0] Scalar embedding weights for step 1800     dit_trainer.py:1297
         saved                                                                  
INFO     [rank 0] Training state saved:                      dit_trainer.py:1416
         checkpoints/model_weights_step_01800.state.pt                          
INFO     [rank 0] New best checkpoint (step 1800,            dit_trainer.py:1320
         val_loss=0.185453):                                                    
         checkpoints/model_weights_best.safetensors                             
DEBUG    [rank 0] Removed old checkpoint:                    dit_trainer.py:1429
         /hppfs/scratch/0D/go76fuz2/windinet/outputs/shockwa                    
         ve_dit_ch6_loss_rmse_h1/checkpoints/model_weights_s                    
         tep_01560.safetensors                                                  
DEBUG    [rank 0] Removed old checkpoint:                    dit_trainer.py:1429
         /hppfs/scratch/0D/go76fuz2/windinet/outputs/shockwa                    
         ve_dit_ch6_loss_rmse_h1/checkpoints/scalar_embeddin                    
         g_step_01560.safetensors                                               
DEBUG    [rank 0] Removed optimizer state for older kept     dit_trainer.py:1444
         checkpoint:                                                            
         /hppfs/scratch/0D/go76fuz2/windinet/outputs/shockwa                    
         ve_dit_ch6_loss_rmse_h1/checkpoints/model_weights_s                    
         tep_01680.state.pt                                                     
[epoch 15] step=1800 train_loss=0.186615 val_loss=0.185453
[train] step=1801 loss=0.181982 lr=8.803e-06
[train] step=1802 loss=0.223455 lr=8.802e-06
[train] step=1803 loss=0.177380 lr=8.801e-06
[train] step=1804 loss=0.147772 lr=8.799e-06
[train] step=1805 loss=0.320525 lr=8.798e-06
[train] step=1806 loss=0.155752 lr=8.797e-06
[train] step=1807 loss=0.133167 lr=8.796e-06
[train] step=1808 loss=0.141003 lr=8.794e-06
[train] step=1809 loss=0.163601 lr=8.793e-06
[train] step=1810 loss=0.131022 lr=8.792e-06
[train] step=1811 loss=0.177909 lr=8.790e-06
[train] step=1812 loss=0.129738 lr=8.789e-06
[train] step=1813 loss=0.120892 lr=8.788e-06
[train] step=1814 loss=0.179512 lr=8.787e-06
[train] step=1815 loss=0.173284 lr=8.785e-06
[train] step=1816 loss=0.163449 lr=8.784e-06
[train] step=1817 loss=0.133198 lr=8.783e-06
[train] step=1818 loss=0.215537 lr=8.781e-06
[train] step=1819 loss=0.125227 lr=8.780e-06
[train] step=1820 loss=0.237008 lr=8.779e-06
[train] step=1821 loss=0.103736 lr=8.778e-06
[train] step=1822 loss=0.218482 lr=8.776e-06
[train] step=1823 loss=0.312702 lr=8.775e-06
[train] step=1824 loss=0.194821 lr=8.774e-06
[train] step=1825 loss=0.198440 lr=8.772e-06
[train] step=1826 loss=0.495560 lr=8.771e-06
[train] step=1827 loss=0.154235 lr=8.770e-06
[train] step=1828 loss=0.186583 lr=8.769e-06
[train] step=1829 loss=0.232590 lr=8.767e-06
[train] step=1830 loss=0.185288 lr=8.766e-06
[train] step=1831 loss=0.137716 lr=8.765e-06
[train] step=1832 loss=0.148600 lr=8.763e-06
[train] step=1833 loss=0.192441 lr=8.762e-06
[train] step=1834 loss=0.229780 lr=8.761e-06
[train] step=1835 loss=0.255335 lr=8.760e-06
[train] step=1836 loss=0.173086 lr=8.758e-06
[train] step=1837 loss=0.220692 lr=8.757e-06
[train] step=1838 loss=0.162102 lr=8.756e-06
[train] step=1839 loss=0.188694 lr=8.754e-06
[train] step=1840 loss=0.138873 lr=8.753e-06
[train] step=1841 loss=0.151082 lr=8.752e-06
[train] step=1842 loss=0.159564 lr=8.751e-06
[train] step=1843 loss=0.220183 lr=8.749e-06
[train] step=1844 loss=0.142790 lr=8.748e-06
[train] step=1845 loss=0.112063 lr=8.747e-06
[train] step=1846 loss=0.299279 lr=8.745e-06
[train] step=1847 loss=0.090033 lr=8.744e-06
[train] step=1848 loss=0.214962 lr=8.743e-06
[train] step=1849 loss=0.126622 lr=8.741e-06
[train] step=1850 loss=0.152510 lr=8.740e-06
[train] step=1851 loss=0.223091 lr=8.739e-06
[train] step=1852 loss=0.120602 lr=8.738e-06
[train] step=1853 loss=0.262040 lr=8.736e-06
[train] step=1854 loss=0.331039 lr=8.735e-06
[train] step=1855 loss=0.144771 lr=8.734e-06
[train] step=1856 loss=0.243742 lr=8.732e-06
[train] step=1857 loss=0.241865 lr=8.731e-06
[train] step=1858 loss=0.089830 lr=8.730e-06
[train] step=1859 loss=0.141884 lr=8.728e-06
[train] step=1860 loss=0.174621 lr=8.727e-06
[train] step=1861 loss=0.188229 lr=8.726e-06
[train] step=1862 loss=0.126518 lr=8.724e-06
[train] step=1863 loss=0.090572 lr=8.723e-06
[train] step=1864 loss=0.178168 lr=8.722e-06
[train] step=1865 loss=0.102456 lr=8.721e-06
[train] step=1866 loss=0.175711 lr=8.719e-06
[train] step=1867 loss=0.199021 lr=8.718e-06
[train] step=1868 loss=0.245189 lr=8.717e-06
[train] step=1869 loss=0.119226 lr=8.715e-06
[train] step=1870 loss=0.139407 lr=8.714e-06
[train] step=1871 loss=0.170332 lr=8.713e-06
[train] step=1872 loss=0.202025 lr=8.711e-06
[train] step=1873 loss=0.119485 lr=8.710e-06
[train] step=1874 loss=0.275706 lr=8.709e-06
[train] step=1875 loss=0.226803 lr=8.707e-06
[train] step=1876 loss=0.187703 lr=8.706e-06
[train] step=1877 loss=0.200682 lr=8.705e-06
[train] step=1878 loss=0.201443 lr=8.703e-06
[train] step=1879 loss=0.250038 lr=8.702e-06
[train] step=1880 loss=0.094113 lr=8.701e-06
[train] step=1881 loss=0.506677 lr=8.699e-06
[train] step=1882 loss=0.139703 lr=8.698e-06
[train] step=1883 loss=0.169887 lr=8.697e-06
[train] step=1884 loss=0.110180 lr=8.695e-06
[train] step=1885 loss=0.167147 lr=8.694e-06
[train] step=1886 loss=0.151059 lr=8.693e-06
[train] step=1887 loss=0.162249 lr=8.692e-06
[train] step=1888 loss=0.172992 lr=8.690e-06
[train] step=1889 loss=0.210891 lr=8.689e-06
[train] step=1890 loss=0.234282 lr=8.688e-06
[train] step=1891 loss=0.113189 lr=8.686e-06
[train] step=1892 loss=0.143978 lr=8.685e-06
[train] step=1893 loss=0.276921 lr=8.684e-06
[train] step=1894 loss=0.153577 lr=8.682e-06
[train] step=1895 loss=0.202572 lr=8.681e-06
[train] step=1896 loss=0.418448 lr=8.680e-06
[train] step=1897 loss=0.157256 lr=8.678e-06
[train] step=1898 loss=0.130370 lr=8.677e-06
[train] step=1899 loss=0.154003 lr=8.676e-06
[train] step=1900 loss=0.241335 lr=8.674e-06
[train] step=1901 loss=0.174916 lr=8.673e-06
[train] step=1902 loss=0.170671 lr=8.672e-06
[train] step=1903 loss=0.177273 lr=8.670e-06
[train] step=1904 loss=0.200490 lr=8.669e-06
[train] step=1905 loss=0.178553 lr=8.668e-06
[train] step=1906 loss=0.147506 lr=8.666e-06
[train] step=1907 loss=0.201594 lr=8.665e-06
[train] step=1908 loss=0.159210 lr=8.664e-06
[train] step=1909 loss=0.192971 lr=8.662e-06
[train] step=1910 loss=0.183191 lr=8.661e-06
[train] step=1911 loss=0.174424 lr=8.660e-06
[train] step=1912 loss=0.162207 lr=8.658e-06
[train] step=1913 loss=0.152037 lr=8.657e-06
[train] step=1914 loss=0.230212 lr=8.656e-06
[train] step=1915 loss=0.238323 lr=8.654e-06
[train] step=1916 loss=0.206091 lr=8.653e-06
[train] step=1917 loss=0.113765 lr=8.652e-06
[train] step=1918 loss=0.185253 lr=8.650e-06
[train] step=1919 loss=0.196156 lr=8.649e-06
[train] step=1920 loss=0.134994 lr=8.648e-06
INFO     [rank 0] Model weights for step 1920 saved in       dit_trainer.py:1288
         checkpoints/model_weights_step_01920.safetensors                       
INFO     [rank 0] Scalar embedding weights for step 1920     dit_trainer.py:1297
         saved                                                                  
INFO     [rank 0] Training state saved:                      dit_trainer.py:1416
         checkpoints/model_weights_step_01920.state.pt                          
DEBUG    [rank 0] Removed old checkpoint:                    dit_trainer.py:1429
         /hppfs/scratch/0D/go76fuz2/windinet/outputs/shockwa                    
         ve_dit_ch6_loss_rmse_h1/checkpoints/model_weights_s                    
         tep_01680.safetensors                                                  
DEBUG    [rank 0] Removed old checkpoint:                    dit_trainer.py:1429
         /hppfs/scratch/0D/go76fuz2/windinet/outputs/shockwa                    
         ve_dit_ch6_loss_rmse_h1/checkpoints/scalar_embeddin                    
         g_step_01680.safetensors                                               
DEBUG    [rank 0] Removed optimizer state for older kept     dit_trainer.py:1444
         checkpoint:                                                            
         /hppfs/scratch/0D/go76fuz2/windinet/outputs/shockwa                    
         ve_dit_ch6_loss_rmse_h1/checkpoints/model_weights_s                    
         tep_01800.state.pt                                                     
[epoch 16] step=1920 train_loss=0.186290
[train] step=1921 loss=0.155283 lr=8.646e-06
[train] step=1922 loss=0.173546 lr=8.645e-06
[train] step=1923 loss=0.166306 lr=8.644e-06
[train] step=1924 loss=0.194484 lr=8.642e-06
[train] step=1925 loss=0.131212 lr=8.641e-06
[train] step=1926 loss=0.260415 lr=8.639e-06
[train] step=1927 loss=0.186340 lr=8.638e-06
[train] step=1928 loss=0.276420 lr=8.637e-06
[train] step=1929 loss=0.126497 lr=8.635e-06
[train] step=1930 loss=0.205068 lr=8.634e-06
[train] step=1931 loss=0.260233 lr=8.633e-06
[train] step=1932 loss=0.133050 lr=8.631e-06
[train] step=1933 loss=0.234597 lr=8.630e-06
[train] step=1934 loss=0.202647 lr=8.629e-06
[train] step=1935 loss=0.160289 lr=8.627e-06
[train] step=1936 loss=0.221621 lr=8.626e-06
[train] step=1937 loss=0.154297 lr=8.625e-06
[train] step=1938 loss=0.412556 lr=8.623e-06
[train] step=1939 loss=0.222280 lr=8.622e-06
[train] step=1940 loss=0.326855 lr=8.621e-06
[train] step=1941 loss=0.287657 lr=8.619e-06
[train] step=1942 loss=0.148189 lr=8.618e-06
[train] step=1943 loss=0.205000 lr=8.617e-06
[train] step=1944 loss=0.138359 lr=8.615e-06
[train] step=1945 loss=0.220050 lr=8.614e-06
[train] step=1946 loss=0.216560 lr=8.612e-06
[train] step=1947 loss=0.192779 lr=8.611e-06
[train] step=1948 loss=0.157672 lr=8.610e-06
[train] step=1949 loss=0.168568 lr=8.608e-06
[train] step=1950 loss=0.141481 lr=8.607e-06
[train] step=1951 loss=0.250943 lr=8.606e-06
[train] step=1952 loss=0.136983 lr=8.604e-06
[train] step=1953 loss=0.244607 lr=8.603e-06
[train] step=1954 loss=0.149760 lr=8.602e-06
[train] step=1955 loss=0.149280 lr=8.600e-06
[train] step=1956 loss=0.118766 lr=8.599e-06
[train] step=1957 loss=0.302292 lr=8.597e-06
[train] step=1958 loss=0.122850 lr=8.596e-06
[train] step=1959 loss=0.208663 lr=8.595e-06
[train] step=1960 loss=0.155239 lr=8.593e-06
[train] step=1961 loss=0.188674 lr=8.592e-06
[train] step=1962 loss=0.146288 lr=8.591e-06
[train] step=1963 loss=0.151563 lr=8.589e-06
[train] step=1964 loss=0.181937 lr=8.588e-06
[train] step=1965 loss=0.197797 lr=8.587e-06
[train] step=1966 loss=0.148576 lr=8.585e-06
[train] step=1967 loss=0.118989 lr=8.584e-06
[train] step=1968 loss=0.169732 lr=8.582e-06
[train] step=1969 loss=0.116139 lr=8.581e-06
[train] step=1970 loss=0.248588 lr=8.580e-06
[train] step=1971 loss=0.145054 lr=8.578e-06
[train] step=1972 loss=0.136598 lr=8.577e-06
[train] step=1973 loss=0.213860 lr=8.576e-06
[train] step=1974 loss=0.164673 lr=8.574e-06
[train] step=1975 loss=0.091154 lr=8.573e-06
[train] step=1976 loss=0.140803 lr=8.572e-06
[train] step=1977 loss=0.235620 lr=8.570e-06
[train] step=1978 loss=0.159589 lr=8.569e-06
[train] step=1979 loss=0.133677 lr=8.567e-06
[train] step=1980 loss=0.254418 lr=8.566e-06
[train] step=1981 loss=0.169804 lr=8.565e-06
[train] step=1982 loss=0.149412 lr=8.563e-06
[train] step=1983 loss=0.169207 lr=8.562e-06
[train] step=1984 loss=0.166656 lr=8.560e-06
[train] step=1985 loss=0.120072 lr=8.559e-06
[train] step=1986 loss=0.330518 lr=8.558e-06
[train] step=1987 loss=0.158022 lr=8.556e-06
[train] step=1988 loss=0.234545 lr=8.555e-06
[train] step=1989 loss=0.141920 lr=8.554e-06
[train] step=1990 loss=0.185437 lr=8.552e-06
[train] step=1991 loss=0.268489 lr=8.551e-06
[train] step=1992 loss=0.225966 lr=8.549e-06
[train] step=1993 loss=0.088074 lr=8.548e-06
[train] step=1994 loss=0.369114 lr=8.547e-06
[train] step=1995 loss=0.335492 lr=8.545e-06
[train] step=1996 loss=0.183666 lr=8.544e-06
[train] step=1997 loss=0.152358 lr=8.543e-06
[train] step=1998 loss=0.240174 lr=8.541e-06
[train] step=1999 loss=0.186636 lr=8.540e-06
[train] step=2000 loss=0.152939 lr=8.538e-06
[train] step=2001 loss=0.136076 lr=8.537e-06
[train] step=2002 loss=0.204998 lr=8.536e-06
[train] step=2003 loss=0.230421 lr=8.534e-06
[train] step=2004 loss=0.284969 lr=8.533e-06
[train] step=2005 loss=0.146419 lr=8.531e-06
[train] step=2006 loss=0.179471 lr=8.530e-06
[train] step=2007 loss=0.106154 lr=8.529e-06
[train] step=2008 loss=0.179114 lr=8.527e-06
[train] step=2009 loss=0.213489 lr=8.526e-06
[train] step=2010 loss=0.273262 lr=8.524e-06
[train] step=2011 loss=0.145517 lr=8.523e-06
[train] step=2012 loss=0.170453 lr=8.522e-06
[train] step=2013 loss=0.117784 lr=8.520e-06
[train] step=2014 loss=0.218396 lr=8.519e-06
[train] step=2015 loss=0.172019 lr=8.518e-06
[train] step=2016 loss=0.189405 lr=8.516e-06
[train] step=2017 loss=0.157049 lr=8.515e-06
[train] step=2018 loss=0.157403 lr=8.513e-06
[train] step=2019 loss=0.124753 lr=8.512e-06
[train] step=2020 loss=0.280359 lr=8.511e-06
[train] step=2021 loss=0.196625 lr=8.509e-06
[train] step=2022 loss=0.159547 lr=8.508e-06
[train] step=2023 loss=0.225226 lr=8.506e-06
[train] step=2024 loss=0.129916 lr=8.505e-06
[train] step=2025 loss=0.154230 lr=8.504e-06
[train] step=2026 loss=0.171801 lr=8.502e-06
[train] step=2027 loss=0.176298 lr=8.501e-06
[train] step=2028 loss=0.101425 lr=8.499e-06
[train] step=2029 loss=0.138476 lr=8.498e-06
[train] step=2030 loss=0.091569 lr=8.497e-06
[train] step=2031 loss=0.191488 lr=8.495e-06
[train] step=2032 loss=0.184381 lr=8.494e-06
[train] step=2033 loss=0.194669 lr=8.492e-06
[train] step=2034 loss=0.138117 lr=8.491e-06
[train] step=2035 loss=0.448300 lr=8.490e-06
[train] step=2036 loss=0.205321 lr=8.488e-06
[train] step=2037 loss=0.151707 lr=8.487e-06
[train] step=2038 loss=0.176647 lr=8.485e-06
[train] step=2039 loss=0.147850 lr=8.484e-06
[train] step=2040 loss=0.204883 lr=8.482e-06
INFO     [rank 0] Model weights for step 2040 saved in       dit_trainer.py:1288
         checkpoints/model_weights_step_02040.safetensors                       
INFO     [rank 0] Scalar embedding weights for step 2040     dit_trainer.py:1297
         saved                                                                  
INFO     [rank 0] Training state saved:                      dit_trainer.py:1416
         checkpoints/model_weights_step_02040.state.pt                          
DEBUG    [rank 0] Removed old checkpoint:                    dit_trainer.py:1429
         /hppfs/scratch/0D/go76fuz2/windinet/outputs/shockwa                    
         ve_dit_ch6_loss_rmse_h1/checkpoints/model_weights_s                    
         tep_01800.safetensors                                                  
DEBUG    [rank 0] Removed old checkpoint:                    dit_trainer.py:1429
         /hppfs/scratch/0D/go76fuz2/windinet/outputs/shockwa                    
         ve_dit_ch6_loss_rmse_h1/checkpoints/scalar_embeddin                    
         g_step_01800.safetensors                                               
DEBUG    [rank 0] Removed optimizer state for older kept     dit_trainer.py:1444
         checkpoint:                                                            
         /hppfs/scratch/0D/go76fuz2/windinet/outputs/shockwa                    
         ve_dit_ch6_loss_rmse_h1/checkpoints/model_weights_s                    
         tep_01920.state.pt                                                     
[epoch 17] step=2040 train_loss=0.187484
[train] step=2041 loss=0.119850 lr=8.481e-06
[train] step=2042 loss=0.183301 lr=8.480e-06
[train] step=2043 loss=0.182454 lr=8.478e-06
[train] step=2044 loss=0.125286 lr=8.477e-06
[train] step=2045 loss=0.231238 lr=8.475e-06
[train] step=2046 loss=0.166261 lr=8.474e-06
[train] step=2047 loss=0.097365 lr=8.473e-06
[train] step=2048 loss=0.262718 lr=8.471e-06
[train] step=2049 loss=0.223358 lr=8.470e-06
[train] step=2050 loss=0.282398 lr=8.468e-06
[train] step=2051 loss=0.192932 lr=8.467e-06
[train] step=2052 loss=0.219609 lr=8.466e-06
[train] step=2053 loss=0.737370 lr=8.464e-06
[train] step=2054 loss=0.179670 lr=8.463e-06
[train] step=2055 loss=0.202149 lr=8.461e-06
[train] step=2056 loss=0.175578 lr=8.460e-06
[train] step=2057 loss=0.173642 lr=8.458e-06
[train] step=2058 loss=0.185824 lr=8.457e-06
[train] step=2059 loss=0.145571 lr=8.456e-06
[train] step=2060 loss=0.149220 lr=8.454e-06
[train] step=2061 loss=0.137110 lr=8.453e-06
[train] step=2062 loss=0.213126 lr=8.451e-06
[train] step=2063 loss=0.163056 lr=8.450e-06
[train] step=2064 loss=0.142671 lr=8.449e-06
[train] step=2065 loss=0.211732 lr=8.447e-06
[train] step=2066 loss=0.192885 lr=8.446e-06
[train] step=2067 loss=0.142057 lr=8.444e-06
[train] step=2068 loss=0.183664 lr=8.443e-06
[train] step=2069 loss=0.183847 lr=8.441e-06
[train] step=2070 loss=0.214484 lr=8.440e-06
[train] step=2071 loss=0.167831 lr=8.439e-06
[train] step=2072 loss=0.196970 lr=8.437e-06
[train] step=2073 loss=0.116746 lr=8.436e-06
[train] step=2074 loss=0.135276 lr=8.434e-06
[train] step=2075 loss=0.146342 lr=8.433e-06
[train] step=2076 loss=0.249887 lr=8.431e-06
[train] step=2077 loss=0.205681 lr=8.430e-06
[train] step=2078 loss=0.166504 lr=8.429e-06
[train] step=2079 loss=0.172410 lr=8.427e-06
[train] step=2080 loss=0.164612 lr=8.426e-06
[train] step=2081 loss=0.649444 lr=8.424e-06
[train] step=2082 loss=0.174679 lr=8.423e-06
[train] step=2083 loss=0.287379 lr=8.421e-06
[train] step=2084 loss=0.273097 lr=8.420e-06
[train] step=2085 loss=0.198382 lr=8.419e-06
[train] step=2086 loss=0.133483 lr=8.417e-06
[train] step=2087 loss=0.244415 lr=8.416e-06
[train] step=2088 loss=0.168025 lr=8.414e-06
[train] step=2089 loss=0.135562 lr=8.413e-06
[train] step=2090 loss=0.141280 lr=8.411e-06
[train] step=2091 loss=0.209109 lr=8.410e-06
[train] step=2092 loss=0.138526 lr=8.409e-06
[train] step=2093 loss=0.167990 lr=8.407e-06
[train] step=2094 loss=0.227830 lr=8.406e-06
[train] step=2095 loss=0.168166 lr=8.404e-06
[train] step=2096 loss=0.224220 lr=8.403e-06
[train] step=2097 loss=0.150113 lr=8.401e-06
[train] step=2098 loss=0.113100 lr=8.400e-06
[train] step=2099 loss=0.226951 lr=8.398e-06
[train] step=2100 loss=0.187780 lr=8.397e-06
[train] step=2101 loss=0.168421 lr=8.396e-06
[train] step=2102 loss=0.152465 lr=8.394e-06
[train] step=2103 loss=0.215110 lr=8.393e-06
[train] step=2104 loss=0.145509 lr=8.391e-06
[train] step=2105 loss=0.234100 lr=8.390e-06
[train] step=2106 loss=0.170577 lr=8.388e-06
[train] step=2107 loss=0.181001 lr=8.387e-06
[train] step=2108 loss=0.130026 lr=8.386e-06
[train] step=2109 loss=0.243736 lr=8.384e-06
[train] step=2110 loss=0.139057 lr=8.383e-06
[train] step=2111 loss=0.156812 lr=8.381e-06
[train] step=2112 loss=0.177647 lr=8.380e-06
[train] step=2113 loss=0.128094 lr=8.378e-06
[train] step=2114 loss=0.095833 lr=8.377e-06
[train] step=2115 loss=0.184204 lr=8.375e-06
[train] step=2116 loss=0.197632 lr=8.374e-06
[train] step=2117 loss=0.150265 lr=8.372e-06
[train] step=2118 loss=0.229682 lr=8.371e-06
[train] step=2119 loss=0.108758 lr=8.370e-06
[train] step=2120 loss=0.279135 lr=8.368e-06
[train] step=2121 loss=0.179145 lr=8.367e-06
[train] step=2122 loss=0.287304 lr=8.365e-06
[train] step=2123 loss=0.179366 lr=8.364e-06
[train] step=2124 loss=0.153212 lr=8.362e-06
[train] step=2125 loss=0.229858 lr=8.361e-06
[train] step=2126 loss=0.145754 lr=8.359e-06
[train] step=2127 loss=0.231899 lr=8.358e-06
[train] step=2128 loss=0.283121 lr=8.357e-06
[train] step=2129 loss=0.201474 lr=8.355e-06
[train] step=2130 loss=0.188182 lr=8.354e-06
[train] step=2131 loss=0.179065 lr=8.352e-06
[train] step=2132 loss=0.264046 lr=8.351e-06
[train] step=2133 loss=0.158003 lr=8.349e-06
[train] step=2134 loss=0.116091 lr=8.348e-06
[train] step=2135 loss=0.225302 lr=8.346e-06
[train] step=2136 loss=0.231089 lr=8.345e-06
[train] step=2137 loss=0.147284 lr=8.343e-06
[train] step=2138 loss=0.177326 lr=8.342e-06
[train] step=2139 loss=0.266663 lr=8.340e-06
[train] step=2140 loss=0.224363 lr=8.339e-06
[train] step=2141 loss=0.133979 lr=8.338e-06
[train] step=2142 loss=0.122184 lr=8.336e-06
[train] step=2143 loss=0.265064 lr=8.335e-06
[train] step=2144 loss=0.224106 lr=8.333e-06
[train] step=2145 loss=0.134469 lr=8.332e-06
[train] step=2146 loss=0.211028 lr=8.330e-06
[train] step=2147 loss=0.198433 lr=8.329e-06
[train] step=2148 loss=0.138919 lr=8.327e-06
[train] step=2149 loss=0.124929 lr=8.326e-06
[train] step=2150 loss=0.252916 lr=8.324e-06
[train] step=2151 loss=0.184498 lr=8.323e-06
[train] step=2152 loss=0.202853 lr=8.321e-06
[train] step=2153 loss=0.128449 lr=8.320e-06
[train] step=2154 loss=0.194263 lr=8.319e-06
[train] step=2155 loss=0.121779 lr=8.317e-06
[train] step=2156 loss=0.146031 lr=8.316e-06
[train] step=2157 loss=0.194314 lr=8.314e-06
[train] step=2158 loss=0.133732 lr=8.313e-06
[train] step=2159 loss=0.227137 lr=8.311e-06
[train] step=2160 loss=0.213255 lr=8.310e-06
INFO     [rank 0] Model weights for step 2160 saved in       dit_trainer.py:1288
         checkpoints/model_weights_step_02160.safetensors                       
INFO     [rank 0] Scalar embedding weights for step 2160     dit_trainer.py:1297
         saved                                                                  
INFO     [rank 0] Training state saved:                      dit_trainer.py:1416
         checkpoints/model_weights_step_02160.state.pt                          
DEBUG    [rank 0] Removed old checkpoint:                    dit_trainer.py:1429
         /hppfs/scratch/0D/go76fuz2/windinet/outputs/shockwa                    
         ve_dit_ch6_loss_rmse_h1/checkpoints/model_weights_s                    
         tep_01920.safetensors                                                  
DEBUG    [rank 0] Removed old checkpoint:                    dit_trainer.py:1429
         /hppfs/scratch/0D/go76fuz2/windinet/outputs/shockwa                    
         ve_dit_ch6_loss_rmse_h1/checkpoints/scalar_embeddin                    
         g_step_01920.safetensors                                               
DEBUG    [rank 0] Removed optimizer state for older kept     dit_trainer.py:1444
         checkpoint:                                                            
         /hppfs/scratch/0D/go76fuz2/windinet/outputs/shockwa                    
         ve_dit_ch6_loss_rmse_h1/checkpoints/model_weights_s                    
         tep_02040.state.pt                                                     
[epoch 18] step=2160 train_loss=0.192190
[train] step=2161 loss=0.221264 lr=8.308e-06
[train] step=2162 loss=0.212201 lr=8.307e-06
[train] step=2163 loss=0.110022 lr=8.305e-06
[train] step=2164 loss=0.269283 lr=8.304e-06
[train] step=2165 loss=0.175237 lr=8.302e-06
[train] step=2166 loss=0.103595 lr=8.301e-06
[train] step=2167 loss=0.104845 lr=8.299e-06
[train] step=2168 loss=0.157716 lr=8.298e-06
[train] step=2169 loss=0.126586 lr=8.296e-06
[train] step=2170 loss=0.244828 lr=8.295e-06
[train] step=2171 loss=0.261134 lr=8.294e-06
[train] step=2172 loss=0.192944 lr=8.292e-06
[train] step=2173 loss=0.117572 lr=8.291e-06
[train] step=2174 loss=0.170206 lr=8.289e-06
[train] step=2175 loss=0.263734 lr=8.288e-06
[train] step=2176 loss=0.170109 lr=8.286e-06
[train] step=2177 loss=0.169836 lr=8.285e-06
[train] step=2178 loss=0.110367 lr=8.283e-06
[train] step=2179 loss=0.212286 lr=8.282e-06
[train] step=2180 loss=0.209402 lr=8.280e-06
[train] step=2181 loss=0.151670 lr=8.279e-06
[train] step=2182 loss=0.109150 lr=8.277e-06
[train] step=2183 loss=0.138871 lr=8.276e-06
[train] step=2184 loss=0.217883 lr=8.274e-06
[train] step=2185 loss=0.202453 lr=8.273e-06
[train] step=2186 loss=0.189339 lr=8.271e-06
[train] step=2187 loss=0.135662 lr=8.270e-06
[train] step=2188 loss=0.118545 lr=8.268e-06
[train] step=2189 loss=0.415212 lr=8.267e-06
[train] step=2190 loss=0.171579 lr=8.265e-06
[train] step=2191 loss=0.140152 lr=8.264e-06
[train] step=2192 loss=0.204558 lr=8.262e-06
[train] step=2193 loss=0.267577 lr=8.261e-06
[train] step=2194 loss=0.174703 lr=8.259e-06
[train] step=2195 loss=0.191452 lr=8.258e-06
[train] step=2196 loss=0.167292 lr=8.256e-06
[train] step=2197 loss=0.175209 lr=8.255e-06
[train] step=2198 loss=0.156112 lr=8.253e-06
[train] step=2199 loss=0.161489 lr=8.252e-06
[train] step=2200 loss=0.184249 lr=8.250e-06
[train] step=2201 loss=0.160235 lr=8.249e-06
[train] step=2202 loss=0.176078 lr=8.248e-06
[train] step=2203 loss=0.506709 lr=8.246e-06
[train] step=2204 loss=0.262106 lr=8.245e-06
[train] step=2205 loss=0.247044 lr=8.243e-06
[train] step=2206 loss=0.152724 lr=8.242e-06
[train] step=2207 loss=0.131776 lr=8.240e-06
[train] step=2208 loss=0.206634 lr=8.239e-06
[train] step=2209 loss=0.252460 lr=8.237e-06
[train] step=2210 loss=0.285581 lr=8.236e-06
[train] step=2211 loss=0.139114 lr=8.234e-06
[train] step=2212 loss=0.170400 lr=8.233e-06
[train] step=2213 loss=0.196167 lr=8.231e-06
[train] step=2214 loss=0.206581 lr=8.230e-06
[train] step=2215 loss=0.216727 lr=8.228e-06
[train] step=2216 loss=0.162268 lr=8.227e-06
[train] step=2217 loss=0.220808 lr=8.225e-06
[train] step=2218 loss=0.191121 lr=8.224e-06
[train] step=2219 loss=0.214651 lr=8.222e-06
[train] step=2220 loss=0.224275 lr=8.221e-06
[train] step=2221 loss=0.230451 lr=8.219e-06
[train] step=2222 loss=0.211061 lr=8.218e-06
[train] step=2223 loss=0.200609 lr=8.216e-06
[train] step=2224 loss=0.176814 lr=8.215e-06
[train] step=2225 loss=0.193859 lr=8.213e-06
[train] step=2226 loss=0.135019 lr=8.212e-06
[train] step=2227 loss=0.114623 lr=8.210e-06
[train] step=2228 loss=0.177162 lr=8.209e-06
[train] step=2229 loss=0.338286 lr=8.207e-06
[train] step=2230 loss=0.232983 lr=8.206e-06
[train] step=2231 loss=0.154828 lr=8.204e-06
[train] step=2232 loss=0.189967 lr=8.203e-06
[train] step=2233 loss=0.204133 lr=8.201e-06
[train] step=2234 loss=0.160115 lr=8.200e-06
[train] step=2235 loss=0.206187 lr=8.198e-06
[train] step=2236 loss=0.098347 lr=8.196e-06
[train] step=2237 loss=0.172062 lr=8.195e-06
[train] step=2238 loss=0.107312 lr=8.193e-06
[train] step=2239 loss=0.205020 lr=8.192e-06
[train] step=2240 loss=0.125693 lr=8.190e-06
[train] step=2241 loss=0.130287 lr=8.189e-06
[train] step=2242 loss=0.158446 lr=8.187e-06
[train] step=2243 loss=0.217165 lr=8.186e-06
[train] step=2244 loss=0.147283 lr=8.184e-06
[train] step=2245 loss=0.224725 lr=8.183e-06
[train] step=2246 loss=0.150410 lr=8.181e-06
[train] step=2247 loss=0.116000 lr=8.180e-06
[train] step=2248 loss=0.169751 lr=8.178e-06
[train] step=2249 loss=0.138762 lr=8.177e-06
[train] step=2250 loss=0.107356 lr=8.175e-06
[train] step=2251 loss=0.193564 lr=8.174e-06
[train] step=2252 loss=0.195160 lr=8.172e-06
[train] step=2253 loss=0.181311 lr=8.171e-06
[train] step=2254 loss=0.262488 lr=8.169e-06
[train] step=2255 loss=0.207524 lr=8.168e-06
[train] step=2256 loss=0.265433 lr=8.166e-06
[train] step=2257 loss=0.173219 lr=8.165e-06
[train] step=2258 loss=0.163112 lr=8.163e-06
[train] step=2259 loss=0.147920 lr=8.162e-06
[train] step=2260 loss=0.133408 lr=8.160e-06
[train] step=2261 loss=0.190257 lr=8.159e-06
[train] step=2262 loss=0.216165 lr=8.157e-06
[train] step=2263 loss=0.183452 lr=8.156e-06
[train] step=2264 loss=0.297983 lr=8.154e-06
[train] step=2265 loss=0.189808 lr=8.153e-06
[train] step=2266 loss=0.216100 lr=8.151e-06
[train] step=2267 loss=0.257144 lr=8.149e-06
[train] step=2268 loss=0.187625 lr=8.148e-06
[train] step=2269 loss=0.137913 lr=8.146e-06
[train] step=2270 loss=0.237552 lr=8.145e-06
[train] step=2271 loss=0.209511 lr=8.143e-06
[train] step=2272 loss=0.156546 lr=8.142e-06
[train] step=2273 loss=0.205619 lr=8.140e-06
[train] step=2274 loss=0.181274 lr=8.139e-06
[train] step=2275 loss=0.239216 lr=8.137e-06
[train] step=2276 loss=0.181312 lr=8.136e-06
[train] step=2277 loss=0.164388 lr=8.134e-06
[train] step=2278 loss=0.226735 lr=8.133e-06
[train] step=2279 loss=0.135361 lr=8.131e-06
[train] step=2280 loss=0.113216 lr=8.130e-06
INFO     [rank 0] Model weights for step 2280 saved in       dit_trainer.py:1288
         checkpoints/model_weights_step_02280.safetensors                       
INFO     [rank 0] Scalar embedding weights for step 2280     dit_trainer.py:1297
         saved                                                                  
INFO     [rank 0] Training state saved:                      dit_trainer.py:1416
         checkpoints/model_weights_step_02280.state.pt                          
DEBUG    [rank 0] Removed old checkpoint:                    dit_trainer.py:1429
         /hppfs/scratch/0D/go76fuz2/windinet/outputs/shockwa                    
         ve_dit_ch6_loss_rmse_h1/checkpoints/model_weights_s                    
         tep_02040.safetensors                                                  
DEBUG    [rank 0] Removed old checkpoint:                    dit_trainer.py:1429
         /hppfs/scratch/0D/go76fuz2/windinet/outputs/shockwa                    
         ve_dit_ch6_loss_rmse_h1/checkpoints/scalar_embeddin                    
         g_step_02040.safetensors                                               
DEBUG    [rank 0] Removed optimizer state for older kept     dit_trainer.py:1444
         checkpoint:                                                            
         /hppfs/scratch/0D/go76fuz2/windinet/outputs/shockwa                    
         ve_dit_ch6_loss_rmse_h1/checkpoints/model_weights_s                    
         tep_02160.state.pt                                                     
[epoch 19] step=2280 train_loss=0.189540
[train] step=2281 loss=0.155822 lr=8.128e-06
[train] step=2282 loss=0.161401 lr=8.127e-06
[train] step=2283 loss=0.145547 lr=8.125e-06
[train] step=2284 loss=0.155719 lr=8.123e-06
[train] step=2285 loss=0.156427 lr=8.122e-06
[train] step=2286 loss=0.206894 lr=8.120e-06
[train] step=2287 loss=0.171542 lr=8.119e-06
[train] step=2288 loss=0.204011 lr=8.117e-06
[train] step=2289 loss=0.226317 lr=8.116e-06
[train] step=2290 loss=0.201293 lr=8.114e-06
[train] step=2291 loss=0.208622 lr=8.113e-06
[train] step=2292 loss=0.212829 lr=8.111e-06
[train] step=2293 loss=0.199630 lr=8.110e-06
[train] step=2294 loss=0.228609 lr=8.108e-06
[train] step=2295 loss=0.157990 lr=8.107e-06
[train] step=2296 loss=0.249712 lr=8.105e-06
[train] step=2297 loss=0.170518 lr=8.104e-06
[train] step=2298 loss=0.188861 lr=8.102e-06
[train] step=2299 loss=0.210424 lr=8.100e-06
[train] step=2300 loss=0.170455 lr=8.099e-06
[train] step=2301 loss=0.147461 lr=8.097e-06
[train] step=2302 loss=0.170595 lr=8.096e-06
[train] step=2303 loss=0.408834 lr=8.094e-06
[train] step=2304 loss=0.112468 lr=8.093e-06
[train] step=2305 loss=0.225090 lr=8.091e-06
[train] step=2306 loss=0.384325 lr=8.090e-06
[train] step=2307 loss=0.190020 lr=8.088e-06
[train] step=2308 loss=0.145761 lr=8.087e-06
[train] step=2309 loss=0.146358 lr=8.085e-06
[train] step=2310 loss=0.212385 lr=8.083e-06
[train] step=2311 loss=0.221240 lr=8.082e-06
[train] step=2312 loss=0.140589 lr=8.080e-06
[train] step=2313 loss=0.230476 lr=8.079e-06
[train] step=2314 loss=0.163889 lr=8.077e-06
[train] step=2315 loss=0.142418 lr=8.076e-06
[train] step=2316 loss=0.169844 lr=8.074e-06
[train] step=2317 loss=0.189937 lr=8.073e-06
[train] step=2318 loss=0.219216 lr=8.071e-06
[train] step=2319 loss=0.224703 lr=8.070e-06
[train] step=2320 loss=0.111082 lr=8.068e-06
[train] step=2321 loss=0.134273 lr=8.066e-06
[train] step=2322 loss=0.100457 lr=8.065e-06
[train] step=2323 loss=0.188146 lr=8.063e-06
[train] step=2324 loss=0.208631 lr=8.062e-06
[train] step=2325 loss=0.118063 lr=8.060e-06
[train] step=2326 loss=0.091946 lr=8.059e-06
[train] step=2327 loss=0.267316 lr=8.057e-06
[train] step=2328 loss=0.229408 lr=8.056e-06
[train] step=2329 loss=0.090839 lr=8.054e-06
[train] step=2330 loss=0.349743 lr=8.053e-06
[train] step=2331 loss=0.137735 lr=8.051e-06
[train] step=2332 loss=0.255143 lr=8.049e-06
[train] step=2333 loss=0.200481 lr=8.048e-06
[train] step=2334 loss=0.177959 lr=8.046e-06
[train] step=2335 loss=0.261996 lr=8.045e-06
[train] step=2336 loss=0.077462 lr=8.043e-06
[train] step=2337 loss=0.179561 lr=8.042e-06
[train] step=2338 loss=0.177996 lr=8.040e-06
[train] step=2339 loss=0.173487 lr=8.038e-06
[train] step=2340 loss=0.404266 lr=8.037e-06
[train] step=2341 loss=0.205871 lr=8.035e-06
[train] step=2342 loss=0.324376 lr=8.034e-06
[train] step=2343 loss=0.153965 lr=8.032e-06
[train] step=2344 loss=0.217270 lr=8.031e-06
[train] step=2345 loss=0.222740 lr=8.029e-06
[train] step=2346 loss=0.193304 lr=8.028e-06
[train] step=2347 loss=0.162486 lr=8.026e-06
[train] step=2348 loss=0.211033 lr=8.024e-06
[train] step=2349 loss=0.103528 lr=8.023e-06
[train] step=2350 loss=0.128886 lr=8.021e-06
[train] step=2351 loss=0.109668 lr=8.020e-06
[train] step=2352 loss=0.183677 lr=8.018e-06
[train] step=2353 loss=0.159683 lr=8.017e-06
[train] step=2354 loss=0.211959 lr=8.015e-06
[train] step=2355 loss=0.229238 lr=8.014e-06
[train] step=2356 loss=0.191332 lr=8.012e-06
[train] step=2357 loss=0.142262 lr=8.010e-06
[train] step=2358 loss=0.157264 lr=8.009e-06
[train] step=2359 loss=0.161146 lr=8.007e-06
[train] step=2360 loss=0.157408 lr=8.006e-06
[train] step=2361 loss=0.217515 lr=8.004e-06
[train] step=2362 loss=0.155366 lr=8.003e-06
[train] step=2363 loss=0.128113 lr=8.001e-06
[train] step=2364 loss=0.175531 lr=7.999e-06
[train] step=2365 loss=0.211674 lr=7.998e-06
[train] step=2366 loss=0.132051 lr=7.996e-06
[train] step=2367 loss=0.167572 lr=7.995e-06
[train] step=2368 loss=0.153746 lr=7.993e-06
[train] step=2369 loss=0.166191 lr=7.992e-06
[train] step=2370 loss=0.221564 lr=7.990e-06
[train] step=2371 loss=0.135325 lr=7.988e-06
[train] step=2372 loss=0.181657 lr=7.987e-06
[train] step=2373 loss=0.199421 lr=7.985e-06
[train] step=2374 loss=0.165854 lr=7.984e-06
[train] step=2375 loss=0.172924 lr=7.982e-06
[train] step=2376 loss=0.212580 lr=7.981e-06
[train] step=2377 loss=0.138839 lr=7.979e-06
[train] step=2378 loss=0.086362 lr=7.977e-06
[train] step=2379 loss=0.158137 lr=7.976e-06
[train] step=2380 loss=0.202536 lr=7.974e-06
[train] step=2381 loss=0.195111 lr=7.973e-06
[train] step=2382 loss=0.156497 lr=7.971e-06
[train] step=2383 loss=0.159823 lr=7.969e-06
[train] step=2384 loss=0.117495 lr=7.968e-06
[train] step=2385 loss=0.135508 lr=7.966e-06
[train] step=2386 loss=0.230623 lr=7.965e-06
[train] step=2387 loss=0.199752 lr=7.963e-06
[train] step=2388 loss=0.450358 lr=7.962e-06
[train] step=2389 loss=0.124410 lr=7.960e-06
[train] step=2390 loss=0.133860 lr=7.958e-06
[train] step=2391 loss=0.171631 lr=7.957e-06
[train] step=2392 loss=0.200313 lr=7.955e-06
[train] step=2393 loss=0.250923 lr=7.954e-06
[train] step=2394 loss=0.114241 lr=7.952e-06
[train] step=2395 loss=0.157072 lr=7.951e-06
[train] step=2396 loss=0.189163 lr=7.949e-06
[train] step=2397 loss=0.257429 lr=7.947e-06
[train] step=2398 loss=0.295715 lr=7.946e-06
[train] step=2399 loss=0.161021 lr=7.944e-06
[train] step=2400 loss=0.183369 lr=7.943e-06
[val] step=2400 val_loss=0.179309
INFO     [rank 0] Model weights for step 2400 saved in       dit_trainer.py:1288
         checkpoints/model_weights_step_02400.safetensors                       
INFO     [rank 0] Scalar embedding weights for step 2400     dit_trainer.py:1297
         saved                                                                  
INFO     [rank 0] Training state saved:                      dit_trainer.py:1416
         checkpoints/model_weights_step_02400.state.pt                          
INFO     [rank 0] New best checkpoint (step 2400,            dit_trainer.py:1320
         val_loss=0.179309):                                                    
         checkpoints/model_weights_best.safetensors                             
DEBUG    [rank 0] Removed old checkpoint:                    dit_trainer.py:1429
         /hppfs/scratch/0D/go76fuz2/windinet/outputs/shockwa                    
         ve_dit_ch6_loss_rmse_h1/checkpoints/model_weights_s                    
         tep_02160.safetensors                                                  
DEBUG    [rank 0] Removed old checkpoint:                    dit_trainer.py:1429
         /hppfs/scratch/0D/go76fuz2/windinet/outputs/shockwa                    
         ve_dit_ch6_loss_rmse_h1/checkpoints/scalar_embeddin                    
         g_step_02160.safetensors                                               
DEBUG    [rank 0] Removed optimizer state for older kept     dit_trainer.py:1444
         checkpoint:                                                            
         /hppfs/scratch/0D/go76fuz2/windinet/outputs/shockwa                    
         ve_dit_ch6_loss_rmse_h1/checkpoints/model_weights_s                    
         tep_02280.state.pt                                                     
[epoch 20] step=2400 train_loss=0.186570 val_loss=0.179309
[train] step=2401 loss=0.275633 lr=7.941e-06
[train] step=2402 loss=0.131276 lr=7.939e-06
[train] step=2403 loss=0.161434 lr=7.938e-06
[train] step=2404 loss=0.190821 lr=7.936e-06
[train] step=2405 loss=0.118757 lr=7.935e-06
[train] step=2406 loss=0.162449 lr=7.933e-06
[train] step=2407 loss=0.262008 lr=7.931e-06
[train] step=2408 loss=0.090919 lr=7.930e-06
[train] step=2409 loss=0.141047 lr=7.928e-06
[train] step=2410 loss=0.220897 lr=7.927e-06
[train] step=2411 loss=0.194765 lr=7.925e-06
[train] step=2412 loss=0.155779 lr=7.924e-06
[train] step=2413 loss=0.223594 lr=7.922e-06
[train] step=2414 loss=0.222898 lr=7.920e-06
[train] step=2415 loss=0.155342 lr=7.919e-06
[train] step=2416 loss=0.198726 lr=7.917e-06
[train] step=2417 loss=0.201068 lr=7.916e-06
[train] step=2418 loss=0.186070 lr=7.914e-06
[train] step=2419 loss=0.181025 lr=7.912e-06
[train] step=2420 loss=0.179682 lr=7.911e-06
[train] step=2421 loss=0.207122 lr=7.909e-06
[train] step=2422 loss=0.171527 lr=7.908e-06
[train] step=2423 loss=0.130079 lr=7.906e-06
[train] step=2424 loss=0.137901 lr=7.904e-06
[train] step=2425 loss=0.160618 lr=7.903e-06
[train] step=2426 loss=0.160448 lr=7.901e-06
[train] step=2427 loss=0.230523 lr=7.900e-06
[train] step=2428 loss=0.136969 lr=7.898e-06
[train] step=2429 loss=0.099302 lr=7.896e-06
[train] step=2430 loss=0.176062 lr=7.895e-06
[train] step=2431 loss=0.161524 lr=7.893e-06
[train] step=2432 loss=0.128538 lr=7.892e-06
[train] step=2433 loss=0.117656 lr=7.890e-06
[train] step=2434 loss=0.308470 lr=7.888e-06
[train] step=2435 loss=0.246209 lr=7.887e-06
[train] step=2436 loss=0.161474 lr=7.885e-06
[train] step=2437 loss=0.173186 lr=7.884e-06
[train] step=2438 loss=0.170564 lr=7.882e-06
[train] step=2439 loss=0.240772 lr=7.880e-06
[train] step=2440 loss=0.255756 lr=7.879e-06
[train] step=2441 loss=0.103547 lr=7.877e-06
[train] step=2442 loss=0.172745 lr=7.876e-06
[train] step=2443 loss=0.154348 lr=7.874e-06
[train] step=2444 loss=0.156169 lr=7.872e-06
[train] step=2445 loss=0.150653 lr=7.871e-06
[train] step=2446 loss=0.133848 lr=7.869e-06
[train] step=2447 loss=0.196172 lr=7.868e-06
[train] step=2448 loss=0.156253 lr=7.866e-06
[train] step=2449 loss=0.144072 lr=7.864e-06
[train] step=2450 loss=0.140425 lr=7.863e-06
[train] step=2451 loss=0.108661 lr=7.861e-06
[train] step=2452 loss=0.167491 lr=7.859e-06
[train] step=2453 loss=0.117620 lr=7.858e-06
[train] step=2454 loss=0.221415 lr=7.856e-06
[train] step=2455 loss=0.180022 lr=7.855e-06
[train] step=2456 loss=0.174870 lr=7.853e-06
[train] step=2457 loss=0.175013 lr=7.851e-06
[train] step=2458 loss=0.176166 lr=7.850e-06
[train] step=2459 loss=0.245979 lr=7.848e-06
[train] step=2460 loss=0.203002 lr=7.847e-06
[train] step=2461 loss=0.193098 lr=7.845e-06
[train] step=2462 loss=0.172722 lr=7.843e-06
[train] step=2463 loss=0.305995 lr=7.842e-06
[train] step=2464 loss=0.096713 lr=7.840e-06
[train] step=2465 loss=0.291568 lr=7.839e-06
[train] step=2466 loss=0.179038 lr=7.837e-06
[train] step=2467 loss=0.139308 lr=7.835e-06
[train] step=2468 loss=0.131274 lr=7.834e-06
[train] step=2469 loss=0.115961 lr=7.832e-06
[train] step=2470 loss=0.162630 lr=7.830e-06
[train] step=2471 loss=0.153076 lr=7.829e-06
[train] step=2472 loss=0.227592 lr=7.827e-06
[train] step=2473 loss=0.231855 lr=7.826e-06
[train] step=2474 loss=0.117679 lr=7.824e-06
[train] step=2475 loss=0.127973 lr=7.822e-06
[train] step=2476 loss=0.252154 lr=7.821e-06
[train] step=2477 loss=0.129153 lr=7.819e-06
[train] step=2478 loss=0.159505 lr=7.817e-06
[train] step=2479 loss=0.181622 lr=7.816e-06
[train] step=2480 loss=0.241460 lr=7.814e-06
[train] step=2481 loss=0.157855 lr=7.813e-06
[train] step=2482 loss=0.178537 lr=7.811e-06
[train] step=2483 loss=0.172518 lr=7.809e-06
[train] step=2484 loss=0.274443 lr=7.808e-06
[train] step=2485 loss=0.151274 lr=7.806e-06
[train] step=2486 loss=0.215940 lr=7.804e-06
[train] step=2487 loss=0.207596 lr=7.803e-06
[train] step=2488 loss=0.210486 lr=7.801e-06
[train] step=2489 loss=0.133211 lr=7.800e-06
[train] step=2490 loss=0.149502 lr=7.798e-06
[train] step=2491 loss=0.121872 lr=7.796e-06
[train] step=2492 loss=0.109952 lr=7.795e-06
[train] step=2493 loss=0.143897 lr=7.793e-06
[train] step=2494 loss=0.160052 lr=7.791e-06
[train] step=2495 loss=0.134279 lr=7.790e-06
[train] step=2496 loss=0.123757 lr=7.788e-06
[train] step=2497 loss=0.103139 lr=7.787e-06
[train] step=2498 loss=0.113004 lr=7.785e-06
[train] step=2499 loss=0.216242 lr=7.783e-06
[train] step=2500 loss=0.180522 lr=7.782e-06
[train] step=2501 loss=0.150255 lr=7.780e-06
[train] step=2502 loss=0.276299 lr=7.778e-06
[train] step=2503 loss=0.189464 lr=7.777e-06
[train] step=2504 loss=0.187689 lr=7.775e-06
[train] step=2505 loss=0.156450 lr=7.774e-06
[train] step=2506 loss=0.148955 lr=7.772e-06
[train] step=2507 loss=0.175838 lr=7.770e-06
[train] step=2508 loss=0.178987 lr=7.769e-06
[train] step=2509 loss=0.219412 lr=7.767e-06
[train] step=2510 loss=0.187654 lr=7.765e-06
[train] step=2511 loss=0.145453 lr=7.764e-06
[train] step=2512 loss=0.213836 lr=7.762e-06
[train] step=2513 loss=0.090196 lr=7.760e-06
[train] step=2514 loss=0.116766 lr=7.759e-06
[train] step=2515 loss=0.396707 lr=7.757e-06
[train] step=2516 loss=0.126029 lr=7.756e-06
[train] step=2517 loss=0.347597 lr=7.754e-06
[train] step=2518 loss=0.174222 lr=7.752e-06
[train] step=2519 loss=0.124194 lr=7.751e-06
[train] step=2520 loss=0.189589 lr=7.749e-06
INFO     [rank 0] Model weights for step 2520 saved in       dit_trainer.py:1288
         checkpoints/model_weights_step_02520.safetensors                       
INFO     [rank 0] Scalar embedding weights for step 2520     dit_trainer.py:1297
         saved                                                                  
INFO     [rank 0] Training state saved:                      dit_trainer.py:1416
         checkpoints/model_weights_step_02520.state.pt                          
DEBUG    [rank 0] Removed old checkpoint:                    dit_trainer.py:1429
         /hppfs/scratch/0D/go76fuz2/windinet/outputs/shockwa                    
         ve_dit_ch6_loss_rmse_h1/checkpoints/model_weights_s                    
         tep_02280.safetensors                                                  
DEBUG    [rank 0] Removed old checkpoint:                    dit_trainer.py:1429
         /hppfs/scratch/0D/go76fuz2/windinet/outputs/shockwa                    
         ve_dit_ch6_loss_rmse_h1/checkpoints/scalar_embeddin                    
         g_step_02280.safetensors                                               
DEBUG    [rank 0] Removed optimizer state for older kept     dit_trainer.py:1444
         checkpoint:                                                            
         /hppfs/scratch/0D/go76fuz2/windinet/outputs/shockwa                    
         ve_dit_ch6_loss_rmse_h1/checkpoints/model_weights_s                    
         tep_02400.state.pt                                                     
[epoch 21] step=2520 train_loss=0.176377
[train] step=2521 loss=0.254848 lr=7.747e-06
[train] step=2522 loss=0.173946 lr=7.746e-06
[train] step=2523 loss=0.142556 lr=7.744e-06
[train] step=2524 loss=0.115388 lr=7.742e-06
[train] step=2525 loss=0.104314 lr=7.741e-06
[train] step=2526 loss=0.143256 lr=7.739e-06
[train] step=2527 loss=0.179011 lr=7.738e-06
[train] step=2528 loss=0.166442 lr=7.736e-06
[train] step=2529 loss=0.174145 lr=7.734e-06
[train] step=2530 loss=0.175712 lr=7.733e-06
[train] step=2531 loss=0.189042 lr=7.731e-06
[train] step=2532 loss=0.233919 lr=7.729e-06
[train] step=2533 loss=0.147036 lr=7.728e-06
[train] step=2534 loss=0.106888 lr=7.726e-06
[train] step=2535 loss=0.123914 lr=7.724e-06
[train] step=2536 loss=0.174289 lr=7.723e-06
[train] step=2537 loss=0.139038 lr=7.721e-06
[train] step=2538 loss=0.134255 lr=7.719e-06
[train] step=2539 loss=0.166925 lr=7.718e-06
[train] step=2540 loss=0.205911 lr=7.716e-06
[train] step=2541 loss=0.137846 lr=7.714e-06
[train] step=2542 loss=0.129238 lr=7.713e-06
[train] step=2543 loss=0.114753 lr=7.711e-06
[train] step=2544 loss=0.127740 lr=7.710e-06
[train] step=2545 loss=0.147721 lr=7.708e-06
[train] step=2546 loss=0.148487 lr=7.706e-06
[train] step=2547 loss=0.254917 lr=7.705e-06
[train] step=2548 loss=0.260397 lr=7.703e-06
[train] step=2549 loss=0.197866 lr=7.701e-06
[train] step=2550 loss=0.188408 lr=7.700e-06
[train] step=2551 loss=0.191078 lr=7.698e-06
[train] step=2552 loss=0.162271 lr=7.696e-06
[train] step=2553 loss=0.141099 lr=7.695e-06
[train] step=2554 loss=0.143430 lr=7.693e-06
[train] step=2555 loss=0.087822 lr=7.691e-06
[train] step=2556 loss=0.143174 lr=7.690e-06
[train] step=2557 loss=0.157077 lr=7.688e-06
[train] step=2558 loss=0.162178 lr=7.686e-06
[train] step=2559 loss=0.202960 lr=7.685e-06
[train] step=2560 loss=0.308743 lr=7.683e-06
[train] step=2561 loss=0.176019 lr=7.681e-06
[train] step=2562 loss=0.182095 lr=7.680e-06
[train] step=2563 loss=0.122287 lr=7.678e-06
[train] step=2564 loss=0.109016 lr=7.676e-06
[train] step=2565 loss=0.202936 lr=7.675e-06
[train] step=2566 loss=0.163443 lr=7.673e-06
[train] step=2567 loss=0.253625 lr=7.672e-06
[train] step=2568 loss=0.110885 lr=7.670e-06
[train] step=2569 loss=0.340167 lr=7.668e-06
[train] step=2570 loss=0.193763 lr=7.667e-06
[train] step=2571 loss=0.260684 lr=7.665e-06
[train] step=2572 loss=0.115239 lr=7.663e-06
[train] step=2573 loss=0.176158 lr=7.662e-06
[train] step=2574 loss=0.265406 lr=7.660e-06
[train] step=2575 loss=0.183237 lr=7.658e-06
[train] step=2576 loss=0.177987 lr=7.657e-06
[train] step=2577 loss=0.155647 lr=7.655e-06
[train] step=2578 loss=0.145622 lr=7.653e-06
[train] step=2579 loss=0.217246 lr=7.652e-06
[train] step=2580 loss=0.156896 lr=7.650e-06
[train] step=2581 loss=0.210913 lr=7.648e-06
[train] step=2582 loss=0.167077 lr=7.647e-06
[train] step=2583 loss=0.173971 lr=7.645e-06
[train] step=2584 loss=0.156920 lr=7.643e-06
[train] step=2585 loss=0.209209 lr=7.642e-06
[train] step=2586 loss=0.148579 lr=7.640e-06
[train] step=2587 loss=0.230231 lr=7.638e-06
[train] step=2588 loss=0.128626 lr=7.637e-06
[train] step=2589 loss=0.171663 lr=7.635e-06
[train] step=2590 loss=0.150644 lr=7.633e-06
[train] step=2591 loss=0.220228 lr=7.632e-06
[train] step=2592 loss=0.106511 lr=7.630e-06
[train] step=2593 loss=0.252353 lr=7.628e-06
[train] step=2594 loss=0.201351 lr=7.627e-06
[train] step=2595 loss=0.222012 lr=7.625e-06
[train] step=2596 loss=0.119400 lr=7.623e-06
[train] step=2597 loss=0.433868 lr=7.622e-06
[train] step=2598 loss=0.191602 lr=7.620e-06
[train] step=2599 loss=0.146514 lr=7.618e-06
[train] step=2600 loss=0.195296 lr=7.617e-06
[train] step=2601 loss=0.153283 lr=7.615e-06
[train] step=2602 loss=0.145331 lr=7.613e-06
[train] step=2603 loss=0.100548 lr=7.612e-06
[train] step=2604 loss=0.241306 lr=7.610e-06
[train] step=2605 loss=0.110595 lr=7.608e-06
[train] step=2606 loss=0.145829 lr=7.607e-06
[train] step=2607 loss=0.254246 lr=7.605e-06
[train] step=2608 loss=0.185925 lr=7.603e-06
[train] step=2609 loss=0.142283 lr=7.601e-06
[train] step=2610 loss=0.157005 lr=7.600e-06
[train] step=2611 loss=0.195850 lr=7.598e-06
[train] step=2612 loss=0.166320 lr=7.596e-06
[train] step=2613 loss=0.134178 lr=7.595e-06
[train] step=2614 loss=0.142706 lr=7.593e-06
[train] step=2615 loss=0.208043 lr=7.591e-06
[train] step=2616 loss=0.352395 lr=7.590e-06
[train] step=2617 loss=0.125018 lr=7.588e-06
[train] step=2618 loss=0.301523 lr=7.586e-06
[train] step=2619 loss=0.086816 lr=7.585e-06
[train] step=2620 loss=0.169901 lr=7.583e-06
[train] step=2621 loss=0.136430 lr=7.581e-06
[train] step=2622 loss=0.204027 lr=7.580e-06
[train] step=2623 loss=0.137598 lr=7.578e-06
[train] step=2624 loss=0.252541 lr=7.576e-06
[train] step=2625 loss=0.232934 lr=7.575e-06
[train] step=2626 loss=0.191597 lr=7.573e-06
[train] step=2627 loss=0.277679 lr=7.571e-06
[train] step=2628 loss=0.142599 lr=7.570e-06
[train] step=2629 loss=0.138330 lr=7.568e-06
[train] step=2630 loss=0.139090 lr=7.566e-06
[train] step=2631 loss=0.131111 lr=7.565e-06
[train] step=2632 loss=0.213343 lr=7.563e-06
[train] step=2633 loss=0.267151 lr=7.561e-06
[train] step=2634 loss=0.209846 lr=7.559e-06
[train] step=2635 loss=0.164910 lr=7.558e-06
[train] step=2636 loss=0.127106 lr=7.556e-06
[train] step=2637 loss=0.122933 lr=7.554e-06
[train] step=2638 loss=0.213480 lr=7.553e-06
[train] step=2639 loss=0.226048 lr=7.551e-06
[train] step=2640 loss=0.157036 lr=7.549e-06
INFO     [rank 0] Model weights for step 2640 saved in       dit_trainer.py:1288
         checkpoints/model_weights_step_02640.safetensors                       
INFO     [rank 0] Scalar embedding weights for step 2640     dit_trainer.py:1297
         saved                                                                  
INFO     [rank 0] Training state saved:                      dit_trainer.py:1416
         checkpoints/model_weights_step_02640.state.pt                          
DEBUG    [rank 0] Removed old checkpoint:                    dit_trainer.py:1429
         /hppfs/scratch/0D/go76fuz2/windinet/outputs/shockwa                    
         ve_dit_ch6_loss_rmse_h1/checkpoints/model_weights_s                    
         tep_02400.safetensors                                                  
DEBUG    [rank 0] Removed old checkpoint:                    dit_trainer.py:1429
         /hppfs/scratch/0D/go76fuz2/windinet/outputs/shockwa                    
         ve_dit_ch6_loss_rmse_h1/checkpoints/scalar_embeddin                    
         g_step_02400.safetensors                                               
DEBUG    [rank 0] Removed optimizer state for older kept     dit_trainer.py:1444
         checkpoint:                                                            
         /hppfs/scratch/0D/go76fuz2/windinet/outputs/shockwa                    
         ve_dit_ch6_loss_rmse_h1/checkpoints/model_weights_s                    
         tep_02520.state.pt                                                     
[epoch 22] step=2640 train_loss=0.178673
[train] step=2641 loss=0.147190 lr=7.548e-06
[train] step=2642 loss=0.155066 lr=7.546e-06
[train] step=2643 loss=0.224669 lr=7.544e-06
[train] step=2644 loss=0.209266 lr=7.543e-06
[train] step=2645 loss=0.146629 lr=7.541e-06
[train] step=2646 loss=0.195445 lr=7.539e-06
[train] step=2647 loss=0.187777 lr=7.538e-06
[train] step=2648 loss=0.144117 lr=7.536e-06
[train] step=2649 loss=0.189191 lr=7.534e-06
[train] step=2650 loss=0.220100 lr=7.532e-06
[train] step=2651 loss=0.169418 lr=7.531e-06
[train] step=2652 loss=0.167273 lr=7.529e-06
[train] step=2653 loss=0.192275 lr=7.527e-06
[train] step=2654 loss=0.183558 lr=7.526e-06
[train] step=2655 loss=0.182150 lr=7.524e-06
[train] step=2656 loss=0.211249 lr=7.522e-06
[train] step=2657 loss=0.187209 lr=7.521e-06
[train] step=2658 loss=0.168942 lr=7.519e-06
[train] step=2659 loss=0.129229 lr=7.517e-06
[train] step=2660 loss=0.154334 lr=7.516e-06
[train] step=2661 loss=0.233725 lr=7.514e-06
[train] step=2662 loss=0.108832 lr=7.512e-06
[train] step=2663 loss=0.165968 lr=7.510e-06
[train] step=2664 loss=0.230707 lr=7.509e-06
[train] step=2665 loss=0.215246 lr=7.507e-06
[train] step=2666 loss=0.307219 lr=7.505e-06
[train] step=2667 loss=0.173345 lr=7.504e-06
[train] step=2668 loss=0.217366 lr=7.502e-06
[train] step=2669 loss=0.220181 lr=7.500e-06
[train] step=2670 loss=0.130290 lr=7.499e-06
[train] step=2671 loss=0.450221 lr=7.497e-06
[train] step=2672 loss=0.155402 lr=7.495e-06
[train] step=2673 loss=0.168050 lr=7.493e-06
[train] step=2674 loss=0.130465 lr=7.492e-06
[train] step=2675 loss=0.124669 lr=7.490e-06
[train] step=2676 loss=0.178695 lr=7.488e-06
[train] step=2677 loss=0.249843 lr=7.487e-06
[train] step=2678 loss=0.184857 lr=7.485e-06
[train] step=2679 loss=0.161516 lr=7.483e-06
[train] step=2680 loss=0.191198 lr=7.482e-06
[train] step=2681 loss=0.112789 lr=7.480e-06
[train] step=2682 loss=0.142683 lr=7.478e-06
[train] step=2683 loss=0.171369 lr=7.476e-06
[train] step=2684 loss=0.105573 lr=7.475e-06
[train] step=2685 loss=0.147191 lr=7.473e-06
[train] step=2686 loss=0.253895 lr=7.471e-06
[train] step=2687 loss=0.228742 lr=7.470e-06
[train] step=2688 loss=0.257427 lr=7.468e-06
[train] step=2689 loss=0.164579 lr=7.466e-06
[train] step=2690 loss=0.179290 lr=7.464e-06
[train] step=2691 loss=0.224886 lr=7.463e-06
[train] step=2692 loss=0.105639 lr=7.461e-06
[train] step=2693 loss=0.163989 lr=7.459e-06
[train] step=2694 loss=0.281015 lr=7.458e-06
[train] step=2695 loss=0.167346 lr=7.456e-06
[train] step=2696 loss=0.235065 lr=7.454e-06
[train] step=2697 loss=0.169041 lr=7.453e-06
[train] step=2698 loss=0.153511 lr=7.451e-06
[train] step=2699 loss=0.203487 lr=7.449e-06
[train] step=2700 loss=0.153621 lr=7.447e-06
[train] step=2701 loss=0.157146 lr=7.446e-06
[train] step=2702 loss=0.185254 lr=7.444e-06
[train] step=2703 loss=0.168072 lr=7.442e-06
[train] step=2704 loss=0.086442 lr=7.441e-06
[train] step=2705 loss=0.156922 lr=7.439e-06
[train] step=2706 loss=0.123080 lr=7.437e-06
[train] step=2707 loss=0.213105 lr=7.435e-06
[train] step=2708 loss=0.132634 lr=7.434e-06
[train] step=2709 loss=0.199241 lr=7.432e-06
[train] step=2710 loss=0.119332 lr=7.430e-06
[train] step=2711 loss=0.161829 lr=7.429e-06
[train] step=2712 loss=0.173151 lr=7.427e-06
[train] step=2713 loss=0.130658 lr=7.425e-06
[train] step=2714 loss=0.094682 lr=7.423e-06
[train] step=2715 loss=0.220283 lr=7.422e-06
[train] step=2716 loss=0.176819 lr=7.420e-06
[train] step=2717 loss=0.195185 lr=7.418e-06
[train] step=2718 loss=0.178378 lr=7.417e-06
[train] step=2719 loss=0.125240 lr=7.415e-06
[train] step=2720 loss=0.188181 lr=7.413e-06
[train] step=2721 loss=0.115205 lr=7.411e-06
[train] step=2722 loss=0.161006 lr=7.410e-06
[train] step=2723 loss=0.265928 lr=7.408e-06
[train] step=2724 loss=0.120450 lr=7.406e-06
[train] step=2725 loss=0.148668 lr=7.404e-06
[train] step=2726 loss=0.154712 lr=7.403e-06
[train] step=2727 loss=0.178471 lr=7.401e-06
[train] step=2728 loss=0.139742 lr=7.399e-06
[train] step=2729 loss=0.147907 lr=7.398e-06
[train] step=2730 loss=0.117737 lr=7.396e-06
[train] step=2731 loss=0.153763 lr=7.394e-06
[train] step=2732 loss=0.150912 lr=7.392e-06
[train] step=2733 loss=0.175159 lr=7.391e-06
[train] step=2734 loss=0.324008 lr=7.389e-06
[train] step=2735 loss=0.184711 lr=7.387e-06
[train] step=2736 loss=0.131043 lr=7.386e-06
[train] step=2737 loss=0.527913 lr=7.384e-06
[train] step=2738 loss=0.147305 lr=7.382e-06
[train] step=2739 loss=0.203671 lr=7.380e-06
[train] step=2740 loss=0.203872 lr=7.379e-06
[train] step=2741 loss=0.152963 lr=7.377e-06
[train] step=2742 loss=0.209148 lr=7.375e-06
[train] step=2743 loss=0.170024 lr=7.373e-06
[train] step=2744 loss=0.221623 lr=7.372e-06
[train] step=2745 loss=0.230935 lr=7.370e-06
[train] step=2746 loss=0.213340 lr=7.368e-06
[train] step=2747 loss=0.152138 lr=7.367e-06
[train] step=2748 loss=0.147877 lr=7.365e-06
[train] step=2749 loss=0.101461 lr=7.363e-06
[train] step=2750 loss=0.152598 lr=7.361e-06
[train] step=2751 loss=0.133097 lr=7.360e-06
[train] step=2752 loss=0.200496 lr=7.358e-06
[train] step=2753 loss=0.233594 lr=7.356e-06
[train] step=2754 loss=0.170357 lr=7.354e-06
[train] step=2755 loss=0.194704 lr=7.353e-06
[train] step=2756 loss=0.171747 lr=7.351e-06
[train] step=2757 loss=0.466113 lr=7.349e-06
[train] step=2758 loss=0.167892 lr=7.348e-06
[train] step=2759 loss=0.182161 lr=7.346e-06
[train] step=2760 loss=0.216018 lr=7.344e-06
INFO     [rank 0] Model weights for step 2760 saved in       dit_trainer.py:1288
         checkpoints/model_weights_step_02760.safetensors                       
INFO     [rank 0] Scalar embedding weights for step 2760     dit_trainer.py:1297
         saved                                                                  
INFO     [rank 0] Training state saved:                      dit_trainer.py:1416
         checkpoints/model_weights_step_02760.state.pt                          
DEBUG    [rank 0] Removed old checkpoint:                    dit_trainer.py:1429
         /hppfs/scratch/0D/go76fuz2/windinet/outputs/shockwa                    
         ve_dit_ch6_loss_rmse_h1/checkpoints/model_weights_s                    
         tep_02520.safetensors                                                  
DEBUG    [rank 0] Removed old checkpoint:                    dit_trainer.py:1429
         /hppfs/scratch/0D/go76fuz2/windinet/outputs/shockwa                    
         ve_dit_ch6_loss_rmse_h1/checkpoints/scalar_embeddin                    
         g_step_02520.safetensors                                               
DEBUG    [rank 0] Removed optimizer state for older kept     dit_trainer.py:1444
         checkpoint:                                                            
         /hppfs/scratch/0D/go76fuz2/windinet/outputs/shockwa                    
         ve_dit_ch6_loss_rmse_h1/checkpoints/model_weights_s                    
         tep_02640.state.pt                                                     
[epoch 23] step=2760 train_loss=0.182926
[train] step=2761 loss=0.210402 lr=7.342e-06
[train] step=2762 loss=0.162018 lr=7.341e-06
[train] step=2763 loss=0.284317 lr=7.339e-06
[train] step=2764 loss=0.133517 lr=7.337e-06
[train] step=2765 loss=0.237889 lr=7.335e-06
[train] step=2766 loss=0.141511 lr=7.334e-06
[train] step=2767 loss=0.187408 lr=7.332e-06
[train] step=2768 loss=0.173352 lr=7.330e-06
[train] step=2769 loss=0.119362 lr=7.328e-06
[train] step=2770 loss=0.157561 lr=7.327e-06
[train] step=2771 loss=0.183673 lr=7.325e-06
[train] step=2772 loss=0.136040 lr=7.323e-06
[train] step=2773 loss=0.213757 lr=7.321e-06
[train] step=2774 loss=0.198549 lr=7.320e-06
[train] step=2775 loss=0.293752 lr=7.318e-06
[train] step=2776 loss=0.109305 lr=7.316e-06
[train] step=2777 loss=0.251039 lr=7.315e-06
[train] step=2778 loss=0.284033 lr=7.313e-06
[train] step=2779 loss=0.150182 lr=7.311e-06
[train] step=2780 loss=0.186869 lr=7.309e-06
[train] step=2781 loss=0.278695 lr=7.308e-06
[train] step=2782 loss=0.235456 lr=7.306e-06
[train] step=2783 loss=0.174597 lr=7.304e-06
[train] step=2784 loss=0.134651 lr=7.302e-06
[train] step=2785 loss=0.137399 lr=7.301e-06
[train] step=2786 loss=0.197027 lr=7.299e-06
[train] step=2787 loss=0.133812 lr=7.297e-06
[train] step=2788 loss=0.204093 lr=7.295e-06
[train] step=2789 loss=0.234052 lr=7.294e-06
[train] step=2790 loss=0.108908 lr=7.292e-06
[train] step=2791 loss=0.190631 lr=7.290e-06
[train] step=2792 loss=0.090228 lr=7.288e-06
[train] step=2793 loss=0.170651 lr=7.287e-06
[train] step=2794 loss=0.109795 lr=7.285e-06
[train] step=2795 loss=0.145712 lr=7.283e-06
[train] step=2796 loss=0.187660 lr=7.281e-06
[train] step=2797 loss=0.194326 lr=7.280e-06
[train] step=2798 loss=0.156289 lr=7.278e-06
[train] step=2799 loss=0.252194 lr=7.276e-06
[train] step=2800 loss=0.137519 lr=7.274e-06
[train] step=2801 loss=0.254681 lr=7.273e-06
[train] step=2802 loss=0.324210 lr=7.271e-06
[train] step=2803 loss=0.187391 lr=7.269e-06
[train] step=2804 loss=0.151396 lr=7.267e-06
[train] step=2805 loss=0.161367 lr=7.266e-06
[train] step=2806 loss=0.117688 lr=7.264e-06
[train] step=2807 loss=0.156716 lr=7.262e-06
[train] step=2808 loss=0.162895 lr=7.260e-06
[train] step=2809 loss=0.230006 lr=7.259e-06
[train] step=2810 loss=0.112105 lr=7.257e-06
[train] step=2811 loss=0.113875 lr=7.255e-06
[train] step=2812 loss=0.119454 lr=7.253e-06
[train] step=2813 loss=0.208796 lr=7.252e-06
[train] step=2814 loss=0.193036 lr=7.250e-06
[train] step=2815 loss=0.176763 lr=7.248e-06
[train] step=2816 loss=0.162514 lr=7.246e-06
[train] step=2817 loss=0.181803 lr=7.245e-06
[train] step=2818 loss=0.179126 lr=7.243e-06
[train] step=2819 loss=0.140038 lr=7.241e-06
[train] step=2820 loss=0.139242 lr=7.239e-06
[train] step=2821 loss=0.193744 lr=7.238e-06
[train] step=2822 loss=0.247372 lr=7.236e-06
[train] step=2823 loss=0.172076 lr=7.234e-06
[train] step=2824 loss=0.222937 lr=7.232e-06
[train] step=2825 loss=0.124826 lr=7.231e-06
[train] step=2826 loss=0.181239 lr=7.229e-06
[train] step=2827 loss=0.065937 lr=7.227e-06
[train] step=2828 loss=0.199097 lr=7.225e-06
[train] step=2829 loss=0.142891 lr=7.224e-06
[train] step=2830 loss=0.159815 lr=7.222e-06
[train] step=2831 loss=0.212709 lr=7.220e-06
[train] step=2832 loss=0.168655 lr=7.218e-06
[train] step=2833 loss=0.188627 lr=7.217e-06
[train] step=2834 loss=0.199571 lr=7.215e-06
[train] step=2835 loss=0.184943 lr=7.213e-06
[train] step=2836 loss=0.122468 lr=7.211e-06
[train] step=2837 loss=0.147199 lr=7.210e-06
[train] step=2838 loss=0.191968 lr=7.208e-06
[train] step=2839 loss=0.299541 lr=7.206e-06
[train] step=2840 loss=0.191157 lr=7.204e-06
[train] step=2841 loss=0.165186 lr=7.202e-06
[train] step=2842 loss=0.155066 lr=7.201e-06
[train] step=2843 loss=0.203391 lr=7.199e-06
[train] step=2844 loss=0.226360 lr=7.197e-06
[train] step=2845 loss=0.214126 lr=7.195e-06
[train] step=2846 loss=0.139262 lr=7.194e-06
[train] step=2847 loss=0.254411 lr=7.192e-06
[train] step=2848 loss=0.153015 lr=7.190e-06
[train] step=2849 loss=0.147698 lr=7.188e-06
[train] step=2850 loss=0.149970 lr=7.187e-06
[train] step=2851 loss=0.277832 lr=7.185e-06
[train] step=2852 loss=0.184244 lr=7.183e-06
[train] step=2853 loss=0.161762 lr=7.181e-06
[train] step=2854 loss=0.202140 lr=7.180e-06
[train] step=2855 loss=0.090939 lr=7.178e-06
[train] step=2856 loss=0.272872 lr=7.176e-06
[train] step=2857 loss=0.133494 lr=7.174e-06
[train] step=2858 loss=0.094193 lr=7.173e-06
[train] step=2859 loss=0.143287 lr=7.171e-06
[train] step=2860 loss=0.293457 lr=7.169e-06
[train] step=2861 loss=0.168729 lr=7.167e-06
[train] step=2862 loss=0.218057 lr=7.165e-06
[train] step=2863 loss=0.164662 lr=7.164e-06
[train] step=2864 loss=0.142142 lr=7.162e-06
[train] step=2865 loss=0.114128 lr=7.160e-06
[train] step=2866 loss=0.099219 lr=7.158e-06
[train] step=2867 loss=0.128391 lr=7.157e-06
[train] step=2868 loss=0.145279 lr=7.155e-06
[train] step=2869 loss=0.143277 lr=7.153e-06
[train] step=2870 loss=0.276020 lr=7.151e-06
[train] step=2871 loss=0.137418 lr=7.149e-06
[train] step=2872 loss=0.276908 lr=7.148e-06
[train] step=2873 loss=0.206391 lr=7.146e-06
[train] step=2874 loss=0.126352 lr=7.144e-06
[train] step=2875 loss=0.113935 lr=7.142e-06
[train] step=2876 loss=0.141947 lr=7.141e-06
[train] step=2877 loss=0.149585 lr=7.139e-06
[train] step=2878 loss=0.197754 lr=7.137e-06
[train] step=2879 loss=0.133049 lr=7.135e-06
[train] step=2880 loss=0.160513 lr=7.134e-06
INFO     [rank 0] Model weights for step 2880 saved in       dit_trainer.py:1288
         checkpoints/model_weights_step_02880.safetensors                       
INFO     [rank 0] Scalar embedding weights for step 2880     dit_trainer.py:1297
         saved                                                                  
INFO     [rank 0] Training state saved:                      dit_trainer.py:1416
         checkpoints/model_weights_step_02880.state.pt                          
DEBUG    [rank 0] Removed old checkpoint:                    dit_trainer.py:1429
         /hppfs/scratch/0D/go76fuz2/windinet/outputs/shockwa                    
         ve_dit_ch6_loss_rmse_h1/checkpoints/model_weights_s                    
         tep_02640.safetensors                                                  
DEBUG    [rank 0] Removed old checkpoint:                    dit_trainer.py:1429
         /hppfs/scratch/0D/go76fuz2/windinet/outputs/shockwa                    
         ve_dit_ch6_loss_rmse_h1/checkpoints/scalar_embeddin                    
         g_step_02640.safetensors                                               
DEBUG    [rank 0] Removed optimizer state for older kept     dit_trainer.py:1444
         checkpoint:                                                            
         /hppfs/scratch/0D/go76fuz2/windinet/outputs/shockwa                    
         ve_dit_ch6_loss_rmse_h1/checkpoints/model_weights_s                    
         tep_02760.state.pt                                                     
[epoch 24] step=2880 train_loss=0.177834
[train] step=2881 loss=0.187428 lr=7.132e-06
[train] step=2882 loss=0.147623 lr=7.130e-06
[train] step=2883 loss=0.169875 lr=7.128e-06
[train] step=2884 loss=0.159274 lr=7.126e-06
[train] step=2885 loss=0.189305 lr=7.125e-06
[train] step=2886 loss=0.190921 lr=7.123e-06
[train] step=2887 loss=0.099192 lr=7.121e-06
[train] step=2888 loss=0.172183 lr=7.119e-06
[train] step=2889 loss=0.087429 lr=7.118e-06
[train] step=2890 loss=0.285428 lr=7.116e-06
[train] step=2891 loss=0.166396 lr=7.114e-06
[train] step=2892 loss=0.265017 lr=7.112e-06
[train] step=2893 loss=0.121515 lr=7.110e-06
[train] step=2894 loss=0.197094 lr=7.109e-06
[train] step=2895 loss=0.120791 lr=7.107e-06
[train] step=2896 loss=0.298004 lr=7.105e-06
[train] step=2897 loss=0.196245 lr=7.103e-06
[train] step=2898 loss=0.198920 lr=7.102e-06
[train] step=2899 loss=0.167050 lr=7.100e-06
[train] step=2900 loss=0.091917 lr=7.098e-06
[train] step=2901 loss=0.146831 lr=7.096e-06
[train] step=2902 loss=0.226303 lr=7.094e-06
[train] step=2903 loss=0.179419 lr=7.093e-06
[train] step=2904 loss=0.143036 lr=7.091e-06
[train] step=2905 loss=0.323396 lr=7.089e-06
[train] step=2906 loss=0.145530 lr=7.087e-06
[train] step=2907 loss=0.209647 lr=7.086e-06
[train] step=2908 loss=0.129354 lr=7.084e-06
[train] step=2909 loss=0.138421 lr=7.082e-06
[train] step=2910 loss=0.236354 lr=7.080e-06
[train] step=2911 loss=0.218731 lr=7.078e-06
[train] step=2912 loss=0.144219 lr=7.077e-06
[train] step=2913 loss=0.189057 lr=7.075e-06
[train] step=2914 loss=0.167187 lr=7.073e-06
[train] step=2915 loss=0.182437 lr=7.071e-06
[train] step=2916 loss=0.187123 lr=7.069e-06
[train] step=2917 loss=0.169413 lr=7.068e-06
[train] step=2918 loss=0.119470 lr=7.066e-06
[train] step=2919 loss=0.156509 lr=7.064e-06
[train] step=2920 loss=0.180508 lr=7.062e-06
[train] step=2921 loss=0.253663 lr=7.061e-06
[train] step=2922 loss=0.098983 lr=7.059e-06
[train] step=2923 loss=0.154280 lr=7.057e-06
[train] step=2924 loss=0.172457 lr=7.055e-06
[train] step=2925 loss=0.161394 lr=7.053e-06
[train] step=2926 loss=0.280578 lr=7.052e-06
[train] step=2927 loss=0.108486 lr=7.050e-06
[train] step=2928 loss=0.177667 lr=7.048e-06
[train] step=2929 loss=0.137815 lr=7.046e-06
[train] step=2930 loss=0.168926 lr=7.044e-06
[train] step=2931 loss=0.144977 lr=7.043e-06
[train] step=2932 loss=0.138136 lr=7.041e-06
[train] step=2933 loss=0.184396 lr=7.039e-06
[train] step=2934 loss=0.212938 lr=7.037e-06
[train] step=2935 loss=0.127654 lr=7.035e-06
[train] step=2936 loss=0.164201 lr=7.034e-06
[train] step=2937 loss=0.143165 lr=7.032e-06
[train] step=2938 loss=0.115409 lr=7.030e-06
[train] step=2939 loss=0.204787 lr=7.028e-06
[train] step=2940 loss=0.102356 lr=7.026e-06
[train] step=2941 loss=0.244830 lr=7.025e-06
[train] step=2942 loss=0.224676 lr=7.023e-06
[train] step=2943 loss=0.116792 lr=7.021e-06
[train] step=2944 loss=0.220503 lr=7.019e-06
[train] step=2945 loss=0.199840 lr=7.018e-06
[train] step=2946 loss=0.161890 lr=7.016e-06
[train] step=2947 loss=0.093681 lr=7.014e-06
[train] step=2948 loss=0.134216 lr=7.012e-06
[train] step=2949 loss=0.217316 lr=7.010e-06
[train] step=2950 loss=0.222564 lr=7.009e-06
[train] step=2951 loss=0.173936 lr=7.007e-06
[train] step=2952 loss=0.143971 lr=7.005e-06
[train] step=2953 loss=0.207672 lr=7.003e-06
[train] step=2954 loss=0.093219 lr=7.001e-06
[train] step=2955 loss=0.149254 lr=7.000e-06
[train] step=2956 loss=0.131228 lr=6.998e-06
[train] step=2957 loss=0.227393 lr=6.996e-06
[train] step=2958 loss=0.214933 lr=6.994e-06
[train] step=2959 loss=0.140004 lr=6.992e-06
[train] step=2960 loss=0.154056 lr=6.991e-06
[train] step=2961 loss=0.125556 lr=6.989e-06
[train] step=2962 loss=0.172499 lr=6.987e-06
[train] step=2963 loss=0.175525 lr=6.985e-06
[train] step=2964 loss=0.212801 lr=6.983e-06
[train] step=2965 loss=0.199605 lr=6.982e-06
[train] step=2966 loss=0.184309 lr=6.980e-06
[train] step=2967 loss=0.161889 lr=6.978e-06
[train] step=2968 loss=0.126273 lr=6.976e-06
[train] step=2969 loss=0.102854 lr=6.974e-06
[train] step=2970 loss=0.421437 lr=6.973e-06
[train] step=2971 loss=0.173540 lr=6.971e-06
[train] step=2972 loss=0.180606 lr=6.969e-06
[train] step=2973 loss=0.105557 lr=6.967e-06
[train] step=2974 loss=0.219157 lr=6.965e-06
[train] step=2975 loss=0.160502 lr=6.964e-06
[train] step=2976 loss=0.133489 lr=6.962e-06
[train] step=2977 loss=0.208050 lr=6.960e-06
[train] step=2978 loss=0.177807 lr=6.958e-06
[train] step=2979 loss=0.254927 lr=6.956e-06
[train] step=2980 loss=0.185406 lr=6.954e-06
[train] step=2981 loss=0.419219 lr=6.953e-06
[train] step=2982 loss=0.265460 lr=6.951e-06
[train] step=2983 loss=0.168494 lr=6.949e-06
[train] step=2984 loss=0.163697 lr=6.947e-06
[train] step=2985 loss=0.215862 lr=6.945e-06
[train] step=2986 loss=0.148089 lr=6.944e-06
[train] step=2987 loss=0.195364 lr=6.942e-06
[train] step=2988 loss=0.437586 lr=6.940e-06
[train] step=2989 loss=0.183903 lr=6.938e-06
[train] step=2990 loss=0.224260 lr=6.936e-06
[train] step=2991 loss=0.117520 lr=6.935e-06
[train] step=2992 loss=0.101861 lr=6.933e-06
[train] step=2993 loss=0.185342 lr=6.931e-06
[train] step=2994 loss=0.136919 lr=6.929e-06
[train] step=2995 loss=0.264306 lr=6.927e-06
[train] step=2996 loss=0.173706 lr=6.926e-06
[train] step=2997 loss=0.165442 lr=6.924e-06
[train] step=2998 loss=0.164018 lr=6.922e-06
[train] step=2999 loss=0.158449 lr=6.920e-06
[train] step=3000 loss=0.119636 lr=6.918e-06
[val] step=3000 val_loss=0.174669
INFO     [rank 0] Model weights for step 3000 saved in       dit_trainer.py:1288
         checkpoints/model_weights_step_03000.safetensors                       
INFO     [rank 0] Scalar embedding weights for step 3000     dit_trainer.py:1297
         saved                                                                  
INFO     [rank 0] Training state saved:                      dit_trainer.py:1416
         checkpoints/model_weights_step_03000.state.pt                          
INFO     [rank 0] New best checkpoint (step 3000,            dit_trainer.py:1320
         val_loss=0.174669):                                                    
         checkpoints/model_weights_best.safetensors                             
DEBUG    [rank 0] Removed old checkpoint:                    dit_trainer.py:1429
         /hppfs/scratch/0D/go76fuz2/windinet/outputs/shockwa                    
         ve_dit_ch6_loss_rmse_h1/checkpoints/model_weights_s                    
         tep_02760.safetensors                                                  
DEBUG    [rank 0] Removed old checkpoint:                    dit_trainer.py:1429
         /hppfs/scratch/0D/go76fuz2/windinet/outputs/shockwa                    
         ve_dit_ch6_loss_rmse_h1/checkpoints/scalar_embeddin                    
         g_step_02760.safetensors                                               
DEBUG    [rank 0] Removed optimizer state for older kept     dit_trainer.py:1444
         checkpoint:                                                            
         /hppfs/scratch/0D/go76fuz2/windinet/outputs/shockwa                    
         ve_dit_ch6_loss_rmse_h1/checkpoints/model_weights_s                    
         tep_02880.state.pt                                                     
[epoch 25] step=3000 train_loss=0.179672 val_loss=0.174669
[train] step=3001 loss=0.230405 lr=6.917e-06
[train] step=3002 loss=0.176240 lr=6.915e-06
[train] step=3003 loss=0.227376 lr=6.913e-06
[train] step=3004 loss=0.192777 lr=6.911e-06
[train] step=3005 loss=0.144948 lr=6.909e-06
[train] step=3006 loss=0.160970 lr=6.907e-06
[train] step=3007 loss=0.202211 lr=6.906e-06
[train] step=3008 loss=0.295219 lr=6.904e-06
[train] step=3009 loss=0.104116 lr=6.902e-06
[train] step=3010 loss=0.167660 lr=6.900e-06
[train] step=3011 loss=0.142399 lr=6.898e-06
[train] step=3012 loss=0.088588 lr=6.897e-06
[train] step=3013 loss=0.232517 lr=6.895e-06
[train] step=3014 loss=0.248856 lr=6.893e-06
[train] step=3015 loss=0.177880 lr=6.891e-06
[train] step=3016 loss=0.200847 lr=6.889e-06
[train] step=3017 loss=0.216527 lr=6.887e-06
[train] step=3018 loss=0.226675 lr=6.886e-06
[train] step=3019 loss=0.159503 lr=6.884e-06
[train] step=3020 loss=0.153014 lr=6.882e-06
[train] step=3021 loss=0.130023 lr=6.880e-06
[train] step=3022 loss=0.148518 lr=6.878e-06
[train] step=3023 loss=0.125965 lr=6.877e-06
[train] step=3024 loss=0.211169 lr=6.875e-06
[train] step=3025 loss=0.147218 lr=6.873e-06
[train] step=3026 loss=0.119905 lr=6.871e-06
[train] step=3027 loss=0.150276 lr=6.869e-06
[train] step=3028 loss=0.070860 lr=6.867e-06
[train] step=3029 loss=0.180305 lr=6.866e-06
[train] step=3030 loss=0.158035 lr=6.864e-06
[train] step=3031 loss=0.171963 lr=6.862e-06
[train] step=3032 loss=0.153721 lr=6.860e-06
[train] step=3033 loss=0.119063 lr=6.858e-06
[train] step=3034 loss=0.210480 lr=6.857e-06
[train] step=3035 loss=0.160512 lr=6.855e-06
[train] step=3036 loss=0.141578 lr=6.853e-06
[train] step=3037 loss=0.166626 lr=6.851e-06
[train] step=3038 loss=0.211395 lr=6.849e-06
[train] step=3039 loss=0.232541 lr=6.847e-06
[train] step=3040 loss=0.127975 lr=6.846e-06
[train] step=3041 loss=0.100902 lr=6.844e-06
[train] step=3042 loss=0.243839 lr=6.842e-06
[train] step=3043 loss=0.211608 lr=6.840e-06
[train] step=3044 loss=0.154457 lr=6.838e-06
[train] step=3045 loss=0.140382 lr=6.836e-06
[train] step=3046 loss=0.122242 lr=6.835e-06
[train] step=3047 loss=0.141565 lr=6.833e-06
[train] step=3048 loss=0.179369 lr=6.831e-06
[train] step=3049 loss=0.229082 lr=6.829e-06
[train] step=3050 loss=0.168543 lr=6.827e-06
[train] step=3051 loss=0.119461 lr=6.826e-06
[train] step=3052 loss=0.477775 lr=6.824e-06
[train] step=3053 loss=0.210984 lr=6.822e-06
[train] step=3054 loss=0.138102 lr=6.820e-06
[train] step=3055 loss=0.178604 lr=6.818e-06
[train] step=3056 loss=0.217044 lr=6.816e-06
[train] step=3057 loss=0.130266 lr=6.815e-06
[train] step=3058 loss=0.148616 lr=6.813e-06
[train] step=3059 loss=0.128429 lr=6.811e-06
[train] step=3060 loss=0.119053 lr=6.809e-06
[train] step=3061 loss=0.204899 lr=6.807e-06
[train] step=3062 loss=0.165550 lr=6.805e-06
[train] step=3063 loss=0.142993 lr=6.804e-06
[train] step=3064 loss=0.107840 lr=6.802e-06
[train] step=3065 loss=0.216602 lr=6.800e-06
[train] step=3066 loss=0.155528 lr=6.798e-06
[train] step=3067 loss=0.081393 lr=6.796e-06
[train] step=3068 loss=0.116119 lr=6.794e-06
[train] step=3069 loss=0.174735 lr=6.793e-06
[train] step=3070 loss=0.179981 lr=6.791e-06
[train] step=3071 loss=0.131530 lr=6.789e-06
[train] step=3072 loss=0.157646 lr=6.787e-06
[train] step=3073 loss=0.206732 lr=6.785e-06
[train] step=3074 loss=0.220901 lr=6.783e-06
[train] step=3075 loss=0.129331 lr=6.782e-06
[train] step=3076 loss=0.190879 lr=6.780e-06
[train] step=3077 loss=0.094133 lr=6.778e-06
[train] step=3078 loss=0.269083 lr=6.776e-06
[train] step=3079 loss=0.208568 lr=6.774e-06
[train] step=3080 loss=0.258997 lr=6.772e-06
[train] step=3081 loss=0.115038 lr=6.771e-06
[train] step=3082 loss=0.130185 lr=6.769e-06
[train] step=3083 loss=0.277208 lr=6.767e-06
[train] step=3084 loss=0.239024 lr=6.765e-06
[train] step=3085 loss=0.190728 lr=6.763e-06
[train] step=3086 loss=0.071554 lr=6.761e-06
[train] step=3087 loss=0.100388 lr=6.760e-06
[train] step=3088 loss=0.145255 lr=6.758e-06
[train] step=3089 loss=0.151888 lr=6.756e-06
[train] step=3090 loss=0.196245 lr=6.754e-06
[train] step=3091 loss=0.062259 lr=6.752e-06
[train] step=3092 loss=0.210644 lr=6.750e-06
[train] step=3093 loss=0.189002 lr=6.749e-06
[train] step=3094 loss=0.113047 lr=6.747e-06
[train] step=3095 loss=0.131764 lr=6.745e-06
[train] step=3096 loss=0.243985 lr=6.743e-06
[train] step=3097 loss=0.131891 lr=6.741e-06
[train] step=3098 loss=0.152056 lr=6.739e-06
[train] step=3099 loss=0.207800 lr=6.738e-06
[train] step=3100 loss=0.420297 lr=6.736e-06
[train] step=3101 loss=0.183321 lr=6.734e-06
[train] step=3102 loss=0.124405 lr=6.732e-06
[train] step=3103 loss=0.190213 lr=6.730e-06
[train] step=3104 loss=0.123296 lr=6.728e-06
[train] step=3105 loss=0.153250 lr=6.726e-06
[train] step=3106 loss=0.185725 lr=6.725e-06
[train] step=3107 loss=0.168925 lr=6.723e-06
[train] step=3108 loss=0.120203 lr=6.721e-06
[train] step=3109 loss=0.149481 lr=6.719e-06
[train] step=3110 loss=0.197331 lr=6.717e-06
[train] step=3111 loss=0.219866 lr=6.715e-06
[train] step=3112 loss=0.158735 lr=6.714e-06
[train] step=3113 loss=0.100736 lr=6.712e-06
[train] step=3114 loss=0.148291 lr=6.710e-06
[train] step=3115 loss=0.166611 lr=6.708e-06
[train] step=3116 loss=0.460915 lr=6.706e-06
[train] step=3117 loss=0.138558 lr=6.704e-06
[train] step=3118 loss=0.150433 lr=6.703e-06
[train] step=3119 loss=0.197202 lr=6.701e-06
[train] step=3120 loss=0.169500 lr=6.699e-06
INFO     [rank 0] Model weights for step 3120 saved in       dit_trainer.py:1288
         checkpoints/model_weights_step_03120.safetensors                       
INFO     [rank 0] Scalar embedding weights for step 3120     dit_trainer.py:1297
         saved                                                                  
INFO     [rank 0] Training state saved:                      dit_trainer.py:1416
         checkpoints/model_weights_step_03120.state.pt                          
DEBUG    [rank 0] Removed old checkpoint:                    dit_trainer.py:1429
         /hppfs/scratch/0D/go76fuz2/windinet/outputs/shockwa                    
         ve_dit_ch6_loss_rmse_h1/checkpoints/model_weights_s                    
         tep_02880.safetensors                                                  
DEBUG    [rank 0] Removed old checkpoint:                    dit_trainer.py:1429
         /hppfs/scratch/0D/go76fuz2/windinet/outputs/shockwa                    
         ve_dit_ch6_loss_rmse_h1/checkpoints/scalar_embeddin                    
         g_step_02880.safetensors                                               
DEBUG    [rank 0] Removed optimizer state for older kept     dit_trainer.py:1444
         checkpoint:                                                            
         /hppfs/scratch/0D/go76fuz2/windinet/outputs/shockwa                    
         ve_dit_ch6_loss_rmse_h1/checkpoints/model_weights_s                    
         tep_03000.state.pt                                                     
[epoch 26] step=3120 train_loss=0.173317
[train] step=3121 loss=0.150118 lr=6.697e-06
[train] step=3122 loss=0.187014 lr=6.695e-06
[train] step=3123 loss=0.115274 lr=6.693e-06
[train] step=3124 loss=0.212706 lr=6.691e-06
[train] step=3125 loss=0.183026 lr=6.690e-06
[train] step=3126 loss=0.128944 lr=6.688e-06
[train] step=3127 loss=0.130936 lr=6.686e-06
[train] step=3128 loss=0.218732 lr=6.684e-06
[train] step=3129 loss=0.251880 lr=6.682e-06
[train] step=3130 loss=0.177005 lr=6.680e-06
[train] step=3131 loss=0.162149 lr=6.679e-06
[train] step=3132 loss=0.157452 lr=6.677e-06
[train] step=3133 loss=0.152352 lr=6.675e-06
[train] step=3134 loss=0.309618 lr=6.673e-06
[train] step=3135 loss=0.136459 lr=6.671e-06
[train] step=3136 loss=0.087223 lr=6.669e-06
[train] step=3137 loss=0.192963 lr=6.667e-06
[train] step=3138 loss=0.154137 lr=6.666e-06
[train] step=3139 loss=0.169830 lr=6.664e-06
[train] step=3140 loss=0.160930 lr=6.662e-06
[train] step=3141 loss=0.197772 lr=6.660e-06
[train] step=3142 loss=0.162642 lr=6.658e-06
[train] step=3143 loss=0.342059 lr=6.656e-06
[train] step=3144 loss=0.274241 lr=6.654e-06
[train] step=3145 loss=0.134276 lr=6.653e-06
[train] step=3146 loss=0.111427 lr=6.651e-06
[train] step=3147 loss=0.128214 lr=6.649e-06
[train] step=3148 loss=0.157364 lr=6.647e-06
[train] step=3149 loss=0.201682 lr=6.645e-06
[train] step=3150 loss=0.117622 lr=6.643e-06
[train] step=3151 loss=0.183607 lr=6.642e-06
[train] step=3152 loss=0.198502 lr=6.640e-06
[train] step=3153 loss=0.177020 lr=6.638e-06
[train] step=3154 loss=0.214057 lr=6.636e-06
[train] step=3155 loss=0.148309 lr=6.634e-06
[train] step=3156 loss=0.153824 lr=6.632e-06
[train] step=3157 loss=0.159674 lr=6.630e-06
[train] step=3158 loss=0.186393 lr=6.629e-06
[train] step=3159 loss=0.215115 lr=6.627e-06
[train] step=3160 loss=0.225210 lr=6.625e-06
[train] step=3161 loss=0.230462 lr=6.623e-06
[train] step=3162 loss=0.231649 lr=6.621e-06
[train] step=3163 loss=0.136331 lr=6.619e-06
[train] step=3164 loss=0.216446 lr=6.617e-06
[train] step=3165 loss=0.161822 lr=6.616e-06
[train] step=3166 loss=0.420034 lr=6.614e-06
[train] step=3167 loss=0.206480 lr=6.612e-06
[train] step=3168 loss=0.138743 lr=6.610e-06
[train] step=3169 loss=0.254722 lr=6.608e-06
[train] step=3170 loss=0.121701 lr=6.606e-06
[train] step=3171 loss=0.188478 lr=6.604e-06
[train] step=3172 loss=0.148095 lr=6.603e-06
[train] step=3173 loss=0.159690 lr=6.601e-06
[train] step=3174 loss=0.242115 lr=6.599e-06
[train] step=3175 loss=0.223208 lr=6.597e-06
[train] step=3176 loss=0.162617 lr=6.595e-06
[train] step=3177 loss=0.130375 lr=6.593e-06
[train] step=3178 loss=0.217065 lr=6.591e-06
[train] step=3179 loss=0.177546 lr=6.590e-06
[train] step=3180 loss=0.199966 lr=6.588e-06
[train] step=3181 loss=0.102160 lr=6.586e-06
[train] step=3182 loss=0.213598 lr=6.584e-06
[train] step=3183 loss=0.267149 lr=6.582e-06
[train] step=3184 loss=0.133971 lr=6.580e-06
[train] step=3185 loss=0.144252 lr=6.578e-06
[train] step=3186 loss=0.160790 lr=6.576e-06
[train] step=3187 loss=0.160490 lr=6.575e-06
[train] step=3188 loss=0.163426 lr=6.573e-06
[train] step=3189 loss=0.181911 lr=6.571e-06
[train] step=3190 loss=0.117393 lr=6.569e-06
[train] step=3191 loss=0.267144 lr=6.567e-06
[train] step=3192 loss=0.240362 lr=6.565e-06
[train] step=3193 loss=0.133213 lr=6.563e-06
[train] step=3194 loss=0.105739 lr=6.562e-06
[train] step=3195 loss=0.109864 lr=6.560e-06
[train] step=3196 loss=0.121975 lr=6.558e-06
[train] step=3197 loss=0.205980 lr=6.556e-06
[train] step=3198 loss=0.163242 lr=6.554e-06
[train] step=3199 loss=0.226160 lr=6.552e-06
[train] step=3200 loss=0.216731 lr=6.550e-06
[train] step=3201 loss=0.162025 lr=6.549e-06
[train] step=3202 loss=0.099571 lr=6.547e-06
[train] step=3203 loss=0.179798 lr=6.545e-06
[train] step=3204 loss=0.198378 lr=6.543e-06
[train] step=3205 loss=0.220414 lr=6.541e-06
[train] step=3206 loss=0.238931 lr=6.539e-06
[train] step=3207 loss=0.155001 lr=6.537e-06
[train] step=3208 loss=0.214270 lr=6.535e-06
[train] step=3209 loss=0.199406 lr=6.534e-06
[train] step=3210 loss=0.166962 lr=6.532e-06
[train] step=3211 loss=0.326770 lr=6.530e-06
[train] step=3212 loss=0.153350 lr=6.528e-06
[train] step=3213 loss=0.387097 lr=6.526e-06
[train] step=3214 loss=0.121158 lr=6.524e-06
[train] step=3215 loss=0.131385 lr=6.522e-06
[train] step=3216 loss=0.153851 lr=6.521e-06
[train] step=3217 loss=0.205666 lr=6.519e-06
[train] step=3218 loss=0.187183 lr=6.517e-06
[train] step=3219 loss=0.164862 lr=6.515e-06
[train] step=3220 loss=0.197950 lr=6.513e-06
[train] step=3221 loss=0.098478 lr=6.511e-06
[train] step=3222 loss=0.162364 lr=6.509e-06
[train] step=3223 loss=0.175371 lr=6.507e-06
[train] step=3224 loss=0.178545 lr=6.506e-06
[train] step=3225 loss=0.161516 lr=6.504e-06
[train] step=3226 loss=0.174418 lr=6.502e-06
[train] step=3227 loss=0.206737 lr=6.500e-06
[train] step=3228 loss=0.198537 lr=6.498e-06
[train] step=3229 loss=0.210465 lr=6.496e-06
[train] step=3230 loss=0.075074 lr=6.494e-06
[train] step=3231 loss=0.170086 lr=6.492e-06
[train] step=3232 loss=0.181455 lr=6.491e-06
[train] step=3233 loss=0.429897 lr=6.489e-06
[train] step=3234 loss=0.418031 lr=6.487e-06
[train] step=3235 loss=0.175953 lr=6.485e-06
[train] step=3236 loss=0.091195 lr=6.483e-06
[train] step=3237 loss=0.160610 lr=6.481e-06
[train] step=3238 loss=0.113645 lr=6.479e-06
[train] step=3239 loss=0.202939 lr=6.477e-06
[train] step=3240 loss=0.155892 lr=6.476e-06
INFO     [rank 0] Model weights for step 3240 saved in       dit_trainer.py:1288
         checkpoints/model_weights_step_03240.safetensors                       
INFO     [rank 0] Scalar embedding weights for step 3240     dit_trainer.py:1297
         saved                                                                  
INFO     [rank 0] Training state saved:                      dit_trainer.py:1416
         checkpoints/model_weights_step_03240.state.pt                          
DEBUG    [rank 0] Removed old checkpoint:                    dit_trainer.py:1429
         /hppfs/scratch/0D/go76fuz2/windinet/outputs/shockwa                    
         ve_dit_ch6_loss_rmse_h1/checkpoints/model_weights_s                    
         tep_03000.safetensors                                                  
DEBUG    [rank 0] Removed old checkpoint:                    dit_trainer.py:1429
         /hppfs/scratch/0D/go76fuz2/windinet/outputs/shockwa                    
         ve_dit_ch6_loss_rmse_h1/checkpoints/scalar_embeddin                    
         g_step_03000.safetensors                                               
DEBUG    [rank 0] Removed optimizer state for older kept     dit_trainer.py:1444
         checkpoint:                                                            
         /hppfs/scratch/0D/go76fuz2/windinet/outputs/shockwa                    
         ve_dit_ch6_loss_rmse_h1/checkpoints/model_weights_s                    
         tep_03120.state.pt                                                     
[epoch 27] step=3240 train_loss=0.184581
[train] step=3241 loss=0.094349 lr=6.474e-06
[train] step=3242 loss=0.183533 lr=6.472e-06
[train] step=3243 loss=0.283071 lr=6.470e-06
[train] step=3244 loss=0.186146 lr=6.468e-06
[train] step=3245 loss=0.219407 lr=6.466e-06
[train] step=3246 loss=0.239716 lr=6.464e-06
[train] step=3247 loss=0.143425 lr=6.462e-06
[train] step=3248 loss=0.112321 lr=6.461e-06
[train] step=3249 loss=0.213845 lr=6.459e-06
[train] step=3250 loss=0.094508 lr=6.457e-06
[train] step=3251 loss=0.202730 lr=6.455e-06
[train] step=3252 loss=0.192337 lr=6.453e-06
[train] step=3253 loss=0.346260 lr=6.451e-06
[train] step=3254 loss=0.142349 lr=6.449e-06
[train] step=3255 loss=0.140982 lr=6.447e-06
[train] step=3256 loss=0.207592 lr=6.446e-06
[train] step=3257 loss=0.176038 lr=6.444e-06
[train] step=3258 loss=0.156234 lr=6.442e-06
[train] step=3259 loss=0.154884 lr=6.440e-06
[train] step=3260 loss=0.142028 lr=6.438e-06
[train] step=3261 loss=0.120816 lr=6.436e-06
[train] step=3262 loss=0.183366 lr=6.434e-06
[train] step=3263 loss=0.193548 lr=6.432e-06
[train] step=3264 loss=0.129123 lr=6.431e-06
[train] step=3265 loss=0.108752 lr=6.429e-06
[train] step=3266 loss=0.200324 lr=6.427e-06
[train] step=3267 loss=0.159785 lr=6.425e-06
[train] step=3268 loss=0.256963 lr=6.423e-06
[train] step=3269 loss=0.217727 lr=6.421e-06
[train] step=3270 loss=0.096314 lr=6.419e-06
[train] step=3271 loss=0.097827 lr=6.417e-06
[train] step=3272 loss=0.185184 lr=6.416e-06
[train] step=3273 loss=0.188155 lr=6.414e-06
[train] step=3274 loss=0.271732 lr=6.412e-06
[train] step=3275 loss=0.237340 lr=6.410e-06
[train] step=3276 loss=0.365380 lr=6.408e-06
[train] step=3277 loss=0.186979 lr=6.406e-06
[train] step=3278 loss=0.137081 lr=6.404e-06
[train] step=3279 loss=0.135846 lr=6.402e-06
[train] step=3280 loss=0.171964 lr=6.400e-06
[train] step=3281 loss=0.173991 lr=6.399e-06
[train] step=3282 loss=0.170003 lr=6.397e-06
[train] step=3283 loss=0.417366 lr=6.395e-06
[train] step=3284 loss=0.167604 lr=6.393e-06
[train] step=3285 loss=0.344473 lr=6.391e-06
[train] step=3286 loss=0.168571 lr=6.389e-06
[train] step=3287 loss=0.197406 lr=6.387e-06
[train] step=3288 loss=0.110858 lr=6.385e-06
[train] step=3289 loss=0.139382 lr=6.383e-06
[train] step=3290 loss=0.182519 lr=6.382e-06
[train] step=3291 loss=0.231848 lr=6.380e-06
[train] step=3292 loss=0.110116 lr=6.378e-06
[train] step=3293 loss=0.140631 lr=6.376e-06
[train] step=3294 loss=0.131016 lr=6.374e-06
[train] step=3295 loss=0.168524 lr=6.372e-06
[train] step=3296 loss=0.156578 lr=6.370e-06
[train] step=3297 loss=0.206537 lr=6.368e-06
[train] step=3298 loss=0.180376 lr=6.367e-06
[train] step=3299 loss=0.200703 lr=6.365e-06
[train] step=3300 loss=0.099586 lr=6.363e-06
[train] step=3301 loss=0.169697 lr=6.361e-06
[train] step=3302 loss=0.140592 lr=6.359e-06
[train] step=3303 loss=0.080224 lr=6.357e-06
[train] step=3304 loss=0.122415 lr=6.355e-06
[train] step=3305 loss=0.200629 lr=6.353e-06
[train] step=3306 loss=0.178669 lr=6.351e-06
[train] step=3307 loss=0.146836 lr=6.350e-06
[train] step=3308 loss=0.111146 lr=6.348e-06
[train] step=3309 loss=0.194109 lr=6.346e-06
[train] step=3310 loss=0.196268 lr=6.344e-06
[train] step=3311 loss=0.133679 lr=6.342e-06
[train] step=3312 loss=0.160000 lr=6.340e-06
[train] step=3313 loss=0.196374 lr=6.338e-06
[train] step=3314 loss=0.127883 lr=6.336e-06
[train] step=3315 loss=0.148916 lr=6.334e-06
[train] step=3316 loss=0.174425 lr=6.333e-06
[train] step=3317 loss=0.105302 lr=6.331e-06
[train] step=3318 loss=0.108407 lr=6.329e-06
[train] step=3319 loss=0.138818 lr=6.327e-06
[train] step=3320 loss=0.090467 lr=6.325e-06
[train] step=3321 loss=0.176892 lr=6.323e-06
[train] step=3322 loss=0.139838 lr=6.321e-06
[train] step=3323 loss=0.247309 lr=6.319e-06
[train] step=3324 loss=0.248718 lr=6.317e-06
[train] step=3325 loss=0.131691 lr=6.315e-06
[train] step=3326 loss=0.119747 lr=6.314e-06
[train] step=3327 loss=0.161608 lr=6.312e-06
[train] step=3328 loss=0.242998 lr=6.310e-06
[train] step=3329 loss=0.109384 lr=6.308e-06
[train] step=3330 loss=0.200127 lr=6.306e-06
[train] step=3331 loss=0.141527 lr=6.304e-06
[train] step=3332 loss=0.076902 lr=6.302e-06
[train] step=3333 loss=0.111562 lr=6.300e-06
[train] step=3334 loss=0.160497 lr=6.298e-06
[train] step=3335 loss=0.159702 lr=6.297e-06
[train] step=3336 loss=0.345285 lr=6.295e-06
[train] step=3337 loss=0.129509 lr=6.293e-06
[train] step=3338 loss=0.161706 lr=6.291e-06
[train] step=3339 loss=0.156250 lr=6.289e-06
[train] step=3340 loss=0.157731 lr=6.287e-06
[train] step=3341 loss=0.136991 lr=6.285e-06
[train] step=3342 loss=0.079306 lr=6.283e-06
[train] step=3343 loss=0.117301 lr=6.281e-06
[train] step=3344 loss=0.156789 lr=6.279e-06
[train] step=3345 loss=0.126020 lr=6.278e-06
[train] step=3346 loss=0.139923 lr=6.276e-06
[train] step=3347 loss=0.121585 lr=6.274e-06
[train] step=3348 loss=0.082936 lr=6.272e-06
[train] step=3349 loss=0.144189 lr=6.270e-06
[train] step=3350 loss=0.149079 lr=6.268e-06
[train] step=3351 loss=0.128929 lr=6.266e-06
[train] step=3352 loss=0.200695 lr=6.264e-06
[train] step=3353 loss=0.135572 lr=6.262e-06
[train] step=3354 loss=0.177298 lr=6.261e-06
[train] step=3355 loss=0.239385 lr=6.259e-06
[train] step=3356 loss=0.209001 lr=6.257e-06
[train] step=3357 loss=0.181428 lr=6.255e-06
[train] step=3358 loss=0.153060 lr=6.253e-06
[train] step=3359 loss=0.122511 lr=6.251e-06
[train] step=3360 loss=0.217214 lr=6.249e-06
INFO     [rank 0] Model weights for step 3360 saved in       dit_trainer.py:1288
         checkpoints/model_weights_step_03360.safetensors                       
INFO     [rank 0] Scalar embedding weights for step 3360     dit_trainer.py:1297
         saved                                                                  
INFO     [rank 0] Training state saved:                      dit_trainer.py:1416
         checkpoints/model_weights_step_03360.state.pt                          
DEBUG    [rank 0] Removed old checkpoint:                    dit_trainer.py:1429
         /hppfs/scratch/0D/go76fuz2/windinet/outputs/shockwa                    
         ve_dit_ch6_loss_rmse_h1/checkpoints/model_weights_s                    
         tep_03120.safetensors                                                  
DEBUG    [rank 0] Removed old checkpoint:                    dit_trainer.py:1429
         /hppfs/scratch/0D/go76fuz2/windinet/outputs/shockwa                    
         ve_dit_ch6_loss_rmse_h1/checkpoints/scalar_embeddin                    
         g_step_03120.safetensors                                               
DEBUG    [rank 0] Removed optimizer state for older kept     dit_trainer.py:1444
         checkpoint:                                                            
         /hppfs/scratch/0D/go76fuz2/windinet/outputs/shockwa                    
         ve_dit_ch6_loss_rmse_h1/checkpoints/model_weights_s                    
         tep_03240.state.pt                                                     
[epoch 28] step=3360 train_loss=0.168631
[train] step=3361 loss=0.141946 lr=6.247e-06
[train] step=3362 loss=0.205822 lr=6.245e-06
[train] step=3363 loss=0.146935 lr=6.243e-06
[train] step=3364 loss=0.180656 lr=6.242e-06
[train] step=3365 loss=0.307737 lr=6.240e-06
[train] step=3366 loss=0.141430 lr=6.238e-06
[train] step=3367 loss=0.127294 lr=6.236e-06
[train] step=3368 loss=0.223406 lr=6.234e-06
[train] step=3369 loss=0.209393 lr=6.232e-06
[train] step=3370 loss=0.105762 lr=6.230e-06
[train] step=3371 loss=0.188926 lr=6.228e-06
[train] step=3372 loss=0.244280 lr=6.226e-06
[train] step=3373 loss=0.123427 lr=6.224e-06
[train] step=3374 loss=0.162590 lr=6.222e-06
[train] step=3375 loss=0.212742 lr=6.221e-06
[train] step=3376 loss=0.252179 lr=6.219e-06
[train] step=3377 loss=0.236256 lr=6.217e-06
[train] step=3378 loss=0.101900 lr=6.215e-06
[train] step=3379 loss=0.196439 lr=6.213e-06
[train] step=3380 loss=0.157769 lr=6.211e-06
[train] step=3381 loss=0.185490 lr=6.209e-06
[train] step=3382 loss=0.171193 lr=6.207e-06
[train] step=3383 loss=0.229285 lr=6.205e-06
[train] step=3384 loss=0.139056 lr=6.203e-06
[train] step=3385 loss=0.194605 lr=6.202e-06
[train] step=3386 loss=0.259879 lr=6.200e-06
[train] step=3387 loss=0.136596 lr=6.198e-06
[train] step=3388 loss=0.129466 lr=6.196e-06
[train] step=3389 loss=0.258883 lr=6.194e-06
[train] step=3390 loss=0.189695 lr=6.192e-06
[train] step=3391 loss=0.218337 lr=6.190e-06
[train] step=3392 loss=0.217649 lr=6.188e-06
[train] step=3393 loss=0.156551 lr=6.186e-06
[train] step=3394 loss=0.107526 lr=6.184e-06
[train] step=3395 loss=0.169727 lr=6.183e-06
[train] step=3396 loss=0.204878 lr=6.181e-06
[train] step=3397 loss=0.177258 lr=6.179e-06
[train] step=3398 loss=0.191929 lr=6.177e-06
[train] step=3399 loss=0.165126 lr=6.175e-06
[train] step=3400 loss=0.143683 lr=6.173e-06
[train] step=3401 loss=0.150094 lr=6.171e-06
[train] step=3402 loss=0.171991 lr=6.169e-06
[train] step=3403 loss=0.111132 lr=6.167e-06
[train] step=3404 loss=0.127232 lr=6.165e-06
[train] step=3405 loss=0.149819 lr=6.163e-06
[train] step=3406 loss=0.153816 lr=6.162e-06
[train] step=3407 loss=0.126903 lr=6.160e-06
[train] step=3408 loss=0.093495 lr=6.158e-06
[train] step=3409 loss=0.142376 lr=6.156e-06
[train] step=3410 loss=0.178129 lr=6.154e-06
[train] step=3411 loss=0.209118 lr=6.152e-06
[train] step=3412 loss=0.247490 lr=6.150e-06
[train] step=3413 loss=0.171078 lr=6.148e-06
[train] step=3414 loss=0.141212 lr=6.146e-06
[train] step=3415 loss=0.179231 lr=6.144e-06
[train] step=3416 loss=0.150173 lr=6.142e-06
[train] step=3417 loss=0.145975 lr=6.141e-06
[train] step=3418 loss=0.279404 lr=6.139e-06
[train] step=3419 loss=0.118361 lr=6.137e-06
[train] step=3420 loss=0.192952 lr=6.135e-06
[train] step=3421 loss=0.195348 lr=6.133e-06
[train] step=3422 loss=0.209362 lr=6.131e-06
[train] step=3423 loss=0.142890 lr=6.129e-06
[train] step=3424 loss=0.118920 lr=6.127e-06
[train] step=3425 loss=0.176960 lr=6.125e-06
[train] step=3426 loss=0.133705 lr=6.123e-06
[train] step=3427 loss=0.188757 lr=6.121e-06
[train] step=3428 loss=0.179462 lr=6.119e-06
[train] step=3429 loss=0.146063 lr=6.118e-06
[train] step=3430 loss=0.114077 lr=6.116e-06
[train] step=3431 loss=0.149883 lr=6.114e-06
[train] step=3432 loss=0.217184 lr=6.112e-06
[train] step=3433 loss=0.159081 lr=6.110e-06
[train] step=3434 loss=0.145320 lr=6.108e-06
[train] step=3435 loss=0.115532 lr=6.106e-06
[train] step=3436 loss=0.282386 lr=6.104e-06
[train] step=3437 loss=0.165123 lr=6.102e-06
[train] step=3438 loss=0.126689 lr=6.100e-06
[train] step=3439 loss=0.142719 lr=6.098e-06
[train] step=3440 loss=0.169520 lr=6.097e-06
[train] step=3441 loss=0.173326 lr=6.095e-06
[train] step=3442 loss=0.210919 lr=6.093e-06
[train] step=3443 loss=0.246677 lr=6.091e-06
[train] step=3444 loss=0.181400 lr=6.089e-06
[train] step=3445 loss=0.124063 lr=6.087e-06
[train] step=3446 loss=0.182057 lr=6.085e-06
[train] step=3447 loss=0.176988 lr=6.083e-06
[train] step=3448 loss=0.214128 lr=6.081e-06
[train] step=3449 loss=0.164921 lr=6.079e-06
[train] step=3450 loss=0.150277 lr=6.077e-06
[train] step=3451 loss=0.117850 lr=6.075e-06
[train] step=3452 loss=0.131688 lr=6.074e-06
[train] step=3453 loss=0.161832 lr=6.072e-06
[train] step=3454 loss=0.107872 lr=6.070e-06
[train] step=3455 loss=0.164383 lr=6.068e-06
[train] step=3456 loss=0.129069 lr=6.066e-06
[train] step=3457 loss=0.141512 lr=6.064e-06
[train] step=3458 loss=0.386908 lr=6.062e-06
[train] step=3459 loss=0.160733 lr=6.060e-06
[train] step=3460 loss=0.189388 lr=6.058e-06
[train] step=3461 loss=0.108046 lr=6.056e-06
[train] step=3462 loss=0.088569 lr=6.054e-06
[train] step=3463 loss=0.121375 lr=6.052e-06
[train] step=3464 loss=0.256189 lr=6.051e-06
[train] step=3465 loss=0.139812 lr=6.049e-06
[train] step=3466 loss=0.209255 lr=6.047e-06
[train] step=3467 loss=0.232713 lr=6.045e-06
[train] step=3468 loss=0.117696 lr=6.043e-06
[train] step=3469 loss=0.130180 lr=6.041e-06
[train] step=3470 loss=0.139382 lr=6.039e-06
[train] step=3471 loss=0.182795 lr=6.037e-06
[train] step=3472 loss=0.162178 lr=6.035e-06
[train] step=3473 loss=0.189253 lr=6.033e-06
[train] step=3474 loss=0.188929 lr=6.031e-06
[train] step=3475 loss=0.442247 lr=6.029e-06
[train] step=3476 loss=0.272089 lr=6.028e-06
[train] step=3477 loss=0.500134 lr=6.026e-06
[train] step=3478 loss=0.204551 lr=6.024e-06
[train] step=3479 loss=0.348311 lr=6.022e-06
[train] step=3480 loss=0.156648 lr=6.020e-06
INFO     [rank 0] Model weights for step 3480 saved in       dit_trainer.py:1288
         checkpoints/model_weights_step_03480.safetensors                       
INFO     [rank 0] Scalar embedding weights for step 3480     dit_trainer.py:1297
         saved                                                                  
INFO     [rank 0] Training state saved:                      dit_trainer.py:1416
         checkpoints/model_weights_step_03480.state.pt                          
DEBUG    [rank 0] Removed old checkpoint:                    dit_trainer.py:1429
         /hppfs/scratch/0D/go76fuz2/windinet/outputs/shockwa                    
         ve_dit_ch6_loss_rmse_h1/checkpoints/model_weights_s                    
         tep_03240.safetensors                                                  
DEBUG    [rank 0] Removed old checkpoint:                    dit_trainer.py:1429
         /hppfs/scratch/0D/go76fuz2/windinet/outputs/shockwa                    
         ve_dit_ch6_loss_rmse_h1/checkpoints/scalar_embeddin                    
         g_step_03240.safetensors                                               
DEBUG    [rank 0] Removed optimizer state for older kept     dit_trainer.py:1444
         checkpoint:                                                            
         /hppfs/scratch/0D/go76fuz2/windinet/outputs/shockwa                    
         ve_dit_ch6_loss_rmse_h1/checkpoints/model_weights_s                    
         tep_03360.state.pt                                                     
[epoch 29] step=3480 train_loss=0.179996
[train] step=3481 loss=0.240726 lr=6.018e-06
[train] step=3482 loss=0.099955 lr=6.016e-06
[train] step=3483 loss=0.176620 lr=6.014e-06
[train] step=3484 loss=0.173989 lr=6.012e-06
[train] step=3485 loss=0.100047 lr=6.010e-06
[train] step=3486 loss=0.134396 lr=6.008e-06
[train] step=3487 loss=0.163869 lr=6.006e-06
[train] step=3488 loss=0.328113 lr=6.004e-06
[train] step=3489 loss=0.149199 lr=6.003e-06
[train] step=3490 loss=0.206842 lr=6.001e-06
[train] step=3491 loss=0.160860 lr=5.999e-06
[train] step=3492 loss=0.176664 lr=5.997e-06
[train] step=3493 loss=0.228942 lr=5.995e-06
[train] step=3494 loss=0.160453 lr=5.993e-06
[train] step=3495 loss=0.250547 lr=5.991e-06
[train] step=3496 loss=0.179193 lr=5.989e-06
[train] step=3497 loss=0.111041 lr=5.987e-06
[train] step=3498 loss=0.173499 lr=5.985e-06
[train] step=3499 loss=0.355770 lr=5.983e-06
[train] step=3500 loss=0.202422 lr=5.981e-06
[train] step=3501 loss=0.139784 lr=5.979e-06
[train] step=3502 loss=0.188654 lr=5.978e-06
[train] step=3503 loss=0.257240 lr=5.976e-06
[train] step=3504 loss=0.185068 lr=5.974e-06
[train] step=3505 loss=0.129430 lr=5.972e-06
[train] step=3506 loss=0.084434 lr=5.970e-06
[train] step=3507 loss=0.139996 lr=5.968e-06
[train] step=3508 loss=0.141031 lr=5.966e-06
[train] step=3509 loss=0.133011 lr=5.964e-06
[train] step=3510 loss=0.168057 lr=5.962e-06
[train] step=3511 loss=0.218006 lr=5.960e-06
[train] step=3512 loss=0.123589 lr=5.958e-06
[train] step=3513 loss=0.131532 lr=5.956e-06
[train] step=3514 loss=0.258268 lr=5.954e-06
[train] step=3515 loss=0.130371 lr=5.953e-06
[train] step=3516 loss=0.239085 lr=5.951e-06
[train] step=3517 loss=0.218878 lr=5.949e-06
[train] step=3518 loss=0.145251 lr=5.947e-06
[train] step=3519 loss=0.338144 lr=5.945e-06
[train] step=3520 loss=0.199470 lr=5.943e-06
[train] step=3521 loss=0.205455 lr=5.941e-06
[train] step=3522 loss=0.187937 lr=5.939e-06
[train] step=3523 loss=0.262921 lr=5.937e-06
[train] step=3524 loss=0.129739 lr=5.935e-06
[train] step=3525 loss=0.155321 lr=5.933e-06
[train] step=3526 loss=0.191861 lr=5.931e-06
[train] step=3527 loss=0.289437 lr=5.929e-06
[train] step=3528 loss=0.198413 lr=5.927e-06
[train] step=3529 loss=0.134630 lr=5.926e-06
[train] step=3530 loss=0.158617 lr=5.924e-06
[train] step=3531 loss=0.172868 lr=5.922e-06
[train] step=3532 loss=0.190082 lr=5.920e-06
[train] step=3533 loss=0.181499 lr=5.918e-06
[train] step=3534 loss=0.153345 lr=5.916e-06
[train] step=3535 loss=0.140806 lr=5.914e-06
[train] step=3536 loss=0.182420 lr=5.912e-06
[train] step=3537 loss=0.137451 lr=5.910e-06
[train] step=3538 loss=0.130777 lr=5.908e-06
[train] step=3539 loss=0.145353 lr=5.906e-06
[train] step=3540 loss=0.273432 lr=5.904e-06
[train] step=3541 loss=0.234668 lr=5.902e-06
[train] step=3542 loss=0.149986 lr=5.900e-06
[train] step=3543 loss=0.165220 lr=5.899e-06
[train] step=3544 loss=0.128753 lr=5.897e-06
[train] step=3545 loss=0.107776 lr=5.895e-06
[train] step=3546 loss=0.252247 lr=5.893e-06
[train] step=3547 loss=0.148325 lr=5.891e-06
[train] step=3548 loss=0.152457 lr=5.889e-06
[train] step=3549 loss=0.188173 lr=5.887e-06
[train] step=3550 loss=0.102809 lr=5.885e-06
[train] step=3551 loss=0.207126 lr=5.883e-06
[train] step=3552 loss=0.180096 lr=5.881e-06
[train] step=3553 loss=0.142791 lr=5.879e-06
[train] step=3554 loss=0.172792 lr=5.877e-06
[train] step=3555 loss=0.206175 lr=5.875e-06
[train] step=3556 loss=0.145899 lr=5.873e-06
[train] step=3557 loss=0.189117 lr=5.872e-06
[train] step=3558 loss=0.170789 lr=5.870e-06
[train] step=3559 loss=0.176657 lr=5.868e-06
[train] step=3560 loss=0.290189 lr=5.866e-06
[train] step=3561 loss=0.206526 lr=5.864e-06
[train] step=3562 loss=0.223192 lr=5.862e-06
[train] step=3563 loss=0.181181 lr=5.860e-06
[train] step=3564 loss=0.124659 lr=5.858e-06
[train] step=3565 loss=0.182718 lr=5.856e-06
[train] step=3566 loss=0.161295 lr=5.854e-06
[train] step=3567 loss=0.109306 lr=5.852e-06
[train] step=3568 loss=0.162935 lr=5.850e-06
[train] step=3569 loss=0.173324 lr=5.848e-06
[train] step=3570 loss=0.254512 lr=5.846e-06
[train] step=3571 loss=0.130685 lr=5.844e-06
[train] step=3572 loss=0.215055 lr=5.843e-06
[train] step=3573 loss=0.166998 lr=5.841e-06
[train] step=3574 loss=0.256058 lr=5.839e-06
[train] step=3575 loss=0.144525 lr=5.837e-06
[train] step=3576 loss=0.176708 lr=5.835e-06
[train] step=3577 loss=0.204486 lr=5.833e-06
[train] step=3578 loss=0.236080 lr=5.831e-06
[train] step=3579 loss=0.150171 lr=5.829e-06
[train] step=3580 loss=0.151564 lr=5.827e-06
[train] step=3581 loss=0.104656 lr=5.825e-06
[train] step=3582 loss=0.147876 lr=5.823e-06
[train] step=3583 loss=0.226933 lr=5.821e-06
[train] step=3584 loss=0.194034 lr=5.819e-06
[train] step=3585 loss=0.159281 lr=5.817e-06
[train] step=3586 loss=0.140896 lr=5.815e-06
[train] step=3587 loss=0.166251 lr=5.814e-06
[train] step=3588 loss=0.105642 lr=5.812e-06
[train] step=3589 loss=0.229630 lr=5.810e-06
[train] step=3590 loss=0.136485 lr=5.808e-06
[train] step=3591 loss=0.134560 lr=5.806e-06
[train] step=3592 loss=0.260894 lr=5.804e-06
[train] step=3593 loss=0.152438 lr=5.802e-06
[train] step=3594 loss=0.119350 lr=5.800e-06
[train] step=3595 loss=0.169387 lr=5.798e-06
[train] step=3596 loss=0.177624 lr=5.796e-06
[train] step=3597 loss=0.094715 lr=5.794e-06
[train] step=3598 loss=0.159425 lr=5.792e-06
[train] step=3599 loss=0.119700 lr=5.790e-06
[train] step=3600 loss=0.136678 lr=5.788e-06
[val] step=3600 val_loss=0.172184
INFO     [rank 0] Model weights for step 3600 saved in       dit_trainer.py:1288
         checkpoints/model_weights_step_03600.safetensors                       
INFO     [rank 0] Scalar embedding weights for step 3600     dit_trainer.py:1297
         saved                                                                  
INFO     [rank 0] Training state saved:                      dit_trainer.py:1416
         checkpoints/model_weights_step_03600.state.pt                          
INFO     [rank 0] New best checkpoint (step 3600,            dit_trainer.py:1320
         val_loss=0.172184):                                                    
         checkpoints/model_weights_best.safetensors                             
DEBUG    [rank 0] Removed old checkpoint:                    dit_trainer.py:1429
         /hppfs/scratch/0D/go76fuz2/windinet/outputs/shockwa                    
         ve_dit_ch6_loss_rmse_h1/checkpoints/model_weights_s                    
         tep_03360.safetensors                                                  
DEBUG    [rank 0] Removed old checkpoint:                    dit_trainer.py:1429
         /hppfs/scratch/0D/go76fuz2/windinet/outputs/shockwa                    
         ve_dit_ch6_loss_rmse_h1/checkpoints/scalar_embeddin                    
         g_step_03360.safetensors                                               
DEBUG    [rank 0] Removed optimizer state for older kept     dit_trainer.py:1444
         checkpoint:                                                            
         /hppfs/scratch/0D/go76fuz2/windinet/outputs/shockwa                    
         ve_dit_ch6_loss_rmse_h1/checkpoints/model_weights_s                    
         tep_03480.state.pt                                                     
[epoch 30] step=3600 train_loss=0.177044 val_loss=0.172184
[train] step=3601 loss=0.132457 lr=5.786e-06
[train] step=3602 loss=0.172112 lr=5.784e-06
[train] step=3603 loss=0.213274 lr=5.783e-06
[train] step=3604 loss=0.224083 lr=5.781e-06
[train] step=3605 loss=0.128491 lr=5.779e-06
[train] step=3606 loss=0.148563 lr=5.777e-06
[train] step=3607 loss=0.171690 lr=5.775e-06
[train] step=3608 loss=0.337005 lr=5.773e-06
[train] step=3609 loss=0.152871 lr=5.771e-06
[train] step=3610 loss=0.079812 lr=5.769e-06
[train] step=3611 loss=0.170030 lr=5.767e-06
[train] step=3612 loss=0.127747 lr=5.765e-06
[train] step=3613 loss=0.153204 lr=5.763e-06
[train] step=3614 loss=0.210717 lr=5.761e-06
[train] step=3615 loss=0.089450 lr=5.759e-06
[train] step=3616 loss=0.192811 lr=5.757e-06
[train] step=3617 loss=0.119630 lr=5.755e-06
[train] step=3618 loss=0.238262 lr=5.753e-06
[train] step=3619 loss=0.206772 lr=5.751e-06
[train] step=3620 loss=0.102815 lr=5.750e-06
[train] step=3621 loss=0.233173 lr=5.748e-06
[train] step=3622 loss=0.176826 lr=5.746e-06
[train] step=3623 loss=0.167263 lr=5.744e-06
[train] step=3624 loss=0.142296 lr=5.742e-06
[train] step=3625 loss=0.196625 lr=5.740e-06
[train] step=3626 loss=0.129004 lr=5.738e-06
[train] step=3627 loss=0.154823 lr=5.736e-06
[train] step=3628 loss=0.183866 lr=5.734e-06
[train] step=3629 loss=0.157319 lr=5.732e-06
[train] step=3630 loss=0.185025 lr=5.730e-06
[train] step=3631 loss=0.122940 lr=5.728e-06
[train] step=3632 loss=0.182229 lr=5.726e-06
[train] step=3633 loss=0.143941 lr=5.724e-06
[train] step=3634 loss=0.111395 lr=5.722e-06
[train] step=3635 loss=0.212254 lr=5.720e-06
[train] step=3636 loss=0.205830 lr=5.719e-06
[train] step=3637 loss=0.216670 lr=5.717e-06
[train] step=3638 loss=0.155243 lr=5.715e-06
[train] step=3639 loss=0.131512 lr=5.713e-06
[train] step=3640 loss=0.115016 lr=5.711e-06
[train] step=3641 loss=0.206580 lr=5.709e-06
[train] step=3642 loss=0.145645 lr=5.707e-06
[train] step=3643 loss=0.329939 lr=5.705e-06
[train] step=3644 loss=0.193917 lr=5.703e-06
[train] step=3645 loss=0.138670 lr=5.701e-06
[train] step=3646 loss=0.158762 lr=5.699e-06
[train] step=3647 loss=0.194223 lr=5.697e-06
[train] step=3648 loss=0.187644 lr=5.695e-06
[train] step=3649 loss=0.204533 lr=5.693e-06
[train] step=3650 loss=0.211974 lr=5.691e-06
[train] step=3651 loss=0.164010 lr=5.689e-06
[train] step=3652 loss=0.234924 lr=5.687e-06
[train] step=3653 loss=0.226036 lr=5.685e-06
[train] step=3654 loss=0.171426 lr=5.684e-06
[train] step=3655 loss=0.171544 lr=5.682e-06
[train] step=3656 loss=0.148759 lr=5.680e-06
[train] step=3657 loss=0.107890 lr=5.678e-06
[train] step=3658 loss=0.219647 lr=5.676e-06
[train] step=3659 loss=0.173463 lr=5.674e-06
[train] step=3660 loss=0.112276 lr=5.672e-06
[train] step=3661 loss=0.271468 lr=5.670e-06
[train] step=3662 loss=0.145743 lr=5.668e-06
[train] step=3663 loss=0.175818 lr=5.666e-06
[train] step=3664 loss=0.136308 lr=5.664e-06
[train] step=3665 loss=0.137558 lr=5.662e-06
[train] step=3666 loss=0.280360 lr=5.660e-06
[train] step=3667 loss=0.125953 lr=5.658e-06
[train] step=3668 loss=0.166227 lr=5.656e-06
[train] step=3669 loss=0.085030 lr=5.654e-06
[train] step=3670 loss=0.227130 lr=5.652e-06
[train] step=3671 loss=0.128685 lr=5.650e-06
[train] step=3672 loss=0.109965 lr=5.649e-06
[train] step=3673 loss=0.210016 lr=5.647e-06
[train] step=3674 loss=0.105545 lr=5.645e-06
[train] step=3675 loss=0.156047 lr=5.643e-06
[train] step=3676 loss=0.184165 lr=5.641e-06
[train] step=3677 loss=0.161462 lr=5.639e-06
[train] step=3678 loss=0.140958 lr=5.637e-06
[train] step=3679 loss=0.105604 lr=5.635e-06
[train] step=3680 loss=0.238130 lr=5.633e-06
[train] step=3681 loss=0.128554 lr=5.631e-06
[train] step=3682 loss=0.171095 lr=5.629e-06
[train] step=3683 loss=0.156453 lr=5.627e-06
[train] step=3684 loss=0.240019 lr=5.625e-06
[train] step=3685 loss=0.166619 lr=5.623e-06
[train] step=3686 loss=0.187883 lr=5.621e-06
[train] step=3687 loss=0.155371 lr=5.619e-06
[train] step=3688 loss=0.200336 lr=5.617e-06
[train] step=3689 loss=0.173194 lr=5.615e-06
[train] step=3690 loss=0.200891 lr=5.614e-06
[train] step=3691 loss=0.218746 lr=5.612e-06
[train] step=3692 loss=0.116591 lr=5.610e-06
[train] step=3693 loss=0.089866 lr=5.608e-06
[train] step=3694 loss=0.419853 lr=5.606e-06
[train] step=3695 loss=0.106988 lr=5.604e-06
[train] step=3696 loss=0.151502 lr=5.602e-06
[train] step=3697 loss=0.171120 lr=5.600e-06
[train] step=3698 loss=0.080842 lr=5.598e-06
[train] step=3699 loss=0.190104 lr=5.596e-06
[train] step=3700 loss=0.273607 lr=5.594e-06
[train] step=3701 loss=0.147140 lr=5.592e-06
[train] step=3702 loss=0.128016 lr=5.590e-06
[train] step=3703 loss=0.215251 lr=5.588e-06
[train] step=3704 loss=0.158362 lr=5.586e-06
[train] step=3705 loss=0.265026 lr=5.584e-06
[train] step=3706 loss=0.094574 lr=5.582e-06
[train] step=3707 loss=0.293620 lr=5.580e-06
[train] step=3708 loss=0.099368 lr=5.578e-06
[train] step=3709 loss=0.184296 lr=5.577e-06
[train] step=3710 loss=0.189734 lr=5.575e-06
[train] step=3711 loss=0.255304 lr=5.573e-06
[train] step=3712 loss=0.167314 lr=5.571e-06
[train] step=3713 loss=0.187408 lr=5.569e-06
[train] step=3714 loss=0.126133 lr=5.567e-06
[train] step=3715 loss=0.130980 lr=5.565e-06
[train] step=3716 loss=0.160689 lr=5.563e-06
[train] step=3717 loss=0.124988 lr=5.561e-06
[train] step=3718 loss=0.109674 lr=5.559e-06
[train] step=3719 loss=0.161780 lr=5.557e-06
[train] step=3720 loss=0.171212 lr=5.555e-06
INFO     [rank 0] Model weights for step 3720 saved in       dit_trainer.py:1288
         checkpoints/model_weights_step_03720.safetensors                       
INFO     [rank 0] Scalar embedding weights for step 3720     dit_trainer.py:1297
         saved                                                                  
INFO     [rank 0] Training state saved:                      dit_trainer.py:1416
         checkpoints/model_weights_step_03720.state.pt                          
DEBUG    [rank 0] Removed old checkpoint:                    dit_trainer.py:1429
         /hppfs/scratch/0D/go76fuz2/windinet/outputs/shockwa                    
         ve_dit_ch6_loss_rmse_h1/checkpoints/model_weights_s                    
         tep_03480.safetensors                                                  
DEBUG    [rank 0] Removed old checkpoint:                    dit_trainer.py:1429
         /hppfs/scratch/0D/go76fuz2/windinet/outputs/shockwa                    
         ve_dit_ch6_loss_rmse_h1/checkpoints/scalar_embeddin                    
         g_step_03480.safetensors                                               
DEBUG    [rank 0] Removed optimizer state for older kept     dit_trainer.py:1444
         checkpoint:                                                            
         /hppfs/scratch/0D/go76fuz2/windinet/outputs/shockwa                    
         ve_dit_ch6_loss_rmse_h1/checkpoints/model_weights_s                    
         tep_03600.state.pt                                                     
[epoch 31] step=3720 train_loss=0.171875
[train] step=3721 loss=0.132840 lr=5.553e-06
[train] step=3722 loss=0.183363 lr=5.551e-06
[train] step=3723 loss=0.107088 lr=5.549e-06
[train] step=3724 loss=0.149981 lr=5.547e-06
[train] step=3725 loss=0.152145 lr=5.545e-06
[train] step=3726 loss=0.167439 lr=5.543e-06
[train] step=3727 loss=0.166417 lr=5.541e-06
[train] step=3728 loss=0.179445 lr=5.539e-06
[train] step=3729 loss=0.234433 lr=5.538e-06
[train] step=3730 loss=0.184319 lr=5.536e-06
[train] step=3731 loss=0.108623 lr=5.534e-06
[train] step=3732 loss=0.206406 lr=5.532e-06
[train] step=3733 loss=0.164207 lr=5.530e-06
[train] step=3734 loss=0.233036 lr=5.528e-06
[train] step=3735 loss=0.188115 lr=5.526e-06
[train] step=3736 loss=0.218495 lr=5.524e-06
[train] step=3737 loss=0.187629 lr=5.522e-06
[train] step=3738 loss=0.151731 lr=5.520e-06
[train] step=3739 loss=0.159007 lr=5.518e-06
[train] step=3740 loss=0.205342 lr=5.516e-06
[train] step=3741 loss=0.192843 lr=5.514e-06
[train] step=3742 loss=0.095525 lr=5.512e-06
[train] step=3743 loss=0.276288 lr=5.510e-06
[train] step=3744 loss=0.105632 lr=5.508e-06
[train] step=3745 loss=0.098843 lr=5.506e-06
[train] step=3746 loss=0.167091 lr=5.504e-06
[train] step=3747 loss=0.167411 lr=5.502e-06
[train] step=3748 loss=0.128683 lr=5.500e-06
[train] step=3749 loss=0.095069 lr=5.498e-06
[train] step=3750 loss=0.126278 lr=5.497e-06
[train] step=3751 loss=0.121939 lr=5.495e-06
[train] step=3752 loss=0.249479 lr=5.493e-06
[train] step=3753 loss=0.150415 lr=5.491e-06
[train] step=3754 loss=0.203099 lr=5.489e-06
[train] step=3755 loss=0.139730 lr=5.487e-06
[train] step=3756 loss=0.158318 lr=5.485e-06
[train] step=3757 loss=0.098829 lr=5.483e-06
[train] step=3758 loss=0.149835 lr=5.481e-06
[train] step=3759 loss=0.161686 lr=5.479e-06
[train] step=3760 loss=0.140409 lr=5.477e-06
[train] step=3761 loss=0.151988 lr=5.475e-06
[train] step=3762 loss=0.158733 lr=5.473e-06
[train] step=3763 loss=0.224817 lr=5.471e-06
[train] step=3764 loss=0.211463 lr=5.469e-06
[train] step=3765 loss=0.218150 lr=5.467e-06
[train] step=3766 loss=0.161659 lr=5.465e-06
[train] step=3767 loss=0.083632 lr=5.463e-06
[train] step=3768 loss=0.105319 lr=5.461e-06
[train] step=3769 loss=0.115176 lr=5.459e-06
[train] step=3770 loss=0.164283 lr=5.457e-06
[train] step=3771 loss=0.195114 lr=5.456e-06
[train] step=3772 loss=0.109967 lr=5.454e-06
[train] step=3773 loss=0.157023 lr=5.452e-06
[train] step=3774 loss=0.208167 lr=5.450e-06
[train] step=3775 loss=0.124521 lr=5.448e-06
[train] step=3776 loss=0.178854 lr=5.446e-06
[train] step=3777 loss=0.196237 lr=5.444e-06
[train] step=3778 loss=0.154677 lr=5.442e-06
[train] step=3779 loss=0.141984 lr=5.440e-06
[train] step=3780 loss=0.213003 lr=5.438e-06
[train] step=3781 loss=0.114615 lr=5.436e-06
[train] step=3782 loss=0.107235 lr=5.434e-06
[train] step=3783 loss=0.097981 lr=5.432e-06
[train] step=3784 loss=0.101527 lr=5.430e-06
[train] step=3785 loss=0.124801 lr=5.428e-06
[train] step=3786 loss=0.173138 lr=5.426e-06
[train] step=3787 loss=0.158038 lr=5.424e-06
[train] step=3788 loss=0.221000 lr=5.422e-06
[train] step=3789 loss=0.145083 lr=5.420e-06
[train] step=3790 loss=0.236129 lr=5.418e-06
[train] step=3791 loss=0.194862 lr=5.416e-06
[train] step=3792 loss=0.184576 lr=5.415e-06
[train] step=3793 loss=0.151502 lr=5.413e-06
[train] step=3794 loss=0.159634 lr=5.411e-06
[train] step=3795 loss=0.157472 lr=5.409e-06
[train] step=3796 loss=0.198226 lr=5.407e-06
[train] step=3797 loss=0.132906 lr=5.405e-06
[train] step=3798 loss=0.130525 lr=5.403e-06
[train] step=3799 loss=0.165201 lr=5.401e-06
[train] step=3800 loss=0.093975 lr=5.399e-06
[train] step=3801 loss=0.151497 lr=5.397e-06
[train] step=3802 loss=0.227701 lr=5.395e-06
[train] step=3803 loss=0.126605 lr=5.393e-06
[train] step=3804 loss=0.147228 lr=5.391e-06
[train] step=3805 loss=0.110451 lr=5.389e-06
[train] step=3806 loss=0.156017 lr=5.387e-06
[train] step=3807 loss=0.158604 lr=5.385e-06
[train] step=3808 loss=0.220016 lr=5.383e-06
[train] step=3809 loss=0.199984 lr=5.381e-06
[train] step=3810 loss=0.221493 lr=5.379e-06
[train] step=3811 loss=0.169572 lr=5.377e-06
[train] step=3812 loss=0.269887 lr=5.375e-06
[train] step=3813 loss=0.126908 lr=5.373e-06
[train] step=3814 loss=0.119341 lr=5.371e-06
[train] step=3815 loss=0.186057 lr=5.370e-06
[train] step=3816 loss=0.100233 lr=5.368e-06
[train] step=3817 loss=0.165084 lr=5.366e-06
[train] step=3818 loss=0.173610 lr=5.364e-06
[train] step=3819 loss=0.205642 lr=5.362e-06
[train] step=3820 loss=0.142850 lr=5.360e-06
[train] step=3821 loss=0.096306 lr=5.358e-06
[train] step=3822 loss=0.206760 lr=5.356e-06
[train] step=3823 loss=0.192164 lr=5.354e-06
[train] step=3824 loss=0.232458 lr=5.352e-06
[train] step=3825 loss=0.150750 lr=5.350e-06
[train] step=3826 loss=0.169949 lr=5.348e-06
[train] step=3827 loss=0.132618 lr=5.346e-06
[train] step=3828 loss=0.147870 lr=5.344e-06
[train] step=3829 loss=0.195049 lr=5.342e-06
[train] step=3830 loss=0.156850 lr=5.340e-06
[train] step=3831 loss=0.230949 lr=5.338e-06
[train] step=3832 loss=0.220355 lr=5.336e-06
[train] step=3833 loss=0.125490 lr=5.334e-06
[train] step=3834 loss=0.111837 lr=5.332e-06
[train] step=3835 loss=0.170282 lr=5.330e-06
[train] step=3836 loss=0.191274 lr=5.328e-06
[train] step=3837 loss=0.191763 lr=5.326e-06
[train] step=3838 loss=0.111042 lr=5.325e-06
[train] step=3839 loss=0.190556 lr=5.323e-06
[train] step=3840 loss=0.096894 lr=5.321e-06
INFO     [rank 0] Model weights for step 3840 saved in       dit_trainer.py:1288
         checkpoints/model_weights_step_03840.safetensors                       
INFO     [rank 0] Scalar embedding weights for step 3840     dit_trainer.py:1297
         saved                                                                  
INFO     [rank 0] Training state saved:                      dit_trainer.py:1416
         checkpoints/model_weights_step_03840.state.pt                          
DEBUG    [rank 0] Removed old checkpoint:                    dit_trainer.py:1429
         /hppfs/scratch/0D/go76fuz2/windinet/outputs/shockwa                    
         ve_dit_ch6_loss_rmse_h1/checkpoints/model_weights_s                    
         tep_03600.safetensors                                                  
DEBUG    [rank 0] Removed old checkpoint:                    dit_trainer.py:1429
         /hppfs/scratch/0D/go76fuz2/windinet/outputs/shockwa                    
         ve_dit_ch6_loss_rmse_h1/checkpoints/scalar_embeddin                    
         g_step_03600.safetensors                                               
DEBUG    [rank 0] Removed optimizer state for older kept     dit_trainer.py:1444
         checkpoint:                                                            
         /hppfs/scratch/0D/go76fuz2/windinet/outputs/shockwa                    
         ve_dit_ch6_loss_rmse_h1/checkpoints/model_weights_s                    
         tep_03720.state.pt                                                     
[epoch 32] step=3840 train_loss=0.163375
[train] step=3841 loss=0.152717 lr=5.319e-06
[train] step=3842 loss=0.139880 lr=5.317e-06
[train] step=3843 loss=0.190913 lr=5.315e-06
[train] step=3844 loss=0.179376 lr=5.313e-06
[train] step=3845 loss=0.191480 lr=5.311e-06
[train] step=3846 loss=0.217341 lr=5.309e-06
[train] step=3847 loss=0.137218 lr=5.307e-06
[train] step=3848 loss=0.101954 lr=5.305e-06
[train] step=3849 loss=0.203023 lr=5.303e-06
[train] step=3850 loss=0.132107 lr=5.301e-06
[train] step=3851 loss=0.143452 lr=5.299e-06
[train] step=3852 loss=0.111070 lr=5.297e-06
[train] step=3853 loss=0.090650 lr=5.295e-06
[train] step=3854 loss=0.126769 lr=5.293e-06
[train] step=3855 loss=0.162035 lr=5.291e-06
[train] step=3856 loss=0.146685 lr=5.289e-06
[train] step=3857 loss=0.193883 lr=5.287e-06
[train] step=3858 loss=0.173920 lr=5.285e-06
[train] step=3859 loss=0.163180 lr=5.283e-06
[train] step=3860 loss=0.113917 lr=5.281e-06
[train] step=3861 loss=0.133222 lr=5.279e-06
[train] step=3862 loss=0.182464 lr=5.278e-06
[train] step=3863 loss=0.192713 lr=5.276e-06
[train] step=3864 loss=0.121673 lr=5.274e-06
[train] step=3865 loss=0.184402 lr=5.272e-06
[train] step=3866 loss=0.147025 lr=5.270e-06
[train] step=3867 loss=0.136525 lr=5.268e-06
[train] step=3868 loss=0.154568 lr=5.266e-06
[train] step=3869 loss=0.230504 lr=5.264e-06
[train] step=3870 loss=0.126536 lr=5.262e-06
[train] step=3871 loss=0.183269 lr=5.260e-06
[train] step=3872 loss=0.325834 lr=5.258e-06
[train] step=3873 loss=0.111063 lr=5.256e-06
[train] step=3874 loss=0.242762 lr=5.254e-06
[train] step=3875 loss=0.114917 lr=5.252e-06
[train] step=3876 loss=0.221652 lr=5.250e-06
[train] step=3877 loss=0.237115 lr=5.248e-06
[train] step=3878 loss=0.194544 lr=5.246e-06
[train] step=3879 loss=0.168177 lr=5.244e-06
[train] step=3880 loss=0.169227 lr=5.242e-06
[train] step=3881 loss=0.136942 lr=5.240e-06
[train] step=3882 loss=0.188719 lr=5.238e-06
[train] step=3883 loss=0.171859 lr=5.236e-06
[train] step=3884 loss=0.136644 lr=5.234e-06
[train] step=3885 loss=0.077983 lr=5.232e-06
[train] step=3886 loss=0.206165 lr=5.230e-06
[train] step=3887 loss=0.121778 lr=5.229e-06
[train] step=3888 loss=0.235750 lr=5.227e-06
[train] step=3889 loss=0.156693 lr=5.225e-06
[train] step=3890 loss=0.164438 lr=5.223e-06
[train] step=3891 loss=0.221614 lr=5.221e-06
[train] step=3892 loss=0.152514 lr=5.219e-06
[train] step=3893 loss=0.142946 lr=5.217e-06
[train] step=3894 loss=0.173329 lr=5.215e-06
[train] step=3895 loss=0.166314 lr=5.213e-06
[train] step=3896 loss=0.202850 lr=5.211e-06
[train] step=3897 loss=0.190206 lr=5.209e-06
[train] step=3898 loss=0.166418 lr=5.207e-06
[train] step=3899 loss=0.145404 lr=5.205e-06
[train] step=3900 loss=0.136540 lr=5.203e-06
[train] step=3901 loss=0.217161 lr=5.201e-06
[train] step=3902 loss=0.160667 lr=5.199e-06
[train] step=3903 loss=0.153369 lr=5.197e-06
[train] step=3904 loss=0.154755 lr=5.195e-06
[train] step=3905 loss=0.109697 lr=5.193e-06
[train] step=3906 loss=0.157526 lr=5.191e-06
[train] step=3907 loss=0.168263 lr=5.189e-06
[train] step=3908 loss=0.195565 lr=5.187e-06
[train] step=3909 loss=0.134558 lr=5.185e-06
[train] step=3910 loss=0.119580 lr=5.183e-06
[train] step=3911 loss=0.185655 lr=5.182e-06
[train] step=3912 loss=0.239991 lr=5.180e-06
[train] step=3913 loss=0.214915 lr=5.178e-06
[train] step=3914 loss=0.393474 lr=5.176e-06
[train] step=3915 loss=0.112681 lr=5.174e-06
[train] step=3916 loss=0.220136 lr=5.172e-06
[train] step=3917 loss=0.129662 lr=5.170e-06
[train] step=3918 loss=0.094915 lr=5.168e-06
[train] step=3919 loss=0.313434 lr=5.166e-06
[train] step=3920 loss=0.136407 lr=5.164e-06
[train] step=3921 loss=0.184361 lr=5.162e-06
[train] step=3922 loss=0.190093 lr=5.160e-06
[train] step=3923 loss=0.113539 lr=5.158e-06
[train] step=3924 loss=0.192672 lr=5.156e-06
[train] step=3925 loss=0.087347 lr=5.154e-06
[train] step=3926 loss=0.134235 lr=5.152e-06
[train] step=3927 loss=0.164046 lr=5.150e-06
[train] step=3928 loss=0.122102 lr=5.148e-06
[train] step=3929 loss=0.183326 lr=5.146e-06
[train] step=3930 loss=0.137938 lr=5.144e-06
[train] step=3931 loss=0.183612 lr=5.142e-06
[train] step=3932 loss=0.212768 lr=5.140e-06
[train] step=3933 loss=0.137539 lr=5.138e-06
[train] step=3934 loss=0.281459 lr=5.136e-06
[train] step=3935 loss=0.221956 lr=5.134e-06
[train] step=3936 loss=0.124794 lr=5.132e-06
[train] step=3937 loss=0.136677 lr=5.131e-06
[train] step=3938 loss=0.146782 lr=5.129e-06
[train] step=3939 loss=0.190789 lr=5.127e-06
[train] step=3940 loss=0.136272 lr=5.125e-06
[train] step=3941 loss=0.172701 lr=5.123e-06
[train] step=3942 loss=0.154115 lr=5.121e-06
[train] step=3943 loss=0.179608 lr=5.119e-06
[train] step=3944 loss=0.165461 lr=5.117e-06
[train] step=3945 loss=0.120963 lr=5.115e-06
[train] step=3946 loss=0.156001 lr=5.113e-06
[train] step=3947 loss=0.163518 lr=5.111e-06
[train] step=3948 loss=0.199399 lr=5.109e-06
[train] step=3949 loss=0.163148 lr=5.107e-06
[train] step=3950 loss=0.140999 lr=5.105e-06
[train] step=3951 loss=0.166620 lr=5.103e-06
[train] step=3952 loss=0.190481 lr=5.101e-06
[train] step=3953 loss=0.146493 lr=5.099e-06
[train] step=3954 loss=0.167797 lr=5.097e-06
[train] step=3955 loss=0.258718 lr=5.095e-06
[train] step=3956 loss=0.150451 lr=5.093e-06
[train] step=3957 loss=0.116238 lr=5.091e-06
[train] step=3958 loss=0.167664 lr=5.089e-06
[train] step=3959 loss=0.173185 lr=5.087e-06
[train] step=3960 loss=0.146234 lr=5.085e-06
INFO     [rank 0] Model weights for step 3960 saved in       dit_trainer.py:1288
         checkpoints/model_weights_step_03960.safetensors                       
INFO     [rank 0] Scalar embedding weights for step 3960     dit_trainer.py:1297
         saved                                                                  
INFO     [rank 0] Training state saved:                      dit_trainer.py:1416
         checkpoints/model_weights_step_03960.state.pt                          
DEBUG    [rank 0] Removed old checkpoint:                    dit_trainer.py:1429
         /hppfs/scratch/0D/go76fuz2/windinet/outputs/shockwa                    
         ve_dit_ch6_loss_rmse_h1/checkpoints/model_weights_s                    
         tep_03720.safetensors                                                  
DEBUG    [rank 0] Removed old checkpoint:                    dit_trainer.py:1429
         /hppfs/scratch/0D/go76fuz2/windinet/outputs/shockwa                    
         ve_dit_ch6_loss_rmse_h1/checkpoints/scalar_embeddin                    
         g_step_03720.safetensors                                               
DEBUG    [rank 0] Removed optimizer state for older kept     dit_trainer.py:1444
         checkpoint:                                                            
         /hppfs/scratch/0D/go76fuz2/windinet/outputs/shockwa                    
         ve_dit_ch6_loss_rmse_h1/checkpoints/model_weights_s                    
         tep_03840.state.pt                                                     
[epoch 33] step=3960 train_loss=0.167417
[train] step=3961 loss=0.171994 lr=5.083e-06
[train] step=3962 loss=0.134987 lr=5.081e-06
[train] step=3963 loss=0.155714 lr=5.080e-06
[train] step=3964 loss=0.163254 lr=5.078e-06
[train] step=3965 loss=0.254885 lr=5.076e-06
[train] step=3966 loss=0.210326 lr=5.074e-06
[train] step=3967 loss=0.119415 lr=5.072e-06
[train] step=3968 loss=0.113227 lr=5.070e-06
[train] step=3969 loss=0.341154 lr=5.068e-06
[train] step=3970 loss=0.227361 lr=5.066e-06
[train] step=3971 loss=0.076509 lr=5.064e-06
[train] step=3972 loss=0.214740 lr=5.062e-06
[train] step=3973 loss=0.196937 lr=5.060e-06
[train] step=3974 loss=0.112176 lr=5.058e-06
[train] step=3975 loss=0.167454 lr=5.056e-06
[train] step=3976 loss=0.167765 lr=5.054e-06
[train] step=3977 loss=0.101726 lr=5.052e-06
[train] step=3978 loss=0.098300 lr=5.050e-06
[train] step=3979 loss=0.169878 lr=5.048e-06
[train] step=3980 loss=0.214365 lr=5.046e-06
[train] step=3981 loss=0.104159 lr=5.044e-06
[train] step=3982 loss=0.190837 lr=5.042e-06
[train] step=3983 loss=0.271967 lr=5.040e-06
[train] step=3984 loss=0.178992 lr=5.038e-06
[train] step=3985 loss=0.102424 lr=5.036e-06
[train] step=3986 loss=0.221939 lr=5.034e-06
[train] step=3987 loss=0.133275 lr=5.032e-06
[train] step=3988 loss=0.247413 lr=5.030e-06
[train] step=3989 loss=0.085777 lr=5.029e-06
[train] step=3990 loss=0.200313 lr=5.027e-06
[train] step=3991 loss=0.264847 lr=5.025e-06
[train] step=3992 loss=0.165944 lr=5.023e-06
[train] step=3993 loss=0.177371 lr=5.021e-06
[train] step=3994 loss=0.182526 lr=5.019e-06
[train] step=3995 loss=0.100443 lr=5.017e-06
[train] step=3996 loss=0.171686 lr=5.015e-06
[train] step=3997 loss=0.163904 lr=5.013e-06
[train] step=3998 loss=0.149630 lr=5.011e-06
[train] step=3999 loss=0.111316 lr=5.009e-06
[train] step=4000 loss=0.245060 lr=5.007e-06
[train] step=4001 loss=0.207145 lr=5.005e-06
[train] step=4002 loss=0.177693 lr=5.003e-06
[train] step=4003 loss=0.250356 lr=5.001e-06
[train] step=4004 loss=0.147234 lr=4.999e-06
[train] step=4005 loss=0.143993 lr=4.997e-06
[train] step=4006 loss=0.167410 lr=4.995e-06
[train] step=4007 loss=0.136855 lr=4.993e-06
[train] step=4008 loss=0.157648 lr=4.991e-06
[train] step=4009 loss=0.161664 lr=4.989e-06
[train] step=4010 loss=0.176787 lr=4.987e-06
[train] step=4011 loss=0.202668 lr=4.985e-06
[train] step=4012 loss=0.209684 lr=4.983e-06
[train] step=4013 loss=0.179234 lr=4.981e-06
[train] step=4014 loss=0.100822 lr=4.980e-06
[train] step=4015 loss=0.149791 lr=4.978e-06
[train] step=4016 loss=0.200651 lr=4.976e-06
[train] step=4017 loss=0.183738 lr=4.974e-06
[train] step=4018 loss=0.115362 lr=4.972e-06
[train] step=4019 loss=0.103400 lr=4.970e-06
[train] step=4020 loss=0.152238 lr=4.968e-06
[train] step=4021 loss=0.117052 lr=4.966e-06
[train] step=4022 loss=0.229373 lr=4.964e-06
[train] step=4023 loss=0.228869 lr=4.962e-06
[train] step=4024 loss=0.215085 lr=4.960e-06
[train] step=4025 loss=0.167321 lr=4.958e-06
[train] step=4026 loss=0.146620 lr=4.956e-06
[train] step=4027 loss=0.154675 lr=4.954e-06
[train] step=4028 loss=0.171495 lr=4.952e-06
[train] step=4029 loss=0.225076 lr=4.950e-06
[train] step=4030 loss=0.198861 lr=4.948e-06
[train] step=4031 loss=0.153772 lr=4.946e-06
[train] step=4032 loss=0.179759 lr=4.944e-06
[train] step=4033 loss=0.190752 lr=4.942e-06
[train] step=4034 loss=0.211651 lr=4.940e-06
[train] step=4035 loss=0.149570 lr=4.938e-06
[train] step=4036 loss=0.193722 lr=4.936e-06
[train] step=4037 loss=0.146090 lr=4.934e-06
[train] step=4038 loss=0.213906 lr=4.932e-06
[train] step=4039 loss=0.162372 lr=4.930e-06
[train] step=4040 loss=0.187922 lr=4.929e-06
[train] step=4041 loss=0.216219 lr=4.927e-06
[train] step=4042 loss=0.118104 lr=4.925e-06
[train] step=4043 loss=0.147914 lr=4.923e-06
[train] step=4044 loss=0.330463 lr=4.921e-06
[train] step=4045 loss=0.166721 lr=4.919e-06
[train] step=4046 loss=0.167980 lr=4.917e-06
[train] step=4047 loss=0.231517 lr=4.915e-06
[train] step=4048 loss=0.142454 lr=4.913e-06
[train] step=4049 loss=0.181886 lr=4.911e-06
[train] step=4050 loss=0.251223 lr=4.909e-06
[train] step=4051 loss=0.141206 lr=4.907e-06
[train] step=4052 loss=0.178941 lr=4.905e-06
[train] step=4053 loss=0.194968 lr=4.903e-06
[train] step=4054 loss=0.138280 lr=4.901e-06
[train] step=4055 loss=0.172873 lr=4.899e-06
[train] step=4056 loss=0.131586 lr=4.897e-06
[train] step=4057 loss=0.157062 lr=4.895e-06
[train] step=4058 loss=0.136955 lr=4.893e-06
[train] step=4059 loss=0.110370 lr=4.891e-06
[train] step=4060 loss=0.133597 lr=4.889e-06
[train] step=4061 loss=0.189501 lr=4.887e-06
[train] step=4062 loss=0.203711 lr=4.885e-06
[train] step=4063 loss=0.170877 lr=4.883e-06
[train] step=4064 loss=0.153724 lr=4.881e-06
[train] step=4065 loss=0.177900 lr=4.879e-06
[train] step=4066 loss=0.195071 lr=4.878e-06
[train] step=4067 loss=0.167969 lr=4.876e-06
[train] step=4068 loss=0.201494 lr=4.874e-06
[train] step=4069 loss=0.187359 lr=4.872e-06
[train] step=4070 loss=0.161496 lr=4.870e-06
[train] step=4071 loss=0.214419 lr=4.868e-06
[train] step=4072 loss=0.085529 lr=4.866e-06
[train] step=4073 loss=0.149818 lr=4.864e-06
[train] step=4074 loss=0.162144 lr=4.862e-06
[train] step=4075 loss=0.204529 lr=4.860e-06
[train] step=4076 loss=0.357459 lr=4.858e-06
[train] step=4077 loss=0.159229 lr=4.856e-06
[train] step=4078 loss=0.196030 lr=4.854e-06
[train] step=4079 loss=0.189933 lr=4.852e-06
[train] step=4080 loss=0.177165 lr=4.850e-06
INFO     [rank 0] Model weights for step 4080 saved in       dit_trainer.py:1288
         checkpoints/model_weights_step_04080.safetensors                       
INFO     [rank 0] Scalar embedding weights for step 4080     dit_trainer.py:1297
         saved                                                                  
INFO     [rank 0] Training state saved:                      dit_trainer.py:1416
         checkpoints/model_weights_step_04080.state.pt                          
DEBUG    [rank 0] Removed old checkpoint:                    dit_trainer.py:1429
         /hppfs/scratch/0D/go76fuz2/windinet/outputs/shockwa                    
         ve_dit_ch6_loss_rmse_h1/checkpoints/model_weights_s                    
         tep_03840.safetensors                                                  
DEBUG    [rank 0] Removed old checkpoint:                    dit_trainer.py:1429
         /hppfs/scratch/0D/go76fuz2/windinet/outputs/shockwa                    
         ve_dit_ch6_loss_rmse_h1/checkpoints/scalar_embeddin                    
         g_step_03840.safetensors                                               
DEBUG    [rank 0] Removed optimizer state for older kept     dit_trainer.py:1444
         checkpoint:                                                            
         /hppfs/scratch/0D/go76fuz2/windinet/outputs/shockwa                    
         ve_dit_ch6_loss_rmse_h1/checkpoints/model_weights_s                    
         tep_03960.state.pt                                                     
[epoch 34] step=4080 train_loss=0.174792
[train] step=4081 loss=0.219140 lr=4.848e-06
[train] step=4082 loss=0.329040 lr=4.846e-06
[train] step=4083 loss=0.226763 lr=4.844e-06
[train] step=4084 loss=0.193463 lr=4.842e-06
[train] step=4085 loss=0.133416 lr=4.840e-06
[train] step=4086 loss=0.217094 lr=4.838e-06
[train] step=4087 loss=0.155277 lr=4.836e-06
[train] step=4088 loss=0.130065 lr=4.834e-06
[train] step=4089 loss=0.112683 lr=4.832e-06
[train] step=4090 loss=0.139766 lr=4.830e-06
[train] step=4091 loss=0.165891 lr=4.828e-06
[train] step=4092 loss=0.132993 lr=4.827e-06
[train] step=4093 loss=0.172304 lr=4.825e-06
[train] step=4094 loss=0.185376 lr=4.823e-06
[train] step=4095 loss=0.186745 lr=4.821e-06
[train] step=4096 loss=0.206155 lr=4.819e-06
[train] step=4097 loss=0.244866 lr=4.817e-06
[train] step=4098 loss=0.169706 lr=4.815e-06
[train] step=4099 loss=0.159436 lr=4.813e-06
[train] step=4100 loss=0.185554 lr=4.811e-06
[train] step=4101 loss=0.262811 lr=4.809e-06
[train] step=4102 loss=0.147920 lr=4.807e-06
[train] step=4103 loss=0.423539 lr=4.805e-06
[train] step=4104 loss=0.136227 lr=4.803e-06
[train] step=4105 loss=0.119236 lr=4.801e-06
[train] step=4106 loss=0.119651 lr=4.799e-06
[train] step=4107 loss=0.218459 lr=4.797e-06
[train] step=4108 loss=0.212018 lr=4.795e-06
[train] step=4109 loss=0.118038 lr=4.793e-06
[train] step=4110 loss=0.127390 lr=4.791e-06
[train] step=4111 loss=0.167685 lr=4.789e-06
[train] step=4112 loss=0.121485 lr=4.787e-06
[train] step=4113 loss=0.189735 lr=4.785e-06
[train] step=4114 loss=0.142907 lr=4.783e-06
[train] step=4115 loss=0.160911 lr=4.781e-06
[train] step=4116 loss=0.164373 lr=4.780e-06
[train] step=4117 loss=0.141153 lr=4.778e-06
[train] step=4118 loss=0.303351 lr=4.776e-06
[train] step=4119 loss=0.096119 lr=4.774e-06
[train] step=4120 loss=0.100761 lr=4.772e-06
[train] step=4121 loss=0.175800 lr=4.770e-06
[train] step=4122 loss=0.126124 lr=4.768e-06
[train] step=4123 loss=0.160951 lr=4.766e-06
[train] step=4124 loss=0.149284 lr=4.764e-06
[train] step=4125 loss=0.176042 lr=4.762e-06
[train] step=4126 loss=0.148787 lr=4.760e-06
[train] step=4127 loss=0.146170 lr=4.758e-06
[train] step=4128 loss=0.144739 lr=4.756e-06
[train] step=4129 loss=0.160769 lr=4.754e-06
[train] step=4130 loss=0.146936 lr=4.752e-06
[train] step=4131 loss=0.126472 lr=4.750e-06
[train] step=4132 loss=0.187936 lr=4.748e-06
[train] step=4133 loss=0.124291 lr=4.746e-06
[train] step=4134 loss=0.116880 lr=4.744e-06
[train] step=4135 loss=0.119460 lr=4.742e-06
[train] step=4136 loss=0.215820 lr=4.740e-06
[train] step=4137 loss=0.152092 lr=4.738e-06
[train] step=4138 loss=0.250628 lr=4.736e-06
[train] step=4139 loss=0.153633 lr=4.734e-06
[train] step=4140 loss=0.163298 lr=4.732e-06
[train] step=4141 loss=0.114883 lr=4.731e-06
[train] step=4142 loss=0.102401 lr=4.729e-06
[train] step=4143 loss=0.081488 lr=4.727e-06
[train] step=4144 loss=0.181659 lr=4.725e-06
[train] step=4145 loss=0.141430 lr=4.723e-06
[train] step=4146 loss=0.634758 lr=4.721e-06
[train] step=4147 loss=0.158136 lr=4.719e-06
[train] step=4148 loss=0.218268 lr=4.717e-06
[train] step=4149 loss=0.231166 lr=4.715e-06
[train] step=4150 loss=0.459545 lr=4.713e-06
[train] step=4151 loss=0.148170 lr=4.711e-06
[train] step=4152 loss=0.132710 lr=4.709e-06
[train] step=4153 loss=0.143425 lr=4.707e-06
[train] step=4154 loss=0.147425 lr=4.705e-06
[train] step=4155 loss=0.205516 lr=4.703e-06
[train] step=4156 loss=0.170069 lr=4.701e-06
[train] step=4157 loss=0.143159 lr=4.699e-06
[train] step=4158 loss=0.163387 lr=4.697e-06
[train] step=4159 loss=0.108619 lr=4.695e-06
[train] step=4160 loss=0.092591 lr=4.693e-06
[train] step=4161 loss=0.148557 lr=4.691e-06
[train] step=4162 loss=0.149212 lr=4.689e-06
[train] step=4163 loss=0.110993 lr=4.687e-06
[train] step=4164 loss=0.174546 lr=4.685e-06
[train] step=4165 loss=0.154615 lr=4.684e-06
[train] step=4166 loss=0.145374 lr=4.682e-06
[train] step=4167 loss=0.134365 lr=4.680e-06
[train] step=4168 loss=0.168707 lr=4.678e-06
[train] step=4169 loss=0.157390 lr=4.676e-06
[train] step=4170 loss=0.143479 lr=4.674e-06
[train] step=4171 loss=0.140101 lr=4.672e-06
[train] step=4172 loss=0.149535 lr=4.670e-06
[train] step=4173 loss=0.096209 lr=4.668e-06
[train] step=4174 loss=0.247542 lr=4.666e-06
[train] step=4175 loss=0.242630 lr=4.664e-06
[train] step=4176 loss=0.159006 lr=4.662e-06
[train] step=4177 loss=0.162985 lr=4.660e-06
[train] step=4178 loss=0.165812 lr=4.658e-06
[train] step=4179 loss=0.175036 lr=4.656e-06
[train] step=4180 loss=0.205427 lr=4.654e-06
[train] step=4181 loss=0.134479 lr=4.652e-06
[train] step=4182 loss=0.138956 lr=4.650e-06
[train] step=4183 loss=0.154170 lr=4.648e-06
[train] step=4184 loss=0.278433 lr=4.646e-06
[train] step=4185 loss=0.171085 lr=4.644e-06
[train] step=4186 loss=0.159814 lr=4.642e-06
[train] step=4187 loss=0.159269 lr=4.640e-06
[train] step=4188 loss=0.163725 lr=4.639e-06
[train] step=4189 loss=0.209806 lr=4.637e-06
[train] step=4190 loss=0.161603 lr=4.635e-06
[train] step=4191 loss=0.133363 lr=4.633e-06
[train] step=4192 loss=0.145010 lr=4.631e-06
[train] step=4193 loss=0.152995 lr=4.629e-06
[train] step=4194 loss=0.141610 lr=4.627e-06
[train] step=4195 loss=0.203646 lr=4.625e-06
[train] step=4196 loss=0.162705 lr=4.623e-06
[train] step=4197 loss=0.202937 lr=4.621e-06
[train] step=4198 loss=0.130798 lr=4.619e-06
[train] step=4199 loss=0.176965 lr=4.617e-06
[train] step=4200 loss=0.215328 lr=4.615e-06
[val] step=4200 val_loss=0.169129
INFO     [rank 0] Model weights for step 4200 saved in       dit_trainer.py:1288
         checkpoints/model_weights_step_04200.safetensors                       
INFO     [rank 0] Scalar embedding weights for step 4200     dit_trainer.py:1297
         saved                                                                  
INFO     [rank 0] Training state saved:                      dit_trainer.py:1416
         checkpoints/model_weights_step_04200.state.pt                          
INFO     [rank 0] New best checkpoint (step 4200,            dit_trainer.py:1320
         val_loss=0.169129):                                                    
         checkpoints/model_weights_best.safetensors                             
DEBUG    [rank 0] Removed old checkpoint:                    dit_trainer.py:1429
         /hppfs/scratch/0D/go76fuz2/windinet/outputs/shockwa                    
         ve_dit_ch6_loss_rmse_h1/checkpoints/model_weights_s                    
         tep_03960.safetensors                                                  
DEBUG    [rank 0] Removed old checkpoint:                    dit_trainer.py:1429
         /hppfs/scratch/0D/go76fuz2/windinet/outputs/shockwa                    
         ve_dit_ch6_loss_rmse_h1/checkpoints/scalar_embeddin                    
         g_step_03960.safetensors                                               
DEBUG    [rank 0] Removed optimizer state for older kept     dit_trainer.py:1444
         checkpoint:                                                            
         /hppfs/scratch/0D/go76fuz2/windinet/outputs/shockwa                    
         ve_dit_ch6_loss_rmse_h1/checkpoints/model_weights_s                    
         tep_04080.state.pt                                                     
[epoch 35] step=4200 train_loss=0.172121 val_loss=0.169129
[train] step=4201 loss=0.126034 lr=4.613e-06
[train] step=4202 loss=0.258855 lr=4.611e-06
[train] step=4203 loss=0.158703 lr=4.609e-06
[train] step=4204 loss=0.094175 lr=4.607e-06
[train] step=4205 loss=0.079802 lr=4.605e-06
[train] step=4206 loss=0.145041 lr=4.603e-06
[train] step=4207 loss=0.215716 lr=4.601e-06
[train] step=4208 loss=0.157489 lr=4.599e-06
[train] step=4209 loss=0.114320 lr=4.597e-06
[train] step=4210 loss=0.142726 lr=4.595e-06
[train] step=4211 loss=0.159039 lr=4.594e-06
[train] step=4212 loss=0.143239 lr=4.592e-06
[train] step=4213 loss=0.166650 lr=4.590e-06
[train] step=4214 loss=0.157025 lr=4.588e-06
[train] step=4215 loss=0.148145 lr=4.586e-06
[train] step=4216 loss=0.135871 lr=4.584e-06
[train] step=4217 loss=0.199291 lr=4.582e-06
[train] step=4218 loss=0.200692 lr=4.580e-06
[train] step=4219 loss=0.176398 lr=4.578e-06
[train] step=4220 loss=0.098934 lr=4.576e-06
[train] step=4221 loss=0.144939 lr=4.574e-06
[train] step=4222 loss=0.219838 lr=4.572e-06
[train] step=4223 loss=0.129341 lr=4.570e-06
[train] step=4224 loss=0.135137 lr=4.568e-06
[train] step=4225 loss=0.193517 lr=4.566e-06
[train] step=4226 loss=0.188574 lr=4.564e-06
[train] step=4227 loss=0.114848 lr=4.562e-06
[train] step=4228 loss=0.145806 lr=4.560e-06
[train] step=4229 loss=0.169022 lr=4.558e-06
[train] step=4230 loss=0.150703 lr=4.556e-06
[train] step=4231 loss=0.100792 lr=4.554e-06
[train] step=4232 loss=0.176218 lr=4.553e-06
[train] step=4233 loss=0.515110 lr=4.551e-06
[train] step=4234 loss=0.120699 lr=4.549e-06
[train] step=4235 loss=0.152475 lr=4.547e-06
[train] step=4236 loss=0.090640 lr=4.545e-06
[train] step=4237 loss=0.165854 lr=4.543e-06
[train] step=4238 loss=0.162337 lr=4.541e-06
[train] step=4239 loss=0.114239 lr=4.539e-06
[train] step=4240 loss=0.160096 lr=4.537e-06
[train] step=4241 loss=0.161340 lr=4.535e-06
[train] step=4242 loss=0.124605 lr=4.533e-06
[train] step=4243 loss=0.304994 lr=4.531e-06
[train] step=4244 loss=0.121315 lr=4.529e-06
[train] step=4245 loss=0.150289 lr=4.527e-06
[train] step=4246 loss=0.132975 lr=4.525e-06
[train] step=4247 loss=0.142126 lr=4.523e-06
[train] step=4248 loss=0.246632 lr=4.521e-06
[train] step=4249 loss=0.335862 lr=4.519e-06
[train] step=4250 loss=0.104786 lr=4.517e-06
[train] step=4251 loss=0.234409 lr=4.515e-06
[train] step=4252 loss=0.141955 lr=4.513e-06
[train] step=4253 loss=0.085731 lr=4.512e-06
[train] step=4254 loss=0.130901 lr=4.510e-06
[train] step=4255 loss=0.208205 lr=4.508e-06
[train] step=4256 loss=0.135827 lr=4.506e-06
[train] step=4257 loss=0.454186 lr=4.504e-06
[train] step=4258 loss=0.245902 lr=4.502e-06
[train] step=4259 loss=0.230301 lr=4.500e-06
[train] step=4260 loss=0.125806 lr=4.498e-06
[train] step=4261 loss=0.164299 lr=4.496e-06
[train] step=4262 loss=0.221523 lr=4.494e-06
[train] step=4263 loss=0.159631 lr=4.492e-06
[train] step=4264 loss=0.186351 lr=4.490e-06
[train] step=4265 loss=0.170217 lr=4.488e-06
[train] step=4266 loss=0.121294 lr=4.486e-06
[train] step=4267 loss=0.097014 lr=4.484e-06
[train] step=4268 loss=0.192893 lr=4.482e-06
[train] step=4269 loss=0.202470 lr=4.480e-06
[train] step=4270 loss=0.114768 lr=4.478e-06
[train] step=4271 loss=0.125321 lr=4.476e-06
[train] step=4272 loss=0.201205 lr=4.474e-06
[train] step=4273 loss=0.159852 lr=4.472e-06
[train] step=4274 loss=0.107070 lr=4.471e-06
[train] step=4275 loss=0.131806 lr=4.469e-06
[train] step=4276 loss=0.093129 lr=4.467e-06
[train] step=4277 loss=0.259977 lr=4.465e-06
[train] step=4278 loss=0.137241 lr=4.463e-06
[train] step=4279 loss=0.145156 lr=4.461e-06
[train] step=4280 loss=0.104146 lr=4.459e-06
[train] step=4281 loss=0.102452 lr=4.457e-06
[train] step=4282 loss=0.135240 lr=4.455e-06
[train] step=4283 loss=0.327216 lr=4.453e-06
[train] step=4284 loss=0.189302 lr=4.451e-06
[train] step=4285 loss=0.154160 lr=4.449e-06
[train] step=4286 loss=0.174534 lr=4.447e-06
[train] step=4287 loss=0.206108 lr=4.445e-06
[train] step=4288 loss=0.150574 lr=4.443e-06
[train] step=4289 loss=0.163535 lr=4.441e-06
[train] step=4290 loss=0.217950 lr=4.439e-06
[train] step=4291 loss=0.176056 lr=4.437e-06
[train] step=4292 loss=0.128248 lr=4.435e-06
[train] step=4293 loss=0.343426 lr=4.433e-06
[train] step=4294 loss=0.086312 lr=4.432e-06
[train] step=4295 loss=0.197361 lr=4.430e-06
[train] step=4296 loss=0.141824 lr=4.428e-06
[train] step=4297 loss=0.105623 lr=4.426e-06
[train] step=4298 loss=0.187413 lr=4.424e-06
[train] step=4299 loss=0.171610 lr=4.422e-06
[train] step=4300 loss=0.232790 lr=4.420e-06
[train] step=4301 loss=0.229626 lr=4.418e-06
[train] step=4302 loss=0.176234 lr=4.416e-06
[train] step=4303 loss=0.244900 lr=4.414e-06
[train] step=4304 loss=0.170532 lr=4.412e-06
[train] step=4305 loss=0.111716 lr=4.410e-06
[train] step=4306 loss=0.162914 lr=4.408e-06
[train] step=4307 loss=0.186735 lr=4.406e-06
[train] step=4308 loss=0.092410 lr=4.404e-06
[train] step=4309 loss=0.158021 lr=4.402e-06
[train] step=4310 loss=0.234060 lr=4.400e-06
[train] step=4311 loss=0.145091 lr=4.398e-06
[train] step=4312 loss=0.193171 lr=4.396e-06
[train] step=4313 loss=0.185921 lr=4.395e-06
[train] step=4314 loss=0.260170 lr=4.393e-06
[train] step=4315 loss=0.102684 lr=4.391e-06
[train] step=4316 loss=0.092257 lr=4.389e-06
[train] step=4317 loss=0.122049 lr=4.387e-06
[train] step=4318 loss=0.235017 lr=4.385e-06
[train] step=4319 loss=0.176556 lr=4.383e-06
[train] step=4320 loss=0.226482 lr=4.381e-06
INFO     [rank 0] Model weights for step 4320 saved in       dit_trainer.py:1288
         checkpoints/model_weights_step_04320.safetensors                       
INFO     [rank 0] Scalar embedding weights for step 4320     dit_trainer.py:1297
         saved                                                                  
INFO     [rank 0] Training state saved:                      dit_trainer.py:1416
         checkpoints/model_weights_step_04320.state.pt                          
DEBUG    [rank 0] Removed old checkpoint:                    dit_trainer.py:1429
         /hppfs/scratch/0D/go76fuz2/windinet/outputs/shockwa                    
         ve_dit_ch6_loss_rmse_h1/checkpoints/model_weights_s                    
         tep_04080.safetensors                                                  
DEBUG    [rank 0] Removed old checkpoint:                    dit_trainer.py:1429
         /hppfs/scratch/0D/go76fuz2/windinet/outputs/shockwa                    
         ve_dit_ch6_loss_rmse_h1/checkpoints/scalar_embeddin                    
         g_step_04080.safetensors                                               
DEBUG    [rank 0] Removed optimizer state for older kept     dit_trainer.py:1444
         checkpoint:                                                            
         /hppfs/scratch/0D/go76fuz2/windinet/outputs/shockwa                    
         ve_dit_ch6_loss_rmse_h1/checkpoints/model_weights_s                    
         tep_04200.state.pt                                                     
[epoch 36] step=4320 train_loss=0.170241
[train] step=4321 loss=0.144361 lr=4.379e-06
[train] step=4322 loss=0.108377 lr=4.377e-06
[train] step=4323 loss=0.248666 lr=4.375e-06
[train] step=4324 loss=0.146580 lr=4.373e-06
[train] step=4325 loss=0.158344 lr=4.371e-06
[train] step=4326 loss=0.148693 lr=4.369e-06
[train] step=4327 loss=0.103552 lr=4.367e-06
[train] step=4328 loss=0.162715 lr=4.365e-06
[train] step=4329 loss=0.182660 lr=4.363e-06
[train] step=4330 loss=0.208944 lr=4.361e-06
[train] step=4331 loss=0.134761 lr=4.360e-06
[train] step=4332 loss=0.097914 lr=4.358e-06
[train] step=4333 loss=0.188480 lr=4.356e-06
[train] step=4334 loss=0.249766 lr=4.354e-06
[train] step=4335 loss=0.126551 lr=4.352e-06
[train] step=4336 loss=0.282569 lr=4.350e-06
[train] step=4337 loss=0.123229 lr=4.348e-06
[train] step=4338 loss=0.114488 lr=4.346e-06
[train] step=4339 loss=0.144873 lr=4.344e-06
[train] step=4340 loss=0.192051 lr=4.342e-06
[train] step=4341 loss=0.127090 lr=4.340e-06
[train] step=4342 loss=0.184885 lr=4.338e-06
[train] step=4343 loss=0.506048 lr=4.336e-06
[train] step=4344 loss=0.105877 lr=4.334e-06
[train] step=4345 loss=0.243254 lr=4.332e-06
[train] step=4346 loss=0.084374 lr=4.330e-06
[train] step=4347 loss=0.200411 lr=4.328e-06
[train] step=4348 loss=0.381322 lr=4.326e-06
[train] step=4349 loss=0.184309 lr=4.325e-06
[train] step=4350 loss=0.159544 lr=4.323e-06
[train] step=4351 loss=0.175993 lr=4.321e-06
[train] step=4352 loss=0.150475 lr=4.319e-06
[train] step=4353 loss=0.325118 lr=4.317e-06
[train] step=4354 loss=0.116405 lr=4.315e-06
[train] step=4355 loss=0.130236 lr=4.313e-06
[train] step=4356 loss=0.236105 lr=4.311e-06
[train] step=4357 loss=0.176953 lr=4.309e-06
[train] step=4358 loss=0.145805 lr=4.307e-06
[train] step=4359 loss=0.164382 lr=4.305e-06
[train] step=4360 loss=0.097004 lr=4.303e-06
[train] step=4361 loss=0.134100 lr=4.301e-06
[train] step=4362 loss=0.355874 lr=4.299e-06
[train] step=4363 loss=0.131597 lr=4.297e-06
[train] step=4364 loss=0.198842 lr=4.295e-06
[train] step=4365 loss=0.102289 lr=4.293e-06
[train] step=4366 loss=0.099348 lr=4.291e-06
[train] step=4367 loss=0.164925 lr=4.290e-06
[train] step=4368 loss=0.107327 lr=4.288e-06
[train] step=4369 loss=0.108708 lr=4.286e-06
[train] step=4370 loss=0.178272 lr=4.284e-06
[train] step=4371 loss=0.199460 lr=4.282e-06
[train] step=4372 loss=0.129219 lr=4.280e-06
[train] step=4373 loss=0.200063 lr=4.278e-06
[train] step=4374 loss=0.203722 lr=4.276e-06
[train] step=4375 loss=0.160059 lr=4.274e-06
[train] step=4376 loss=0.152673 lr=4.272e-06
[train] step=4377 loss=0.167087 lr=4.270e-06
[train] step=4378 loss=0.106068 lr=4.268e-06
[train] step=4379 loss=0.108364 lr=4.266e-06
[train] step=4380 loss=0.140481 lr=4.264e-06
[train] step=4381 loss=0.121206 lr=4.262e-06
[train] step=4382 loss=0.110072 lr=4.260e-06
[train] step=4383 loss=0.106411 lr=4.259e-06
[train] step=4384 loss=0.134705 lr=4.257e-06
[train] step=4385 loss=0.168968 lr=4.255e-06
[train] step=4386 loss=0.091294 lr=4.253e-06
[train] step=4387 loss=0.175171 lr=4.251e-06
[train] step=4388 loss=0.136257 lr=4.249e-06
[train] step=4389 loss=0.099754 lr=4.247e-06
[train] step=4390 loss=0.197668 lr=4.245e-06
[train] step=4391 loss=0.209582 lr=4.243e-06
[train] step=4392 loss=0.229992 lr=4.241e-06
[train] step=4393 loss=0.180208 lr=4.239e-06
[train] step=4394 loss=0.087557 lr=4.237e-06
[train] step=4395 loss=0.147614 lr=4.235e-06
[train] step=4396 loss=0.161685 lr=4.233e-06
[train] step=4397 loss=0.181878 lr=4.231e-06
[train] step=4398 loss=0.153956 lr=4.229e-06
[train] step=4399 loss=0.148817 lr=4.227e-06
[train] step=4400 loss=0.075496 lr=4.226e-06
[train] step=4401 loss=0.237450 lr=4.224e-06
[train] step=4402 loss=0.189497 lr=4.222e-06
[train] step=4403 loss=0.135929 lr=4.220e-06
[train] step=4404 loss=0.173060 lr=4.218e-06
[train] step=4405 loss=0.152458 lr=4.216e-06
[train] step=4406 loss=0.328317 lr=4.214e-06
[train] step=4407 loss=0.245148 lr=4.212e-06
[train] step=4408 loss=0.137065 lr=4.210e-06
[train] step=4409 loss=0.182739 lr=4.208e-06
[train] step=4410 loss=0.318322 lr=4.206e-06
[train] step=4411 loss=0.166750 lr=4.204e-06
[train] step=4412 loss=0.167703 lr=4.202e-06
[train] step=4413 loss=0.163993 lr=4.200e-06
[train] step=4414 loss=0.200986 lr=4.198e-06
[train] step=4415 loss=0.186565 lr=4.196e-06
[train] step=4416 loss=0.150737 lr=4.195e-06
[train] step=4417 loss=0.099996 lr=4.193e-06
[train] step=4418 loss=0.114195 lr=4.191e-06
[train] step=4419 loss=0.161983 lr=4.189e-06
[train] step=4420 loss=0.161276 lr=4.187e-06
[train] step=4421 loss=0.159889 lr=4.185e-06
[train] step=4422 loss=0.198532 lr=4.183e-06
[train] step=4423 loss=0.245716 lr=4.181e-06
[train] step=4424 loss=0.183214 lr=4.179e-06
[train] step=4425 loss=0.089316 lr=4.177e-06
[train] step=4426 loss=0.167511 lr=4.175e-06
[train] step=4427 loss=0.146382 lr=4.173e-06
[train] step=4428 loss=0.209340 lr=4.171e-06
[train] step=4429 loss=0.162146 lr=4.169e-06
[train] step=4430 loss=0.159478 lr=4.167e-06
[train] step=4431 loss=0.165320 lr=4.166e-06
[train] step=4432 loss=0.302949 lr=4.164e-06
[train] step=4433 loss=0.166008 lr=4.162e-06
[train] step=4434 loss=0.131258 lr=4.160e-06
[train] step=4435 loss=0.159552 lr=4.158e-06
[train] step=4436 loss=0.191040 lr=4.156e-06
[train] step=4437 loss=0.183832 lr=4.154e-06
[train] step=4438 loss=0.097944 lr=4.152e-06
[train] step=4439 loss=0.172173 lr=4.150e-06
[train] step=4440 loss=0.118393 lr=4.148e-06
INFO     [rank 0] Model weights for step 4440 saved in       dit_trainer.py:1288
         checkpoints/model_weights_step_04440.safetensors                       
INFO     [rank 0] Scalar embedding weights for step 4440     dit_trainer.py:1297
         saved                                                                  
INFO     [rank 0] Training state saved:                      dit_trainer.py:1416
         checkpoints/model_weights_step_04440.state.pt                          
DEBUG    [rank 0] Removed old checkpoint:                    dit_trainer.py:1429
         /hppfs/scratch/0D/go76fuz2/windinet/outputs/shockwa                    
         ve_dit_ch6_loss_rmse_h1/checkpoints/model_weights_s                    
         tep_04200.safetensors                                                  
DEBUG    [rank 0] Removed old checkpoint:                    dit_trainer.py:1429
         /hppfs/scratch/0D/go76fuz2/windinet/outputs/shockwa                    
         ve_dit_ch6_loss_rmse_h1/checkpoints/scalar_embeddin                    
         g_step_04200.safetensors                                               
DEBUG    [rank 0] Removed optimizer state for older kept     dit_trainer.py:1444
         checkpoint:                                                            
         /hppfs/scratch/0D/go76fuz2/windinet/outputs/shockwa                    
         ve_dit_ch6_loss_rmse_h1/checkpoints/model_weights_s                    
         tep_04320.state.pt                                                     
[epoch 37] step=4440 train_loss=0.170185
[train] step=4441 loss=0.126862 lr=4.146e-06
[train] step=4442 loss=0.224286 lr=4.144e-06
[train] step=4443 loss=0.121466 lr=4.142e-06
[train] step=4444 loss=0.163224 lr=4.140e-06
[train] step=4445 loss=0.142359 lr=4.138e-06
[train] step=4446 loss=0.180100 lr=4.137e-06
[train] step=4447 loss=0.186429 lr=4.135e-06
[train] step=4448 loss=0.127199 lr=4.133e-06
[train] step=4449 loss=0.115802 lr=4.131e-06
[train] step=4450 loss=0.163967 lr=4.129e-06
[train] step=4451 loss=0.196210 lr=4.127e-06
[train] step=4452 loss=0.209721 lr=4.125e-06
[train] step=4453 loss=0.151684 lr=4.123e-06
[train] step=4454 loss=0.097601 lr=4.121e-06
[train] step=4455 loss=0.153096 lr=4.119e-06
[train] step=4456 loss=0.240441 lr=4.117e-06
[train] step=4457 loss=0.171571 lr=4.115e-06
[train] step=4458 loss=0.237600 lr=4.113e-06
[train] step=4459 loss=0.171142 lr=4.111e-06
[train] step=4460 loss=0.347742 lr=4.110e-06
[train] step=4461 loss=0.164677 lr=4.108e-06
[train] step=4462 loss=0.238096 lr=4.106e-06
[train] step=4463 loss=0.130072 lr=4.104e-06
[train] step=4464 loss=0.139894 lr=4.102e-06
[train] step=4465 loss=0.175258 lr=4.100e-06
[train] step=4466 loss=0.124423 lr=4.098e-06
[train] step=4467 loss=0.181377 lr=4.096e-06
[train] step=4468 loss=0.123415 lr=4.094e-06
[train] step=4469 loss=0.109491 lr=4.092e-06
[train] step=4470 loss=0.218175 lr=4.090e-06
[train] step=4471 loss=0.232714 lr=4.088e-06
[train] step=4472 loss=0.142718 lr=4.086e-06
[train] step=4473 loss=0.096744 lr=4.084e-06
[train] step=4474 loss=0.189880 lr=4.083e-06
[train] step=4475 loss=0.141904 lr=4.081e-06
[train] step=4476 loss=0.143927 lr=4.079e-06
[train] step=4477 loss=0.141757 lr=4.077e-06
[train] step=4478 loss=0.152843 lr=4.075e-06
[train] step=4479 loss=0.188662 lr=4.073e-06
[train] step=4480 loss=0.098337 lr=4.071e-06
[train] step=4481 loss=0.189224 lr=4.069e-06
[train] step=4482 loss=0.205782 lr=4.067e-06
[train] step=4483 loss=0.170262 lr=4.065e-06
[train] step=4484 loss=0.387086 lr=4.063e-06
[train] step=4485 loss=0.279524 lr=4.061e-06
[train] step=4486 loss=0.130666 lr=4.059e-06
[train] step=4487 loss=0.092419 lr=4.057e-06
[train] step=4488 loss=0.191742 lr=4.056e-06
[train] step=4489 loss=0.152203 lr=4.054e-06
[train] step=4490 loss=0.193808 lr=4.052e-06
[train] step=4491 loss=0.155061 lr=4.050e-06
[train] step=4492 loss=0.137695 lr=4.048e-06
[train] step=4493 loss=0.188920 lr=4.046e-06
[train] step=4494 loss=0.154260 lr=4.044e-06
[train] step=4495 loss=0.147156 lr=4.042e-06
[train] step=4496 loss=0.107787 lr=4.040e-06
[train] step=4497 loss=0.144095 lr=4.038e-06
[train] step=4498 loss=0.185197 lr=4.036e-06
[train] step=4499 loss=0.180401 lr=4.034e-06
[train] step=4500 loss=0.265791 lr=4.032e-06
[train] step=4501 loss=0.191435 lr=4.031e-06
[train] step=4502 loss=0.180910 lr=4.029e-06
[train] step=4503 loss=0.192354 lr=4.027e-06
[train] step=4504 loss=0.166844 lr=4.025e-06
[train] step=4505 loss=0.157192 lr=4.023e-06
[train] step=4506 loss=0.109872 lr=4.021e-06
[train] step=4507 loss=0.192752 lr=4.019e-06
[train] step=4508 loss=0.109210 lr=4.017e-06
[train] step=4509 loss=0.112966 lr=4.015e-06
[train] step=4510 loss=0.236254 lr=4.013e-06
[train] step=4511 loss=0.227840 lr=4.011e-06
[train] step=4512 loss=0.215134 lr=4.009e-06
[train] step=4513 loss=0.162999 lr=4.007e-06
[train] step=4514 loss=0.200876 lr=4.006e-06
[train] step=4515 loss=0.128758 lr=4.004e-06
[train] step=4516 loss=0.149339 lr=4.002e-06
[train] step=4517 loss=0.143540 lr=4.000e-06
[train] step=4518 loss=0.135403 lr=3.998e-06
[train] step=4519 loss=0.206907 lr=3.996e-06
[train] step=4520 loss=0.144144 lr=3.994e-06
[train] step=4521 loss=0.194696 lr=3.992e-06
[train] step=4522 loss=0.156370 lr=3.990e-06
[train] step=4523 loss=0.159405 lr=3.988e-06
[train] step=4524 loss=0.207916 lr=3.986e-06
[train] step=4525 loss=0.145760 lr=3.984e-06
[train] step=4526 loss=0.099480 lr=3.982e-06
[train] step=4527 loss=0.195197 lr=3.981e-06
[train] step=4528 loss=0.139458 lr=3.979e-06
[train] step=4529 loss=0.186213 lr=3.977e-06
[train] step=4530 loss=0.211893 lr=3.975e-06
[train] step=4531 loss=0.224317 lr=3.973e-06
[train] step=4532 loss=0.152577 lr=3.971e-06
[train] step=4533 loss=0.159315 lr=3.969e-06
[train] step=4534 loss=0.113345 lr=3.967e-06
[train] step=4535 loss=0.158850 lr=3.965e-06
[train] step=4536 loss=0.230294 lr=3.963e-06
[train] step=4537 loss=0.133049 lr=3.961e-06
[train] step=4538 loss=0.176191 lr=3.959e-06
[train] step=4539 loss=0.149921 lr=3.958e-06
[train] step=4540 loss=0.243992 lr=3.956e-06
[train] step=4541 loss=0.148895 lr=3.954e-06
[train] step=4542 loss=0.189037 lr=3.952e-06
[train] step=4543 loss=0.136501 lr=3.950e-06
[train] step=4544 loss=0.116853 lr=3.948e-06
[train] step=4545 loss=0.108220 lr=3.946e-06
[train] step=4546 loss=0.145997 lr=3.944e-06
[train] step=4547 loss=0.116186 lr=3.942e-06
[train] step=4548 loss=0.140278 lr=3.940e-06
[train] step=4549 loss=0.157226 lr=3.938e-06
[train] step=4550 loss=0.166923 lr=3.936e-06
[train] step=4551 loss=0.212770 lr=3.935e-06
[train] step=4552 loss=0.180891 lr=3.933e-06
[train] step=4553 loss=0.159346 lr=3.931e-06
[train] step=4554 loss=0.121287 lr=3.929e-06
[train] step=4555 loss=0.191904 lr=3.927e-06
[train] step=4556 loss=0.197419 lr=3.925e-06
[train] step=4557 loss=0.228897 lr=3.923e-06
[train] step=4558 loss=0.075214 lr=3.921e-06
[train] step=4559 loss=0.197656 lr=3.919e-06
[train] step=4560 loss=0.232933 lr=3.917e-06
INFO     [rank 0] Model weights for step 4560 saved in       dit_trainer.py:1288
         checkpoints/model_weights_step_04560.safetensors                       
INFO     [rank 0] Scalar embedding weights for step 4560     dit_trainer.py:1297
         saved                                                                  
INFO     [rank 0] Training state saved:                      dit_trainer.py:1416
         checkpoints/model_weights_step_04560.state.pt                          
DEBUG    [rank 0] Removed old checkpoint:                    dit_trainer.py:1429
         /hppfs/scratch/0D/go76fuz2/windinet/outputs/shockwa                    
         ve_dit_ch6_loss_rmse_h1/checkpoints/model_weights_s                    
         tep_04320.safetensors                                                  
DEBUG    [rank 0] Removed old checkpoint:                    dit_trainer.py:1429
         /hppfs/scratch/0D/go76fuz2/windinet/outputs/shockwa                    
         ve_dit_ch6_loss_rmse_h1/checkpoints/scalar_embeddin                    
         g_step_04320.safetensors                                               
DEBUG    [rank 0] Removed optimizer state for older kept     dit_trainer.py:1444
         checkpoint:                                                            
         /hppfs/scratch/0D/go76fuz2/windinet/outputs/shockwa                    
         ve_dit_ch6_loss_rmse_h1/checkpoints/model_weights_s                    
         tep_04440.state.pt                                                     
[epoch 38] step=4560 train_loss=0.168623
[train] step=4561 loss=0.191838 lr=3.915e-06
[train] step=4562 loss=0.193227 lr=3.913e-06
[train] step=4563 loss=0.161499 lr=3.912e-06
[train] step=4564 loss=0.182811 lr=3.910e-06
[train] step=4565 loss=0.295811 lr=3.908e-06
[train] step=4566 loss=0.252936 lr=3.906e-06
[train] step=4567 loss=0.101550 lr=3.904e-06
[train] step=4568 loss=0.171637 lr=3.902e-06
[train] step=4569 loss=0.135422 lr=3.900e-06
[train] step=4570 loss=0.189111 lr=3.898e-06
[train] step=4571 loss=0.168098 lr=3.896e-06
[train] step=4572 loss=0.162772 lr=3.894e-06
[train] step=4573 loss=0.219912 lr=3.892e-06
[train] step=4574 loss=0.132014 lr=3.891e-06
[train] step=4575 loss=0.178778 lr=3.889e-06
[train] step=4576 loss=0.177795 lr=3.887e-06
[train] step=4577 loss=0.125454 lr=3.885e-06
[train] step=4578 loss=0.112649 lr=3.883e-06
[train] step=4579 loss=0.178014 lr=3.881e-06
[train] step=4580 loss=0.109919 lr=3.879e-06
[train] step=4581 loss=0.111571 lr=3.877e-06
[train] step=4582 loss=0.164232 lr=3.875e-06
[train] step=4583 loss=0.168358 lr=3.873e-06
[train] step=4584 loss=0.163301 lr=3.871e-06
[train] step=4585 loss=0.128373 lr=3.869e-06
[train] step=4586 loss=0.109750 lr=3.868e-06
[train] step=4587 loss=0.202697 lr=3.866e-06
[train] step=4588 loss=0.122507 lr=3.864e-06
[train] step=4589 loss=0.195149 lr=3.862e-06
[train] step=4590 loss=0.124542 lr=3.860e-06
[train] step=4591 loss=0.146545 lr=3.858e-06
[train] step=4592 loss=0.125965 lr=3.856e-06
[train] step=4593 loss=0.177946 lr=3.854e-06
[train] step=4594 loss=0.126455 lr=3.852e-06
[train] step=4595 loss=0.151530 lr=3.850e-06
[train] step=4596 loss=0.144413 lr=3.848e-06
[train] step=4597 loss=0.150174 lr=3.847e-06
[train] step=4598 loss=0.230486 lr=3.845e-06
[train] step=4599 loss=0.160212 lr=3.843e-06
[train] step=4600 loss=0.219944 lr=3.841e-06
[train] step=4601 loss=0.215957 lr=3.839e-06
[train] step=4602 loss=0.299690 lr=3.837e-06
[train] step=4603 loss=0.139165 lr=3.835e-06
[train] step=4604 loss=0.182770 lr=3.833e-06
[train] step=4605 loss=0.209051 lr=3.831e-06
[train] step=4606 loss=0.188291 lr=3.829e-06
[train] step=4607 loss=0.185624 lr=3.827e-06
[train] step=4608 loss=0.101490 lr=3.826e-06
[train] step=4609 loss=0.077718 lr=3.824e-06
[train] step=4610 loss=0.178873 lr=3.822e-06
[train] step=4611 loss=0.145159 lr=3.820e-06
[train] step=4612 loss=0.224639 lr=3.818e-06
[train] step=4613 loss=0.189143 lr=3.816e-06
[train] step=4614 loss=0.203004 lr=3.814e-06
[train] step=4615 loss=0.191452 lr=3.812e-06
[train] step=4616 loss=0.238584 lr=3.810e-06
[train] step=4617 loss=0.234004 lr=3.808e-06
[train] step=4618 loss=0.162253 lr=3.807e-06
[train] step=4619 loss=0.183443 lr=3.805e-06
[train] step=4620 loss=0.136367 lr=3.803e-06
[train] step=4621 loss=0.184565 lr=3.801e-06
[train] step=4622 loss=0.212268 lr=3.799e-06
[train] step=4623 loss=0.278429 lr=3.797e-06
[train] step=4624 loss=0.216907 lr=3.795e-06
[train] step=4625 loss=0.197392 lr=3.793e-06
[train] step=4626 loss=0.281461 lr=3.791e-06
[train] step=4627 loss=0.208244 lr=3.789e-06
[train] step=4628 loss=0.203934 lr=3.788e-06
[train] step=4629 loss=0.118630 lr=3.786e-06
[train] step=4630 loss=0.117126 lr=3.784e-06
[train] step=4631 loss=0.282419 lr=3.782e-06
[train] step=4632 loss=0.188295 lr=3.780e-06
[train] step=4633 loss=0.137682 lr=3.778e-06
[train] step=4634 loss=0.159310 lr=3.776e-06
[train] step=4635 loss=0.078878 lr=3.774e-06
[train] step=4636 loss=0.278380 lr=3.772e-06
[train] step=4637 loss=0.137890 lr=3.770e-06
[train] step=4638 loss=0.138398 lr=3.768e-06
[train] step=4639 loss=0.248909 lr=3.767e-06
[train] step=4640 loss=0.077309 lr=3.765e-06
[train] step=4641 loss=0.131952 lr=3.763e-06
[train] step=4642 loss=0.224154 lr=3.761e-06
[train] step=4643 loss=0.145115 lr=3.759e-06
[train] step=4644 loss=0.153370 lr=3.757e-06
[train] step=4645 loss=0.227048 lr=3.755e-06
[train] step=4646 loss=0.199603 lr=3.753e-06
[train] step=4647 loss=0.158949 lr=3.751e-06
[train] step=4648 loss=0.151351 lr=3.749e-06
[train] step=4649 loss=0.131349 lr=3.748e-06
[train] step=4650 loss=0.074908 lr=3.746e-06
[train] step=4651 loss=0.140297 lr=3.744e-06
[train] step=4652 loss=0.127190 lr=3.742e-06
[train] step=4653 loss=0.185823 lr=3.740e-06
[train] step=4654 loss=0.102000 lr=3.738e-06
[train] step=4655 loss=0.129563 lr=3.736e-06
[train] step=4656 loss=0.085091 lr=3.734e-06
[train] step=4657 loss=0.170701 lr=3.732e-06
[train] step=4658 loss=0.144306 lr=3.731e-06
[train] step=4659 loss=0.218801 lr=3.729e-06
[train] step=4660 loss=0.115867 lr=3.727e-06
[train] step=4661 loss=0.162586 lr=3.725e-06
[train] step=4662 loss=0.134898 lr=3.723e-06
[train] step=4663 loss=0.339224 lr=3.721e-06
[train] step=4664 loss=0.177954 lr=3.719e-06
[train] step=4665 loss=0.064809 lr=3.717e-06
[train] step=4666 loss=0.123057 lr=3.715e-06
[train] step=4667 loss=0.110499 lr=3.713e-06
[train] step=4668 loss=0.156958 lr=3.712e-06
[train] step=4669 loss=0.122271 lr=3.710e-06
[train] step=4670 loss=0.189581 lr=3.708e-06
[train] step=4671 loss=0.213051 lr=3.706e-06
[train] step=4672 loss=0.150418 lr=3.704e-06
[train] step=4673 loss=0.134203 lr=3.702e-06
[train] step=4674 loss=0.198205 lr=3.700e-06
[train] step=4675 loss=0.146273 lr=3.698e-06
[train] step=4676 loss=0.142365 lr=3.696e-06
[train] step=4677 loss=0.124025 lr=3.695e-06
[train] step=4678 loss=0.172786 lr=3.693e-06
[train] step=4679 loss=0.141296 lr=3.691e-06
[train] step=4680 loss=0.102782 lr=3.689e-06
INFO     [rank 0] Model weights for step 4680 saved in       dit_trainer.py:1288
         checkpoints/model_weights_step_04680.safetensors                       
INFO     [rank 0] Scalar embedding weights for step 4680     dit_trainer.py:1297
         saved                                                                  
INFO     [rank 0] Training state saved:                      dit_trainer.py:1416
         checkpoints/model_weights_step_04680.state.pt                          
DEBUG    [rank 0] Removed old checkpoint:                    dit_trainer.py:1429
         /hppfs/scratch/0D/go76fuz2/windinet/outputs/shockwa                    
         ve_dit_ch6_loss_rmse_h1/checkpoints/model_weights_s                    
         tep_04440.safetensors                                                  
DEBUG    [rank 0] Removed old checkpoint:                    dit_trainer.py:1429
         /hppfs/scratch/0D/go76fuz2/windinet/outputs/shockwa                    
         ve_dit_ch6_loss_rmse_h1/checkpoints/scalar_embeddin                    
         g_step_04440.safetensors                                               
DEBUG    [rank 0] Removed optimizer state for older kept     dit_trainer.py:1444
         checkpoint:                                                            
         /hppfs/scratch/0D/go76fuz2/windinet/outputs/shockwa                    
         ve_dit_ch6_loss_rmse_h1/checkpoints/model_weights_s                    
         tep_04560.state.pt                                                     
[epoch 39] step=4680 train_loss=0.168778
[train] step=4681 loss=0.142958 lr=3.687e-06
[train] step=4682 loss=0.118418 lr=3.685e-06
[train] step=4683 loss=0.175580 lr=3.683e-06
[train] step=4684 loss=0.295449 lr=3.681e-06
[train] step=4685 loss=0.236797 lr=3.679e-06
[train] step=4686 loss=0.139320 lr=3.677e-06
[train] step=4687 loss=0.143128 lr=3.676e-06
[train] step=4688 loss=0.416493 lr=3.674e-06
[train] step=4689 loss=0.126115 lr=3.672e-06
[train] step=4690 loss=0.203499 lr=3.670e-06
[train] step=4691 loss=0.092531 lr=3.668e-06
[train] step=4692 loss=0.135921 lr=3.666e-06
[train] step=4693 loss=0.147933 lr=3.664e-06
[train] step=4694 loss=0.142542 lr=3.662e-06
[train] step=4695 loss=0.148134 lr=3.660e-06
[train] step=4696 loss=0.196214 lr=3.659e-06
[train] step=4697 loss=0.164348 lr=3.657e-06
[train] step=4698 loss=0.129342 lr=3.655e-06
[train] step=4699 loss=0.090096 lr=3.653e-06
[train] step=4700 loss=0.178202 lr=3.651e-06
[train] step=4701 loss=0.140419 lr=3.649e-06
[train] step=4702 loss=0.086239 lr=3.647e-06
[train] step=4703 loss=0.137194 lr=3.645e-06
[train] step=4704 loss=0.160706 lr=3.643e-06
[train] step=4705 loss=0.179670 lr=3.642e-06
[train] step=4706 loss=0.120281 lr=3.640e-06
[train] step=4707 loss=0.165857 lr=3.638e-06
[train] step=4708 loss=0.122291 lr=3.636e-06
[train] step=4709 loss=0.205159 lr=3.634e-06
[train] step=4710 loss=0.276278 lr=3.632e-06
[train] step=4711 loss=0.163538 lr=3.630e-06
[train] step=4712 loss=0.223079 lr=3.628e-06
[train] step=4713 loss=0.194554 lr=3.627e-06
[train] step=4714 loss=0.107432 lr=3.625e-06
[train] step=4715 loss=0.224413 lr=3.623e-06
[train] step=4716 loss=0.113203 lr=3.621e-06
[train] step=4717 loss=0.190645 lr=3.619e-06
[train] step=4718 loss=0.189763 lr=3.617e-06
[train] step=4719 loss=0.147923 lr=3.615e-06
[train] step=4720 loss=0.167700 lr=3.613e-06
[train] step=4721 loss=0.096140 lr=3.611e-06
[train] step=4722 loss=0.086547 lr=3.610e-06
[train] step=4723 loss=0.107585 lr=3.608e-06
[train] step=4724 loss=0.167064 lr=3.606e-06
[train] step=4725 loss=0.139589 lr=3.604e-06
[train] step=4726 loss=0.156158 lr=3.602e-06
[train] step=4727 loss=0.175603 lr=3.600e-06
[train] step=4728 loss=0.138891 lr=3.598e-06
[train] step=4729 loss=0.144962 lr=3.596e-06
[train] step=4730 loss=0.149704 lr=3.594e-06
[train] step=4731 loss=0.151332 lr=3.593e-06
[train] step=4732 loss=0.120122 lr=3.591e-06
[train] step=4733 loss=0.152446 lr=3.589e-06
[train] step=4734 loss=0.156770 lr=3.587e-06
[train] step=4735 loss=0.170488 lr=3.585e-06
[train] step=4736 loss=0.120911 lr=3.583e-06
[train] step=4737 loss=0.182084 lr=3.581e-06
[train] step=4738 loss=0.446449 lr=3.579e-06
[train] step=4739 loss=0.177029 lr=3.578e-06
[train] step=4740 loss=0.185854 lr=3.576e-06
[train] step=4741 loss=0.141595 lr=3.574e-06
[train] step=4742 loss=0.114783 lr=3.572e-06
[train] step=4743 loss=0.174914 lr=3.570e-06
[train] step=4744 loss=0.139565 lr=3.568e-06
[train] step=4745 loss=0.152066 lr=3.566e-06
[train] step=4746 loss=0.168853 lr=3.564e-06
[train] step=4747 loss=0.145342 lr=3.563e-06
[train] step=4748 loss=0.059152 lr=3.561e-06
[train] step=4749 loss=0.353317 lr=3.559e-06
[train] step=4750 loss=0.319204 lr=3.557e-06
[train] step=4751 loss=0.194227 lr=3.555e-06
[train] step=4752 loss=0.157202 lr=3.553e-06
[train] step=4753 loss=0.166276 lr=3.551e-06
[train] step=4754 loss=0.150871 lr=3.549e-06
[train] step=4755 loss=0.124652 lr=3.548e-06
[train] step=4756 loss=0.124088 lr=3.546e-06
[train] step=4757 loss=0.176893 lr=3.544e-06
[train] step=4758 loss=0.115825 lr=3.542e-06
[train] step=4759 loss=0.110283 lr=3.540e-06
[train] step=4760 loss=0.130476 lr=3.538e-06
[train] step=4761 loss=0.096269 lr=3.536e-06
[train] step=4762 loss=0.157294 lr=3.534e-06
[train] step=4763 loss=0.104198 lr=3.533e-06
[train] step=4764 loss=0.184294 lr=3.531e-06
[train] step=4765 loss=0.150006 lr=3.529e-06
[train] step=4766 loss=0.185600 lr=3.527e-06
[train] step=4767 loss=0.142993 lr=3.525e-06
[train] step=4768 loss=0.162546 lr=3.523e-06
[train] step=4769 loss=0.177188 lr=3.521e-06
[train] step=4770 loss=0.145993 lr=3.519e-06
[train] step=4771 loss=0.197911 lr=3.518e-06
[train] step=4772 loss=0.125669 lr=3.516e-06
[train] step=4773 loss=0.157249 lr=3.514e-06
[train] step=4774 loss=0.123582 lr=3.512e-06
[train] step=4775 loss=0.123335 lr=3.510e-06
[train] step=4776 loss=0.166434 lr=3.508e-06
[train] step=4777 loss=0.189525 lr=3.506e-06
[train] step=4778 loss=0.157255 lr=3.504e-06
[train] step=4779 loss=0.165871 lr=3.503e-06
[train] step=4780 loss=0.158902 lr=3.501e-06
[train] step=4781 loss=0.156321 lr=3.499e-06
[train] step=4782 loss=0.159266 lr=3.497e-06
[train] step=4783 loss=0.402222 lr=3.495e-06
[train] step=4784 loss=0.163843 lr=3.493e-06
[train] step=4785 loss=0.207868 lr=3.491e-06
[train] step=4786 loss=0.528413 lr=3.489e-06
[train] step=4787 loss=0.125908 lr=3.488e-06
[train] step=4788 loss=0.153504 lr=3.486e-06
[train] step=4789 loss=0.173227 lr=3.484e-06
[train] step=4790 loss=0.130328 lr=3.482e-06
[train] step=4791 loss=0.110820 lr=3.480e-06
[train] step=4792 loss=0.130714 lr=3.478e-06
[train] step=4793 loss=0.181593 lr=3.476e-06
[train] step=4794 loss=0.143618 lr=3.475e-06
[train] step=4795 loss=0.137128 lr=3.473e-06
[train] step=4796 loss=0.118021 lr=3.471e-06
[train] step=4797 loss=0.230037 lr=3.469e-06
[train] step=4798 loss=0.168805 lr=3.467e-06
[train] step=4799 loss=0.232126 lr=3.465e-06
[train] step=4800 loss=0.178756 lr=3.463e-06
[val] step=4800 val_loss=0.166846
INFO     [rank 0] Model weights for step 4800 saved in       dit_trainer.py:1288
         checkpoints/model_weights_step_04800.safetensors                       
INFO     [rank 0] Scalar embedding weights for step 4800     dit_trainer.py:1297
         saved                                                                  
INFO     [rank 0] Training state saved:                      dit_trainer.py:1416
         checkpoints/model_weights_step_04800.state.pt                          
INFO     [rank 0] New best checkpoint (step 4800,            dit_trainer.py:1320
         val_loss=0.166846):                                                    
         checkpoints/model_weights_best.safetensors                             
DEBUG    [rank 0] Removed old checkpoint:                    dit_trainer.py:1429
         /hppfs/scratch/0D/go76fuz2/windinet/outputs/shockwa                    
         ve_dit_ch6_loss_rmse_h1/checkpoints/model_weights_s                    
         tep_04560.safetensors                                                  
DEBUG    [rank 0] Removed old checkpoint:                    dit_trainer.py:1429
         /hppfs/scratch/0D/go76fuz2/windinet/outputs/shockwa                    
         ve_dit_ch6_loss_rmse_h1/checkpoints/scalar_embeddin                    
         g_step_04560.safetensors                                               
DEBUG    [rank 0] Removed optimizer state for older kept     dit_trainer.py:1444
         checkpoint:                                                            
         /hppfs/scratch/0D/go76fuz2/windinet/outputs/shockwa                    
         ve_dit_ch6_loss_rmse_h1/checkpoints/model_weights_s                    
         tep_04680.state.pt                                                     
[epoch 40] step=4800 train_loss=0.166778 val_loss=0.166846
[train] step=4801 loss=0.117241 lr=3.461e-06
[train] step=4802 loss=0.170658 lr=3.460e-06
[train] step=4803 loss=0.135621 lr=3.458e-06
[train] step=4804 loss=0.168810 lr=3.456e-06
[train] step=4805 loss=0.126413 lr=3.454e-06
[train] step=4806 loss=0.125360 lr=3.452e-06
[train] step=4807 loss=0.146031 lr=3.450e-06
[train] step=4808 loss=0.216529 lr=3.448e-06
[train] step=4809 loss=0.192012 lr=3.447e-06
[train] step=4810 loss=0.141514 lr=3.445e-06
[train] step=4811 loss=0.124472 lr=3.443e-06
[train] step=4812 loss=0.173127 lr=3.441e-06
[train] step=4813 loss=0.191144 lr=3.439e-06
[train] step=4814 loss=0.162698 lr=3.437e-06
[train] step=4815 loss=0.126648 lr=3.435e-06
[train] step=4816 loss=0.090565 lr=3.434e-06
[train] step=4817 loss=0.168371 lr=3.432e-06
[train] step=4818 loss=0.176270 lr=3.430e-06
[train] step=4819 loss=0.129689 lr=3.428e-06
[train] step=4820 loss=0.209777 lr=3.426e-06
[train] step=4821 loss=0.253146 lr=3.424e-06
[train] step=4822 loss=0.124027 lr=3.422e-06
[train] step=4823 loss=0.247278 lr=3.420e-06
[train] step=4824 loss=0.174064 lr=3.419e-06
[train] step=4825 loss=0.149204 lr=3.417e-06
[train] step=4826 loss=0.118056 lr=3.415e-06
[train] step=4827 loss=0.099331 lr=3.413e-06
[train] step=4828 loss=0.126211 lr=3.411e-06
[train] step=4829 loss=0.116581 lr=3.409e-06
[train] step=4830 loss=0.135446 lr=3.407e-06
[train] step=4831 loss=0.111602 lr=3.406e-06
[train] step=4832 loss=0.101784 lr=3.404e-06
[train] step=4833 loss=0.159539 lr=3.402e-06
[train] step=4834 loss=0.219804 lr=3.400e-06
[train] step=4835 loss=0.122318 lr=3.398e-06
[train] step=4836 loss=0.130908 lr=3.396e-06
[train] step=4837 loss=0.125408 lr=3.394e-06
[train] step=4838 loss=0.184628 lr=3.393e-06
[train] step=4839 loss=0.176524 lr=3.391e-06
[train] step=4840 loss=0.150608 lr=3.389e-06
[train] step=4841 loss=0.168636 lr=3.387e-06
[train] step=4842 loss=0.151620 lr=3.385e-06
[train] step=4843 loss=0.207478 lr=3.383e-06
[train] step=4844 loss=0.188699 lr=3.381e-06
[train] step=4845 loss=0.138694 lr=3.380e-06
[train] step=4846 loss=0.126853 lr=3.378e-06
[train] step=4847 loss=0.176631 lr=3.376e-06
[train] step=4848 loss=0.257437 lr=3.374e-06
[train] step=4849 loss=0.283197 lr=3.372e-06
[train] step=4850 loss=0.153441 lr=3.370e-06
[train] step=4851 loss=0.135698 lr=3.368e-06
[train] step=4852 loss=0.161938 lr=3.367e-06
[train] step=4853 loss=0.221191 lr=3.365e-06
[train] step=4854 loss=0.133591 lr=3.363e-06
[train] step=4855 loss=0.190121 lr=3.361e-06
[train] step=4856 loss=0.105460 lr=3.359e-06
[train] step=4857 loss=0.142593 lr=3.357e-06
[train] step=4858 loss=0.169790 lr=3.356e-06
[train] step=4859 loss=0.405911 lr=3.354e-06
[train] step=4860 loss=0.215369 lr=3.352e-06
[train] step=4861 loss=0.168167 lr=3.350e-06
[train] step=4862 loss=0.229941 lr=3.348e-06
[train] step=4863 loss=0.210972 lr=3.346e-06
[train] step=4864 loss=0.153752 lr=3.344e-06
[train] step=4865 loss=0.137105 lr=3.343e-06
[train] step=4866 loss=0.209332 lr=3.341e-06
[train] step=4867 loss=0.115788 lr=3.339e-06
[train] step=4868 loss=0.269747 lr=3.337e-06
[train] step=4869 loss=0.120174 lr=3.335e-06
[train] step=4870 loss=0.166570 lr=3.333e-06
[train] step=4871 loss=0.283882 lr=3.331e-06
[train] step=4872 loss=0.143139 lr=3.330e-06
[train] step=4873 loss=0.156750 lr=3.328e-06
[train] step=4874 loss=0.138000 lr=3.326e-06
[train] step=4875 loss=0.177838 lr=3.324e-06
[train] step=4876 loss=0.262611 lr=3.322e-06
[train] step=4877 loss=0.216510 lr=3.320e-06
[train] step=4878 loss=0.161307 lr=3.319e-06
[train] step=4879 loss=0.130812 lr=3.317e-06
[train] step=4880 loss=0.156129 lr=3.315e-06
[train] step=4881 loss=0.086962 lr=3.313e-06
[train] step=4882 loss=0.150463 lr=3.311e-06
[train] step=4883 loss=0.176505 lr=3.309e-06
[train] step=4884 loss=0.191571 lr=3.307e-06
[train] step=4885 loss=0.118985 lr=3.306e-06
[train] step=4886 loss=0.137675 lr=3.304e-06
[train] step=4887 loss=0.173613 lr=3.302e-06
[train] step=4888 loss=0.150747 lr=3.300e-06
[train] step=4889 loss=0.187193 lr=3.298e-06
[train] step=4890 loss=0.154507 lr=3.296e-06
[train] step=4891 loss=0.110426 lr=3.295e-06
[train] step=4892 loss=0.146829 lr=3.293e-06
[train] step=4893 loss=0.137097 lr=3.291e-06
[train] step=4894 loss=0.173582 lr=3.289e-06
[train] step=4895 loss=0.080181 lr=3.287e-06
[train] step=4896 loss=0.256559 lr=3.285e-06
[train] step=4897 loss=0.178614 lr=3.284e-06
[train] step=4898 loss=0.185730 lr=3.282e-06
[train] step=4899 loss=0.152811 lr=3.280e-06
[train] step=4900 loss=0.205704 lr=3.278e-06
[train] step=4901 loss=0.143961 lr=3.276e-06
[train] step=4902 loss=0.165091 lr=3.274e-06
[train] step=4903 loss=0.170045 lr=3.272e-06
[train] step=4904 loss=0.214010 lr=3.271e-06
[train] step=4905 loss=0.152015 lr=3.269e-06
[train] step=4906 loss=0.245745 lr=3.267e-06
[train] step=4907 loss=0.214093 lr=3.265e-06
[train] step=4908 loss=0.167027 lr=3.263e-06
[train] step=4909 loss=0.225765 lr=3.261e-06
[train] step=4910 loss=0.134465 lr=3.260e-06
[train] step=4911 loss=0.200528 lr=3.258e-06
[train] step=4912 loss=0.428511 lr=3.256e-06
[train] step=4913 loss=0.207187 lr=3.254e-06
[train] step=4914 loss=0.174490 lr=3.252e-06
[train] step=4915 loss=0.144455 lr=3.250e-06
[train] step=4916 loss=0.175036 lr=3.249e-06
[train] step=4917 loss=0.160183 lr=3.247e-06
[train] step=4918 loss=0.203512 lr=3.245e-06
[train] step=4919 loss=0.150265 lr=3.243e-06
[train] step=4920 loss=0.224600 lr=3.241e-06
INFO     [rank 0] Model weights for step 4920 saved in       dit_trainer.py:1288
         checkpoints/model_weights_step_04920.safetensors                       
INFO     [rank 0] Scalar embedding weights for step 4920     dit_trainer.py:1297
         saved                                                                  
INFO     [rank 0] Training state saved:                      dit_trainer.py:1416
         checkpoints/model_weights_step_04920.state.pt                          
DEBUG    [rank 0] Removed old checkpoint:                    dit_trainer.py:1429
         /hppfs/scratch/0D/go76fuz2/windinet/outputs/shockwa                    
         ve_dit_ch6_loss_rmse_h1/checkpoints/model_weights_s                    
         tep_04680.safetensors                                                  
DEBUG    [rank 0] Removed old checkpoint:                    dit_trainer.py:1429
         /hppfs/scratch/0D/go76fuz2/windinet/outputs/shockwa                    
         ve_dit_ch6_loss_rmse_h1/checkpoints/scalar_embeddin                    
         g_step_04680.safetensors                                               
DEBUG    [rank 0] Removed optimizer state for older kept     dit_trainer.py:1444
         checkpoint:                                                            
         /hppfs/scratch/0D/go76fuz2/windinet/outputs/shockwa                    
         ve_dit_ch6_loss_rmse_h1/checkpoints/model_weights_s                    
         tep_04800.state.pt                                                     
[epoch 41] step=4920 train_loss=0.170610
[train] step=4921 loss=0.206935 lr=3.239e-06
[train] step=4922 loss=0.134849 lr=3.238e-06
[train] step=4923 loss=0.089739 lr=3.236e-06
[train] step=4924 loss=0.176415 lr=3.234e-06
[train] step=4925 loss=0.153733 lr=3.232e-06
[train] step=4926 loss=0.097670 lr=3.230e-06
[train] step=4927 loss=0.135166 lr=3.228e-06
[train] step=4928 loss=0.196321 lr=3.227e-06
[train] step=4929 loss=0.189155 lr=3.225e-06
[train] step=4930 loss=0.104617 lr=3.223e-06
[train] step=4931 loss=0.137968 lr=3.221e-06
[train] step=4932 loss=0.139928 lr=3.219e-06
[train] step=4933 loss=0.109390 lr=3.217e-06
[train] step=4934 loss=0.075783 lr=3.216e-06
[train] step=4935 loss=0.147234 lr=3.214e-06
[train] step=4936 loss=0.237089 lr=3.212e-06
[train] step=4937 loss=0.181447 lr=3.210e-06
[train] step=4938 loss=0.161689 lr=3.208e-06
[train] step=4939 loss=0.179535 lr=3.206e-06
[train] step=4940 loss=0.142875 lr=3.205e-06
[train] step=4941 loss=0.068528 lr=3.203e-06
[train] step=4942 loss=0.113218 lr=3.201e-06
[train] step=4943 loss=0.224525 lr=3.199e-06
[train] step=4944 loss=0.209738 lr=3.197e-06
[train] step=4945 loss=0.129182 lr=3.195e-06
[train] step=4946 loss=0.141123 lr=3.194e-06
[train] step=4947 loss=0.181911 lr=3.192e-06
[train] step=4948 loss=0.080274 lr=3.190e-06
[train] step=4949 loss=0.165031 lr=3.188e-06
[train] step=4950 loss=0.171191 lr=3.186e-06
[train] step=4951 loss=0.167895 lr=3.184e-06
[train] step=4952 loss=0.093760 lr=3.183e-06
[train] step=4953 loss=0.205688 lr=3.181e-06
[train] step=4954 loss=0.197528 lr=3.179e-06
[train] step=4955 loss=0.084176 lr=3.177e-06
[train] step=4956 loss=0.158924 lr=3.175e-06
[train] step=4957 loss=0.123325 lr=3.174e-06
[train] step=4958 loss=0.181570 lr=3.172e-06
[train] step=4959 loss=0.151775 lr=3.170e-06
[train] step=4960 loss=0.153765 lr=3.168e-06
[train] step=4961 loss=0.133322 lr=3.166e-06
[train] step=4962 loss=0.231674 lr=3.164e-06
[train] step=4963 loss=0.165138 lr=3.163e-06
[train] step=4964 loss=0.145516 lr=3.161e-06
[train] step=4965 loss=0.089602 lr=3.159e-06
[train] step=4966 loss=0.147709 lr=3.157e-06
[train] step=4967 loss=0.273577 lr=3.155e-06
[train] step=4968 loss=0.103016 lr=3.153e-06
[train] step=4969 loss=0.097613 lr=3.152e-06
[train] step=4970 loss=0.195056 lr=3.150e-06
[train] step=4971 loss=0.166160 lr=3.148e-06
[train] step=4972 loss=0.149112 lr=3.146e-06
[train] step=4973 loss=0.153253 lr=3.144e-06
[train] step=4974 loss=0.203426 lr=3.143e-06
[train] step=4975 loss=0.164757 lr=3.141e-06
[train] step=4976 loss=0.148140 lr=3.139e-06
[train] step=4977 loss=0.144578 lr=3.137e-06
[train] step=4978 loss=0.117161 lr=3.135e-06
[train] step=4979 loss=0.076076 lr=3.133e-06
[train] step=4980 loss=0.167479 lr=3.132e-06
[train] step=4981 loss=0.107625 lr=3.130e-06
[train] step=4982 loss=0.158878 lr=3.128e-06
[train] step=4983 loss=0.163522 lr=3.126e-06
[train] step=4984 loss=0.166305 lr=3.124e-06
[train] step=4985 loss=0.146161 lr=3.123e-06
[train] step=4986 loss=0.095493 lr=3.121e-06
[train] step=4987 loss=0.096172 lr=3.119e-06
[train] step=4988 loss=0.195181 lr=3.117e-06
[train] step=4989 loss=0.231274 lr=3.115e-06
[train] step=4990 loss=0.087581 lr=3.113e-06
[train] step=4991 loss=0.194527 lr=3.112e-06
[train] step=4992 loss=0.166098 lr=3.110e-06
[train] step=4993 loss=0.155067 lr=3.108e-06
[train] step=4994 loss=0.114470 lr=3.106e-06
[train] step=4995 loss=0.146006 lr=3.104e-06
[train] step=4996 loss=0.216287 lr=3.103e-06
[train] step=4997 loss=0.187173 lr=3.101e-06
[train] step=4998 loss=0.153859 lr=3.099e-06
[train] step=4999 loss=0.120267 lr=3.097e-06
[train] step=5000 loss=0.144151 lr=3.095e-06
[train] step=5001 loss=0.202751 lr=3.093e-06
[train] step=5002 loss=0.281148 lr=3.092e-06
[train] step=5003 loss=0.237719 lr=3.090e-06
[train] step=5004 loss=0.195436 lr=3.088e-06
[train] step=5005 loss=0.097038 lr=3.086e-06
[train] step=5006 loss=0.133861 lr=3.084e-06
[train] step=5007 loss=0.169747 lr=3.083e-06
[train] step=5008 loss=0.181072 lr=3.081e-06
[train] step=5009 loss=0.095672 lr=3.079e-06
[train] step=5010 loss=0.089621 lr=3.077e-06
[train] step=5011 loss=0.219772 lr=3.075e-06
[train] step=5012 loss=0.114892 lr=3.074e-06
[train] step=5013 loss=0.127895 lr=3.072e-06
[train] step=5014 loss=0.098329 lr=3.070e-06
[train] step=5015 loss=0.182696 lr=3.068e-06
[train] step=5016 loss=0.183054 lr=3.066e-06
[train] step=5017 loss=0.150800 lr=3.065e-06
[train] step=5018 loss=0.194570 lr=3.063e-06
[train] step=5019 loss=0.168806 lr=3.061e-06
[train] step=5020 loss=0.167654 lr=3.059e-06
[train] step=5021 loss=0.125116 lr=3.057e-06
[train] step=5022 loss=0.162336 lr=3.056e-06
[train] step=5023 loss=0.162446 lr=3.054e-06
[train] step=5024 loss=0.126396 lr=3.052e-06
[train] step=5025 loss=0.121186 lr=3.050e-06
[train] step=5026 loss=0.100451 lr=3.048e-06
[train] step=5027 loss=0.119924 lr=3.046e-06
[train] step=5028 loss=0.193781 lr=3.045e-06
[train] step=5029 loss=0.161543 lr=3.043e-06
[train] step=5030 loss=0.179264 lr=3.041e-06
[train] step=5031 loss=0.234027 lr=3.039e-06
[train] step=5032 loss=0.108558 lr=3.037e-06
[train] step=5033 loss=0.142742 lr=3.036e-06
[train] step=5034 loss=0.190027 lr=3.034e-06
[train] step=5035 loss=0.153837 lr=3.032e-06
[train] step=5036 loss=0.120641 lr=3.030e-06
[train] step=5037 loss=0.136688 lr=3.028e-06
[train] step=5038 loss=0.214180 lr=3.027e-06
[train] step=5039 loss=0.117624 lr=3.025e-06
[train] step=5040 loss=0.211046 lr=3.023e-06
INFO     [rank 0] Model weights for step 5040 saved in       dit_trainer.py:1288
         checkpoints/model_weights_step_05040.safetensors                       
INFO     [rank 0] Scalar embedding weights for step 5040     dit_trainer.py:1297
         saved                                                                  
INFO     [rank 0] Training state saved:                      dit_trainer.py:1416
         checkpoints/model_weights_step_05040.state.pt                          
DEBUG    [rank 0] Removed old checkpoint:                    dit_trainer.py:1429
         /hppfs/scratch/0D/go76fuz2/windinet/outputs/shockwa                    
         ve_dit_ch6_loss_rmse_h1/checkpoints/model_weights_s                    
         tep_04800.safetensors                                                  
DEBUG    [rank 0] Removed old checkpoint:                    dit_trainer.py:1429
         /hppfs/scratch/0D/go76fuz2/windinet/outputs/shockwa                    
         ve_dit_ch6_loss_rmse_h1/checkpoints/scalar_embeddin                    
         g_step_04800.safetensors                                               
DEBUG    [rank 0] Removed optimizer state for older kept     dit_trainer.py:1444
         checkpoint:                                                            
         /hppfs/scratch/0D/go76fuz2/windinet/outputs/shockwa                    
         ve_dit_ch6_loss_rmse_h1/checkpoints/model_weights_s                    
         tep_04920.state.pt                                                     
[epoch 42] step=5040 train_loss=0.154225
[train] step=5041 loss=0.170423 lr=3.021e-06
[train] step=5042 loss=0.085529 lr=3.019e-06
[train] step=5043 loss=0.175251 lr=3.018e-06
[train] step=5044 loss=0.112561 lr=3.016e-06
[train] step=5045 loss=0.107745 lr=3.014e-06
[train] step=5046 loss=0.199741 lr=3.012e-06
[train] step=5047 loss=0.135651 lr=3.010e-06
[train] step=5048 loss=0.175913 lr=3.009e-06
[train] step=5049 loss=0.226948 lr=3.007e-06
[train] step=5050 loss=0.183999 lr=3.005e-06
[train] step=5051 loss=0.102439 lr=3.003e-06
[train] step=5052 loss=0.189536 lr=3.001e-06
[train] step=5053 loss=0.115619 lr=3.000e-06
[train] step=5054 loss=0.161738 lr=2.998e-06
[train] step=5055 loss=0.126549 lr=2.996e-06
[train] step=5056 loss=0.162714 lr=2.994e-06
[train] step=5057 loss=0.198797 lr=2.992e-06
[train] step=5058 loss=0.160187 lr=2.991e-06
[train] step=5059 loss=0.160754 lr=2.989e-06
[train] step=5060 loss=0.143776 lr=2.987e-06
[train] step=5061 loss=0.145342 lr=2.985e-06
[train] step=5062 loss=0.111177 lr=2.984e-06
[train] step=5063 loss=0.236435 lr=2.982e-06
[train] step=5064 loss=0.127703 lr=2.980e-06
[train] step=5065 loss=0.159201 lr=2.978e-06
[train] step=5066 loss=0.112961 lr=2.976e-06
[train] step=5067 loss=0.173919 lr=2.975e-06
[train] step=5068 loss=0.092470 lr=2.973e-06
[train] step=5069 loss=0.153612 lr=2.971e-06
[train] step=5070 loss=0.211062 lr=2.969e-06
[train] step=5071 loss=0.214190 lr=2.967e-06
[train] step=5072 loss=0.108560 lr=2.966e-06
[train] step=5073 loss=0.112627 lr=2.964e-06
[train] step=5074 loss=0.139149 lr=2.962e-06
[train] step=5075 loss=0.178222 lr=2.960e-06
[train] step=5076 loss=0.205233 lr=2.958e-06
[train] step=5077 loss=0.086609 lr=2.957e-06
[train] step=5078 loss=0.181428 lr=2.955e-06
[train] step=5079 loss=0.126129 lr=2.953e-06
[train] step=5080 loss=0.143280 lr=2.951e-06
[train] step=5081 loss=0.201741 lr=2.949e-06
[train] step=5082 loss=0.075850 lr=2.948e-06
[train] step=5083 loss=0.245527 lr=2.946e-06
[train] step=5084 loss=0.188291 lr=2.944e-06
[train] step=5085 loss=0.096762 lr=2.942e-06
[train] step=5086 loss=0.173049 lr=2.941e-06
[train] step=5087 loss=0.220850 lr=2.939e-06
[train] step=5088 loss=0.189255 lr=2.937e-06
[train] step=5089 loss=0.223984 lr=2.935e-06
[train] step=5090 loss=0.156673 lr=2.933e-06
[train] step=5091 loss=0.168061 lr=2.932e-06
[train] step=5092 loss=0.144163 lr=2.930e-06
[train] step=5093 loss=0.120892 lr=2.928e-06
[train] step=5094 loss=0.128776 lr=2.926e-06
[train] step=5095 loss=0.152189 lr=2.924e-06
[train] step=5096 loss=0.125580 lr=2.923e-06
[train] step=5097 loss=0.184166 lr=2.921e-06
[train] step=5098 loss=0.137145 lr=2.919e-06
[train] step=5099 loss=0.095981 lr=2.917e-06
[train] step=5100 loss=0.150740 lr=2.916e-06
[train] step=5101 loss=0.208087 lr=2.914e-06
[train] step=5102 loss=0.117667 lr=2.912e-06
[train] step=5103 loss=0.180412 lr=2.910e-06
[train] step=5104 loss=0.152577 lr=2.908e-06
[train] step=5105 loss=0.114379 lr=2.907e-06
[train] step=5106 loss=0.185336 lr=2.905e-06
[train] step=5107 loss=0.180796 lr=2.903e-06
[train] step=5108 loss=0.136083 lr=2.901e-06
[train] step=5109 loss=0.129440 lr=2.900e-06
[train] step=5110 loss=0.193149 lr=2.898e-06
[train] step=5111 loss=0.164731 lr=2.896e-06
[train] step=5112 loss=0.154526 lr=2.894e-06
[train] step=5113 loss=0.121759 lr=2.892e-06
[train] step=5114 loss=0.125989 lr=2.891e-06
[train] step=5115 loss=0.107374 lr=2.889e-06
[train] step=5116 loss=0.198467 lr=2.887e-06
[train] step=5117 loss=0.244834 lr=2.885e-06
[train] step=5118 loss=0.138765 lr=2.884e-06
[train] step=5119 loss=0.171637 lr=2.882e-06
[train] step=5120 loss=0.272976 lr=2.880e-06
[train] step=5121 loss=0.115619 lr=2.878e-06
[train] step=5122 loss=0.108628 lr=2.876e-06
[train] step=5123 loss=0.254631 lr=2.875e-06
[train] step=5124 loss=0.228437 lr=2.873e-06
[train] step=5125 loss=0.185996 lr=2.871e-06
[train] step=5126 loss=0.115762 lr=2.869e-06
[train] step=5127 loss=0.132712 lr=2.868e-06
[train] step=5128 loss=0.146758 lr=2.866e-06
[train] step=5129 loss=0.128015 lr=2.864e-06
[train] step=5130 loss=0.149017 lr=2.862e-06
[train] step=5131 loss=0.169765 lr=2.861e-06
[train] step=5132 loss=0.129948 lr=2.859e-06
[train] step=5133 loss=0.302163 lr=2.857e-06
[train] step=5134 loss=0.212151 lr=2.855e-06
[train] step=5135 loss=0.110645 lr=2.853e-06
[train] step=5136 loss=0.257283 lr=2.852e-06
[train] step=5137 loss=0.117573 lr=2.850e-06
[train] step=5138 loss=0.187400 lr=2.848e-06
[train] step=5139 loss=0.195395 lr=2.846e-06
[train] step=5140 loss=0.110493 lr=2.845e-06
[train] step=5141 loss=0.504666 lr=2.843e-06
[train] step=5142 loss=0.211880 lr=2.841e-06
[train] step=5143 loss=0.149593 lr=2.839e-06
[train] step=5144 loss=0.140359 lr=2.837e-06
[train] step=5145 loss=0.179655 lr=2.836e-06
[train] step=5146 loss=0.152722 lr=2.834e-06
[train] step=5147 loss=0.051719 lr=2.832e-06
[train] step=5148 loss=0.104821 lr=2.830e-06
[train] step=5149 loss=0.134181 lr=2.829e-06
[train] step=5150 loss=0.135564 lr=2.827e-06
[train] step=5151 loss=0.150188 lr=2.825e-06
[train] step=5152 loss=0.587655 lr=2.823e-06
[train] step=5153 loss=0.224104 lr=2.822e-06
[train] step=5154 loss=0.174081 lr=2.820e-06
[train] step=5155 loss=0.343945 lr=2.818e-06
[train] step=5156 loss=0.236622 lr=2.816e-06
[train] step=5157 loss=0.207069 lr=2.815e-06
[train] step=5158 loss=0.162773 lr=2.813e-06
[train] step=5159 loss=0.057659 lr=2.811e-06
[train] step=5160 loss=0.175029 lr=2.809e-06
INFO     [rank 0] Model weights for step 5160 saved in       dit_trainer.py:1288
         checkpoints/model_weights_step_05160.safetensors                       
INFO     [rank 0] Scalar embedding weights for step 5160     dit_trainer.py:1297
         saved                                                                  
INFO     [rank 0] Training state saved:                      dit_trainer.py:1416
         checkpoints/model_weights_step_05160.state.pt                          
DEBUG    [rank 0] Removed old checkpoint:                    dit_trainer.py:1429
         /hppfs/scratch/0D/go76fuz2/windinet/outputs/shockwa                    
         ve_dit_ch6_loss_rmse_h1/checkpoints/model_weights_s                    
         tep_04920.safetensors                                                  
DEBUG    [rank 0] Removed old checkpoint:                    dit_trainer.py:1429
         /hppfs/scratch/0D/go76fuz2/windinet/outputs/shockwa                    
         ve_dit_ch6_loss_rmse_h1/checkpoints/scalar_embeddin                    
         g_step_04920.safetensors                                               
DEBUG    [rank 0] Removed optimizer state for older kept     dit_trainer.py:1444
         checkpoint:                                                            
         /hppfs/scratch/0D/go76fuz2/windinet/outputs/shockwa                    
         ve_dit_ch6_loss_rmse_h1/checkpoints/model_weights_s                    
         tep_05040.state.pt                                                     
[epoch 43] step=5160 train_loss=0.167271
[train] step=5161 loss=0.146237 lr=2.808e-06
[train] step=5162 loss=0.125584 lr=2.806e-06
[train] step=5163 loss=0.114690 lr=2.804e-06
[train] step=5164 loss=0.110732 lr=2.802e-06
[train] step=5165 loss=0.176119 lr=2.800e-06
[train] step=5166 loss=0.134958 lr=2.799e-06
[train] step=5167 loss=0.153635 lr=2.797e-06
[train] step=5168 loss=0.148770 lr=2.795e-06
[train] step=5169 loss=0.166412 lr=2.793e-06
[train] step=5170 loss=0.139449 lr=2.792e-06
[train] step=5171 loss=0.174609 lr=2.790e-06
[train] step=5172 loss=0.182438 lr=2.788e-06
[train] step=5173 loss=0.175798 lr=2.786e-06
[train] step=5174 loss=0.149679 lr=2.785e-06
[train] step=5175 loss=0.177427 lr=2.783e-06
[train] step=5176 loss=0.118026 lr=2.781e-06
[train] step=5177 loss=0.117576 lr=2.779e-06
[train] step=5178 loss=0.233293 lr=2.778e-06
[train] step=5179 loss=0.181740 lr=2.776e-06
[train] step=5180 loss=0.090839 lr=2.774e-06
[train] step=5181 loss=0.119351 lr=2.772e-06
[train] step=5182 loss=0.169013 lr=2.771e-06
[train] step=5183 loss=0.150170 lr=2.769e-06
[train] step=5184 loss=0.208649 lr=2.767e-06
[train] step=5185 loss=0.165863 lr=2.765e-06
[train] step=5186 loss=0.145430 lr=2.764e-06
[train] step=5187 loss=0.683418 lr=2.762e-06
[train] step=5188 loss=0.156745 lr=2.760e-06
[train] step=5189 loss=0.121853 lr=2.758e-06
[train] step=5190 loss=0.128953 lr=2.757e-06
[train] step=5191 loss=0.186848 lr=2.755e-06
[train] step=5192 loss=0.141088 lr=2.753e-06
[train] step=5193 loss=0.151094 lr=2.751e-06
[train] step=5194 loss=0.205076 lr=2.750e-06
[train] step=5195 loss=0.173887 lr=2.748e-06
[train] step=5196 loss=0.092128 lr=2.746e-06
[train] step=5197 loss=0.189791 lr=2.744e-06
[train] step=5198 loss=0.115993 lr=2.743e-06
[train] step=5199 loss=0.277845 lr=2.741e-06
[train] step=5200 loss=0.156445 lr=2.739e-06
[train] step=5201 loss=0.224350 lr=2.737e-06
[train] step=5202 loss=0.147334 lr=2.736e-06
[train] step=5203 loss=0.169610 lr=2.734e-06
[train] step=5204 loss=0.159439 lr=2.732e-06
[train] step=5205 loss=0.199199 lr=2.730e-06
[train] step=5206 loss=0.135969 lr=2.729e-06
[train] step=5207 loss=0.137858 lr=2.727e-06
[train] step=5208 loss=0.229821 lr=2.725e-06
[train] step=5209 loss=0.137146 lr=2.723e-06
[train] step=5210 loss=0.157672 lr=2.722e-06
[train] step=5211 loss=0.155143 lr=2.720e-06
[train] step=5212 loss=0.100422 lr=2.718e-06
[train] step=5213 loss=0.118106 lr=2.716e-06
[train] step=5214 loss=0.150750 lr=2.715e-06
[train] step=5215 loss=0.137857 lr=2.713e-06
[train] step=5216 loss=0.153811 lr=2.711e-06
[train] step=5217 loss=0.183499 lr=2.709e-06
[train] step=5218 loss=0.224855 lr=2.708e-06
[train] step=5219 loss=0.153862 lr=2.706e-06
[train] step=5220 loss=0.159517 lr=2.704e-06
[train] step=5221 loss=0.130659 lr=2.702e-06
[train] step=5222 loss=0.141289 lr=2.701e-06
[train] step=5223 loss=0.103262 lr=2.699e-06
[train] step=5224 loss=0.223635 lr=2.697e-06
[train] step=5225 loss=0.137774 lr=2.695e-06
[train] step=5226 loss=0.073320 lr=2.694e-06
[train] step=5227 loss=0.220138 lr=2.692e-06
[train] step=5228 loss=0.150561 lr=2.690e-06
[train] step=5229 loss=0.198677 lr=2.689e-06
[train] step=5230 loss=0.183204 lr=2.687e-06
[train] step=5231 loss=0.138878 lr=2.685e-06
[train] step=5232 loss=0.122261 lr=2.683e-06
[train] step=5233 loss=0.121435 lr=2.682e-06
[train] step=5234 loss=0.090320 lr=2.680e-06
[train] step=5235 loss=0.274755 lr=2.678e-06
[train] step=5236 loss=0.177066 lr=2.676e-06
[train] step=5237 loss=0.178997 lr=2.675e-06
[train] step=5238 loss=0.103519 lr=2.673e-06
[train] step=5239 loss=0.220617 lr=2.671e-06
[train] step=5240 loss=0.198205 lr=2.669e-06
[train] step=5241 loss=0.124931 lr=2.668e-06
[train] step=5242 loss=0.155898 lr=2.666e-06
[train] step=5243 loss=0.161904 lr=2.664e-06
[train] step=5244 loss=0.224144 lr=2.662e-06
[train] step=5245 loss=0.122269 lr=2.661e-06
[train] step=5246 loss=0.140318 lr=2.659e-06
[train] step=5247 loss=0.177774 lr=2.657e-06
[train] step=5248 loss=0.153446 lr=2.656e-06
[train] step=5249 loss=0.113140 lr=2.654e-06
[train] step=5250 loss=0.172839 lr=2.652e-06
[train] step=5251 loss=0.218124 lr=2.650e-06
[train] step=5252 loss=0.184846 lr=2.649e-06
[train] step=5253 loss=0.134415 lr=2.647e-06
[train] step=5254 loss=0.147525 lr=2.645e-06
[train] step=5255 loss=0.171197 lr=2.643e-06
[train] step=5256 loss=0.249874 lr=2.642e-06
[train] step=5257 loss=0.082007 lr=2.640e-06
[train] step=5258 loss=0.194489 lr=2.638e-06
[train] step=5259 loss=0.151974 lr=2.637e-06
[train] step=5260 loss=0.132971 lr=2.635e-06
[train] step=5261 loss=0.210282 lr=2.633e-06
[train] step=5262 loss=0.139784 lr=2.631e-06
[train] step=5263 loss=0.219261 lr=2.630e-06
[train] step=5264 loss=0.225305 lr=2.628e-06
[train] step=5265 loss=0.131070 lr=2.626e-06
[train] step=5266 loss=0.201002 lr=2.624e-06
[train] step=5267 loss=0.174504 lr=2.623e-06
[train] step=5268 loss=0.156016 lr=2.621e-06
[train] step=5269 loss=0.148753 lr=2.619e-06
[train] step=5270 loss=0.105567 lr=2.618e-06
[train] step=5271 loss=0.230267 lr=2.616e-06
[train] step=5272 loss=0.185239 lr=2.614e-06
[train] step=5273 loss=0.204359 lr=2.612e-06
[train] step=5274 loss=0.205125 lr=2.611e-06
[train] step=5275 loss=0.209754 lr=2.609e-06
[train] step=5276 loss=0.153026 lr=2.607e-06
[train] step=5277 loss=0.125143 lr=2.606e-06
[train] step=5278 loss=0.145466 lr=2.604e-06
[train] step=5279 loss=0.172776 lr=2.602e-06
[train] step=5280 loss=0.144889 lr=2.600e-06
INFO     [rank 0] Model weights for step 5280 saved in       dit_trainer.py:1288
         checkpoints/model_weights_step_05280.safetensors                       
INFO     [rank 0] Scalar embedding weights for step 5280     dit_trainer.py:1297
         saved                                                                  
INFO     [rank 0] Training state saved:                      dit_trainer.py:1416
         checkpoints/model_weights_step_05280.state.pt                          
DEBUG    [rank 0] Removed old checkpoint:                    dit_trainer.py:1429
         /hppfs/scratch/0D/go76fuz2/windinet/outputs/shockwa                    
         ve_dit_ch6_loss_rmse_h1/checkpoints/model_weights_s                    
         tep_05040.safetensors                                                  
DEBUG    [rank 0] Removed old checkpoint:                    dit_trainer.py:1429
         /hppfs/scratch/0D/go76fuz2/windinet/outputs/shockwa                    
         ve_dit_ch6_loss_rmse_h1/checkpoints/scalar_embeddin                    
         g_step_05040.safetensors                                               
DEBUG    [rank 0] Removed optimizer state for older kept     dit_trainer.py:1444
         checkpoint:                                                            
         /hppfs/scratch/0D/go76fuz2/windinet/outputs/shockwa                    
         ve_dit_ch6_loss_rmse_h1/checkpoints/model_weights_s                    
         tep_05160.state.pt                                                     
[epoch 44] step=5280 train_loss=0.165952
[train] step=5281 loss=0.169243 lr=2.599e-06
[train] step=5282 loss=0.119163 lr=2.597e-06
[train] step=5283 loss=0.118033 lr=2.595e-06
[train] step=5284 loss=0.107271 lr=2.593e-06
[train] step=5285 loss=0.114935 lr=2.592e-06
[train] step=5286 loss=0.271144 lr=2.590e-06
[train] step=5287 loss=0.174094 lr=2.588e-06
[train] step=5288 loss=0.164872 lr=2.587e-06
[train] step=5289 loss=0.088013 lr=2.585e-06
[train] step=5290 loss=0.231883 lr=2.583e-06
[train] step=5291 loss=0.139393 lr=2.581e-06
[train] step=5292 loss=0.214051 lr=2.580e-06
[train] step=5293 loss=0.097767 lr=2.578e-06
[train] step=5294 loss=0.205542 lr=2.576e-06
[train] step=5295 loss=0.172366 lr=2.575e-06
[train] step=5296 loss=0.191268 lr=2.573e-06
[train] step=5297 loss=0.161374 lr=2.571e-06
[train] step=5298 loss=0.143588 lr=2.569e-06
[train] step=5299 loss=0.531790 lr=2.568e-06
[train] step=5300 loss=0.137274 lr=2.566e-06
[train] step=5301 loss=0.083989 lr=2.564e-06
[train] step=5302 loss=0.254710 lr=2.563e-06
[train] step=5303 loss=0.159796 lr=2.561e-06
[train] step=5304 loss=0.125915 lr=2.559e-06
[train] step=5305 loss=0.176736 lr=2.557e-06
[train] step=5306 loss=0.147580 lr=2.556e-06
[train] step=5307 loss=0.217710 lr=2.554e-06
[train] step=5308 loss=0.147908 lr=2.552e-06
[train] step=5309 loss=0.190680 lr=2.551e-06
[train] step=5310 loss=0.141058 lr=2.549e-06
[train] step=5311 loss=0.105843 lr=2.547e-06
[train] step=5312 loss=0.180360 lr=2.546e-06
[train] step=5313 loss=0.179298 lr=2.544e-06
[train] step=5314 loss=0.127947 lr=2.542e-06
[train] step=5315 loss=0.207574 lr=2.540e-06
[train] step=5316 loss=0.090925 lr=2.539e-06
[train] step=5317 loss=0.127578 lr=2.537e-06
[train] step=5318 loss=0.144367 lr=2.535e-06
[train] step=5319 loss=0.232549 lr=2.534e-06
[train] step=5320 loss=0.150176 lr=2.532e-06
[train] step=5321 loss=0.092297 lr=2.530e-06
[train] step=5322 loss=0.197528 lr=2.528e-06
[train] step=5323 loss=0.162666 lr=2.527e-06
[train] step=5324 loss=0.139731 lr=2.525e-06
[train] step=5325 loss=0.130377 lr=2.523e-06
[train] step=5326 loss=0.191960 lr=2.522e-06
[train] step=5327 loss=0.226351 lr=2.520e-06
[train] step=5328 loss=0.168507 lr=2.518e-06
[train] step=5329 loss=0.218863 lr=2.517e-06
[train] step=5330 loss=0.222205 lr=2.515e-06
[train] step=5331 loss=0.117445 lr=2.513e-06
[train] step=5332 loss=0.164338 lr=2.511e-06
[train] step=5333 loss=0.142362 lr=2.510e-06
[train] step=5334 loss=0.240686 lr=2.508e-06
[train] step=5335 loss=0.115516 lr=2.506e-06
[train] step=5336 loss=0.121411 lr=2.505e-06
[train] step=5337 loss=0.189135 lr=2.503e-06
[train] step=5338 loss=0.251432 lr=2.501e-06
[train] step=5339 loss=0.110123 lr=2.500e-06
[train] step=5340 loss=0.194877 lr=2.498e-06
[train] step=5341 loss=0.180274 lr=2.496e-06
[train] step=5342 loss=0.197525 lr=2.494e-06
[train] step=5343 loss=0.170366 lr=2.493e-06
[train] step=5344 loss=0.151936 lr=2.491e-06
[train] step=5345 loss=0.166796 lr=2.489e-06
[train] step=5346 loss=0.224034 lr=2.488e-06
[train] step=5347 loss=0.137915 lr=2.486e-06
[train] step=5348 loss=0.133797 lr=2.484e-06
[train] step=5349 loss=0.126267 lr=2.483e-06
[train] step=5350 loss=0.095669 lr=2.481e-06
[train] step=5351 loss=0.459317 lr=2.479e-06
[train] step=5352 loss=0.104299 lr=2.478e-06
[train] step=5353 loss=0.292181 lr=2.476e-06
[train] step=5354 loss=0.128603 lr=2.474e-06
[train] step=5355 loss=0.200082 lr=2.472e-06
[train] step=5356 loss=0.073226 lr=2.471e-06
[train] step=5357 loss=0.144752 lr=2.469e-06
[train] step=5358 loss=0.100583 lr=2.467e-06
[train] step=5359 loss=0.148951 lr=2.466e-06
[train] step=5360 loss=0.135572 lr=2.464e-06
[train] step=5361 loss=0.191241 lr=2.462e-06
[train] step=5362 loss=0.073252 lr=2.461e-06
[train] step=5363 loss=0.182666 lr=2.459e-06
[train] step=5364 loss=0.116696 lr=2.457e-06
[train] step=5365 loss=0.106652 lr=2.456e-06
[train] step=5366 loss=0.261998 lr=2.454e-06
[train] step=5367 loss=0.249958 lr=2.452e-06
[train] step=5368 loss=0.122153 lr=2.451e-06
[train] step=5369 loss=0.083706 lr=2.449e-06
[train] step=5370 loss=0.202074 lr=2.447e-06
[train] step=5371 loss=0.145165 lr=2.445e-06
[train] step=5372 loss=0.188295 lr=2.444e-06
[train] step=5373 loss=0.202012 lr=2.442e-06
[train] step=5374 loss=0.215925 lr=2.440e-06
[train] step=5375 loss=0.210984 lr=2.439e-06
[train] step=5376 loss=0.071372 lr=2.437e-06
[train] step=5377 loss=0.155984 lr=2.435e-06
[train] step=5378 loss=0.150048 lr=2.434e-06
[train] step=5379 loss=0.220102 lr=2.432e-06
[train] step=5380 loss=0.183728 lr=2.430e-06
[train] step=5381 loss=0.128564 lr=2.429e-06
[train] step=5382 loss=0.143362 lr=2.427e-06
[train] step=5383 loss=0.151922 lr=2.425e-06
[train] step=5384 loss=0.204028 lr=2.424e-06
[train] step=5385 loss=0.141949 lr=2.422e-06
[train] step=5386 loss=0.160974 lr=2.420e-06
[train] step=5387 loss=0.178046 lr=2.419e-06
[train] step=5388 loss=0.128674 lr=2.417e-06
[train] step=5389 loss=0.149398 lr=2.415e-06
[train] step=5390 loss=0.087028 lr=2.414e-06
[train] step=5391 loss=0.158899 lr=2.412e-06
[train] step=5392 loss=0.249296 lr=2.410e-06
[train] step=5393 loss=0.060193 lr=2.409e-06
[train] step=5394 loss=0.198922 lr=2.407e-06
[train] step=5395 loss=0.166865 lr=2.405e-06
[train] step=5396 loss=0.091152 lr=2.403e-06
[train] step=5397 loss=0.230958 lr=2.402e-06
[train] step=5398 loss=0.100518 lr=2.400e-06
[train] step=5399 loss=0.105334 lr=2.398e-06
[train] step=5400 loss=0.161535 lr=2.397e-06
[val] step=5400 val_loss=0.165633
INFO     [rank 0] Model weights for step 5400 saved in       dit_trainer.py:1288
         checkpoints/model_weights_step_05400.safetensors                       
INFO     [rank 0] Scalar embedding weights for step 5400     dit_trainer.py:1297
         saved                                                                  
INFO     [rank 0] Training state saved:                      dit_trainer.py:1416
         checkpoints/model_weights_step_05400.state.pt                          
INFO     [rank 0] New best checkpoint (step 5400,            dit_trainer.py:1320
         val_loss=0.165633):                                                    
         checkpoints/model_weights_best.safetensors                             
DEBUG    [rank 0] Removed old checkpoint:                    dit_trainer.py:1429
         /hppfs/scratch/0D/go76fuz2/windinet/outputs/shockwa                    
         ve_dit_ch6_loss_rmse_h1/checkpoints/model_weights_s                    
         tep_05160.safetensors                                                  
DEBUG    [rank 0] Removed old checkpoint:                    dit_trainer.py:1429
         /hppfs/scratch/0D/go76fuz2/windinet/outputs/shockwa                    
         ve_dit_ch6_loss_rmse_h1/checkpoints/scalar_embeddin                    
         g_step_05160.safetensors                                               
DEBUG    [rank 0] Removed optimizer state for older kept     dit_trainer.py:1444
         checkpoint:                                                            
         /hppfs/scratch/0D/go76fuz2/windinet/outputs/shockwa                    
         ve_dit_ch6_loss_rmse_h1/checkpoints/model_weights_s                    
         tep_05280.state.pt                                                     
[epoch 45] step=5400 train_loss=0.165256 val_loss=0.165633
[train] step=5401 loss=0.127703 lr=2.395e-06
[train] step=5402 loss=0.165619 lr=2.393e-06
[train] step=5403 loss=0.154905 lr=2.392e-06
[train] step=5404 loss=0.228413 lr=2.390e-06
[train] step=5405 loss=0.090775 lr=2.388e-06
[train] step=5406 loss=0.142896 lr=2.387e-06
[train] step=5407 loss=0.277366 lr=2.385e-06
[train] step=5408 loss=0.189203 lr=2.383e-06
[train] step=5409 loss=0.182397 lr=2.382e-06
[train] step=5410 loss=0.098670 lr=2.380e-06
[train] step=5411 loss=0.222876 lr=2.378e-06
[train] step=5412 loss=0.186096 lr=2.377e-06
[train] step=5413 loss=0.124248 lr=2.375e-06
[train] step=5414 loss=0.111034 lr=2.373e-06
[train] step=5415 loss=0.135150 lr=2.372e-06
[train] step=5416 loss=0.121310 lr=2.370e-06
[train] step=5417 loss=0.100194 lr=2.368e-06
[train] step=5418 loss=0.071755 lr=2.367e-06
[train] step=5419 loss=0.176082 lr=2.365e-06
[train] step=5420 loss=0.083152 lr=2.363e-06
[train] step=5421 loss=0.174858 lr=2.362e-06
[train] step=5422 loss=0.074710 lr=2.360e-06
[train] step=5423 loss=0.128770 lr=2.358e-06
[train] step=5424 loss=0.244399 lr=2.357e-06
[train] step=5425 loss=0.120896 lr=2.355e-06
[train] step=5426 loss=0.215316 lr=2.353e-06
[train] step=5427 loss=0.108895 lr=2.352e-06
[train] step=5428 loss=0.277359 lr=2.350e-06
[train] step=5429 loss=0.317851 lr=2.348e-06
[train] step=5430 loss=0.144059 lr=2.347e-06
[train] step=5431 loss=0.087949 lr=2.345e-06
[train] step=5432 loss=0.279708 lr=2.343e-06
[train] step=5433 loss=0.172233 lr=2.342e-06
[train] step=5434 loss=0.148070 lr=2.340e-06
[train] step=5435 loss=0.208298 lr=2.338e-06
[train] step=5436 loss=0.152337 lr=2.337e-06
[train] step=5437 loss=0.053673 lr=2.335e-06
[train] step=5438 loss=0.108858 lr=2.334e-06
[train] step=5439 loss=0.238869 lr=2.332e-06
[train] step=5440 loss=0.216741 lr=2.330e-06
[train] step=5441 loss=0.085467 lr=2.329e-06
[train] step=5442 loss=0.124930 lr=2.327e-06
[train] step=5443 loss=0.122436 lr=2.325e-06
[train] step=5444 loss=0.217637 lr=2.324e-06
[train] step=5445 loss=0.117002 lr=2.322e-06
[train] step=5446 loss=0.133058 lr=2.320e-06
[train] step=5447 loss=0.154828 lr=2.319e-06
[train] step=5448 loss=0.193241 lr=2.317e-06
[train] step=5449 loss=0.098679 lr=2.315e-06
[train] step=5450 loss=0.167564 lr=2.314e-06
[train] step=5451 loss=0.119551 lr=2.312e-06
[train] step=5452 loss=0.156273 lr=2.310e-06
[train] step=5453 loss=0.123430 lr=2.309e-06
[train] step=5454 loss=0.122838 lr=2.307e-06
[train] step=5455 loss=0.202576 lr=2.305e-06
[train] step=5456 loss=0.137108 lr=2.304e-06
[train] step=5457 loss=0.132457 lr=2.302e-06
[train] step=5458 loss=0.165077 lr=2.300e-06
[train] step=5459 loss=0.133787 lr=2.299e-06
[train] step=5460 loss=0.134931 lr=2.297e-06
[train] step=5461 loss=0.142173 lr=2.296e-06
[train] step=5462 loss=0.153507 lr=2.294e-06
[train] step=5463 loss=0.140987 lr=2.292e-06
[train] step=5464 loss=0.190724 lr=2.291e-06
[train] step=5465 loss=0.187658 lr=2.289e-06
[train] step=5466 loss=0.225192 lr=2.287e-06
[train] step=5467 loss=0.428755 lr=2.286e-06
[train] step=5468 loss=0.487295 lr=2.284e-06
[train] step=5469 loss=0.144724 lr=2.282e-06
[train] step=5470 loss=0.139011 lr=2.281e-06
[train] step=5471 loss=0.189567 lr=2.279e-06
[train] step=5472 loss=0.170357 lr=2.277e-06
[train] step=5473 loss=0.191228 lr=2.276e-06
[train] step=5474 loss=0.175408 lr=2.274e-06
[train] step=5475 loss=0.162253 lr=2.272e-06
[train] step=5476 loss=0.185499 lr=2.271e-06
[train] step=5477 loss=0.113403 lr=2.269e-06
[train] step=5478 loss=0.163642 lr=2.268e-06
[train] step=5479 loss=0.177347 lr=2.266e-06
[train] step=5480 loss=0.134278 lr=2.264e-06
[train] step=5481 loss=0.176578 lr=2.263e-06
[train] step=5482 loss=0.195944 lr=2.261e-06
[train] step=5483 loss=0.173751 lr=2.259e-06
[train] step=5484 loss=0.166098 lr=2.258e-06
[train] step=5485 loss=0.141193 lr=2.256e-06
[train] step=5486 loss=0.205766 lr=2.254e-06
[train] step=5487 loss=0.397740 lr=2.253e-06
[train] step=5488 loss=0.178318 lr=2.251e-06
[train] step=5489 loss=0.171677 lr=2.250e-06
[train] step=5490 loss=0.188670 lr=2.248e-06
[train] step=5491 loss=0.136842 lr=2.246e-06
[train] step=5492 loss=0.191600 lr=2.245e-06
[train] step=5493 loss=0.224551 lr=2.243e-06
[train] step=5494 loss=0.200050 lr=2.241e-06
[train] step=5495 loss=0.138547 lr=2.240e-06
[train] step=5496 loss=0.171409 lr=2.238e-06
[train] step=5497 loss=0.147883 lr=2.236e-06
[train] step=5498 loss=0.242046 lr=2.235e-06
[train] step=5499 loss=0.180616 lr=2.233e-06
[train] step=5500 loss=0.114411 lr=2.232e-06
[train] step=5501 loss=0.237323 lr=2.230e-06
[train] step=5502 loss=0.172991 lr=2.228e-06
[train] step=5503 loss=0.341929 lr=2.227e-06
[train] step=5504 loss=0.115906 lr=2.225e-06
[train] step=5505 loss=0.604356 lr=2.223e-06
[train] step=5506 loss=0.183622 lr=2.222e-06
[train] step=5507 loss=0.116424 lr=2.220e-06
[train] step=5508 loss=0.272356 lr=2.219e-06
[train] step=5509 loss=0.111897 lr=2.217e-06
[train] step=5510 loss=0.106811 lr=2.215e-06
[train] step=5511 loss=0.210332 lr=2.214e-06
[train] step=5512 loss=0.242153 lr=2.212e-06
[train] step=5513 loss=0.187718 lr=2.210e-06
[train] step=5514 loss=0.136877 lr=2.209e-06
[train] step=5515 loss=0.174475 lr=2.207e-06
[train] step=5516 loss=0.232835 lr=2.206e-06
[train] step=5517 loss=0.206952 lr=2.204e-06
[train] step=5518 loss=0.105598 lr=2.202e-06
[train] step=5519 loss=0.323155 lr=2.201e-06
[train] step=5520 loss=0.138465 lr=2.199e-06
INFO     [rank 0] Model weights for step 5520 saved in       dit_trainer.py:1288
         checkpoints/model_weights_step_05520.safetensors                       
INFO     [rank 0] Scalar embedding weights for step 5520     dit_trainer.py:1297
         saved                                                                  
INFO     [rank 0] Training state saved:                      dit_trainer.py:1416
         checkpoints/model_weights_step_05520.state.pt                          
DEBUG    [rank 0] Removed old checkpoint:                    dit_trainer.py:1429
         /hppfs/scratch/0D/go76fuz2/windinet/outputs/shockwa                    
         ve_dit_ch6_loss_rmse_h1/checkpoints/model_weights_s                    
         tep_05280.safetensors                                                  
DEBUG    [rank 0] Removed old checkpoint:                    dit_trainer.py:1429
         /hppfs/scratch/0D/go76fuz2/windinet/outputs/shockwa                    
         ve_dit_ch6_loss_rmse_h1/checkpoints/scalar_embeddin                    
         g_step_05280.safetensors                                               
DEBUG    [rank 0] Removed optimizer state for older kept     dit_trainer.py:1444
         checkpoint:                                                            
         /hppfs/scratch/0D/go76fuz2/windinet/outputs/shockwa                    
         ve_dit_ch6_loss_rmse_h1/checkpoints/model_weights_s                    
         tep_05400.state.pt                                                     
[epoch 46] step=5520 train_loss=0.176654
[train] step=5521 loss=0.179821 lr=2.197e-06
[train] step=5522 loss=0.233741 lr=2.196e-06
[train] step=5523 loss=0.187689 lr=2.194e-06
[train] step=5524 loss=0.237165 lr=2.193e-06
[train] step=5525 loss=0.166093 lr=2.191e-06
[train] step=5526 loss=0.172999 lr=2.189e-06
[train] step=5527 loss=0.143743 lr=2.188e-06
[train] step=5528 loss=0.194071 lr=2.186e-06
[train] step=5529 loss=0.091350 lr=2.184e-06
[train] step=5530 loss=0.195360 lr=2.183e-06
[train] step=5531 loss=0.196588 lr=2.181e-06
[train] step=5532 loss=0.140681 lr=2.180e-06
[train] step=5533 loss=0.282152 lr=2.178e-06
[train] step=5534 loss=0.127763 lr=2.176e-06
[train] step=5535 loss=0.116048 lr=2.175e-06
[train] step=5536 loss=0.047879 lr=2.173e-06
[train] step=5537 loss=0.195716 lr=2.171e-06
[train] step=5538 loss=0.108606 lr=2.170e-06
[train] step=5539 loss=0.168800 lr=2.168e-06
[train] step=5540 loss=0.126040 lr=2.167e-06
[train] step=5541 loss=0.226984 lr=2.165e-06
[train] step=5542 loss=0.102610 lr=2.163e-06
[train] step=5543 loss=0.131826 lr=2.162e-06
[train] step=5544 loss=0.133203 lr=2.160e-06
[train] step=5545 loss=0.209055 lr=2.159e-06
[train] step=5546 loss=0.119565 lr=2.157e-06
[train] step=5547 loss=0.119705 lr=2.155e-06
[train] step=5548 loss=0.149747 lr=2.154e-06
[train] step=5549 loss=0.182073 lr=2.152e-06
[train] step=5550 loss=0.191448 lr=2.151e-06
[train] step=5551 loss=0.153041 lr=2.149e-06
[train] step=5552 loss=0.217611 lr=2.147e-06
[train] step=5553 loss=0.152666 lr=2.146e-06
[train] step=5554 loss=0.129214 lr=2.144e-06
[train] step=5555 loss=0.095983 lr=2.142e-06
[train] step=5556 loss=0.076729 lr=2.141e-06
[train] step=5557 loss=0.157523 lr=2.139e-06
[train] step=5558 loss=0.161533 lr=2.138e-06
[train] step=5559 loss=0.312097 lr=2.136e-06
[train] step=5560 loss=0.265920 lr=2.134e-06
[train] step=5561 loss=0.245342 lr=2.133e-06
[train] step=5562 loss=0.149561 lr=2.131e-06
[train] step=5563 loss=0.162735 lr=2.130e-06
[train] step=5564 loss=0.211809 lr=2.128e-06
[train] step=5565 loss=0.125006 lr=2.126e-06
[train] step=5566 loss=0.194603 lr=2.125e-06
[train] step=5567 loss=0.153499 lr=2.123e-06
[train] step=5568 loss=0.255568 lr=2.122e-06
[train] step=5569 loss=0.151594 lr=2.120e-06
[train] step=5570 loss=0.101102 lr=2.118e-06
[train] step=5571 loss=0.109861 lr=2.117e-06
[train] step=5572 loss=0.162132 lr=2.115e-06
[train] step=5573 loss=0.194049 lr=2.114e-06
[train] step=5574 loss=0.114860 lr=2.112e-06
[train] step=5575 loss=0.207248 lr=2.110e-06
[train] step=5576 loss=0.139335 lr=2.109e-06
[train] step=5577 loss=0.159720 lr=2.107e-06
[train] step=5578 loss=0.211139 lr=2.106e-06
[train] step=5579 loss=0.221452 lr=2.104e-06
[train] step=5580 loss=0.245500 lr=2.102e-06
[train] step=5581 loss=0.213026 lr=2.101e-06
[train] step=5582 loss=0.105995 lr=2.099e-06
[train] step=5583 loss=0.112491 lr=2.098e-06
[train] step=5584 loss=0.222855 lr=2.096e-06
[train] step=5585 loss=0.260200 lr=2.094e-06
[train] step=5586 loss=0.155826 lr=2.093e-06
[train] step=5587 loss=0.258076 lr=2.091e-06
[train] step=5588 loss=0.169753 lr=2.090e-06
[train] step=5589 loss=0.098286 lr=2.088e-06
[train] step=5590 loss=0.158117 lr=2.086e-06
[train] step=5591 loss=0.112659 lr=2.085e-06
[train] step=5592 loss=0.151178 lr=2.083e-06
[train] step=5593 loss=0.170522 lr=2.082e-06
[train] step=5594 loss=0.110745 lr=2.080e-06
[train] step=5595 loss=0.125477 lr=2.079e-06
[train] step=5596 loss=0.214542 lr=2.077e-06
[train] step=5597 loss=0.140613 lr=2.075e-06
[train] step=5598 loss=0.162464 lr=2.074e-06
[train] step=5599 loss=0.067691 lr=2.072e-06
[train] step=5600 loss=0.090559 lr=2.071e-06
[train] step=5601 loss=0.129202 lr=2.069e-06
[train] step=5602 loss=0.190296 lr=2.067e-06
[train] step=5603 loss=0.169493 lr=2.066e-06
[train] step=5604 loss=0.164663 lr=2.064e-06
[train] step=5605 loss=0.151534 lr=2.063e-06
[train] step=5606 loss=0.178401 lr=2.061e-06
[train] step=5607 loss=0.134829 lr=2.059e-06
[train] step=5608 loss=0.116181 lr=2.058e-06
[train] step=5609 loss=0.111647 lr=2.056e-06
[train] step=5610 loss=0.158268 lr=2.055e-06
[train] step=5611 loss=0.232837 lr=2.053e-06
[train] step=5612 loss=0.161628 lr=2.052e-06
[train] step=5613 loss=0.085782 lr=2.050e-06
[train] step=5614 loss=0.181050 lr=2.048e-06
[train] step=5615 loss=0.173252 lr=2.047e-06
[train] step=5616 loss=0.202854 lr=2.045e-06
[train] step=5617 loss=0.197520 lr=2.044e-06
[train] step=5618 loss=0.156540 lr=2.042e-06
[train] step=5619 loss=0.109725 lr=2.041e-06
[train] step=5620 loss=0.094487 lr=2.039e-06
[train] step=5621 loss=0.134383 lr=2.037e-06
[train] step=5622 loss=0.096661 lr=2.036e-06
[train] step=5623 loss=0.148321 lr=2.034e-06
[train] step=5624 loss=0.157161 lr=2.033e-06
[train] step=5625 loss=0.176295 lr=2.031e-06
[train] step=5626 loss=0.312889 lr=2.029e-06
[train] step=5627 loss=0.244045 lr=2.028e-06
[train] step=5628 loss=0.113317 lr=2.026e-06
[train] step=5629 loss=0.179468 lr=2.025e-06
[train] step=5630 loss=0.154977 lr=2.023e-06
[train] step=5631 loss=0.242605 lr=2.022e-06
[train] step=5632 loss=0.172592 lr=2.020e-06
[train] step=5633 loss=0.177096 lr=2.018e-06
[train] step=5634 loss=0.280233 lr=2.017e-06
[train] step=5635 loss=0.166420 lr=2.015e-06
[train] step=5636 loss=0.202524 lr=2.014e-06
[train] step=5637 loss=0.133568 lr=2.012e-06
[train] step=5638 loss=0.109394 lr=2.011e-06
[train] step=5639 loss=0.127897 lr=2.009e-06
[train] step=5640 loss=0.174293 lr=2.007e-06
INFO     [rank 0] Model weights for step 5640 saved in       dit_trainer.py:1288
         checkpoints/model_weights_step_05640.safetensors                       
INFO     [rank 0] Scalar embedding weights for step 5640     dit_trainer.py:1297
         saved                                                                  
INFO     [rank 0] Training state saved:                      dit_trainer.py:1416
         checkpoints/model_weights_step_05640.state.pt                          
DEBUG    [rank 0] Removed old checkpoint:                    dit_trainer.py:1429
         /hppfs/scratch/0D/go76fuz2/windinet/outputs/shockwa                    
         ve_dit_ch6_loss_rmse_h1/checkpoints/model_weights_s                    
         tep_05400.safetensors                                                  
DEBUG    [rank 0] Removed old checkpoint:                    dit_trainer.py:1429
         /hppfs/scratch/0D/go76fuz2/windinet/outputs/shockwa                    
         ve_dit_ch6_loss_rmse_h1/checkpoints/scalar_embeddin                    
         g_step_05400.safetensors                                               
DEBUG    [rank 0] Removed optimizer state for older kept     dit_trainer.py:1444
         checkpoint:                                                            
         /hppfs/scratch/0D/go76fuz2/windinet/outputs/shockwa                    
         ve_dit_ch6_loss_rmse_h1/checkpoints/model_weights_s                    
         tep_05520.state.pt                                                     
[epoch 47] step=5640 train_loss=0.164888
[train] step=5641 loss=0.081766 lr=2.006e-06
[train] step=5642 loss=0.089758 lr=2.004e-06
[train] step=5643 loss=0.135407 lr=2.003e-06
[train] step=5644 loss=0.124229 lr=2.001e-06
[train] step=5645 loss=0.220139 lr=2.000e-06
[train] step=5646 loss=0.114062 lr=1.998e-06
[train] step=5647 loss=0.120402 lr=1.996e-06
[train] step=5648 loss=0.118859 lr=1.995e-06
[train] step=5649 loss=0.109269 lr=1.993e-06
[train] step=5650 loss=0.124061 lr=1.992e-06
[train] step=5651 loss=0.172827 lr=1.990e-06
[train] step=5652 loss=0.125166 lr=1.989e-06
[train] step=5653 loss=0.125877 lr=1.987e-06
[train] step=5654 loss=0.157382 lr=1.986e-06
[train] step=5655 loss=0.138844 lr=1.984e-06
[train] step=5656 loss=0.148838 lr=1.982e-06
[train] step=5657 loss=0.222334 lr=1.981e-06
[train] step=5658 loss=0.257277 lr=1.979e-06
[train] step=5659 loss=0.182739 lr=1.978e-06
[train] step=5660 loss=0.162832 lr=1.976e-06
[train] step=5661 loss=0.144824 lr=1.975e-06
[train] step=5662 loss=0.101209 lr=1.973e-06
[train] step=5663 loss=0.114496 lr=1.972e-06
[train] step=5664 loss=0.092802 lr=1.970e-06
[train] step=5665 loss=0.087523 lr=1.968e-06
[train] step=5666 loss=0.148376 lr=1.967e-06
[train] step=5667 loss=0.159596 lr=1.965e-06
[train] step=5668 loss=0.179623 lr=1.964e-06
[train] step=5669 loss=0.208072 lr=1.962e-06
[train] step=5670 loss=0.169939 lr=1.961e-06
[train] step=5671 loss=0.139387 lr=1.959e-06
[train] step=5672 loss=0.139595 lr=1.957e-06
[train] step=5673 loss=0.197261 lr=1.956e-06
[train] step=5674 loss=0.145715 lr=1.954e-06
[train] step=5675 loss=0.353488 lr=1.953e-06
[train] step=5676 loss=0.123818 lr=1.951e-06
[train] step=5677 loss=0.160450 lr=1.950e-06
[train] step=5678 loss=0.148229 lr=1.948e-06
[train] step=5679 loss=0.114261 lr=1.947e-06
[train] step=5680 loss=0.124408 lr=1.945e-06
[train] step=5681 loss=0.178371 lr=1.944e-06
[train] step=5682 loss=0.169180 lr=1.942e-06
[train] step=5683 loss=0.198879 lr=1.940e-06
[train] step=5684 loss=0.173932 lr=1.939e-06
[train] step=5685 loss=0.155512 lr=1.937e-06
[train] step=5686 loss=0.174420 lr=1.936e-06
[train] step=5687 loss=0.084338 lr=1.934e-06
[train] step=5688 loss=0.095514 lr=1.933e-06
[train] step=5689 loss=0.149230 lr=1.931e-06
[train] step=5690 loss=0.191601 lr=1.930e-06
[train] step=5691 loss=0.133501 lr=1.928e-06
[train] step=5692 loss=0.109438 lr=1.927e-06
[train] step=5693 loss=0.137628 lr=1.925e-06
[train] step=5694 loss=0.190494 lr=1.923e-06
[train] step=5695 loss=0.136721 lr=1.922e-06
[train] step=5696 loss=0.212898 lr=1.920e-06
[train] step=5697 loss=0.173120 lr=1.919e-06
[train] step=5698 loss=0.165476 lr=1.917e-06
[train] step=5699 loss=0.188451 lr=1.916e-06
[train] step=5700 loss=0.091380 lr=1.914e-06
[train] step=5701 loss=0.181357 lr=1.913e-06
[train] step=5702 loss=0.160548 lr=1.911e-06
[train] step=5703 loss=0.143604 lr=1.910e-06
[train] step=5704 loss=0.116271 lr=1.908e-06
[train] step=5705 loss=0.120885 lr=1.906e-06
[train] step=5706 loss=0.166120 lr=1.905e-06
[train] step=5707 loss=0.327737 lr=1.903e-06
[train] step=5708 loss=0.196118 lr=1.902e-06
[train] step=5709 loss=0.146068 lr=1.900e-06
[train] step=5710 loss=0.269124 lr=1.899e-06
[train] step=5711 loss=0.139188 lr=1.897e-06
[train] step=5712 loss=0.352388 lr=1.896e-06
[train] step=5713 loss=0.130444 lr=1.894e-06
[train] step=5714 loss=0.219562 lr=1.893e-06
[train] step=5715 loss=0.146591 lr=1.891e-06
[train] step=5716 loss=0.174655 lr=1.890e-06
[train] step=5717 loss=0.274306 lr=1.888e-06
[train] step=5718 loss=0.166851 lr=1.887e-06
[train] step=5719 loss=0.110045 lr=1.885e-06
[train] step=5720 loss=0.204532 lr=1.883e-06
[train] step=5721 loss=0.163141 lr=1.882e-06
[train] step=5722 loss=0.152602 lr=1.880e-06
[train] step=5723 loss=0.175161 lr=1.879e-06
[train] step=5724 loss=0.168045 lr=1.877e-06
[train] step=5725 loss=0.103138 lr=1.876e-06
[train] step=5726 loss=0.178824 lr=1.874e-06
[train] step=5727 loss=0.124447 lr=1.873e-06
[train] step=5728 loss=0.132290 lr=1.871e-06
[train] step=5729 loss=0.356741 lr=1.870e-06
[train] step=5730 loss=0.141343 lr=1.868e-06
[train] step=5731 loss=0.258883 lr=1.867e-06
[train] step=5732 loss=0.184243 lr=1.865e-06
[train] step=5733 loss=0.129756 lr=1.864e-06
[train] step=5734 loss=0.178831 lr=1.862e-06
[train] step=5735 loss=0.138322 lr=1.861e-06
[train] step=5736 loss=0.134925 lr=1.859e-06
[train] step=5737 loss=0.175327 lr=1.857e-06
[train] step=5738 loss=0.182982 lr=1.856e-06
[train] step=5739 loss=0.190456 lr=1.854e-06
[train] step=5740 loss=0.148497 lr=1.853e-06
[train] step=5741 loss=0.155232 lr=1.851e-06
[train] step=5742 loss=0.071225 lr=1.850e-06
[train] step=5743 loss=0.220018 lr=1.848e-06
[train] step=5744 loss=0.160114 lr=1.847e-06
[train] step=5745 loss=0.130078 lr=1.845e-06
[train] step=5746 loss=0.193287 lr=1.844e-06
[train] step=5747 loss=0.214028 lr=1.842e-06
[train] step=5748 loss=0.163066 lr=1.841e-06
[train] step=5749 loss=0.104235 lr=1.839e-06
[train] step=5750 loss=0.123412 lr=1.838e-06
[train] step=5751 loss=0.114747 lr=1.836e-06
[train] step=5752 loss=0.159345 lr=1.835e-06
[train] step=5753 loss=0.084534 lr=1.833e-06
[train] step=5754 loss=0.121538 lr=1.832e-06
[train] step=5755 loss=0.158341 lr=1.830e-06
[train] step=5756 loss=0.152881 lr=1.829e-06
[train] step=5757 loss=0.161126 lr=1.827e-06
[train] step=5758 loss=0.123975 lr=1.826e-06
[train] step=5759 loss=0.184426 lr=1.824e-06
[train] step=5760 loss=0.154870 lr=1.823e-06
INFO     [rank 0] Model weights for step 5760 saved in       dit_trainer.py:1288
         checkpoints/model_weights_step_05760.safetensors                       
INFO     [rank 0] Scalar embedding weights for step 5760     dit_trainer.py:1297
         saved                                                                  
INFO     [rank 0] Training state saved:                      dit_trainer.py:1416
         checkpoints/model_weights_step_05760.state.pt                          
DEBUG    [rank 0] Removed old checkpoint:                    dit_trainer.py:1429
         /hppfs/scratch/0D/go76fuz2/windinet/outputs/shockwa                    
         ve_dit_ch6_loss_rmse_h1/checkpoints/model_weights_s                    
         tep_05520.safetensors                                                  
DEBUG    [rank 0] Removed old checkpoint:                    dit_trainer.py:1429
         /hppfs/scratch/0D/go76fuz2/windinet/outputs/shockwa                    
         ve_dit_ch6_loss_rmse_h1/checkpoints/scalar_embeddin                    
         g_step_05520.safetensors                                               
DEBUG    [rank 0] Removed optimizer state for older kept     dit_trainer.py:1444
         checkpoint:                                                            
         /hppfs/scratch/0D/go76fuz2/windinet/outputs/shockwa                    
         ve_dit_ch6_loss_rmse_h1/checkpoints/model_weights_s                    
         tep_05640.state.pt                                                     
[epoch 48] step=5760 train_loss=0.160246
[train] step=5761 loss=0.135751 lr=1.821e-06
[train] step=5762 loss=0.192785 lr=1.820e-06
[train] step=5763 loss=0.130313 lr=1.818e-06
[train] step=5764 loss=0.206668 lr=1.817e-06
[train] step=5765 loss=0.162530 lr=1.815e-06
[train] step=5766 loss=0.122051 lr=1.814e-06
[train] step=5767 loss=0.149691 lr=1.812e-06
[train] step=5768 loss=0.175049 lr=1.810e-06
[train] step=5769 loss=0.152413 lr=1.809e-06
[train] step=5770 loss=0.150418 lr=1.807e-06
[train] step=5771 loss=0.121726 lr=1.806e-06
[train] step=5772 loss=0.177669 lr=1.804e-06
[train] step=5773 loss=0.149649 lr=1.803e-06
[train] step=5774 loss=0.123876 lr=1.801e-06
[train] step=5775 loss=0.191344 lr=1.800e-06
[train] step=5776 loss=0.093796 lr=1.798e-06
[train] step=5777 loss=0.157584 lr=1.797e-06
[train] step=5778 loss=0.112710 lr=1.795e-06
[train] step=5779 loss=0.123691 lr=1.794e-06
[train] step=5780 loss=0.136061 lr=1.792e-06
[train] step=5781 loss=0.102942 lr=1.791e-06
[train] step=5782 loss=0.125551 lr=1.789e-06
[train] step=5783 loss=0.189432 lr=1.788e-06
[train] step=5784 loss=0.195596 lr=1.786e-06
[train] step=5785 loss=0.071122 lr=1.785e-06
[train] step=5786 loss=0.165316 lr=1.783e-06
[train] step=5787 loss=0.121857 lr=1.782e-06
[train] step=5788 loss=0.161249 lr=1.780e-06
[train] step=5789 loss=0.182179 lr=1.779e-06
[train] step=5790 loss=0.274420 lr=1.777e-06
[train] step=5791 loss=0.144323 lr=1.776e-06
[train] step=5792 loss=0.127213 lr=1.774e-06
[train] step=5793 loss=0.104659 lr=1.773e-06
[train] step=5794 loss=0.149464 lr=1.771e-06
[train] step=5795 loss=0.135744 lr=1.770e-06
[train] step=5796 loss=0.149164 lr=1.768e-06
[train] step=5797 loss=0.319333 lr=1.767e-06
[train] step=5798 loss=0.205855 lr=1.765e-06
[train] step=5799 loss=0.151033 lr=1.764e-06
[train] step=5800 loss=0.159229 lr=1.762e-06
[train] step=5801 loss=0.129354 lr=1.761e-06
[train] step=5802 loss=0.098657 lr=1.760e-06
[train] step=5803 loss=0.137460 lr=1.758e-06
[train] step=5804 loss=0.181128 lr=1.757e-06
[train] step=5805 loss=0.142139 lr=1.755e-06
[train] step=5806 loss=0.216993 lr=1.754e-06
[train] step=5807 loss=0.115196 lr=1.752e-06
[train] step=5808 loss=0.120676 lr=1.751e-06
[train] step=5809 loss=0.171423 lr=1.749e-06
[train] step=5810 loss=0.125303 lr=1.748e-06
[train] step=5811 loss=0.111592 lr=1.746e-06
[train] step=5812 loss=0.213785 lr=1.745e-06
[train] step=5813 loss=0.225322 lr=1.743e-06
[train] step=5814 loss=0.112114 lr=1.742e-06
[train] step=5815 loss=0.178990 lr=1.740e-06
[train] step=5816 loss=0.163564 lr=1.739e-06
[train] step=5817 loss=0.154652 lr=1.737e-06
[train] step=5818 loss=0.129468 lr=1.736e-06
[train] step=5819 loss=0.180822 lr=1.734e-06
[train] step=5820 loss=0.185271 lr=1.733e-06
[train] step=5821 loss=0.146766 lr=1.731e-06
[train] step=5822 loss=0.277700 lr=1.730e-06
[train] step=5823 loss=0.136791 lr=1.728e-06
[train] step=5824 loss=0.157800 lr=1.727e-06
[train] step=5825 loss=0.092165 lr=1.725e-06
[train] step=5826 loss=0.205221 lr=1.724e-06
[train] step=5827 loss=0.173402 lr=1.722e-06
[train] step=5828 loss=0.182401 lr=1.721e-06
[train] step=5829 loss=0.144875 lr=1.719e-06
[train] step=5830 loss=0.166679 lr=1.718e-06
[train] step=5831 loss=0.065510 lr=1.716e-06
[train] step=5832 loss=0.158699 lr=1.715e-06
[train] step=5833 loss=0.104130 lr=1.714e-06
[train] step=5834 loss=0.123353 lr=1.712e-06
[train] step=5835 loss=0.166780 lr=1.711e-06
[train] step=5836 loss=0.192233 lr=1.709e-06
[train] step=5837 loss=0.099540 lr=1.708e-06
[train] step=5838 loss=0.185070 lr=1.706e-06
[train] step=5839 loss=0.162468 lr=1.705e-06
[train] step=5840 loss=0.241110 lr=1.703e-06
[train] step=5841 loss=0.152535 lr=1.702e-06
[train] step=5842 loss=0.161004 lr=1.700e-06
[train] step=5843 loss=0.144236 lr=1.699e-06
[train] step=5844 loss=0.296386 lr=1.697e-06
[train] step=5845 loss=0.222721 lr=1.696e-06
[train] step=5846 loss=0.118863 lr=1.694e-06
[train] step=5847 loss=0.127432 lr=1.693e-06
[train] step=5848 loss=0.190936 lr=1.691e-06
[train] step=5849 loss=0.093700 lr=1.690e-06
[train] step=5850 loss=0.216322 lr=1.689e-06
[train] step=5851 loss=0.213943 lr=1.687e-06
[train] step=5852 loss=0.196715 lr=1.686e-06
[train] step=5853 loss=0.178847 lr=1.684e-06
[train] step=5854 loss=0.147056 lr=1.683e-06
[train] step=5855 loss=0.120745 lr=1.681e-06
[train] step=5856 loss=0.152809 lr=1.680e-06
[train] step=5857 loss=0.180803 lr=1.678e-06
[train] step=5858 loss=0.103118 lr=1.677e-06
[train] step=5859 loss=0.137887 lr=1.675e-06
[train] step=5860 loss=0.246301 lr=1.674e-06
[train] step=5861 loss=0.191721 lr=1.672e-06
[train] step=5862 loss=0.193713 lr=1.671e-06
[train] step=5863 loss=0.142562 lr=1.670e-06
[train] step=5864 loss=0.145851 lr=1.668e-06
[train] step=5865 loss=0.212637 lr=1.667e-06
[train] step=5866 loss=0.160749 lr=1.665e-06
[train] step=5867 loss=0.118336 lr=1.664e-06
[train] step=5868 loss=0.207824 lr=1.662e-06
[train] step=5869 loss=0.209892 lr=1.661e-06
[train] step=5870 loss=0.172575 lr=1.659e-06
[train] step=5871 loss=0.180892 lr=1.658e-06
[train] step=5872 loss=0.271534 lr=1.656e-06
[train] step=5873 loss=0.168579 lr=1.655e-06
[train] step=5874 loss=0.097937 lr=1.653e-06
[train] step=5875 loss=0.102144 lr=1.652e-06
[train] step=5876 loss=0.094945 lr=1.651e-06
[train] step=5877 loss=0.207444 lr=1.649e-06
[train] step=5878 loss=0.496777 lr=1.648e-06
[train] step=5879 loss=0.180293 lr=1.646e-06
[train] step=5880 loss=0.150640 lr=1.645e-06
INFO     [rank 0] Model weights for step 5880 saved in       dit_trainer.py:1288
         checkpoints/model_weights_step_05880.safetensors                       
INFO     [rank 0] Scalar embedding weights for step 5880     dit_trainer.py:1297
         saved                                                                  
INFO     [rank 0] Training state saved:                      dit_trainer.py:1416
         checkpoints/model_weights_step_05880.state.pt                          
DEBUG    [rank 0] Removed old checkpoint:                    dit_trainer.py:1429
         /hppfs/scratch/0D/go76fuz2/windinet/outputs/shockwa                    
         ve_dit_ch6_loss_rmse_h1/checkpoints/model_weights_s                    
         tep_05640.safetensors                                                  
DEBUG    [rank 0] Removed old checkpoint:                    dit_trainer.py:1429
         /hppfs/scratch/0D/go76fuz2/windinet/outputs/shockwa                    
         ve_dit_ch6_loss_rmse_h1/checkpoints/scalar_embeddin                    
         g_step_05640.safetensors                                               
DEBUG    [rank 0] Removed optimizer state for older kept     dit_trainer.py:1444
         checkpoint:                                                            
         /hppfs/scratch/0D/go76fuz2/windinet/outputs/shockwa                    
         ve_dit_ch6_loss_rmse_h1/checkpoints/model_weights_s                    
         tep_05760.state.pt                                                     
[epoch 49] step=5880 train_loss=0.163264
[train] step=5881 loss=0.172609 lr=1.643e-06
[train] step=5882 loss=0.132020 lr=1.642e-06
[train] step=5883 loss=0.133655 lr=1.640e-06
[train] step=5884 loss=0.143026 lr=1.639e-06
[train] step=5885 loss=0.076746 lr=1.638e-06
[train] step=5886 loss=0.189325 lr=1.636e-06
[train] step=5887 loss=0.170947 lr=1.635e-06
[train] step=5888 loss=0.160070 lr=1.633e-06
[train] step=5889 loss=0.108901 lr=1.632e-06
[train] step=5890 loss=0.142991 lr=1.630e-06
[train] step=5891 loss=0.149032 lr=1.629e-06
[train] step=5892 loss=0.138917 lr=1.627e-06
[train] step=5893 loss=0.160121 lr=1.626e-06
[train] step=5894 loss=0.127426 lr=1.624e-06
[train] step=5895 loss=0.080727 lr=1.623e-06
[train] step=5896 loss=0.123928 lr=1.622e-06
[train] step=5897 loss=0.222227 lr=1.620e-06
[train] step=5898 loss=0.148817 lr=1.619e-06
[train] step=5899 loss=0.122793 lr=1.617e-06
[train] step=5900 loss=0.145509 lr=1.616e-06
[train] step=5901 loss=0.153837 lr=1.614e-06
[train] step=5902 loss=0.159033 lr=1.613e-06
[train] step=5903 loss=0.127248 lr=1.612e-06
[train] step=5904 loss=0.123005 lr=1.610e-06
[train] step=5905 loss=0.121580 lr=1.609e-06
[train] step=5906 loss=0.120359 lr=1.607e-06
[train] step=5907 loss=0.143148 lr=1.606e-06
[train] step=5908 loss=0.173878 lr=1.604e-06
[train] step=5909 loss=0.154343 lr=1.603e-06
[train] step=5910 loss=0.117450 lr=1.601e-06
[train] step=5911 loss=0.186486 lr=1.600e-06
[train] step=5912 loss=0.350893 lr=1.599e-06
[train] step=5913 loss=0.136883 lr=1.597e-06
[train] step=5914 loss=0.132669 lr=1.596e-06
[train] step=5915 loss=0.130912 lr=1.594e-06
[train] step=5916 loss=0.146716 lr=1.593e-06
[train] step=5917 loss=0.245016 lr=1.591e-06
[train] step=5918 loss=0.099144 lr=1.590e-06
[train] step=5919 loss=0.145014 lr=1.589e-06
[train] step=5920 loss=0.127220 lr=1.587e-06
[train] step=5921 loss=0.157211 lr=1.586e-06
[train] step=5922 loss=0.147916 lr=1.584e-06
[train] step=5923 loss=0.127027 lr=1.583e-06
[train] step=5924 loss=0.137836 lr=1.581e-06
[train] step=5925 loss=0.166605 lr=1.580e-06
[train] step=5926 loss=0.098829 lr=1.579e-06
[train] step=5927 loss=0.198622 lr=1.577e-06
[train] step=5928 loss=0.098122 lr=1.576e-06
[train] step=5929 loss=0.207782 lr=1.574e-06
[train] step=5930 loss=0.070844 lr=1.573e-06
[train] step=5931 loss=0.092441 lr=1.571e-06
[train] step=5932 loss=0.320983 lr=1.570e-06
[train] step=5933 loss=0.124740 lr=1.569e-06
[train] step=5934 loss=0.174073 lr=1.567e-06
[train] step=5935 loss=0.150408 lr=1.566e-06
[train] step=5936 loss=0.129123 lr=1.564e-06
[train] step=5937 loss=0.273599 lr=1.563e-06
[train] step=5938 loss=0.216687 lr=1.561e-06
[train] step=5939 loss=0.205616 lr=1.560e-06
[train] step=5940 loss=0.161812 lr=1.559e-06
[train] step=5941 loss=0.236054 lr=1.557e-06
[train] step=5942 loss=0.452936 lr=1.556e-06
[train] step=5943 loss=0.178306 lr=1.554e-06
[train] step=5944 loss=0.160227 lr=1.553e-06
[train] step=5945 loss=0.207256 lr=1.552e-06
[train] step=5946 loss=0.143702 lr=1.550e-06
[train] step=5947 loss=0.303402 lr=1.549e-06
[train] step=5948 loss=0.171894 lr=1.547e-06
[train] step=5949 loss=0.176022 lr=1.546e-06
[train] step=5950 loss=0.139467 lr=1.544e-06
[train] step=5951 loss=0.156257 lr=1.543e-06
[train] step=5952 loss=0.112824 lr=1.542e-06
[train] step=5953 loss=0.107696 lr=1.540e-06
[train] step=5954 loss=0.170829 lr=1.539e-06
[train] step=5955 loss=0.186488 lr=1.537e-06
[train] step=5956 loss=0.129994 lr=1.536e-06
[train] step=5957 loss=0.185639 lr=1.535e-06
[train] step=5958 loss=0.236241 lr=1.533e-06
[train] step=5959 loss=0.165537 lr=1.532e-06
[train] step=5960 loss=0.201563 lr=1.530e-06
[train] step=5961 loss=0.238628 lr=1.529e-06
[train] step=5962 loss=0.289109 lr=1.528e-06
[train] step=5963 loss=0.106853 lr=1.526e-06
[train] step=5964 loss=0.127561 lr=1.525e-06
[train] step=5965 loss=0.100072 lr=1.523e-06
[train] step=5966 loss=0.212512 lr=1.522e-06
[train] step=5967 loss=0.233293 lr=1.520e-06
[train] step=5968 loss=0.152737 lr=1.519e-06
[train] step=5969 loss=0.198576 lr=1.518e-06
[train] step=5970 loss=0.179373 lr=1.516e-06
[train] step=5971 loss=0.166230 lr=1.515e-06
[train] step=5972 loss=0.228738 lr=1.513e-06
[train] step=5973 loss=0.145303 lr=1.512e-06
[train] step=5974 loss=0.131972 lr=1.511e-06
[train] step=5975 loss=0.192823 lr=1.509e-06
[train] step=5976 loss=0.170754 lr=1.508e-06
[train] step=5977 loss=0.219611 lr=1.506e-06
[train] step=5978 loss=0.176405 lr=1.505e-06
[train] step=5979 loss=0.138056 lr=1.504e-06
[train] step=5980 loss=0.146927 lr=1.502e-06
[train] step=5981 loss=0.176315 lr=1.501e-06
[train] step=5982 loss=0.132026 lr=1.499e-06
[train] step=5983 loss=0.123432 lr=1.498e-06
[train] step=5984 loss=0.103195 lr=1.497e-06
[train] step=5985 loss=0.155560 lr=1.495e-06
[train] step=5986 loss=0.158713 lr=1.494e-06
[train] step=5987 loss=0.146729 lr=1.492e-06
[train] step=5988 loss=0.162311 lr=1.491e-06
[train] step=5989 loss=0.135366 lr=1.490e-06
[train] step=5990 loss=0.126123 lr=1.488e-06
[train] step=5991 loss=0.180097 lr=1.487e-06
[train] step=5992 loss=0.198921 lr=1.486e-06
[train] step=5993 loss=0.258808 lr=1.484e-06
[train] step=5994 loss=0.135179 lr=1.483e-06
[train] step=5995 loss=0.108718 lr=1.481e-06
[train] step=5996 loss=0.214809 lr=1.480e-06
[train] step=5997 loss=0.134510 lr=1.479e-06
[train] step=5998 loss=0.183558 lr=1.477e-06
[train] step=5999 loss=0.135565 lr=1.476e-06
[train] step=6000 loss=0.193752 lr=1.474e-06
[val] step=6000 val_loss=0.164681
INFO     [rank 0] Model weights for step 6000 saved in       dit_trainer.py:1288
         checkpoints/model_weights_step_06000.safetensors                       
INFO     [rank 0] Scalar embedding weights for step 6000     dit_trainer.py:1297
         saved                                                                  
INFO     [rank 0] Training state saved:                      dit_trainer.py:1416
         checkpoints/model_weights_step_06000.state.pt                          
INFO     [rank 0] New best checkpoint (step 6000,            dit_trainer.py:1320
         val_loss=0.164681):                                                    
         checkpoints/model_weights_best.safetensors                             
DEBUG    [rank 0] Removed old checkpoint:                    dit_trainer.py:1429
         /hppfs/scratch/0D/go76fuz2/windinet/outputs/shockwa                    
         ve_dit_ch6_loss_rmse_h1/checkpoints/model_weights_s                    
         tep_05760.safetensors                                                  
DEBUG    [rank 0] Removed old checkpoint:                    dit_trainer.py:1429
         /hppfs/scratch/0D/go76fuz2/windinet/outputs/shockwa                    
         ve_dit_ch6_loss_rmse_h1/checkpoints/scalar_embeddin                    
         g_step_05760.safetensors                                               
DEBUG    [rank 0] Removed optimizer state for older kept     dit_trainer.py:1444
         checkpoint:                                                            
         /hppfs/scratch/0D/go76fuz2/windinet/outputs/shockwa                    
         ve_dit_ch6_loss_rmse_h1/checkpoints/model_weights_s                    
         tep_05880.state.pt                                                     
[epoch 50] step=6000 train_loss=0.164194 val_loss=0.164681
[train] step=6001 loss=0.104368 lr=1.473e-06
[train] step=6002 loss=0.128213 lr=1.472e-06
[train] step=6003 loss=0.100172 lr=1.470e-06
[train] step=6004 loss=0.201127 lr=1.469e-06
[train] step=6005 loss=0.176747 lr=1.467e-06
[train] step=6006 loss=0.162165 lr=1.466e-06
[train] step=6007 loss=0.190216 lr=1.465e-06
[train] step=6008 loss=0.251252 lr=1.463e-06
[train] step=6009 loss=0.086936 lr=1.462e-06
[train] step=6010 loss=0.140447 lr=1.461e-06
[train] step=6011 loss=0.126620 lr=1.459e-06
[train] step=6012 loss=0.104498 lr=1.458e-06
[train] step=6013 loss=0.129901 lr=1.456e-06
[train] step=6014 loss=0.156561 lr=1.455e-06
[train] step=6015 loss=0.156814 lr=1.454e-06
[train] step=6016 loss=0.161652 lr=1.452e-06
[train] step=6017 loss=0.131989 lr=1.451e-06
[train] step=6018 loss=0.148545 lr=1.450e-06
[train] step=6019 loss=0.158986 lr=1.448e-06
[train] step=6020 loss=0.159441 lr=1.447e-06
[train] step=6021 loss=0.127029 lr=1.445e-06
[train] step=6022 loss=0.131014 lr=1.444e-06
[train] step=6023 loss=0.178461 lr=1.443e-06
[train] step=6024 loss=0.124304 lr=1.441e-06
[train] step=6025 loss=0.128543 lr=1.440e-06
[train] step=6026 loss=0.194820 lr=1.438e-06
[train] step=6027 loss=0.135961 lr=1.437e-06
[train] step=6028 loss=0.149028 lr=1.436e-06
[train] step=6029 loss=0.131100 lr=1.434e-06
[train] step=6030 loss=0.116595 lr=1.433e-06
[train] step=6031 loss=0.128448 lr=1.432e-06
[train] step=6032 loss=0.184779 lr=1.430e-06
[train] step=6033 loss=0.187772 lr=1.429e-06
[train] step=6034 loss=0.082206 lr=1.428e-06
[train] step=6035 loss=0.096060 lr=1.426e-06
[train] step=6036 loss=0.147984 lr=1.425e-06
[train] step=6037 loss=0.181820 lr=1.423e-06
[train] step=6038 loss=0.163525 lr=1.422e-06
[train] step=6039 loss=0.200625 lr=1.421e-06
[train] step=6040 loss=0.092754 lr=1.419e-06
[train] step=6041 loss=0.175962 lr=1.418e-06
[train] step=6042 loss=0.185564 lr=1.417e-06
[train] step=6043 loss=0.191404 lr=1.415e-06
[train] step=6044 loss=0.157996 lr=1.414e-06
[train] step=6045 loss=0.119704 lr=1.413e-06
[train] step=6046 loss=0.178949 lr=1.411e-06
[train] step=6047 loss=0.121797 lr=1.410e-06
[train] step=6048 loss=0.157841 lr=1.408e-06
[train] step=6049 loss=0.190813 lr=1.407e-06
[train] step=6050 loss=0.230556 lr=1.406e-06
[train] step=6051 loss=0.157868 lr=1.404e-06
[train] step=6052 loss=0.125805 lr=1.403e-06
[train] step=6053 loss=0.135832 lr=1.402e-06
[train] step=6054 loss=0.193633 lr=1.400e-06
[train] step=6055 loss=0.206517 lr=1.399e-06
[train] step=6056 loss=0.166978 lr=1.398e-06
[train] step=6057 loss=0.126058 lr=1.396e-06
[train] step=6058 loss=0.210668 lr=1.395e-06
[train] step=6059 loss=0.113899 lr=1.393e-06
[train] step=6060 loss=0.217898 lr=1.392e-06
[train] step=6061 loss=0.122658 lr=1.391e-06
[train] step=6062 loss=0.159847 lr=1.389e-06
[train] step=6063 loss=0.136860 lr=1.388e-06
[train] step=6064 loss=0.142636 lr=1.387e-06
[train] step=6065 loss=0.177906 lr=1.385e-06
[train] step=6066 loss=0.099834 lr=1.384e-06
[train] step=6067 loss=0.173124 lr=1.383e-06
[train] step=6068 loss=0.122625 lr=1.381e-06
[train] step=6069 loss=0.194909 lr=1.380e-06
[train] step=6070 loss=0.117720 lr=1.379e-06
[train] step=6071 loss=0.078299 lr=1.377e-06
[train] step=6072 loss=0.257091 lr=1.376e-06
[train] step=6073 loss=0.104716 lr=1.375e-06
[train] step=6074 loss=0.122169 lr=1.373e-06
[train] step=6075 loss=0.134727 lr=1.372e-06
[train] step=6076 loss=0.188610 lr=1.371e-06
[train] step=6077 loss=0.177920 lr=1.369e-06
[train] step=6078 loss=0.133474 lr=1.368e-06
[train] step=6079 loss=0.125075 lr=1.366e-06
[train] step=6080 loss=0.088412 lr=1.365e-06
[train] step=6081 loss=0.101136 lr=1.364e-06
[train] step=6082 loss=0.102950 lr=1.362e-06
[train] step=6083 loss=0.249822 lr=1.361e-06
[train] step=6084 loss=0.113045 lr=1.360e-06
[train] step=6085 loss=0.145977 lr=1.358e-06
[train] step=6086 loss=0.293917 lr=1.357e-06
[train] step=6087 loss=0.174242 lr=1.356e-06
[train] step=6088 loss=0.353995 lr=1.354e-06
[train] step=6089 loss=0.184585 lr=1.353e-06
[train] step=6090 loss=0.105053 lr=1.352e-06
[train] step=6091 loss=0.174664 lr=1.350e-06
[train] step=6092 loss=0.250286 lr=1.349e-06
[train] step=6093 loss=0.168467 lr=1.348e-06
[train] step=6094 loss=0.185980 lr=1.346e-06
[train] step=6095 loss=0.132140 lr=1.345e-06
[train] step=6096 loss=0.097938 lr=1.344e-06
[train] step=6097 loss=0.131186 lr=1.342e-06
[train] step=6098 loss=0.141821 lr=1.341e-06
[train] step=6099 loss=0.087336 lr=1.340e-06
[train] step=6100 loss=0.129839 lr=1.338e-06
[train] step=6101 loss=0.103916 lr=1.337e-06
[train] step=6102 loss=0.084243 lr=1.336e-06
[train] step=6103 loss=0.149943 lr=1.334e-06
[train] step=6104 loss=0.118418 lr=1.333e-06
[train] step=6105 loss=0.138746 lr=1.332e-06
[train] step=6106 loss=0.185131 lr=1.330e-06
[train] step=6107 loss=0.175671 lr=1.329e-06
[train] step=6108 loss=0.102332 lr=1.328e-06
[train] step=6109 loss=0.149805 lr=1.326e-06
[train] step=6110 loss=0.150421 lr=1.325e-06
[train] step=6111 loss=0.245735 lr=1.324e-06
[train] step=6112 loss=0.111998 lr=1.322e-06
[train] step=6113 loss=0.161468 lr=1.321e-06
[train] step=6114 loss=0.120490 lr=1.320e-06
[train] step=6115 loss=0.333747 lr=1.318e-06
[train] step=6116 loss=0.233245 lr=1.317e-06
[train] step=6117 loss=0.181883 lr=1.316e-06
[train] step=6118 loss=0.187616 lr=1.315e-06
[train] step=6119 loss=0.114126 lr=1.313e-06
[train] step=6120 loss=0.129562 lr=1.312e-06
INFO     [rank 0] Model weights for step 6120 saved in       dit_trainer.py:1288
         checkpoints/model_weights_step_06120.safetensors                       
INFO     [rank 0] Scalar embedding weights for step 6120     dit_trainer.py:1297
         saved                                                                  
INFO     [rank 0] Training state saved:                      dit_trainer.py:1416
         checkpoints/model_weights_step_06120.state.pt                          
DEBUG    [rank 0] Removed old checkpoint:                    dit_trainer.py:1429
         /hppfs/scratch/0D/go76fuz2/windinet/outputs/shockwa                    
         ve_dit_ch6_loss_rmse_h1/checkpoints/model_weights_s                    
         tep_05880.safetensors                                                  
DEBUG    [rank 0] Removed old checkpoint:                    dit_trainer.py:1429
         /hppfs/scratch/0D/go76fuz2/windinet/outputs/shockwa                    
         ve_dit_ch6_loss_rmse_h1/checkpoints/scalar_embeddin                    
         g_step_05880.safetensors                                               
DEBUG    [rank 0] Removed optimizer state for older kept     dit_trainer.py:1444
         checkpoint:                                                            
         /hppfs/scratch/0D/go76fuz2/windinet/outputs/shockwa                    
         ve_dit_ch6_loss_rmse_h1/checkpoints/model_weights_s                    
         tep_06000.state.pt                                                     
[epoch 51] step=6120 train_loss=0.155424
[train] step=6121 loss=0.144907 lr=1.311e-06
[train] step=6122 loss=0.113667 lr=1.309e-06
[train] step=6123 loss=0.152206 lr=1.308e-06
[train] step=6124 loss=0.115412 lr=1.307e-06
[train] step=6125 loss=0.166290 lr=1.305e-06
[train] step=6126 loss=0.183075 lr=1.304e-06
[train] step=6127 loss=0.121948 lr=1.303e-06
[train] step=6128 loss=0.153081 lr=1.301e-06
[train] step=6129 loss=0.148700 lr=1.300e-06
[train] step=6130 loss=0.094061 lr=1.299e-06
[train] step=6131 loss=0.151475 lr=1.297e-06
[train] step=6132 loss=0.165543 lr=1.296e-06
[train] step=6133 loss=0.202935 lr=1.295e-06
[train] step=6134 loss=0.108165 lr=1.293e-06
[train] step=6135 loss=0.289538 lr=1.292e-06
[train] step=6136 loss=0.177997 lr=1.291e-06
[train] step=6137 loss=0.282374 lr=1.289e-06
[train] step=6138 loss=0.323490 lr=1.288e-06
[train] step=6139 loss=0.169836 lr=1.287e-06
[train] step=6140 loss=0.107873 lr=1.286e-06
[train] step=6141 loss=0.105346 lr=1.284e-06
[train] step=6142 loss=0.128508 lr=1.283e-06
[train] step=6143 loss=0.164064 lr=1.282e-06
[train] step=6144 loss=0.157971 lr=1.280e-06
[train] step=6145 loss=0.116250 lr=1.279e-06
[train] step=6146 loss=0.184479 lr=1.278e-06
[train] step=6147 loss=0.089863 lr=1.276e-06
[train] step=6148 loss=0.127296 lr=1.275e-06
[train] step=6149 loss=0.161446 lr=1.274e-06
[train] step=6150 loss=0.166668 lr=1.272e-06
[train] step=6151 loss=0.095793 lr=1.271e-06
[train] step=6152 loss=0.112888 lr=1.270e-06
[train] step=6153 loss=0.130610 lr=1.269e-06
[train] step=6154 loss=0.199192 lr=1.267e-06
[train] step=6155 loss=0.122428 lr=1.266e-06
[train] step=6156 loss=0.156520 lr=1.265e-06
[train] step=6157 loss=0.119891 lr=1.263e-06
[train] step=6158 loss=0.209510 lr=1.262e-06
[train] step=6159 loss=0.302143 lr=1.261e-06
[train] step=6160 loss=0.175959 lr=1.259e-06
[train] step=6161 loss=0.189649 lr=1.258e-06
[train] step=6162 loss=0.147441 lr=1.257e-06
[train] step=6163 loss=0.215401 lr=1.256e-06
[train] step=6164 loss=0.190936 lr=1.254e-06
[train] step=6165 loss=0.194051 lr=1.253e-06
[train] step=6166 loss=0.173659 lr=1.252e-06
[train] step=6167 loss=0.184824 lr=1.250e-06
[train] step=6168 loss=0.186934 lr=1.249e-06
[train] step=6169 loss=0.090294 lr=1.248e-06
[train] step=6170 loss=0.157114 lr=1.247e-06
[train] step=6171 loss=0.180469 lr=1.245e-06
[train] step=6172 loss=0.127077 lr=1.244e-06
[train] step=6173 loss=0.113950 lr=1.243e-06
[train] step=6174 loss=0.094761 lr=1.241e-06
[train] step=6175 loss=0.140538 lr=1.240e-06
[train] step=6176 loss=0.155149 lr=1.239e-06
[train] step=6177 loss=0.150227 lr=1.238e-06
[train] step=6178 loss=0.120596 lr=1.236e-06
[train] step=6179 loss=0.172051 lr=1.235e-06
[train] step=6180 loss=0.172130 lr=1.234e-06
[train] step=6181 loss=0.110930 lr=1.232e-06
[train] step=6182 loss=0.119486 lr=1.231e-06
[train] step=6183 loss=0.112665 lr=1.230e-06
[train] step=6184 loss=0.153809 lr=1.229e-06
[train] step=6185 loss=0.108275 lr=1.227e-06
[train] step=6186 loss=0.171667 lr=1.226e-06
[train] step=6187 loss=0.236003 lr=1.225e-06
[train] step=6188 loss=0.157035 lr=1.223e-06
[train] step=6189 loss=0.195485 lr=1.222e-06
[train] step=6190 loss=0.119850 lr=1.221e-06
[train] step=6191 loss=0.165707 lr=1.220e-06
[train] step=6192 loss=0.124921 lr=1.218e-06
[train] step=6193 loss=0.162012 lr=1.217e-06
[train] step=6194 loss=0.100447 lr=1.216e-06
[train] step=6195 loss=0.208766 lr=1.214e-06
[train] step=6196 loss=0.225133 lr=1.213e-06
[train] step=6197 loss=0.127414 lr=1.212e-06
[train] step=6198 loss=0.168443 lr=1.211e-06
[train] step=6199 loss=0.165693 lr=1.209e-06
[train] step=6200 loss=0.147061 lr=1.208e-06
[train] step=6201 loss=0.105529 lr=1.207e-06
[train] step=6202 loss=0.462814 lr=1.205e-06
[train] step=6203 loss=0.188944 lr=1.204e-06
[train] step=6204 loss=0.164733 lr=1.203e-06
[train] step=6205 loss=0.113218 lr=1.202e-06
[train] step=6206 loss=0.174108 lr=1.200e-06
[train] step=6207 loss=0.091264 lr=1.199e-06
[train] step=6208 loss=0.093173 lr=1.198e-06
[train] step=6209 loss=0.125926 lr=1.197e-06
[train] step=6210 loss=0.214448 lr=1.195e-06
[train] step=6211 loss=0.109745 lr=1.194e-06
[train] step=6212 loss=0.243033 lr=1.193e-06
[train] step=6213 loss=0.192336 lr=1.192e-06
[train] step=6214 loss=0.154439 lr=1.190e-06
[train] step=6215 loss=0.130131 lr=1.189e-06
[train] step=6216 loss=0.142123 lr=1.188e-06
[train] step=6217 loss=0.283715 lr=1.186e-06
[train] step=6218 loss=0.248614 lr=1.185e-06
[train] step=6219 loss=0.162344 lr=1.184e-06
[train] step=6220 loss=0.122049 lr=1.183e-06
[train] step=6221 loss=0.113819 lr=1.181e-06
[train] step=6222 loss=0.112508 lr=1.180e-06
[train] step=6223 loss=0.159188 lr=1.179e-06
[train] step=6224 loss=0.079315 lr=1.178e-06
[train] step=6225 loss=0.118324 lr=1.176e-06
[train] step=6226 loss=0.106022 lr=1.175e-06
[train] step=6227 loss=0.192430 lr=1.174e-06
[train] step=6228 loss=0.179864 lr=1.173e-06
[train] step=6229 loss=0.143517 lr=1.171e-06
[train] step=6230 loss=0.268308 lr=1.170e-06
[train] step=6231 loss=0.319764 lr=1.169e-06
[train] step=6232 loss=0.050164 lr=1.168e-06
[train] step=6233 loss=0.148884 lr=1.166e-06
[train] step=6234 loss=0.146528 lr=1.165e-06
[train] step=6235 loss=0.100206 lr=1.164e-06
[train] step=6236 loss=0.140533 lr=1.163e-06
[train] step=6237 loss=0.215156 lr=1.161e-06
[train] step=6238 loss=0.214008 lr=1.160e-06
[train] step=6239 loss=0.142992 lr=1.159e-06
[train] step=6240 loss=0.156576 lr=1.158e-06
INFO     [rank 0] Model weights for step 6240 saved in       dit_trainer.py:1288
         checkpoints/model_weights_step_06240.safetensors                       
INFO     [rank 0] Scalar embedding weights for step 6240     dit_trainer.py:1297
         saved                                                                  
INFO     [rank 0] Training state saved:                      dit_trainer.py:1416
         checkpoints/model_weights_step_06240.state.pt                          
DEBUG    [rank 0] Removed old checkpoint:                    dit_trainer.py:1429
         /hppfs/scratch/0D/go76fuz2/windinet/outputs/shockwa                    
         ve_dit_ch6_loss_rmse_h1/checkpoints/model_weights_s                    
         tep_06000.safetensors                                                  
DEBUG    [rank 0] Removed old checkpoint:                    dit_trainer.py:1429
         /hppfs/scratch/0D/go76fuz2/windinet/outputs/shockwa                    
         ve_dit_ch6_loss_rmse_h1/checkpoints/scalar_embeddin                    
         g_step_06000.safetensors                                               
DEBUG    [rank 0] Removed optimizer state for older kept     dit_trainer.py:1444
         checkpoint:                                                            
         /hppfs/scratch/0D/go76fuz2/windinet/outputs/shockwa                    
         ve_dit_ch6_loss_rmse_h1/checkpoints/model_weights_s                    
         tep_06120.state.pt                                                     
[epoch 52] step=6240 train_loss=0.160344
[train] step=6241 loss=0.231873 lr=1.156e-06
[train] step=6242 loss=0.165019 lr=1.155e-06
[train] step=6243 loss=0.142443 lr=1.154e-06
[train] step=6244 loss=0.164882 lr=1.153e-06
[train] step=6245 loss=0.097261 lr=1.151e-06
[train] step=6246 loss=0.193848 lr=1.150e-06
[train] step=6247 loss=0.162191 lr=1.149e-06
[train] step=6248 loss=0.143562 lr=1.148e-06
[train] step=6249 loss=0.140695 lr=1.146e-06
[train] step=6250 loss=0.092365 lr=1.145e-06
[train] step=6251 loss=0.112708 lr=1.144e-06
[train] step=6252 loss=0.202896 lr=1.143e-06
[train] step=6253 loss=0.362434 lr=1.141e-06
[train] step=6254 loss=0.139554 lr=1.140e-06
[train] step=6255 loss=0.197948 lr=1.139e-06
[train] step=6256 loss=0.179865 lr=1.138e-06
[train] step=6257 loss=0.131644 lr=1.136e-06
[train] step=6258 loss=0.153980 lr=1.135e-06
[train] step=6259 loss=0.135502 lr=1.134e-06
[train] step=6260 loss=0.145655 lr=1.133e-06
[train] step=6261 loss=0.176893 lr=1.131e-06
[train] step=6262 loss=0.130747 lr=1.130e-06
[train] step=6263 loss=0.171216 lr=1.129e-06
[train] step=6264 loss=0.113209 lr=1.128e-06
[train] step=6265 loss=0.137457 lr=1.126e-06
[train] step=6266 loss=0.225248 lr=1.125e-06
[train] step=6267 loss=0.293520 lr=1.124e-06
[train] step=6268 loss=0.158118 lr=1.123e-06
[train] step=6269 loss=0.138282 lr=1.122e-06
[train] step=6270 loss=0.140505 lr=1.120e-06
[train] step=6271 loss=0.164057 lr=1.119e-06
[train] step=6272 loss=0.079229 lr=1.118e-06
[train] step=6273 loss=0.181424 lr=1.117e-06
[train] step=6274 loss=0.201922 lr=1.115e-06
[train] step=6275 loss=0.122062 lr=1.114e-06
[train] step=6276 loss=0.251061 lr=1.113e-06
[train] step=6277 loss=0.210098 lr=1.112e-06
[train] step=6278 loss=0.164820 lr=1.110e-06
[train] step=6279 loss=0.163892 lr=1.109e-06
[train] step=6280 loss=0.150943 lr=1.108e-06
[train] step=6281 loss=0.171745 lr=1.107e-06
[train] step=6282 loss=0.095492 lr=1.106e-06
[train] step=6283 loss=0.176223 lr=1.104e-06
[train] step=6284 loss=0.189794 lr=1.103e-06
[train] step=6285 loss=0.130747 lr=1.102e-06
[train] step=6286 loss=0.155480 lr=1.101e-06
[train] step=6287 loss=0.111555 lr=1.099e-06
[train] step=6288 loss=0.102067 lr=1.098e-06
[train] step=6289 loss=0.137922 lr=1.097e-06
[train] step=6290 loss=0.130305 lr=1.096e-06
[train] step=6291 loss=0.223597 lr=1.095e-06
[train] step=6292 loss=0.128430 lr=1.093e-06
[train] step=6293 loss=0.097297 lr=1.092e-06
[train] step=6294 loss=0.116025 lr=1.091e-06
[train] step=6295 loss=0.132649 lr=1.090e-06
[train] step=6296 loss=0.166530 lr=1.088e-06
[train] step=6297 loss=0.201741 lr=1.087e-06
[train] step=6298 loss=0.188229 lr=1.086e-06
[train] step=6299 loss=0.274530 lr=1.085e-06
[train] step=6300 loss=0.189114 lr=1.084e-06
[train] step=6301 loss=0.184978 lr=1.082e-06
[train] step=6302 loss=0.174480 lr=1.081e-06
[train] step=6303 loss=0.183224 lr=1.080e-06
[train] step=6304 loss=0.193640 lr=1.079e-06
[train] step=6305 loss=0.115521 lr=1.077e-06
[train] step=6306 loss=0.075035 lr=1.076e-06
[train] step=6307 loss=0.109125 lr=1.075e-06
[train] step=6308 loss=0.179562 lr=1.074e-06
[train] step=6309 loss=0.278692 lr=1.073e-06
[train] step=6310 loss=0.144356 lr=1.071e-06
[train] step=6311 loss=0.147857 lr=1.070e-06
[train] step=6312 loss=0.133805 lr=1.069e-06
[train] step=6313 loss=0.201581 lr=1.068e-06
[train] step=6314 loss=0.143627 lr=1.067e-06
[train] step=6315 loss=0.139130 lr=1.065e-06
[train] step=6316 loss=0.181162 lr=1.064e-06
[train] step=6317 loss=0.167903 lr=1.063e-06
[train] step=6318 loss=0.244439 lr=1.062e-06
[train] step=6319 loss=0.133640 lr=1.061e-06
[train] step=6320 loss=0.099368 lr=1.059e-06
[train] step=6321 loss=0.132450 lr=1.058e-06
[train] step=6322 loss=0.067549 lr=1.057e-06
[train] step=6323 loss=0.163116 lr=1.056e-06
[train] step=6324 loss=0.112798 lr=1.055e-06
[train] step=6325 loss=0.180185 lr=1.053e-06
[train] step=6326 loss=0.223192 lr=1.052e-06
[train] step=6327 loss=0.206939 lr=1.051e-06
[train] step=6328 loss=0.112825 lr=1.050e-06
[train] step=6329 loss=0.120937 lr=1.049e-06
[train] step=6330 loss=0.184721 lr=1.047e-06
[train] step=6331 loss=0.202599 lr=1.046e-06
[train] step=6332 loss=0.129605 lr=1.045e-06
[train] step=6333 loss=0.087057 lr=1.044e-06
[train] step=6334 loss=0.168465 lr=1.043e-06
[train] step=6335 loss=0.122841 lr=1.041e-06
[train] step=6336 loss=0.118204 lr=1.040e-06
[train] step=6337 loss=0.135778 lr=1.039e-06
[train] step=6338 loss=0.189901 lr=1.038e-06
[train] step=6339 loss=0.185435 lr=1.037e-06
[train] step=6340 loss=0.178758 lr=1.035e-06
[train] step=6341 loss=0.320964 lr=1.034e-06
[train] step=6342 loss=0.245774 lr=1.033e-06
[train] step=6343 loss=0.176030 lr=1.032e-06
[train] step=6344 loss=0.115438 lr=1.031e-06
[train] step=6345 loss=0.164581 lr=1.029e-06
[train] step=6346 loss=0.253984 lr=1.028e-06
[train] step=6347 loss=0.109751 lr=1.027e-06
[train] step=6348 loss=0.121710 lr=1.026e-06
[train] step=6349 loss=0.116897 lr=1.025e-06
[train] step=6350 loss=0.128218 lr=1.024e-06
[train] step=6351 loss=0.123985 lr=1.022e-06
[train] step=6352 loss=0.122869 lr=1.021e-06
[train] step=6353 loss=0.172111 lr=1.020e-06
[train] step=6354 loss=0.154265 lr=1.019e-06
[train] step=6355 loss=0.162108 lr=1.018e-06
[train] step=6356 loss=0.170828 lr=1.016e-06
[train] step=6357 loss=0.124202 lr=1.015e-06
[train] step=6358 loss=0.162883 lr=1.014e-06
[train] step=6359 loss=0.126186 lr=1.013e-06
[train] step=6360 loss=0.308386 lr=1.012e-06
INFO     [rank 0] Model weights for step 6360 saved in       dit_trainer.py:1288
         checkpoints/model_weights_step_06360.safetensors                       
INFO     [rank 0] Scalar embedding weights for step 6360     dit_trainer.py:1297
         saved                                                                  
INFO     [rank 0] Training state saved:                      dit_trainer.py:1416
         checkpoints/model_weights_step_06360.state.pt                          
DEBUG    [rank 0] Removed old checkpoint:                    dit_trainer.py:1429
         /hppfs/scratch/0D/go76fuz2/windinet/outputs/shockwa                    
         ve_dit_ch6_loss_rmse_h1/checkpoints/model_weights_s                    
         tep_06120.safetensors                                                  
DEBUG    [rank 0] Removed old checkpoint:                    dit_trainer.py:1429
         /hppfs/scratch/0D/go76fuz2/windinet/outputs/shockwa                    
         ve_dit_ch6_loss_rmse_h1/checkpoints/scalar_embeddin                    
         g_step_06120.safetensors                                               
DEBUG    [rank 0] Removed optimizer state for older kept     dit_trainer.py:1444
         checkpoint:                                                            
         /hppfs/scratch/0D/go76fuz2/windinet/outputs/shockwa                    
         ve_dit_ch6_loss_rmse_h1/checkpoints/model_weights_s                    
         tep_06240.state.pt                                                     
[epoch 53] step=6360 train_loss=0.160620
[train] step=6361 loss=0.179918 lr=1.011e-06
[train] step=6362 loss=0.201379 lr=1.009e-06
[train] step=6363 loss=0.123734 lr=1.008e-06
[train] step=6364 loss=0.184864 lr=1.007e-06
[train] step=6365 loss=0.182409 lr=1.006e-06
[train] step=6366 loss=0.144795 lr=1.005e-06
[train] step=6367 loss=0.361248 lr=1.004e-06
[train] step=6368 loss=0.186247 lr=1.002e-06
[train] step=6369 loss=0.241399 lr=1.001e-06
[train] step=6370 loss=0.226162 lr=1.000e-06
[train] step=6371 loss=0.351145 lr=9.988e-07
[train] step=6372 loss=0.319682 lr=9.977e-07
[train] step=6373 loss=0.152743 lr=9.965e-07
[train] step=6374 loss=0.168194 lr=9.953e-07
[train] step=6375 loss=0.149623 lr=9.941e-07
[train] step=6376 loss=0.237606 lr=9.930e-07
[train] step=6377 loss=0.155653 lr=9.918e-07
[train] step=6378 loss=0.143436 lr=9.906e-07
[train] step=6379 loss=0.124473 lr=9.895e-07
[train] step=6380 loss=0.146474 lr=9.883e-07
[train] step=6381 loss=0.195753 lr=9.871e-07
[train] step=6382 loss=0.086296 lr=9.860e-07
[train] step=6383 loss=0.162740 lr=9.848e-07
[train] step=6384 loss=0.166901 lr=9.837e-07
[train] step=6385 loss=0.271478 lr=9.825e-07
[train] step=6386 loss=0.148950 lr=9.813e-07
[train] step=6387 loss=0.139585 lr=9.802e-07
[train] step=6388 loss=0.204648 lr=9.790e-07
[train] step=6389 loss=0.120675 lr=9.778e-07
[train] step=6390 loss=0.177398 lr=9.767e-07
[train] step=6391 loss=0.113367 lr=9.755e-07
[train] step=6392 loss=0.085398 lr=9.744e-07
[train] step=6393 loss=0.248856 lr=9.732e-07
[train] step=6394 loss=0.166978 lr=9.720e-07
[train] step=6395 loss=0.176306 lr=9.709e-07
[train] step=6396 loss=0.101113 lr=9.697e-07
[train] step=6397 loss=0.120900 lr=9.686e-07
[train] step=6398 loss=0.147451 lr=9.674e-07
[train] step=6399 loss=0.190666 lr=9.663e-07
[train] step=6400 loss=0.203139 lr=9.651e-07
[train] step=6401 loss=0.157077 lr=9.640e-07
[train] step=6402 loss=0.120338 lr=9.628e-07
[train] step=6403 loss=0.164212 lr=9.617e-07
[train] step=6404 loss=0.122027 lr=9.605e-07
[train] step=6405 loss=0.215877 lr=9.594e-07
[train] step=6406 loss=0.164153 lr=9.582e-07
[train] step=6407 loss=0.143016 lr=9.571e-07
[train] step=6408 loss=0.179640 lr=9.559e-07
[train] step=6409 loss=0.096793 lr=9.548e-07
[train] step=6410 loss=0.122638 lr=9.536e-07
[train] step=6411 loss=0.118276 lr=9.525e-07
[train] step=6412 loss=0.113926 lr=9.513e-07
[train] step=6413 loss=0.141794 lr=9.502e-07
[train] step=6414 loss=0.163526 lr=9.490e-07
[train] step=6415 loss=0.195872 lr=9.479e-07
[train] step=6416 loss=0.144214 lr=9.467e-07
[train] step=6417 loss=0.093675 lr=9.456e-07
[train] step=6418 loss=0.132300 lr=9.444e-07
[train] step=6419 loss=0.076794 lr=9.433e-07
[train] step=6420 loss=0.146938 lr=9.422e-07
[train] step=6421 loss=0.190401 lr=9.410e-07
[train] step=6422 loss=0.197266 lr=9.399e-07
[train] step=6423 loss=0.137729 lr=9.387e-07
[train] step=6424 loss=0.095866 lr=9.376e-07
[train] step=6425 loss=0.106802 lr=9.365e-07
[train] step=6426 loss=0.103265 lr=9.353e-07
[train] step=6427 loss=0.235830 lr=9.342e-07
[train] step=6428 loss=0.108276 lr=9.331e-07
[train] step=6429 loss=0.184172 lr=9.319e-07
[train] step=6430 loss=0.250699 lr=9.308e-07
[train] step=6431 loss=0.206152 lr=9.297e-07
[train] step=6432 loss=0.161766 lr=9.285e-07
[train] step=6433 loss=0.128476 lr=9.274e-07
[train] step=6434 loss=0.144759 lr=9.263e-07
[train] step=6435 loss=0.136497 lr=9.251e-07
[train] step=6436 loss=0.148300 lr=9.240e-07
[train] step=6437 loss=0.277569 lr=9.229e-07
[train] step=6438 loss=0.127112 lr=9.217e-07
[train] step=6439 loss=0.147181 lr=9.206e-07
[train] step=6440 loss=0.201699 lr=9.195e-07
[train] step=6441 loss=0.199761 lr=9.183e-07
[train] step=6442 loss=0.205966 lr=9.172e-07
[train] step=6443 loss=0.133364 lr=9.161e-07
[train] step=6444 loss=0.209783 lr=9.150e-07
[train] step=6445 loss=0.078771 lr=9.138e-07
[train] step=6446 loss=0.129094 lr=9.127e-07
[train] step=6447 loss=0.159557 lr=9.116e-07
[train] step=6448 loss=0.103208 lr=9.105e-07
[train] step=6449 loss=0.145661 lr=9.093e-07
[train] step=6450 loss=0.156651 lr=9.082e-07
[train] step=6451 loss=0.199807 lr=9.071e-07
[train] step=6452 loss=0.233645 lr=9.060e-07
[train] step=6453 loss=0.077011 lr=9.049e-07
[train] step=6454 loss=0.152688 lr=9.037e-07
[train] step=6455 loss=0.178951 lr=9.026e-07
[train] step=6456 loss=0.137346 lr=9.015e-07
[train] step=6457 loss=0.156473 lr=9.004e-07
[train] step=6458 loss=0.132221 lr=8.993e-07
[train] step=6459 loss=0.133684 lr=8.981e-07
[train] step=6460 loss=0.183102 lr=8.970e-07
[train] step=6461 loss=0.168101 lr=8.959e-07
[train] step=6462 loss=0.208231 lr=8.948e-07
[train] step=6463 loss=0.144166 lr=8.937e-07
[train] step=6464 loss=0.133369 lr=8.926e-07
[train] step=6465 loss=0.150145 lr=8.915e-07
[train] step=6466 loss=0.139925 lr=8.903e-07
[train] step=6467 loss=0.218169 lr=8.892e-07
[train] step=6468 loss=0.139769 lr=8.881e-07
[train] step=6469 loss=0.100773 lr=8.870e-07
[train] step=6470 loss=0.214212 lr=8.859e-07
[train] step=6471 loss=0.153642 lr=8.848e-07
[train] step=6472 loss=0.161260 lr=8.837e-07
[train] step=6473 loss=0.193028 lr=8.826e-07
[train] step=6474 loss=0.113930 lr=8.815e-07
[train] step=6475 loss=0.128638 lr=8.804e-07
[train] step=6476 loss=0.151885 lr=8.793e-07
[train] step=6477 loss=0.141849 lr=8.781e-07
[train] step=6478 loss=0.161939 lr=8.770e-07
[train] step=6479 loss=0.081631 lr=8.759e-07
[train] step=6480 loss=0.169895 lr=8.748e-07
INFO     [rank 0] Model weights for step 6480 saved in       dit_trainer.py:1288
         checkpoints/model_weights_step_06480.safetensors                       
INFO     [rank 0] Scalar embedding weights for step 6480     dit_trainer.py:1297
         saved                                                                  
INFO     [rank 0] Training state saved:                      dit_trainer.py:1416
         checkpoints/model_weights_step_06480.state.pt                          
DEBUG    [rank 0] Removed old checkpoint:                    dit_trainer.py:1429
         /hppfs/scratch/0D/go76fuz2/windinet/outputs/shockwa                    
         ve_dit_ch6_loss_rmse_h1/checkpoints/model_weights_s                    
         tep_06240.safetensors                                                  
DEBUG    [rank 0] Removed old checkpoint:                    dit_trainer.py:1429
         /hppfs/scratch/0D/go76fuz2/windinet/outputs/shockwa                    
         ve_dit_ch6_loss_rmse_h1/checkpoints/scalar_embeddin                    
         g_step_06240.safetensors                                               
DEBUG    [rank 0] Removed optimizer state for older kept     dit_trainer.py:1444
         checkpoint:                                                            
         /hppfs/scratch/0D/go76fuz2/windinet/outputs/shockwa                    
         ve_dit_ch6_loss_rmse_h1/checkpoints/model_weights_s                    
         tep_06360.state.pt                                                     
[epoch 54] step=6480 train_loss=0.163604
[train] step=6481 loss=0.119963 lr=8.737e-07
[train] step=6482 loss=0.168801 lr=8.726e-07
[train] step=6483 loss=0.250936 lr=8.715e-07
[train] step=6484 loss=0.130603 lr=8.704e-07
[train] step=6485 loss=0.168938 lr=8.693e-07
[train] step=6486 loss=0.201447 lr=8.682e-07
[train] step=6487 loss=0.172600 lr=8.671e-07
[train] step=6488 loss=0.133662 lr=8.660e-07
[train] step=6489 loss=0.185593 lr=8.649e-07
[train] step=6490 loss=0.232191 lr=8.638e-07
[train] step=6491 loss=0.192970 lr=8.627e-07
[train] step=6492 loss=0.173818 lr=8.616e-07
[train] step=6493 loss=0.140644 lr=8.605e-07
[train] step=6494 loss=0.172323 lr=8.595e-07
[train] step=6495 loss=0.191918 lr=8.584e-07
[train] step=6496 loss=0.156337 lr=8.573e-07
[train] step=6497 loss=0.121676 lr=8.562e-07
[train] step=6498 loss=0.134237 lr=8.551e-07
[train] step=6499 loss=0.279367 lr=8.540e-07
[train] step=6500 loss=0.158929 lr=8.529e-07
[train] step=6501 loss=0.111179 lr=8.518e-07
[train] step=6502 loss=0.111382 lr=8.507e-07
[train] step=6503 loss=0.155307 lr=8.496e-07
[train] step=6504 loss=0.141692 lr=8.485e-07
[train] step=6505 loss=0.168792 lr=8.475e-07
[train] step=6506 loss=0.117778 lr=8.464e-07
[train] step=6507 loss=0.129040 lr=8.453e-07
[train] step=6508 loss=0.218798 lr=8.442e-07
[train] step=6509 loss=0.121809 lr=8.431e-07
[train] step=6510 loss=0.143845 lr=8.420e-07
[train] step=6511 loss=0.182408 lr=8.409e-07
[train] step=6512 loss=0.120798 lr=8.399e-07
[train] step=6513 loss=0.119154 lr=8.388e-07
[train] step=6514 loss=0.197459 lr=8.377e-07
[train] step=6515 loss=0.189633 lr=8.366e-07
[train] step=6516 loss=0.119154 lr=8.355e-07
[train] step=6517 loss=0.147013 lr=8.345e-07
[train] step=6518 loss=0.164287 lr=8.334e-07
[train] step=6519 loss=0.080687 lr=8.323e-07
[train] step=6520 loss=0.187297 lr=8.312e-07
[train] step=6521 loss=0.152808 lr=8.301e-07
[train] step=6522 loss=0.167564 lr=8.291e-07
[train] step=6523 loss=0.124367 lr=8.280e-07
[train] step=6524 loss=0.148184 lr=8.269e-07
[train] step=6525 loss=0.201658 lr=8.258e-07
[train] step=6526 loss=0.143354 lr=8.248e-07
[train] step=6527 loss=0.223406 lr=8.237e-07
[train] step=6528 loss=0.328019 lr=8.226e-07
[train] step=6529 loss=0.182595 lr=8.215e-07
[train] step=6530 loss=0.113575 lr=8.205e-07
[train] step=6531 loss=0.159354 lr=8.194e-07
[train] step=6532 loss=0.174192 lr=8.183e-07
[train] step=6533 loss=0.107501 lr=8.173e-07
[train] step=6534 loss=0.139282 lr=8.162e-07
[train] step=6535 loss=0.139228 lr=8.151e-07
[train] step=6536 loss=0.171516 lr=8.141e-07
[train] step=6537 loss=0.096827 lr=8.130e-07
[train] step=6538 loss=0.138471 lr=8.119e-07
[train] step=6539 loss=0.204203 lr=8.109e-07
[train] step=6540 loss=0.070979 lr=8.098e-07
[train] step=6541 loss=0.169679 lr=8.087e-07
[train] step=6542 loss=0.202969 lr=8.077e-07
[train] step=6543 loss=0.136719 lr=8.066e-07
[train] step=6544 loss=0.359688 lr=8.055e-07
[train] step=6545 loss=0.142713 lr=8.045e-07
[train] step=6546 loss=0.165007 lr=8.034e-07
[train] step=6547 loss=0.204114 lr=8.024e-07
[train] step=6548 loss=0.113053 lr=8.013e-07
[train] step=6549 loss=0.096691 lr=8.002e-07
[train] step=6550 loss=0.213219 lr=7.992e-07
[train] step=6551 loss=0.306590 lr=7.981e-07
[train] step=6552 loss=0.198788 lr=7.971e-07
[train] step=6553 loss=0.150269 lr=7.960e-07
[train] step=6554 loss=0.161554 lr=7.950e-07
[train] step=6555 loss=0.144520 lr=7.939e-07
[train] step=6556 loss=0.184696 lr=7.928e-07
[train] step=6557 loss=0.125070 lr=7.918e-07
[train] step=6558 loss=0.086194 lr=7.907e-07
[train] step=6559 loss=0.249461 lr=7.897e-07
[train] step=6560 loss=0.168600 lr=7.886e-07
[train] step=6561 loss=0.154565 lr=7.876e-07
[train] step=6562 loss=0.150700 lr=7.865e-07
[train] step=6563 loss=0.106723 lr=7.855e-07
[train] step=6564 loss=0.161954 lr=7.844e-07
[train] step=6565 loss=0.146183 lr=7.834e-07
[train] step=6566 loss=0.164787 lr=7.823e-07
[train] step=6567 loss=0.162943 lr=7.813e-07
[train] step=6568 loss=0.118170 lr=7.802e-07
[train] step=6569 loss=0.135284 lr=7.792e-07
[train] step=6570 loss=0.224327 lr=7.781e-07
[train] step=6571 loss=0.195851 lr=7.771e-07
[train] step=6572 loss=0.120999 lr=7.761e-07
[train] step=6573 loss=0.169964 lr=7.750e-07
[train] step=6574 loss=0.104394 lr=7.740e-07
[train] step=6575 loss=0.145755 lr=7.729e-07
[train] step=6576 loss=0.140614 lr=7.719e-07
[train] step=6577 loss=0.155687 lr=7.708e-07
[train] step=6578 loss=0.177798 lr=7.698e-07
[train] step=6579 loss=0.198013 lr=7.688e-07
[train] step=6580 loss=0.209109 lr=7.677e-07
[train] step=6581 loss=0.091706 lr=7.667e-07
[train] step=6582 loss=0.169058 lr=7.657e-07
[train] step=6583 loss=0.259386 lr=7.646e-07
[train] step=6584 loss=0.090414 lr=7.636e-07
[train] step=6585 loss=0.184086 lr=7.625e-07
[train] step=6586 loss=0.184467 lr=7.615e-07
[train] step=6587 loss=0.154297 lr=7.605e-07
[train] step=6588 loss=0.128248 lr=7.594e-07
[train] step=6589 loss=0.263565 lr=7.584e-07
[train] step=6590 loss=0.264739 lr=7.574e-07
[train] step=6591 loss=0.115024 lr=7.563e-07
[train] step=6592 loss=0.129023 lr=7.553e-07
[train] step=6593 loss=0.103052 lr=7.543e-07
[train] step=6594 loss=0.111658 lr=7.533e-07
[train] step=6595 loss=0.192646 lr=7.522e-07
[train] step=6596 loss=0.148650 lr=7.512e-07
[train] step=6597 loss=0.111361 lr=7.502e-07
[train] step=6598 loss=0.081909 lr=7.491e-07
[train] step=6599 loss=0.123741 lr=7.481e-07
[train] step=6600 loss=0.109372 lr=7.471e-07
[val] step=6600 val_loss=0.164053
INFO     [rank 0] Model weights for step 6600 saved in       dit_trainer.py:1288
         checkpoints/model_weights_step_06600.safetensors                       
INFO     [rank 0] Scalar embedding weights for step 6600     dit_trainer.py:1297
         saved                                                                  
INFO     [rank 0] Training state saved:                      dit_trainer.py:1416
         checkpoints/model_weights_step_06600.state.pt                          
INFO     [rank 0] New best checkpoint (step 6600,            dit_trainer.py:1320
         val_loss=0.164053):                                                    
         checkpoints/model_weights_best.safetensors                             
DEBUG    [rank 0] Removed old checkpoint:                    dit_trainer.py:1429
         /hppfs/scratch/0D/go76fuz2/windinet/outputs/shockwa                    
         ve_dit_ch6_loss_rmse_h1/checkpoints/model_weights_s                    
         tep_06360.safetensors                                                  
DEBUG    [rank 0] Removed old checkpoint:                    dit_trainer.py:1429
         /hppfs/scratch/0D/go76fuz2/windinet/outputs/shockwa                    
         ve_dit_ch6_loss_rmse_h1/checkpoints/scalar_embeddin                    
         g_step_06360.safetensors                                               
DEBUG    [rank 0] Removed optimizer state for older kept     dit_trainer.py:1444
         checkpoint:                                                            
         /hppfs/scratch/0D/go76fuz2/windinet/outputs/shockwa                    
         ve_dit_ch6_loss_rmse_h1/checkpoints/model_weights_s                    
         tep_06480.state.pt                                                     
[epoch 55] step=6600 train_loss=0.161682 val_loss=0.164053
[train] step=6601 loss=0.184721 lr=7.461e-07
[train] step=6602 loss=0.163856 lr=7.450e-07
[train] step=6603 loss=0.290381 lr=7.440e-07
[train] step=6604 loss=0.180690 lr=7.430e-07
[train] step=6605 loss=0.126776 lr=7.420e-07
[train] step=6606 loss=0.098255 lr=7.409e-07
[train] step=6607 loss=0.200371 lr=7.399e-07
[train] step=6608 loss=0.290041 lr=7.389e-07
[train] step=6609 loss=0.151297 lr=7.379e-07
[train] step=6610 loss=0.139447 lr=7.369e-07
[train] step=6611 loss=0.136787 lr=7.358e-07
[train] step=6612 loss=0.205399 lr=7.348e-07
[train] step=6613 loss=0.138921 lr=7.338e-07
[train] step=6614 loss=0.155581 lr=7.328e-07
[train] step=6615 loss=0.174300 lr=7.318e-07
[train] step=6616 loss=0.158008 lr=7.308e-07
[train] step=6617 loss=0.151951 lr=7.297e-07
[train] step=6618 loss=0.129037 lr=7.287e-07
[train] step=6619 loss=0.119488 lr=7.277e-07
[train] step=6620 loss=0.179005 lr=7.267e-07
[train] step=6621 loss=0.129980 lr=7.257e-07
[train] step=6622 loss=0.173726 lr=7.247e-07
[train] step=6623 loss=0.123591 lr=7.237e-07
[train] step=6624 loss=0.168148 lr=7.227e-07
[train] step=6625 loss=0.155455 lr=7.217e-07
[train] step=6626 loss=0.118194 lr=7.206e-07
[train] step=6627 loss=0.081708 lr=7.196e-07
[train] step=6628 loss=0.270219 lr=7.186e-07
[train] step=6629 loss=0.328080 lr=7.176e-07
[train] step=6630 loss=0.261605 lr=7.166e-07
[train] step=6631 loss=0.135085 lr=7.156e-07
[train] step=6632 loss=0.148221 lr=7.146e-07
[train] step=6633 loss=0.223818 lr=7.136e-07
[train] step=6634 loss=0.111989 lr=7.126e-07
[train] step=6635 loss=0.122820 lr=7.116e-07
[train] step=6636 loss=0.231062 lr=7.106e-07
[train] step=6637 loss=0.161782 lr=7.096e-07
[train] step=6638 loss=0.150713 lr=7.086e-07
[train] step=6639 loss=0.201759 lr=7.076e-07
[train] step=6640 loss=0.215057 lr=7.066e-07
[train] step=6641 loss=0.142486 lr=7.056e-07
[train] step=6642 loss=0.153076 lr=7.046e-07
[train] step=6643 loss=0.078782 lr=7.036e-07
[train] step=6644 loss=0.188900 lr=7.026e-07
[train] step=6645 loss=0.176773 lr=7.016e-07
[train] step=6646 loss=0.145043 lr=7.006e-07
[train] step=6647 loss=0.094991 lr=6.996e-07
[train] step=6648 loss=0.178357 lr=6.986e-07
[train] step=6649 loss=0.254328 lr=6.976e-07
[train] step=6650 loss=0.217845 lr=6.966e-07
[train] step=6651 loss=0.157942 lr=6.956e-07
[train] step=6652 loss=0.066717 lr=6.947e-07
[train] step=6653 loss=0.227553 lr=6.937e-07
[train] step=6654 loss=0.146128 lr=6.927e-07
[train] step=6655 loss=0.120000 lr=6.917e-07
[train] step=6656 loss=0.102722 lr=6.907e-07
[train] step=6657 loss=0.067416 lr=6.897e-07
[train] step=6658 loss=0.181950 lr=6.887e-07
[train] step=6659 loss=0.188645 lr=6.877e-07
[train] step=6660 loss=0.128775 lr=6.867e-07
[train] step=6661 loss=0.229656 lr=6.858e-07
[train] step=6662 loss=0.238534 lr=6.848e-07
[train] step=6663 loss=0.115303 lr=6.838e-07
[train] step=6664 loss=0.098203 lr=6.828e-07
[train] step=6665 loss=0.161062 lr=6.818e-07
[train] step=6666 loss=0.170644 lr=6.808e-07
[train] step=6667 loss=0.205544 lr=6.799e-07
[train] step=6668 loss=0.094024 lr=6.789e-07
[train] step=6669 loss=0.105307 lr=6.779e-07
[train] step=6670 loss=0.156771 lr=6.769e-07
[train] step=6671 loss=0.119831 lr=6.759e-07
[train] step=6672 loss=0.233303 lr=6.750e-07
[train] step=6673 loss=0.228013 lr=6.740e-07
[train] step=6674 loss=0.197775 lr=6.730e-07
[train] step=6675 loss=0.137861 lr=6.720e-07
[train] step=6676 loss=0.096798 lr=6.711e-07
[train] step=6677 loss=0.157232 lr=6.701e-07
[train] step=6678 loss=0.131207 lr=6.691e-07
[train] step=6679 loss=0.124710 lr=6.681e-07
[train] step=6680 loss=0.256331 lr=6.672e-07
[train] step=6681 loss=0.134391 lr=6.662e-07
[train] step=6682 loss=0.122647 lr=6.652e-07
[train] step=6683 loss=0.126438 lr=6.642e-07
[train] step=6684 loss=0.125992 lr=6.633e-07
[train] step=6685 loss=0.078750 lr=6.623e-07
[train] step=6686 loss=0.154329 lr=6.613e-07
[train] step=6687 loss=0.101364 lr=6.604e-07
[train] step=6688 loss=0.173930 lr=6.594e-07
[train] step=6689 loss=0.160311 lr=6.584e-07
[train] step=6690 loss=0.172804 lr=6.575e-07
[train] step=6691 loss=0.088345 lr=6.565e-07
[train] step=6692 loss=0.136876 lr=6.555e-07
[train] step=6693 loss=0.135637 lr=6.546e-07
[train] step=6694 loss=0.240311 lr=6.536e-07
[train] step=6695 loss=0.319207 lr=6.526e-07
[train] step=6696 loss=0.149674 lr=6.517e-07
[train] step=6697 loss=0.141916 lr=6.507e-07
[train] step=6698 loss=0.296637 lr=6.498e-07
[train] step=6699 loss=0.182153 lr=6.488e-07
[train] step=6700 loss=0.150068 lr=6.478e-07
[train] step=6701 loss=0.157203 lr=6.469e-07
[train] step=6702 loss=0.174236 lr=6.459e-07
[train] step=6703 loss=0.163318 lr=6.450e-07
[train] step=6704 loss=0.190056 lr=6.440e-07
[train] step=6705 loss=0.139786 lr=6.431e-07
[train] step=6706 loss=0.161407 lr=6.421e-07
[train] step=6707 loss=0.198130 lr=6.411e-07
[train] step=6708 loss=0.156810 lr=6.402e-07
[train] step=6709 loss=0.171597 lr=6.392e-07
[train] step=6710 loss=0.137549 lr=6.383e-07
[train] step=6711 loss=0.099930 lr=6.373e-07
[train] step=6712 loss=0.159107 lr=6.364e-07
[train] step=6713 loss=0.114461 lr=6.354e-07
[train] step=6714 loss=0.184748 lr=6.345e-07
[train] step=6715 loss=0.128147 lr=6.335e-07
[train] step=6716 loss=0.141553 lr=6.326e-07
[train] step=6717 loss=0.172401 lr=6.316e-07
[train] step=6718 loss=0.210715 lr=6.307e-07
[train] step=6719 loss=0.150802 lr=6.297e-07
[train] step=6720 loss=0.208268 lr=6.288e-07
INFO     [rank 0] Model weights for step 6720 saved in       dit_trainer.py:1288
         checkpoints/model_weights_step_06720.safetensors                       
INFO     [rank 0] Scalar embedding weights for step 6720     dit_trainer.py:1297
         saved                                                                  
INFO     [rank 0] Training state saved:                      dit_trainer.py:1416
         checkpoints/model_weights_step_06720.state.pt                          
DEBUG    [rank 0] Removed old checkpoint:                    dit_trainer.py:1429
         /hppfs/scratch/0D/go76fuz2/windinet/outputs/shockwa                    
         ve_dit_ch6_loss_rmse_h1/checkpoints/model_weights_s                    
         tep_06480.safetensors                                                  
DEBUG    [rank 0] Removed old checkpoint:                    dit_trainer.py:1429
         /hppfs/scratch/0D/go76fuz2/windinet/outputs/shockwa                    
         ve_dit_ch6_loss_rmse_h1/checkpoints/scalar_embeddin                    
         g_step_06480.safetensors                                               
DEBUG    [rank 0] Removed optimizer state for older kept     dit_trainer.py:1444
         checkpoint:                                                            
         /hppfs/scratch/0D/go76fuz2/windinet/outputs/shockwa                    
         ve_dit_ch6_loss_rmse_h1/checkpoints/model_weights_s                    
         tep_06600.state.pt                                                     
[epoch 56] step=6720 train_loss=0.162308
[train] step=6721 loss=0.143595 lr=6.278e-07
[train] step=6722 loss=0.206131 lr=6.269e-07
[train] step=6723 loss=0.131135 lr=6.260e-07
[train] step=6724 loss=0.118554 lr=6.250e-07
[train] step=6725 loss=0.170690 lr=6.241e-07
[train] step=6726 loss=0.069480 lr=6.231e-07
[train] step=6727 loss=0.086267 lr=6.222e-07
[train] step=6728 loss=0.192236 lr=6.212e-07
[train] step=6729 loss=0.162594 lr=6.203e-07
[train] step=6730 loss=0.123840 lr=6.194e-07
[train] step=6731 loss=0.176038 lr=6.184e-07
[train] step=6732 loss=0.159717 lr=6.175e-07
[train] step=6733 loss=0.114740 lr=6.166e-07
[train] step=6734 loss=0.166269 lr=6.156e-07
[train] step=6735 loss=0.170500 lr=6.147e-07
[train] step=6736 loss=0.387214 lr=6.137e-07
[train] step=6737 loss=0.141903 lr=6.128e-07
[train] step=6738 loss=0.180257 lr=6.119e-07
[train] step=6739 loss=0.124227 lr=6.109e-07
[train] step=6740 loss=0.129559 lr=6.100e-07
[train] step=6741 loss=0.187102 lr=6.091e-07
[train] step=6742 loss=0.318666 lr=6.082e-07
[train] step=6743 loss=0.161921 lr=6.072e-07
[train] step=6744 loss=0.140285 lr=6.063e-07
[train] step=6745 loss=0.241992 lr=6.054e-07
[train] step=6746 loss=0.087635 lr=6.044e-07
[train] step=6747 loss=0.171237 lr=6.035e-07
[train] step=6748 loss=0.130392 lr=6.026e-07
[train] step=6749 loss=0.386836 lr=6.017e-07
[train] step=6750 loss=0.207622 lr=6.007e-07
[train] step=6751 loss=0.169561 lr=5.998e-07
[train] step=6752 loss=0.164467 lr=5.989e-07
[train] step=6753 loss=0.151700 lr=5.980e-07
[train] step=6754 loss=0.242978 lr=5.970e-07
[train] step=6755 loss=0.167775 lr=5.961e-07
[train] step=6756 loss=0.122840 lr=5.952e-07
[train] step=6757 loss=0.172891 lr=5.943e-07
[train] step=6758 loss=0.184952 lr=5.933e-07
[train] step=6759 loss=0.220954 lr=5.924e-07
[train] step=6760 loss=0.151721 lr=5.915e-07
[train] step=6761 loss=0.202954 lr=5.906e-07
[train] step=6762 loss=0.114917 lr=5.897e-07
[train] step=6763 loss=0.142347 lr=5.888e-07
[train] step=6764 loss=0.188473 lr=5.878e-07
[train] step=6765 loss=0.331993 lr=5.869e-07
[train] step=6766 loss=0.174202 lr=5.860e-07
[train] step=6767 loss=0.116636 lr=5.851e-07
[train] step=6768 loss=0.127244 lr=5.842e-07
[train] step=6769 loss=0.090645 lr=5.833e-07
[train] step=6770 loss=0.116343 lr=5.824e-07
[train] step=6771 loss=0.159126 lr=5.814e-07
[train] step=6772 loss=0.148351 lr=5.805e-07
[train] step=6773 loss=0.124450 lr=5.796e-07
[train] step=6774 loss=0.195882 lr=5.787e-07
[train] step=6775 loss=0.201064 lr=5.778e-07
[train] step=6776 loss=0.148584 lr=5.769e-07
[train] step=6777 loss=0.236326 lr=5.760e-07
[train] step=6778 loss=0.158735 lr=5.751e-07
[train] step=6779 loss=0.099157 lr=5.742e-07
[train] step=6780 loss=0.163806 lr=5.733e-07
[train] step=6781 loss=0.190685 lr=5.724e-07
[train] step=6782 loss=0.179711 lr=5.715e-07
[train] step=6783 loss=0.144558 lr=5.706e-07
[train] step=6784 loss=0.170854 lr=5.697e-07
[train] step=6785 loss=0.316758 lr=5.688e-07
[train] step=6786 loss=0.211442 lr=5.679e-07
[train] step=6787 loss=0.118650 lr=5.670e-07
[train] step=6788 loss=0.139532 lr=5.661e-07
[train] step=6789 loss=0.122738 lr=5.652e-07
[train] step=6790 loss=0.175122 lr=5.643e-07
[train] step=6791 loss=0.135772 lr=5.634e-07
[train] step=6792 loss=0.103651 lr=5.625e-07
[train] step=6793 loss=0.092045 lr=5.616e-07
[train] step=6794 loss=0.134190 lr=5.607e-07
[train] step=6795 loss=0.208634 lr=5.598e-07
[train] step=6796 loss=0.103161 lr=5.589e-07
[train] step=6797 loss=0.163523 lr=5.580e-07
[train] step=6798 loss=0.126412 lr=5.571e-07
[train] step=6799 loss=0.170570 lr=5.562e-07
[train] step=6800 loss=0.137386 lr=5.553e-07
[train] step=6801 loss=0.167542 lr=5.544e-07
[train] step=6802 loss=0.245744 lr=5.535e-07
[train] step=6803 loss=0.169500 lr=5.526e-07
[train] step=6804 loss=0.183801 lr=5.518e-07
[train] step=6805 loss=0.163826 lr=5.509e-07
[train] step=6806 loss=0.162104 lr=5.500e-07
[train] step=6807 loss=0.092226 lr=5.491e-07
[train] step=6808 loss=0.160067 lr=5.482e-07
[train] step=6809 loss=0.116500 lr=5.473e-07
[train] step=6810 loss=0.156321 lr=5.464e-07
[train] step=6811 loss=0.171615 lr=5.456e-07
[train] step=6812 loss=0.159687 lr=5.447e-07
[train] step=6813 loss=0.187412 lr=5.438e-07
[train] step=6814 loss=0.094883 lr=5.429e-07
[train] step=6815 loss=0.280905 lr=5.420e-07
[train] step=6816 loss=0.180661 lr=5.411e-07
[train] step=6817 loss=0.167982 lr=5.403e-07
[train] step=6818 loss=0.196658 lr=5.394e-07
[train] step=6819 loss=0.132385 lr=5.385e-07
[train] step=6820 loss=0.187540 lr=5.376e-07
[train] step=6821 loss=0.134509 lr=5.367e-07
[train] step=6822 loss=0.122053 lr=5.359e-07
[train] step=6823 loss=0.204675 lr=5.350e-07
[train] step=6824 loss=0.129049 lr=5.341e-07
[train] step=6825 loss=0.145002 lr=5.332e-07
[train] step=6826 loss=0.168717 lr=5.324e-07
[train] step=6827 loss=0.134074 lr=5.315e-07
[train] step=6828 loss=0.121610 lr=5.306e-07
[train] step=6829 loss=0.150643 lr=5.298e-07
[train] step=6830 loss=0.209150 lr=5.289e-07
[train] step=6831 loss=0.139337 lr=5.280e-07
[train] step=6832 loss=0.154826 lr=5.271e-07
[train] step=6833 loss=0.195981 lr=5.263e-07
[train] step=6834 loss=0.311589 lr=5.254e-07
[train] step=6835 loss=0.124894 lr=5.245e-07
[train] step=6836 loss=0.153076 lr=5.237e-07
[train] step=6837 loss=0.545182 lr=5.228e-07
[train] step=6838 loss=0.145603 lr=5.219e-07
[train] step=6839 loss=0.138130 lr=5.211e-07
[train] step=6840 loss=0.115764 lr=5.202e-07
INFO     [rank 0] Model weights for step 6840 saved in       dit_trainer.py:1288
         checkpoints/model_weights_step_06840.safetensors                       
INFO     [rank 0] Scalar embedding weights for step 6840     dit_trainer.py:1297
         saved                                                                  
INFO     [rank 0] Training state saved:                      dit_trainer.py:1416
         checkpoints/model_weights_step_06840.state.pt                          
DEBUG    [rank 0] Removed old checkpoint:                    dit_trainer.py:1429
         /hppfs/scratch/0D/go76fuz2/windinet/outputs/shockwa                    
         ve_dit_ch6_loss_rmse_h1/checkpoints/model_weights_s                    
         tep_06600.safetensors                                                  
DEBUG    [rank 0] Removed old checkpoint:                    dit_trainer.py:1429
         /hppfs/scratch/0D/go76fuz2/windinet/outputs/shockwa                    
         ve_dit_ch6_loss_rmse_h1/checkpoints/scalar_embeddin                    
         g_step_06600.safetensors                                               
DEBUG    [rank 0] Removed optimizer state for older kept     dit_trainer.py:1444
         checkpoint:                                                            
         /hppfs/scratch/0D/go76fuz2/windinet/outputs/shockwa                    
         ve_dit_ch6_loss_rmse_h1/checkpoints/model_weights_s                    
         tep_06720.state.pt                                                     
[epoch 57] step=6840 train_loss=0.169490
[train] step=6841 loss=0.155875 lr=5.194e-07
[train] step=6842 loss=0.138067 lr=5.185e-07
[train] step=6843 loss=0.180075 lr=5.176e-07
[train] step=6844 loss=0.158516 lr=5.168e-07
[train] step=6845 loss=0.151591 lr=5.159e-07
[train] step=6846 loss=0.210370 lr=5.150e-07
[train] step=6847 loss=0.138227 lr=5.142e-07
[train] step=6848 loss=0.183299 lr=5.133e-07
[train] step=6849 loss=0.142594 lr=5.125e-07
[train] step=6850 loss=0.176307 lr=5.116e-07
[train] step=6851 loss=0.279034 lr=5.108e-07
[train] step=6852 loss=0.134388 lr=5.099e-07
[train] step=6853 loss=0.145524 lr=5.090e-07
[train] step=6854 loss=0.219281 lr=5.082e-07
[train] step=6855 loss=0.282268 lr=5.073e-07
[train] step=6856 loss=0.104302 lr=5.065e-07
[train] step=6857 loss=0.144842 lr=5.056e-07
[train] step=6858 loss=0.110321 lr=5.048e-07
[train] step=6859 loss=0.165062 lr=5.039e-07
[train] step=6860 loss=0.111380 lr=5.031e-07
[train] step=6861 loss=0.183313 lr=5.022e-07
[train] step=6862 loss=0.251784 lr=5.014e-07
[train] step=6863 loss=0.129148 lr=5.005e-07
[train] step=6864 loss=0.195878 lr=4.997e-07
[train] step=6865 loss=0.149900 lr=4.988e-07
[train] step=6866 loss=0.131181 lr=4.980e-07
[train] step=6867 loss=0.143009 lr=4.971e-07
[train] step=6868 loss=0.162943 lr=4.963e-07
[train] step=6869 loss=0.148852 lr=4.955e-07
[train] step=6870 loss=0.103130 lr=4.946e-07
[train] step=6871 loss=0.162196 lr=4.938e-07
[train] step=6872 loss=0.193867 lr=4.929e-07
[train] step=6873 loss=0.123047 lr=4.921e-07
[train] step=6874 loss=0.176280 lr=4.913e-07
[train] step=6875 loss=0.178136 lr=4.904e-07
[train] step=6876 loss=0.227591 lr=4.896e-07
[train] step=6877 loss=0.189652 lr=4.887e-07
[train] step=6878 loss=0.126998 lr=4.879e-07
[train] step=6879 loss=0.145344 lr=4.871e-07
[train] step=6880 loss=0.159688 lr=4.862e-07
[train] step=6881 loss=0.102087 lr=4.854e-07
[train] step=6882 loss=0.187186 lr=4.846e-07
[train] step=6883 loss=0.184847 lr=4.837e-07
[train] step=6884 loss=0.119240 lr=4.829e-07
[train] step=6885 loss=0.097728 lr=4.821e-07
[train] step=6886 loss=0.189512 lr=4.812e-07
[train] step=6887 loss=0.128293 lr=4.804e-07
[train] step=6888 loss=0.160545 lr=4.796e-07
[train] step=6889 loss=0.143335 lr=4.787e-07
[train] step=6890 loss=0.115471 lr=4.779e-07
[train] step=6891 loss=0.216358 lr=4.771e-07
[train] step=6892 loss=0.190235 lr=4.762e-07
[train] step=6893 loss=0.188208 lr=4.754e-07
[train] step=6894 loss=0.215345 lr=4.746e-07
[train] step=6895 loss=0.201546 lr=4.738e-07
[train] step=6896 loss=0.202774 lr=4.729e-07
[train] step=6897 loss=0.106088 lr=4.721e-07
[train] step=6898 loss=0.170696 lr=4.713e-07
[train] step=6899 loss=0.166398 lr=4.705e-07
[train] step=6900 loss=0.140777 lr=4.696e-07
[train] step=6901 loss=0.207861 lr=4.688e-07
[train] step=6902 loss=0.165454 lr=4.680e-07
[train] step=6903 loss=0.166181 lr=4.672e-07
[train] step=6904 loss=0.109215 lr=4.664e-07
[train] step=6905 loss=0.163462 lr=4.655e-07
[train] step=6906 loss=0.132485 lr=4.647e-07
[train] step=6907 loss=0.106772 lr=4.639e-07
[train] step=6908 loss=0.190891 lr=4.631e-07
[train] step=6909 loss=0.160084 lr=4.623e-07
[train] step=6910 loss=0.262539 lr=4.615e-07
[train] step=6911 loss=0.137512 lr=4.606e-07
[train] step=6912 loss=0.185017 lr=4.598e-07
[train] step=6913 loss=0.167220 lr=4.590e-07
[train] step=6914 loss=0.117163 lr=4.582e-07
[train] step=6915 loss=0.111467 lr=4.574e-07
[train] step=6916 loss=0.137346 lr=4.566e-07
[train] step=6917 loss=0.175642 lr=4.558e-07
[train] step=6918 loss=0.219190 lr=4.550e-07
[train] step=6919 loss=0.095266 lr=4.542e-07
[train] step=6920 loss=0.088534 lr=4.533e-07
[train] step=6921 loss=0.226403 lr=4.525e-07
[train] step=6922 loss=0.132723 lr=4.517e-07
[train] step=6923 loss=0.184278 lr=4.509e-07
[train] step=6924 loss=0.166771 lr=4.501e-07
[train] step=6925 loss=0.100952 lr=4.493e-07
[train] step=6926 loss=0.114156 lr=4.485e-07
[train] step=6927 loss=0.104781 lr=4.477e-07
[train] step=6928 loss=0.142632 lr=4.469e-07
[train] step=6929 loss=0.129120 lr=4.461e-07
[train] step=6930 loss=0.278566 lr=4.453e-07
[train] step=6931 loss=0.292912 lr=4.445e-07
[train] step=6932 loss=0.186046 lr=4.437e-07
[train] step=6933 loss=0.090485 lr=4.429e-07
[train] step=6934 loss=0.142743 lr=4.421e-07
[train] step=6935 loss=0.272207 lr=4.413e-07
[train] step=6936 loss=0.111705 lr=4.405e-07
[train] step=6937 loss=0.195895 lr=4.397e-07
[train] step=6938 loss=0.169290 lr=4.389e-07
[train] step=6939 loss=0.327448 lr=4.381e-07
[train] step=6940 loss=0.185699 lr=4.373e-07
[train] step=6941 loss=0.137462 lr=4.365e-07
[train] step=6942 loss=0.131196 lr=4.357e-07
[train] step=6943 loss=0.173325 lr=4.350e-07
[train] step=6944 loss=0.140107 lr=4.342e-07
[train] step=6945 loss=0.155315 lr=4.334e-07
[train] step=6946 loss=0.159788 lr=4.326e-07
[train] step=6947 loss=0.116806 lr=4.318e-07
[train] step=6948 loss=0.112735 lr=4.310e-07
[train] step=6949 loss=0.186766 lr=4.302e-07
[train] step=6950 loss=0.168454 lr=4.294e-07
[train] step=6951 loss=0.127465 lr=4.286e-07
[train] step=6952 loss=0.121387 lr=4.279e-07
[train] step=6953 loss=0.073846 lr=4.271e-07
[train] step=6954 loss=0.282113 lr=4.263e-07
[train] step=6955 loss=0.111334 lr=4.255e-07
[train] step=6956 loss=0.333925 lr=4.247e-07
[train] step=6957 loss=0.090799 lr=4.239e-07
[train] step=6958 loss=0.159043 lr=4.232e-07
[train] step=6959 loss=0.139657 lr=4.224e-07
[train] step=6960 loss=0.063237 lr=4.216e-07
INFO     [rank 0] Model weights for step 6960 saved in       dit_trainer.py:1288
         checkpoints/model_weights_step_06960.safetensors                       
INFO     [rank 0] Scalar embedding weights for step 6960     dit_trainer.py:1297
         saved                                                                  
INFO     [rank 0] Training state saved:                      dit_trainer.py:1416
         checkpoints/model_weights_step_06960.state.pt                          
DEBUG    [rank 0] Removed old checkpoint:                    dit_trainer.py:1429
         /hppfs/scratch/0D/go76fuz2/windinet/outputs/shockwa                    
         ve_dit_ch6_loss_rmse_h1/checkpoints/model_weights_s                    
         tep_06720.safetensors                                                  
DEBUG    [rank 0] Removed old checkpoint:                    dit_trainer.py:1429
         /hppfs/scratch/0D/go76fuz2/windinet/outputs/shockwa                    
         ve_dit_ch6_loss_rmse_h1/checkpoints/scalar_embeddin                    
         g_step_06720.safetensors                                               
DEBUG    [rank 0] Removed optimizer state for older kept     dit_trainer.py:1444
         checkpoint:                                                            
         /hppfs/scratch/0D/go76fuz2/windinet/outputs/shockwa                    
         ve_dit_ch6_loss_rmse_h1/checkpoints/model_weights_s                    
         tep_06840.state.pt                                                     
[epoch 58] step=6960 train_loss=0.162761
[train] step=6961 loss=0.212341 lr=4.208e-07
[train] step=6962 loss=0.131111 lr=4.200e-07
[train] step=6963 loss=0.150351 lr=4.193e-07
[train] step=6964 loss=0.194992 lr=4.185e-07
[train] step=6965 loss=0.131121 lr=4.177e-07
[train] step=6966 loss=0.201362 lr=4.169e-07
[train] step=6967 loss=0.163515 lr=4.162e-07
[train] step=6968 loss=0.145311 lr=4.154e-07
[train] step=6969 loss=0.163363 lr=4.146e-07
[train] step=6970 loss=0.275487 lr=4.138e-07
[train] step=6971 loss=0.165495 lr=4.131e-07
[train] step=6972 loss=0.132955 lr=4.123e-07
[train] step=6973 loss=0.221797 lr=4.115e-07
[train] step=6974 loss=0.110275 lr=4.107e-07
[train] step=6975 loss=0.131998 lr=4.100e-07
[train] step=6976 loss=0.155574 lr=4.092e-07
[train] step=6977 loss=0.189214 lr=4.084e-07
[train] step=6978 loss=0.130987 lr=4.077e-07
[train] step=6979 loss=0.168159 lr=4.069e-07
[train] step=6980 loss=0.186560 lr=4.061e-07
[train] step=6981 loss=0.103049 lr=4.054e-07
[train] step=6982 loss=0.245679 lr=4.046e-07
[train] step=6983 loss=0.134833 lr=4.038e-07
[train] step=6984 loss=0.196408 lr=4.031e-07
[train] step=6985 loss=0.160575 lr=4.023e-07
[train] step=6986 loss=0.217610 lr=4.016e-07
[train] step=6987 loss=0.082528 lr=4.008e-07
[train] step=6988 loss=0.143503 lr=4.000e-07
[train] step=6989 loss=0.135667 lr=3.993e-07
[train] step=6990 loss=0.120906 lr=3.985e-07
[train] step=6991 loss=0.149411 lr=3.978e-07
[train] step=6992 loss=0.310386 lr=3.970e-07
[train] step=6993 loss=0.168793 lr=3.962e-07
[train] step=6994 loss=0.116384 lr=3.955e-07
[train] step=6995 loss=0.141066 lr=3.947e-07
[train] step=6996 loss=0.120426 lr=3.940e-07
[train] step=6997 loss=0.196266 lr=3.932e-07
[train] step=6998 loss=0.076427 lr=3.925e-07
[train] step=6999 loss=0.131771 lr=3.917e-07
[train] step=7000 loss=0.148237 lr=3.910e-07
[train] step=7001 loss=0.123815 lr=3.902e-07
[train] step=7002 loss=0.261907 lr=3.895e-07
[train] step=7003 loss=0.198945 lr=3.887e-07
[train] step=7004 loss=0.135051 lr=3.880e-07
[train] step=7005 loss=0.199716 lr=3.872e-07
[train] step=7006 loss=0.104153 lr=3.865e-07
[train] step=7007 loss=0.172203 lr=3.857e-07
[train] step=7008 loss=0.121041 lr=3.850e-07
[train] step=7009 loss=0.121999 lr=3.842e-07
[train] step=7010 loss=0.187359 lr=3.835e-07
[train] step=7011 loss=0.285777 lr=3.828e-07
[train] step=7012 loss=0.211817 lr=3.820e-07
[train] step=7013 loss=0.119046 lr=3.813e-07
[train] step=7014 loss=0.154978 lr=3.805e-07
[train] step=7015 loss=0.117444 lr=3.798e-07
[train] step=7016 loss=0.215178 lr=3.790e-07
[train] step=7017 loss=0.169274 lr=3.783e-07
[train] step=7018 loss=0.125747 lr=3.776e-07
[train] step=7019 loss=0.211935 lr=3.768e-07
[train] step=7020 loss=0.326750 lr=3.761e-07
[train] step=7021 loss=0.160871 lr=3.754e-07
[train] step=7022 loss=0.144717 lr=3.746e-07
[train] step=7023 loss=0.299292 lr=3.739e-07
[train] step=7024 loss=0.098466 lr=3.731e-07
[train] step=7025 loss=0.134570 lr=3.724e-07
[train] step=7026 loss=0.208229 lr=3.717e-07
[train] step=7027 loss=0.098738 lr=3.709e-07
[train] step=7028 loss=0.086052 lr=3.702e-07
[train] step=7029 loss=0.158336 lr=3.695e-07
[train] step=7030 loss=0.085490 lr=3.688e-07
[train] step=7031 loss=0.148915 lr=3.680e-07
[train] step=7032 loss=0.174143 lr=3.673e-07
[train] step=7033 loss=0.097094 lr=3.666e-07
[train] step=7034 loss=0.143801 lr=3.658e-07
[train] step=7035 loss=0.102412 lr=3.651e-07
[train] step=7036 loss=0.201483 lr=3.644e-07
[train] step=7037 loss=0.149281 lr=3.637e-07
[train] step=7038 loss=0.214198 lr=3.629e-07
[train] step=7039 loss=0.195570 lr=3.622e-07
[train] step=7040 loss=0.200238 lr=3.615e-07
[train] step=7041 loss=0.157184 lr=3.608e-07
[train] step=7042 loss=0.163832 lr=3.600e-07
[train] step=7043 loss=0.133117 lr=3.593e-07
[train] step=7044 loss=0.179719 lr=3.586e-07
[train] step=7045 loss=0.099923 lr=3.579e-07
[train] step=7046 loss=0.200176 lr=3.572e-07
[train] step=7047 loss=0.116306 lr=3.564e-07
[train] step=7048 loss=0.235268 lr=3.557e-07
[train] step=7049 loss=0.128403 lr=3.550e-07
[train] step=7050 loss=0.146093 lr=3.543e-07
[train] step=7051 loss=0.138563 lr=3.536e-07
[train] step=7052 loss=0.136434 lr=3.529e-07
[train] step=7053 loss=0.140176 lr=3.522e-07
[train] step=7054 loss=0.229037 lr=3.514e-07
[train] step=7055 loss=0.122991 lr=3.507e-07
[train] step=7056 loss=0.140597 lr=3.500e-07
[train] step=7057 loss=0.091002 lr=3.493e-07
[train] step=7058 loss=0.164198 lr=3.486e-07
[train] step=7059 loss=0.117046 lr=3.479e-07
[train] step=7060 loss=0.182048 lr=3.472e-07
[train] step=7061 loss=0.166315 lr=3.465e-07
[train] step=7062 loss=0.296461 lr=3.458e-07
[train] step=7063 loss=0.153246 lr=3.451e-07
[train] step=7064 loss=0.145088 lr=3.443e-07
[train] step=7065 loss=0.237898 lr=3.436e-07
[train] step=7066 loss=0.264661 lr=3.429e-07
[train] step=7067 loss=0.128659 lr=3.422e-07
[train] step=7068 loss=0.220446 lr=3.415e-07
[train] step=7069 loss=0.122831 lr=3.408e-07
[train] step=7070 loss=0.269039 lr=3.401e-07
[train] step=7071 loss=0.194137 lr=3.394e-07
[train] step=7072 loss=0.143668 lr=3.387e-07
[train] step=7073 loss=0.137974 lr=3.380e-07
[train] step=7074 loss=0.177820 lr=3.373e-07
[train] step=7075 loss=0.141582 lr=3.366e-07
[train] step=7076 loss=0.176664 lr=3.359e-07
[train] step=7077 loss=0.133604 lr=3.352e-07
[train] step=7078 loss=0.161812 lr=3.345e-07
[train] step=7079 loss=0.201955 lr=3.338e-07
[train] step=7080 loss=0.173286 lr=3.332e-07
INFO     [rank 0] Model weights for step 7080 saved in       dit_trainer.py:1288
         checkpoints/model_weights_step_07080.safetensors                       
INFO     [rank 0] Scalar embedding weights for step 7080     dit_trainer.py:1297
         saved                                                                  
INFO     [rank 0] Training state saved:                      dit_trainer.py:1416
         checkpoints/model_weights_step_07080.state.pt                          
DEBUG    [rank 0] Removed old checkpoint:                    dit_trainer.py:1429
         /hppfs/scratch/0D/go76fuz2/windinet/outputs/shockwa                    
         ve_dit_ch6_loss_rmse_h1/checkpoints/model_weights_s                    
         tep_06840.safetensors                                                  
DEBUG    [rank 0] Removed old checkpoint:                    dit_trainer.py:1429
         /hppfs/scratch/0D/go76fuz2/windinet/outputs/shockwa                    
         ve_dit_ch6_loss_rmse_h1/checkpoints/scalar_embeddin                    
         g_step_06840.safetensors                                               
DEBUG    [rank 0] Removed optimizer state for older kept     dit_trainer.py:1444
         checkpoint:                                                            
         /hppfs/scratch/0D/go76fuz2/windinet/outputs/shockwa                    
         ve_dit_ch6_loss_rmse_h1/checkpoints/model_weights_s                    
         tep_06960.state.pt                                                     
[epoch 59] step=7080 train_loss=0.164059
[train] step=7081 loss=0.172687 lr=3.325e-07
[train] step=7082 loss=0.165971 lr=3.318e-07
[train] step=7083 loss=0.345808 lr=3.311e-07
[train] step=7084 loss=0.193013 lr=3.304e-07
[train] step=7085 loss=0.110579 lr=3.297e-07
[train] step=7086 loss=0.175985 lr=3.290e-07
[train] step=7087 loss=0.156982 lr=3.283e-07
[train] step=7088 loss=0.134849 lr=3.276e-07
[train] step=7089 loss=0.143658 lr=3.269e-07
[train] step=7090 loss=0.146336 lr=3.262e-07
[train] step=7091 loss=0.142327 lr=3.256e-07
[train] step=7092 loss=0.142792 lr=3.249e-07
[train] step=7093 loss=0.137924 lr=3.242e-07
[train] step=7094 loss=0.119353 lr=3.235e-07
[train] step=7095 loss=0.138736 lr=3.228e-07
[train] step=7096 loss=0.121063 lr=3.221e-07
[train] step=7097 loss=0.146246 lr=3.215e-07
[train] step=7098 loss=0.197043 lr=3.208e-07
[train] step=7099 loss=0.232949 lr=3.201e-07
[train] step=7100 loss=0.113277 lr=3.194e-07
[train] step=7101 loss=0.159803 lr=3.187e-07
[train] step=7102 loss=0.122528 lr=3.181e-07
[train] step=7103 loss=0.186850 lr=3.174e-07
[train] step=7104 loss=0.181129 lr=3.167e-07
[train] step=7105 loss=0.242499 lr=3.160e-07
[train] step=7106 loss=0.107226 lr=3.153e-07
[train] step=7107 loss=0.174908 lr=3.147e-07
[train] step=7108 loss=0.130257 lr=3.140e-07
[train] step=7109 loss=0.134447 lr=3.133e-07
[train] step=7110 loss=0.112279 lr=3.127e-07
[train] step=7111 loss=0.166162 lr=3.120e-07
[train] step=7112 loss=0.128088 lr=3.113e-07
[train] step=7113 loss=0.202748 lr=3.106e-07
[train] step=7114 loss=0.148385 lr=3.100e-07
[train] step=7115 loss=0.245064 lr=3.093e-07
[train] step=7116 loss=0.079849 lr=3.086e-07
[train] step=7117 loss=0.173055 lr=3.080e-07
[train] step=7118 loss=0.102657 lr=3.073e-07
[train] step=7119 loss=0.161965 lr=3.066e-07
[train] step=7120 loss=0.271239 lr=3.060e-07
[train] step=7121 loss=0.127407 lr=3.053e-07
[train] step=7122 loss=0.173020 lr=3.046e-07
[train] step=7123 loss=0.203525 lr=3.040e-07
[train] step=7124 loss=0.106207 lr=3.033e-07
[train] step=7125 loss=0.271081 lr=3.026e-07
[train] step=7126 loss=0.184130 lr=3.020e-07
[train] step=7127 loss=0.396078 lr=3.013e-07
[train] step=7128 loss=0.152162 lr=3.007e-07
[train] step=7129 loss=0.158182 lr=3.000e-07
[train] step=7130 loss=0.150679 lr=2.993e-07
[train] step=7131 loss=0.096627 lr=2.987e-07
[train] step=7132 loss=0.114461 lr=2.980e-07
[train] step=7133 loss=0.301109 lr=2.974e-07
[train] step=7134 loss=0.228019 lr=2.967e-07
[train] step=7135 loss=0.134971 lr=2.961e-07
[train] step=7136 loss=0.135479 lr=2.954e-07
[train] step=7137 loss=0.190373 lr=2.948e-07
[train] step=7138 loss=0.175768 lr=2.941e-07
[train] step=7139 loss=0.138965 lr=2.935e-07
[train] step=7140 loss=0.102707 lr=2.928e-07
[train] step=7141 loss=0.212549 lr=2.922e-07
[train] step=7142 loss=0.144162 lr=2.915e-07
[train] step=7143 loss=0.159706 lr=2.909e-07
[train] step=7144 loss=0.135800 lr=2.902e-07
[train] step=7145 loss=0.201190 lr=2.896e-07
[train] step=7146 loss=0.223382 lr=2.889e-07
[train] step=7147 loss=0.152114 lr=2.883e-07
[train] step=7148 loss=0.180007 lr=2.876e-07
[train] step=7149 loss=0.127017 lr=2.870e-07
[train] step=7150 loss=0.136277 lr=2.863e-07
[train] step=7151 loss=0.155838 lr=2.857e-07
[train] step=7152 loss=0.164578 lr=2.851e-07
[train] step=7153 loss=0.351239 lr=2.844e-07
[train] step=7154 loss=0.125130 lr=2.838e-07
[train] step=7155 loss=0.205917 lr=2.831e-07
[train] step=7156 loss=0.157892 lr=2.825e-07
[train] step=7157 loss=0.148914 lr=2.819e-07
[train] step=7158 loss=0.081112 lr=2.812e-07
[train] step=7159 loss=0.164970 lr=2.806e-07
[train] step=7160 loss=0.102742 lr=2.799e-07
[train] step=7161 loss=0.229073 lr=2.793e-07
[train] step=7162 loss=0.165134 lr=2.787e-07
[train] step=7163 loss=0.127701 lr=2.780e-07
[train] step=7164 loss=0.287515 lr=2.774e-07
[train] step=7165 loss=0.239483 lr=2.768e-07
[train] step=7166 loss=0.097253 lr=2.761e-07
[train] step=7167 loss=0.164417 lr=2.755e-07
[train] step=7168 loss=0.235655 lr=2.749e-07
[train] step=7169 loss=0.163318 lr=2.742e-07
[train] step=7170 loss=0.160201 lr=2.736e-07
[train] step=7171 loss=0.174664 lr=2.730e-07
[train] step=7172 loss=0.151852 lr=2.724e-07
[train] step=7173 loss=0.133493 lr=2.717e-07
[train] step=7174 loss=0.172233 lr=2.711e-07
[train] step=7175 loss=0.248865 lr=2.705e-07
[train] step=7176 loss=0.147308 lr=2.699e-07
[train] step=7177 loss=0.133073 lr=2.692e-07
[train] step=7178 loss=0.114846 lr=2.686e-07
[train] step=7179 loss=0.174858 lr=2.680e-07
[train] step=7180 loss=0.142058 lr=2.674e-07
[train] step=7181 loss=0.143849 lr=2.667e-07
[train] step=7182 loss=0.139831 lr=2.661e-07
[train] step=7183 loss=0.150473 lr=2.655e-07
[train] step=7184 loss=0.168103 lr=2.649e-07
[train] step=7185 loss=0.149939 lr=2.643e-07
[train] step=7186 loss=0.164463 lr=2.636e-07
[train] step=7187 loss=0.156311 lr=2.630e-07
[train] step=7188 loss=0.130318 lr=2.624e-07
[train] step=7189 loss=0.081683 lr=2.618e-07
[train] step=7190 loss=0.287754 lr=2.612e-07
[train] step=7191 loss=0.151043 lr=2.606e-07
[train] step=7192 loss=0.198786 lr=2.600e-07
[train] step=7193 loss=0.194078 lr=2.593e-07
[train] step=7194 loss=0.213355 lr=2.587e-07
[train] step=7195 loss=0.115967 lr=2.581e-07
[train] step=7196 loss=0.163020 lr=2.575e-07
[train] step=7197 loss=0.133584 lr=2.569e-07
[train] step=7198 loss=0.186548 lr=2.563e-07
[train] step=7199 loss=0.237594 lr=2.557e-07
[train] step=7200 loss=0.143964 lr=2.551e-07
[val] step=7200 val_loss=0.163655
INFO     [rank 0] Model weights for step 7200 saved in       dit_trainer.py:1288
         checkpoints/model_weights_step_07200.safetensors                       
INFO     [rank 0] Scalar embedding weights for step 7200     dit_trainer.py:1297
         saved                                                                  
INFO     [rank 0] Training state saved:                      dit_trainer.py:1416
         checkpoints/model_weights_step_07200.state.pt                          
INFO     [rank 0] New best checkpoint (step 7200,            dit_trainer.py:1320
         val_loss=0.163655):                                                    
         checkpoints/model_weights_best.safetensors                             
DEBUG    [rank 0] Removed old checkpoint:                    dit_trainer.py:1429
         /hppfs/scratch/0D/go76fuz2/windinet/outputs/shockwa                    
         ve_dit_ch6_loss_rmse_h1/checkpoints/model_weights_s                    
         tep_06960.safetensors                                                  
DEBUG    [rank 0] Removed old checkpoint:                    dit_trainer.py:1429
         /hppfs/scratch/0D/go76fuz2/windinet/outputs/shockwa                    
         ve_dit_ch6_loss_rmse_h1/checkpoints/scalar_embeddin                    
         g_step_06960.safetensors                                               
DEBUG    [rank 0] Removed optimizer state for older kept     dit_trainer.py:1444
         checkpoint:                                                            
         /hppfs/scratch/0D/go76fuz2/windinet/outputs/shockwa                    
         ve_dit_ch6_loss_rmse_h1/checkpoints/model_weights_s                    
         tep_07080.state.pt                                                     
[epoch 60] step=7200 train_loss=0.167860 val_loss=0.163655
[train] step=7201 loss=0.204507 lr=2.545e-07
[train] step=7202 loss=0.375766 lr=2.539e-07
[train] step=7203 loss=0.161772 lr=2.533e-07
[train] step=7204 loss=0.199938 lr=2.527e-07
[train] step=7205 loss=0.183495 lr=2.521e-07
[train] step=7206 loss=0.160431 lr=2.515e-07
[train] step=7207 loss=0.229284 lr=2.508e-07
[train] step=7208 loss=0.115817 lr=2.502e-07
[train] step=7209 loss=0.101103 lr=2.496e-07
[train] step=7210 loss=0.167892 lr=2.490e-07
[train] step=7211 loss=0.092669 lr=2.484e-07
[train] step=7212 loss=0.167671 lr=2.478e-07
[train] step=7213 loss=0.168324 lr=2.473e-07
[train] step=7214 loss=0.148507 lr=2.467e-07
[train] step=7215 loss=0.144941 lr=2.461e-07
[train] step=7216 loss=0.234664 lr=2.455e-07
[train] step=7217 loss=0.212469 lr=2.449e-07
[train] step=7218 loss=0.066882 lr=2.443e-07
[train] step=7219 loss=0.184734 lr=2.437e-07
[train] step=7220 loss=0.091422 lr=2.431e-07
[train] step=7221 loss=0.163760 lr=2.425e-07
[train] step=7222 loss=0.135514 lr=2.419e-07
[train] step=7223 loss=0.307581 lr=2.413e-07
[train] step=7224 loss=0.412691 lr=2.407e-07
[train] step=7225 loss=0.121446 lr=2.401e-07
[train] step=7226 loss=0.212022 lr=2.395e-07
[train] step=7227 loss=0.119591 lr=2.390e-07
[train] step=7228 loss=0.112255 lr=2.384e-07
[train] step=7229 loss=0.155203 lr=2.378e-07
[train] step=7230 loss=0.101481 lr=2.372e-07
[train] step=7231 loss=0.209717 lr=2.366e-07
[train] step=7232 loss=0.094720 lr=2.360e-07
[train] step=7233 loss=0.146107 lr=2.355e-07
[train] step=7234 loss=0.174300 lr=2.349e-07
[train] step=7235 loss=0.141824 lr=2.343e-07
[train] step=7236 loss=0.143441 lr=2.337e-07
[train] step=7237 loss=0.223561 lr=2.331e-07
[train] step=7238 loss=0.168070 lr=2.325e-07
[train] step=7239 loss=0.096175 lr=2.320e-07
[train] step=7240 loss=0.215618 lr=2.314e-07
[train] step=7241 loss=0.089491 lr=2.308e-07
[train] step=7242 loss=0.188114 lr=2.302e-07
[train] step=7243 loss=0.216792 lr=2.297e-07
[train] step=7244 loss=0.123370 lr=2.291e-07
[train] step=7245 loss=0.167936 lr=2.285e-07
[train] step=7246 loss=0.149790 lr=2.279e-07
[train] step=7247 loss=0.122192 lr=2.274e-07
[train] step=7248 loss=0.173086 lr=2.268e-07
[train] step=7249 loss=0.168994 lr=2.262e-07
[train] step=7250 loss=0.111130 lr=2.257e-07
[train] step=7251 loss=0.104526 lr=2.251e-07
[train] step=7252 loss=0.153847 lr=2.245e-07
[train] step=7253 loss=0.139419 lr=2.239e-07
[train] step=7254 loss=0.193741 lr=2.234e-07
[train] step=7255 loss=0.099083 lr=2.228e-07
[train] step=7256 loss=0.129414 lr=2.222e-07
[train] step=7257 loss=0.173260 lr=2.217e-07
[train] step=7258 loss=0.098880 lr=2.211e-07
[train] step=7259 loss=0.194908 lr=2.206e-07
[train] step=7260 loss=0.190819 lr=2.200e-07
[train] step=7261 loss=0.190585 lr=2.194e-07
[train] step=7262 loss=0.174847 lr=2.189e-07
[train] step=7263 loss=0.128010 lr=2.183e-07
[train] step=7264 loss=0.135397 lr=2.177e-07
[train] step=7265 loss=0.124932 lr=2.172e-07
[train] step=7266 loss=0.155058 lr=2.166e-07
[train] step=7267 loss=0.104498 lr=2.161e-07
[train] step=7268 loss=0.121121 lr=2.155e-07
[train] step=7269 loss=0.234835 lr=2.150e-07
[train] step=7270 loss=0.101555 lr=2.144e-07
[train] step=7271 loss=0.090844 lr=2.138e-07
[train] step=7272 loss=0.140499 lr=2.133e-07
[train] step=7273 loss=0.519255 lr=2.127e-07
[train] step=7274 loss=0.145113 lr=2.122e-07
[train] step=7275 loss=0.176166 lr=2.116e-07
[train] step=7276 loss=0.120366 lr=2.111e-07
[train] step=7277 loss=0.157224 lr=2.105e-07
[train] step=7278 loss=0.146324 lr=2.100e-07
[train] step=7279 loss=0.163711 lr=2.094e-07
[train] step=7280 loss=0.146483 lr=2.089e-07
[train] step=7281 loss=0.052168 lr=2.083e-07
[train] step=7282 loss=0.058509 lr=2.078e-07
[train] step=7283 loss=0.102997 lr=2.072e-07
[train] step=7284 loss=0.167144 lr=2.067e-07
[train] step=7285 loss=0.119830 lr=2.061e-07
[train] step=7286 loss=0.176439 lr=2.056e-07
[train] step=7287 loss=0.123549 lr=2.051e-07
[train] step=7288 loss=0.206527 lr=2.045e-07
[train] step=7289 loss=0.328268 lr=2.040e-07
[train] step=7290 loss=0.178837 lr=2.034e-07
[train] step=7291 loss=0.260031 lr=2.029e-07
[train] step=7292 loss=0.137428 lr=2.024e-07
[train] step=7293 loss=0.218731 lr=2.018e-07
[train] step=7294 loss=0.140071 lr=2.013e-07
[train] step=7295 loss=0.188498 lr=2.007e-07
[train] step=7296 loss=0.197962 lr=2.002e-07
[train] step=7297 loss=0.130094 lr=1.997e-07
[train] step=7298 loss=0.128048 lr=1.991e-07
[train] step=7299 loss=0.165855 lr=1.986e-07
[train] step=7300 loss=0.124637 lr=1.981e-07
[train] step=7301 loss=0.311436 lr=1.975e-07
[train] step=7302 loss=0.132638 lr=1.970e-07
[train] step=7303 loss=0.129936 lr=1.965e-07
[train] step=7304 loss=0.122266 lr=1.959e-07
[train] step=7305 loss=0.247972 lr=1.954e-07
[train] step=7306 loss=0.097633 lr=1.949e-07
[train] step=7307 loss=0.324246 lr=1.944e-07
[train] step=7308 loss=0.202221 lr=1.938e-07
[train] step=7309 loss=0.190131 lr=1.933e-07
[train] step=7310 loss=0.124868 lr=1.928e-07
[train] step=7311 loss=0.299482 lr=1.922e-07
[train] step=7312 loss=0.124705 lr=1.917e-07
[train] step=7313 loss=0.222704 lr=1.912e-07
[train] step=7314 loss=0.135470 lr=1.907e-07
[train] step=7315 loss=0.185270 lr=1.902e-07
[train] step=7316 loss=0.162062 lr=1.896e-07
[train] step=7317 loss=0.355755 lr=1.891e-07
[train] step=7318 loss=0.114629 lr=1.886e-07
[train] step=7319 loss=0.185584 lr=1.881e-07
[train] step=7320 loss=0.193257 lr=1.876e-07
INFO     [rank 0] Model weights for step 7320 saved in       dit_trainer.py:1288
         checkpoints/model_weights_step_07320.safetensors                       
INFO     [rank 0] Scalar embedding weights for step 7320     dit_trainer.py:1297
         saved                                                                  
INFO     [rank 0] Training state saved:                      dit_trainer.py:1416
         checkpoints/model_weights_step_07320.state.pt                          
DEBUG    [rank 0] Removed old checkpoint:                    dit_trainer.py:1429
         /hppfs/scratch/0D/go76fuz2/windinet/outputs/shockwa                    
         ve_dit_ch6_loss_rmse_h1/checkpoints/model_weights_s                    
         tep_07080.safetensors                                                  
DEBUG    [rank 0] Removed old checkpoint:                    dit_trainer.py:1429
         /hppfs/scratch/0D/go76fuz2/windinet/outputs/shockwa                    
         ve_dit_ch6_loss_rmse_h1/checkpoints/scalar_embeddin                    
         g_step_07080.safetensors                                               
DEBUG    [rank 0] Removed optimizer state for older kept     dit_trainer.py:1444
         checkpoint:                                                            
         /hppfs/scratch/0D/go76fuz2/windinet/outputs/shockwa                    
         ve_dit_ch6_loss_rmse_h1/checkpoints/model_weights_s                    
         tep_07200.state.pt                                                     
[epoch 61] step=7320 train_loss=0.167930
[train] step=7321 loss=0.199522 lr=1.870e-07
[train] step=7322 loss=0.152007 lr=1.865e-07
[train] step=7323 loss=0.203250 lr=1.860e-07
[train] step=7324 loss=0.164652 lr=1.855e-07
[train] step=7325 loss=0.237033 lr=1.850e-07
[train] step=7326 loss=0.155680 lr=1.845e-07
[train] step=7327 loss=0.140797 lr=1.839e-07
[train] step=7328 loss=0.125737 lr=1.834e-07
[train] step=7329 loss=0.148405 lr=1.829e-07
[train] step=7330 loss=0.169386 lr=1.824e-07
[train] step=7331 loss=0.177229 lr=1.819e-07
[train] step=7332 loss=0.157007 lr=1.814e-07
[train] step=7333 loss=0.227716 lr=1.809e-07
[train] step=7334 loss=0.261693 lr=1.804e-07
[train] step=7335 loss=0.141540 lr=1.799e-07
[train] step=7336 loss=0.158637 lr=1.794e-07
[train] step=7337 loss=0.170767 lr=1.788e-07
[train] step=7338 loss=0.080416 lr=1.783e-07
[train] step=7339 loss=0.242854 lr=1.778e-07
[train] step=7340 loss=0.235284 lr=1.773e-07
[train] step=7341 loss=0.098349 lr=1.768e-07
[train] step=7342 loss=0.148013 lr=1.763e-07
[train] step=7343 loss=0.286092 lr=1.758e-07
[train] step=7344 loss=0.138153 lr=1.753e-07
[train] step=7345 loss=0.108933 lr=1.748e-07
[train] step=7346 loss=0.114497 lr=1.743e-07
[train] step=7347 loss=0.172376 lr=1.738e-07
[train] step=7348 loss=0.324988 lr=1.733e-07
[train] step=7349 loss=0.164851 lr=1.728e-07
[train] step=7350 loss=0.240046 lr=1.723e-07
[train] step=7351 loss=0.214202 lr=1.718e-07
[train] step=7352 loss=0.168104 lr=1.713e-07
[train] step=7353 loss=0.128627 lr=1.709e-07
[train] step=7354 loss=0.155078 lr=1.704e-07
[train] step=7355 loss=0.079250 lr=1.699e-07
[train] step=7356 loss=0.140746 lr=1.694e-07
[train] step=7357 loss=0.129094 lr=1.689e-07
[train] step=7358 loss=0.294655 lr=1.684e-07
[train] step=7359 loss=0.179630 lr=1.679e-07
[train] step=7360 loss=0.159254 lr=1.674e-07
[train] step=7361 loss=0.159235 lr=1.669e-07
[train] step=7362 loss=0.165188 lr=1.664e-07
[train] step=7363 loss=0.109672 lr=1.660e-07
[train] step=7364 loss=0.186957 lr=1.655e-07
[train] step=7365 loss=0.200019 lr=1.650e-07
[train] step=7366 loss=0.160221 lr=1.645e-07
[train] step=7367 loss=0.227226 lr=1.640e-07
[train] step=7368 loss=0.170931 lr=1.635e-07
[train] step=7369 loss=0.098094 lr=1.630e-07
[train] step=7370 loss=0.162790 lr=1.626e-07
[train] step=7371 loss=0.149852 lr=1.621e-07
[train] step=7372 loss=0.299328 lr=1.616e-07
[train] step=7373 loss=0.123393 lr=1.611e-07
[train] step=7374 loss=0.195501 lr=1.606e-07
[train] step=7375 loss=0.391211 lr=1.602e-07
[train] step=7376 loss=0.230677 lr=1.597e-07
[train] step=7377 loss=0.169850 lr=1.592e-07
[train] step=7378 loss=0.143026 lr=1.587e-07
[train] step=7379 loss=0.124754 lr=1.583e-07
[train] step=7380 loss=0.113764 lr=1.578e-07
[train] step=7381 loss=0.121262 lr=1.573e-07
[train] step=7382 loss=0.097176 lr=1.568e-07
[train] step=7383 loss=0.114272 lr=1.564e-07
[train] step=7384 loss=0.124574 lr=1.559e-07
[train] step=7385 loss=0.335038 lr=1.554e-07
[train] step=7386 loss=0.127490 lr=1.550e-07
[train] step=7387 loss=0.242817 lr=1.545e-07
[train] step=7388 loss=0.240479 lr=1.540e-07
[train] step=7389 loss=0.201515 lr=1.536e-07
[train] step=7390 loss=0.168395 lr=1.531e-07
[train] step=7391 loss=0.157617 lr=1.526e-07
[train] step=7392 loss=0.122161 lr=1.522e-07
[train] step=7393 loss=0.118741 lr=1.517e-07
[train] step=7394 loss=0.113444 lr=1.512e-07
[train] step=7395 loss=0.153042 lr=1.508e-07
[train] step=7396 loss=0.189848 lr=1.503e-07
[train] step=7397 loss=0.219618 lr=1.498e-07
[train] step=7398 loss=0.194879 lr=1.494e-07
[train] step=7399 loss=0.130628 lr=1.489e-07
[train] step=7400 loss=0.206291 lr=1.485e-07
[train] step=7401 loss=0.164988 lr=1.480e-07
[train] step=7402 loss=0.122931 lr=1.476e-07
[train] step=7403 loss=0.093120 lr=1.471e-07
[train] step=7404 loss=0.134405 lr=1.466e-07
[train] step=7405 loss=0.096150 lr=1.462e-07
[train] step=7406 loss=0.171879 lr=1.457e-07
[train] step=7407 loss=0.200084 lr=1.453e-07
[train] step=7408 loss=0.092963 lr=1.448e-07
[train] step=7409 loss=0.166906 lr=1.444e-07
[train] step=7410 loss=0.116351 lr=1.439e-07
[train] step=7411 loss=0.226081 lr=1.435e-07
[train] step=7412 loss=0.118340 lr=1.430e-07
[train] step=7413 loss=0.166248 lr=1.426e-07
[train] step=7414 loss=0.108844 lr=1.421e-07
[train] step=7415 loss=0.141141 lr=1.417e-07
[train] step=7416 loss=0.148257 lr=1.412e-07
[train] step=7417 loss=0.092658 lr=1.408e-07
[train] step=7418 loss=0.142308 lr=1.403e-07
[train] step=7419 loss=0.169313 lr=1.399e-07
[train] step=7420 loss=0.114277 lr=1.394e-07
[train] step=7421 loss=0.132334 lr=1.390e-07
[train] step=7422 loss=0.122205 lr=1.386e-07
[train] step=7423 loss=0.255260 lr=1.381e-07
[train] step=7424 loss=0.124792 lr=1.377e-07
[train] step=7425 loss=0.118017 lr=1.372e-07
[train] step=7426 loss=0.143917 lr=1.368e-07
[train] step=7427 loss=0.168956 lr=1.364e-07
[train] step=7428 loss=0.178762 lr=1.359e-07
[train] step=7429 loss=0.147829 lr=1.355e-07
[train] step=7430 loss=0.119817 lr=1.350e-07
[train] step=7431 loss=0.187956 lr=1.346e-07
[train] step=7432 loss=0.167606 lr=1.342e-07
[train] step=7433 loss=0.148435 lr=1.337e-07
[train] step=7434 loss=0.189769 lr=1.333e-07
[train] step=7435 loss=0.110201 lr=1.329e-07
[train] step=7436 loss=0.193491 lr=1.324e-07
[train] step=7437 loss=0.187734 lr=1.320e-07
[train] step=7438 loss=0.200463 lr=1.316e-07
[train] step=7439 loss=0.085301 lr=1.312e-07
[train] step=7440 loss=0.202693 lr=1.307e-07
INFO     [rank 0] Model weights for step 7440 saved in       dit_trainer.py:1288
         checkpoints/model_weights_step_07440.safetensors                       
INFO     [rank 0] Scalar embedding weights for step 7440     dit_trainer.py:1297
         saved                                                                  
INFO     [rank 0] Training state saved:                      dit_trainer.py:1416
         checkpoints/model_weights_step_07440.state.pt                          
DEBUG    [rank 0] Removed old checkpoint:                    dit_trainer.py:1429
         /hppfs/scratch/0D/go76fuz2/windinet/outputs/shockwa                    
         ve_dit_ch6_loss_rmse_h1/checkpoints/model_weights_s                    
         tep_07200.safetensors                                                  
DEBUG    [rank 0] Removed old checkpoint:                    dit_trainer.py:1429
         /hppfs/scratch/0D/go76fuz2/windinet/outputs/shockwa                    
         ve_dit_ch6_loss_rmse_h1/checkpoints/scalar_embeddin                    
         g_step_07200.safetensors                                               
DEBUG    [rank 0] Removed optimizer state for older kept     dit_trainer.py:1444
         checkpoint:                                                            
         /hppfs/scratch/0D/go76fuz2/windinet/outputs/shockwa                    
         ve_dit_ch6_loss_rmse_h1/checkpoints/model_weights_s                    
         tep_07320.state.pt                                                     
[epoch 62] step=7440 train_loss=0.165991
[train] step=7441 loss=0.097692 lr=1.303e-07
[train] step=7442 loss=0.175663 lr=1.299e-07
[train] step=7443 loss=0.320228 lr=1.294e-07
[train] step=7444 loss=0.185298 lr=1.290e-07
[train] step=7445 loss=0.063508 lr=1.286e-07
[train] step=7446 loss=0.187276 lr=1.282e-07
[train] step=7447 loss=0.284495 lr=1.277e-07
[train] step=7448 loss=0.158858 lr=1.273e-07
[train] step=7449 loss=0.223165 lr=1.269e-07
[train] step=7450 loss=0.231007 lr=1.265e-07
[train] step=7451 loss=0.209009 lr=1.261e-07
[train] step=7452 loss=0.214839 lr=1.256e-07
[train] step=7453 loss=0.130228 lr=1.252e-07
[train] step=7454 loss=0.116300 lr=1.248e-07
[train] step=7455 loss=0.161291 lr=1.244e-07
[train] step=7456 loss=0.079117 lr=1.240e-07
[train] step=7457 loss=0.122107 lr=1.235e-07
[train] step=7458 loss=0.168104 lr=1.231e-07
[train] step=7459 loss=0.230764 lr=1.227e-07
[train] step=7460 loss=0.150289 lr=1.223e-07
[train] step=7461 loss=0.207658 lr=1.219e-07
[train] step=7462 loss=0.256861 lr=1.215e-07
[train] step=7463 loss=0.198799 lr=1.211e-07
[train] step=7464 loss=0.169506 lr=1.207e-07
[train] step=7465 loss=0.163999 lr=1.202e-07
[train] step=7466 loss=0.262598 lr=1.198e-07
[train] step=7467 loss=0.180292 lr=1.194e-07
[train] step=7468 loss=0.176881 lr=1.190e-07
[train] step=7469 loss=0.242322 lr=1.186e-07
[train] step=7470 loss=0.168786 lr=1.182e-07
[train] step=7471 loss=0.115525 lr=1.178e-07
[train] step=7472 loss=0.118589 lr=1.174e-07
[train] step=7473 loss=0.118309 lr=1.170e-07
[train] step=7474 loss=0.191509 lr=1.166e-07
[train] step=7475 loss=0.184438 lr=1.162e-07
[train] step=7476 loss=0.154370 lr=1.158e-07
[train] step=7477 loss=0.160208 lr=1.154e-07
[train] step=7478 loss=0.070340 lr=1.150e-07
[train] step=7479 loss=0.151507 lr=1.146e-07
[train] step=7480 loss=0.232479 lr=1.142e-07
[train] step=7481 loss=0.156473 lr=1.138e-07
[train] step=7482 loss=0.210519 lr=1.134e-07
[train] step=7483 loss=0.297973 lr=1.130e-07
[train] step=7484 loss=0.096246 lr=1.126e-07
[train] step=7485 loss=0.307435 lr=1.122e-07
[train] step=7486 loss=0.156362 lr=1.118e-07
[train] step=7487 loss=0.092039 lr=1.114e-07
[train] step=7488 loss=0.180618 lr=1.110e-07
[train] step=7489 loss=0.102611 lr=1.106e-07
[train] step=7490 loss=0.121396 lr=1.102e-07
[train] step=7491 loss=0.253859 lr=1.098e-07
[train] step=7492 loss=0.125352 lr=1.095e-07
[train] step=7493 loss=0.155038 lr=1.091e-07
[train] step=7494 loss=0.183357 lr=1.087e-07
[train] step=7495 loss=0.150821 lr=1.083e-07
[train] step=7496 loss=0.168235 lr=1.079e-07
[train] step=7497 loss=0.185656 lr=1.075e-07
[train] step=7498 loss=0.167964 lr=1.071e-07
[train] step=7499 loss=0.172286 lr=1.067e-07
[train] step=7500 loss=0.188397 lr=1.064e-07
[train] step=7501 loss=0.123307 lr=1.060e-07
[train] step=7502 loss=0.245290 lr=1.056e-07
[train] step=7503 loss=0.125212 lr=1.052e-07
[train] step=7504 loss=0.142690 lr=1.048e-07
[train] step=7505 loss=0.245124 lr=1.045e-07
[train] step=7506 loss=0.142035 lr=1.041e-07
[train] step=7507 loss=0.135953 lr=1.037e-07
[train] step=7508 loss=0.237528 lr=1.033e-07
[train] step=7509 loss=0.128314 lr=1.029e-07
[train] step=7510 loss=0.167385 lr=1.026e-07
[train] step=7511 loss=0.099892 lr=1.022e-07
[train] step=7512 loss=0.151856 lr=1.018e-07
[train] step=7513 loss=0.065291 lr=1.014e-07
[train] step=7514 loss=0.092273 lr=1.011e-07
[train] step=7515 loss=0.191336 lr=1.007e-07
[train] step=7516 loss=0.090746 lr=1.003e-07
[train] step=7517 loss=0.175453 lr=9.995e-08
[train] step=7518 loss=0.100084 lr=9.958e-08
[train] step=7519 loss=0.097465 lr=9.921e-08
[train] step=7520 loss=0.111270 lr=9.884e-08
[train] step=7521 loss=0.176682 lr=9.848e-08
[train] step=7522 loss=0.212328 lr=9.811e-08
[train] step=7523 loss=0.111549 lr=9.774e-08
[train] step=7524 loss=0.160380 lr=9.738e-08
[train] step=7525 loss=0.111211 lr=9.701e-08
[train] step=7526 loss=0.211159 lr=9.665e-08
[train] step=7527 loss=0.144463 lr=9.628e-08
[train] step=7528 loss=0.137332 lr=9.592e-08
[train] step=7529 loss=0.102531 lr=9.556e-08
[train] step=7530 loss=0.142131 lr=9.520e-08
[train] step=7531 loss=0.317934 lr=9.484e-08
[train] step=7532 loss=0.154272 lr=9.448e-08
[train] step=7533 loss=0.231405 lr=9.412e-08
[train] step=7534 loss=0.157104 lr=9.376e-08
[train] step=7535 loss=0.179748 lr=9.340e-08
[train] step=7536 loss=0.165951 lr=9.305e-08
[train] step=7537 loss=0.205346 lr=9.269e-08
[train] step=7538 loss=0.239679 lr=9.234e-08
[train] step=7539 loss=0.167305 lr=9.198e-08
[train] step=7540 loss=0.200043 lr=9.163e-08
[train] step=7541 loss=0.146878 lr=9.128e-08
[train] step=7542 loss=0.096620 lr=9.092e-08
[train] step=7543 loss=0.175927 lr=9.057e-08
[train] step=7544 loss=0.137252 lr=9.022e-08
[train] step=7545 loss=0.137232 lr=8.987e-08
[train] step=7546 loss=0.102005 lr=8.952e-08
[train] step=7547 loss=0.388808 lr=8.917e-08
[train] step=7548 loss=0.160937 lr=8.883e-08
[train] step=7549 loss=0.149491 lr=8.848e-08
[train] step=7550 loss=0.105049 lr=8.813e-08
[train] step=7551 loss=0.138291 lr=8.779e-08
[train] step=7552 loss=0.133671 lr=8.744e-08
[train] step=7553 loss=0.188680 lr=8.710e-08
[train] step=7554 loss=0.122145 lr=8.676e-08
[train] step=7555 loss=0.145224 lr=8.642e-08
[train] step=7556 loss=0.145803 lr=8.607e-08
[train] step=7557 loss=0.145908 lr=8.573e-08
[train] step=7558 loss=0.172522 lr=8.539e-08
[train] step=7559 loss=0.152886 lr=8.505e-08
[train] step=7560 loss=0.180347 lr=8.472e-08
INFO     [rank 0] Model weights for step 7560 saved in       dit_trainer.py:1288
         checkpoints/model_weights_step_07560.safetensors                       
INFO     [rank 0] Scalar embedding weights for step 7560     dit_trainer.py:1297
         saved                                                                  
INFO     [rank 0] Training state saved:                      dit_trainer.py:1416
         checkpoints/model_weights_step_07560.state.pt                          
DEBUG    [rank 0] Removed old checkpoint:                    dit_trainer.py:1429
         /hppfs/scratch/0D/go76fuz2/windinet/outputs/shockwa                    
         ve_dit_ch6_loss_rmse_h1/checkpoints/model_weights_s                    
         tep_07320.safetensors                                                  
DEBUG    [rank 0] Removed old checkpoint:                    dit_trainer.py:1429
         /hppfs/scratch/0D/go76fuz2/windinet/outputs/shockwa                    
         ve_dit_ch6_loss_rmse_h1/checkpoints/scalar_embeddin                    
         g_step_07320.safetensors                                               
DEBUG    [rank 0] Removed optimizer state for older kept     dit_trainer.py:1444
         checkpoint:                                                            
         /hppfs/scratch/0D/go76fuz2/windinet/outputs/shockwa                    
         ve_dit_ch6_loss_rmse_h1/checkpoints/model_weights_s                    
         tep_07440.state.pt                                                     
[epoch 63] step=7560 train_loss=0.167099
[train] step=7561 loss=0.240609 lr=8.438e-08
[train] step=7562 loss=0.122054 lr=8.404e-08
[train] step=7563 loss=0.318531 lr=8.371e-08
[train] step=7564 loss=0.132259 lr=8.337e-08
[train] step=7565 loss=0.134381 lr=8.304e-08
[train] step=7566 loss=0.133554 lr=8.270e-08
[train] step=7567 loss=0.213886 lr=8.237e-08
[train] step=7568 loss=0.148727 lr=8.204e-08
[train] step=7569 loss=0.171028 lr=8.171e-08
[train] step=7570 loss=0.131549 lr=8.137e-08
[train] step=7571 loss=0.162804 lr=8.104e-08
[train] step=7572 loss=0.145334 lr=8.072e-08
[train] step=7573 loss=0.127132 lr=8.039e-08
[train] step=7574 loss=0.195203 lr=8.006e-08
[train] step=7575 loss=0.344495 lr=7.973e-08
[train] step=7576 loss=0.171411 lr=7.941e-08
[train] step=7577 loss=0.147897 lr=7.908e-08
[train] step=7578 loss=0.089744 lr=7.876e-08
[train] step=7579 loss=0.107757 lr=7.843e-08
[train] step=7580 loss=0.155378 lr=7.811e-08
[train] step=7581 loss=0.113068 lr=7.779e-08
[train] step=7582 loss=0.134513 lr=7.746e-08
[train] step=7583 loss=0.226419 lr=7.714e-08
[train] step=7584 loss=0.234397 lr=7.682e-08
[train] step=7585 loss=0.138912 lr=7.650e-08
[train] step=7586 loss=0.169571 lr=7.619e-08
[train] step=7587 loss=0.176559 lr=7.587e-08
[train] step=7588 loss=0.141129 lr=7.555e-08
[train] step=7589 loss=0.101531 lr=7.523e-08
[train] step=7590 loss=0.113849 lr=7.492e-08
[train] step=7591 loss=0.138602 lr=7.460e-08
[train] step=7592 loss=0.183547 lr=7.429e-08
[train] step=7593 loss=0.138372 lr=7.398e-08
[train] step=7594 loss=0.148102 lr=7.366e-08
[train] step=7595 loss=0.132694 lr=7.335e-08
[train] step=7596 loss=0.306174 lr=7.304e-08
[train] step=7597 loss=0.159968 lr=7.273e-08
[train] step=7598 loss=0.216100 lr=7.242e-08
[train] step=7599 loss=0.169486 lr=7.211e-08
[train] step=7600 loss=0.102670 lr=7.180e-08
[train] step=7601 loss=0.112354 lr=7.150e-08
[train] step=7602 loss=0.198915 lr=7.119e-08
[train] step=7603 loss=0.191260 lr=7.088e-08
[train] step=7604 loss=0.157933 lr=7.058e-08
[train] step=7605 loss=0.148493 lr=7.028e-08
[train] step=7606 loss=0.185470 lr=6.997e-08
[train] step=7607 loss=0.169250 lr=6.967e-08
[train] step=7608 loss=0.080833 lr=6.937e-08
[train] step=7609 loss=0.214448 lr=6.907e-08
[train] step=7610 loss=0.113109 lr=6.877e-08
[train] step=7611 loss=0.164059 lr=6.847e-08
[train] step=7612 loss=0.176610 lr=6.817e-08
[train] step=7613 loss=0.171743 lr=6.787e-08
[train] step=7614 loss=0.163119 lr=6.757e-08
[train] step=7615 loss=0.191983 lr=6.728e-08
[train] step=7616 loss=0.129275 lr=6.698e-08
[train] step=7617 loss=0.155285 lr=6.668e-08
[train] step=7618 loss=0.128200 lr=6.639e-08
[train] step=7619 loss=0.125794 lr=6.610e-08
[train] step=7620 loss=0.169211 lr=6.580e-08
[train] step=7621 loss=0.119879 lr=6.551e-08
[train] step=7622 loss=0.160363 lr=6.522e-08
[train] step=7623 loss=0.148126 lr=6.493e-08
[train] step=7624 loss=0.094956 lr=6.464e-08
[train] step=7625 loss=0.177724 lr=6.435e-08
[train] step=7626 loss=0.182987 lr=6.406e-08
[train] step=7627 loss=0.134840 lr=6.378e-08
[train] step=7628 loss=0.225017 lr=6.349e-08
[train] step=7629 loss=0.162422 lr=6.320e-08
[train] step=7630 loss=0.117627 lr=6.292e-08
[train] step=7631 loss=0.163909 lr=6.263e-08
[train] step=7632 loss=0.142976 lr=6.235e-08
[train] step=7633 loss=0.141194 lr=6.207e-08
[train] step=7634 loss=0.336757 lr=6.179e-08
[train] step=7635 loss=0.141729 lr=6.150e-08
[train] step=7636 loss=0.135857 lr=6.122e-08
[train] step=7637 loss=0.183919 lr=6.094e-08
[train] step=7638 loss=0.183247 lr=6.066e-08
[train] step=7639 loss=0.119071 lr=6.039e-08
[train] step=7640 loss=0.189794 lr=6.011e-08
[train] step=7641 loss=0.186712 lr=5.983e-08
[train] step=7642 loss=0.105239 lr=5.956e-08
[train] step=7643 loss=0.307051 lr=5.928e-08
[train] step=7644 loss=0.174511 lr=5.901e-08
[train] step=7645 loss=0.210743 lr=5.873e-08
[train] step=7646 loss=0.184872 lr=5.846e-08
[train] step=7647 loss=0.153824 lr=5.819e-08
[train] step=7648 loss=0.128196 lr=5.792e-08
[train] step=7649 loss=0.149806 lr=5.765e-08
[train] step=7650 loss=0.199832 lr=5.738e-08
[train] step=7651 loss=0.262064 lr=5.711e-08
[train] step=7652 loss=0.156606 lr=5.684e-08
[train] step=7653 loss=0.178697 lr=5.657e-08
[train] step=7654 loss=0.128989 lr=5.630e-08
[train] step=7655 loss=0.175670 lr=5.604e-08
[train] step=7656 loss=0.124663 lr=5.577e-08
[train] step=7657 loss=0.191818 lr=5.551e-08
[train] step=7658 loss=0.156986 lr=5.524e-08
[train] step=7659 loss=0.104393 lr=5.498e-08
[train] step=7660 loss=0.146457 lr=5.472e-08
[train] step=7661 loss=0.120879 lr=5.446e-08
[train] step=7662 loss=0.205005 lr=5.420e-08
[train] step=7663 loss=0.114388 lr=5.394e-08
[train] step=7664 loss=0.234914 lr=5.368e-08
[train] step=7665 loss=0.142891 lr=5.342e-08
[train] step=7666 loss=0.140702 lr=5.316e-08
[train] step=7667 loss=0.221403 lr=5.290e-08
[train] step=7668 loss=0.171838 lr=5.265e-08
[train] step=7669 loss=0.153740 lr=5.239e-08
[train] step=7670 loss=0.203012 lr=5.214e-08
[train] step=7671 loss=0.323999 lr=5.188e-08
[train] step=7672 loss=0.150077 lr=5.163e-08
[train] step=7673 loss=0.121487 lr=5.138e-08
[train] step=7674 loss=0.195463 lr=5.113e-08
[train] step=7675 loss=0.150549 lr=5.088e-08
[train] step=7676 loss=0.200308 lr=5.063e-08
[train] step=7677 loss=0.132161 lr=5.038e-08
[train] step=7678 loss=0.128159 lr=5.013e-08
[train] step=7679 loss=0.166542 lr=4.988e-08
[train] step=7680 loss=0.110142 lr=4.963e-08
INFO     [rank 0] Model weights for step 7680 saved in       dit_trainer.py:1288
         checkpoints/model_weights_step_07680.safetensors                       
INFO     [rank 0] Scalar embedding weights for step 7680     dit_trainer.py:1297
         saved                                                                  
INFO     [rank 0] Training state saved:                      dit_trainer.py:1416
         checkpoints/model_weights_step_07680.state.pt                          
DEBUG    [rank 0] Removed old checkpoint:                    dit_trainer.py:1429
         /hppfs/scratch/0D/go76fuz2/windinet/outputs/shockwa                    
         ve_dit_ch6_loss_rmse_h1/checkpoints/model_weights_s                    
         tep_07440.safetensors                                                  
DEBUG    [rank 0] Removed old checkpoint:                    dit_trainer.py:1429
         /hppfs/scratch/0D/go76fuz2/windinet/outputs/shockwa                    
         ve_dit_ch6_loss_rmse_h1/checkpoints/scalar_embeddin                    
         g_step_07440.safetensors                                               
DEBUG    [rank 0] Removed optimizer state for older kept     dit_trainer.py:1444
         checkpoint:                                                            
         /hppfs/scratch/0D/go76fuz2/windinet/outputs/shockwa                    
         ve_dit_ch6_loss_rmse_h1/checkpoints/model_weights_s                    
         tep_07560.state.pt                                                     
[epoch 64] step=7680 train_loss=0.166118
[train] step=7681 loss=0.149692 lr=4.939e-08
[train] step=7682 loss=0.182689 lr=4.914e-08
[train] step=7683 loss=0.139492 lr=4.890e-08
[train] step=7684 loss=0.142275 lr=4.865e-08
[train] step=7685 loss=0.211876 lr=4.841e-08
[train] step=7686 loss=0.143345 lr=4.817e-08
[train] step=7687 loss=0.157594 lr=4.793e-08
[train] step=7688 loss=0.115038 lr=4.768e-08
[train] step=7689 loss=0.064709 lr=4.744e-08
[train] step=7690 loss=0.108587 lr=4.721e-08
[train] step=7691 loss=0.158144 lr=4.697e-08
[train] step=7692 loss=0.206742 lr=4.673e-08
[train] step=7693 loss=0.137547 lr=4.649e-08
[train] step=7694 loss=0.153355 lr=4.626e-08
[train] step=7695 loss=0.139194 lr=4.602e-08
[train] step=7696 loss=0.300737 lr=4.579e-08
[train] step=7697 loss=0.180375 lr=4.555e-08
[train] step=7698 loss=0.170485 lr=4.532e-08
[train] step=7699 loss=0.214917 lr=4.509e-08
[train] step=7700 loss=0.164211 lr=4.485e-08
[train] step=7701 loss=0.257525 lr=4.462e-08
[train] step=7702 loss=0.088355 lr=4.439e-08
[train] step=7703 loss=0.168412 lr=4.416e-08
[train] step=7704 loss=0.246812 lr=4.393e-08
[train] step=7705 loss=0.215138 lr=4.371e-08
[train] step=7706 loss=0.148170 lr=4.348e-08
[train] step=7707 loss=0.138448 lr=4.325e-08
[train] step=7708 loss=0.158553 lr=4.303e-08
[train] step=7709 loss=0.175943 lr=4.280e-08
[train] step=7710 loss=0.170939 lr=4.258e-08
[train] step=7711 loss=0.162429 lr=4.236e-08
[train] step=7712 loss=0.136477 lr=4.213e-08
[train] step=7713 loss=0.142900 lr=4.191e-08
[train] step=7714 loss=0.132077 lr=4.169e-08
[train] step=7715 loss=0.170589 lr=4.147e-08
[train] step=7716 loss=0.151193 lr=4.125e-08
[train] step=7717 loss=0.135879 lr=4.103e-08
[train] step=7718 loss=0.086131 lr=4.081e-08
[train] step=7719 loss=0.164777 lr=4.060e-08
[train] step=7720 loss=0.149952 lr=4.038e-08
[train] step=7721 loss=0.128622 lr=4.017e-08
[train] step=7722 loss=0.206814 lr=3.995e-08
[train] step=7723 loss=0.137365 lr=3.974e-08
[train] step=7724 loss=0.156540 lr=3.952e-08
[train] step=7725 loss=0.095451 lr=3.931e-08
[train] step=7726 loss=0.139410 lr=3.910e-08
[train] step=7727 loss=0.176065 lr=3.889e-08
[train] step=7728 loss=0.116932 lr=3.868e-08
[train] step=7729 loss=0.100604 lr=3.847e-08
[train] step=7730 loss=0.139977 lr=3.826e-08
[train] step=7731 loss=0.185576 lr=3.805e-08
[train] step=7732 loss=0.181261 lr=3.784e-08
[train] step=7733 loss=0.098720 lr=3.764e-08
[train] step=7734 loss=0.116965 lr=3.743e-08
[train] step=7735 loss=0.196139 lr=3.723e-08
[train] step=7736 loss=0.167980 lr=3.702e-08
[train] step=7737 loss=0.163258 lr=3.682e-08
[train] step=7738 loss=0.092862 lr=3.662e-08
[train] step=7739 loss=0.146914 lr=3.641e-08
[train] step=7740 loss=0.104017 lr=3.621e-08
[train] step=7741 loss=0.155378 lr=3.601e-08
[train] step=7742 loss=0.138335 lr=3.581e-08
[train] step=7743 loss=0.268740 lr=3.561e-08
[train] step=7744 loss=0.150154 lr=3.542e-08
[train] step=7745 loss=0.132969 lr=3.522e-08
[train] step=7746 loss=0.163036 lr=3.502e-08
[train] step=7747 loss=0.148217 lr=3.483e-08
[train] step=7748 loss=0.163945 lr=3.463e-08
[train] step=7749 loss=0.142306 lr=3.444e-08
[train] step=7750 loss=0.167575 lr=3.424e-08
[train] step=7751 loss=0.150958 lr=3.405e-08
[train] step=7752 loss=0.144538 lr=3.386e-08
[train] step=7753 loss=0.173700 lr=3.367e-08
[train] step=7754 loss=0.084254 lr=3.348e-08
[train] step=7755 loss=0.167652 lr=3.329e-08
[train] step=7756 loss=0.178339 lr=3.310e-08
[train] step=7757 loss=0.125004 lr=3.291e-08
[train] step=7758 loss=0.083245 lr=3.273e-08
[train] step=7759 loss=0.296632 lr=3.254e-08
[train] step=7760 loss=0.145906 lr=3.235e-08
[train] step=7761 loss=0.124026 lr=3.217e-08
[train] step=7762 loss=0.189559 lr=3.198e-08
[train] step=7763 loss=0.150548 lr=3.180e-08
[train] step=7764 loss=0.248455 lr=3.162e-08
[train] step=7765 loss=0.123767 lr=3.144e-08
[train] step=7766 loss=0.114882 lr=3.125e-08
[train] step=7767 loss=0.196266 lr=3.107e-08
[train] step=7768 loss=0.156880 lr=3.089e-08
[train] step=7769 loss=0.189922 lr=3.072e-08
[train] step=7770 loss=0.140999 lr=3.054e-08
[train] step=7771 loss=0.142011 lr=3.036e-08
[train] step=7772 loss=0.161699 lr=3.018e-08
[train] step=7773 loss=0.145631 lr=3.001e-08
[train] step=7774 loss=0.200472 lr=2.983e-08
[train] step=7775 loss=0.116144 lr=2.966e-08
[train] step=7776 loss=0.085735 lr=2.949e-08
[train] step=7777 loss=0.188484 lr=2.931e-08
[train] step=7778 loss=0.179297 lr=2.914e-08
[train] step=7779 loss=0.217945 lr=2.897e-08
[train] step=7780 loss=0.112811 lr=2.880e-08
[train] step=7781 loss=0.195032 lr=2.863e-08
[train] step=7782 loss=0.331898 lr=2.846e-08
[train] step=7783 loss=0.105191 lr=2.829e-08
[train] step=7784 loss=0.105633 lr=2.813e-08
[train] step=7785 loss=0.240653 lr=2.796e-08
[train] step=7786 loss=0.139398 lr=2.779e-08
[train] step=7787 loss=0.199499 lr=2.763e-08
[train] step=7788 loss=0.144271 lr=2.746e-08
[train] step=7789 loss=0.222408 lr=2.730e-08
[train] step=7790 loss=0.113718 lr=2.714e-08
[train] step=7791 loss=0.159550 lr=2.698e-08
[train] step=7792 loss=0.120822 lr=2.681e-08
[train] step=7793 loss=0.104393 lr=2.665e-08
[train] step=7794 loss=0.154326 lr=2.649e-08
[train] step=7795 loss=0.132929 lr=2.634e-08
[train] step=7796 loss=0.472113 lr=2.618e-08
[train] step=7797 loss=0.151346 lr=2.602e-08
[train] step=7798 loss=0.164306 lr=2.586e-08
[train] step=7799 loss=0.222814 lr=2.571e-08
[train] step=7800 loss=0.185186 lr=2.555e-08
[val] step=7800 val_loss=0.163577
INFO     [rank 0] Model weights for step 7800 saved in       dit_trainer.py:1288
         checkpoints/model_weights_step_07800.safetensors                       
INFO     [rank 0] Scalar embedding weights for step 7800     dit_trainer.py:1297
         saved                                                                  
INFO     [rank 0] Training state saved:                      dit_trainer.py:1416
         checkpoints/model_weights_step_07800.state.pt                          
INFO     [rank 0] New best checkpoint (step 7800,            dit_trainer.py:1320
         val_loss=0.163577):                                                    
         checkpoints/model_weights_best.safetensors                             
DEBUG    [rank 0] Removed old checkpoint:                    dit_trainer.py:1429
         /hppfs/scratch/0D/go76fuz2/windinet/outputs/shockwa                    
         ve_dit_ch6_loss_rmse_h1/checkpoints/model_weights_s                    
         tep_07560.safetensors                                                  
DEBUG    [rank 0] Removed old checkpoint:                    dit_trainer.py:1429
         /hppfs/scratch/0D/go76fuz2/windinet/outputs/shockwa                    
         ve_dit_ch6_loss_rmse_h1/checkpoints/scalar_embeddin                    
         g_step_07560.safetensors                                               
DEBUG    [rank 0] Removed optimizer state for older kept     dit_trainer.py:1444
         checkpoint:                                                            
         /hppfs/scratch/0D/go76fuz2/windinet/outputs/shockwa                    
         ve_dit_ch6_loss_rmse_h1/checkpoints/model_weights_s                    
         tep_07680.state.pt                                                     
[epoch 65] step=7800 train_loss=0.160417 val_loss=0.163577
[train] step=7801 loss=0.174742 lr=2.540e-08
[train] step=7802 loss=0.159757 lr=2.524e-08
[train] step=7803 loss=0.177032 lr=2.509e-08
[train] step=7804 loss=0.190695 lr=2.494e-08
[train] step=7805 loss=0.123863 lr=2.479e-08
[train] step=7806 loss=0.171675 lr=2.464e-08
[train] step=7807 loss=0.217565 lr=2.449e-08
[train] step=7808 loss=0.092665 lr=2.434e-08
[train] step=7809 loss=0.155872 lr=2.419e-08
[train] step=7810 loss=0.113586 lr=2.404e-08
[train] step=7811 loss=0.184725 lr=2.390e-08
[train] step=7812 loss=0.184781 lr=2.375e-08
[train] step=7813 loss=0.148155 lr=2.361e-08
[train] step=7814 loss=0.128538 lr=2.346e-08
[train] step=7815 loss=0.160997 lr=2.332e-08
[train] step=7816 loss=0.161250 lr=2.318e-08
[train] step=7817 loss=0.131644 lr=2.303e-08
[train] step=7818 loss=0.117352 lr=2.289e-08
[train] step=7819 loss=0.211310 lr=2.275e-08
[train] step=7820 loss=0.238585 lr=2.261e-08
[train] step=7821 loss=0.115095 lr=2.247e-08
[train] step=7822 loss=0.163697 lr=2.234e-08
[train] step=7823 loss=0.128870 lr=2.220e-08
[train] step=7824 loss=0.241377 lr=2.206e-08
[train] step=7825 loss=0.363858 lr=2.193e-08
[train] step=7826 loss=0.154886 lr=2.179e-08
[train] step=7827 loss=0.134938 lr=2.166e-08
[train] step=7828 loss=0.139662 lr=2.152e-08
[train] step=7829 loss=0.152662 lr=2.139e-08
[train] step=7830 loss=0.156636 lr=2.126e-08
[train] step=7831 loss=0.138759 lr=2.113e-08
[train] step=7832 loss=0.179134 lr=2.100e-08
[train] step=7833 loss=0.100142 lr=2.087e-08
[train] step=7834 loss=0.113377 lr=2.074e-08
[train] step=7835 loss=0.097496 lr=2.061e-08
[train] step=7836 loss=0.143345 lr=2.048e-08
[train] step=7837 loss=0.264094 lr=2.036e-08
[train] step=7838 loss=0.095829 lr=2.023e-08
[train] step=7839 loss=0.080023 lr=2.010e-08
[train] step=7840 loss=0.195020 lr=1.998e-08
[train] step=7841 loss=0.167022 lr=1.986e-08
[train] step=7842 loss=0.205577 lr=1.973e-08
[train] step=7843 loss=0.139450 lr=1.961e-08
[train] step=7844 loss=0.139163 lr=1.949e-08
[train] step=7845 loss=0.181246 lr=1.937e-08
[train] step=7846 loss=0.221234 lr=1.925e-08
[train] step=7847 loss=0.086060 lr=1.913e-08
[train] step=7848 loss=0.218618 lr=1.901e-08
[train] step=7849 loss=0.176537 lr=1.890e-08
[train] step=7850 loss=0.129560 lr=1.878e-08
[train] step=7851 loss=0.132618 lr=1.866e-08
[train] step=7852 loss=0.133564 lr=1.855e-08
[train] step=7853 loss=0.275558 lr=1.843e-08
[train] step=7854 loss=0.128248 lr=1.832e-08
[train] step=7855 loss=0.095510 lr=1.821e-08
[train] step=7856 loss=0.165373 lr=1.810e-08
[train] step=7857 loss=0.146185 lr=1.798e-08
[train] step=7858 loss=0.125540 lr=1.787e-08
[train] step=7859 loss=0.145197 lr=1.776e-08
[train] step=7860 loss=0.162772 lr=1.766e-08
[train] step=7861 loss=0.114485 lr=1.755e-08
[train] step=7862 loss=0.176926 lr=1.744e-08
[train] step=7863 loss=0.154738 lr=1.733e-08
[train] step=7864 loss=0.217741 lr=1.723e-08
[train] step=7865 loss=0.142447 lr=1.712e-08
[train] step=7866 loss=0.126793 lr=1.702e-08
[train] step=7867 loss=0.203076 lr=1.691e-08
[train] step=7868 loss=0.131181 lr=1.681e-08
[train] step=7869 loss=0.195035 lr=1.671e-08
[train] step=7870 loss=0.084456 lr=1.661e-08
[train] step=7871 loss=0.210092 lr=1.651e-08
[train] step=7872 loss=0.239450 lr=1.641e-08
[train] step=7873 loss=0.106134 lr=1.631e-08
[train] step=7874 loss=0.140036 lr=1.621e-08
[train] step=7875 loss=0.100950 lr=1.611e-08
[train] step=7876 loss=0.119732 lr=1.602e-08
[train] step=7877 loss=0.143459 lr=1.592e-08
[train] step=7878 loss=0.192003 lr=1.583e-08
[train] step=7879 loss=0.135525 lr=1.573e-08
[train] step=7880 loss=0.129843 lr=1.564e-08
[train] step=7881 loss=0.237325 lr=1.555e-08
[train] step=7882 loss=0.101283 lr=1.545e-08
[train] step=7883 loss=0.171373 lr=1.536e-08
[train] step=7884 loss=0.281485 lr=1.527e-08
[train] step=7885 loss=0.143544 lr=1.518e-08
[train] step=7886 loss=0.106058 lr=1.509e-08
[train] step=7887 loss=0.242351 lr=1.500e-08
[train] step=7888 loss=0.179029 lr=1.492e-08
[train] step=7889 loss=0.112935 lr=1.483e-08
[train] step=7890 loss=0.128060 lr=1.474e-08
[train] step=7891 loss=0.135840 lr=1.466e-08
[train] step=7892 loss=0.150751 lr=1.458e-08
[train] step=7893 loss=0.115729 lr=1.449e-08
[train] step=7894 loss=0.172111 lr=1.441e-08
[train] step=7895 loss=0.120716 lr=1.433e-08
[train] step=7896 loss=0.123690 lr=1.425e-08
[train] step=7897 loss=0.221535 lr=1.417e-08
[train] step=7898 loss=0.143720 lr=1.409e-08
[train] step=7899 loss=0.228110 lr=1.401e-08
[train] step=7900 loss=0.468058 lr=1.393e-08
[train] step=7901 loss=0.172196 lr=1.385e-08
[train] step=7902 loss=0.178841 lr=1.377e-08
[train] step=7903 loss=0.126455 lr=1.370e-08
[train] step=7904 loss=0.149844 lr=1.362e-08
[train] step=7905 loss=0.182823 lr=1.355e-08
[train] step=7906 loss=0.185623 lr=1.348e-08
[train] step=7907 loss=0.263901 lr=1.340e-08
[train] step=7908 loss=0.324969 lr=1.333e-08
[train] step=7909 loss=0.237091 lr=1.326e-08
[train] step=7910 loss=0.239004 lr=1.319e-08
[train] step=7911 loss=0.352011 lr=1.312e-08
[train] step=7912 loss=0.160047 lr=1.305e-08
[train] step=7913 loss=0.300274 lr=1.298e-08
[train] step=7914 loss=0.127394 lr=1.291e-08
[train] step=7915 loss=0.122717 lr=1.285e-08
[train] step=7916 loss=0.348353 lr=1.278e-08
[train] step=7917 loss=0.194290 lr=1.272e-08
[train] step=7918 loss=0.200769 lr=1.265e-08
[train] step=7919 loss=0.295114 lr=1.259e-08
[train] step=7920 loss=0.141548 lr=1.253e-08
INFO     [rank 0] Model weights for step 7920 saved in       dit_trainer.py:1288
         checkpoints/model_weights_step_07920.safetensors                       
INFO     [rank 0] Scalar embedding weights for step 7920     dit_trainer.py:1297
         saved                                                                  
INFO     [rank 0] Training state saved:                      dit_trainer.py:1416
         checkpoints/model_weights_step_07920.state.pt                          
DEBUG    [rank 0] Removed old checkpoint:                    dit_trainer.py:1429
         /hppfs/scratch/0D/go76fuz2/windinet/outputs/shockwa                    
         ve_dit_ch6_loss_rmse_h1/checkpoints/model_weights_s                    
         tep_07680.safetensors                                                  
DEBUG    [rank 0] Removed old checkpoint:                    dit_trainer.py:1429
         /hppfs/scratch/0D/go76fuz2/windinet/outputs/shockwa                    
         ve_dit_ch6_loss_rmse_h1/checkpoints/scalar_embeddin                    
         g_step_07680.safetensors                                               
DEBUG    [rank 0] Removed optimizer state for older kept     dit_trainer.py:1444
         checkpoint:                                                            
         /hppfs/scratch/0D/go76fuz2/windinet/outputs/shockwa                    
         ve_dit_ch6_loss_rmse_h1/checkpoints/model_weights_s                    
         tep_07800.state.pt                                                     
[epoch 66] step=7920 train_loss=0.171445
[train] step=7921 loss=0.153963 lr=1.246e-08
[train] step=7922 loss=0.192870 lr=1.240e-08
[train] step=7923 loss=0.086812 lr=1.234e-08
[train] step=7924 loss=0.101157 lr=1.228e-08
[train] step=7925 loss=0.157039 lr=1.222e-08
[train] step=7926 loss=0.131006 lr=1.217e-08
[train] step=7927 loss=0.168707 lr=1.211e-08
[train] step=7928 loss=0.141120 lr=1.205e-08
[train] step=7929 loss=0.163106 lr=1.200e-08
[train] step=7930 loss=0.108463 lr=1.194e-08
[train] step=7931 loss=0.170407 lr=1.189e-08
[train] step=7932 loss=0.188053 lr=1.183e-08
[train] step=7933 loss=0.142548 lr=1.178e-08
[train] step=7934 loss=0.160103 lr=1.173e-08
[train] step=7935 loss=0.169594 lr=1.168e-08
[train] step=7936 loss=0.109021 lr=1.163e-08
[train] step=7937 loss=0.180282 lr=1.158e-08
[train] step=7938 loss=0.155028 lr=1.153e-08
[train] step=7939 loss=0.107675 lr=1.148e-08
[train] step=7940 loss=0.193147 lr=1.143e-08
[train] step=7941 loss=0.138054 lr=1.139e-08
[train] step=7942 loss=0.149920 lr=1.134e-08
[train] step=7943 loss=0.141356 lr=1.130e-08
[train] step=7944 loss=0.197716 lr=1.125e-08
[train] step=7945 loss=0.085982 lr=1.121e-08
[train] step=7946 loss=0.162042 lr=1.117e-08
[train] step=7947 loss=0.098144 lr=1.112e-08
[train] step=7948 loss=0.162375 lr=1.108e-08
[train] step=7949 loss=0.105050 lr=1.104e-08
[train] step=7950 loss=0.130802 lr=1.100e-08
[train] step=7951 loss=0.166671 lr=1.096e-08
[train] step=7952 loss=0.247457 lr=1.092e-08
[train] step=7953 loss=0.186081 lr=1.089e-08
[train] step=7954 loss=0.118384 lr=1.085e-08
[train] step=7955 loss=0.183871 lr=1.081e-08
[train] step=7956 loss=0.153271 lr=1.078e-08
[train] step=7957 loss=0.138690 lr=1.075e-08
[train] step=7958 loss=0.184133 lr=1.071e-08
[train] step=7959 loss=0.223118 lr=1.068e-08
[train] step=7960 loss=0.176099 lr=1.065e-08
[train] step=7961 loss=0.132937 lr=1.062e-08
[train] step=7962 loss=0.164157 lr=1.059e-08
[train] step=7963 loss=0.325202 lr=1.056e-08
[train] step=7964 loss=0.166094 lr=1.053e-08
[train] step=7965 loss=0.133615 lr=1.050e-08
[train] step=7966 loss=0.094065 lr=1.047e-08
[train] step=7967 loss=0.110838 lr=1.045e-08
[train] step=7968 loss=0.186885 lr=1.042e-08
[train] step=7969 loss=0.234468 lr=1.039e-08
[train] step=7970 loss=0.150994 lr=1.037e-08
[train] step=7971 loss=0.136935 lr=1.035e-08
[train] step=7972 loss=0.078101 lr=1.032e-08
[train] step=7973 loss=0.178109 lr=1.030e-08
[train] step=7974 loss=0.154668 lr=1.028e-08
[train] step=7975 loss=0.100942 lr=1.026e-08
[train] step=7976 loss=0.167263 lr=1.024e-08
[train] step=7977 loss=0.130742 lr=1.022e-08
[train] step=7978 loss=0.067244 lr=1.020e-08
[train] step=7979 loss=0.108987 lr=1.019e-08
[train] step=7980 loss=0.087693 lr=1.017e-08
[train] step=7981 loss=0.280765 lr=1.015e-08
[train] step=7982 loss=0.146243 lr=1.014e-08
[train] step=7983 loss=0.166223 lr=1.012e-08
[train] step=7984 loss=0.146342 lr=1.011e-08
[train] step=7985 loss=0.158806 lr=1.010e-08
[train] step=7986 loss=0.403601 lr=1.009e-08
[train] step=7987 loss=0.532790 lr=1.008e-08
[train] step=7988 loss=0.181328 lr=1.007e-08
[train] step=7989 loss=0.102427 lr=1.006e-08
[train] step=7990 loss=0.232913 lr=1.005e-08
[train] step=7991 loss=0.137119 lr=1.004e-08
[train] step=7992 loss=0.175583 lr=1.003e-08
[train] step=7993 loss=0.190848 lr=1.002e-08
[train] step=7994 loss=0.127083 lr=1.002e-08
[train] step=7995 loss=0.335814 lr=1.001e-08
[train] step=7996 loss=0.123607 lr=1.001e-08
[train] step=7997 loss=0.303878 lr=1.001e-08
[train] step=7998 loss=0.231180 lr=1.000e-08
[train] step=7999 loss=0.145308 lr=1.000e-08
[train] step=8000 loss=0.127605 lr=1.000e-08
╭──────────────────────────────────────────────────────────────────────────────╮
│ Training Step 8… ━━ Loss: 0.1276 LR: 1.00e-08 Time/Step: 23.34s 1… ETA: 00:… │
╰──────────────────────────────────────────────────────────────────────────────╯INFO     [rank 0] Model weights for step 8000 saved in       dit_trainer.py:1288
         checkpoints/model_weights_step_08000.safetensors                       
INFO     [rank 0] Scalar embedding weights for step 8000     dit_trainer.py:1297
         saved                                                                  
INFO     [rank 0] Training state saved:                      dit_trainer.py:1416
         checkpoints/model_weights_step_08000.state.pt                          
DEBUG    [rank 0] Removed old checkpoint:                    dit_trainer.py:1429
         /hppfs/scratch/0D/go76fuz2/windinet/outputs/shockwa                    
         ve_dit_ch6_loss_rmse_h1/checkpoints/model_weights_s                    
         tep_07800.safetensors                                                  
DEBUG    [rank 0] Removed old checkpoint:                    dit_trainer.py:1429
         /hppfs/scratch/0D/go76fuz2/windinet/outputs/shockwa                    
         ve_dit_ch6_loss_rmse_h1/checkpoints/scalar_embeddin                    
         g_step_07800.safetensors                                               
DEBUG    [rank 0] Removed optimizer state for older kept     dit_trainer.py:1444
         checkpoint:                                                            
         /hppfs/scratch/0D/go76fuz2/windinet/outputs/shockwa                    
         ve_dit_ch6_loss_rmse_h1/checkpoints/model_weights_s                    
         tep_07920.state.pt                                                     
INFO     [rank 0] Training Statistics:                       dit_trainer.py:1513
          - Total time: 1158.6 minutes                                          
          - Training time: 1158.6 minutes                                       
          - Training speed: 0.12 steps/second                                   
          - Samples/second: 3.68                                                
          - Peak GPU memory: 35.91 GB                                           
          - Number of processes: 8                                              
          - Global batch size: 32                                               
END TIME: Fri 25 Sep 2026 09:13:00 PM CEST
end_time=2026-09-25T21:13:00+02:00 elapsed=70645s
