START TIME: Fri 25 Sep 2026 01:35:35 AM CEST
job=545285 node=i20r05c05s10
start_time=2026-09-25T01:35:35+02:00
+-----------+--------------------------------------------------------------------------------------+
| Device ID | Device Information                                                                   |
+-----------+--------------------------------------------------------------------------------------+
| 0         | Device Name: Intel(R) Data Center GPU Max 1550                                       |
|           | Vendor Name: Intel(R) Corporation                                                    |
|           | SOC UUID: 00000000-0000-003a-0000-002f0bd58086                                       |
|           | PCI BDF Address: 0000:3a:00.0                                                        |
|           | DRM Device: /dev/dri/card0                                                           |
|           | Function Type: physical                                                              |
+-----------+--------------------------------------------------------------------------------------+
| 1         | Device Name: Intel(R) Data Center GPU Max 1550                                       |
|           | Vendor Name: Intel(R) Corporation                                                    |
|           | SOC UUID: 00000000-0000-004b-0000-002f0bd58086                                       |
|           | PCI BDF Address: 0000:4b:00.0                                                        |
|           | DRM Device: /dev/dri/card1                                                           |
|           | Function Type: physical                                                              |
+-----------+--------------------------------------------------------------------------------------+
| 2         | Device Name: Intel(R) Data Center GPU Max 1550                                       |
|           | Vendor Name: Intel(R) Corporation                                                    |
|           | SOC UUID: 00000000-0000-00ca-0000-002f0bd58086                                       |
|           | PCI BDF Address: 0000:ca:00.0                                                        |
|           | DRM Device: /dev/dri/card2                                                           |
|           | Function Type: physical                                                              |
+-----------+--------------------------------------------------------------------------------------+
| 3         | Device Name: Intel(R) Data Center GPU Max 1550                                       |
|           | Vendor Name: Intel(R) Corporation                                                    |
|           | SOC UUID: 00000000-0000-00da-0000-002f0bd58086                                       |
|           | PCI BDF Address: 0000:da:00.0                                                        |
|           | DRM Device: /dev/dri/card3                                                           |
|           | Function Type: physical                                                              |
+-----------+--------------------------------------------------------------------------------------+
PREPROCESSED_NAME: finetune_vae_ch6_unfinetuned_256res
BASE_CONFIG: configs/dit/train_dit_sng_pvc_ch6_unfinetuned.yaml
STEPS override: <none, using BASE_CONFIG default>
MASTER_ADDR: i20r05c05s10  MASTER_PORT: 48233
preprocessed_data_root=/hppfs/scratch/0D/go76fuz2/windinet/dit_preprocessed/finetune_vae_ch6_unfinetuned_256res output_dir=$SCRATCH/windinet/outputs/shockwave_dit_ch6_unfinetuned steps=8000
INFO     [rank 6] Failed to extract font properties from    font_manager.py:1107
         /usr/share/fonts/truetype/Cantarell-VF.otf: Can                        
         not load face (SFNT font table missing; error code                     
         0x8e)                                                                  
INFO     [rank 0] Failed to extract font properties from    font_manager.py:1107
         /usr/share/fonts/truetype/Cantarell-VF.otf: Can                        
         not load face (SFNT font table missing; error code                     
         0x8e)                                                                  
INFO     [rank 5] Failed to extract font properties from    font_manager.py:1107
         /usr/share/fonts/truetype/Cantarell-VF.otf: Can                        
         not load face (SFNT font table missing; error code                     
         0x8e)                                                                  
INFO     [rank 7] Failed to extract font properties from    font_manager.py:1107
         /usr/share/fonts/truetype/Cantarell-VF.otf: Can                        
         not load face (SFNT font table missing; error code                     
         0x8e)                                                                  
INFO     [rank 3] Failed to extract font properties from    font_manager.py:1107
         /usr/share/fonts/truetype/Cantarell-VF.otf: Can                        
         not load face (SFNT font table missing; error code                     
         0x8e)                                                                  
INFO     [rank 1] Failed to extract font properties from    font_manager.py:1107
         /usr/share/fonts/truetype/Cantarell-VF.otf: Can                        
         not load face (SFNT font table missing; error code                     
         0x8e)                                                                  
INFO     [rank 4] Failed to extract font properties from    font_manager.py:1107
         /usr/share/fonts/truetype/Cantarell-VF.otf: Can                        
         not load face (SFNT font table missing; error code                     
         0x8e)                                                                  
INFO     [rank 2] Failed to extract font properties from    font_manager.py:1107
         /usr/share/fonts/truetype/Cantarell-VF.otf: Can                        
         not load face (SFNT font table missing; error code                     
         0x8e)                                                                  
INFO     [rank 4] generated new fontManager                 font_manager.py:1639
INFO     [rank 3] generated new fontManager                 font_manager.py:1639
INFO     [rank 0] generated new fontManager                 font_manager.py:1639
INFO     [rank 6] generated new fontManager                 font_manager.py:1639
INFO     [rank 2] generated new fontManager                 font_manager.py:1639
INFO     [rank 5] generated new fontManager                 font_manager.py:1639
INFO     [rank 1] generated new fontManager                 font_manager.py:1639
INFO     [rank 7] generated new fontManager                 font_manager.py:1639
                             Training Configuration                             
┏━━━━━━━━━━━━━━━━━━━━━━━━━━━━━━━━━━━━━━┳━━━━━━━━━━━━━━━━━━━━━━━━━━━━━━━━━━━━━━━┓
┃ Parameter                            ┃ Value                                 ┃
┡━━━━━━━━━━━━━━━━━━━━━━━━━━━━━━━━━━━━━━╇━━━━━━━━━━━━━━━━━━━━━━━━━━━━━━━━━━━━━━━┩
│ model.model_source                   │ LTXV_2B_0.9.6_DEV                     │
│ model.load_checkpoint                │ None                                  │
│ conditioning.first_frame_conditioni… │ 1.0                                   │
│ lora.enabled                         │ False                                 │
│ lora.rank                            │ 16                                    │
│ lora.alpha                           │ 16                                    │
│ lora.dropout                         │ 0.0                                   │
│ lora.target_modules                  │ to_q, to_k, to_v, to_out.0            │
│ scalar_conditioning.enabled          │ True                                  │
│ scalar_conditioning.scalar_names     │ gamma                                 │
│ scalar_conditioning.scalar_ranges    │ {'gamma': (1.0, 2.0)}                 │
│ scalar_conditioning.embedding_dim    │ 4096                                  │
│ scalar_conditioning.num_tokens_per_… │ 4                                     │
│ scalar_conditioning.fourier_features │ 64                                    │
│ scalar_conditioning.mlp_hidden_dim   │ 256                                   │
│ scalar_conditioning.dropout          │ 0.1                                   │
│ optimization.learning_rate           │ 1e-05                                 │
│ optimization.steps                   │ 8000                                  │
│ optimization.batch_size              │ 1                                     │
│ optimization.gradient_accumulation_… │ 4                                     │
│ optimization.max_grad_norm           │ 1.0                                   │
│ optimization.optimizer_type          │ adamw                                 │
│ optimization.scheduler_type          │ cosine                                │
│ optimization.scheduler_params        │ {'eta_min': 1e-08}                    │
│ optimization.enable_gradient_checkp… │ True                                  │
│ acceleration.mixed_precision_mode    │ bf16                                  │
│ acceleration.compile_with_inductor   │ False                                 │
│ acceleration.compilation_mode        │ reduce-overhead                       │
│ data.preprocessed_data_root          │ /hppfs/scratch/0D/go76fuz2/windinet/… │
│ data.num_dataloader_workers          │ 4                                     │
│ validation.data_root                 │ /hppfs/scratch/0D/go76fuz2/windinet/… │
│ validation.interval                  │ 600                                   │
│ validation.max_samples               │ 0                                     │
│ checkpoints.interval                 │ 120                                   │
│ checkpoints.keep_last_n              │ 2                                     │
│ checkpoints.save_best_only           │ False                                 │
│ checkpoints.best_metric              │ val_total_loss                        │
│ checkpoints.save_last_state          │ True                                  │
│ checkpoints.save_epochs              │                                       │
│ flow_matching.timestep_sampling_mode │ shifted_logit_normal                  │
│ flow_matching.timestep_sampling_par… │ {}                                    │
│ visualization.enabled                │ False                                 │
│ visualization.interval               │ 2000                                  │
│ visualization.num_samples            │ 3                                     │
│ visualization.frame_numbers          │ 25, 50, 75, 100                       │
│ visualization.num_inference_steps    │ 20                                    │
│ visualization.dpi                    │ 150                                   │
│ wandb.enabled                        │ False                                 │
│ wandb.project                        │ shockwavenet                          │
│ wandb.entity                         │ None                                  │
│ wandb.tags                           │ cfd, full, 2b, scalar-only, sng_pvc,  │
│                                      │ 256res, chapter6, eval500, unfine...  │
│ seed                                 │ 42                                    │
│ output_dir                           │ /hppfs/scratch/0D/go76fuz2/windinet/… │
│ resume_weights_only                  │ False                                 │
└──────────────────────────────────────┴───────────────────────────────────────┘
INFO     [rank 0] Distributed training enabled with 8        dit_trainer.py:1472
         processes                                                              
INFO     [rank 0] Global batch size: 32                      dit_trainer.py:1478
INFO     [rank 0] Initializing scalar embeddings for:         dit_trainer.py:867
         ['gamma']                                                              
DEBUG    [rank 0] Scalar embedding params: 4,310,528          dit_trainer.py:894
DEBUG    [rank 0] Total trainable params count: 1,927,696,000 dit_trainer.py:898
2026:09:25-01:54:04:74346 |CCL_WARN| value of CCL_ATL_TRANSPORT changed to be ofi (default:mpi)
2026:09:25-01:54:04:74346 |CCL_WARN| value of CCL_ALLREDUCE changed to be ring (default:)
2026:09:25-01:54:04:74350 |CCL_WARN| could not get local_idx/count from environment variables, trying to get them from ATL
2026:09:25-01:54:04:74346 |CCL_WARN| could not get local_idx/count from environment variables, trying to get them from ATL
2026:09:25-01:54:04:74352 |CCL_WARN| could not get local_idx/count from environment variables, trying to get them from ATL2026:09:25-01:54:04:74351 |CCL_WARN| could not get local_idx/count from environment variables, trying to get them from ATL

2026:09:25-01:54:04:74349 |CCL_WARN| could not get local_idx/count from environment variables, trying to get them from ATL
2026:09:25-01:54:04:74347 |CCL_WARN| could not get local_idx/count from environment variables, trying to get them from ATL
2026:09:25-01:54:04:74348 |CCL_WARN| could not get local_idx/count from environment variables, trying to get them from ATL2026:09:25-01:54:04:74353 |CCL_WARN| could not get local_idx/count from environment variables, trying to get them from ATL

DEBUG    [rank 0] Process 0 using seed: 42                    dit_trainer.py:389
DEBUG    [rank 0] Loaded dataset with 4,000 samples from     dit_trainer.py:1115
         sources: ['latents', 'scalars']                                        
INFO     [rank 0] Validation split: 500 samples from         dit_trainer.py:1198
         /hppfs/scratch/0D/go76fuz2/windinet/dit_preprocesse                    
         d/finetune_vae_ch6_unfinetuned_256res/val                              
INFO     [rank 0] Training configuration saved to:           dit_trainer.py:1464
         training_config.yaml                                                   
INFO     [rank 0] Training on latents from VAE               dit_trainer.py:1159
         /hppfs/scratch/0D/go76fuz2/windinet/finetune_vae_ou                    
         tputs_sng_pvc/finetune_vae_ch6_unfinetuned_256res/c                    
         heckpoints/vae_shockwave_last.safetensors                              
         (fingerprint 1de80eaf3cce41e8); recorded in                            
         latent_provenance.json                                                 
INFO     [rank 0] Starting training...                        dit_trainer.py:410
[train] step=1 loss=0.339653 lr=1.000e-05
[train] step=2 loss=0.221030 lr=1.000e-05
[train] step=3 loss=0.164810 lr=1.000e-05
[train] step=4 loss=0.301396 lr=1.000e-05
[train] step=5 loss=0.246895 lr=1.000e-05
[train] step=6 loss=0.334799 lr=1.000e-05
[train] step=7 loss=0.318567 lr=1.000e-05
[train] step=8 loss=0.299177 lr=1.000e-05
[train] step=9 loss=0.288217 lr=1.000e-05
[train] step=10 loss=0.329723 lr=1.000e-05
[train] step=11 loss=0.246905 lr=1.000e-05
[train] step=12 loss=0.266871 lr=1.000e-05
[train] step=13 loss=0.334980 lr=1.000e-05
[train] step=14 loss=0.269894 lr=1.000e-05
[train] step=15 loss=0.154213 lr=1.000e-05
[train] step=16 loss=0.312421 lr=1.000e-05
[train] step=17 loss=0.308308 lr=1.000e-05
[train] step=18 loss=0.283458 lr=1.000e-05
[train] step=19 loss=0.239892 lr=1.000e-05
[train] step=20 loss=0.374764 lr=1.000e-05
[train] step=21 loss=0.264649 lr=1.000e-05
[train] step=22 loss=0.274439 lr=1.000e-05
[train] step=23 loss=0.255582 lr=1.000e-05
[train] step=24 loss=0.253810 lr=1.000e-05
[train] step=25 loss=0.276712 lr=1.000e-05
[train] step=26 loss=0.229066 lr=1.000e-05
[train] step=27 loss=0.269118 lr=1.000e-05
[train] step=28 loss=0.264433 lr=1.000e-05
[train] step=29 loss=0.248737 lr=1.000e-05
[train] step=30 loss=0.139116 lr=1.000e-05
[train] step=31 loss=0.318501 lr=1.000e-05
[train] step=32 loss=0.247498 lr=1.000e-05
[train] step=33 loss=0.317566 lr=1.000e-05
[train] step=34 loss=0.249248 lr=1.000e-05
[train] step=35 loss=0.316909 lr=1.000e-05
[train] step=36 loss=0.165940 lr=1.000e-05
[train] step=37 loss=0.241361 lr=1.000e-05
[train] step=38 loss=0.203445 lr=9.999e-06
[train] step=39 loss=0.208699 lr=9.999e-06
[train] step=40 loss=0.304534 lr=9.999e-06
[train] step=41 loss=0.183896 lr=9.999e-06
[train] step=42 loss=0.244983 lr=9.999e-06
[train] step=43 loss=0.289363 lr=9.999e-06
[train] step=44 loss=0.171367 lr=9.999e-06
[train] step=45 loss=0.280816 lr=9.999e-06
[train] step=46 loss=0.288612 lr=9.999e-06
[train] step=47 loss=0.267809 lr=9.999e-06
[train] step=48 loss=0.192656 lr=9.999e-06
[train] step=49 loss=0.238342 lr=9.999e-06
[train] step=50 loss=0.276514 lr=9.999e-06
[train] step=51 loss=0.267713 lr=9.999e-06
[train] step=52 loss=0.247947 lr=9.999e-06
[train] step=53 loss=0.305550 lr=9.999e-06
[train] step=54 loss=0.297091 lr=9.999e-06
[train] step=55 loss=0.258358 lr=9.999e-06
[train] step=56 loss=0.179327 lr=9.999e-06
[train] step=57 loss=0.214280 lr=9.999e-06
[train] step=58 loss=0.249455 lr=9.999e-06
[train] step=59 loss=0.244193 lr=9.999e-06
[train] step=60 loss=0.288175 lr=9.999e-06
[train] step=61 loss=0.269419 lr=9.999e-06
[train] step=62 loss=0.177766 lr=9.999e-06
[train] step=63 loss=0.296645 lr=9.999e-06
[train] step=64 loss=0.328632 lr=9.998e-06
[train] step=65 loss=0.209884 lr=9.998e-06
[train] step=66 loss=0.443576 lr=9.998e-06
[train] step=67 loss=0.188930 lr=9.998e-06
[train] step=68 loss=0.201765 lr=9.998e-06
[train] step=69 loss=0.221924 lr=9.998e-06
[train] step=70 loss=0.332181 lr=9.998e-06
[train] step=71 loss=0.230773 lr=9.998e-06
[train] step=72 loss=0.246161 lr=9.998e-06
[train] step=73 loss=0.208363 lr=9.998e-06
[train] step=74 loss=0.147199 lr=9.998e-06
[train] step=75 loss=0.229174 lr=9.998e-06
[train] step=76 loss=0.258782 lr=9.998e-06
[train] step=77 loss=0.325693 lr=9.998e-06
[train] step=78 loss=0.275479 lr=9.998e-06
[train] step=79 loss=0.329971 lr=9.998e-06
[train] step=80 loss=0.214724 lr=9.998e-06
[train] step=81 loss=0.183706 lr=9.998e-06
[train] step=82 loss=0.189779 lr=9.997e-06
[train] step=83 loss=0.250399 lr=9.997e-06
[train] step=84 loss=0.317877 lr=9.997e-06
[train] step=85 loss=0.318064 lr=9.997e-06
[train] step=86 loss=0.236871 lr=9.997e-06
[train] step=87 loss=0.292790 lr=9.997e-06
[train] step=88 loss=0.279713 lr=9.997e-06
[train] step=89 loss=0.341643 lr=9.997e-06
[train] step=90 loss=0.257015 lr=9.997e-06
[train] step=91 loss=0.346216 lr=9.997e-06
[train] step=92 loss=0.211420 lr=9.997e-06
[train] step=93 loss=0.181424 lr=9.997e-06
[train] step=94 loss=0.186399 lr=9.997e-06
[train] step=95 loss=0.194591 lr=9.997e-06
[train] step=96 loss=0.220098 lr=9.997e-06
[train] step=97 loss=0.262709 lr=9.996e-06
[train] step=98 loss=0.309993 lr=9.996e-06
[train] step=99 loss=0.239112 lr=9.996e-06
[train] step=100 loss=0.203822 lr=9.996e-06
[train] step=101 loss=0.228125 lr=9.996e-06
[train] step=102 loss=0.302193 lr=9.996e-06
[train] step=103 loss=0.168511 lr=9.996e-06
[train] step=104 loss=0.212738 lr=9.996e-06
[train] step=105 loss=0.218875 lr=9.996e-06
[train] step=106 loss=0.316778 lr=9.996e-06
[train] step=107 loss=0.178927 lr=9.996e-06
[train] step=108 loss=0.230910 lr=9.996e-06
[train] step=109 loss=0.343819 lr=9.996e-06
[train] step=110 loss=0.226356 lr=9.995e-06
[train] step=111 loss=0.172779 lr=9.995e-06
[train] step=112 loss=0.326449 lr=9.995e-06
[train] step=113 loss=0.226400 lr=9.995e-06
[train] step=114 loss=0.224340 lr=9.995e-06
[train] step=115 loss=0.271366 lr=9.995e-06
[train] step=116 loss=0.223450 lr=9.995e-06
[train] step=117 loss=0.182872 lr=9.995e-06
[train] step=118 loss=0.285844 lr=9.995e-06
[train] step=119 loss=0.216108 lr=9.995e-06
[train] step=120 loss=0.210653 lr=9.995e-06
INFO     [rank 0] Model weights for step 120 saved in        dit_trainer.py:1288
         checkpoints/model_weights_step_00120.safetensors                       
INFO     [rank 0] Scalar embedding weights for step 120      dit_trainer.py:1297
         saved                                                                  
INFO     [rank 0] Training state saved:                      dit_trainer.py:1416
         checkpoints/model_weights_step_00120.state.pt                          
[epoch 1] step=120 train_loss=0.255372
[train] step=121 loss=0.303842 lr=9.994e-06
[train] step=122 loss=0.269982 lr=9.994e-06
[train] step=123 loss=0.360481 lr=9.994e-06
[train] step=124 loss=0.259793 lr=9.994e-06
[train] step=125 loss=0.230783 lr=9.994e-06
[train] step=126 loss=0.161080 lr=9.994e-06
[train] step=127 loss=0.311171 lr=9.994e-06
[train] step=128 loss=0.233314 lr=9.994e-06
[train] step=129 loss=0.199771 lr=9.994e-06
[train] step=130 loss=0.376965 lr=9.994e-06
[train] step=131 loss=0.214211 lr=9.993e-06
[train] step=132 loss=0.307994 lr=9.993e-06
[train] step=133 loss=0.192868 lr=9.993e-06
[train] step=134 loss=0.229757 lr=9.993e-06
[train] step=135 loss=0.202405 lr=9.993e-06
[train] step=136 loss=0.152200 lr=9.993e-06
[train] step=137 loss=0.339987 lr=9.993e-06
[train] step=138 loss=0.163978 lr=9.993e-06
[train] step=139 loss=0.255738 lr=9.993e-06
[train] step=140 loss=0.194253 lr=9.993e-06
[train] step=141 loss=0.257069 lr=9.992e-06
[train] step=142 loss=0.196452 lr=9.992e-06
[train] step=143 loss=0.330160 lr=9.992e-06
[train] step=144 loss=0.281713 lr=9.992e-06
[train] step=145 loss=0.276444 lr=9.992e-06
[train] step=146 loss=0.286677 lr=9.992e-06
[train] step=147 loss=0.248579 lr=9.992e-06
[train] step=148 loss=0.273513 lr=9.992e-06
[train] step=149 loss=0.355316 lr=9.992e-06
[train] step=150 loss=0.234915 lr=9.991e-06
[train] step=151 loss=0.241208 lr=9.991e-06
[train] step=152 loss=0.199378 lr=9.991e-06
[train] step=153 loss=0.169826 lr=9.991e-06
[train] step=154 loss=0.231178 lr=9.991e-06
[train] step=155 loss=0.398259 lr=9.991e-06
[train] step=156 loss=0.265882 lr=9.991e-06
[train] step=157 loss=0.294326 lr=9.991e-06
[train] step=158 loss=0.261629 lr=9.991e-06
[train] step=159 loss=0.273914 lr=9.990e-06
[train] step=160 loss=0.302580 lr=9.990e-06
[train] step=161 loss=0.306631 lr=9.990e-06
[train] step=162 loss=0.149147 lr=9.990e-06
[train] step=163 loss=0.249994 lr=9.990e-06
[train] step=164 loss=0.221270 lr=9.990e-06
[train] step=165 loss=0.281640 lr=9.990e-06
[train] step=166 loss=0.250130 lr=9.990e-06
[train] step=167 loss=0.255652 lr=9.989e-06
[train] step=168 loss=0.330681 lr=9.989e-06
[train] step=169 loss=0.336828 lr=9.989e-06
[train] step=170 loss=0.219121 lr=9.989e-06
[train] step=171 loss=0.228802 lr=9.989e-06
[train] step=172 loss=0.236706 lr=9.989e-06
[train] step=173 loss=0.162187 lr=9.989e-06
[train] step=174 loss=0.195730 lr=9.988e-06
[train] step=175 loss=0.305562 lr=9.988e-06
[train] step=176 loss=0.217922 lr=9.988e-06
[train] step=177 loss=0.211985 lr=9.988e-06
[train] step=178 loss=0.203552 lr=9.988e-06
[train] step=179 loss=0.226579 lr=9.988e-06
[train] step=180 loss=0.142841 lr=9.988e-06
[train] step=181 loss=0.180555 lr=9.988e-06
[train] step=182 loss=0.291396 lr=9.987e-06
[train] step=183 loss=0.204958 lr=9.987e-06
[train] step=184 loss=0.225845 lr=9.987e-06
[train] step=185 loss=0.237807 lr=9.987e-06
[train] step=186 loss=0.256926 lr=9.987e-06
[train] step=187 loss=0.237137 lr=9.987e-06
[train] step=188 loss=0.255241 lr=9.987e-06
[train] step=189 loss=0.199018 lr=9.986e-06
[train] step=190 loss=0.210665 lr=9.986e-06
[train] step=191 loss=0.197850 lr=9.986e-06
[train] step=192 loss=0.170654 lr=9.986e-06
[train] step=193 loss=0.330633 lr=9.986e-06
[train] step=194 loss=0.203277 lr=9.986e-06
[train] step=195 loss=0.216730 lr=9.986e-06
[train] step=196 loss=0.230179 lr=9.985e-06
[train] step=197 loss=0.195197 lr=9.985e-06
[train] step=198 loss=0.190984 lr=9.985e-06
[train] step=199 loss=0.255609 lr=9.985e-06
[train] step=200 loss=0.179448 lr=9.985e-06
[train] step=201 loss=0.249893 lr=9.985e-06
[train] step=202 loss=0.235606 lr=9.984e-06
[train] step=203 loss=0.202138 lr=9.984e-06
[train] step=204 loss=0.229529 lr=9.984e-06
[train] step=205 loss=0.128566 lr=9.984e-06
[train] step=206 loss=0.205395 lr=9.984e-06
[train] step=207 loss=0.212744 lr=9.984e-06
[train] step=208 loss=0.277352 lr=9.984e-06
[train] step=209 loss=0.233089 lr=9.983e-06
[train] step=210 loss=0.220598 lr=9.983e-06
[train] step=211 loss=0.233495 lr=9.983e-06
[train] step=212 loss=0.201091 lr=9.983e-06
[train] step=213 loss=0.182182 lr=9.983e-06
[train] step=214 loss=0.270297 lr=9.983e-06
[train] step=215 loss=0.441363 lr=9.982e-06
[train] step=216 loss=0.281894 lr=9.982e-06
[train] step=217 loss=0.269672 lr=9.982e-06
[train] step=218 loss=0.228798 lr=9.982e-06
[train] step=219 loss=0.340132 lr=9.982e-06
[train] step=220 loss=0.336483 lr=9.982e-06
[train] step=221 loss=0.263796 lr=9.981e-06
[train] step=222 loss=0.254944 lr=9.981e-06
[train] step=223 loss=0.202155 lr=9.981e-06
[train] step=224 loss=0.224387 lr=9.981e-06
[train] step=225 loss=0.209824 lr=9.981e-06
[train] step=226 loss=0.208037 lr=9.981e-06
[train] step=227 loss=0.318789 lr=9.980e-06
[train] step=228 loss=0.255492 lr=9.980e-06
[train] step=229 loss=0.201915 lr=9.980e-06
[train] step=230 loss=0.195951 lr=9.980e-06
[train] step=231 loss=0.242266 lr=9.980e-06
[train] step=232 loss=0.168596 lr=9.979e-06
[train] step=233 loss=0.218097 lr=9.979e-06
[train] step=234 loss=0.203251 lr=9.979e-06
[train] step=235 loss=0.224563 lr=9.979e-06
[train] step=236 loss=0.200966 lr=9.979e-06
[train] step=237 loss=0.153927 lr=9.979e-06
[train] step=238 loss=0.384016 lr=9.978e-06
[train] step=239 loss=0.152188 lr=9.978e-06
[train] step=240 loss=0.328631 lr=9.978e-06
INFO     [rank 0] Model weights for step 240 saved in        dit_trainer.py:1288
         checkpoints/model_weights_step_00240.safetensors                       
INFO     [rank 0] Scalar embedding weights for step 240      dit_trainer.py:1297
         saved                                                                  
INFO     [rank 0] Training state saved:                      dit_trainer.py:1416
         checkpoints/model_weights_step_00240.state.pt                          
DEBUG    [rank 0] Removed optimizer state for older kept     dit_trainer.py:1444
         checkpoint:                                                            
         /hppfs/scratch/0D/go76fuz2/windinet/outputs/shockwa                    
         ve_dit_ch6_unfinetuned/checkpoints/model_weights_st                    
         ep_00120.state.pt                                                      
[epoch 2] step=240 train_loss=0.241807
[train] step=241 loss=0.297816 lr=9.978e-06
[train] step=242 loss=0.271912 lr=9.978e-06
[train] step=243 loss=0.232222 lr=9.977e-06
[train] step=244 loss=0.298969 lr=9.977e-06
[train] step=245 loss=0.312485 lr=9.977e-06
[train] step=246 loss=0.255611 lr=9.977e-06
[train] step=247 loss=0.173271 lr=9.977e-06
[train] step=248 loss=0.234090 lr=9.977e-06
[train] step=249 loss=0.241931 lr=9.976e-06
[train] step=250 loss=0.293174 lr=9.976e-06
[train] step=251 loss=0.256465 lr=9.976e-06
[train] step=252 loss=0.255336 lr=9.976e-06
[train] step=253 loss=0.260643 lr=9.976e-06
[train] step=254 loss=0.168099 lr=9.975e-06
[train] step=255 loss=0.168155 lr=9.975e-06
[train] step=256 loss=0.300795 lr=9.975e-06
[train] step=257 loss=0.120541 lr=9.975e-06
[train] step=258 loss=0.275496 lr=9.975e-06
[train] step=259 loss=0.346360 lr=9.974e-06
[train] step=260 loss=0.350131 lr=9.974e-06
[train] step=261 loss=0.213790 lr=9.974e-06
[train] step=262 loss=0.332963 lr=9.974e-06
[train] step=263 loss=0.213592 lr=9.974e-06
[train] step=264 loss=0.203913 lr=9.973e-06
[train] step=265 loss=0.182611 lr=9.973e-06
[train] step=266 loss=0.315773 lr=9.973e-06
[train] step=267 loss=0.247024 lr=9.973e-06
[train] step=268 loss=0.250697 lr=9.973e-06
[train] step=269 loss=0.299407 lr=9.972e-06
[train] step=270 loss=0.176176 lr=9.972e-06
[train] step=271 loss=0.387174 lr=9.972e-06
[train] step=272 loss=0.273091 lr=9.972e-06
[train] step=273 loss=0.204387 lr=9.972e-06
[train] step=274 loss=0.258419 lr=9.971e-06
[train] step=275 loss=0.332895 lr=9.971e-06
[train] step=276 loss=0.167069 lr=9.971e-06
[train] step=277 loss=0.291031 lr=9.971e-06
[train] step=278 loss=0.270386 lr=9.970e-06
[train] step=279 loss=0.214946 lr=9.970e-06
[train] step=280 loss=0.234103 lr=9.970e-06
[train] step=281 loss=0.169208 lr=9.970e-06
[train] step=282 loss=0.241812 lr=9.970e-06
[train] step=283 loss=0.219601 lr=9.969e-06
[train] step=284 loss=0.338508 lr=9.969e-06
[train] step=285 loss=0.209535 lr=9.969e-06
[train] step=286 loss=0.260821 lr=9.969e-06
[train] step=287 loss=0.235103 lr=9.969e-06
[train] step=288 loss=0.186158 lr=9.968e-06
[train] step=289 loss=0.278932 lr=9.968e-06
[train] step=290 loss=0.205407 lr=9.968e-06
[train] step=291 loss=0.162906 lr=9.968e-06
[train] step=292 loss=0.146740 lr=9.967e-06
[train] step=293 loss=0.286863 lr=9.967e-06
[train] step=294 loss=0.190951 lr=9.967e-06
[train] step=295 loss=0.252155 lr=9.967e-06
[train] step=296 loss=0.206204 lr=9.967e-06
[train] step=297 loss=0.179257 lr=9.966e-06
[train] step=298 loss=0.154196 lr=9.966e-06
[train] step=299 loss=0.263588 lr=9.966e-06
[train] step=300 loss=0.258251 lr=9.966e-06
[train] step=301 loss=0.206486 lr=9.965e-06
[train] step=302 loss=0.189848 lr=9.965e-06
[train] step=303 loss=0.162600 lr=9.965e-06
[train] step=304 loss=0.328804 lr=9.965e-06
[train] step=305 loss=0.237660 lr=9.964e-06
[train] step=306 loss=0.200855 lr=9.964e-06
[train] step=307 loss=0.249422 lr=9.964e-06
[train] step=308 loss=0.244349 lr=9.964e-06
[train] step=309 loss=0.382046 lr=9.964e-06
[train] step=310 loss=0.271701 lr=9.963e-06
[train] step=311 loss=0.240922 lr=9.963e-06
[train] step=312 loss=0.184170 lr=9.963e-06
[train] step=313 loss=0.379565 lr=9.963e-06
[train] step=314 loss=0.369460 lr=9.962e-06
[train] step=315 loss=0.319780 lr=9.962e-06
[train] step=316 loss=0.308594 lr=9.962e-06
[train] step=317 loss=0.278032 lr=9.962e-06
[train] step=318 loss=0.174166 lr=9.961e-06
[train] step=319 loss=0.162371 lr=9.961e-06
[train] step=320 loss=0.263148 lr=9.961e-06
[train] step=321 loss=0.312810 lr=9.961e-06
[train] step=322 loss=0.270362 lr=9.960e-06
[train] step=323 loss=0.174324 lr=9.960e-06
[train] step=324 loss=0.214038 lr=9.960e-06
[train] step=325 loss=0.140728 lr=9.960e-06
[train] step=326 loss=0.208215 lr=9.959e-06
[train] step=327 loss=0.297956 lr=9.959e-06
[train] step=328 loss=0.258825 lr=9.959e-06
[train] step=329 loss=0.156547 lr=9.959e-06
[train] step=330 loss=0.187100 lr=9.958e-06
[train] step=331 loss=0.177209 lr=9.958e-06
[train] step=332 loss=0.197019 lr=9.958e-06
[train] step=333 loss=0.208076 lr=9.958e-06
[train] step=334 loss=0.243360 lr=9.957e-06
[train] step=335 loss=0.272505 lr=9.957e-06
[train] step=336 loss=0.232925 lr=9.957e-06
[train] step=337 loss=0.204653 lr=9.957e-06
[train] step=338 loss=0.277970 lr=9.956e-06
[train] step=339 loss=0.196635 lr=9.956e-06
[train] step=340 loss=0.288651 lr=9.956e-06
[train] step=341 loss=0.226094 lr=9.956e-06
[train] step=342 loss=0.184863 lr=9.955e-06
[train] step=343 loss=0.211255 lr=9.955e-06
[train] step=344 loss=0.366969 lr=9.955e-06
[train] step=345 loss=0.144100 lr=9.954e-06
[train] step=346 loss=0.239787 lr=9.954e-06
[train] step=347 loss=0.216053 lr=9.954e-06
[train] step=348 loss=0.278110 lr=9.954e-06
[train] step=349 loss=0.212820 lr=9.953e-06
[train] step=350 loss=0.320316 lr=9.953e-06
[train] step=351 loss=0.263383 lr=9.953e-06
[train] step=352 loss=0.228173 lr=9.953e-06
[train] step=353 loss=0.247277 lr=9.952e-06
[train] step=354 loss=0.294503 lr=9.952e-06
[train] step=355 loss=0.193242 lr=9.952e-06
[train] step=356 loss=0.217670 lr=9.952e-06
[train] step=357 loss=0.207846 lr=9.951e-06
[train] step=358 loss=0.290204 lr=9.951e-06
[train] step=359 loss=0.193015 lr=9.951e-06
[train] step=360 loss=0.207261 lr=9.950e-06
INFO     [rank 0] Model weights for step 360 saved in        dit_trainer.py:1288
         checkpoints/model_weights_step_00360.safetensors                       
INFO     [rank 0] Scalar embedding weights for step 360      dit_trainer.py:1297
         saved                                                                  
INFO     [rank 0] Training state saved:                      dit_trainer.py:1416
         checkpoints/model_weights_step_00360.state.pt                          
DEBUG    [rank 0] Removed old checkpoint:                    dit_trainer.py:1429
         /hppfs/scratch/0D/go76fuz2/windinet/outputs/shockwa                    
         ve_dit_ch6_unfinetuned/checkpoints/model_weights_st                    
         ep_00120.safetensors                                                   
DEBUG    [rank 0] Removed old checkpoint:                    dit_trainer.py:1429
         /hppfs/scratch/0D/go76fuz2/windinet/outputs/shockwa                    
         ve_dit_ch6_unfinetuned/checkpoints/scalar_embedding                    
         _step_00120.safetensors                                                
DEBUG    [rank 0] Removed optimizer state for older kept     dit_trainer.py:1444
         checkpoint:                                                            
         /hppfs/scratch/0D/go76fuz2/windinet/outputs/shockwa                    
         ve_dit_ch6_unfinetuned/checkpoints/model_weights_st                    
         ep_00240.state.pt                                                      
[epoch 3] step=360 train_loss=0.243061
[train] step=361 loss=0.239794 lr=9.950e-06
[train] step=362 loss=0.230762 lr=9.950e-06
[train] step=363 loss=0.188561 lr=9.950e-06
[train] step=364 loss=0.345187 lr=9.949e-06
[train] step=365 loss=0.234225 lr=9.949e-06
[train] step=366 loss=0.201149 lr=9.949e-06
[train] step=367 loss=0.298470 lr=9.948e-06
[train] step=368 loss=0.237583 lr=9.948e-06
[train] step=369 loss=0.307183 lr=9.948e-06
[train] step=370 loss=0.208345 lr=9.948e-06
[train] step=371 loss=0.267464 lr=9.947e-06
[train] step=372 loss=0.214624 lr=9.947e-06
[train] step=373 loss=0.339333 lr=9.947e-06
[train] step=374 loss=0.191065 lr=9.947e-06
[train] step=375 loss=0.140685 lr=9.946e-06
[train] step=376 loss=0.151475 lr=9.946e-06
[train] step=377 loss=0.217406 lr=9.946e-06
[train] step=378 loss=0.163417 lr=9.945e-06
[train] step=379 loss=0.216055 lr=9.945e-06
[train] step=380 loss=0.201746 lr=9.945e-06
[train] step=381 loss=0.226857 lr=9.944e-06
[train] step=382 loss=0.163963 lr=9.944e-06
[train] step=383 loss=0.211347 lr=9.944e-06
[train] step=384 loss=0.242615 lr=9.944e-06
[train] step=385 loss=0.269647 lr=9.943e-06
[train] step=386 loss=0.236293 lr=9.943e-06
[train] step=387 loss=0.253600 lr=9.943e-06
[train] step=388 loss=0.193312 lr=9.942e-06
[train] step=389 loss=0.203133 lr=9.942e-06
[train] step=390 loss=0.246384 lr=9.942e-06
[train] step=391 loss=0.131981 lr=9.942e-06
[train] step=392 loss=0.185949 lr=9.941e-06
[train] step=393 loss=0.193979 lr=9.941e-06
[train] step=394 loss=0.172761 lr=9.941e-06
[train] step=395 loss=0.340608 lr=9.940e-06
[train] step=396 loss=0.215350 lr=9.940e-06
[train] step=397 loss=0.175509 lr=9.940e-06
[train] step=398 loss=0.238086 lr=9.939e-06
[train] step=399 loss=0.166713 lr=9.939e-06
[train] step=400 loss=0.295567 lr=9.939e-06
[train] step=401 loss=0.229791 lr=9.939e-06
[train] step=402 loss=0.579366 lr=9.938e-06
[train] step=403 loss=0.145718 lr=9.938e-06
[train] step=404 loss=0.205501 lr=9.938e-06
[train] step=405 loss=0.210941 lr=9.937e-06
[train] step=406 loss=0.236267 lr=9.937e-06
[train] step=407 loss=0.265909 lr=9.937e-06
[train] step=408 loss=0.304057 lr=9.936e-06
[train] step=409 loss=0.335435 lr=9.936e-06
[train] step=410 loss=0.348962 lr=9.936e-06
[train] step=411 loss=0.253107 lr=9.935e-06
[train] step=412 loss=0.188619 lr=9.935e-06
[train] step=413 loss=0.190750 lr=9.935e-06
[train] step=414 loss=0.193295 lr=9.934e-06
[train] step=415 loss=0.222842 lr=9.934e-06
[train] step=416 loss=0.215749 lr=9.934e-06
[train] step=417 loss=0.148035 lr=9.933e-06
[train] step=418 loss=0.269785 lr=9.933e-06
[train] step=419 loss=0.158934 lr=9.933e-06
[train] step=420 loss=0.177449 lr=9.933e-06
[train] step=421 loss=0.221698 lr=9.932e-06
[train] step=422 loss=0.235114 lr=9.932e-06
[train] step=423 loss=0.232217 lr=9.932e-06
[train] step=424 loss=0.274081 lr=9.931e-06
[train] step=425 loss=0.256474 lr=9.931e-06
[train] step=426 loss=0.214402 lr=9.931e-06
[train] step=427 loss=0.214443 lr=9.930e-06
[train] step=428 loss=0.242564 lr=9.930e-06
[train] step=429 loss=0.254515 lr=9.930e-06
[train] step=430 loss=0.260328 lr=9.929e-06
[train] step=431 loss=0.214412 lr=9.929e-06
[train] step=432 loss=0.279563 lr=9.929e-06
[train] step=433 loss=0.224729 lr=9.928e-06
[train] step=434 loss=0.218694 lr=9.928e-06
[train] step=435 loss=0.197658 lr=9.928e-06
[train] step=436 loss=0.146917 lr=9.927e-06
[train] step=437 loss=0.290133 lr=9.927e-06
[train] step=438 loss=0.220052 lr=9.927e-06
[train] step=439 loss=0.215435 lr=9.926e-06
[train] step=440 loss=0.255266 lr=9.926e-06
[train] step=441 loss=0.189614 lr=9.926e-06
[train] step=442 loss=0.149581 lr=9.925e-06
[train] step=443 loss=0.208757 lr=9.925e-06
[train] step=444 loss=0.148145 lr=9.925e-06
[train] step=445 loss=0.309942 lr=9.924e-06
[train] step=446 loss=0.195040 lr=9.924e-06
[train] step=447 loss=0.338078 lr=9.924e-06
[train] step=448 loss=0.204205 lr=9.923e-06
[train] step=449 loss=0.190399 lr=9.923e-06
[train] step=450 loss=0.123911 lr=9.923e-06
[train] step=451 loss=0.232101 lr=9.922e-06
[train] step=452 loss=0.183875 lr=9.922e-06
[train] step=453 loss=0.257261 lr=9.922e-06
[train] step=454 loss=0.221116 lr=9.921e-06
[train] step=455 loss=0.731037 lr=9.921e-06
[train] step=456 loss=0.287739 lr=9.920e-06
[train] step=457 loss=0.175209 lr=9.920e-06
[train] step=458 loss=0.224369 lr=9.920e-06
[train] step=459 loss=0.204667 lr=9.919e-06
[train] step=460 loss=0.177959 lr=9.919e-06
[train] step=461 loss=0.283100 lr=9.919e-06
[train] step=462 loss=0.148060 lr=9.918e-06
[train] step=463 loss=0.208517 lr=9.918e-06
[train] step=464 loss=0.189990 lr=9.918e-06
[train] step=465 loss=0.233327 lr=9.917e-06
[train] step=466 loss=0.219110 lr=9.917e-06
[train] step=467 loss=0.241792 lr=9.917e-06
[train] step=468 loss=0.208707 lr=9.916e-06
[train] step=469 loss=0.186916 lr=9.916e-06
[train] step=470 loss=0.233306 lr=9.916e-06
[train] step=471 loss=0.179455 lr=9.915e-06
[train] step=472 loss=0.306734 lr=9.915e-06
[train] step=473 loss=0.179631 lr=9.914e-06
[train] step=474 loss=0.186330 lr=9.914e-06
[train] step=475 loss=0.209737 lr=9.914e-06
[train] step=476 loss=0.290752 lr=9.913e-06
[train] step=477 loss=0.281087 lr=9.913e-06
[train] step=478 loss=0.183090 lr=9.913e-06
[train] step=479 loss=0.259696 lr=9.912e-06
[train] step=480 loss=0.270812 lr=9.912e-06
INFO     [rank 0] Model weights for step 480 saved in        dit_trainer.py:1288
         checkpoints/model_weights_step_00480.safetensors                       
INFO     [rank 0] Scalar embedding weights for step 480      dit_trainer.py:1297
         saved                                                                  
INFO     [rank 0] Training state saved:                      dit_trainer.py:1416
         checkpoints/model_weights_step_00480.state.pt                          
DEBUG    [rank 0] Removed old checkpoint:                    dit_trainer.py:1429
         /hppfs/scratch/0D/go76fuz2/windinet/outputs/shockwa                    
         ve_dit_ch6_unfinetuned/checkpoints/model_weights_st                    
         ep_00240.safetensors                                                   
DEBUG    [rank 0] Removed old checkpoint:                    dit_trainer.py:1429
         /hppfs/scratch/0D/go76fuz2/windinet/outputs/shockwa                    
         ve_dit_ch6_unfinetuned/checkpoints/scalar_embedding                    
         _step_00240.safetensors                                                
DEBUG    [rank 0] Removed optimizer state for older kept     dit_trainer.py:1444
         checkpoint:                                                            
         /hppfs/scratch/0D/go76fuz2/windinet/outputs/shockwa                    
         ve_dit_ch6_unfinetuned/checkpoints/model_weights_st                    
         ep_00360.state.pt                                                      
[epoch 4] step=480 train_loss=0.230808
[train] step=481 loss=0.207218 lr=9.912e-06
[train] step=482 loss=0.184613 lr=9.911e-06
[train] step=483 loss=0.288126 lr=9.911e-06
[train] step=484 loss=0.174593 lr=9.910e-06
[train] step=485 loss=0.241799 lr=9.910e-06
[train] step=486 loss=0.233544 lr=9.910e-06
[train] step=487 loss=0.277773 lr=9.909e-06
[train] step=488 loss=0.286394 lr=9.909e-06
[train] step=489 loss=0.212884 lr=9.909e-06
[train] step=490 loss=0.330977 lr=9.908e-06
[train] step=491 loss=0.158023 lr=9.908e-06
[train] step=492 loss=0.213230 lr=9.907e-06
[train] step=493 loss=0.138825 lr=9.907e-06
[train] step=494 loss=0.177800 lr=9.907e-06
[train] step=495 loss=0.251597 lr=9.906e-06
[train] step=496 loss=0.172012 lr=9.906e-06
[train] step=497 loss=0.142072 lr=9.906e-06
[train] step=498 loss=0.188056 lr=9.905e-06
[train] step=499 loss=0.222819 lr=9.905e-06
[train] step=500 loss=0.279606 lr=9.904e-06
[train] step=501 loss=0.214823 lr=9.904e-06
[train] step=502 loss=0.186415 lr=9.904e-06
[train] step=503 loss=0.153753 lr=9.903e-06
[train] step=504 loss=0.278021 lr=9.903e-06
[train] step=505 loss=0.216742 lr=9.902e-06
[train] step=506 loss=0.357208 lr=9.902e-06
[train] step=507 loss=0.204122 lr=9.902e-06
[train] step=508 loss=0.144156 lr=9.901e-06
[train] step=509 loss=0.268458 lr=9.901e-06
[train] step=510 loss=0.228006 lr=9.901e-06
[train] step=511 loss=0.149379 lr=9.900e-06
[train] step=512 loss=0.225017 lr=9.900e-06
[train] step=513 loss=0.248018 lr=9.899e-06
[train] step=514 loss=0.251485 lr=9.899e-06
[train] step=515 loss=0.295181 lr=9.899e-06
[train] step=516 loss=0.236388 lr=9.898e-06
[train] step=517 loss=0.166812 lr=9.898e-06
[train] step=518 loss=0.272123 lr=9.897e-06
[train] step=519 loss=0.196796 lr=9.897e-06
[train] step=520 loss=0.208918 lr=9.897e-06
[train] step=521 loss=0.248687 lr=9.896e-06
[train] step=522 loss=0.187236 lr=9.896e-06
[train] step=523 loss=0.231497 lr=9.895e-06
[train] step=524 loss=0.141380 lr=9.895e-06
[train] step=525 loss=0.236812 lr=9.895e-06
[train] step=526 loss=0.614787 lr=9.894e-06
[train] step=527 loss=0.331046 lr=9.894e-06
[train] step=528 loss=0.258787 lr=9.893e-06
[train] step=529 loss=0.261007 lr=9.893e-06
[train] step=530 loss=0.261202 lr=9.893e-06
[train] step=531 loss=0.291821 lr=9.892e-06
[train] step=532 loss=0.202198 lr=9.892e-06
[train] step=533 loss=0.191719 lr=9.891e-06
[train] step=534 loss=0.233304 lr=9.891e-06
[train] step=535 loss=0.213253 lr=9.891e-06
[train] step=536 loss=0.189515 lr=9.890e-06
[train] step=537 loss=0.249817 lr=9.890e-06
[train] step=538 loss=0.193500 lr=9.889e-06
[train] step=539 loss=0.148979 lr=9.889e-06
[train] step=540 loss=0.147175 lr=9.889e-06
[train] step=541 loss=0.170081 lr=9.888e-06
[train] step=542 loss=0.200067 lr=9.888e-06
[train] step=543 loss=0.214847 lr=9.887e-06
[train] step=544 loss=0.181119 lr=9.887e-06
[train] step=545 loss=0.257072 lr=9.886e-06
[train] step=546 loss=0.165543 lr=9.886e-06
[train] step=547 loss=0.226202 lr=9.886e-06
[train] step=548 loss=0.170554 lr=9.885e-06
[train] step=549 loss=0.264482 lr=9.885e-06
[train] step=550 loss=0.265726 lr=9.884e-06
[train] step=551 loss=0.201065 lr=9.884e-06
[train] step=552 loss=0.234435 lr=9.884e-06
[train] step=553 loss=0.316753 lr=9.883e-06
[train] step=554 loss=0.162821 lr=9.883e-06
[train] step=555 loss=0.233304 lr=9.882e-06
[train] step=556 loss=0.195499 lr=9.882e-06
[train] step=557 loss=0.171927 lr=9.881e-06
[train] step=558 loss=0.262896 lr=9.881e-06
[train] step=559 loss=0.240994 lr=9.881e-06
[train] step=560 loss=0.177620 lr=9.880e-06
[train] step=561 loss=0.225091 lr=9.880e-06
[train] step=562 loss=0.174360 lr=9.879e-06
[train] step=563 loss=0.281376 lr=9.879e-06
[train] step=564 loss=0.172218 lr=9.878e-06
[train] step=565 loss=0.275433 lr=9.878e-06
[train] step=566 loss=0.180595 lr=9.878e-06
[train] step=567 loss=0.239759 lr=9.877e-06
[train] step=568 loss=0.132977 lr=9.877e-06
[train] step=569 loss=0.171371 lr=9.876e-06
[train] step=570 loss=0.260537 lr=9.876e-06
[train] step=571 loss=0.207304 lr=9.875e-06
[train] step=572 loss=0.139900 lr=9.875e-06
[train] step=573 loss=0.244586 lr=9.875e-06
[train] step=574 loss=0.267222 lr=9.874e-06
[train] step=575 loss=0.180451 lr=9.874e-06
[train] step=576 loss=0.180479 lr=9.873e-06
[train] step=577 loss=0.197843 lr=9.873e-06
[train] step=578 loss=0.239902 lr=9.872e-06
[train] step=579 loss=0.141730 lr=9.872e-06
[train] step=580 loss=0.161959 lr=9.871e-06
[train] step=581 loss=0.215863 lr=9.871e-06
[train] step=582 loss=0.262845 lr=9.871e-06
[train] step=583 loss=0.189241 lr=9.870e-06
[train] step=584 loss=0.247100 lr=9.870e-06
[train] step=585 loss=0.189327 lr=9.869e-06
[train] step=586 loss=0.151172 lr=9.869e-06
[train] step=587 loss=0.261806 lr=9.868e-06
[train] step=588 loss=0.132342 lr=9.868e-06
[train] step=589 loss=0.270064 lr=9.867e-06
[train] step=590 loss=0.273331 lr=9.867e-06
[train] step=591 loss=0.231134 lr=9.867e-06
[train] step=592 loss=0.271595 lr=9.866e-06
[train] step=593 loss=0.257512 lr=9.866e-06
[train] step=594 loss=0.177134 lr=9.865e-06
[train] step=595 loss=0.216009 lr=9.865e-06
[train] step=596 loss=0.295186 lr=9.864e-06
[train] step=597 loss=0.179973 lr=9.864e-06
[train] step=598 loss=0.171272 lr=9.863e-06
[train] step=599 loss=0.229710 lr=9.863e-06
[train] step=600 loss=0.177819 lr=9.862e-06
[val] step=600 val_loss=0.215915
INFO     [rank 0] Model weights for step 600 saved in        dit_trainer.py:1288
         checkpoints/model_weights_step_00600.safetensors                       
INFO     [rank 0] Scalar embedding weights for step 600      dit_trainer.py:1297
         saved                                                                  
INFO     [rank 0] Training state saved:                      dit_trainer.py:1416
         checkpoints/model_weights_step_00600.state.pt                          
INFO     [rank 0] New best checkpoint (step 600,             dit_trainer.py:1320
         val_loss=0.215915):                                                    
         checkpoints/model_weights_best.safetensors                             
DEBUG    [rank 0] Removed old checkpoint:                    dit_trainer.py:1429
         /hppfs/scratch/0D/go76fuz2/windinet/outputs/shockwa                    
         ve_dit_ch6_unfinetuned/checkpoints/model_weights_st                    
         ep_00360.safetensors                                                   
DEBUG    [rank 0] Removed old checkpoint:                    dit_trainer.py:1429
         /hppfs/scratch/0D/go76fuz2/windinet/outputs/shockwa                    
         ve_dit_ch6_unfinetuned/checkpoints/scalar_embedding                    
         _step_00360.safetensors                                                
DEBUG    [rank 0] Removed optimizer state for older kept     dit_trainer.py:1444
         checkpoint:                                                            
         /hppfs/scratch/0D/go76fuz2/windinet/outputs/shockwa                    
         ve_dit_ch6_unfinetuned/checkpoints/model_weights_st                    
         ep_00480.state.pt                                                      
[epoch 5] step=600 train_loss=0.221659 val_loss=0.215915
[train] step=601 loss=0.140352 lr=9.862e-06
[train] step=602 loss=0.209392 lr=9.862e-06
[train] step=603 loss=0.205835 lr=9.861e-06
[train] step=604 loss=0.181380 lr=9.861e-06
[train] step=605 loss=0.161820 lr=9.860e-06
[train] step=606 loss=0.217852 lr=9.860e-06
[train] step=607 loss=0.234017 lr=9.859e-06
[train] step=608 loss=0.258606 lr=9.859e-06
[train] step=609 loss=0.191999 lr=9.858e-06
[train] step=610 loss=0.171429 lr=9.858e-06
[train] step=611 loss=0.224007 lr=9.857e-06
[train] step=612 loss=0.215525 lr=9.857e-06
[train] step=613 loss=0.189542 lr=9.856e-06
[train] step=614 loss=0.247326 lr=9.856e-06
[train] step=615 loss=0.341668 lr=9.856e-06
[train] step=616 loss=0.224724 lr=9.855e-06
[train] step=617 loss=0.131621 lr=9.855e-06
[train] step=618 loss=0.204102 lr=9.854e-06
[train] step=619 loss=0.195144 lr=9.854e-06
[train] step=620 loss=0.278378 lr=9.853e-06
[train] step=621 loss=0.181426 lr=9.853e-06
[train] step=622 loss=0.156371 lr=9.852e-06
[train] step=623 loss=0.208458 lr=9.852e-06
[train] step=624 loss=0.256459 lr=9.851e-06
[train] step=625 loss=0.202148 lr=9.851e-06
[train] step=626 loss=0.234987 lr=9.850e-06
[train] step=627 loss=0.229071 lr=9.850e-06
[train] step=628 loss=0.256775 lr=9.849e-06
[train] step=629 loss=0.164988 lr=9.849e-06
[train] step=630 loss=0.243205 lr=9.848e-06
[train] step=631 loss=0.193574 lr=9.848e-06
[train] step=632 loss=0.220979 lr=9.847e-06
[train] step=633 loss=0.167893 lr=9.847e-06
[train] step=634 loss=0.180544 lr=9.846e-06
[train] step=635 loss=0.098557 lr=9.846e-06
[train] step=636 loss=0.263138 lr=9.846e-06
[train] step=637 loss=0.213551 lr=9.845e-06
[train] step=638 loss=0.178907 lr=9.845e-06
[train] step=639 loss=0.187412 lr=9.844e-06
[train] step=640 loss=0.185882 lr=9.844e-06
[train] step=641 loss=0.147212 lr=9.843e-06
[train] step=642 loss=0.294425 lr=9.843e-06
[train] step=643 loss=0.173898 lr=9.842e-06
[train] step=644 loss=0.379434 lr=9.842e-06
[train] step=645 loss=0.243820 lr=9.841e-06
[train] step=646 loss=0.167301 lr=9.841e-06
[train] step=647 loss=0.253606 lr=9.840e-06
[train] step=648 loss=0.247169 lr=9.840e-06
[train] step=649 loss=0.154002 lr=9.839e-06
[train] step=650 loss=0.227823 lr=9.839e-06
[train] step=651 loss=0.238674 lr=9.838e-06
[train] step=652 loss=0.251399 lr=9.838e-06
[train] step=653 loss=0.223041 lr=9.837e-06
[train] step=654 loss=0.236877 lr=9.837e-06
[train] step=655 loss=0.210437 lr=9.836e-06
[train] step=656 loss=0.164235 lr=9.836e-06
[train] step=657 loss=0.182665 lr=9.835e-06
[train] step=658 loss=0.181770 lr=9.835e-06
[train] step=659 loss=0.342272 lr=9.834e-06
[train] step=660 loss=0.209823 lr=9.834e-06
[train] step=661 loss=0.140734 lr=9.833e-06
[train] step=662 loss=0.166120 lr=9.833e-06
[train] step=663 loss=0.222995 lr=9.832e-06
[train] step=664 loss=0.227042 lr=9.832e-06
[train] step=665 loss=0.118636 lr=9.831e-06
[train] step=666 loss=0.215558 lr=9.831e-06
[train] step=667 loss=0.160817 lr=9.830e-06
[train] step=668 loss=0.191801 lr=9.830e-06
[train] step=669 loss=0.159814 lr=9.829e-06
[train] step=670 loss=0.227008 lr=9.829e-06
[train] step=671 loss=0.160727 lr=9.828e-06
[train] step=672 loss=0.213955 lr=9.828e-06
[train] step=673 loss=0.267758 lr=9.827e-06
[train] step=674 loss=0.204805 lr=9.827e-06
[train] step=675 loss=0.163469 lr=9.826e-06
[train] step=676 loss=0.304644 lr=9.826e-06
[train] step=677 loss=0.227187 lr=9.825e-06
[train] step=678 loss=0.247782 lr=9.825e-06
[train] step=679 loss=0.236969 lr=9.824e-06
[train] step=680 loss=0.196954 lr=9.823e-06
[train] step=681 loss=0.177417 lr=9.823e-06
[train] step=682 loss=0.234130 lr=9.822e-06
[train] step=683 loss=0.218645 lr=9.822e-06
[train] step=684 loss=0.264750 lr=9.821e-06
[train] step=685 loss=0.176425 lr=9.821e-06
[train] step=686 loss=0.273958 lr=9.820e-06
[train] step=687 loss=0.181702 lr=9.820e-06
[train] step=688 loss=0.213788 lr=9.819e-06
[train] step=689 loss=0.164458 lr=9.819e-06
[train] step=690 loss=0.160768 lr=9.818e-06
[train] step=691 loss=0.208773 lr=9.818e-06
[train] step=692 loss=0.200204 lr=9.817e-06
[train] step=693 loss=0.270611 lr=9.817e-06
[train] step=694 loss=0.224789 lr=9.816e-06
[train] step=695 loss=0.149665 lr=9.816e-06
[train] step=696 loss=0.191147 lr=9.815e-06
[train] step=697 loss=0.190434 lr=9.815e-06
[train] step=698 loss=0.285761 lr=9.814e-06
[train] step=699 loss=0.272786 lr=9.814e-06
[train] step=700 loss=0.283243 lr=9.813e-06
[train] step=701 loss=0.207306 lr=9.812e-06
[train] step=702 loss=0.195994 lr=9.812e-06
[train] step=703 loss=0.160935 lr=9.811e-06
[train] step=704 loss=0.205502 lr=9.811e-06
[train] step=705 loss=0.213407 lr=9.810e-06
[train] step=706 loss=0.324465 lr=9.810e-06
[train] step=707 loss=0.229502 lr=9.809e-06
[train] step=708 loss=0.158842 lr=9.809e-06
[train] step=709 loss=0.143254 lr=9.808e-06
[train] step=710 loss=0.219649 lr=9.808e-06
[train] step=711 loss=0.413074 lr=9.807e-06
[train] step=712 loss=0.168969 lr=9.807e-06
[train] step=713 loss=0.231775 lr=9.806e-06
[train] step=714 loss=0.189292 lr=9.805e-06
[train] step=715 loss=0.315011 lr=9.805e-06
[train] step=716 loss=0.225983 lr=9.804e-06
[train] step=717 loss=0.235154 lr=9.804e-06
[train] step=718 loss=0.199170 lr=9.803e-06
[train] step=719 loss=0.258980 lr=9.803e-06
[train] step=720 loss=0.211246 lr=9.802e-06
INFO     [rank 0] Model weights for step 720 saved in        dit_trainer.py:1288
         checkpoints/model_weights_step_00720.safetensors                       
INFO     [rank 0] Scalar embedding weights for step 720      dit_trainer.py:1297
         saved                                                                  
INFO     [rank 0] Training state saved:                      dit_trainer.py:1416
         checkpoints/model_weights_step_00720.state.pt                          
DEBUG    [rank 0] Removed old checkpoint:                    dit_trainer.py:1429
         /hppfs/scratch/0D/go76fuz2/windinet/outputs/shockwa                    
         ve_dit_ch6_unfinetuned/checkpoints/model_weights_st                    
         ep_00480.safetensors                                                   
DEBUG    [rank 0] Removed old checkpoint:                    dit_trainer.py:1429
         /hppfs/scratch/0D/go76fuz2/windinet/outputs/shockwa                    
         ve_dit_ch6_unfinetuned/checkpoints/scalar_embedding                    
         _step_00480.safetensors                                                
DEBUG    [rank 0] Removed optimizer state for older kept     dit_trainer.py:1444
         checkpoint:                                                            
         /hppfs/scratch/0D/go76fuz2/windinet/outputs/shockwa                    
         ve_dit_ch6_unfinetuned/checkpoints/model_weights_st                    
         ep_00600.state.pt                                                      
[epoch 6] step=720 train_loss=0.213760
[train] step=721 loss=0.107668 lr=9.802e-06
[train] step=722 loss=0.165798 lr=9.801e-06
[train] step=723 loss=0.201863 lr=9.801e-06
[train] step=724 loss=0.205151 lr=9.800e-06
[train] step=725 loss=0.288591 lr=9.799e-06
[train] step=726 loss=0.168351 lr=9.799e-06
[train] step=727 loss=0.152422 lr=9.798e-06
[train] step=728 loss=0.209826 lr=9.798e-06
[train] step=729 loss=0.259492 lr=9.797e-06
[train] step=730 loss=0.458923 lr=9.797e-06
[train] step=731 loss=0.210006 lr=9.796e-06
[train] step=732 loss=0.127862 lr=9.796e-06
[train] step=733 loss=0.172309 lr=9.795e-06
[train] step=734 loss=0.240856 lr=9.794e-06
[train] step=735 loss=0.191280 lr=9.794e-06
[train] step=736 loss=0.193239 lr=9.793e-06
[train] step=737 loss=0.155904 lr=9.793e-06
[train] step=738 loss=0.275603 lr=9.792e-06
[train] step=739 loss=0.213828 lr=9.792e-06
[train] step=740 loss=0.226192 lr=9.791e-06
[train] step=741 loss=0.184035 lr=9.791e-06
[train] step=742 loss=0.244579 lr=9.790e-06
[train] step=743 loss=0.184036 lr=9.789e-06
[train] step=744 loss=0.170741 lr=9.789e-06
[train] step=745 loss=0.275041 lr=9.788e-06
[train] step=746 loss=0.243109 lr=9.788e-06
[train] step=747 loss=0.199740 lr=9.787e-06
[train] step=748 loss=0.172194 lr=9.787e-06
[train] step=749 loss=0.172555 lr=9.786e-06
[train] step=750 loss=0.169301 lr=9.785e-06
[train] step=751 loss=0.205357 lr=9.785e-06
[train] step=752 loss=0.184974 lr=9.784e-06
[train] step=753 loss=0.167562 lr=9.784e-06
[train] step=754 loss=0.243942 lr=9.783e-06
[train] step=755 loss=0.200107 lr=9.783e-06
[train] step=756 loss=0.232794 lr=9.782e-06
[train] step=757 loss=0.205983 lr=9.781e-06
[train] step=758 loss=0.214949 lr=9.781e-06
[train] step=759 loss=0.216858 lr=9.780e-06
[train] step=760 loss=0.227778 lr=9.780e-06
[train] step=761 loss=0.197158 lr=9.779e-06
[train] step=762 loss=0.226130 lr=9.779e-06
[train] step=763 loss=0.247932 lr=9.778e-06
[train] step=764 loss=0.201483 lr=9.777e-06
[train] step=765 loss=0.223108 lr=9.777e-06
[train] step=766 loss=0.240415 lr=9.776e-06
[train] step=767 loss=0.175170 lr=9.776e-06
[train] step=768 loss=0.178038 lr=9.775e-06
[train] step=769 loss=0.179902 lr=9.775e-06
[train] step=770 loss=0.204553 lr=9.774e-06
[train] step=771 loss=0.196978 lr=9.773e-06
[train] step=772 loss=0.150859 lr=9.773e-06
[train] step=773 loss=0.408146 lr=9.772e-06
[train] step=774 loss=0.171334 lr=9.772e-06
[train] step=775 loss=0.198977 lr=9.771e-06
[train] step=776 loss=0.127098 lr=9.770e-06
[train] step=777 loss=0.140396 lr=9.770e-06
[train] step=778 loss=0.206076 lr=9.769e-06
[train] step=779 loss=0.282690 lr=9.769e-06
[train] step=780 loss=0.187318 lr=9.768e-06
[train] step=781 loss=0.232886 lr=9.768e-06
[train] step=782 loss=0.203703 lr=9.767e-06
[train] step=783 loss=0.110829 lr=9.766e-06
[train] step=784 loss=0.233763 lr=9.766e-06
[train] step=785 loss=0.171441 lr=9.765e-06
[train] step=786 loss=0.201446 lr=9.765e-06
[train] step=787 loss=0.131043 lr=9.764e-06
[train] step=788 loss=0.310398 lr=9.763e-06
[train] step=789 loss=0.195724 lr=9.763e-06
[train] step=790 loss=0.196233 lr=9.762e-06
[train] step=791 loss=0.232431 lr=9.762e-06
[train] step=792 loss=0.195574 lr=9.761e-06
[train] step=793 loss=0.258329 lr=9.760e-06
[train] step=794 loss=0.214633 lr=9.760e-06
[train] step=795 loss=0.132268 lr=9.759e-06
[train] step=796 loss=0.432713 lr=9.759e-06
[train] step=797 loss=0.136803 lr=9.758e-06
[train] step=798 loss=0.363498 lr=9.757e-06
[train] step=799 loss=0.293281 lr=9.757e-06
[train] step=800 loss=0.174458 lr=9.756e-06
[train] step=801 loss=0.200341 lr=9.756e-06
[train] step=802 loss=0.188763 lr=9.755e-06
[train] step=803 loss=0.221829 lr=9.754e-06
[train] step=804 loss=0.234350 lr=9.754e-06
[train] step=805 loss=0.208241 lr=9.753e-06
[train] step=806 loss=0.234429 lr=9.752e-06
[train] step=807 loss=0.246715 lr=9.752e-06
[train] step=808 loss=0.177974 lr=9.751e-06
[train] step=809 loss=0.132152 lr=9.751e-06
[train] step=810 loss=0.212828 lr=9.750e-06
[train] step=811 loss=0.256209 lr=9.749e-06
[train] step=812 loss=0.275374 lr=9.749e-06
[train] step=813 loss=0.219689 lr=9.748e-06
[train] step=814 loss=0.192993 lr=9.748e-06
[train] step=815 loss=0.216116 lr=9.747e-06
[train] step=816 loss=0.201923 lr=9.746e-06
[train] step=817 loss=0.248145 lr=9.746e-06
[train] step=818 loss=0.143924 lr=9.745e-06
[train] step=819 loss=0.201593 lr=9.744e-06
[train] step=820 loss=0.190469 lr=9.744e-06
[train] step=821 loss=0.200824 lr=9.743e-06
[train] step=822 loss=0.290691 lr=9.743e-06
[train] step=823 loss=0.260201 lr=9.742e-06
[train] step=824 loss=0.278462 lr=9.741e-06
[train] step=825 loss=0.161288 lr=9.741e-06
[train] step=826 loss=0.193441 lr=9.740e-06
[train] step=827 loss=0.203040 lr=9.740e-06
[train] step=828 loss=0.222118 lr=9.739e-06
[train] step=829 loss=0.187188 lr=9.738e-06
[train] step=830 loss=0.226630 lr=9.738e-06
[train] step=831 loss=0.280503 lr=9.737e-06
[train] step=832 loss=0.417979 lr=9.736e-06
[train] step=833 loss=0.143651 lr=9.736e-06
[train] step=834 loss=0.253646 lr=9.735e-06
[train] step=835 loss=0.150866 lr=9.734e-06
[train] step=836 loss=0.189230 lr=9.734e-06
[train] step=837 loss=0.125993 lr=9.733e-06
[train] step=838 loss=0.211413 lr=9.733e-06
[train] step=839 loss=0.140723 lr=9.732e-06
[train] step=840 loss=0.207588 lr=9.731e-06
INFO     [rank 0] Model weights for step 840 saved in        dit_trainer.py:1288
         checkpoints/model_weights_step_00840.safetensors                       
INFO     [rank 0] Scalar embedding weights for step 840      dit_trainer.py:1297
         saved                                                                  
INFO     [rank 0] Training state saved:                      dit_trainer.py:1416
         checkpoints/model_weights_step_00840.state.pt                          
DEBUG    [rank 0] Removed old checkpoint:                    dit_trainer.py:1429
         /hppfs/scratch/0D/go76fuz2/windinet/outputs/shockwa                    
         ve_dit_ch6_unfinetuned/checkpoints/model_weights_st                    
         ep_00600.safetensors                                                   
DEBUG    [rank 0] Removed old checkpoint:                    dit_trainer.py:1429
         /hppfs/scratch/0D/go76fuz2/windinet/outputs/shockwa                    
         ve_dit_ch6_unfinetuned/checkpoints/scalar_embedding                    
         _step_00600.safetensors                                                
DEBUG    [rank 0] Removed optimizer state for older kept     dit_trainer.py:1444
         checkpoint:                                                            
         /hppfs/scratch/0D/go76fuz2/windinet/outputs/shockwa                    
         ve_dit_ch6_unfinetuned/checkpoints/model_weights_st                    
         ep_00720.state.pt                                                      
[epoch 7] step=840 train_loss=0.212160
[train] step=841 loss=0.179811 lr=9.731e-06
[train] step=842 loss=0.191933 lr=9.730e-06
[train] step=843 loss=0.087703 lr=9.729e-06
[train] step=844 loss=0.175083 lr=9.729e-06
[train] step=845 loss=0.147828 lr=9.728e-06
[train] step=846 loss=0.240404 lr=9.728e-06
[train] step=847 loss=0.192029 lr=9.727e-06
[train] step=848 loss=0.183983 lr=9.726e-06
[train] step=849 loss=0.210124 lr=9.726e-06
[train] step=850 loss=0.207938 lr=9.725e-06
[train] step=851 loss=0.206334 lr=9.724e-06
[train] step=852 loss=0.203403 lr=9.724e-06
[train] step=853 loss=0.198211 lr=9.723e-06
[train] step=854 loss=0.261735 lr=9.722e-06
[train] step=855 loss=0.198331 lr=9.722e-06
[train] step=856 loss=0.257195 lr=9.721e-06
[train] step=857 loss=0.287259 lr=9.720e-06
[train] step=858 loss=0.173393 lr=9.720e-06
[train] step=859 loss=0.412882 lr=9.719e-06
[train] step=860 loss=0.333044 lr=9.718e-06
[train] step=861 loss=0.160062 lr=9.718e-06
[train] step=862 loss=0.149047 lr=9.717e-06
[train] step=863 loss=0.231075 lr=9.717e-06
[train] step=864 loss=0.199092 lr=9.716e-06
[train] step=865 loss=0.329894 lr=9.715e-06
[train] step=866 loss=0.167238 lr=9.715e-06
[train] step=867 loss=0.216880 lr=9.714e-06
[train] step=868 loss=0.141553 lr=9.713e-06
[train] step=869 loss=0.137564 lr=9.713e-06
[train] step=870 loss=0.245991 lr=9.712e-06
[train] step=871 loss=0.327973 lr=9.711e-06
[train] step=872 loss=0.166832 lr=9.711e-06
[train] step=873 loss=0.205811 lr=9.710e-06
[train] step=874 loss=0.207204 lr=9.709e-06
[train] step=875 loss=0.276366 lr=9.709e-06
[train] step=876 loss=0.233744 lr=9.708e-06
[train] step=877 loss=0.190048 lr=9.707e-06
[train] step=878 loss=0.126036 lr=9.707e-06
[train] step=879 loss=0.168665 lr=9.706e-06
[train] step=880 loss=0.201675 lr=9.705e-06
[train] step=881 loss=0.197289 lr=9.705e-06
[train] step=882 loss=0.205330 lr=9.704e-06
[train] step=883 loss=0.171228 lr=9.703e-06
[train] step=884 loss=0.175112 lr=9.703e-06
[train] step=885 loss=0.198908 lr=9.702e-06
[train] step=886 loss=0.201384 lr=9.701e-06
[train] step=887 loss=0.178293 lr=9.701e-06
[train] step=888 loss=0.158645 lr=9.700e-06
[train] step=889 loss=0.285112 lr=9.699e-06
[train] step=890 loss=0.284787 lr=9.699e-06
[train] step=891 loss=0.219176 lr=9.698e-06
[train] step=892 loss=0.223470 lr=9.697e-06
[train] step=893 loss=0.265016 lr=9.697e-06
[train] step=894 loss=0.200511 lr=9.696e-06
[train] step=895 loss=0.169742 lr=9.695e-06
[train] step=896 loss=0.135852 lr=9.695e-06
[train] step=897 loss=0.220372 lr=9.694e-06
[train] step=898 loss=0.163583 lr=9.693e-06
[train] step=899 loss=0.213877 lr=9.693e-06
[train] step=900 loss=0.230649 lr=9.692e-06
[train] step=901 loss=0.176824 lr=9.691e-06
[train] step=902 loss=0.197462 lr=9.691e-06
[train] step=903 loss=0.114346 lr=9.690e-06
[train] step=904 loss=0.126201 lr=9.689e-06
[train] step=905 loss=0.129717 lr=9.689e-06
[train] step=906 loss=0.178451 lr=9.688e-06
[train] step=907 loss=0.243766 lr=9.687e-06
[train] step=908 loss=0.180836 lr=9.686e-06
[train] step=909 loss=0.244032 lr=9.686e-06
[train] step=910 loss=0.179789 lr=9.685e-06
[train] step=911 loss=0.120808 lr=9.684e-06
[train] step=912 loss=0.335049 lr=9.684e-06
[train] step=913 loss=0.232205 lr=9.683e-06
[train] step=914 loss=0.193515 lr=9.682e-06
[train] step=915 loss=0.126500 lr=9.682e-06
[train] step=916 loss=0.290945 lr=9.681e-06
[train] step=917 loss=0.172284 lr=9.680e-06
[train] step=918 loss=0.265844 lr=9.680e-06
[train] step=919 loss=0.244818 lr=9.679e-06
[train] step=920 loss=0.236778 lr=9.678e-06
[train] step=921 loss=0.212424 lr=9.678e-06
[train] step=922 loss=0.197723 lr=9.677e-06
[train] step=923 loss=0.177839 lr=9.676e-06
[train] step=924 loss=0.498988 lr=9.675e-06
[train] step=925 loss=0.218784 lr=9.675e-06
[train] step=926 loss=0.148489 lr=9.674e-06
[train] step=927 loss=0.141136 lr=9.673e-06
[train] step=928 loss=0.262742 lr=9.673e-06
[train] step=929 loss=0.215823 lr=9.672e-06
[train] step=930 loss=0.420156 lr=9.671e-06
[train] step=931 loss=0.360792 lr=9.671e-06
[train] step=932 loss=0.211882 lr=9.670e-06
[train] step=933 loss=0.246237 lr=9.669e-06
[train] step=934 loss=0.196055 lr=9.668e-06
[train] step=935 loss=0.255425 lr=9.668e-06
[train] step=936 loss=0.143362 lr=9.667e-06
[train] step=937 loss=0.200658 lr=9.666e-06
[train] step=938 loss=0.217187 lr=9.666e-06
[train] step=939 loss=0.316497 lr=9.665e-06
[train] step=940 loss=0.240352 lr=9.664e-06
[train] step=941 loss=0.139581 lr=9.664e-06
[train] step=942 loss=0.230266 lr=9.663e-06
[train] step=943 loss=0.199532 lr=9.662e-06
[train] step=944 loss=0.217613 lr=9.661e-06
[train] step=945 loss=0.237706 lr=9.661e-06
[train] step=946 loss=0.409292 lr=9.660e-06
[train] step=947 loss=0.244102 lr=9.659e-06
[train] step=948 loss=0.098791 lr=9.659e-06
[train] step=949 loss=0.144606 lr=9.658e-06
[train] step=950 loss=0.132605 lr=9.657e-06
[train] step=951 loss=0.178735 lr=9.656e-06
[train] step=952 loss=0.189342 lr=9.656e-06
[train] step=953 loss=0.148890 lr=9.655e-06
[train] step=954 loss=0.153443 lr=9.654e-06
[train] step=955 loss=0.237485 lr=9.654e-06
[train] step=956 loss=0.191425 lr=9.653e-06
[train] step=957 loss=0.277396 lr=9.652e-06
[train] step=958 loss=0.237447 lr=9.651e-06
[train] step=959 loss=0.117558 lr=9.651e-06
[train] step=960 loss=0.170924 lr=9.650e-06
INFO     [rank 0] Model weights for step 960 saved in        dit_trainer.py:1288
         checkpoints/model_weights_step_00960.safetensors                       
INFO     [rank 0] Scalar embedding weights for step 960      dit_trainer.py:1297
         saved                                                                  
INFO     [rank 0] Training state saved:                      dit_trainer.py:1416
         checkpoints/model_weights_step_00960.state.pt                          
DEBUG    [rank 0] Removed old checkpoint:                    dit_trainer.py:1429
         /hppfs/scratch/0D/go76fuz2/windinet/outputs/shockwa                    
         ve_dit_ch6_unfinetuned/checkpoints/model_weights_st                    
         ep_00720.safetensors                                                   
DEBUG    [rank 0] Removed old checkpoint:                    dit_trainer.py:1429
         /hppfs/scratch/0D/go76fuz2/windinet/outputs/shockwa                    
         ve_dit_ch6_unfinetuned/checkpoints/scalar_embedding                    
         _step_00720.safetensors                                                
DEBUG    [rank 0] Removed optimizer state for older kept     dit_trainer.py:1444
         checkpoint:                                                            
         /hppfs/scratch/0D/go76fuz2/windinet/outputs/shockwa                    
         ve_dit_ch6_unfinetuned/checkpoints/model_weights_st                    
         ep_00840.state.pt                                                      
[epoch 8] step=960 train_loss=0.211632
[train] step=961 loss=0.227978 lr=9.649e-06
[train] step=962 loss=0.212655 lr=9.649e-06
[train] step=963 loss=0.178323 lr=9.648e-06
[train] step=964 loss=0.230396 lr=9.647e-06
[train] step=965 loss=0.186002 lr=9.646e-06
[train] step=966 loss=0.167494 lr=9.646e-06
[train] step=967 loss=0.240383 lr=9.645e-06
[train] step=968 loss=0.238230 lr=9.644e-06
[train] step=969 loss=0.105365 lr=9.643e-06
[train] step=970 loss=0.172696 lr=9.643e-06
[train] step=971 loss=0.129149 lr=9.642e-06
[train] step=972 loss=0.242709 lr=9.641e-06
[train] step=973 loss=0.162870 lr=9.641e-06
[train] step=974 loss=0.174253 lr=9.640e-06
[train] step=975 loss=0.263422 lr=9.639e-06
[train] step=976 loss=0.141535 lr=9.638e-06
[train] step=977 loss=0.111737 lr=9.638e-06
[train] step=978 loss=0.204284 lr=9.637e-06
[train] step=979 loss=0.188642 lr=9.636e-06
[train] step=980 loss=0.156718 lr=9.635e-06
[train] step=981 loss=0.126955 lr=9.635e-06
[train] step=982 loss=0.193402 lr=9.634e-06
[train] step=983 loss=0.196339 lr=9.633e-06
[train] step=984 loss=0.124301 lr=9.632e-06
[train] step=985 loss=0.182501 lr=9.632e-06
[train] step=986 loss=0.195122 lr=9.631e-06
[train] step=987 loss=0.168413 lr=9.630e-06
[train] step=988 loss=0.186514 lr=9.629e-06
[train] step=989 loss=0.251971 lr=9.629e-06
[train] step=990 loss=0.253388 lr=9.628e-06
[train] step=991 loss=0.213255 lr=9.627e-06
[train] step=992 loss=0.167586 lr=9.627e-06
[train] step=993 loss=0.208620 lr=9.626e-06
[train] step=994 loss=0.164261 lr=9.625e-06
[train] step=995 loss=0.223018 lr=9.624e-06
[train] step=996 loss=0.277979 lr=9.624e-06
[train] step=997 loss=0.223702 lr=9.623e-06
[train] step=998 loss=0.168407 lr=9.622e-06
[train] step=999 loss=0.272461 lr=9.621e-06
[train] step=1000 loss=0.194745 lr=9.621e-06
[train] step=1001 loss=0.146652 lr=9.620e-06
[train] step=1002 loss=0.220033 lr=9.619e-06
[train] step=1003 loss=0.262710 lr=9.618e-06
[train] step=1004 loss=0.198449 lr=9.618e-06
[train] step=1005 loss=0.196913 lr=9.617e-06
[train] step=1006 loss=0.248360 lr=9.616e-06
[train] step=1007 loss=0.155983 lr=9.615e-06
[train] step=1008 loss=0.144389 lr=9.615e-06
[train] step=1009 loss=0.186114 lr=9.614e-06
[train] step=1010 loss=0.339518 lr=9.613e-06
[train] step=1011 loss=0.120276 lr=9.612e-06
[train] step=1012 loss=0.269334 lr=9.611e-06
[train] step=1013 loss=0.141619 lr=9.611e-06
[train] step=1014 loss=0.157919 lr=9.610e-06
[train] step=1015 loss=0.237697 lr=9.609e-06
[train] step=1016 loss=0.142808 lr=9.608e-06
[train] step=1017 loss=0.215013 lr=9.608e-06
[train] step=1018 loss=0.217184 lr=9.607e-06
[train] step=1019 loss=0.144215 lr=9.606e-06
[train] step=1020 loss=0.226705 lr=9.605e-06
[train] step=1021 loss=0.129845 lr=9.605e-06
[train] step=1022 loss=0.175518 lr=9.604e-06
[train] step=1023 loss=0.262185 lr=9.603e-06
[train] step=1024 loss=0.268756 lr=9.602e-06
[train] step=1025 loss=0.221274 lr=9.602e-06
[train] step=1026 loss=0.283979 lr=9.601e-06
[train] step=1027 loss=0.236940 lr=9.600e-06
[train] step=1028 loss=0.127037 lr=9.599e-06
[train] step=1029 loss=0.266312 lr=9.598e-06
[train] step=1030 loss=0.195139 lr=9.598e-06
[train] step=1031 loss=0.247689 lr=9.597e-06
[train] step=1032 loss=0.164923 lr=9.596e-06
[train] step=1033 loss=0.192916 lr=9.595e-06
[train] step=1034 loss=0.209774 lr=9.595e-06
[train] step=1035 loss=0.285544 lr=9.594e-06
[train] step=1036 loss=0.207132 lr=9.593e-06
[train] step=1037 loss=0.129097 lr=9.592e-06
[train] step=1038 loss=0.208537 lr=9.592e-06
[train] step=1039 loss=0.162804 lr=9.591e-06
[train] step=1040 loss=0.179943 lr=9.590e-06
[train] step=1041 loss=0.162528 lr=9.589e-06
[train] step=1042 loss=0.164725 lr=9.588e-06
[train] step=1043 loss=0.212084 lr=9.588e-06
[train] step=1044 loss=0.197688 lr=9.587e-06
[train] step=1045 loss=0.174765 lr=9.586e-06
[train] step=1046 loss=0.248935 lr=9.585e-06
[train] step=1047 loss=0.202766 lr=9.584e-06
[train] step=1048 loss=0.284720 lr=9.584e-06
[train] step=1049 loss=0.221959 lr=9.583e-06
[train] step=1050 loss=0.171076 lr=9.582e-06
[train] step=1051 loss=0.168880 lr=9.581e-06
[train] step=1052 loss=0.176328 lr=9.581e-06
[train] step=1053 loss=0.222409 lr=9.580e-06
[train] step=1054 loss=0.287065 lr=9.579e-06
[train] step=1055 loss=0.188543 lr=9.578e-06
[train] step=1056 loss=0.216992 lr=9.577e-06
[train] step=1057 loss=0.155987 lr=9.577e-06
[train] step=1058 loss=0.224965 lr=9.576e-06
[train] step=1059 loss=0.239826 lr=9.575e-06
[train] step=1060 loss=0.147490 lr=9.574e-06
[train] step=1061 loss=0.254452 lr=9.573e-06
[train] step=1062 loss=0.110814 lr=9.573e-06
[train] step=1063 loss=0.118499 lr=9.572e-06
[train] step=1064 loss=0.165091 lr=9.571e-06
[train] step=1065 loss=0.246823 lr=9.570e-06
[train] step=1066 loss=0.220118 lr=9.569e-06
[train] step=1067 loss=0.174858 lr=9.569e-06
[train] step=1068 loss=0.250880 lr=9.568e-06
[train] step=1069 loss=0.169466 lr=9.567e-06
[train] step=1070 loss=0.265186 lr=9.566e-06
[train] step=1071 loss=0.211503 lr=9.565e-06
[train] step=1072 loss=0.201772 lr=9.565e-06
[train] step=1073 loss=0.217167 lr=9.564e-06
[train] step=1074 loss=0.160302 lr=9.563e-06
[train] step=1075 loss=0.217600 lr=9.562e-06
[train] step=1076 loss=0.115328 lr=9.561e-06
[train] step=1077 loss=0.153531 lr=9.561e-06
[train] step=1078 loss=0.196449 lr=9.560e-06
[train] step=1079 loss=0.128085 lr=9.559e-06
[train] step=1080 loss=0.256385 lr=9.558e-06
INFO     [rank 0] Model weights for step 1080 saved in       dit_trainer.py:1288
         checkpoints/model_weights_step_01080.safetensors                       
INFO     [rank 0] Scalar embedding weights for step 1080     dit_trainer.py:1297
         saved                                                                  
INFO     [rank 0] Training state saved:                      dit_trainer.py:1416
         checkpoints/model_weights_step_01080.state.pt                          
DEBUG    [rank 0] Removed old checkpoint:                    dit_trainer.py:1429
         /hppfs/scratch/0D/go76fuz2/windinet/outputs/shockwa                    
         ve_dit_ch6_unfinetuned/checkpoints/model_weights_st                    
         ep_00840.safetensors                                                   
DEBUG    [rank 0] Removed old checkpoint:                    dit_trainer.py:1429
         /hppfs/scratch/0D/go76fuz2/windinet/outputs/shockwa                    
         ve_dit_ch6_unfinetuned/checkpoints/scalar_embedding                    
         _step_00840.safetensors                                                
DEBUG    [rank 0] Removed optimizer state for older kept     dit_trainer.py:1444
         checkpoint:                                                            
         /hppfs/scratch/0D/go76fuz2/windinet/outputs/shockwa                    
         ve_dit_ch6_unfinetuned/checkpoints/model_weights_st                    
         ep_00960.state.pt                                                      
[epoch 9] step=1080 train_loss=0.197280
[train] step=1081 loss=0.254130 lr=9.557e-06
[train] step=1082 loss=0.156525 lr=9.557e-06
[train] step=1083 loss=0.231137 lr=9.556e-06
[train] step=1084 loss=0.224090 lr=9.555e-06
[train] step=1085 loss=0.194631 lr=9.554e-06
[train] step=1086 loss=0.232525 lr=9.553e-06
[train] step=1087 loss=0.182224 lr=9.553e-06
[train] step=1088 loss=0.171458 lr=9.552e-06
[train] step=1089 loss=0.154399 lr=9.551e-06
[train] step=1090 loss=0.427689 lr=9.550e-06
[train] step=1091 loss=0.210209 lr=9.549e-06
[train] step=1092 loss=0.176782 lr=9.549e-06
[train] step=1093 loss=0.272875 lr=9.548e-06
[train] step=1094 loss=0.190796 lr=9.547e-06
[train] step=1095 loss=0.190508 lr=9.546e-06
[train] step=1096 loss=0.270674 lr=9.545e-06
[train] step=1097 loss=0.252173 lr=9.544e-06
[train] step=1098 loss=0.218020 lr=9.544e-06
[train] step=1099 loss=0.187640 lr=9.543e-06
[train] step=1100 loss=0.176438 lr=9.542e-06
[train] step=1101 loss=0.301512 lr=9.541e-06
[train] step=1102 loss=0.133810 lr=9.540e-06
[train] step=1103 loss=0.229248 lr=9.540e-06
[train] step=1104 loss=0.470240 lr=9.539e-06
[train] step=1105 loss=0.266837 lr=9.538e-06
[train] step=1106 loss=0.178968 lr=9.537e-06
[train] step=1107 loss=0.219837 lr=9.536e-06
[train] step=1108 loss=0.207153 lr=9.535e-06
[train] step=1109 loss=0.276527 lr=9.535e-06
[train] step=1110 loss=0.177491 lr=9.534e-06
[train] step=1111 loss=0.198579 lr=9.533e-06
[train] step=1112 loss=0.189423 lr=9.532e-06
[train] step=1113 loss=0.176240 lr=9.531e-06
[train] step=1114 loss=0.230059 lr=9.530e-06
[train] step=1115 loss=0.270204 lr=9.530e-06
[train] step=1116 loss=0.172806 lr=9.529e-06
[train] step=1117 loss=0.217740 lr=9.528e-06
[train] step=1118 loss=0.168461 lr=9.527e-06
[train] step=1119 loss=0.217527 lr=9.526e-06
[train] step=1120 loss=0.146686 lr=9.525e-06
[train] step=1121 loss=0.185590 lr=9.525e-06
[train] step=1122 loss=0.151685 lr=9.524e-06
[train] step=1123 loss=0.237167 lr=9.523e-06
[train] step=1124 loss=0.170844 lr=9.522e-06
[train] step=1125 loss=0.131306 lr=9.521e-06
[train] step=1126 loss=0.270605 lr=9.520e-06
[train] step=1127 loss=0.181473 lr=9.520e-06
[train] step=1128 loss=0.177908 lr=9.519e-06
[train] step=1129 loss=0.163998 lr=9.518e-06
[train] step=1130 loss=0.225051 lr=9.517e-06
[train] step=1131 loss=0.221304 lr=9.516e-06
[train] step=1132 loss=0.183037 lr=9.515e-06
[train] step=1133 loss=0.216795 lr=9.515e-06
[train] step=1134 loss=0.251481 lr=9.514e-06
[train] step=1135 loss=0.199506 lr=9.513e-06
[train] step=1136 loss=0.205235 lr=9.512e-06
[train] step=1137 loss=0.233448 lr=9.511e-06
[train] step=1138 loss=0.159387 lr=9.510e-06
[train] step=1139 loss=0.230257 lr=9.509e-06
[train] step=1140 loss=0.210554 lr=9.509e-06
[train] step=1141 loss=0.177877 lr=9.508e-06
[train] step=1142 loss=0.157192 lr=9.507e-06
[train] step=1143 loss=0.197133 lr=9.506e-06
[train] step=1144 loss=0.223634 lr=9.505e-06
[train] step=1145 loss=0.192985 lr=9.504e-06
[train] step=1146 loss=0.191165 lr=9.504e-06
[train] step=1147 loss=0.167292 lr=9.503e-06
[train] step=1148 loss=0.247947 lr=9.502e-06
[train] step=1149 loss=0.161038 lr=9.501e-06
[train] step=1150 loss=0.229585 lr=9.500e-06
[train] step=1151 loss=0.228312 lr=9.499e-06
[train] step=1152 loss=0.189963 lr=9.498e-06
[train] step=1153 loss=0.143302 lr=9.498e-06
[train] step=1154 loss=0.248105 lr=9.497e-06
[train] step=1155 loss=0.222065 lr=9.496e-06
[train] step=1156 loss=0.178756 lr=9.495e-06
[train] step=1157 loss=0.217119 lr=9.494e-06
[train] step=1158 loss=0.155617 lr=9.493e-06
[train] step=1159 loss=0.161774 lr=9.492e-06
[train] step=1160 loss=0.192402 lr=9.492e-06
[train] step=1161 loss=0.229474 lr=9.491e-06
[train] step=1162 loss=0.225507 lr=9.490e-06
[train] step=1163 loss=0.300229 lr=9.489e-06
[train] step=1164 loss=0.202008 lr=9.488e-06
[train] step=1165 loss=0.161084 lr=9.487e-06
[train] step=1166 loss=0.210974 lr=9.486e-06
[train] step=1167 loss=0.213908 lr=9.485e-06
[train] step=1168 loss=0.253035 lr=9.485e-06
[train] step=1169 loss=0.196810 lr=9.484e-06
[train] step=1170 loss=0.244164 lr=9.483e-06
[train] step=1171 loss=0.226166 lr=9.482e-06
[train] step=1172 loss=0.226212 lr=9.481e-06
[train] step=1173 loss=0.217409 lr=9.480e-06
[train] step=1174 loss=0.249685 lr=9.479e-06
[train] step=1175 loss=0.153261 lr=9.478e-06
[train] step=1176 loss=0.214961 lr=9.478e-06
[train] step=1177 loss=0.268934 lr=9.477e-06
[train] step=1178 loss=0.193076 lr=9.476e-06
[train] step=1179 loss=0.168023 lr=9.475e-06
[train] step=1180 loss=0.192883 lr=9.474e-06
[train] step=1181 loss=0.158862 lr=9.473e-06
[train] step=1182 loss=0.234467 lr=9.472e-06
[train] step=1183 loss=0.172664 lr=9.471e-06
[train] step=1184 loss=0.279623 lr=9.471e-06
[train] step=1185 loss=0.201594 lr=9.470e-06
[train] step=1186 loss=0.185701 lr=9.469e-06
[train] step=1187 loss=0.204711 lr=9.468e-06
[train] step=1188 loss=0.241884 lr=9.467e-06
[train] step=1189 loss=0.206882 lr=9.466e-06
[train] step=1190 loss=0.203299 lr=9.465e-06
[train] step=1191 loss=0.182918 lr=9.464e-06
[train] step=1192 loss=0.145233 lr=9.464e-06
[train] step=1193 loss=0.206521 lr=9.463e-06
[train] step=1194 loss=0.319189 lr=9.462e-06
[train] step=1195 loss=0.246595 lr=9.461e-06
[train] step=1196 loss=0.154713 lr=9.460e-06
[train] step=1197 loss=0.239245 lr=9.459e-06
[train] step=1198 loss=0.138548 lr=9.458e-06
[train] step=1199 loss=0.164249 lr=9.457e-06
[train] step=1200 loss=0.131094 lr=9.456e-06
[val] step=1200 val_loss=0.203330
INFO     [rank 0] Model weights for step 1200 saved in       dit_trainer.py:1288
         checkpoints/model_weights_step_01200.safetensors                       
INFO     [rank 0] Scalar embedding weights for step 1200     dit_trainer.py:1297
         saved                                                                  
INFO     [rank 0] Training state saved:                      dit_trainer.py:1416
         checkpoints/model_weights_step_01200.state.pt                          
INFO     [rank 0] New best checkpoint (step 1200,            dit_trainer.py:1320
         val_loss=0.203330):                                                    
         checkpoints/model_weights_best.safetensors                             
DEBUG    [rank 0] Removed old checkpoint:                    dit_trainer.py:1429
         /hppfs/scratch/0D/go76fuz2/windinet/outputs/shockwa                    
         ve_dit_ch6_unfinetuned/checkpoints/model_weights_st                    
         ep_00960.safetensors                                                   
DEBUG    [rank 0] Removed old checkpoint:                    dit_trainer.py:1429
         /hppfs/scratch/0D/go76fuz2/windinet/outputs/shockwa                    
         ve_dit_ch6_unfinetuned/checkpoints/scalar_embedding                    
         _step_00960.safetensors                                                
DEBUG    [rank 0] Removed optimizer state for older kept     dit_trainer.py:1444
         checkpoint:                                                            
         /hppfs/scratch/0D/go76fuz2/windinet/outputs/shockwa                    
         ve_dit_ch6_unfinetuned/checkpoints/model_weights_st                    
         ep_01080.state.pt                                                      
[epoch 10] step=1200 train_loss=0.210044 val_loss=0.203330
[train] step=1201 loss=0.221651 lr=9.456e-06
[train] step=1202 loss=0.158226 lr=9.455e-06
[train] step=1203 loss=0.120890 lr=9.454e-06
[train] step=1204 loss=0.186977 lr=9.453e-06
[train] step=1205 loss=0.112663 lr=9.452e-06
[train] step=1206 loss=0.159594 lr=9.451e-06
[train] step=1207 loss=0.169574 lr=9.450e-06
[train] step=1208 loss=0.246210 lr=9.449e-06
[train] step=1209 loss=0.218499 lr=9.448e-06
[train] step=1210 loss=0.206201 lr=9.448e-06
[train] step=1211 loss=0.133183 lr=9.447e-06
[train] step=1212 loss=0.163271 lr=9.446e-06
[train] step=1213 loss=0.209466 lr=9.445e-06
[train] step=1214 loss=0.293951 lr=9.444e-06
[train] step=1215 loss=0.291310 lr=9.443e-06
[train] step=1216 loss=0.222794 lr=9.442e-06
[train] step=1217 loss=0.225432 lr=9.441e-06
[train] step=1218 loss=0.221907 lr=9.440e-06
[train] step=1219 loss=0.096810 lr=9.439e-06
[train] step=1220 loss=0.209488 lr=9.439e-06
[train] step=1221 loss=0.225045 lr=9.438e-06
[train] step=1222 loss=0.223365 lr=9.437e-06
[train] step=1223 loss=0.196595 lr=9.436e-06
[train] step=1224 loss=0.143216 lr=9.435e-06
[train] step=1225 loss=0.226807 lr=9.434e-06
[train] step=1226 loss=0.208377 lr=9.433e-06
[train] step=1227 loss=0.175157 lr=9.432e-06
[train] step=1228 loss=0.228483 lr=9.431e-06
[train] step=1229 loss=0.171378 lr=9.430e-06
[train] step=1230 loss=0.142312 lr=9.429e-06
[train] step=1231 loss=0.170368 lr=9.429e-06
[train] step=1232 loss=0.229120 lr=9.428e-06
[train] step=1233 loss=0.151210 lr=9.427e-06
[train] step=1234 loss=0.206353 lr=9.426e-06
[train] step=1235 loss=0.250163 lr=9.425e-06
[train] step=1236 loss=0.235414 lr=9.424e-06
[train] step=1237 loss=0.266317 lr=9.423e-06
[train] step=1238 loss=0.250896 lr=9.422e-06
[train] step=1239 loss=0.230682 lr=9.421e-06
[train] step=1240 loss=0.204689 lr=9.420e-06
[train] step=1241 loss=0.185051 lr=9.419e-06
[train] step=1242 loss=0.108346 lr=9.418e-06
[train] step=1243 loss=0.138042 lr=9.418e-06
[train] step=1244 loss=0.166621 lr=9.417e-06
[train] step=1245 loss=0.230967 lr=9.416e-06
[train] step=1246 loss=0.252515 lr=9.415e-06
[train] step=1247 loss=0.225412 lr=9.414e-06
[train] step=1248 loss=0.235975 lr=9.413e-06
[train] step=1249 loss=0.252182 lr=9.412e-06
[train] step=1250 loss=0.141941 lr=9.411e-06
[train] step=1251 loss=0.293588 lr=9.410e-06
[train] step=1252 loss=0.173455 lr=9.409e-06
[train] step=1253 loss=0.146509 lr=9.408e-06
[train] step=1254 loss=0.171327 lr=9.407e-06
[train] step=1255 loss=0.158436 lr=9.406e-06
[train] step=1256 loss=0.213418 lr=9.406e-06
[train] step=1257 loss=0.236454 lr=9.405e-06
[train] step=1258 loss=0.187012 lr=9.404e-06
[train] step=1259 loss=0.207022 lr=9.403e-06
[train] step=1260 loss=0.115833 lr=9.402e-06
[train] step=1261 loss=0.173690 lr=9.401e-06
[train] step=1262 loss=0.208196 lr=9.400e-06
[train] step=1263 loss=0.155048 lr=9.399e-06
[train] step=1264 loss=0.349881 lr=9.398e-06
[train] step=1265 loss=0.208991 lr=9.397e-06
[train] step=1266 loss=0.273949 lr=9.396e-06
[train] step=1267 loss=0.203846 lr=9.395e-06
[train] step=1268 loss=0.141018 lr=9.394e-06
[train] step=1269 loss=0.166298 lr=9.393e-06
[train] step=1270 loss=0.239951 lr=9.393e-06
[train] step=1271 loss=0.195328 lr=9.392e-06
[train] step=1272 loss=0.167738 lr=9.391e-06
[train] step=1273 loss=0.149594 lr=9.390e-06
[train] step=1274 loss=0.221536 lr=9.389e-06
[train] step=1275 loss=0.213702 lr=9.388e-06
[train] step=1276 loss=0.183998 lr=9.387e-06
[train] step=1277 loss=0.227005 lr=9.386e-06
[train] step=1278 loss=0.190321 lr=9.385e-06
[train] step=1279 loss=0.201933 lr=9.384e-06
[train] step=1280 loss=0.201548 lr=9.383e-06
[train] step=1281 loss=0.158313 lr=9.382e-06
[train] step=1282 loss=0.308427 lr=9.381e-06
[train] step=1283 loss=0.198749 lr=9.380e-06
[train] step=1284 loss=0.230539 lr=9.379e-06
[train] step=1285 loss=0.140252 lr=9.378e-06
[train] step=1286 loss=0.174153 lr=9.377e-06
[train] step=1287 loss=0.379069 lr=9.376e-06
[train] step=1288 loss=0.187026 lr=9.376e-06
[train] step=1289 loss=0.215317 lr=9.375e-06
[train] step=1290 loss=0.289314 lr=9.374e-06
[train] step=1291 loss=0.254425 lr=9.373e-06
[train] step=1292 loss=0.095041 lr=9.372e-06
[train] step=1293 loss=0.118494 lr=9.371e-06
[train] step=1294 loss=0.181118 lr=9.370e-06
[train] step=1295 loss=0.244248 lr=9.369e-06
[train] step=1296 loss=0.179324 lr=9.368e-06
[train] step=1297 loss=0.212631 lr=9.367e-06
[train] step=1298 loss=0.268327 lr=9.366e-06
[train] step=1299 loss=0.184914 lr=9.365e-06
[train] step=1300 loss=0.244804 lr=9.364e-06
[train] step=1301 loss=0.266444 lr=9.363e-06
[train] step=1302 loss=0.245687 lr=9.362e-06
[train] step=1303 loss=0.225604 lr=9.361e-06
[train] step=1304 loss=0.212057 lr=9.360e-06
[train] step=1305 loss=0.186143 lr=9.359e-06
[train] step=1306 loss=0.155329 lr=9.358e-06
[train] step=1307 loss=0.298065 lr=9.357e-06
[train] step=1308 loss=0.149273 lr=9.356e-06
[train] step=1309 loss=0.187139 lr=9.355e-06
[train] step=1310 loss=0.212399 lr=9.354e-06
[train] step=1311 loss=0.277625 lr=9.353e-06
[train] step=1312 loss=0.198924 lr=9.353e-06
[train] step=1313 loss=0.153965 lr=9.352e-06
[train] step=1314 loss=0.186362 lr=9.351e-06
[train] step=1315 loss=0.155551 lr=9.350e-06
[train] step=1316 loss=0.232790 lr=9.349e-06
[train] step=1317 loss=0.244035 lr=9.348e-06
[train] step=1318 loss=0.155306 lr=9.347e-06
[train] step=1319 loss=0.198412 lr=9.346e-06
[train] step=1320 loss=0.138588 lr=9.345e-06
INFO     [rank 0] Model weights for step 1320 saved in       dit_trainer.py:1288
         checkpoints/model_weights_step_01320.safetensors                       
INFO     [rank 0] Scalar embedding weights for step 1320     dit_trainer.py:1297
         saved                                                                  
INFO     [rank 0] Training state saved:                      dit_trainer.py:1416
         checkpoints/model_weights_step_01320.state.pt                          
DEBUG    [rank 0] Removed old checkpoint:                    dit_trainer.py:1429
         /hppfs/scratch/0D/go76fuz2/windinet/outputs/shockwa                    
         ve_dit_ch6_unfinetuned/checkpoints/model_weights_st                    
         ep_01080.safetensors                                                   
DEBUG    [rank 0] Removed old checkpoint:                    dit_trainer.py:1429
         /hppfs/scratch/0D/go76fuz2/windinet/outputs/shockwa                    
         ve_dit_ch6_unfinetuned/checkpoints/scalar_embedding                    
         _step_01080.safetensors                                                
DEBUG    [rank 0] Removed optimizer state for older kept     dit_trainer.py:1444
         checkpoint:                                                            
         /hppfs/scratch/0D/go76fuz2/windinet/outputs/shockwa                    
         ve_dit_ch6_unfinetuned/checkpoints/model_weights_st                    
         ep_01200.state.pt                                                      
[epoch 11] step=1320 train_loss=0.202120
[train] step=1321 loss=0.285786 lr=9.344e-06
[train] step=1322 loss=0.257818 lr=9.343e-06
[train] step=1323 loss=0.213943 lr=9.342e-06
[train] step=1324 loss=0.177993 lr=9.341e-06
[train] step=1325 loss=0.211859 lr=9.340e-06
[train] step=1326 loss=0.170270 lr=9.339e-06
[train] step=1327 loss=0.236634 lr=9.338e-06
[train] step=1328 loss=0.226399 lr=9.337e-06
[train] step=1329 loss=0.273207 lr=9.336e-06
[train] step=1330 loss=0.157946 lr=9.335e-06
[train] step=1331 loss=0.216494 lr=9.334e-06
[train] step=1332 loss=0.416235 lr=9.333e-06
[train] step=1333 loss=0.217476 lr=9.332e-06
[train] step=1334 loss=0.173296 lr=9.331e-06
[train] step=1335 loss=0.193129 lr=9.330e-06
[train] step=1336 loss=0.187670 lr=9.329e-06
[train] step=1337 loss=0.227722 lr=9.328e-06
[train] step=1338 loss=0.182540 lr=9.327e-06
[train] step=1339 loss=0.214453 lr=9.326e-06
[train] step=1340 loss=0.220031 lr=9.325e-06
[train] step=1341 loss=0.207888 lr=9.324e-06
[train] step=1342 loss=0.202735 lr=9.323e-06
[train] step=1343 loss=0.232432 lr=9.322e-06
[train] step=1344 loss=0.172545 lr=9.321e-06
[train] step=1345 loss=0.223841 lr=9.320e-06
[train] step=1346 loss=0.150661 lr=9.319e-06
[train] step=1347 loss=0.210110 lr=9.318e-06
[train] step=1348 loss=0.287607 lr=9.317e-06
[train] step=1349 loss=0.157658 lr=9.316e-06
[train] step=1350 loss=0.237428 lr=9.315e-06
[train] step=1351 loss=0.178825 lr=9.314e-06
[train] step=1352 loss=0.171520 lr=9.313e-06
[train] step=1353 loss=0.173959 lr=9.312e-06
[train] step=1354 loss=0.191779 lr=9.311e-06
[train] step=1355 loss=0.225127 lr=9.310e-06
[train] step=1356 loss=0.218527 lr=9.309e-06
[train] step=1357 loss=0.208712 lr=9.308e-06
[train] step=1358 loss=0.188584 lr=9.307e-06
[train] step=1359 loss=0.183956 lr=9.306e-06
[train] step=1360 loss=0.181384 lr=9.305e-06
[train] step=1361 loss=0.164722 lr=9.304e-06
[train] step=1362 loss=0.216668 lr=9.303e-06
[train] step=1363 loss=0.181529 lr=9.302e-06
[train] step=1364 loss=0.157995 lr=9.301e-06
[train] step=1365 loss=0.239402 lr=9.300e-06
[train] step=1366 loss=0.252012 lr=9.299e-06
[train] step=1367 loss=0.225658 lr=9.298e-06
[train] step=1368 loss=0.176889 lr=9.297e-06
[train] step=1369 loss=0.205095 lr=9.296e-06
[train] step=1370 loss=0.256640 lr=9.295e-06
[train] step=1371 loss=0.207736 lr=9.294e-06
[train] step=1372 loss=0.225707 lr=9.293e-06
[train] step=1373 loss=0.165309 lr=9.292e-06
[train] step=1374 loss=0.144931 lr=9.291e-06
[train] step=1375 loss=0.233724 lr=9.290e-06
[train] step=1376 loss=0.146422 lr=9.289e-06
[train] step=1377 loss=0.170154 lr=9.288e-06
[train] step=1378 loss=0.275319 lr=9.287e-06
[train] step=1379 loss=0.228939 lr=9.286e-06
[train] step=1380 loss=0.210508 lr=9.285e-06
[train] step=1381 loss=0.186220 lr=9.284e-06
[train] step=1382 loss=0.265387 lr=9.283e-06
[train] step=1383 loss=0.212487 lr=9.282e-06
[train] step=1384 loss=0.216485 lr=9.281e-06
[train] step=1385 loss=0.258488 lr=9.280e-06
[train] step=1386 loss=0.206083 lr=9.279e-06
[train] step=1387 loss=0.289383 lr=9.278e-06
[train] step=1388 loss=0.363384 lr=9.277e-06
[train] step=1389 loss=0.208147 lr=9.276e-06
[train] step=1390 loss=0.286015 lr=9.275e-06
[train] step=1391 loss=0.101789 lr=9.274e-06
[train] step=1392 loss=0.238457 lr=9.273e-06
[train] step=1393 loss=0.204927 lr=9.272e-06
[train] step=1394 loss=0.207966 lr=9.271e-06
[train] step=1395 loss=0.142299 lr=9.270e-06
[train] step=1396 loss=0.202062 lr=9.269e-06
[train] step=1397 loss=0.194128 lr=9.268e-06
[train] step=1398 loss=0.137320 lr=9.267e-06
[train] step=1399 loss=0.316060 lr=9.266e-06
[train] step=1400 loss=0.220256 lr=9.265e-06
[train] step=1401 loss=0.291792 lr=9.264e-06
[train] step=1402 loss=0.215908 lr=9.263e-06
[train] step=1403 loss=0.248876 lr=9.262e-06
[train] step=1404 loss=0.184722 lr=9.261e-06
[train] step=1405 loss=0.390499 lr=9.260e-06
[train] step=1406 loss=0.156583 lr=9.259e-06
[train] step=1407 loss=0.196953 lr=9.258e-06
[train] step=1408 loss=0.197844 lr=9.257e-06
[train] step=1409 loss=0.184989 lr=9.256e-06
[train] step=1410 loss=0.192173 lr=9.255e-06
[train] step=1411 loss=0.200347 lr=9.254e-06
[train] step=1412 loss=0.490958 lr=9.253e-06
[train] step=1413 loss=0.240385 lr=9.252e-06
[train] step=1414 loss=0.148579 lr=9.251e-06
[train] step=1415 loss=0.120503 lr=9.250e-06
[train] step=1416 loss=0.157548 lr=9.248e-06
[train] step=1417 loss=0.168371 lr=9.247e-06
[train] step=1418 loss=0.179295 lr=9.246e-06
[train] step=1419 loss=0.233335 lr=9.245e-06
[train] step=1420 loss=0.148582 lr=9.244e-06
[train] step=1421 loss=0.222718 lr=9.243e-06
[train] step=1422 loss=0.214069 lr=9.242e-06
[train] step=1423 loss=0.194341 lr=9.241e-06
[train] step=1424 loss=0.169660 lr=9.240e-06
[train] step=1425 loss=0.176084 lr=9.239e-06
[train] step=1426 loss=0.128543 lr=9.238e-06
[train] step=1427 loss=0.187999 lr=9.237e-06
[train] step=1428 loss=0.220636 lr=9.236e-06
[train] step=1429 loss=0.210198 lr=9.235e-06
[train] step=1430 loss=0.226497 lr=9.234e-06
[train] step=1431 loss=0.123363 lr=9.233e-06
[train] step=1432 loss=0.165303 lr=9.232e-06
[train] step=1433 loss=0.207421 lr=9.231e-06
[train] step=1434 loss=0.186906 lr=9.230e-06
[train] step=1435 loss=0.213503 lr=9.229e-06
[train] step=1436 loss=0.252265 lr=9.228e-06
[train] step=1437 loss=0.272931 lr=9.227e-06
[train] step=1438 loss=0.220854 lr=9.226e-06
[train] step=1439 loss=0.207875 lr=9.225e-06
[train] step=1440 loss=0.245126 lr=9.223e-06
INFO     [rank 0] Model weights for step 1440 saved in       dit_trainer.py:1288
         checkpoints/model_weights_step_01440.safetensors                       
INFO     [rank 0] Scalar embedding weights for step 1440     dit_trainer.py:1297
         saved                                                                  
INFO     [rank 0] Training state saved:                      dit_trainer.py:1416
         checkpoints/model_weights_step_01440.state.pt                          
DEBUG    [rank 0] Removed old checkpoint:                    dit_trainer.py:1429
         /hppfs/scratch/0D/go76fuz2/windinet/outputs/shockwa                    
         ve_dit_ch6_unfinetuned/checkpoints/model_weights_st                    
         ep_01200.safetensors                                                   
DEBUG    [rank 0] Removed old checkpoint:                    dit_trainer.py:1429
         /hppfs/scratch/0D/go76fuz2/windinet/outputs/shockwa                    
         ve_dit_ch6_unfinetuned/checkpoints/scalar_embedding                    
         _step_01200.safetensors                                                
DEBUG    [rank 0] Removed optimizer state for older kept     dit_trainer.py:1444
         checkpoint:                                                            
         /hppfs/scratch/0D/go76fuz2/windinet/outputs/shockwa                    
         ve_dit_ch6_unfinetuned/checkpoints/model_weights_st                    
         ep_01320.state.pt                                                      
[epoch 12] step=1440 train_loss=0.210807
[train] step=1441 loss=0.178261 lr=9.222e-06
[train] step=1442 loss=0.166024 lr=9.221e-06
[train] step=1443 loss=0.227693 lr=9.220e-06
[train] step=1444 loss=0.302120 lr=9.219e-06
[train] step=1445 loss=0.228931 lr=9.218e-06
[train] step=1446 loss=0.295696 lr=9.217e-06
[train] step=1447 loss=0.188851 lr=9.216e-06
[train] step=1448 loss=0.209857 lr=9.215e-06
[train] step=1449 loss=0.278812 lr=9.214e-06
[train] step=1450 loss=0.177018 lr=9.213e-06
[train] step=1451 loss=0.190991 lr=9.212e-06
[train] step=1452 loss=0.213619 lr=9.211e-06
[train] step=1453 loss=0.223310 lr=9.210e-06
[train] step=1454 loss=0.164998 lr=9.209e-06
[train] step=1455 loss=0.210718 lr=9.208e-06
[train] step=1456 loss=0.245325 lr=9.207e-06
[train] step=1457 loss=0.203785 lr=9.206e-06
[train] step=1458 loss=0.171037 lr=9.204e-06
[train] step=1459 loss=0.211684 lr=9.203e-06
[train] step=1460 loss=0.218319 lr=9.202e-06
[train] step=1461 loss=0.222409 lr=9.201e-06
[train] step=1462 loss=0.164654 lr=9.200e-06
[train] step=1463 loss=0.168925 lr=9.199e-06
[train] step=1464 loss=0.275334 lr=9.198e-06
[train] step=1465 loss=0.164491 lr=9.197e-06
[train] step=1466 loss=0.191111 lr=9.196e-06
[train] step=1467 loss=0.146036 lr=9.195e-06
[train] step=1468 loss=0.179180 lr=9.194e-06
[train] step=1469 loss=0.242231 lr=9.193e-06
[train] step=1470 loss=0.307215 lr=9.192e-06
[train] step=1471 loss=0.231563 lr=9.191e-06
[train] step=1472 loss=0.228690 lr=9.190e-06
[train] step=1473 loss=0.202541 lr=9.188e-06
[train] step=1474 loss=0.139862 lr=9.187e-06
[train] step=1475 loss=0.202553 lr=9.186e-06
[train] step=1476 loss=0.205727 lr=9.185e-06
[train] step=1477 loss=0.174134 lr=9.184e-06
[train] step=1478 loss=0.219471 lr=9.183e-06
[train] step=1479 loss=0.093542 lr=9.182e-06
[train] step=1480 loss=0.155837 lr=9.181e-06
[train] step=1481 loss=0.192534 lr=9.180e-06
[train] step=1482 loss=0.147188 lr=9.179e-06
[train] step=1483 loss=0.189472 lr=9.178e-06
[train] step=1484 loss=0.197685 lr=9.177e-06
[train] step=1485 loss=0.210874 lr=9.176e-06
[train] step=1486 loss=0.344053 lr=9.174e-06
[train] step=1487 loss=0.152972 lr=9.173e-06
[train] step=1488 loss=0.278483 lr=9.172e-06
[train] step=1489 loss=0.205913 lr=9.171e-06
[train] step=1490 loss=0.171378 lr=9.170e-06
[train] step=1491 loss=0.280841 lr=9.169e-06
[train] step=1492 loss=0.195723 lr=9.168e-06
[train] step=1493 loss=0.169207 lr=9.167e-06
[train] step=1494 loss=0.199039 lr=9.166e-06
[train] step=1495 loss=0.177939 lr=9.165e-06
[train] step=1496 loss=0.187506 lr=9.164e-06
[train] step=1497 loss=0.301950 lr=9.163e-06
[train] step=1498 loss=0.235395 lr=9.161e-06
[train] step=1499 loss=0.160977 lr=9.160e-06
[train] step=1500 loss=0.243834 lr=9.159e-06
[train] step=1501 loss=0.208156 lr=9.158e-06
[train] step=1502 loss=0.275206 lr=9.157e-06
[train] step=1503 loss=0.220485 lr=9.156e-06
[train] step=1504 loss=0.280740 lr=9.155e-06
[train] step=1505 loss=0.197398 lr=9.154e-06
[train] step=1506 loss=0.184274 lr=9.153e-06
[train] step=1507 loss=0.234579 lr=9.152e-06
[train] step=1508 loss=0.119252 lr=9.151e-06
[train] step=1509 loss=0.110097 lr=9.149e-06
[train] step=1510 loss=0.263791 lr=9.148e-06
[train] step=1511 loss=0.297402 lr=9.147e-06
[train] step=1512 loss=0.159477 lr=9.146e-06
[train] step=1513 loss=0.172410 lr=9.145e-06
[train] step=1514 loss=0.215387 lr=9.144e-06
[train] step=1515 loss=0.277979 lr=9.143e-06
[train] step=1516 loss=0.162138 lr=9.142e-06
[train] step=1517 loss=0.192769 lr=9.141e-06
[train] step=1518 loss=0.218607 lr=9.140e-06
[train] step=1519 loss=0.171860 lr=9.138e-06
[train] step=1520 loss=0.226107 lr=9.137e-06
[train] step=1521 loss=0.199715 lr=9.136e-06
[train] step=1522 loss=0.212122 lr=9.135e-06
[train] step=1523 loss=0.203928 lr=9.134e-06
[train] step=1524 loss=0.205974 lr=9.133e-06
[train] step=1525 loss=0.170057 lr=9.132e-06
[train] step=1526 loss=0.209206 lr=9.131e-06
[train] step=1527 loss=0.158086 lr=9.130e-06
[train] step=1528 loss=0.239778 lr=9.129e-06
[train] step=1529 loss=0.308343 lr=9.127e-06
[train] step=1530 loss=0.134249 lr=9.126e-06
[train] step=1531 loss=0.180261 lr=9.125e-06
[train] step=1532 loss=0.139098 lr=9.124e-06
[train] step=1533 loss=0.138935 lr=9.123e-06
[train] step=1534 loss=0.215662 lr=9.122e-06
[train] step=1535 loss=0.179478 lr=9.121e-06
[train] step=1536 loss=0.161392 lr=9.120e-06
[train] step=1537 loss=0.265271 lr=9.119e-06
[train] step=1538 loss=0.103065 lr=9.117e-06
[train] step=1539 loss=0.149334 lr=9.116e-06
[train] step=1540 loss=0.213849 lr=9.115e-06
[train] step=1541 loss=0.208077 lr=9.114e-06
[train] step=1542 loss=0.166107 lr=9.113e-06
[train] step=1543 loss=0.145101 lr=9.112e-06
[train] step=1544 loss=0.219016 lr=9.111e-06
[train] step=1545 loss=0.199298 lr=9.110e-06
[train] step=1546 loss=0.205032 lr=9.109e-06
[train] step=1547 loss=0.170317 lr=9.107e-06
[train] step=1548 loss=0.202153 lr=9.106e-06
[train] step=1549 loss=0.168524 lr=9.105e-06
[train] step=1550 loss=0.249883 lr=9.104e-06
[train] step=1551 loss=0.203418 lr=9.103e-06
[train] step=1552 loss=0.125878 lr=9.102e-06
[train] step=1553 loss=0.193358 lr=9.101e-06
[train] step=1554 loss=0.215211 lr=9.100e-06
[train] step=1555 loss=0.185402 lr=9.098e-06
[train] step=1556 loss=0.247356 lr=9.097e-06
[train] step=1557 loss=0.163565 lr=9.096e-06
[train] step=1558 loss=0.180701 lr=9.095e-06
[train] step=1559 loss=0.200018 lr=9.094e-06
[train] step=1560 loss=0.188296 lr=9.093e-06
INFO     [rank 0] Model weights for step 1560 saved in       dit_trainer.py:1288
         checkpoints/model_weights_step_01560.safetensors                       
INFO     [rank 0] Scalar embedding weights for step 1560     dit_trainer.py:1297
         saved                                                                  
INFO     [rank 0] Training state saved:                      dit_trainer.py:1416
         checkpoints/model_weights_step_01560.state.pt                          
DEBUG    [rank 0] Removed old checkpoint:                    dit_trainer.py:1429
         /hppfs/scratch/0D/go76fuz2/windinet/outputs/shockwa                    
         ve_dit_ch6_unfinetuned/checkpoints/model_weights_st                    
         ep_01320.safetensors                                                   
DEBUG    [rank 0] Removed old checkpoint:                    dit_trainer.py:1429
         /hppfs/scratch/0D/go76fuz2/windinet/outputs/shockwa                    
         ve_dit_ch6_unfinetuned/checkpoints/scalar_embedding                    
         _step_01320.safetensors                                                
DEBUG    [rank 0] Removed optimizer state for older kept     dit_trainer.py:1444
         checkpoint:                                                            
         /hppfs/scratch/0D/go76fuz2/windinet/outputs/shockwa                    
         ve_dit_ch6_unfinetuned/checkpoints/model_weights_st                    
         ep_01440.state.pt                                                      
[epoch 13] step=1560 train_loss=0.202792
[train] step=1561 loss=0.238895 lr=9.092e-06
[train] step=1562 loss=0.213521 lr=9.091e-06
[train] step=1563 loss=0.171852 lr=9.089e-06
[train] step=1564 loss=0.144227 lr=9.088e-06
[train] step=1565 loss=0.134602 lr=9.087e-06
[train] step=1566 loss=0.207004 lr=9.086e-06
[train] step=1567 loss=0.305097 lr=9.085e-06
[train] step=1568 loss=0.261584 lr=9.084e-06
[train] step=1569 loss=0.127318 lr=9.083e-06
[train] step=1570 loss=0.243999 lr=9.081e-06
[train] step=1571 loss=0.225174 lr=9.080e-06
[train] step=1572 loss=0.138788 lr=9.079e-06
[train] step=1573 loss=0.152263 lr=9.078e-06
[train] step=1574 loss=0.188578 lr=9.077e-06
[train] step=1575 loss=0.213567 lr=9.076e-06
[train] step=1576 loss=0.246040 lr=9.075e-06
[train] step=1577 loss=0.208188 lr=9.074e-06
[train] step=1578 loss=0.255256 lr=9.072e-06
[train] step=1579 loss=0.199937 lr=9.071e-06
[train] step=1580 loss=0.147982 lr=9.070e-06
[train] step=1581 loss=0.207844 lr=9.069e-06
[train] step=1582 loss=0.155386 lr=9.068e-06
[train] step=1583 loss=0.203772 lr=9.067e-06
[train] step=1584 loss=0.214855 lr=9.066e-06
[train] step=1585 loss=0.187016 lr=9.064e-06
[train] step=1586 loss=0.164354 lr=9.063e-06
[train] step=1587 loss=0.186726 lr=9.062e-06
[train] step=1588 loss=0.215168 lr=9.061e-06
[train] step=1589 loss=0.185271 lr=9.060e-06
[train] step=1590 loss=0.243388 lr=9.059e-06
[train] step=1591 loss=0.227431 lr=9.058e-06
[train] step=1592 loss=0.221959 lr=9.056e-06
[train] step=1593 loss=0.268097 lr=9.055e-06
[train] step=1594 loss=0.204368 lr=9.054e-06
[train] step=1595 loss=0.161036 lr=9.053e-06
[train] step=1596 loss=0.166146 lr=9.052e-06
[train] step=1597 loss=0.244472 lr=9.051e-06
[train] step=1598 loss=0.168526 lr=9.049e-06
[train] step=1599 loss=0.241414 lr=9.048e-06
[train] step=1600 loss=0.226425 lr=9.047e-06
[train] step=1601 loss=0.228720 lr=9.046e-06
[train] step=1602 loss=0.195392 lr=9.045e-06
[train] step=1603 loss=0.259441 lr=9.044e-06
[train] step=1604 loss=0.196735 lr=9.043e-06
[train] step=1605 loss=0.209866 lr=9.041e-06
[train] step=1606 loss=0.169423 lr=9.040e-06
[train] step=1607 loss=0.245774 lr=9.039e-06
[train] step=1608 loss=0.183827 lr=9.038e-06
[train] step=1609 loss=0.165145 lr=9.037e-06
[train] step=1610 loss=0.206791 lr=9.036e-06
[train] step=1611 loss=0.126583 lr=9.034e-06
[train] step=1612 loss=0.193443 lr=9.033e-06
[train] step=1613 loss=0.152523 lr=9.032e-06
[train] step=1614 loss=0.127237 lr=9.031e-06
[train] step=1615 loss=0.177493 lr=9.030e-06
[train] step=1616 loss=0.167270 lr=9.029e-06
[train] step=1617 loss=0.158978 lr=9.028e-06
[train] step=1618 loss=0.438340 lr=9.026e-06
[train] step=1619 loss=0.217217 lr=9.025e-06
[train] step=1620 loss=0.263191 lr=9.024e-06
[train] step=1621 loss=0.153705 lr=9.023e-06
[train] step=1622 loss=0.191569 lr=9.022e-06
[train] step=1623 loss=0.152983 lr=9.021e-06
[train] step=1624 loss=0.263040 lr=9.019e-06
[train] step=1625 loss=0.190143 lr=9.018e-06
[train] step=1626 loss=0.264643 lr=9.017e-06
[train] step=1627 loss=0.093983 lr=9.016e-06
[train] step=1628 loss=0.182574 lr=9.015e-06
[train] step=1629 loss=0.159183 lr=9.014e-06
[train] step=1630 loss=0.168857 lr=9.012e-06
[train] step=1631 loss=0.207597 lr=9.011e-06
[train] step=1632 loss=0.185166 lr=9.010e-06
[train] step=1633 loss=0.205043 lr=9.009e-06
[train] step=1634 loss=0.158642 lr=9.008e-06
[train] step=1635 loss=0.263551 lr=9.006e-06
[train] step=1636 loss=0.123716 lr=9.005e-06
[train] step=1637 loss=0.199044 lr=9.004e-06
[train] step=1638 loss=0.167949 lr=9.003e-06
[train] step=1639 loss=0.263943 lr=9.002e-06
[train] step=1640 loss=0.190889 lr=9.001e-06
[train] step=1641 loss=0.183097 lr=8.999e-06
[train] step=1642 loss=0.265681 lr=8.998e-06
[train] step=1643 loss=0.174863 lr=8.997e-06
[train] step=1644 loss=0.160760 lr=8.996e-06
[train] step=1645 loss=0.167928 lr=8.995e-06
[train] step=1646 loss=0.192053 lr=8.994e-06
[train] step=1647 loss=0.125206 lr=8.992e-06
[train] step=1648 loss=0.206311 lr=8.991e-06
[train] step=1649 loss=0.180179 lr=8.990e-06
[train] step=1650 loss=0.118668 lr=8.989e-06
[train] step=1651 loss=0.286137 lr=8.988e-06
[train] step=1652 loss=0.236823 lr=8.986e-06
[train] step=1653 loss=0.327640 lr=8.985e-06
[train] step=1654 loss=0.205678 lr=8.984e-06
[train] step=1655 loss=0.435510 lr=8.983e-06
[train] step=1656 loss=0.188269 lr=8.982e-06
[train] step=1657 loss=0.211710 lr=8.981e-06
[train] step=1658 loss=0.167627 lr=8.979e-06
[train] step=1659 loss=0.148478 lr=8.978e-06
[train] step=1660 loss=0.158792 lr=8.977e-06
[train] step=1661 loss=0.172211 lr=8.976e-06
[train] step=1662 loss=0.156809 lr=8.975e-06
[train] step=1663 loss=0.131993 lr=8.973e-06
[train] step=1664 loss=0.135277 lr=8.972e-06
[train] step=1665 loss=0.180644 lr=8.971e-06
[train] step=1666 loss=0.264715 lr=8.970e-06
[train] step=1667 loss=0.204628 lr=8.969e-06
[train] step=1668 loss=0.187711 lr=8.967e-06
[train] step=1669 loss=0.220523 lr=8.966e-06
[train] step=1670 loss=0.148810 lr=8.965e-06
[train] step=1671 loss=0.232157 lr=8.964e-06
[train] step=1672 loss=0.184410 lr=8.963e-06
[train] step=1673 loss=0.143689 lr=8.961e-06
[train] step=1674 loss=0.213380 lr=8.960e-06
[train] step=1675 loss=0.197713 lr=8.959e-06
[train] step=1676 loss=0.205713 lr=8.958e-06
[train] step=1677 loss=0.149951 lr=8.957e-06
[train] step=1678 loss=0.126627 lr=8.955e-06
[train] step=1679 loss=0.190255 lr=8.954e-06
[train] step=1680 loss=0.154577 lr=8.953e-06
INFO     [rank 0] Model weights for step 1680 saved in       dit_trainer.py:1288
         checkpoints/model_weights_step_01680.safetensors                       
INFO     [rank 0] Scalar embedding weights for step 1680     dit_trainer.py:1297
         saved                                                                  
INFO     [rank 0] Training state saved:                      dit_trainer.py:1416
         checkpoints/model_weights_step_01680.state.pt                          
DEBUG    [rank 0] Removed old checkpoint:                    dit_trainer.py:1429
         /hppfs/scratch/0D/go76fuz2/windinet/outputs/shockwa                    
         ve_dit_ch6_unfinetuned/checkpoints/model_weights_st                    
         ep_01440.safetensors                                                   
DEBUG    [rank 0] Removed old checkpoint:                    dit_trainer.py:1429
         /hppfs/scratch/0D/go76fuz2/windinet/outputs/shockwa                    
         ve_dit_ch6_unfinetuned/checkpoints/scalar_embedding                    
         _step_01440.safetensors                                                
DEBUG    [rank 0] Removed optimizer state for older kept     dit_trainer.py:1444
         checkpoint:                                                            
         /hppfs/scratch/0D/go76fuz2/windinet/outputs/shockwa                    
         ve_dit_ch6_unfinetuned/checkpoints/model_weights_st                    
         ep_01560.state.pt                                                      
[epoch 14] step=1680 train_loss=0.198034
[train] step=1681 loss=0.131138 lr=8.952e-06
[train] step=1682 loss=0.267622 lr=8.951e-06
[train] step=1683 loss=0.212555 lr=8.949e-06
[train] step=1684 loss=0.163910 lr=8.948e-06
[train] step=1685 loss=0.204204 lr=8.947e-06
[train] step=1686 loss=0.225737 lr=8.946e-06
[train] step=1687 loss=0.236371 lr=8.945e-06
[train] step=1688 loss=0.179766 lr=8.943e-06
[train] step=1689 loss=0.283466 lr=8.942e-06
[train] step=1690 loss=0.248229 lr=8.941e-06
[train] step=1691 loss=0.208810 lr=8.940e-06
[train] step=1692 loss=0.167806 lr=8.939e-06
[train] step=1693 loss=0.215974 lr=8.937e-06
[train] step=1694 loss=0.296472 lr=8.936e-06
[train] step=1695 loss=0.193540 lr=8.935e-06
[train] step=1696 loss=0.146418 lr=8.934e-06
[train] step=1697 loss=0.181570 lr=8.933e-06
[train] step=1698 loss=0.167128 lr=8.931e-06
[train] step=1699 loss=0.158783 lr=8.930e-06
[train] step=1700 loss=0.210084 lr=8.929e-06
[train] step=1701 loss=0.200037 lr=8.928e-06
[train] step=1702 loss=0.176761 lr=8.926e-06
[train] step=1703 loss=0.137080 lr=8.925e-06
[train] step=1704 loss=0.181142 lr=8.924e-06
[train] step=1705 loss=0.093653 lr=8.923e-06
[train] step=1706 loss=0.173496 lr=8.922e-06
[train] step=1707 loss=0.118989 lr=8.920e-06
[train] step=1708 loss=0.133054 lr=8.919e-06
[train] step=1709 loss=0.243303 lr=8.918e-06
[train] step=1710 loss=0.161662 lr=8.917e-06
[train] step=1711 loss=0.229255 lr=8.915e-06
[train] step=1712 loss=0.162004 lr=8.914e-06
[train] step=1713 loss=0.230616 lr=8.913e-06
[train] step=1714 loss=0.265771 lr=8.912e-06
[train] step=1715 loss=0.174200 lr=8.911e-06
[train] step=1716 loss=0.161059 lr=8.909e-06
[train] step=1717 loss=0.174644 lr=8.908e-06
[train] step=1718 loss=0.167830 lr=8.907e-06
[train] step=1719 loss=0.215998 lr=8.906e-06
[train] step=1720 loss=0.254719 lr=8.904e-06
[train] step=1721 loss=0.204011 lr=8.903e-06
[train] step=1722 loss=0.205161 lr=8.902e-06
[train] step=1723 loss=0.152045 lr=8.901e-06
[train] step=1724 loss=0.333282 lr=8.900e-06
[train] step=1725 loss=0.247453 lr=8.898e-06
[train] step=1726 loss=0.243787 lr=8.897e-06
[train] step=1727 loss=0.258113 lr=8.896e-06
[train] step=1728 loss=0.183872 lr=8.895e-06
[train] step=1729 loss=0.197792 lr=8.893e-06
[train] step=1730 loss=0.161534 lr=8.892e-06
[train] step=1731 loss=0.161676 lr=8.891e-06
[train] step=1732 loss=0.116161 lr=8.890e-06
[train] step=1733 loss=0.159759 lr=8.888e-06
[train] step=1734 loss=0.208227 lr=8.887e-06
[train] step=1735 loss=0.206813 lr=8.886e-06
[train] step=1736 loss=0.231597 lr=8.885e-06
[train] step=1737 loss=0.157408 lr=8.884e-06
[train] step=1738 loss=0.125484 lr=8.882e-06
[train] step=1739 loss=0.231041 lr=8.881e-06
[train] step=1740 loss=0.220877 lr=8.880e-06
[train] step=1741 loss=0.179558 lr=8.879e-06
[train] step=1742 loss=0.162625 lr=8.877e-06
[train] step=1743 loss=0.200193 lr=8.876e-06
[train] step=1744 loss=0.173972 lr=8.875e-06
[train] step=1745 loss=0.182187 lr=8.874e-06
[train] step=1746 loss=0.190024 lr=8.872e-06
[train] step=1747 loss=0.132628 lr=8.871e-06
[train] step=1748 loss=0.171102 lr=8.870e-06
[train] step=1749 loss=0.194142 lr=8.869e-06
[train] step=1750 loss=0.222683 lr=8.867e-06
[train] step=1751 loss=0.161831 lr=8.866e-06
[train] step=1752 loss=0.258833 lr=8.865e-06
[train] step=1753 loss=0.164143 lr=8.864e-06
[train] step=1754 loss=0.171090 lr=8.862e-06
[train] step=1755 loss=0.317896 lr=8.861e-06
[train] step=1756 loss=0.226044 lr=8.860e-06
[train] step=1757 loss=0.172159 lr=8.859e-06
[train] step=1758 loss=0.161834 lr=8.857e-06
[train] step=1759 loss=0.151108 lr=8.856e-06
[train] step=1760 loss=0.174313 lr=8.855e-06
[train] step=1761 loss=0.183705 lr=8.854e-06
[train] step=1762 loss=0.194053 lr=8.852e-06
[train] step=1763 loss=0.218492 lr=8.851e-06
[train] step=1764 loss=0.223046 lr=8.850e-06
[train] step=1765 loss=0.166367 lr=8.849e-06
[train] step=1766 loss=0.366993 lr=8.847e-06
[train] step=1767 loss=0.187181 lr=8.846e-06
[train] step=1768 loss=0.252117 lr=8.845e-06
[train] step=1769 loss=0.237486 lr=8.844e-06
[train] step=1770 loss=0.281660 lr=8.842e-06
[train] step=1771 loss=0.184700 lr=8.841e-06
[train] step=1772 loss=0.233071 lr=8.840e-06
[train] step=1773 loss=0.178856 lr=8.839e-06
[train] step=1774 loss=0.159284 lr=8.837e-06
[train] step=1775 loss=0.079256 lr=8.836e-06
[train] step=1776 loss=0.152973 lr=8.835e-06
[train] step=1777 loss=0.178983 lr=8.834e-06
[train] step=1778 loss=0.249136 lr=8.832e-06
[train] step=1779 loss=0.359024 lr=8.831e-06
[train] step=1780 loss=0.218581 lr=8.830e-06
[train] step=1781 loss=0.197503 lr=8.829e-06
[train] step=1782 loss=0.165457 lr=8.827e-06
[train] step=1783 loss=0.156276 lr=8.826e-06
[train] step=1784 loss=0.186841 lr=8.825e-06
[train] step=1785 loss=0.248058 lr=8.824e-06
[train] step=1786 loss=0.136718 lr=8.822e-06
[train] step=1787 loss=0.205696 lr=8.821e-06
[train] step=1788 loss=0.149219 lr=8.820e-06
[train] step=1789 loss=0.164770 lr=8.818e-06
[train] step=1790 loss=0.271147 lr=8.817e-06
[train] step=1791 loss=0.195132 lr=8.816e-06
[train] step=1792 loss=0.232344 lr=8.815e-06
[train] step=1793 loss=0.157523 lr=8.813e-06
[train] step=1794 loss=0.155375 lr=8.812e-06
[train] step=1795 loss=0.200708 lr=8.811e-06
[train] step=1796 loss=0.217645 lr=8.810e-06
[train] step=1797 loss=0.299993 lr=8.808e-06
[train] step=1798 loss=0.152375 lr=8.807e-06
[train] step=1799 loss=0.196116 lr=8.806e-06
[train] step=1800 loss=0.197906 lr=8.805e-06
[val] step=1800 val_loss=0.196111
INFO     [rank 0] Model weights for step 1800 saved in       dit_trainer.py:1288
         checkpoints/model_weights_step_01800.safetensors                       
INFO     [rank 0] Scalar embedding weights for step 1800     dit_trainer.py:1297
         saved                                                                  
INFO     [rank 0] Training state saved:                      dit_trainer.py:1416
         checkpoints/model_weights_step_01800.state.pt                          
INFO     [rank 0] New best checkpoint (step 1800,            dit_trainer.py:1320
         val_loss=0.196111):                                                    
         checkpoints/model_weights_best.safetensors                             
DEBUG    [rank 0] Removed old checkpoint:                    dit_trainer.py:1429
         /hppfs/scratch/0D/go76fuz2/windinet/outputs/shockwa                    
         ve_dit_ch6_unfinetuned/checkpoints/model_weights_st                    
         ep_01560.safetensors                                                   
DEBUG    [rank 0] Removed old checkpoint:                    dit_trainer.py:1429
         /hppfs/scratch/0D/go76fuz2/windinet/outputs/shockwa                    
         ve_dit_ch6_unfinetuned/checkpoints/scalar_embedding                    
         _step_01560.safetensors                                                
DEBUG    [rank 0] Removed optimizer state for older kept     dit_trainer.py:1444
         checkpoint:                                                            
         /hppfs/scratch/0D/go76fuz2/windinet/outputs/shockwa                    
         ve_dit_ch6_unfinetuned/checkpoints/model_weights_st                    
         ep_01680.state.pt                                                      
[epoch 15] step=1800 train_loss=0.197315 val_loss=0.196111
[train] step=1801 loss=0.196258 lr=8.803e-06
[train] step=1802 loss=0.237038 lr=8.802e-06
[train] step=1803 loss=0.185791 lr=8.801e-06
[train] step=1804 loss=0.162188 lr=8.799e-06
[train] step=1805 loss=0.315590 lr=8.798e-06
[train] step=1806 loss=0.161539 lr=8.797e-06
[train] step=1807 loss=0.146118 lr=8.796e-06
[train] step=1808 loss=0.171618 lr=8.794e-06
[train] step=1809 loss=0.159618 lr=8.793e-06
[train] step=1810 loss=0.131722 lr=8.792e-06
[train] step=1811 loss=0.226713 lr=8.790e-06
[train] step=1812 loss=0.132216 lr=8.789e-06
[train] step=1813 loss=0.147882 lr=8.788e-06
[train] step=1814 loss=0.179992 lr=8.787e-06
[train] step=1815 loss=0.172450 lr=8.785e-06
[train] step=1816 loss=0.230860 lr=8.784e-06
[train] step=1817 loss=0.150844 lr=8.783e-06
[train] step=1818 loss=0.206539 lr=8.781e-06
[train] step=1819 loss=0.147483 lr=8.780e-06
[train] step=1820 loss=0.228126 lr=8.779e-06
[train] step=1821 loss=0.125636 lr=8.778e-06
[train] step=1822 loss=0.215491 lr=8.776e-06
[train] step=1823 loss=0.333256 lr=8.775e-06
[train] step=1824 loss=0.187735 lr=8.774e-06
[train] step=1825 loss=0.210923 lr=8.772e-06
[train] step=1826 loss=0.518293 lr=8.771e-06
[train] step=1827 loss=0.188225 lr=8.770e-06
[train] step=1828 loss=0.176194 lr=8.769e-06
[train] step=1829 loss=0.241791 lr=8.767e-06
[train] step=1830 loss=0.192505 lr=8.766e-06
[train] step=1831 loss=0.162123 lr=8.765e-06
[train] step=1832 loss=0.159478 lr=8.763e-06
[train] step=1833 loss=0.208254 lr=8.762e-06
[train] step=1834 loss=0.239158 lr=8.761e-06
[train] step=1835 loss=0.249898 lr=8.760e-06
[train] step=1836 loss=0.165557 lr=8.758e-06
[train] step=1837 loss=0.222482 lr=8.757e-06
[train] step=1838 loss=0.177655 lr=8.756e-06
[train] step=1839 loss=0.204808 lr=8.754e-06
[train] step=1840 loss=0.165800 lr=8.753e-06
[train] step=1841 loss=0.160140 lr=8.752e-06
[train] step=1842 loss=0.173864 lr=8.751e-06
[train] step=1843 loss=0.210982 lr=8.749e-06
[train] step=1844 loss=0.171731 lr=8.748e-06
[train] step=1845 loss=0.108784 lr=8.747e-06
[train] step=1846 loss=0.306730 lr=8.745e-06
[train] step=1847 loss=0.115955 lr=8.744e-06
[train] step=1848 loss=0.214108 lr=8.743e-06
[train] step=1849 loss=0.146218 lr=8.741e-06
[train] step=1850 loss=0.154599 lr=8.740e-06
[train] step=1851 loss=0.232998 lr=8.739e-06
[train] step=1852 loss=0.126129 lr=8.738e-06
[train] step=1853 loss=0.268191 lr=8.736e-06
[train] step=1854 loss=0.304667 lr=8.735e-06
[train] step=1855 loss=0.139860 lr=8.734e-06
[train] step=1856 loss=0.237117 lr=8.732e-06
[train] step=1857 loss=0.244106 lr=8.731e-06
[train] step=1858 loss=0.105690 lr=8.730e-06
[train] step=1859 loss=0.168185 lr=8.728e-06
[train] step=1860 loss=0.194185 lr=8.727e-06
[train] step=1861 loss=0.219059 lr=8.726e-06
[train] step=1862 loss=0.149776 lr=8.724e-06
[train] step=1863 loss=0.104397 lr=8.723e-06
[train] step=1864 loss=0.194107 lr=8.722e-06
[train] step=1865 loss=0.116186 lr=8.721e-06
[train] step=1866 loss=0.188820 lr=8.719e-06
[train] step=1867 loss=0.199413 lr=8.718e-06
[train] step=1868 loss=0.298559 lr=8.717e-06
[train] step=1869 loss=0.144727 lr=8.715e-06
[train] step=1870 loss=0.162964 lr=8.714e-06
[train] step=1871 loss=0.180666 lr=8.713e-06
[train] step=1872 loss=0.196008 lr=8.711e-06
[train] step=1873 loss=0.125656 lr=8.710e-06
[train] step=1874 loss=0.262651 lr=8.709e-06
[train] step=1875 loss=0.229041 lr=8.707e-06
[train] step=1876 loss=0.178924 lr=8.706e-06
[train] step=1877 loss=0.213873 lr=8.705e-06
[train] step=1878 loss=0.201317 lr=8.703e-06
[train] step=1879 loss=0.260865 lr=8.702e-06
[train] step=1880 loss=0.109140 lr=8.701e-06
[train] step=1881 loss=0.514574 lr=8.699e-06
[train] step=1882 loss=0.156137 lr=8.698e-06
[train] step=1883 loss=0.176041 lr=8.697e-06
[train] step=1884 loss=0.120707 lr=8.695e-06
[train] step=1885 loss=0.167676 lr=8.694e-06
[train] step=1886 loss=0.172465 lr=8.693e-06
[train] step=1887 loss=0.167453 lr=8.692e-06
[train] step=1888 loss=0.204405 lr=8.690e-06
[train] step=1889 loss=0.214216 lr=8.689e-06
[train] step=1890 loss=0.242068 lr=8.688e-06
[train] step=1891 loss=0.130449 lr=8.686e-06
[train] step=1892 loss=0.159028 lr=8.685e-06
[train] step=1893 loss=0.258599 lr=8.684e-06
[train] step=1894 loss=0.175291 lr=8.682e-06
[train] step=1895 loss=0.201090 lr=8.681e-06
[train] step=1896 loss=0.392608 lr=8.680e-06
[train] step=1897 loss=0.173128 lr=8.678e-06
[train] step=1898 loss=0.150188 lr=8.677e-06
[train] step=1899 loss=0.179711 lr=8.676e-06
[train] step=1900 loss=0.221013 lr=8.674e-06
[train] step=1901 loss=0.179019 lr=8.673e-06
[train] step=1902 loss=0.188815 lr=8.672e-06
[train] step=1903 loss=0.173528 lr=8.670e-06
[train] step=1904 loss=0.217977 lr=8.669e-06
[train] step=1905 loss=0.196040 lr=8.668e-06
[train] step=1906 loss=0.153824 lr=8.666e-06
[train] step=1907 loss=0.232360 lr=8.665e-06
[train] step=1908 loss=0.170565 lr=8.664e-06
[train] step=1909 loss=0.210010 lr=8.662e-06
[train] step=1910 loss=0.184451 lr=8.661e-06
[train] step=1911 loss=0.173911 lr=8.660e-06
[train] step=1912 loss=0.181594 lr=8.658e-06
[train] step=1913 loss=0.157711 lr=8.657e-06
[train] step=1914 loss=0.242856 lr=8.656e-06
[train] step=1915 loss=0.241018 lr=8.654e-06
[train] step=1916 loss=0.231825 lr=8.653e-06
[train] step=1917 loss=0.125416 lr=8.652e-06
[train] step=1918 loss=0.195748 lr=8.650e-06
[train] step=1919 loss=0.194054 lr=8.649e-06
[train] step=1920 loss=0.130652 lr=8.648e-06
INFO     [rank 0] Model weights for step 1920 saved in       dit_trainer.py:1288
         checkpoints/model_weights_step_01920.safetensors                       
INFO     [rank 0] Scalar embedding weights for step 1920     dit_trainer.py:1297
         saved                                                                  
INFO     [rank 0] Training state saved:                      dit_trainer.py:1416
         checkpoints/model_weights_step_01920.state.pt                          
DEBUG    [rank 0] Removed old checkpoint:                    dit_trainer.py:1429
         /hppfs/scratch/0D/go76fuz2/windinet/outputs/shockwa                    
         ve_dit_ch6_unfinetuned/checkpoints/model_weights_st                    
         ep_01680.safetensors                                                   
DEBUG    [rank 0] Removed old checkpoint:                    dit_trainer.py:1429
         /hppfs/scratch/0D/go76fuz2/windinet/outputs/shockwa                    
         ve_dit_ch6_unfinetuned/checkpoints/scalar_embedding                    
         _step_01680.safetensors                                                
DEBUG    [rank 0] Removed optimizer state for older kept     dit_trainer.py:1444
         checkpoint:                                                            
         /hppfs/scratch/0D/go76fuz2/windinet/outputs/shockwa                    
         ve_dit_ch6_unfinetuned/checkpoints/model_weights_st                    
         ep_01800.state.pt                                                      
[epoch 16] step=1920 train_loss=0.196514
[train] step=1921 loss=0.172268 lr=8.646e-06
[train] step=1922 loss=0.194088 lr=8.645e-06
[train] step=1923 loss=0.163041 lr=8.644e-06
[train] step=1924 loss=0.202948 lr=8.642e-06
[train] step=1925 loss=0.171333 lr=8.641e-06
[train] step=1926 loss=0.246100 lr=8.639e-06
[train] step=1927 loss=0.201576 lr=8.638e-06
[train] step=1928 loss=0.273436 lr=8.637e-06
[train] step=1929 loss=0.128764 lr=8.635e-06
[train] step=1930 loss=0.202843 lr=8.634e-06
[train] step=1931 loss=0.258441 lr=8.633e-06
[train] step=1932 loss=0.145755 lr=8.631e-06
[train] step=1933 loss=0.225784 lr=8.630e-06
[train] step=1934 loss=0.201340 lr=8.629e-06
[train] step=1935 loss=0.174197 lr=8.627e-06
[train] step=1936 loss=0.230299 lr=8.626e-06
[train] step=1937 loss=0.149687 lr=8.625e-06
[train] step=1938 loss=0.400739 lr=8.623e-06
[train] step=1939 loss=0.234429 lr=8.622e-06
[train] step=1940 loss=0.306543 lr=8.621e-06
[train] step=1941 loss=0.293374 lr=8.619e-06
[train] step=1942 loss=0.156960 lr=8.618e-06
[train] step=1943 loss=0.201585 lr=8.617e-06
[train] step=1944 loss=0.152568 lr=8.615e-06
[train] step=1945 loss=0.216553 lr=8.614e-06
[train] step=1946 loss=0.223636 lr=8.612e-06
[train] step=1947 loss=0.221056 lr=8.611e-06
[train] step=1948 loss=0.173690 lr=8.610e-06
[train] step=1949 loss=0.179446 lr=8.608e-06
[train] step=1950 loss=0.158314 lr=8.607e-06
[train] step=1951 loss=0.241643 lr=8.606e-06
[train] step=1952 loss=0.147087 lr=8.604e-06
[train] step=1953 loss=0.237242 lr=8.603e-06
[train] step=1954 loss=0.154041 lr=8.602e-06
[train] step=1955 loss=0.157876 lr=8.600e-06
[train] step=1956 loss=0.135491 lr=8.599e-06
[train] step=1957 loss=0.296530 lr=8.597e-06
[train] step=1958 loss=0.156774 lr=8.596e-06
[train] step=1959 loss=0.240690 lr=8.595e-06
[train] step=1960 loss=0.174373 lr=8.593e-06
[train] step=1961 loss=0.194688 lr=8.592e-06
[train] step=1962 loss=0.155972 lr=8.591e-06
[train] step=1963 loss=0.159756 lr=8.589e-06
[train] step=1964 loss=0.191868 lr=8.588e-06
[train] step=1965 loss=0.202059 lr=8.587e-06
[train] step=1966 loss=0.167298 lr=8.585e-06
[train] step=1967 loss=0.140251 lr=8.584e-06
[train] step=1968 loss=0.183995 lr=8.582e-06
[train] step=1969 loss=0.131130 lr=8.581e-06
[train] step=1970 loss=0.243671 lr=8.580e-06
[train] step=1971 loss=0.175723 lr=8.578e-06
[train] step=1972 loss=0.141633 lr=8.577e-06
[train] step=1973 loss=0.221750 lr=8.576e-06
[train] step=1974 loss=0.171007 lr=8.574e-06
[train] step=1975 loss=0.124960 lr=8.573e-06
[train] step=1976 loss=0.150840 lr=8.572e-06
[train] step=1977 loss=0.242307 lr=8.570e-06
[train] step=1978 loss=0.167687 lr=8.569e-06
[train] step=1979 loss=0.133228 lr=8.567e-06
[train] step=1980 loss=0.247056 lr=8.566e-06
[train] step=1981 loss=0.185824 lr=8.565e-06
[train] step=1982 loss=0.172325 lr=8.563e-06
[train] step=1983 loss=0.167541 lr=8.562e-06
[train] step=1984 loss=0.186773 lr=8.560e-06
[train] step=1985 loss=0.128439 lr=8.559e-06
[train] step=1986 loss=0.318446 lr=8.558e-06
[train] step=1987 loss=0.183821 lr=8.556e-06
[train] step=1988 loss=0.230319 lr=8.555e-06
[train] step=1989 loss=0.154671 lr=8.554e-06
[train] step=1990 loss=0.193265 lr=8.552e-06
[train] step=1991 loss=0.252711 lr=8.551e-06
[train] step=1992 loss=0.248902 lr=8.549e-06
[train] step=1993 loss=0.101145 lr=8.548e-06
[train] step=1994 loss=0.368958 lr=8.547e-06
[train] step=1995 loss=0.308850 lr=8.545e-06
[train] step=1996 loss=0.185780 lr=8.544e-06
[train] step=1997 loss=0.151042 lr=8.543e-06
[train] step=1998 loss=0.251089 lr=8.541e-06
[train] step=1999 loss=0.196732 lr=8.540e-06
[train] step=2000 loss=0.177410 lr=8.538e-06
[train] step=2001 loss=0.137694 lr=8.537e-06
[train] step=2002 loss=0.254694 lr=8.536e-06
[train] step=2003 loss=0.261888 lr=8.534e-06
[train] step=2004 loss=0.269306 lr=8.533e-06
[train] step=2005 loss=0.156765 lr=8.531e-06
[train] step=2006 loss=0.176558 lr=8.530e-06
[train] step=2007 loss=0.113912 lr=8.529e-06
[train] step=2008 loss=0.196022 lr=8.527e-06
[train] step=2009 loss=0.203901 lr=8.526e-06
[train] step=2010 loss=0.273394 lr=8.524e-06
[train] step=2011 loss=0.174712 lr=8.523e-06
[train] step=2012 loss=0.202673 lr=8.522e-06
[train] step=2013 loss=0.137360 lr=8.520e-06
[train] step=2014 loss=0.227128 lr=8.519e-06
[train] step=2015 loss=0.186951 lr=8.518e-06
[train] step=2016 loss=0.208508 lr=8.516e-06
[train] step=2017 loss=0.168685 lr=8.515e-06
[train] step=2018 loss=0.174468 lr=8.513e-06
[train] step=2019 loss=0.132031 lr=8.512e-06
[train] step=2020 loss=0.298141 lr=8.511e-06
[train] step=2021 loss=0.205419 lr=8.509e-06
[train] step=2022 loss=0.163597 lr=8.508e-06
[train] step=2023 loss=0.220281 lr=8.506e-06
[train] step=2024 loss=0.140751 lr=8.505e-06
[train] step=2025 loss=0.165370 lr=8.504e-06
[train] step=2026 loss=0.178339 lr=8.502e-06
[train] step=2027 loss=0.184966 lr=8.501e-06
[train] step=2028 loss=0.114301 lr=8.499e-06
[train] step=2029 loss=0.149424 lr=8.498e-06
[train] step=2030 loss=0.125964 lr=8.497e-06
[train] step=2031 loss=0.189501 lr=8.495e-06
[train] step=2032 loss=0.203992 lr=8.494e-06
[train] step=2033 loss=0.204324 lr=8.492e-06
[train] step=2034 loss=0.157828 lr=8.491e-06
[train] step=2035 loss=0.442803 lr=8.490e-06
[train] step=2036 loss=0.232350 lr=8.488e-06
[train] step=2037 loss=0.178219 lr=8.487e-06
[train] step=2038 loss=0.179520 lr=8.485e-06
[train] step=2039 loss=0.163938 lr=8.484e-06
[train] step=2040 loss=0.208520 lr=8.482e-06
INFO     [rank 0] Model weights for step 2040 saved in       dit_trainer.py:1288
         checkpoints/model_weights_step_02040.safetensors                       
INFO     [rank 0] Scalar embedding weights for step 2040     dit_trainer.py:1297
         saved                                                                  
INFO     [rank 0] Training state saved:                      dit_trainer.py:1416
         checkpoints/model_weights_step_02040.state.pt                          
DEBUG    [rank 0] Removed old checkpoint:                    dit_trainer.py:1429
         /hppfs/scratch/0D/go76fuz2/windinet/outputs/shockwa                    
         ve_dit_ch6_unfinetuned/checkpoints/model_weights_st                    
         ep_01800.safetensors                                                   
DEBUG    [rank 0] Removed old checkpoint:                    dit_trainer.py:1429
         /hppfs/scratch/0D/go76fuz2/windinet/outputs/shockwa                    
         ve_dit_ch6_unfinetuned/checkpoints/scalar_embedding                    
         _step_01800.safetensors                                                
DEBUG    [rank 0] Removed optimizer state for older kept     dit_trainer.py:1444
         checkpoint:                                                            
         /hppfs/scratch/0D/go76fuz2/windinet/outputs/shockwa                    
         ve_dit_ch6_unfinetuned/checkpoints/model_weights_st                    
         ep_01920.state.pt                                                      
[epoch 17] step=2040 train_loss=0.196665
[train] step=2041 loss=0.139367 lr=8.481e-06
[train] step=2042 loss=0.186930 lr=8.480e-06
[train] step=2043 loss=0.189683 lr=8.478e-06
[train] step=2044 loss=0.140029 lr=8.477e-06
[train] step=2045 loss=0.226824 lr=8.475e-06
[train] step=2046 loss=0.191032 lr=8.474e-06
[train] step=2047 loss=0.127578 lr=8.473e-06
[train] step=2048 loss=0.275477 lr=8.471e-06
[train] step=2049 loss=0.235506 lr=8.470e-06
[train] step=2050 loss=0.281680 lr=8.468e-06
[train] step=2051 loss=0.214654 lr=8.467e-06
[train] step=2052 loss=0.239194 lr=8.466e-06
[train] step=2053 loss=0.761707 lr=8.464e-06
[train] step=2054 loss=0.188763 lr=8.463e-06
[train] step=2055 loss=0.227123 lr=8.461e-06
[train] step=2056 loss=0.192374 lr=8.460e-06
[train] step=2057 loss=0.197975 lr=8.458e-06
[train] step=2058 loss=0.180372 lr=8.457e-06
[train] step=2059 loss=0.155296 lr=8.456e-06
[train] step=2060 loss=0.165051 lr=8.454e-06
[train] step=2061 loss=0.141293 lr=8.453e-06
[train] step=2062 loss=0.207333 lr=8.451e-06
[train] step=2063 loss=0.175877 lr=8.450e-06
[train] step=2064 loss=0.160084 lr=8.449e-06
[train] step=2065 loss=0.212840 lr=8.447e-06
[train] step=2066 loss=0.211460 lr=8.446e-06
[train] step=2067 loss=0.155506 lr=8.444e-06
[train] step=2068 loss=0.199022 lr=8.443e-06
[train] step=2069 loss=0.204345 lr=8.441e-06
[train] step=2070 loss=0.232695 lr=8.440e-06
[train] step=2071 loss=0.173560 lr=8.439e-06
[train] step=2072 loss=0.204043 lr=8.437e-06
[train] step=2073 loss=0.133261 lr=8.436e-06
[train] step=2074 loss=0.157260 lr=8.434e-06
[train] step=2075 loss=0.157922 lr=8.433e-06
[train] step=2076 loss=0.232689 lr=8.431e-06
[train] step=2077 loss=0.207687 lr=8.430e-06
[train] step=2078 loss=0.193535 lr=8.429e-06
[train] step=2079 loss=0.182829 lr=8.427e-06
[train] step=2080 loss=0.182211 lr=8.426e-06
[train] step=2081 loss=0.648906 lr=8.424e-06
[train] step=2082 loss=0.192447 lr=8.423e-06
[train] step=2083 loss=0.296641 lr=8.421e-06
[train] step=2084 loss=0.249847 lr=8.420e-06
[train] step=2085 loss=0.199301 lr=8.419e-06
[train] step=2086 loss=0.158033 lr=8.417e-06
[train] step=2087 loss=0.239393 lr=8.416e-06
[train] step=2088 loss=0.182626 lr=8.414e-06
[train] step=2089 loss=0.144236 lr=8.413e-06
[train] step=2090 loss=0.148567 lr=8.411e-06
[train] step=2091 loss=0.225537 lr=8.410e-06
[train] step=2092 loss=0.159118 lr=8.409e-06
[train] step=2093 loss=0.171191 lr=8.407e-06
[train] step=2094 loss=0.243238 lr=8.406e-06
[train] step=2095 loss=0.161896 lr=8.404e-06
[train] step=2096 loss=0.209349 lr=8.403e-06
[train] step=2097 loss=0.154470 lr=8.401e-06
[train] step=2098 loss=0.122800 lr=8.400e-06
[train] step=2099 loss=0.227710 lr=8.398e-06
[train] step=2100 loss=0.181752 lr=8.397e-06
[train] step=2101 loss=0.175853 lr=8.396e-06
[train] step=2102 loss=0.161128 lr=8.394e-06
[train] step=2103 loss=0.215049 lr=8.393e-06
[train] step=2104 loss=0.196847 lr=8.391e-06
[train] step=2105 loss=0.228059 lr=8.390e-06
[train] step=2106 loss=0.176775 lr=8.388e-06
[train] step=2107 loss=0.215500 lr=8.387e-06
[train] step=2108 loss=0.140251 lr=8.386e-06
[train] step=2109 loss=0.247551 lr=8.384e-06
[train] step=2110 loss=0.150246 lr=8.383e-06
[train] step=2111 loss=0.174988 lr=8.381e-06
[train] step=2112 loss=0.177734 lr=8.380e-06
[train] step=2113 loss=0.147662 lr=8.378e-06
[train] step=2114 loss=0.121821 lr=8.377e-06
[train] step=2115 loss=0.202566 lr=8.375e-06
[train] step=2116 loss=0.218081 lr=8.374e-06
[train] step=2117 loss=0.172937 lr=8.372e-06
[train] step=2118 loss=0.243863 lr=8.371e-06
[train] step=2119 loss=0.141497 lr=8.370e-06
[train] step=2120 loss=0.296694 lr=8.368e-06
[train] step=2121 loss=0.189293 lr=8.367e-06
[train] step=2122 loss=0.274153 lr=8.365e-06
[train] step=2123 loss=0.183765 lr=8.364e-06
[train] step=2124 loss=0.159157 lr=8.362e-06
[train] step=2125 loss=0.248854 lr=8.361e-06
[train] step=2126 loss=0.165566 lr=8.359e-06
[train] step=2127 loss=0.230692 lr=8.358e-06
[train] step=2128 loss=0.282317 lr=8.357e-06
[train] step=2129 loss=0.254960 lr=8.355e-06
[train] step=2130 loss=0.206911 lr=8.354e-06
[train] step=2131 loss=0.193633 lr=8.352e-06
[train] step=2132 loss=0.245624 lr=8.351e-06
[train] step=2133 loss=0.175744 lr=8.349e-06
[train] step=2134 loss=0.135631 lr=8.348e-06
[train] step=2135 loss=0.211495 lr=8.346e-06
[train] step=2136 loss=0.248894 lr=8.345e-06
[train] step=2137 loss=0.153390 lr=8.343e-06
[train] step=2138 loss=0.183679 lr=8.342e-06
[train] step=2139 loss=0.267196 lr=8.340e-06
[train] step=2140 loss=0.239750 lr=8.339e-06
[train] step=2141 loss=0.157508 lr=8.338e-06
[train] step=2142 loss=0.122474 lr=8.336e-06
[train] step=2143 loss=0.266124 lr=8.335e-06
[train] step=2144 loss=0.219554 lr=8.333e-06
[train] step=2145 loss=0.152672 lr=8.332e-06
[train] step=2146 loss=0.228792 lr=8.330e-06
[train] step=2147 loss=0.197992 lr=8.329e-06
[train] step=2148 loss=0.178054 lr=8.327e-06
[train] step=2149 loss=0.129902 lr=8.326e-06
[train] step=2150 loss=0.255442 lr=8.324e-06
[train] step=2151 loss=0.199616 lr=8.323e-06
[train] step=2152 loss=0.225211 lr=8.321e-06
[train] step=2153 loss=0.145020 lr=8.320e-06
[train] step=2154 loss=0.193237 lr=8.319e-06
[train] step=2155 loss=0.133205 lr=8.317e-06
[train] step=2156 loss=0.153806 lr=8.316e-06
[train] step=2157 loss=0.212240 lr=8.314e-06
[train] step=2158 loss=0.166593 lr=8.313e-06
[train] step=2159 loss=0.210550 lr=8.311e-06
[train] step=2160 loss=0.217388 lr=8.310e-06
INFO     [rank 0] Model weights for step 2160 saved in       dit_trainer.py:1288
         checkpoints/model_weights_step_02160.safetensors                       
INFO     [rank 0] Scalar embedding weights for step 2160     dit_trainer.py:1297
         saved                                                                  
INFO     [rank 0] Training state saved:                      dit_trainer.py:1416
         checkpoints/model_weights_step_02160.state.pt                          
DEBUG    [rank 0] Removed old checkpoint:                    dit_trainer.py:1429
         /hppfs/scratch/0D/go76fuz2/windinet/outputs/shockwa                    
         ve_dit_ch6_unfinetuned/checkpoints/model_weights_st                    
         ep_01920.safetensors                                                   
DEBUG    [rank 0] Removed old checkpoint:                    dit_trainer.py:1429
         /hppfs/scratch/0D/go76fuz2/windinet/outputs/shockwa                    
         ve_dit_ch6_unfinetuned/checkpoints/scalar_embedding                    
         _step_01920.safetensors                                                
DEBUG    [rank 0] Removed optimizer state for older kept     dit_trainer.py:1444
         checkpoint:                                                            
         /hppfs/scratch/0D/go76fuz2/windinet/outputs/shockwa                    
         ve_dit_ch6_unfinetuned/checkpoints/model_weights_st                    
         ep_02040.state.pt                                                      
[epoch 18] step=2160 train_loss=0.203095
[train] step=2161 loss=0.225579 lr=8.308e-06
[train] step=2162 loss=0.234668 lr=8.307e-06
[train] step=2163 loss=0.116686 lr=8.305e-06
[train] step=2164 loss=0.255469 lr=8.304e-06
[train] step=2165 loss=0.197823 lr=8.302e-06
[train] step=2166 loss=0.119676 lr=8.301e-06
[train] step=2167 loss=0.118785 lr=8.299e-06
[train] step=2168 loss=0.183711 lr=8.298e-06
[train] step=2169 loss=0.152564 lr=8.296e-06
[train] step=2170 loss=0.245071 lr=8.295e-06
[train] step=2171 loss=0.254664 lr=8.294e-06
[train] step=2172 loss=0.221531 lr=8.292e-06
[train] step=2173 loss=0.124049 lr=8.291e-06
[train] step=2174 loss=0.168701 lr=8.289e-06
[train] step=2175 loss=0.252865 lr=8.288e-06
[train] step=2176 loss=0.170736 lr=8.286e-06
[train] step=2177 loss=0.182467 lr=8.285e-06
[train] step=2178 loss=0.131817 lr=8.283e-06
[train] step=2179 loss=0.214300 lr=8.282e-06
[train] step=2180 loss=0.218007 lr=8.280e-06
[train] step=2181 loss=0.159520 lr=8.279e-06
[train] step=2182 loss=0.125131 lr=8.277e-06
[train] step=2183 loss=0.143597 lr=8.276e-06
[train] step=2184 loss=0.216269 lr=8.274e-06
[train] step=2185 loss=0.199069 lr=8.273e-06
[train] step=2186 loss=0.217008 lr=8.271e-06
[train] step=2187 loss=0.164280 lr=8.270e-06
[train] step=2188 loss=0.122137 lr=8.268e-06
[train] step=2189 loss=0.416892 lr=8.267e-06
[train] step=2190 loss=0.197528 lr=8.265e-06
[train] step=2191 loss=0.158949 lr=8.264e-06
[train] step=2192 loss=0.201476 lr=8.262e-06
[train] step=2193 loss=0.257747 lr=8.261e-06
[train] step=2194 loss=0.177483 lr=8.259e-06
[train] step=2195 loss=0.199747 lr=8.258e-06
[train] step=2196 loss=0.180700 lr=8.256e-06
[train] step=2197 loss=0.188720 lr=8.255e-06
[train] step=2198 loss=0.154293 lr=8.253e-06
[train] step=2199 loss=0.177267 lr=8.252e-06
[train] step=2200 loss=0.193768 lr=8.250e-06
[train] step=2201 loss=0.165543 lr=8.249e-06
[train] step=2202 loss=0.183829 lr=8.248e-06
[train] step=2203 loss=0.515964 lr=8.246e-06
[train] step=2204 loss=0.275655 lr=8.245e-06
[train] step=2205 loss=0.258533 lr=8.243e-06
[train] step=2206 loss=0.171960 lr=8.242e-06
[train] step=2207 loss=0.155769 lr=8.240e-06
[train] step=2208 loss=0.214122 lr=8.239e-06
[train] step=2209 loss=0.236261 lr=8.237e-06
[train] step=2210 loss=0.267610 lr=8.236e-06
[train] step=2211 loss=0.145256 lr=8.234e-06
[train] step=2212 loss=0.190619 lr=8.233e-06
[train] step=2213 loss=0.209888 lr=8.231e-06
[train] step=2214 loss=0.217231 lr=8.230e-06
[train] step=2215 loss=0.207977 lr=8.228e-06
[train] step=2216 loss=0.182865 lr=8.227e-06
[train] step=2217 loss=0.218827 lr=8.225e-06
[train] step=2218 loss=0.187533 lr=8.224e-06
[train] step=2219 loss=0.222523 lr=8.222e-06
[train] step=2220 loss=0.227834 lr=8.221e-06
[train] step=2221 loss=0.235046 lr=8.219e-06
[train] step=2222 loss=0.222951 lr=8.218e-06
[train] step=2223 loss=0.209139 lr=8.216e-06
[train] step=2224 loss=0.199035 lr=8.215e-06
[train] step=2225 loss=0.194450 lr=8.213e-06
[train] step=2226 loss=0.174295 lr=8.212e-06
[train] step=2227 loss=0.124497 lr=8.210e-06
[train] step=2228 loss=0.188806 lr=8.209e-06
[train] step=2229 loss=0.330410 lr=8.207e-06
[train] step=2230 loss=0.258369 lr=8.206e-06
[train] step=2231 loss=0.150112 lr=8.204e-06
[train] step=2232 loss=0.180740 lr=8.203e-06
[train] step=2233 loss=0.200840 lr=8.201e-06
[train] step=2234 loss=0.182345 lr=8.200e-06
[train] step=2235 loss=0.232457 lr=8.198e-06
[train] step=2236 loss=0.112712 lr=8.196e-06
[train] step=2237 loss=0.182823 lr=8.195e-06
[train] step=2238 loss=0.137531 lr=8.193e-06
[train] step=2239 loss=0.206512 lr=8.192e-06
[train] step=2240 loss=0.146337 lr=8.190e-06
[train] step=2241 loss=0.145584 lr=8.189e-06
[train] step=2242 loss=0.167487 lr=8.187e-06
[train] step=2243 loss=0.229550 lr=8.186e-06
[train] step=2244 loss=0.169392 lr=8.184e-06
[train] step=2245 loss=0.237118 lr=8.183e-06
[train] step=2246 loss=0.166442 lr=8.181e-06
[train] step=2247 loss=0.139239 lr=8.180e-06
[train] step=2248 loss=0.177486 lr=8.178e-06
[train] step=2249 loss=0.151233 lr=8.177e-06
[train] step=2250 loss=0.117396 lr=8.175e-06
[train] step=2251 loss=0.206264 lr=8.174e-06
[train] step=2252 loss=0.209573 lr=8.172e-06
[train] step=2253 loss=0.176063 lr=8.171e-06
[train] step=2254 loss=0.274103 lr=8.169e-06
[train] step=2255 loss=0.210672 lr=8.168e-06
[train] step=2256 loss=0.260930 lr=8.166e-06
[train] step=2257 loss=0.192676 lr=8.165e-06
[train] step=2258 loss=0.174779 lr=8.163e-06
[train] step=2259 loss=0.153879 lr=8.162e-06
[train] step=2260 loss=0.166105 lr=8.160e-06
[train] step=2261 loss=0.205419 lr=8.159e-06
[train] step=2262 loss=0.220374 lr=8.157e-06
[train] step=2263 loss=0.198611 lr=8.156e-06
[train] step=2264 loss=0.271325 lr=8.154e-06
[train] step=2265 loss=0.191946 lr=8.153e-06
[train] step=2266 loss=0.227656 lr=8.151e-06
[train] step=2267 loss=0.274471 lr=8.149e-06
[train] step=2268 loss=0.185729 lr=8.148e-06
[train] step=2269 loss=0.143810 lr=8.146e-06
[train] step=2270 loss=0.258974 lr=8.145e-06
[train] step=2271 loss=0.290823 lr=8.143e-06
[train] step=2272 loss=0.156357 lr=8.142e-06
[train] step=2273 loss=0.210382 lr=8.140e-06
[train] step=2274 loss=0.200283 lr=8.139e-06
[train] step=2275 loss=0.241334 lr=8.137e-06
[train] step=2276 loss=0.193795 lr=8.136e-06
[train] step=2277 loss=0.178888 lr=8.134e-06
[train] step=2278 loss=0.223623 lr=8.133e-06
[train] step=2279 loss=0.154937 lr=8.131e-06
[train] step=2280 loss=0.119382 lr=8.130e-06
INFO     [rank 0] Model weights for step 2280 saved in       dit_trainer.py:1288
         checkpoints/model_weights_step_02280.safetensors                       
INFO     [rank 0] Scalar embedding weights for step 2280     dit_trainer.py:1297
         saved                                                                  
INFO     [rank 0] Training state saved:                      dit_trainer.py:1416
         checkpoints/model_weights_step_02280.state.pt                          
DEBUG    [rank 0] Removed old checkpoint:                    dit_trainer.py:1429
         /hppfs/scratch/0D/go76fuz2/windinet/outputs/shockwa                    
         ve_dit_ch6_unfinetuned/checkpoints/model_weights_st                    
         ep_02040.safetensors                                                   
DEBUG    [rank 0] Removed old checkpoint:                    dit_trainer.py:1429
         /hppfs/scratch/0D/go76fuz2/windinet/outputs/shockwa                    
         ve_dit_ch6_unfinetuned/checkpoints/scalar_embedding                    
         _step_02040.safetensors                                                
DEBUG    [rank 0] Removed optimizer state for older kept     dit_trainer.py:1444
         checkpoint:                                                            
         /hppfs/scratch/0D/go76fuz2/windinet/outputs/shockwa                    
         ve_dit_ch6_unfinetuned/checkpoints/model_weights_st                    
         ep_02160.state.pt                                                      
[epoch 19] step=2280 train_loss=0.199484
[train] step=2281 loss=0.160862 lr=8.128e-06
[train] step=2282 loss=0.175885 lr=8.127e-06
[train] step=2283 loss=0.166707 lr=8.125e-06
[train] step=2284 loss=0.167584 lr=8.123e-06
[train] step=2285 loss=0.171432 lr=8.122e-06
[train] step=2286 loss=0.226725 lr=8.120e-06
[train] step=2287 loss=0.172640 lr=8.119e-06
[train] step=2288 loss=0.210093 lr=8.117e-06
[train] step=2289 loss=0.231448 lr=8.116e-06
[train] step=2290 loss=0.195939 lr=8.114e-06
[train] step=2291 loss=0.264212 lr=8.113e-06
[train] step=2292 loss=0.211062 lr=8.111e-06
[train] step=2293 loss=0.213071 lr=8.110e-06
[train] step=2294 loss=0.241088 lr=8.108e-06
[train] step=2295 loss=0.160935 lr=8.107e-06
[train] step=2296 loss=0.237463 lr=8.105e-06
[train] step=2297 loss=0.173468 lr=8.104e-06
[train] step=2298 loss=0.191122 lr=8.102e-06
[train] step=2299 loss=0.219127 lr=8.100e-06
[train] step=2300 loss=0.177619 lr=8.099e-06
[train] step=2301 loss=0.158257 lr=8.097e-06
[train] step=2302 loss=0.196562 lr=8.096e-06
[train] step=2303 loss=0.416604 lr=8.094e-06
[train] step=2304 loss=0.133006 lr=8.093e-06
[train] step=2305 loss=0.213432 lr=8.091e-06
[train] step=2306 loss=0.411796 lr=8.090e-06
[train] step=2307 loss=0.197447 lr=8.088e-06
[train] step=2308 loss=0.151633 lr=8.087e-06
[train] step=2309 loss=0.156684 lr=8.085e-06
[train] step=2310 loss=0.213662 lr=8.083e-06
[train] step=2311 loss=0.219341 lr=8.082e-06
[train] step=2312 loss=0.143574 lr=8.080e-06
[train] step=2313 loss=0.229744 lr=8.079e-06
[train] step=2314 loss=0.183904 lr=8.077e-06
[train] step=2315 loss=0.156487 lr=8.076e-06
[train] step=2316 loss=0.173787 lr=8.074e-06
[train] step=2317 loss=0.202245 lr=8.073e-06
[train] step=2318 loss=0.237849 lr=8.071e-06
[train] step=2319 loss=0.245126 lr=8.070e-06
[train] step=2320 loss=0.126860 lr=8.068e-06
[train] step=2321 loss=0.143928 lr=8.066e-06
[train] step=2322 loss=0.114692 lr=8.065e-06
[train] step=2323 loss=0.199678 lr=8.063e-06
[train] step=2324 loss=0.205878 lr=8.062e-06
[train] step=2325 loss=0.132123 lr=8.060e-06
[train] step=2326 loss=0.097501 lr=8.059e-06
[train] step=2327 loss=0.287899 lr=8.057e-06
[train] step=2328 loss=0.233991 lr=8.056e-06
[train] step=2329 loss=0.108531 lr=8.054e-06
[train] step=2330 loss=0.327668 lr=8.053e-06
[train] step=2331 loss=0.135403 lr=8.051e-06
[train] step=2332 loss=0.251018 lr=8.049e-06
[train] step=2333 loss=0.207265 lr=8.048e-06
[train] step=2334 loss=0.178471 lr=8.046e-06
[train] step=2335 loss=0.261565 lr=8.045e-06
[train] step=2336 loss=0.086092 lr=8.043e-06
[train] step=2337 loss=0.184112 lr=8.042e-06
[train] step=2338 loss=0.202124 lr=8.040e-06
[train] step=2339 loss=0.166455 lr=8.038e-06
[train] step=2340 loss=0.422870 lr=8.037e-06
[train] step=2341 loss=0.204893 lr=8.035e-06
[train] step=2342 loss=0.309078 lr=8.034e-06
[train] step=2343 loss=0.167868 lr=8.032e-06
[train] step=2344 loss=0.230659 lr=8.031e-06
[train] step=2345 loss=0.229258 lr=8.029e-06
[train] step=2346 loss=0.199346 lr=8.028e-06
[train] step=2347 loss=0.185501 lr=8.026e-06
[train] step=2348 loss=0.202970 lr=8.024e-06
[train] step=2349 loss=0.120635 lr=8.023e-06
[train] step=2350 loss=0.134656 lr=8.021e-06
[train] step=2351 loss=0.122930 lr=8.020e-06
[train] step=2352 loss=0.186678 lr=8.018e-06
[train] step=2353 loss=0.182374 lr=8.017e-06
[train] step=2354 loss=0.189561 lr=8.015e-06
[train] step=2355 loss=0.238405 lr=8.014e-06
[train] step=2356 loss=0.207635 lr=8.012e-06
[train] step=2357 loss=0.155729 lr=8.010e-06
[train] step=2358 loss=0.173251 lr=8.009e-06
[train] step=2359 loss=0.156584 lr=8.007e-06
[train] step=2360 loss=0.162210 lr=8.006e-06
[train] step=2361 loss=0.222912 lr=8.004e-06
[train] step=2362 loss=0.187067 lr=8.003e-06
[train] step=2363 loss=0.149569 lr=8.001e-06
[train] step=2364 loss=0.188342 lr=7.999e-06
[train] step=2365 loss=0.210597 lr=7.998e-06
[train] step=2366 loss=0.155301 lr=7.996e-06
[train] step=2367 loss=0.182407 lr=7.995e-06
[train] step=2368 loss=0.158965 lr=7.993e-06
[train] step=2369 loss=0.155753 lr=7.992e-06
[train] step=2370 loss=0.239095 lr=7.990e-06
[train] step=2371 loss=0.139540 lr=7.988e-06
[train] step=2372 loss=0.191071 lr=7.987e-06
[train] step=2373 loss=0.197478 lr=7.985e-06
[train] step=2374 loss=0.186029 lr=7.984e-06
[train] step=2375 loss=0.177804 lr=7.982e-06
[train] step=2376 loss=0.222670 lr=7.981e-06
[train] step=2377 loss=0.154535 lr=7.979e-06
[train] step=2378 loss=0.101864 lr=7.977e-06
[train] step=2379 loss=0.171772 lr=7.976e-06
[train] step=2380 loss=0.213665 lr=7.974e-06
[train] step=2381 loss=0.207577 lr=7.973e-06
[train] step=2382 loss=0.172803 lr=7.971e-06
[train] step=2383 loss=0.192647 lr=7.969e-06
[train] step=2384 loss=0.134237 lr=7.968e-06
[train] step=2385 loss=0.137358 lr=7.966e-06
[train] step=2386 loss=0.237556 lr=7.965e-06
[train] step=2387 loss=0.198444 lr=7.963e-06
[train] step=2388 loss=0.464790 lr=7.962e-06
[train] step=2389 loss=0.134606 lr=7.960e-06
[train] step=2390 loss=0.153248 lr=7.958e-06
[train] step=2391 loss=0.173924 lr=7.957e-06
[train] step=2392 loss=0.193336 lr=7.955e-06
[train] step=2393 loss=0.251093 lr=7.954e-06
[train] step=2394 loss=0.117835 lr=7.952e-06
[train] step=2395 loss=0.189418 lr=7.951e-06
[train] step=2396 loss=0.194267 lr=7.949e-06
[train] step=2397 loss=0.252686 lr=7.947e-06
[train] step=2398 loss=0.294853 lr=7.946e-06
[train] step=2399 loss=0.169786 lr=7.944e-06
[train] step=2400 loss=0.192459 lr=7.943e-06
[val] step=2400 val_loss=0.190685
INFO     [rank 0] Model weights for step 2400 saved in       dit_trainer.py:1288
         checkpoints/model_weights_step_02400.safetensors                       
INFO     [rank 0] Scalar embedding weights for step 2400     dit_trainer.py:1297
         saved                                                                  
INFO     [rank 0] Training state saved:                      dit_trainer.py:1416
         checkpoints/model_weights_step_02400.state.pt                          
INFO     [rank 0] New best checkpoint (step 2400,            dit_trainer.py:1320
         val_loss=0.190685):                                                    
         checkpoints/model_weights_best.safetensors                             
DEBUG    [rank 0] Removed old checkpoint:                    dit_trainer.py:1429
         /hppfs/scratch/0D/go76fuz2/windinet/outputs/shockwa                    
         ve_dit_ch6_unfinetuned/checkpoints/model_weights_st                    
         ep_02160.safetensors                                                   
DEBUG    [rank 0] Removed old checkpoint:                    dit_trainer.py:1429
         /hppfs/scratch/0D/go76fuz2/windinet/outputs/shockwa                    
         ve_dit_ch6_unfinetuned/checkpoints/scalar_embedding                    
         _step_02160.safetensors                                                
DEBUG    [rank 0] Removed optimizer state for older kept     dit_trainer.py:1444
         checkpoint:                                                            
         /hppfs/scratch/0D/go76fuz2/windinet/outputs/shockwa                    
         ve_dit_ch6_unfinetuned/checkpoints/model_weights_st                    
         ep_02280.state.pt                                                      
[epoch 20] step=2400 train_loss=0.195335 val_loss=0.190685
[train] step=2401 loss=0.270313 lr=7.941e-06
[train] step=2402 loss=0.138082 lr=7.939e-06
[train] step=2403 loss=0.201186 lr=7.938e-06
[train] step=2404 loss=0.209599 lr=7.936e-06
[train] step=2405 loss=0.146564 lr=7.935e-06
[train] step=2406 loss=0.179478 lr=7.933e-06
[train] step=2407 loss=0.275659 lr=7.931e-06
[train] step=2408 loss=0.138743 lr=7.930e-06
[train] step=2409 loss=0.162312 lr=7.928e-06
[train] step=2410 loss=0.244199 lr=7.927e-06
[train] step=2411 loss=0.222623 lr=7.925e-06
[train] step=2412 loss=0.169518 lr=7.924e-06
[train] step=2413 loss=0.222805 lr=7.922e-06
[train] step=2414 loss=0.234477 lr=7.920e-06
[train] step=2415 loss=0.176916 lr=7.919e-06
[train] step=2416 loss=0.203459 lr=7.917e-06
[train] step=2417 loss=0.221059 lr=7.916e-06
[train] step=2418 loss=0.189710 lr=7.914e-06
[train] step=2419 loss=0.179125 lr=7.912e-06
[train] step=2420 loss=0.213203 lr=7.911e-06
[train] step=2421 loss=0.206289 lr=7.909e-06
[train] step=2422 loss=0.166973 lr=7.908e-06
[train] step=2423 loss=0.134813 lr=7.906e-06
[train] step=2424 loss=0.145907 lr=7.904e-06
[train] step=2425 loss=0.167345 lr=7.903e-06
[train] step=2426 loss=0.162831 lr=7.901e-06
[train] step=2427 loss=0.231244 lr=7.900e-06
[train] step=2428 loss=0.141913 lr=7.898e-06
[train] step=2429 loss=0.122681 lr=7.896e-06
[train] step=2430 loss=0.205545 lr=7.895e-06
[train] step=2431 loss=0.176135 lr=7.893e-06
[train] step=2432 loss=0.139422 lr=7.892e-06
[train] step=2433 loss=0.134839 lr=7.890e-06
[train] step=2434 loss=0.307646 lr=7.888e-06
[train] step=2435 loss=0.238348 lr=7.887e-06
[train] step=2436 loss=0.157391 lr=7.885e-06
[train] step=2437 loss=0.183601 lr=7.884e-06
[train] step=2438 loss=0.168704 lr=7.882e-06
[train] step=2439 loss=0.234043 lr=7.880e-06
[train] step=2440 loss=0.245176 lr=7.879e-06
[train] step=2441 loss=0.125090 lr=7.877e-06
[train] step=2442 loss=0.200940 lr=7.876e-06
[train] step=2443 loss=0.179108 lr=7.874e-06
[train] step=2444 loss=0.160751 lr=7.872e-06
[train] step=2445 loss=0.179067 lr=7.871e-06
[train] step=2446 loss=0.154759 lr=7.869e-06
[train] step=2447 loss=0.199398 lr=7.868e-06
[train] step=2448 loss=0.176447 lr=7.866e-06
[train] step=2449 loss=0.156415 lr=7.864e-06
[train] step=2450 loss=0.151428 lr=7.863e-06
[train] step=2451 loss=0.112841 lr=7.861e-06
[train] step=2452 loss=0.176736 lr=7.859e-06
[train] step=2453 loss=0.160004 lr=7.858e-06
[train] step=2454 loss=0.227368 lr=7.856e-06
[train] step=2455 loss=0.183212 lr=7.855e-06
[train] step=2456 loss=0.194552 lr=7.853e-06
[train] step=2457 loss=0.175401 lr=7.851e-06
[train] step=2458 loss=0.182055 lr=7.850e-06
[train] step=2459 loss=0.237058 lr=7.848e-06
[train] step=2460 loss=0.202115 lr=7.847e-06
[train] step=2461 loss=0.188754 lr=7.845e-06
[train] step=2462 loss=0.189817 lr=7.843e-06
[train] step=2463 loss=0.302618 lr=7.842e-06
[train] step=2464 loss=0.126633 lr=7.840e-06
[train] step=2465 loss=0.309318 lr=7.839e-06
[train] step=2466 loss=0.179418 lr=7.837e-06
[train] step=2467 loss=0.163034 lr=7.835e-06
[train] step=2468 loss=0.145987 lr=7.834e-06
[train] step=2469 loss=0.132194 lr=7.832e-06
[train] step=2470 loss=0.177049 lr=7.830e-06
[train] step=2471 loss=0.180687 lr=7.829e-06
[train] step=2472 loss=0.233719 lr=7.827e-06
[train] step=2473 loss=0.251758 lr=7.826e-06
[train] step=2474 loss=0.129363 lr=7.824e-06
[train] step=2475 loss=0.134500 lr=7.822e-06
[train] step=2476 loss=0.245460 lr=7.821e-06
[train] step=2477 loss=0.159487 lr=7.819e-06
[train] step=2478 loss=0.185946 lr=7.817e-06
[train] step=2479 loss=0.214596 lr=7.816e-06
[train] step=2480 loss=0.229891 lr=7.814e-06
[train] step=2481 loss=0.161446 lr=7.813e-06
[train] step=2482 loss=0.197085 lr=7.811e-06
[train] step=2483 loss=0.202542 lr=7.809e-06
[train] step=2484 loss=0.278791 lr=7.808e-06
[train] step=2485 loss=0.153377 lr=7.806e-06
[train] step=2486 loss=0.220848 lr=7.804e-06
[train] step=2487 loss=0.237727 lr=7.803e-06
[train] step=2488 loss=0.223758 lr=7.801e-06
[train] step=2489 loss=0.143965 lr=7.800e-06
[train] step=2490 loss=0.150216 lr=7.798e-06
[train] step=2491 loss=0.130963 lr=7.796e-06
[train] step=2492 loss=0.119718 lr=7.795e-06
[train] step=2493 loss=0.150957 lr=7.793e-06
[train] step=2494 loss=0.158977 lr=7.791e-06
[train] step=2495 loss=0.147622 lr=7.790e-06
[train] step=2496 loss=0.145028 lr=7.788e-06
[train] step=2497 loss=0.126156 lr=7.787e-06
[train] step=2498 loss=0.134119 lr=7.785e-06
[train] step=2499 loss=0.232091 lr=7.783e-06
[train] step=2500 loss=0.197029 lr=7.782e-06
[train] step=2501 loss=0.157140 lr=7.780e-06
[train] step=2502 loss=0.266966 lr=7.778e-06
[train] step=2503 loss=0.188492 lr=7.777e-06
[train] step=2504 loss=0.203670 lr=7.775e-06
[train] step=2505 loss=0.164218 lr=7.774e-06
[train] step=2506 loss=0.147735 lr=7.772e-06
[train] step=2507 loss=0.182533 lr=7.770e-06
[train] step=2508 loss=0.195456 lr=7.769e-06
[train] step=2509 loss=0.214946 lr=7.767e-06
[train] step=2510 loss=0.221854 lr=7.765e-06
[train] step=2511 loss=0.157389 lr=7.764e-06
[train] step=2512 loss=0.209438 lr=7.762e-06
[train] step=2513 loss=0.100350 lr=7.760e-06
[train] step=2514 loss=0.128476 lr=7.759e-06
[train] step=2515 loss=0.399217 lr=7.757e-06
[train] step=2516 loss=0.132560 lr=7.756e-06
[train] step=2517 loss=0.319586 lr=7.754e-06
[train] step=2518 loss=0.184339 lr=7.752e-06
[train] step=2519 loss=0.128339 lr=7.751e-06
[train] step=2520 loss=0.187725 lr=7.749e-06
INFO     [rank 0] Model weights for step 2520 saved in       dit_trainer.py:1288
         checkpoints/model_weights_step_02520.safetensors                       
INFO     [rank 0] Scalar embedding weights for step 2520     dit_trainer.py:1297
         saved                                                                  
INFO     [rank 0] Training state saved:                      dit_trainer.py:1416
         checkpoints/model_weights_step_02520.state.pt                          
DEBUG    [rank 0] Removed old checkpoint:                    dit_trainer.py:1429
         /hppfs/scratch/0D/go76fuz2/windinet/outputs/shockwa                    
         ve_dit_ch6_unfinetuned/checkpoints/model_weights_st                    
         ep_02280.safetensors                                                   
DEBUG    [rank 0] Removed old checkpoint:                    dit_trainer.py:1429
         /hppfs/scratch/0D/go76fuz2/windinet/outputs/shockwa                    
         ve_dit_ch6_unfinetuned/checkpoints/scalar_embedding                    
         _step_02280.safetensors                                                
DEBUG    [rank 0] Removed optimizer state for older kept     dit_trainer.py:1444
         checkpoint:                                                            
         /hppfs/scratch/0D/go76fuz2/windinet/outputs/shockwa                    
         ve_dit_ch6_unfinetuned/checkpoints/model_weights_st                    
         ep_02400.state.pt                                                      
[epoch 21] step=2520 train_loss=0.187437
[train] step=2521 loss=0.242926 lr=7.747e-06
[train] step=2522 loss=0.176485 lr=7.746e-06
[train] step=2523 loss=0.142257 lr=7.744e-06
[train] step=2524 loss=0.124683 lr=7.742e-06
[train] step=2525 loss=0.119981 lr=7.741e-06
[train] step=2526 loss=0.150822 lr=7.739e-06
[train] step=2527 loss=0.182957 lr=7.738e-06
[train] step=2528 loss=0.172831 lr=7.736e-06
[train] step=2529 loss=0.205399 lr=7.734e-06
[train] step=2530 loss=0.175605 lr=7.733e-06
[train] step=2531 loss=0.201530 lr=7.731e-06
[train] step=2532 loss=0.258577 lr=7.729e-06
[train] step=2533 loss=0.170357 lr=7.728e-06
[train] step=2534 loss=0.115252 lr=7.726e-06
[train] step=2535 loss=0.135142 lr=7.724e-06
[train] step=2536 loss=0.166976 lr=7.723e-06
[train] step=2537 loss=0.151777 lr=7.721e-06
[train] step=2538 loss=0.132006 lr=7.719e-06
[train] step=2539 loss=0.181303 lr=7.718e-06
[train] step=2540 loss=0.210474 lr=7.716e-06
[train] step=2541 loss=0.140959 lr=7.714e-06
[train] step=2542 loss=0.164330 lr=7.713e-06
[train] step=2543 loss=0.113417 lr=7.711e-06
[train] step=2544 loss=0.151467 lr=7.710e-06
[train] step=2545 loss=0.163782 lr=7.708e-06
[train] step=2546 loss=0.160227 lr=7.706e-06
[train] step=2547 loss=0.259422 lr=7.705e-06
[train] step=2548 loss=0.292945 lr=7.703e-06
[train] step=2549 loss=0.208588 lr=7.701e-06
[train] step=2550 loss=0.209308 lr=7.700e-06
[train] step=2551 loss=0.195577 lr=7.698e-06
[train] step=2552 loss=0.179929 lr=7.696e-06
[train] step=2553 loss=0.142275 lr=7.695e-06
[train] step=2554 loss=0.157637 lr=7.693e-06
[train] step=2555 loss=0.110321 lr=7.691e-06
[train] step=2556 loss=0.143040 lr=7.690e-06
[train] step=2557 loss=0.181016 lr=7.688e-06
[train] step=2558 loss=0.183409 lr=7.686e-06
[train] step=2559 loss=0.219711 lr=7.685e-06
[train] step=2560 loss=0.304680 lr=7.683e-06
[train] step=2561 loss=0.193440 lr=7.681e-06
[train] step=2562 loss=0.191818 lr=7.680e-06
[train] step=2563 loss=0.149087 lr=7.678e-06
[train] step=2564 loss=0.118708 lr=7.676e-06
[train] step=2565 loss=0.205013 lr=7.675e-06
[train] step=2566 loss=0.164741 lr=7.673e-06
[train] step=2567 loss=0.243131 lr=7.672e-06
[train] step=2568 loss=0.127218 lr=7.670e-06
[train] step=2569 loss=0.339042 lr=7.668e-06
[train] step=2570 loss=0.211727 lr=7.667e-06
[train] step=2571 loss=0.274899 lr=7.665e-06
[train] step=2572 loss=0.119636 lr=7.663e-06
[train] step=2573 loss=0.189030 lr=7.662e-06
[train] step=2574 loss=0.253586 lr=7.660e-06
[train] step=2575 loss=0.190684 lr=7.658e-06
[train] step=2576 loss=0.183466 lr=7.657e-06
[train] step=2577 loss=0.158806 lr=7.655e-06
[train] step=2578 loss=0.165637 lr=7.653e-06
[train] step=2579 loss=0.222531 lr=7.652e-06
[train] step=2580 loss=0.177375 lr=7.650e-06
[train] step=2581 loss=0.243916 lr=7.648e-06
[train] step=2582 loss=0.187803 lr=7.647e-06
[train] step=2583 loss=0.180361 lr=7.645e-06
[train] step=2584 loss=0.176540 lr=7.643e-06
[train] step=2585 loss=0.224537 lr=7.642e-06
[train] step=2586 loss=0.168108 lr=7.640e-06
[train] step=2587 loss=0.263378 lr=7.638e-06
[train] step=2588 loss=0.174120 lr=7.637e-06
[train] step=2589 loss=0.186042 lr=7.635e-06
[train] step=2590 loss=0.172244 lr=7.633e-06
[train] step=2591 loss=0.247401 lr=7.632e-06
[train] step=2592 loss=0.122927 lr=7.630e-06
[train] step=2593 loss=0.251427 lr=7.628e-06
[train] step=2594 loss=0.213796 lr=7.627e-06
[train] step=2595 loss=0.208344 lr=7.625e-06
[train] step=2596 loss=0.143797 lr=7.623e-06
[train] step=2597 loss=0.420993 lr=7.622e-06
[train] step=2598 loss=0.188823 lr=7.620e-06
[train] step=2599 loss=0.145157 lr=7.618e-06
[train] step=2600 loss=0.208043 lr=7.617e-06
[train] step=2601 loss=0.189119 lr=7.615e-06
[train] step=2602 loss=0.176241 lr=7.613e-06
[train] step=2603 loss=0.113913 lr=7.612e-06
[train] step=2604 loss=0.261875 lr=7.610e-06
[train] step=2605 loss=0.126906 lr=7.608e-06
[train] step=2606 loss=0.163423 lr=7.607e-06
[train] step=2607 loss=0.283053 lr=7.605e-06
[train] step=2608 loss=0.225317 lr=7.603e-06
[train] step=2609 loss=0.171921 lr=7.601e-06
[train] step=2610 loss=0.171878 lr=7.600e-06
[train] step=2611 loss=0.200695 lr=7.598e-06
[train] step=2612 loss=0.182632 lr=7.596e-06
[train] step=2613 loss=0.164515 lr=7.595e-06
[train] step=2614 loss=0.159017 lr=7.593e-06
[train] step=2615 loss=0.197792 lr=7.591e-06
[train] step=2616 loss=0.338650 lr=7.590e-06
[train] step=2617 loss=0.136868 lr=7.588e-06
[train] step=2618 loss=0.288374 lr=7.586e-06
[train] step=2619 loss=0.102645 lr=7.585e-06
[train] step=2620 loss=0.174364 lr=7.583e-06
[train] step=2621 loss=0.149431 lr=7.581e-06
[train] step=2622 loss=0.210986 lr=7.580e-06
[train] step=2623 loss=0.171429 lr=7.578e-06
[train] step=2624 loss=0.292838 lr=7.576e-06
[train] step=2625 loss=0.234474 lr=7.575e-06
[train] step=2626 loss=0.181871 lr=7.573e-06
[train] step=2627 loss=0.282826 lr=7.571e-06
[train] step=2628 loss=0.159223 lr=7.570e-06
[train] step=2629 loss=0.146697 lr=7.568e-06
[train] step=2630 loss=0.151602 lr=7.566e-06
[train] step=2631 loss=0.143731 lr=7.565e-06
[train] step=2632 loss=0.210610 lr=7.563e-06
[train] step=2633 loss=0.270196 lr=7.561e-06
[train] step=2634 loss=0.224867 lr=7.559e-06
[train] step=2635 loss=0.181077 lr=7.558e-06
[train] step=2636 loss=0.135602 lr=7.556e-06
[train] step=2637 loss=0.139442 lr=7.554e-06
[train] step=2638 loss=0.228047 lr=7.553e-06
[train] step=2639 loss=0.220057 lr=7.551e-06
[train] step=2640 loss=0.164580 lr=7.549e-06
INFO     [rank 0] Model weights for step 2640 saved in       dit_trainer.py:1288
         checkpoints/model_weights_step_02640.safetensors                       
INFO     [rank 0] Scalar embedding weights for step 2640     dit_trainer.py:1297
         saved                                                                  
INFO     [rank 0] Training state saved:                      dit_trainer.py:1416
         checkpoints/model_weights_step_02640.state.pt                          
DEBUG    [rank 0] Removed old checkpoint:                    dit_trainer.py:1429
         /hppfs/scratch/0D/go76fuz2/windinet/outputs/shockwa                    
         ve_dit_ch6_unfinetuned/checkpoints/model_weights_st                    
         ep_02400.safetensors                                                   
DEBUG    [rank 0] Removed old checkpoint:                    dit_trainer.py:1429
         /hppfs/scratch/0D/go76fuz2/windinet/outputs/shockwa                    
         ve_dit_ch6_unfinetuned/checkpoints/scalar_embedding                    
         _step_02400.safetensors                                                
DEBUG    [rank 0] Removed optimizer state for older kept     dit_trainer.py:1444
         checkpoint:                                                            
         /hppfs/scratch/0D/go76fuz2/windinet/outputs/shockwa                    
         ve_dit_ch6_unfinetuned/checkpoints/model_weights_st                    
         ep_02520.state.pt                                                      
[epoch 22] step=2640 train_loss=0.190489
[train] step=2641 loss=0.171154 lr=7.548e-06
[train] step=2642 loss=0.169192 lr=7.546e-06
[train] step=2643 loss=0.224468 lr=7.544e-06
[train] step=2644 loss=0.215385 lr=7.543e-06
[train] step=2645 loss=0.190215 lr=7.541e-06
[train] step=2646 loss=0.205829 lr=7.539e-06
[train] step=2647 loss=0.190879 lr=7.538e-06
[train] step=2648 loss=0.167855 lr=7.536e-06
[train] step=2649 loss=0.197420 lr=7.534e-06
[train] step=2650 loss=0.212529 lr=7.532e-06
[train] step=2651 loss=0.173190 lr=7.531e-06
[train] step=2652 loss=0.194719 lr=7.529e-06
[train] step=2653 loss=0.211536 lr=7.527e-06
[train] step=2654 loss=0.181369 lr=7.526e-06
[train] step=2655 loss=0.180349 lr=7.524e-06
[train] step=2656 loss=0.212350 lr=7.522e-06
[train] step=2657 loss=0.197289 lr=7.521e-06
[train] step=2658 loss=0.188583 lr=7.519e-06
[train] step=2659 loss=0.133538 lr=7.517e-06
[train] step=2660 loss=0.156010 lr=7.516e-06
[train] step=2661 loss=0.241236 lr=7.514e-06
[train] step=2662 loss=0.126853 lr=7.512e-06
[train] step=2663 loss=0.175457 lr=7.510e-06
[train] step=2664 loss=0.220366 lr=7.509e-06
[train] step=2665 loss=0.217818 lr=7.507e-06
[train] step=2666 loss=0.305238 lr=7.505e-06
[train] step=2667 loss=0.187010 lr=7.504e-06
[train] step=2668 loss=0.261540 lr=7.502e-06
[train] step=2669 loss=0.225941 lr=7.500e-06
[train] step=2670 loss=0.141549 lr=7.499e-06
[train] step=2671 loss=0.453314 lr=7.497e-06
[train] step=2672 loss=0.167966 lr=7.495e-06
[train] step=2673 loss=0.174882 lr=7.493e-06
[train] step=2674 loss=0.144064 lr=7.492e-06
[train] step=2675 loss=0.131609 lr=7.490e-06
[train] step=2676 loss=0.170993 lr=7.488e-06
[train] step=2677 loss=0.244377 lr=7.487e-06
[train] step=2678 loss=0.198956 lr=7.485e-06
[train] step=2679 loss=0.178374 lr=7.483e-06
[train] step=2680 loss=0.227632 lr=7.482e-06
[train] step=2681 loss=0.119640 lr=7.480e-06
[train] step=2682 loss=0.148474 lr=7.478e-06
[train] step=2683 loss=0.190849 lr=7.476e-06
[train] step=2684 loss=0.123643 lr=7.475e-06
[train] step=2685 loss=0.190020 lr=7.473e-06
[train] step=2686 loss=0.247840 lr=7.471e-06
[train] step=2687 loss=0.217074 lr=7.470e-06
[train] step=2688 loss=0.270776 lr=7.468e-06
[train] step=2689 loss=0.166426 lr=7.466e-06
[train] step=2690 loss=0.207536 lr=7.464e-06
[train] step=2691 loss=0.234371 lr=7.463e-06
[train] step=2692 loss=0.126188 lr=7.461e-06
[train] step=2693 loss=0.181692 lr=7.459e-06
[train] step=2694 loss=0.256677 lr=7.458e-06
[train] step=2695 loss=0.174701 lr=7.456e-06
[train] step=2696 loss=0.251738 lr=7.454e-06
[train] step=2697 loss=0.179906 lr=7.453e-06
[train] step=2698 loss=0.166683 lr=7.451e-06
[train] step=2699 loss=0.206452 lr=7.449e-06
[train] step=2700 loss=0.157401 lr=7.447e-06
[train] step=2701 loss=0.161261 lr=7.446e-06
[train] step=2702 loss=0.174187 lr=7.444e-06
[train] step=2703 loss=0.177707 lr=7.442e-06
[train] step=2704 loss=0.112294 lr=7.441e-06
[train] step=2705 loss=0.150975 lr=7.439e-06
[train] step=2706 loss=0.131068 lr=7.437e-06
[train] step=2707 loss=0.219032 lr=7.435e-06
[train] step=2708 loss=0.144753 lr=7.434e-06
[train] step=2709 loss=0.214358 lr=7.432e-06
[train] step=2710 loss=0.131777 lr=7.430e-06
[train] step=2711 loss=0.173465 lr=7.429e-06
[train] step=2712 loss=0.183281 lr=7.427e-06
[train] step=2713 loss=0.149944 lr=7.425e-06
[train] step=2714 loss=0.103147 lr=7.423e-06
[train] step=2715 loss=0.228485 lr=7.422e-06
[train] step=2716 loss=0.200750 lr=7.420e-06
[train] step=2717 loss=0.220119 lr=7.418e-06
[train] step=2718 loss=0.193800 lr=7.417e-06
[train] step=2719 loss=0.154586 lr=7.415e-06
[train] step=2720 loss=0.184790 lr=7.413e-06
[train] step=2721 loss=0.136262 lr=7.411e-06
[train] step=2722 loss=0.166928 lr=7.410e-06
[train] step=2723 loss=0.251460 lr=7.408e-06
[train] step=2724 loss=0.123692 lr=7.406e-06
[train] step=2725 loss=0.147700 lr=7.404e-06
[train] step=2726 loss=0.189525 lr=7.403e-06
[train] step=2727 loss=0.191904 lr=7.401e-06
[train] step=2728 loss=0.146385 lr=7.399e-06
[train] step=2729 loss=0.162023 lr=7.398e-06
[train] step=2730 loss=0.138495 lr=7.396e-06
[train] step=2731 loss=0.160360 lr=7.394e-06
[train] step=2732 loss=0.205178 lr=7.392e-06
[train] step=2733 loss=0.197266 lr=7.391e-06
[train] step=2734 loss=0.314559 lr=7.389e-06
[train] step=2735 loss=0.197249 lr=7.387e-06
[train] step=2736 loss=0.146963 lr=7.386e-06
[train] step=2737 loss=0.577341 lr=7.384e-06
[train] step=2738 loss=0.156399 lr=7.382e-06
[train] step=2739 loss=0.209087 lr=7.380e-06
[train] step=2740 loss=0.202452 lr=7.379e-06
[train] step=2741 loss=0.174137 lr=7.377e-06
[train] step=2742 loss=0.216457 lr=7.375e-06
[train] step=2743 loss=0.206142 lr=7.373e-06
[train] step=2744 loss=0.222631 lr=7.372e-06
[train] step=2745 loss=0.251144 lr=7.370e-06
[train] step=2746 loss=0.241171 lr=7.368e-06
[train] step=2747 loss=0.171760 lr=7.367e-06
[train] step=2748 loss=0.167618 lr=7.365e-06
[train] step=2749 loss=0.116966 lr=7.363e-06
[train] step=2750 loss=0.160653 lr=7.361e-06
[train] step=2751 loss=0.142407 lr=7.360e-06
[train] step=2752 loss=0.206403 lr=7.358e-06
[train] step=2753 loss=0.235657 lr=7.356e-06
[train] step=2754 loss=0.199258 lr=7.354e-06
[train] step=2755 loss=0.190824 lr=7.353e-06
[train] step=2756 loss=0.183146 lr=7.351e-06
[train] step=2757 loss=0.467047 lr=7.349e-06
[train] step=2758 loss=0.206272 lr=7.348e-06
[train] step=2759 loss=0.185527 lr=7.346e-06
[train] step=2760 loss=0.225502 lr=7.344e-06
INFO     [rank 0] Model weights for step 2760 saved in       dit_trainer.py:1288
         checkpoints/model_weights_step_02760.safetensors                       
INFO     [rank 0] Scalar embedding weights for step 2760     dit_trainer.py:1297
         saved                                                                  
INFO     [rank 0] Training state saved:                      dit_trainer.py:1416
         checkpoints/model_weights_step_02760.state.pt                          
DEBUG    [rank 0] Removed old checkpoint:                    dit_trainer.py:1429
         /hppfs/scratch/0D/go76fuz2/windinet/outputs/shockwa                    
         ve_dit_ch6_unfinetuned/checkpoints/model_weights_st                    
         ep_02520.safetensors                                                   
DEBUG    [rank 0] Removed old checkpoint:                    dit_trainer.py:1429
         /hppfs/scratch/0D/go76fuz2/windinet/outputs/shockwa                    
         ve_dit_ch6_unfinetuned/checkpoints/scalar_embedding                    
         _step_02520.safetensors                                                
DEBUG    [rank 0] Removed optimizer state for older kept     dit_trainer.py:1444
         checkpoint:                                                            
         /hppfs/scratch/0D/go76fuz2/windinet/outputs/shockwa                    
         ve_dit_ch6_unfinetuned/checkpoints/model_weights_st                    
         ep_02640.state.pt                                                      
[epoch 23] step=2760 train_loss=0.194399
[train] step=2761 loss=0.211444 lr=7.342e-06
[train] step=2762 loss=0.169801 lr=7.341e-06
[train] step=2763 loss=0.276871 lr=7.339e-06
[train] step=2764 loss=0.152930 lr=7.337e-06
[train] step=2765 loss=0.234322 lr=7.335e-06
[train] step=2766 loss=0.145466 lr=7.334e-06
[train] step=2767 loss=0.210316 lr=7.332e-06
[train] step=2768 loss=0.193947 lr=7.330e-06
[train] step=2769 loss=0.133580 lr=7.328e-06
[train] step=2770 loss=0.178264 lr=7.327e-06
[train] step=2771 loss=0.194665 lr=7.325e-06
[train] step=2772 loss=0.153399 lr=7.323e-06
[train] step=2773 loss=0.213834 lr=7.321e-06
[train] step=2774 loss=0.199025 lr=7.320e-06
[train] step=2775 loss=0.277048 lr=7.318e-06
[train] step=2776 loss=0.129367 lr=7.316e-06
[train] step=2777 loss=0.252877 lr=7.315e-06
[train] step=2778 loss=0.271436 lr=7.313e-06
[train] step=2779 loss=0.161408 lr=7.311e-06
[train] step=2780 loss=0.208576 lr=7.309e-06
[train] step=2781 loss=0.268113 lr=7.308e-06
[train] step=2782 loss=0.245019 lr=7.306e-06
[train] step=2783 loss=0.185485 lr=7.304e-06
[train] step=2784 loss=0.152430 lr=7.302e-06
[train] step=2785 loss=0.145492 lr=7.301e-06
[train] step=2786 loss=0.220875 lr=7.299e-06
[train] step=2787 loss=0.153462 lr=7.297e-06
[train] step=2788 loss=0.216169 lr=7.295e-06
[train] step=2789 loss=0.232576 lr=7.294e-06
[train] step=2790 loss=0.122736 lr=7.292e-06
[train] step=2791 loss=0.191127 lr=7.290e-06
[train] step=2792 loss=0.115666 lr=7.288e-06
[train] step=2793 loss=0.189668 lr=7.287e-06
[train] step=2794 loss=0.151655 lr=7.285e-06
[train] step=2795 loss=0.151875 lr=7.283e-06
[train] step=2796 loss=0.202257 lr=7.281e-06
[train] step=2797 loss=0.207989 lr=7.280e-06
[train] step=2798 loss=0.171848 lr=7.278e-06
[train] step=2799 loss=0.266916 lr=7.276e-06
[train] step=2800 loss=0.170380 lr=7.274e-06
[train] step=2801 loss=0.245793 lr=7.273e-06
[train] step=2802 loss=0.347155 lr=7.271e-06
[train] step=2803 loss=0.202161 lr=7.269e-06
[train] step=2804 loss=0.184033 lr=7.267e-06
[train] step=2805 loss=0.176385 lr=7.266e-06
[train] step=2806 loss=0.131023 lr=7.264e-06
[train] step=2807 loss=0.176663 lr=7.262e-06
[train] step=2808 loss=0.181735 lr=7.260e-06
[train] step=2809 loss=0.222002 lr=7.259e-06
[train] step=2810 loss=0.126802 lr=7.257e-06
[train] step=2811 loss=0.127017 lr=7.255e-06
[train] step=2812 loss=0.141237 lr=7.253e-06
[train] step=2813 loss=0.205270 lr=7.252e-06
[train] step=2814 loss=0.206163 lr=7.250e-06
[train] step=2815 loss=0.187142 lr=7.248e-06
[train] step=2816 loss=0.191078 lr=7.246e-06
[train] step=2817 loss=0.186900 lr=7.245e-06
[train] step=2818 loss=0.192852 lr=7.243e-06
[train] step=2819 loss=0.159036 lr=7.241e-06
[train] step=2820 loss=0.155187 lr=7.239e-06
[train] step=2821 loss=0.202738 lr=7.238e-06
[train] step=2822 loss=0.253962 lr=7.236e-06
[train] step=2823 loss=0.173373 lr=7.234e-06
[train] step=2824 loss=0.229261 lr=7.232e-06
[train] step=2825 loss=0.150811 lr=7.231e-06
[train] step=2826 loss=0.216586 lr=7.229e-06
[train] step=2827 loss=0.096648 lr=7.227e-06
[train] step=2828 loss=0.205186 lr=7.225e-06
[train] step=2829 loss=0.143825 lr=7.224e-06
[train] step=2830 loss=0.165884 lr=7.222e-06
[train] step=2831 loss=0.209843 lr=7.220e-06
[train] step=2832 loss=0.173159 lr=7.218e-06
[train] step=2833 loss=0.199496 lr=7.217e-06
[train] step=2834 loss=0.206165 lr=7.215e-06
[train] step=2835 loss=0.183152 lr=7.213e-06
[train] step=2836 loss=0.141225 lr=7.211e-06
[train] step=2837 loss=0.168933 lr=7.210e-06
[train] step=2838 loss=0.191009 lr=7.208e-06
[train] step=2839 loss=0.292937 lr=7.206e-06
[train] step=2840 loss=0.196834 lr=7.204e-06
[train] step=2841 loss=0.181508 lr=7.202e-06
[train] step=2842 loss=0.161414 lr=7.201e-06
[train] step=2843 loss=0.208856 lr=7.199e-06
[train] step=2844 loss=0.217458 lr=7.197e-06
[train] step=2845 loss=0.237630 lr=7.195e-06
[train] step=2846 loss=0.156023 lr=7.194e-06
[train] step=2847 loss=0.259016 lr=7.192e-06
[train] step=2848 loss=0.169517 lr=7.190e-06
[train] step=2849 loss=0.163030 lr=7.188e-06
[train] step=2850 loss=0.163334 lr=7.187e-06
[train] step=2851 loss=0.255737 lr=7.185e-06
[train] step=2852 loss=0.204121 lr=7.183e-06
[train] step=2853 loss=0.176070 lr=7.181e-06
[train] step=2854 loss=0.213645 lr=7.180e-06
[train] step=2855 loss=0.103733 lr=7.178e-06
[train] step=2856 loss=0.271640 lr=7.176e-06
[train] step=2857 loss=0.136168 lr=7.174e-06
[train] step=2858 loss=0.104282 lr=7.173e-06
[train] step=2859 loss=0.151149 lr=7.171e-06
[train] step=2860 loss=0.286261 lr=7.169e-06
[train] step=2861 loss=0.176748 lr=7.167e-06
[train] step=2862 loss=0.239264 lr=7.165e-06
[train] step=2863 loss=0.182138 lr=7.164e-06
[train] step=2864 loss=0.187978 lr=7.162e-06
[train] step=2865 loss=0.116047 lr=7.160e-06
[train] step=2866 loss=0.109882 lr=7.158e-06
[train] step=2867 loss=0.139697 lr=7.157e-06
[train] step=2868 loss=0.157789 lr=7.155e-06
[train] step=2869 loss=0.171310 lr=7.153e-06
[train] step=2870 loss=0.273657 lr=7.151e-06
[train] step=2871 loss=0.148731 lr=7.149e-06
[train] step=2872 loss=0.300584 lr=7.148e-06
[train] step=2873 loss=0.212541 lr=7.146e-06
[train] step=2874 loss=0.146436 lr=7.144e-06
[train] step=2875 loss=0.125392 lr=7.142e-06
[train] step=2876 loss=0.154107 lr=7.141e-06
[train] step=2877 loss=0.162150 lr=7.139e-06
[train] step=2878 loss=0.221306 lr=7.137e-06
[train] step=2879 loss=0.149450 lr=7.135e-06
[train] step=2880 loss=0.167954 lr=7.134e-06
INFO     [rank 0] Model weights for step 2880 saved in       dit_trainer.py:1288
         checkpoints/model_weights_step_02880.safetensors                       
INFO     [rank 0] Scalar embedding weights for step 2880     dit_trainer.py:1297
         saved                                                                  
INFO     [rank 0] Training state saved:                      dit_trainer.py:1416
         checkpoints/model_weights_step_02880.state.pt                          
DEBUG    [rank 0] Removed old checkpoint:                    dit_trainer.py:1429
         /hppfs/scratch/0D/go76fuz2/windinet/outputs/shockwa                    
         ve_dit_ch6_unfinetuned/checkpoints/model_weights_st                    
         ep_02640.safetensors                                                   
DEBUG    [rank 0] Removed old checkpoint:                    dit_trainer.py:1429
         /hppfs/scratch/0D/go76fuz2/windinet/outputs/shockwa                    
         ve_dit_ch6_unfinetuned/checkpoints/scalar_embedding                    
         _step_02640.safetensors                                                
DEBUG    [rank 0] Removed optimizer state for older kept     dit_trainer.py:1444
         checkpoint:                                                            
         /hppfs/scratch/0D/go76fuz2/windinet/outputs/shockwa                    
         ve_dit_ch6_unfinetuned/checkpoints/model_weights_st                    
         ep_02760.state.pt                                                      
[epoch 24] step=2880 train_loss=0.189152
[train] step=2881 loss=0.206317 lr=7.132e-06
[train] step=2882 loss=0.160082 lr=7.130e-06
[train] step=2883 loss=0.180769 lr=7.128e-06
[train] step=2884 loss=0.171527 lr=7.126e-06
[train] step=2885 loss=0.218977 lr=7.125e-06
[train] step=2886 loss=0.214132 lr=7.123e-06
[train] step=2887 loss=0.119455 lr=7.121e-06
[train] step=2888 loss=0.174721 lr=7.119e-06
[train] step=2889 loss=0.109393 lr=7.118e-06
[train] step=2890 loss=0.310157 lr=7.116e-06
[train] step=2891 loss=0.195858 lr=7.114e-06
[train] step=2892 loss=0.264063 lr=7.112e-06
[train] step=2893 loss=0.152643 lr=7.110e-06
[train] step=2894 loss=0.214526 lr=7.109e-06
[train] step=2895 loss=0.134607 lr=7.107e-06
[train] step=2896 loss=0.283522 lr=7.105e-06
[train] step=2897 loss=0.208720 lr=7.103e-06
[train] step=2898 loss=0.217917 lr=7.102e-06
[train] step=2899 loss=0.202911 lr=7.100e-06
[train] step=2900 loss=0.115280 lr=7.098e-06
[train] step=2901 loss=0.161764 lr=7.096e-06
[train] step=2902 loss=0.233943 lr=7.094e-06
[train] step=2903 loss=0.172929 lr=7.093e-06
[train] step=2904 loss=0.144133 lr=7.091e-06
[train] step=2905 loss=0.347840 lr=7.089e-06
[train] step=2906 loss=0.148888 lr=7.087e-06
[train] step=2907 loss=0.224387 lr=7.086e-06
[train] step=2908 loss=0.145908 lr=7.084e-06
[train] step=2909 loss=0.145528 lr=7.082e-06
[train] step=2910 loss=0.225521 lr=7.080e-06
[train] step=2911 loss=0.220795 lr=7.078e-06
[train] step=2912 loss=0.169099 lr=7.077e-06
[train] step=2913 loss=0.199500 lr=7.075e-06
[train] step=2914 loss=0.203112 lr=7.073e-06
[train] step=2915 loss=0.195388 lr=7.071e-06
[train] step=2916 loss=0.207190 lr=7.069e-06
[train] step=2917 loss=0.176672 lr=7.068e-06
[train] step=2918 loss=0.122080 lr=7.066e-06
[train] step=2919 loss=0.200797 lr=7.064e-06
[train] step=2920 loss=0.202757 lr=7.062e-06
[train] step=2921 loss=0.262206 lr=7.061e-06
[train] step=2922 loss=0.105685 lr=7.059e-06
[train] step=2923 loss=0.169820 lr=7.057e-06
[train] step=2924 loss=0.185866 lr=7.055e-06
[train] step=2925 loss=0.177596 lr=7.053e-06
[train] step=2926 loss=0.271929 lr=7.052e-06
[train] step=2927 loss=0.120181 lr=7.050e-06
[train] step=2928 loss=0.187664 lr=7.048e-06
[train] step=2929 loss=0.146667 lr=7.046e-06
[train] step=2930 loss=0.172811 lr=7.044e-06
[train] step=2931 loss=0.157751 lr=7.043e-06
[train] step=2932 loss=0.148484 lr=7.041e-06
[train] step=2933 loss=0.189720 lr=7.039e-06
[train] step=2934 loss=0.246249 lr=7.037e-06
[train] step=2935 loss=0.138332 lr=7.035e-06
[train] step=2936 loss=0.172471 lr=7.034e-06
[train] step=2937 loss=0.152565 lr=7.032e-06
[train] step=2938 loss=0.140364 lr=7.030e-06
[train] step=2939 loss=0.222393 lr=7.028e-06
[train] step=2940 loss=0.108765 lr=7.026e-06
[train] step=2941 loss=0.244207 lr=7.025e-06
[train] step=2942 loss=0.235817 lr=7.023e-06
[train] step=2943 loss=0.131175 lr=7.021e-06
[train] step=2944 loss=0.216938 lr=7.019e-06
[train] step=2945 loss=0.221439 lr=7.018e-06
[train] step=2946 loss=0.155663 lr=7.016e-06
[train] step=2947 loss=0.110094 lr=7.014e-06
[train] step=2948 loss=0.142663 lr=7.012e-06
[train] step=2949 loss=0.222002 lr=7.010e-06
[train] step=2950 loss=0.224328 lr=7.009e-06
[train] step=2951 loss=0.187015 lr=7.007e-06
[train] step=2952 loss=0.178124 lr=7.005e-06
[train] step=2953 loss=0.215880 lr=7.003e-06
[train] step=2954 loss=0.112795 lr=7.001e-06
[train] step=2955 loss=0.151357 lr=7.000e-06
[train] step=2956 loss=0.147099 lr=6.998e-06
[train] step=2957 loss=0.223242 lr=6.996e-06
[train] step=2958 loss=0.221795 lr=6.994e-06
[train] step=2959 loss=0.162817 lr=6.992e-06
[train] step=2960 loss=0.167118 lr=6.991e-06
[train] step=2961 loss=0.138281 lr=6.989e-06
[train] step=2962 loss=0.183472 lr=6.987e-06
[train] step=2963 loss=0.195103 lr=6.985e-06
[train] step=2964 loss=0.215255 lr=6.983e-06
[train] step=2965 loss=0.198599 lr=6.982e-06
[train] step=2966 loss=0.199323 lr=6.980e-06
[train] step=2967 loss=0.166626 lr=6.978e-06
[train] step=2968 loss=0.134171 lr=6.976e-06
[train] step=2969 loss=0.112774 lr=6.974e-06
[train] step=2970 loss=0.419166 lr=6.973e-06
[train] step=2971 loss=0.185331 lr=6.971e-06
[train] step=2972 loss=0.181572 lr=6.969e-06
[train] step=2973 loss=0.133147 lr=6.967e-06
[train] step=2974 loss=0.229111 lr=6.965e-06
[train] step=2975 loss=0.178155 lr=6.964e-06
[train] step=2976 loss=0.151691 lr=6.962e-06
[train] step=2977 loss=0.239220 lr=6.960e-06
[train] step=2978 loss=0.168891 lr=6.958e-06
[train] step=2979 loss=0.260313 lr=6.956e-06
[train] step=2980 loss=0.186394 lr=6.954e-06
[train] step=2981 loss=0.399210 lr=6.953e-06
[train] step=2982 loss=0.261078 lr=6.951e-06
[train] step=2983 loss=0.185939 lr=6.949e-06
[train] step=2984 loss=0.184290 lr=6.947e-06
[train] step=2985 loss=0.233165 lr=6.945e-06
[train] step=2986 loss=0.158219 lr=6.944e-06
[train] step=2987 loss=0.194975 lr=6.942e-06
[train] step=2988 loss=0.429300 lr=6.940e-06
[train] step=2989 loss=0.189198 lr=6.938e-06
[train] step=2990 loss=0.233533 lr=6.936e-06
[train] step=2991 loss=0.129899 lr=6.935e-06
[train] step=2992 loss=0.114745 lr=6.933e-06
[train] step=2993 loss=0.191749 lr=6.931e-06
[train] step=2994 loss=0.174038 lr=6.929e-06
[train] step=2995 loss=0.271955 lr=6.927e-06
[train] step=2996 loss=0.177369 lr=6.926e-06
[train] step=2997 loss=0.182853 lr=6.924e-06
[train] step=2998 loss=0.177341 lr=6.922e-06
[train] step=2999 loss=0.193085 lr=6.920e-06
[train] step=3000 loss=0.139346 lr=6.918e-06
[val] step=3000 val_loss=0.186965
INFO     [rank 0] Model weights for step 3000 saved in       dit_trainer.py:1288
         checkpoints/model_weights_step_03000.safetensors                       
INFO     [rank 0] Scalar embedding weights for step 3000     dit_trainer.py:1297
         saved                                                                  
INFO     [rank 0] Training state saved:                      dit_trainer.py:1416
         checkpoints/model_weights_step_03000.state.pt                          
INFO     [rank 0] New best checkpoint (step 3000,            dit_trainer.py:1320
         val_loss=0.186965):                                                    
         checkpoints/model_weights_best.safetensors                             
DEBUG    [rank 0] Removed old checkpoint:                    dit_trainer.py:1429
         /hppfs/scratch/0D/go76fuz2/windinet/outputs/shockwa                    
         ve_dit_ch6_unfinetuned/checkpoints/model_weights_st                    
         ep_02760.safetensors                                                   
DEBUG    [rank 0] Removed old checkpoint:                    dit_trainer.py:1429
         /hppfs/scratch/0D/go76fuz2/windinet/outputs/shockwa                    
         ve_dit_ch6_unfinetuned/checkpoints/scalar_embedding                    
         _step_02760.safetensors                                                
DEBUG    [rank 0] Removed optimizer state for older kept     dit_trainer.py:1444
         checkpoint:                                                            
         /hppfs/scratch/0D/go76fuz2/windinet/outputs/shockwa                    
         ve_dit_ch6_unfinetuned/checkpoints/model_weights_st                    
         ep_02880.state.pt                                                      
[epoch 25] step=3000 train_loss=0.191495 val_loss=0.186965
[train] step=3001 loss=0.254833 lr=6.917e-06
[train] step=3002 loss=0.192938 lr=6.915e-06
[train] step=3003 loss=0.221375 lr=6.913e-06
[train] step=3004 loss=0.216541 lr=6.911e-06
[train] step=3005 loss=0.154400 lr=6.909e-06
[train] step=3006 loss=0.165420 lr=6.907e-06
[train] step=3007 loss=0.215191 lr=6.906e-06
[train] step=3008 loss=0.313007 lr=6.904e-06
[train] step=3009 loss=0.122958 lr=6.902e-06
[train] step=3010 loss=0.189316 lr=6.900e-06
[train] step=3011 loss=0.158038 lr=6.898e-06
[train] step=3012 loss=0.104843 lr=6.897e-06
[train] step=3013 loss=0.220470 lr=6.895e-06
[train] step=3014 loss=0.247585 lr=6.893e-06
[train] step=3015 loss=0.170734 lr=6.891e-06
[train] step=3016 loss=0.214347 lr=6.889e-06
[train] step=3017 loss=0.219161 lr=6.887e-06
[train] step=3018 loss=0.218189 lr=6.886e-06
[train] step=3019 loss=0.185655 lr=6.884e-06
[train] step=3020 loss=0.161813 lr=6.882e-06
[train] step=3021 loss=0.147029 lr=6.880e-06
[train] step=3022 loss=0.177127 lr=6.878e-06
[train] step=3023 loss=0.140123 lr=6.877e-06
[train] step=3024 loss=0.231434 lr=6.875e-06
[train] step=3025 loss=0.148857 lr=6.873e-06
[train] step=3026 loss=0.148180 lr=6.871e-06
[train] step=3027 loss=0.170361 lr=6.869e-06
[train] step=3028 loss=0.081605 lr=6.867e-06
[train] step=3029 loss=0.191470 lr=6.866e-06
[train] step=3030 loss=0.165405 lr=6.864e-06
[train] step=3031 loss=0.181966 lr=6.862e-06
[train] step=3032 loss=0.155964 lr=6.860e-06
[train] step=3033 loss=0.147016 lr=6.858e-06
[train] step=3034 loss=0.220489 lr=6.857e-06
[train] step=3035 loss=0.160956 lr=6.855e-06
[train] step=3036 loss=0.153821 lr=6.853e-06
[train] step=3037 loss=0.171319 lr=6.851e-06
[train] step=3038 loss=0.211509 lr=6.849e-06
[train] step=3039 loss=0.236581 lr=6.847e-06
[train] step=3040 loss=0.147403 lr=6.846e-06
[train] step=3041 loss=0.139353 lr=6.844e-06
[train] step=3042 loss=0.248724 lr=6.842e-06
[train] step=3043 loss=0.252328 lr=6.840e-06
[train] step=3044 loss=0.164060 lr=6.838e-06
[train] step=3045 loss=0.160052 lr=6.836e-06
[train] step=3046 loss=0.130907 lr=6.835e-06
[train] step=3047 loss=0.152541 lr=6.833e-06
[train] step=3048 loss=0.168962 lr=6.831e-06
[train] step=3049 loss=0.231904 lr=6.829e-06
[train] step=3050 loss=0.174030 lr=6.827e-06
[train] step=3051 loss=0.136366 lr=6.826e-06
[train] step=3052 loss=0.466606 lr=6.824e-06
[train] step=3053 loss=0.219564 lr=6.822e-06
[train] step=3054 loss=0.134922 lr=6.820e-06
[train] step=3055 loss=0.175370 lr=6.818e-06
[train] step=3056 loss=0.225369 lr=6.816e-06
[train] step=3057 loss=0.148949 lr=6.815e-06
[train] step=3058 loss=0.166926 lr=6.813e-06
[train] step=3059 loss=0.132500 lr=6.811e-06
[train] step=3060 loss=0.133150 lr=6.809e-06
[train] step=3061 loss=0.199850 lr=6.807e-06
[train] step=3062 loss=0.177653 lr=6.805e-06
[train] step=3063 loss=0.166843 lr=6.804e-06
[train] step=3064 loss=0.127750 lr=6.802e-06
[train] step=3065 loss=0.229620 lr=6.800e-06
[train] step=3066 loss=0.158815 lr=6.798e-06
[train] step=3067 loss=0.085856 lr=6.796e-06
[train] step=3068 loss=0.131996 lr=6.794e-06
[train] step=3069 loss=0.195471 lr=6.793e-06
[train] step=3070 loss=0.185976 lr=6.791e-06
[train] step=3071 loss=0.129350 lr=6.789e-06
[train] step=3072 loss=0.180959 lr=6.787e-06
[train] step=3073 loss=0.218406 lr=6.785e-06
[train] step=3074 loss=0.234277 lr=6.783e-06
[train] step=3075 loss=0.134948 lr=6.782e-06
[train] step=3076 loss=0.183394 lr=6.780e-06
[train] step=3077 loss=0.143546 lr=6.778e-06
[train] step=3078 loss=0.272110 lr=6.776e-06
[train] step=3079 loss=0.216324 lr=6.774e-06
[train] step=3080 loss=0.268398 lr=6.772e-06
[train] step=3081 loss=0.135679 lr=6.771e-06
[train] step=3082 loss=0.138810 lr=6.769e-06
[train] step=3083 loss=0.277807 lr=6.767e-06
[train] step=3084 loss=0.260301 lr=6.765e-06
[train] step=3085 loss=0.209283 lr=6.763e-06
[train] step=3086 loss=0.089439 lr=6.761e-06
[train] step=3087 loss=0.129559 lr=6.760e-06
[train] step=3088 loss=0.156711 lr=6.758e-06
[train] step=3089 loss=0.158829 lr=6.756e-06
[train] step=3090 loss=0.199899 lr=6.754e-06
[train] step=3091 loss=0.072158 lr=6.752e-06
[train] step=3092 loss=0.215584 lr=6.750e-06
[train] step=3093 loss=0.197531 lr=6.749e-06
[train] step=3094 loss=0.127307 lr=6.747e-06
[train] step=3095 loss=0.142187 lr=6.745e-06
[train] step=3096 loss=0.253312 lr=6.743e-06
[train] step=3097 loss=0.164501 lr=6.741e-06
[train] step=3098 loss=0.174377 lr=6.739e-06
[train] step=3099 loss=0.208005 lr=6.738e-06
[train] step=3100 loss=0.432398 lr=6.736e-06
[train] step=3101 loss=0.197725 lr=6.734e-06
[train] step=3102 loss=0.145266 lr=6.732e-06
[train] step=3103 loss=0.212103 lr=6.730e-06
[train] step=3104 loss=0.148824 lr=6.728e-06
[train] step=3105 loss=0.171425 lr=6.726e-06
[train] step=3106 loss=0.202909 lr=6.725e-06
[train] step=3107 loss=0.207353 lr=6.723e-06
[train] step=3108 loss=0.134764 lr=6.721e-06
[train] step=3109 loss=0.158276 lr=6.719e-06
[train] step=3110 loss=0.212321 lr=6.717e-06
[train] step=3111 loss=0.221943 lr=6.715e-06
[train] step=3112 loss=0.168663 lr=6.714e-06
[train] step=3113 loss=0.112182 lr=6.712e-06
[train] step=3114 loss=0.166703 lr=6.710e-06
[train] step=3115 loss=0.183717 lr=6.708e-06
[train] step=3116 loss=0.466062 lr=6.706e-06
[train] step=3117 loss=0.134725 lr=6.704e-06
[train] step=3118 loss=0.154212 lr=6.703e-06
[train] step=3119 loss=0.213625 lr=6.701e-06
[train] step=3120 loss=0.219465 lr=6.699e-06
INFO     [rank 0] Model weights for step 3120 saved in       dit_trainer.py:1288
         checkpoints/model_weights_step_03120.safetensors                       
INFO     [rank 0] Scalar embedding weights for step 3120     dit_trainer.py:1297
         saved                                                                  
INFO     [rank 0] Training state saved:                      dit_trainer.py:1416
         checkpoints/model_weights_step_03120.state.pt                          
DEBUG    [rank 0] Removed old checkpoint:                    dit_trainer.py:1429
         /hppfs/scratch/0D/go76fuz2/windinet/outputs/shockwa                    
         ve_dit_ch6_unfinetuned/checkpoints/model_weights_st                    
         ep_02880.safetensors                                                   
DEBUG    [rank 0] Removed old checkpoint:                    dit_trainer.py:1429
         /hppfs/scratch/0D/go76fuz2/windinet/outputs/shockwa                    
         ve_dit_ch6_unfinetuned/checkpoints/scalar_embedding                    
         _step_02880.safetensors                                                
DEBUG    [rank 0] Removed optimizer state for older kept     dit_trainer.py:1444
         checkpoint:                                                            
         /hppfs/scratch/0D/go76fuz2/windinet/outputs/shockwa                    
         ve_dit_ch6_unfinetuned/checkpoints/model_weights_st                    
         ep_03000.state.pt                                                      
[epoch 26] step=3120 train_loss=0.185295
[train] step=3121 loss=0.166508 lr=6.697e-06
[train] step=3122 loss=0.182669 lr=6.695e-06
[train] step=3123 loss=0.124478 lr=6.693e-06
[train] step=3124 loss=0.221595 lr=6.691e-06
[train] step=3125 loss=0.196112 lr=6.690e-06
[train] step=3126 loss=0.143310 lr=6.688e-06
[train] step=3127 loss=0.134946 lr=6.686e-06
[train] step=3128 loss=0.210105 lr=6.684e-06
[train] step=3129 loss=0.236081 lr=6.682e-06
[train] step=3130 loss=0.189971 lr=6.680e-06
[train] step=3131 loss=0.167570 lr=6.679e-06
[train] step=3132 loss=0.174595 lr=6.677e-06
[train] step=3133 loss=0.181916 lr=6.675e-06
[train] step=3134 loss=0.298293 lr=6.673e-06
[train] step=3135 loss=0.141757 lr=6.671e-06
[train] step=3136 loss=0.100586 lr=6.669e-06
[train] step=3137 loss=0.197977 lr=6.667e-06
[train] step=3138 loss=0.145636 lr=6.666e-06
[train] step=3139 loss=0.175587 lr=6.664e-06
[train] step=3140 loss=0.200096 lr=6.662e-06
[train] step=3141 loss=0.216400 lr=6.660e-06
[train] step=3142 loss=0.174579 lr=6.658e-06
[train] step=3143 loss=0.339946 lr=6.656e-06
[train] step=3144 loss=0.267721 lr=6.654e-06
[train] step=3145 loss=0.141841 lr=6.653e-06
[train] step=3146 loss=0.122778 lr=6.651e-06
[train] step=3147 loss=0.149820 lr=6.649e-06
[train] step=3148 loss=0.165616 lr=6.647e-06
[train] step=3149 loss=0.220942 lr=6.645e-06
[train] step=3150 loss=0.137339 lr=6.643e-06
[train] step=3151 loss=0.187515 lr=6.642e-06
[train] step=3152 loss=0.208810 lr=6.640e-06
[train] step=3153 loss=0.191522 lr=6.638e-06
[train] step=3154 loss=0.237060 lr=6.636e-06
[train] step=3155 loss=0.168314 lr=6.634e-06
[train] step=3156 loss=0.155499 lr=6.632e-06
[train] step=3157 loss=0.168665 lr=6.630e-06
[train] step=3158 loss=0.183318 lr=6.629e-06
[train] step=3159 loss=0.222887 lr=6.627e-06
[train] step=3160 loss=0.233676 lr=6.625e-06
[train] step=3161 loss=0.228246 lr=6.623e-06
[train] step=3162 loss=0.232898 lr=6.621e-06
[train] step=3163 loss=0.157338 lr=6.619e-06
[train] step=3164 loss=0.255898 lr=6.617e-06
[train] step=3165 loss=0.163852 lr=6.616e-06
[train] step=3166 loss=0.412889 lr=6.614e-06
[train] step=3167 loss=0.204518 lr=6.612e-06
[train] step=3168 loss=0.165581 lr=6.610e-06
[train] step=3169 loss=0.243707 lr=6.608e-06
[train] step=3170 loss=0.138474 lr=6.606e-06
[train] step=3171 loss=0.193219 lr=6.604e-06
[train] step=3172 loss=0.183942 lr=6.603e-06
[train] step=3173 loss=0.154378 lr=6.601e-06
[train] step=3174 loss=0.259441 lr=6.599e-06
[train] step=3175 loss=0.234879 lr=6.597e-06
[train] step=3176 loss=0.167874 lr=6.595e-06
[train] step=3177 loss=0.154082 lr=6.593e-06
[train] step=3178 loss=0.225127 lr=6.591e-06
[train] step=3179 loss=0.202437 lr=6.590e-06
[train] step=3180 loss=0.207253 lr=6.588e-06
[train] step=3181 loss=0.114936 lr=6.586e-06
[train] step=3182 loss=0.229185 lr=6.584e-06
[train] step=3183 loss=0.281927 lr=6.582e-06
[train] step=3184 loss=0.132670 lr=6.580e-06
[train] step=3185 loss=0.165952 lr=6.578e-06
[train] step=3186 loss=0.170881 lr=6.576e-06
[train] step=3187 loss=0.164928 lr=6.575e-06
[train] step=3188 loss=0.185062 lr=6.573e-06
[train] step=3189 loss=0.190281 lr=6.571e-06
[train] step=3190 loss=0.130223 lr=6.569e-06
[train] step=3191 loss=0.250285 lr=6.567e-06
[train] step=3192 loss=0.226143 lr=6.565e-06
[train] step=3193 loss=0.141128 lr=6.563e-06
[train] step=3194 loss=0.116318 lr=6.562e-06
[train] step=3195 loss=0.124551 lr=6.560e-06
[train] step=3196 loss=0.137385 lr=6.558e-06
[train] step=3197 loss=0.228809 lr=6.556e-06
[train] step=3198 loss=0.174868 lr=6.554e-06
[train] step=3199 loss=0.215742 lr=6.552e-06
[train] step=3200 loss=0.211832 lr=6.550e-06
[train] step=3201 loss=0.168270 lr=6.549e-06
[train] step=3202 loss=0.116978 lr=6.547e-06
[train] step=3203 loss=0.204934 lr=6.545e-06
[train] step=3204 loss=0.204967 lr=6.543e-06
[train] step=3205 loss=0.237108 lr=6.541e-06
[train] step=3206 loss=0.223408 lr=6.539e-06
[train] step=3207 loss=0.163060 lr=6.537e-06
[train] step=3208 loss=0.213864 lr=6.535e-06
[train] step=3209 loss=0.224974 lr=6.534e-06
[train] step=3210 loss=0.197012 lr=6.532e-06
[train] step=3211 loss=0.340562 lr=6.530e-06
[train] step=3212 loss=0.165690 lr=6.528e-06
[train] step=3213 loss=0.387017 lr=6.526e-06
[train] step=3214 loss=0.125015 lr=6.524e-06
[train] step=3215 loss=0.146121 lr=6.522e-06
[train] step=3216 loss=0.171475 lr=6.521e-06
[train] step=3217 loss=0.211879 lr=6.519e-06
[train] step=3218 loss=0.212845 lr=6.517e-06
[train] step=3219 loss=0.180435 lr=6.515e-06
[train] step=3220 loss=0.205766 lr=6.513e-06
[train] step=3221 loss=0.122805 lr=6.511e-06
[train] step=3222 loss=0.167001 lr=6.509e-06
[train] step=3223 loss=0.165961 lr=6.507e-06
[train] step=3224 loss=0.197290 lr=6.506e-06
[train] step=3225 loss=0.172581 lr=6.504e-06
[train] step=3226 loss=0.181583 lr=6.502e-06
[train] step=3227 loss=0.192309 lr=6.500e-06
[train] step=3228 loss=0.201461 lr=6.498e-06
[train] step=3229 loss=0.238172 lr=6.496e-06
[train] step=3230 loss=0.099867 lr=6.494e-06
[train] step=3231 loss=0.192660 lr=6.492e-06
[train] step=3232 loss=0.172814 lr=6.491e-06
[train] step=3233 loss=0.450110 lr=6.489e-06
[train] step=3234 loss=0.420632 lr=6.487e-06
[train] step=3235 loss=0.181821 lr=6.485e-06
[train] step=3236 loss=0.097428 lr=6.483e-06
[train] step=3237 loss=0.169305 lr=6.481e-06
[train] step=3238 loss=0.136843 lr=6.479e-06
[train] step=3239 loss=0.240281 lr=6.477e-06
[train] step=3240 loss=0.168249 lr=6.476e-06
INFO     [rank 0] Model weights for step 3240 saved in       dit_trainer.py:1288
         checkpoints/model_weights_step_03240.safetensors                       
INFO     [rank 0] Scalar embedding weights for step 3240     dit_trainer.py:1297
         saved                                                                  
INFO     [rank 0] Training state saved:                      dit_trainer.py:1416
         checkpoints/model_weights_step_03240.state.pt                          
DEBUG    [rank 0] Removed old checkpoint:                    dit_trainer.py:1429
         /hppfs/scratch/0D/go76fuz2/windinet/outputs/shockwa                    
         ve_dit_ch6_unfinetuned/checkpoints/model_weights_st                    
         ep_03000.safetensors                                                   
DEBUG    [rank 0] Removed old checkpoint:                    dit_trainer.py:1429
         /hppfs/scratch/0D/go76fuz2/windinet/outputs/shockwa                    
         ve_dit_ch6_unfinetuned/checkpoints/scalar_embedding                    
         _step_03000.safetensors                                                
DEBUG    [rank 0] Removed optimizer state for older kept     dit_trainer.py:1444
         checkpoint:                                                            
         /hppfs/scratch/0D/go76fuz2/windinet/outputs/shockwa                    
         ve_dit_ch6_unfinetuned/checkpoints/model_weights_st                    
         ep_03120.state.pt                                                      
[epoch 27] step=3240 train_loss=0.194875
[train] step=3241 loss=0.116834 lr=6.474e-06
[train] step=3242 loss=0.199019 lr=6.472e-06
[train] step=3243 loss=0.284639 lr=6.470e-06
[train] step=3244 loss=0.186060 lr=6.468e-06
[train] step=3245 loss=0.218535 lr=6.466e-06
[train] step=3246 loss=0.268102 lr=6.464e-06
[train] step=3247 loss=0.142097 lr=6.462e-06
[train] step=3248 loss=0.120846 lr=6.461e-06
[train] step=3249 loss=0.217811 lr=6.459e-06
[train] step=3250 loss=0.124181 lr=6.457e-06
[train] step=3251 loss=0.209179 lr=6.455e-06
[train] step=3252 loss=0.209449 lr=6.453e-06
[train] step=3253 loss=0.315539 lr=6.451e-06
[train] step=3254 loss=0.149227 lr=6.449e-06
[train] step=3255 loss=0.148889 lr=6.447e-06
[train] step=3256 loss=0.196813 lr=6.446e-06
[train] step=3257 loss=0.168977 lr=6.444e-06
[train] step=3258 loss=0.165490 lr=6.442e-06
[train] step=3259 loss=0.161679 lr=6.440e-06
[train] step=3260 loss=0.141282 lr=6.438e-06
[train] step=3261 loss=0.138471 lr=6.436e-06
[train] step=3262 loss=0.194273 lr=6.434e-06
[train] step=3263 loss=0.192004 lr=6.432e-06
[train] step=3264 loss=0.153932 lr=6.431e-06
[train] step=3265 loss=0.133250 lr=6.429e-06
[train] step=3266 loss=0.207652 lr=6.427e-06
[train] step=3267 loss=0.176154 lr=6.425e-06
[train] step=3268 loss=0.249181 lr=6.423e-06
[train] step=3269 loss=0.225505 lr=6.421e-06
[train] step=3270 loss=0.116696 lr=6.419e-06
[train] step=3271 loss=0.119287 lr=6.417e-06
[train] step=3272 loss=0.197536 lr=6.416e-06
[train] step=3273 loss=0.191233 lr=6.414e-06
[train] step=3274 loss=0.266233 lr=6.412e-06
[train] step=3275 loss=0.246888 lr=6.410e-06
[train] step=3276 loss=0.362072 lr=6.408e-06
[train] step=3277 loss=0.186781 lr=6.406e-06
[train] step=3278 loss=0.148472 lr=6.404e-06
[train] step=3279 loss=0.137568 lr=6.402e-06
[train] step=3280 loss=0.177074 lr=6.400e-06
[train] step=3281 loss=0.173660 lr=6.399e-06
[train] step=3282 loss=0.181109 lr=6.397e-06
[train] step=3283 loss=0.443542 lr=6.395e-06
[train] step=3284 loss=0.184530 lr=6.393e-06
[train] step=3285 loss=0.349987 lr=6.391e-06
[train] step=3286 loss=0.180820 lr=6.389e-06
[train] step=3287 loss=0.200120 lr=6.387e-06
[train] step=3288 loss=0.134656 lr=6.385e-06
[train] step=3289 loss=0.167853 lr=6.383e-06
[train] step=3290 loss=0.199643 lr=6.382e-06
[train] step=3291 loss=0.238766 lr=6.380e-06
[train] step=3292 loss=0.129177 lr=6.378e-06
[train] step=3293 loss=0.164636 lr=6.376e-06
[train] step=3294 loss=0.139292 lr=6.374e-06
[train] step=3295 loss=0.178590 lr=6.372e-06
[train] step=3296 loss=0.165116 lr=6.370e-06
[train] step=3297 loss=0.195533 lr=6.368e-06
[train] step=3298 loss=0.194482 lr=6.367e-06
[train] step=3299 loss=0.206010 lr=6.365e-06
[train] step=3300 loss=0.116936 lr=6.363e-06
[train] step=3301 loss=0.191810 lr=6.361e-06
[train] step=3302 loss=0.145158 lr=6.359e-06
[train] step=3303 loss=0.093144 lr=6.357e-06
[train] step=3304 loss=0.131293 lr=6.355e-06
[train] step=3305 loss=0.210234 lr=6.353e-06
[train] step=3306 loss=0.202428 lr=6.351e-06
[train] step=3307 loss=0.163826 lr=6.350e-06
[train] step=3308 loss=0.121212 lr=6.348e-06
[train] step=3309 loss=0.196191 lr=6.346e-06
[train] step=3310 loss=0.195469 lr=6.344e-06
[train] step=3311 loss=0.129826 lr=6.342e-06
[train] step=3312 loss=0.183725 lr=6.340e-06
[train] step=3313 loss=0.181542 lr=6.338e-06
[train] step=3314 loss=0.152486 lr=6.336e-06
[train] step=3315 loss=0.153583 lr=6.334e-06
[train] step=3316 loss=0.181711 lr=6.333e-06
[train] step=3317 loss=0.126827 lr=6.331e-06
[train] step=3318 loss=0.119003 lr=6.329e-06
[train] step=3319 loss=0.155389 lr=6.327e-06
[train] step=3320 loss=0.120965 lr=6.325e-06
[train] step=3321 loss=0.189102 lr=6.323e-06
[train] step=3322 loss=0.156079 lr=6.321e-06
[train] step=3323 loss=0.245813 lr=6.319e-06
[train] step=3324 loss=0.236707 lr=6.317e-06
[train] step=3325 loss=0.134226 lr=6.315e-06
[train] step=3326 loss=0.134547 lr=6.314e-06
[train] step=3327 loss=0.174950 lr=6.312e-06
[train] step=3328 loss=0.242549 lr=6.310e-06
[train] step=3329 loss=0.143146 lr=6.308e-06
[train] step=3330 loss=0.208150 lr=6.306e-06
[train] step=3331 loss=0.138794 lr=6.304e-06
[train] step=3332 loss=0.090576 lr=6.302e-06
[train] step=3333 loss=0.122712 lr=6.300e-06
[train] step=3334 loss=0.181846 lr=6.298e-06
[train] step=3335 loss=0.164159 lr=6.297e-06
[train] step=3336 loss=0.374067 lr=6.295e-06
[train] step=3337 loss=0.137930 lr=6.293e-06
[train] step=3338 loss=0.172851 lr=6.291e-06
[train] step=3339 loss=0.158060 lr=6.289e-06
[train] step=3340 loss=0.188954 lr=6.287e-06
[train] step=3341 loss=0.148251 lr=6.285e-06
[train] step=3342 loss=0.094087 lr=6.283e-06
[train] step=3343 loss=0.131979 lr=6.281e-06
[train] step=3344 loss=0.171137 lr=6.279e-06
[train] step=3345 loss=0.144994 lr=6.278e-06
[train] step=3346 loss=0.154382 lr=6.276e-06
[train] step=3347 loss=0.154562 lr=6.274e-06
[train] step=3348 loss=0.106511 lr=6.272e-06
[train] step=3349 loss=0.197973 lr=6.270e-06
[train] step=3350 loss=0.157500 lr=6.268e-06
[train] step=3351 loss=0.133087 lr=6.266e-06
[train] step=3352 loss=0.208508 lr=6.264e-06
[train] step=3353 loss=0.150721 lr=6.262e-06
[train] step=3354 loss=0.180427 lr=6.261e-06
[train] step=3355 loss=0.237279 lr=6.259e-06
[train] step=3356 loss=0.221825 lr=6.257e-06
[train] step=3357 loss=0.203869 lr=6.255e-06
[train] step=3358 loss=0.158154 lr=6.253e-06
[train] step=3359 loss=0.132234 lr=6.251e-06
[train] step=3360 loss=0.214887 lr=6.249e-06
INFO     [rank 0] Model weights for step 3360 saved in       dit_trainer.py:1288
         checkpoints/model_weights_step_03360.safetensors                       
INFO     [rank 0] Scalar embedding weights for step 3360     dit_trainer.py:1297
         saved                                                                  
INFO     [rank 0] Training state saved:                      dit_trainer.py:1416
         checkpoints/model_weights_step_03360.state.pt                          
DEBUG    [rank 0] Removed old checkpoint:                    dit_trainer.py:1429
         /hppfs/scratch/0D/go76fuz2/windinet/outputs/shockwa                    
         ve_dit_ch6_unfinetuned/checkpoints/model_weights_st                    
         ep_03120.safetensors                                                   
DEBUG    [rank 0] Removed old checkpoint:                    dit_trainer.py:1429
         /hppfs/scratch/0D/go76fuz2/windinet/outputs/shockwa                    
         ve_dit_ch6_unfinetuned/checkpoints/scalar_embedding                    
         _step_03120.safetensors                                                
DEBUG    [rank 0] Removed optimizer state for older kept     dit_trainer.py:1444
         checkpoint:                                                            
         /hppfs/scratch/0D/go76fuz2/windinet/outputs/shockwa                    
         ve_dit_ch6_unfinetuned/checkpoints/model_weights_st                    
         ep_03240.state.pt                                                      
[epoch 28] step=3360 train_loss=0.179301
[train] step=3361 loss=0.163008 lr=6.247e-06
[train] step=3362 loss=0.240368 lr=6.245e-06
[train] step=3363 loss=0.153391 lr=6.243e-06
[train] step=3364 loss=0.201993 lr=6.242e-06
[train] step=3365 loss=0.298310 lr=6.240e-06
[train] step=3366 loss=0.172277 lr=6.238e-06
[train] step=3367 loss=0.146456 lr=6.236e-06
[train] step=3368 loss=0.222065 lr=6.234e-06
[train] step=3369 loss=0.239885 lr=6.232e-06
[train] step=3370 loss=0.121299 lr=6.230e-06
[train] step=3371 loss=0.208582 lr=6.228e-06
[train] step=3372 loss=0.267798 lr=6.226e-06
[train] step=3373 loss=0.132394 lr=6.224e-06
[train] step=3374 loss=0.166616 lr=6.222e-06
[train] step=3375 loss=0.200123 lr=6.221e-06
[train] step=3376 loss=0.250562 lr=6.219e-06
[train] step=3377 loss=0.249952 lr=6.217e-06
[train] step=3378 loss=0.114861 lr=6.215e-06
[train] step=3379 loss=0.190564 lr=6.213e-06
[train] step=3380 loss=0.174522 lr=6.211e-06
[train] step=3381 loss=0.183327 lr=6.209e-06
[train] step=3382 loss=0.165216 lr=6.207e-06
[train] step=3383 loss=0.232839 lr=6.205e-06
[train] step=3384 loss=0.177666 lr=6.203e-06
[train] step=3385 loss=0.208273 lr=6.202e-06
[train] step=3386 loss=0.247858 lr=6.200e-06
[train] step=3387 loss=0.150898 lr=6.198e-06
[train] step=3388 loss=0.145827 lr=6.196e-06
[train] step=3389 loss=0.268476 lr=6.194e-06
[train] step=3390 loss=0.214511 lr=6.192e-06
[train] step=3391 loss=0.216333 lr=6.190e-06
[train] step=3392 loss=0.238389 lr=6.188e-06
[train] step=3393 loss=0.174887 lr=6.186e-06
[train] step=3394 loss=0.118158 lr=6.184e-06
[train] step=3395 loss=0.180863 lr=6.183e-06
[train] step=3396 loss=0.202960 lr=6.181e-06
[train] step=3397 loss=0.174803 lr=6.179e-06
[train] step=3398 loss=0.195002 lr=6.177e-06
[train] step=3399 loss=0.196423 lr=6.175e-06
[train] step=3400 loss=0.166031 lr=6.173e-06
[train] step=3401 loss=0.155380 lr=6.171e-06
[train] step=3402 loss=0.219600 lr=6.169e-06
[train] step=3403 loss=0.140568 lr=6.167e-06
[train] step=3404 loss=0.146716 lr=6.165e-06
[train] step=3405 loss=0.153384 lr=6.163e-06
[train] step=3406 loss=0.165029 lr=6.162e-06
[train] step=3407 loss=0.141277 lr=6.160e-06
[train] step=3408 loss=0.110816 lr=6.158e-06
[train] step=3409 loss=0.141205 lr=6.156e-06
[train] step=3410 loss=0.179616 lr=6.154e-06
[train] step=3411 loss=0.203876 lr=6.152e-06
[train] step=3412 loss=0.261279 lr=6.150e-06
[train] step=3413 loss=0.185854 lr=6.148e-06
[train] step=3414 loss=0.160567 lr=6.146e-06
[train] step=3415 loss=0.187730 lr=6.144e-06
[train] step=3416 loss=0.184055 lr=6.142e-06
[train] step=3417 loss=0.163836 lr=6.141e-06
[train] step=3418 loss=0.258744 lr=6.139e-06
[train] step=3419 loss=0.149014 lr=6.137e-06
[train] step=3420 loss=0.202036 lr=6.135e-06
[train] step=3421 loss=0.199660 lr=6.133e-06
[train] step=3422 loss=0.219216 lr=6.131e-06
[train] step=3423 loss=0.149054 lr=6.129e-06
[train] step=3424 loss=0.130584 lr=6.127e-06
[train] step=3425 loss=0.195242 lr=6.125e-06
[train] step=3426 loss=0.146955 lr=6.123e-06
[train] step=3427 loss=0.215781 lr=6.121e-06
[train] step=3428 loss=0.203324 lr=6.119e-06
[train] step=3429 loss=0.152663 lr=6.118e-06
[train] step=3430 loss=0.114416 lr=6.116e-06
[train] step=3431 loss=0.167268 lr=6.114e-06
[train] step=3432 loss=0.213877 lr=6.112e-06
[train] step=3433 loss=0.173178 lr=6.110e-06
[train] step=3434 loss=0.158877 lr=6.108e-06
[train] step=3435 loss=0.122829 lr=6.106e-06
[train] step=3436 loss=0.293438 lr=6.104e-06
[train] step=3437 loss=0.179485 lr=6.102e-06
[train] step=3438 loss=0.134114 lr=6.100e-06
[train] step=3439 loss=0.172670 lr=6.098e-06
[train] step=3440 loss=0.163954 lr=6.097e-06
[train] step=3441 loss=0.188213 lr=6.095e-06
[train] step=3442 loss=0.218024 lr=6.093e-06
[train] step=3443 loss=0.241682 lr=6.091e-06
[train] step=3444 loss=0.208403 lr=6.089e-06
[train] step=3445 loss=0.144548 lr=6.087e-06
[train] step=3446 loss=0.193437 lr=6.085e-06
[train] step=3447 loss=0.190035 lr=6.083e-06
[train] step=3448 loss=0.204699 lr=6.081e-06
[train] step=3449 loss=0.183022 lr=6.079e-06
[train] step=3450 loss=0.171884 lr=6.077e-06
[train] step=3451 loss=0.131187 lr=6.075e-06
[train] step=3452 loss=0.145798 lr=6.074e-06
[train] step=3453 loss=0.178743 lr=6.072e-06
[train] step=3454 loss=0.137034 lr=6.070e-06
[train] step=3455 loss=0.177019 lr=6.068e-06
[train] step=3456 loss=0.146723 lr=6.066e-06
[train] step=3457 loss=0.157157 lr=6.064e-06
[train] step=3458 loss=0.380489 lr=6.062e-06
[train] step=3459 loss=0.179440 lr=6.060e-06
[train] step=3460 loss=0.206549 lr=6.058e-06
[train] step=3461 loss=0.133966 lr=6.056e-06
[train] step=3462 loss=0.103989 lr=6.054e-06
[train] step=3463 loss=0.140259 lr=6.052e-06
[train] step=3464 loss=0.250014 lr=6.051e-06
[train] step=3465 loss=0.154094 lr=6.049e-06
[train] step=3466 loss=0.209131 lr=6.047e-06
[train] step=3467 loss=0.229110 lr=6.045e-06
[train] step=3468 loss=0.127906 lr=6.043e-06
[train] step=3469 loss=0.155637 lr=6.041e-06
[train] step=3470 loss=0.147712 lr=6.039e-06
[train] step=3471 loss=0.178188 lr=6.037e-06
[train] step=3472 loss=0.173266 lr=6.035e-06
[train] step=3473 loss=0.189938 lr=6.033e-06
[train] step=3474 loss=0.208550 lr=6.031e-06
[train] step=3475 loss=0.415012 lr=6.029e-06
[train] step=3476 loss=0.266476 lr=6.028e-06
[train] step=3477 loss=0.515050 lr=6.026e-06
[train] step=3478 loss=0.209520 lr=6.024e-06
[train] step=3479 loss=0.349788 lr=6.022e-06
[train] step=3480 loss=0.194087 lr=6.020e-06
INFO     [rank 0] Model weights for step 3480 saved in       dit_trainer.py:1288
         checkpoints/model_weights_step_03480.safetensors                       
INFO     [rank 0] Scalar embedding weights for step 3480     dit_trainer.py:1297
         saved                                                                  
INFO     [rank 0] Training state saved:                      dit_trainer.py:1416
         checkpoints/model_weights_step_03480.state.pt                          
DEBUG    [rank 0] Removed old checkpoint:                    dit_trainer.py:1429
         /hppfs/scratch/0D/go76fuz2/windinet/outputs/shockwa                    
         ve_dit_ch6_unfinetuned/checkpoints/model_weights_st                    
         ep_03240.safetensors                                                   
DEBUG    [rank 0] Removed old checkpoint:                    dit_trainer.py:1429
         /hppfs/scratch/0D/go76fuz2/windinet/outputs/shockwa                    
         ve_dit_ch6_unfinetuned/checkpoints/scalar_embedding                    
         _step_03240.safetensors                                                
DEBUG    [rank 0] Removed optimizer state for older kept     dit_trainer.py:1444
         checkpoint:                                                            
         /hppfs/scratch/0D/go76fuz2/windinet/outputs/shockwa                    
         ve_dit_ch6_unfinetuned/checkpoints/model_weights_st                    
         ep_03360.state.pt                                                      
[epoch 29] step=3480 train_loss=0.191229
[train] step=3481 loss=0.231394 lr=6.018e-06
[train] step=3482 loss=0.126843 lr=6.016e-06
[train] step=3483 loss=0.174125 lr=6.014e-06
[train] step=3484 loss=0.174424 lr=6.012e-06
[train] step=3485 loss=0.115978 lr=6.010e-06
[train] step=3486 loss=0.148667 lr=6.008e-06
[train] step=3487 loss=0.187291 lr=6.006e-06
[train] step=3488 loss=0.342557 lr=6.004e-06
[train] step=3489 loss=0.171085 lr=6.003e-06
[train] step=3490 loss=0.212162 lr=6.001e-06
[train] step=3491 loss=0.174843 lr=5.999e-06
[train] step=3492 loss=0.199200 lr=5.997e-06
[train] step=3493 loss=0.252387 lr=5.995e-06
[train] step=3494 loss=0.163509 lr=5.993e-06
[train] step=3495 loss=0.254155 lr=5.991e-06
[train] step=3496 loss=0.208404 lr=5.989e-06
[train] step=3497 loss=0.138512 lr=5.987e-06
[train] step=3498 loss=0.169771 lr=5.985e-06
[train] step=3499 loss=0.337024 lr=5.983e-06
[train] step=3500 loss=0.213645 lr=5.981e-06
[train] step=3501 loss=0.167085 lr=5.979e-06
[train] step=3502 loss=0.188120 lr=5.978e-06
[train] step=3503 loss=0.267434 lr=5.976e-06
[train] step=3504 loss=0.195108 lr=5.974e-06
[train] step=3505 loss=0.138348 lr=5.972e-06
[train] step=3506 loss=0.098201 lr=5.970e-06
[train] step=3507 loss=0.146703 lr=5.968e-06
[train] step=3508 loss=0.154635 lr=5.966e-06
[train] step=3509 loss=0.143123 lr=5.964e-06
[train] step=3510 loss=0.175381 lr=5.962e-06
[train] step=3511 loss=0.223049 lr=5.960e-06
[train] step=3512 loss=0.146834 lr=5.958e-06
[train] step=3513 loss=0.171970 lr=5.956e-06
[train] step=3514 loss=0.237266 lr=5.954e-06
[train] step=3515 loss=0.160121 lr=5.953e-06
[train] step=3516 loss=0.228197 lr=5.951e-06
[train] step=3517 loss=0.202352 lr=5.949e-06
[train] step=3518 loss=0.143640 lr=5.947e-06
[train] step=3519 loss=0.346632 lr=5.945e-06
[train] step=3520 loss=0.204997 lr=5.943e-06
[train] step=3521 loss=0.250439 lr=5.941e-06
[train] step=3522 loss=0.182367 lr=5.939e-06
[train] step=3523 loss=0.271557 lr=5.937e-06
[train] step=3524 loss=0.153628 lr=5.935e-06
[train] step=3525 loss=0.152496 lr=5.933e-06
[train] step=3526 loss=0.203880 lr=5.931e-06
[train] step=3527 loss=0.295968 lr=5.929e-06
[train] step=3528 loss=0.199525 lr=5.927e-06
[train] step=3529 loss=0.145651 lr=5.926e-06
[train] step=3530 loss=0.177343 lr=5.924e-06
[train] step=3531 loss=0.226333 lr=5.922e-06
[train] step=3532 loss=0.205250 lr=5.920e-06
[train] step=3533 loss=0.205855 lr=5.918e-06
[train] step=3534 loss=0.164957 lr=5.916e-06
[train] step=3535 loss=0.149660 lr=5.914e-06
[train] step=3536 loss=0.192645 lr=5.912e-06
[train] step=3537 loss=0.150806 lr=5.910e-06
[train] step=3538 loss=0.145513 lr=5.908e-06
[train] step=3539 loss=0.154418 lr=5.906e-06
[train] step=3540 loss=0.267476 lr=5.904e-06
[train] step=3541 loss=0.235049 lr=5.902e-06
[train] step=3542 loss=0.176203 lr=5.900e-06
[train] step=3543 loss=0.161258 lr=5.899e-06
[train] step=3544 loss=0.148277 lr=5.897e-06
[train] step=3545 loss=0.124731 lr=5.895e-06
[train] step=3546 loss=0.244489 lr=5.893e-06
[train] step=3547 loss=0.156309 lr=5.891e-06
[train] step=3548 loss=0.151456 lr=5.889e-06
[train] step=3549 loss=0.192098 lr=5.887e-06
[train] step=3550 loss=0.115612 lr=5.885e-06
[train] step=3551 loss=0.208079 lr=5.883e-06
[train] step=3552 loss=0.200726 lr=5.881e-06
[train] step=3553 loss=0.155465 lr=5.879e-06
[train] step=3554 loss=0.186728 lr=5.877e-06
[train] step=3555 loss=0.214579 lr=5.875e-06
[train] step=3556 loss=0.167990 lr=5.873e-06
[train] step=3557 loss=0.191066 lr=5.872e-06
[train] step=3558 loss=0.170834 lr=5.870e-06
[train] step=3559 loss=0.188453 lr=5.868e-06
[train] step=3560 loss=0.282162 lr=5.866e-06
[train] step=3561 loss=0.202157 lr=5.864e-06
[train] step=3562 loss=0.227537 lr=5.862e-06
[train] step=3563 loss=0.185344 lr=5.860e-06
[train] step=3564 loss=0.139951 lr=5.858e-06
[train] step=3565 loss=0.186597 lr=5.856e-06
[train] step=3566 loss=0.201751 lr=5.854e-06
[train] step=3567 loss=0.121184 lr=5.852e-06
[train] step=3568 loss=0.161715 lr=5.850e-06
[train] step=3569 loss=0.173505 lr=5.848e-06
[train] step=3570 loss=0.259474 lr=5.846e-06
[train] step=3571 loss=0.139166 lr=5.844e-06
[train] step=3572 loss=0.201060 lr=5.843e-06
[train] step=3573 loss=0.177643 lr=5.841e-06
[train] step=3574 loss=0.298806 lr=5.839e-06
[train] step=3575 loss=0.153524 lr=5.837e-06
[train] step=3576 loss=0.227879 lr=5.835e-06
[train] step=3577 loss=0.232078 lr=5.833e-06
[train] step=3578 loss=0.240473 lr=5.831e-06
[train] step=3579 loss=0.161774 lr=5.829e-06
[train] step=3580 loss=0.158183 lr=5.827e-06
[train] step=3581 loss=0.111364 lr=5.825e-06
[train] step=3582 loss=0.154173 lr=5.823e-06
[train] step=3583 loss=0.213339 lr=5.821e-06
[train] step=3584 loss=0.202698 lr=5.819e-06
[train] step=3585 loss=0.195998 lr=5.817e-06
[train] step=3586 loss=0.160114 lr=5.815e-06
[train] step=3587 loss=0.171808 lr=5.814e-06
[train] step=3588 loss=0.133469 lr=5.812e-06
[train] step=3589 loss=0.236021 lr=5.810e-06
[train] step=3590 loss=0.147543 lr=5.808e-06
[train] step=3591 loss=0.150470 lr=5.806e-06
[train] step=3592 loss=0.267504 lr=5.804e-06
[train] step=3593 loss=0.176794 lr=5.802e-06
[train] step=3594 loss=0.141831 lr=5.800e-06
[train] step=3595 loss=0.179428 lr=5.798e-06
[train] step=3596 loss=0.176469 lr=5.796e-06
[train] step=3597 loss=0.110056 lr=5.794e-06
[train] step=3598 loss=0.163537 lr=5.792e-06
[train] step=3599 loss=0.135442 lr=5.790e-06
[train] step=3600 loss=0.153073 lr=5.788e-06
[val] step=3600 val_loss=0.184567
INFO     [rank 0] Model weights for step 3600 saved in       dit_trainer.py:1288
         checkpoints/model_weights_step_03600.safetensors                       
INFO     [rank 0] Scalar embedding weights for step 3600     dit_trainer.py:1297
         saved                                                                  
INFO     [rank 0] Training state saved:                      dit_trainer.py:1416
         checkpoints/model_weights_step_03600.state.pt                          
INFO     [rank 0] New best checkpoint (step 3600,            dit_trainer.py:1320
         val_loss=0.184567):                                                    
         checkpoints/model_weights_best.safetensors                             
DEBUG    [rank 0] Removed old checkpoint:                    dit_trainer.py:1429
         /hppfs/scratch/0D/go76fuz2/windinet/outputs/shockwa                    
         ve_dit_ch6_unfinetuned/checkpoints/model_weights_st                    
         ep_03360.safetensors                                                   
DEBUG    [rank 0] Removed old checkpoint:                    dit_trainer.py:1429
         /hppfs/scratch/0D/go76fuz2/windinet/outputs/shockwa                    
         ve_dit_ch6_unfinetuned/checkpoints/scalar_embedding                    
         _step_03360.safetensors                                                
DEBUG    [rank 0] Removed optimizer state for older kept     dit_trainer.py:1444
         checkpoint:                                                            
         /hppfs/scratch/0D/go76fuz2/windinet/outputs/shockwa                    
         ve_dit_ch6_unfinetuned/checkpoints/model_weights_st                    
         ep_03480.state.pt                                                      
[epoch 30] step=3600 train_loss=0.188120 val_loss=0.184567
[train] step=3601 loss=0.148620 lr=5.786e-06
[train] step=3602 loss=0.174747 lr=5.784e-06
[train] step=3603 loss=0.212499 lr=5.783e-06
[train] step=3604 loss=0.240528 lr=5.781e-06
[train] step=3605 loss=0.147458 lr=5.779e-06
[train] step=3606 loss=0.163179 lr=5.777e-06
[train] step=3607 loss=0.174421 lr=5.775e-06
[train] step=3608 loss=0.339542 lr=5.773e-06
[train] step=3609 loss=0.220197 lr=5.771e-06
[train] step=3610 loss=0.111161 lr=5.769e-06
[train] step=3611 loss=0.171984 lr=5.767e-06
[train] step=3612 loss=0.177775 lr=5.765e-06
[train] step=3613 loss=0.172847 lr=5.763e-06
[train] step=3614 loss=0.217811 lr=5.761e-06
[train] step=3615 loss=0.114501 lr=5.759e-06
[train] step=3616 loss=0.208124 lr=5.757e-06
[train] step=3617 loss=0.125907 lr=5.755e-06
[train] step=3618 loss=0.247269 lr=5.753e-06
[train] step=3619 loss=0.210208 lr=5.751e-06
[train] step=3620 loss=0.126092 lr=5.750e-06
[train] step=3621 loss=0.214425 lr=5.748e-06
[train] step=3622 loss=0.176995 lr=5.746e-06
[train] step=3623 loss=0.179195 lr=5.744e-06
[train] step=3624 loss=0.141687 lr=5.742e-06
[train] step=3625 loss=0.216489 lr=5.740e-06
[train] step=3626 loss=0.134542 lr=5.738e-06
[train] step=3627 loss=0.179638 lr=5.736e-06
[train] step=3628 loss=0.200832 lr=5.734e-06
[train] step=3629 loss=0.166163 lr=5.732e-06
[train] step=3630 loss=0.190283 lr=5.730e-06
[train] step=3631 loss=0.127984 lr=5.728e-06
[train] step=3632 loss=0.192054 lr=5.726e-06
[train] step=3633 loss=0.161137 lr=5.724e-06
[train] step=3634 loss=0.124798 lr=5.722e-06
[train] step=3635 loss=0.201256 lr=5.720e-06
[train] step=3636 loss=0.228647 lr=5.719e-06
[train] step=3637 loss=0.207421 lr=5.717e-06
[train] step=3638 loss=0.152504 lr=5.715e-06
[train] step=3639 loss=0.161248 lr=5.713e-06
[train] step=3640 loss=0.132624 lr=5.711e-06
[train] step=3641 loss=0.213375 lr=5.709e-06
[train] step=3642 loss=0.174135 lr=5.707e-06
[train] step=3643 loss=0.328533 lr=5.705e-06
[train] step=3644 loss=0.204336 lr=5.703e-06
[train] step=3645 loss=0.151183 lr=5.701e-06
[train] step=3646 loss=0.164445 lr=5.699e-06
[train] step=3647 loss=0.198068 lr=5.697e-06
[train] step=3648 loss=0.189762 lr=5.695e-06
[train] step=3649 loss=0.203241 lr=5.693e-06
[train] step=3650 loss=0.207198 lr=5.691e-06
[train] step=3651 loss=0.202709 lr=5.689e-06
[train] step=3652 loss=0.229253 lr=5.687e-06
[train] step=3653 loss=0.227709 lr=5.685e-06
[train] step=3654 loss=0.200100 lr=5.684e-06
[train] step=3655 loss=0.170835 lr=5.682e-06
[train] step=3656 loss=0.161598 lr=5.680e-06
[train] step=3657 loss=0.146690 lr=5.678e-06
[train] step=3658 loss=0.210545 lr=5.676e-06
[train] step=3659 loss=0.178176 lr=5.674e-06
[train] step=3660 loss=0.150005 lr=5.672e-06
[train] step=3661 loss=0.256631 lr=5.670e-06
[train] step=3662 loss=0.147006 lr=5.668e-06
[train] step=3663 loss=0.183028 lr=5.666e-06
[train] step=3664 loss=0.153481 lr=5.664e-06
[train] step=3665 loss=0.155433 lr=5.662e-06
[train] step=3666 loss=0.267213 lr=5.660e-06
[train] step=3667 loss=0.134256 lr=5.658e-06
[train] step=3668 loss=0.183358 lr=5.656e-06
[train] step=3669 loss=0.100671 lr=5.654e-06
[train] step=3670 loss=0.225849 lr=5.652e-06
[train] step=3671 loss=0.149882 lr=5.650e-06
[train] step=3672 loss=0.126383 lr=5.649e-06
[train] step=3673 loss=0.226491 lr=5.647e-06
[train] step=3674 loss=0.125102 lr=5.645e-06
[train] step=3675 loss=0.170830 lr=5.643e-06
[train] step=3676 loss=0.199057 lr=5.641e-06
[train] step=3677 loss=0.163427 lr=5.639e-06
[train] step=3678 loss=0.144855 lr=5.637e-06
[train] step=3679 loss=0.144215 lr=5.635e-06
[train] step=3680 loss=0.230811 lr=5.633e-06
[train] step=3681 loss=0.144117 lr=5.631e-06
[train] step=3682 loss=0.193679 lr=5.629e-06
[train] step=3683 loss=0.164994 lr=5.627e-06
[train] step=3684 loss=0.256435 lr=5.625e-06
[train] step=3685 loss=0.183361 lr=5.623e-06
[train] step=3686 loss=0.189014 lr=5.621e-06
[train] step=3687 loss=0.172345 lr=5.619e-06
[train] step=3688 loss=0.219026 lr=5.617e-06
[train] step=3689 loss=0.181707 lr=5.615e-06
[train] step=3690 loss=0.204123 lr=5.614e-06
[train] step=3691 loss=0.246257 lr=5.612e-06
[train] step=3692 loss=0.133312 lr=5.610e-06
[train] step=3693 loss=0.092862 lr=5.608e-06
[train] step=3694 loss=0.406869 lr=5.606e-06
[train] step=3695 loss=0.150813 lr=5.604e-06
[train] step=3696 loss=0.157576 lr=5.602e-06
[train] step=3697 loss=0.204317 lr=5.600e-06
[train] step=3698 loss=0.103785 lr=5.598e-06
[train] step=3699 loss=0.200083 lr=5.596e-06
[train] step=3700 loss=0.265791 lr=5.594e-06
[train] step=3701 loss=0.189400 lr=5.592e-06
[train] step=3702 loss=0.155021 lr=5.590e-06
[train] step=3703 loss=0.226541 lr=5.588e-06
[train] step=3704 loss=0.152749 lr=5.586e-06
[train] step=3705 loss=0.262880 lr=5.584e-06
[train] step=3706 loss=0.105649 lr=5.582e-06
[train] step=3707 loss=0.290892 lr=5.580e-06
[train] step=3708 loss=0.127369 lr=5.578e-06
[train] step=3709 loss=0.194706 lr=5.577e-06
[train] step=3710 loss=0.198258 lr=5.575e-06
[train] step=3711 loss=0.256301 lr=5.573e-06
[train] step=3712 loss=0.193367 lr=5.571e-06
[train] step=3713 loss=0.191432 lr=5.569e-06
[train] step=3714 loss=0.146473 lr=5.567e-06
[train] step=3715 loss=0.135936 lr=5.565e-06
[train] step=3716 loss=0.178462 lr=5.563e-06
[train] step=3717 loss=0.148279 lr=5.561e-06
[train] step=3718 loss=0.135689 lr=5.559e-06
[train] step=3719 loss=0.172868 lr=5.557e-06
[train] step=3720 loss=0.184519 lr=5.555e-06
INFO     [rank 0] Model weights for step 3720 saved in       dit_trainer.py:1288
         checkpoints/model_weights_step_03720.safetensors                       
INFO     [rank 0] Scalar embedding weights for step 3720     dit_trainer.py:1297
         saved                                                                  
INFO     [rank 0] Training state saved:                      dit_trainer.py:1416
         checkpoints/model_weights_step_03720.state.pt                          
DEBUG    [rank 0] Removed old checkpoint:                    dit_trainer.py:1429
         /hppfs/scratch/0D/go76fuz2/windinet/outputs/shockwa                    
         ve_dit_ch6_unfinetuned/checkpoints/model_weights_st                    
         ep_03480.safetensors                                                   
DEBUG    [rank 0] Removed old checkpoint:                    dit_trainer.py:1429
         /hppfs/scratch/0D/go76fuz2/windinet/outputs/shockwa                    
         ve_dit_ch6_unfinetuned/checkpoints/scalar_embedding                    
         _step_03480.safetensors                                                
DEBUG    [rank 0] Removed optimizer state for older kept     dit_trainer.py:1444
         checkpoint:                                                            
         /hppfs/scratch/0D/go76fuz2/windinet/outputs/shockwa                    
         ve_dit_ch6_unfinetuned/checkpoints/model_weights_st                    
         ep_03600.state.pt                                                      
[epoch 31] step=3720 train_loss=0.184004
[train] step=3721 loss=0.168543 lr=5.553e-06
[train] step=3722 loss=0.190530 lr=5.551e-06
[train] step=3723 loss=0.132947 lr=5.549e-06
[train] step=3724 loss=0.164268 lr=5.547e-06
[train] step=3725 loss=0.160444 lr=5.545e-06
[train] step=3726 loss=0.179788 lr=5.543e-06
[train] step=3727 loss=0.164858 lr=5.541e-06
[train] step=3728 loss=0.185515 lr=5.539e-06
[train] step=3729 loss=0.237041 lr=5.538e-06
[train] step=3730 loss=0.193389 lr=5.536e-06
[train] step=3731 loss=0.125001 lr=5.534e-06
[train] step=3732 loss=0.207979 lr=5.532e-06
[train] step=3733 loss=0.183895 lr=5.530e-06
[train] step=3734 loss=0.230771 lr=5.528e-06
[train] step=3735 loss=0.201488 lr=5.526e-06
[train] step=3736 loss=0.222947 lr=5.524e-06
[train] step=3737 loss=0.209632 lr=5.522e-06
[train] step=3738 loss=0.191956 lr=5.520e-06
[train] step=3739 loss=0.170853 lr=5.518e-06
[train] step=3740 loss=0.203184 lr=5.516e-06
[train] step=3741 loss=0.190122 lr=5.514e-06
[train] step=3742 loss=0.122970 lr=5.512e-06
[train] step=3743 loss=0.286005 lr=5.510e-06
[train] step=3744 loss=0.130563 lr=5.508e-06
[train] step=3745 loss=0.110358 lr=5.506e-06
[train] step=3746 loss=0.172924 lr=5.504e-06
[train] step=3747 loss=0.172776 lr=5.502e-06
[train] step=3748 loss=0.135832 lr=5.500e-06
[train] step=3749 loss=0.104840 lr=5.498e-06
[train] step=3750 loss=0.175805 lr=5.497e-06
[train] step=3751 loss=0.137964 lr=5.495e-06
[train] step=3752 loss=0.254756 lr=5.493e-06
[train] step=3753 loss=0.163178 lr=5.491e-06
[train] step=3754 loss=0.213046 lr=5.489e-06
[train] step=3755 loss=0.144154 lr=5.487e-06
[train] step=3756 loss=0.175844 lr=5.485e-06
[train] step=3757 loss=0.102490 lr=5.483e-06
[train] step=3758 loss=0.185003 lr=5.481e-06
[train] step=3759 loss=0.175273 lr=5.479e-06
[train] step=3760 loss=0.156720 lr=5.477e-06
[train] step=3761 loss=0.152772 lr=5.475e-06
[train] step=3762 loss=0.166834 lr=5.473e-06
[train] step=3763 loss=0.226991 lr=5.471e-06
[train] step=3764 loss=0.215859 lr=5.469e-06
[train] step=3765 loss=0.221512 lr=5.467e-06
[train] step=3766 loss=0.168841 lr=5.465e-06
[train] step=3767 loss=0.093986 lr=5.463e-06
[train] step=3768 loss=0.119699 lr=5.461e-06
[train] step=3769 loss=0.130002 lr=5.459e-06
[train] step=3770 loss=0.183698 lr=5.457e-06
[train] step=3771 loss=0.215614 lr=5.456e-06
[train] step=3772 loss=0.125773 lr=5.454e-06
[train] step=3773 loss=0.177327 lr=5.452e-06
[train] step=3774 loss=0.237195 lr=5.450e-06
[train] step=3775 loss=0.145613 lr=5.448e-06
[train] step=3776 loss=0.203936 lr=5.446e-06
[train] step=3777 loss=0.189488 lr=5.444e-06
[train] step=3778 loss=0.172625 lr=5.442e-06
[train] step=3779 loss=0.156415 lr=5.440e-06
[train] step=3780 loss=0.193672 lr=5.438e-06
[train] step=3781 loss=0.123511 lr=5.436e-06
[train] step=3782 loss=0.117357 lr=5.434e-06
[train] step=3783 loss=0.113386 lr=5.432e-06
[train] step=3784 loss=0.108857 lr=5.430e-06
[train] step=3785 loss=0.137672 lr=5.428e-06
[train] step=3786 loss=0.193565 lr=5.426e-06
[train] step=3787 loss=0.159626 lr=5.424e-06
[train] step=3788 loss=0.220047 lr=5.422e-06
[train] step=3789 loss=0.150407 lr=5.420e-06
[train] step=3790 loss=0.253366 lr=5.418e-06
[train] step=3791 loss=0.218554 lr=5.416e-06
[train] step=3792 loss=0.185651 lr=5.415e-06
[train] step=3793 loss=0.171263 lr=5.413e-06
[train] step=3794 loss=0.186146 lr=5.411e-06
[train] step=3795 loss=0.178879 lr=5.409e-06
[train] step=3796 loss=0.220784 lr=5.407e-06
[train] step=3797 loss=0.146289 lr=5.405e-06
[train] step=3798 loss=0.147506 lr=5.403e-06
[train] step=3799 loss=0.170335 lr=5.401e-06
[train] step=3800 loss=0.110861 lr=5.399e-06
[train] step=3801 loss=0.174184 lr=5.397e-06
[train] step=3802 loss=0.231896 lr=5.395e-06
[train] step=3803 loss=0.145535 lr=5.393e-06
[train] step=3804 loss=0.171158 lr=5.391e-06
[train] step=3805 loss=0.111417 lr=5.389e-06
[train] step=3806 loss=0.165152 lr=5.387e-06
[train] step=3807 loss=0.168061 lr=5.385e-06
[train] step=3808 loss=0.221573 lr=5.383e-06
[train] step=3809 loss=0.199073 lr=5.381e-06
[train] step=3810 loss=0.221018 lr=5.379e-06
[train] step=3811 loss=0.176501 lr=5.377e-06
[train] step=3812 loss=0.286297 lr=5.375e-06
[train] step=3813 loss=0.144235 lr=5.373e-06
[train] step=3814 loss=0.141182 lr=5.371e-06
[train] step=3815 loss=0.197510 lr=5.370e-06
[train] step=3816 loss=0.112433 lr=5.368e-06
[train] step=3817 loss=0.165203 lr=5.366e-06
[train] step=3818 loss=0.183166 lr=5.364e-06
[train] step=3819 loss=0.243832 lr=5.362e-06
[train] step=3820 loss=0.157681 lr=5.360e-06
[train] step=3821 loss=0.124708 lr=5.358e-06
[train] step=3822 loss=0.229421 lr=5.356e-06
[train] step=3823 loss=0.196297 lr=5.354e-06
[train] step=3824 loss=0.236288 lr=5.352e-06
[train] step=3825 loss=0.152510 lr=5.350e-06
[train] step=3826 loss=0.175890 lr=5.348e-06
[train] step=3827 loss=0.149019 lr=5.346e-06
[train] step=3828 loss=0.164957 lr=5.344e-06
[train] step=3829 loss=0.194206 lr=5.342e-06
[train] step=3830 loss=0.203968 lr=5.340e-06
[train] step=3831 loss=0.243649 lr=5.338e-06
[train] step=3832 loss=0.234317 lr=5.336e-06
[train] step=3833 loss=0.127753 lr=5.334e-06
[train] step=3834 loss=0.128786 lr=5.332e-06
[train] step=3835 loss=0.175108 lr=5.330e-06
[train] step=3836 loss=0.228423 lr=5.328e-06
[train] step=3837 loss=0.201585 lr=5.326e-06
[train] step=3838 loss=0.124087 lr=5.325e-06
[train] step=3839 loss=0.197193 lr=5.323e-06
[train] step=3840 loss=0.116105 lr=5.321e-06
INFO     [rank 0] Model weights for step 3840 saved in       dit_trainer.py:1288
         checkpoints/model_weights_step_03840.safetensors                       
INFO     [rank 0] Scalar embedding weights for step 3840     dit_trainer.py:1297
         saved                                                                  
INFO     [rank 0] Training state saved:                      dit_trainer.py:1416
         checkpoints/model_weights_step_03840.state.pt                          
DEBUG    [rank 0] Removed old checkpoint:                    dit_trainer.py:1429
         /hppfs/scratch/0D/go76fuz2/windinet/outputs/shockwa                    
         ve_dit_ch6_unfinetuned/checkpoints/model_weights_st                    
         ep_03600.safetensors                                                   
DEBUG    [rank 0] Removed old checkpoint:                    dit_trainer.py:1429
         /hppfs/scratch/0D/go76fuz2/windinet/outputs/shockwa                    
         ve_dit_ch6_unfinetuned/checkpoints/scalar_embedding                    
         _step_03600.safetensors                                                
DEBUG    [rank 0] Removed optimizer state for older kept     dit_trainer.py:1444
         checkpoint:                                                            
         /hppfs/scratch/0D/go76fuz2/windinet/outputs/shockwa                    
         ve_dit_ch6_unfinetuned/checkpoints/model_weights_st                    
         ep_03720.state.pt                                                      
[epoch 32] step=3840 train_loss=0.176145
[train] step=3841 loss=0.158995 lr=5.319e-06
[train] step=3842 loss=0.154728 lr=5.317e-06
[train] step=3843 loss=0.190871 lr=5.315e-06
[train] step=3844 loss=0.203222 lr=5.313e-06
[train] step=3845 loss=0.193763 lr=5.311e-06
[train] step=3846 loss=0.225689 lr=5.309e-06
[train] step=3847 loss=0.145329 lr=5.307e-06
[train] step=3848 loss=0.109049 lr=5.305e-06
[train] step=3849 loss=0.199828 lr=5.303e-06
[train] step=3850 loss=0.140281 lr=5.301e-06
[train] step=3851 loss=0.152141 lr=5.299e-06
[train] step=3852 loss=0.127486 lr=5.297e-06
[train] step=3853 loss=0.113439 lr=5.295e-06
[train] step=3854 loss=0.144015 lr=5.293e-06
[train] step=3855 loss=0.148932 lr=5.291e-06
[train] step=3856 loss=0.158025 lr=5.289e-06
[train] step=3857 loss=0.190535 lr=5.287e-06
[train] step=3858 loss=0.181765 lr=5.285e-06
[train] step=3859 loss=0.177727 lr=5.283e-06
[train] step=3860 loss=0.123230 lr=5.281e-06
[train] step=3861 loss=0.155899 lr=5.279e-06
[train] step=3862 loss=0.186595 lr=5.278e-06
[train] step=3863 loss=0.194988 lr=5.276e-06
[train] step=3864 loss=0.156004 lr=5.274e-06
[train] step=3865 loss=0.178191 lr=5.272e-06
[train] step=3866 loss=0.144765 lr=5.270e-06
[train] step=3867 loss=0.153985 lr=5.268e-06
[train] step=3868 loss=0.158582 lr=5.266e-06
[train] step=3869 loss=0.243506 lr=5.264e-06
[train] step=3870 loss=0.131895 lr=5.262e-06
[train] step=3871 loss=0.187460 lr=5.260e-06
[train] step=3872 loss=0.307568 lr=5.258e-06
[train] step=3873 loss=0.131870 lr=5.256e-06
[train] step=3874 loss=0.225434 lr=5.254e-06
[train] step=3875 loss=0.123615 lr=5.252e-06
[train] step=3876 loss=0.236326 lr=5.250e-06
[train] step=3877 loss=0.232599 lr=5.248e-06
[train] step=3878 loss=0.203297 lr=5.246e-06
[train] step=3879 loss=0.198883 lr=5.244e-06
[train] step=3880 loss=0.189345 lr=5.242e-06
[train] step=3881 loss=0.165509 lr=5.240e-06
[train] step=3882 loss=0.204960 lr=5.238e-06
[train] step=3883 loss=0.171230 lr=5.236e-06
[train] step=3884 loss=0.145678 lr=5.234e-06
[train] step=3885 loss=0.095954 lr=5.232e-06
[train] step=3886 loss=0.201793 lr=5.230e-06
[train] step=3887 loss=0.140249 lr=5.229e-06
[train] step=3888 loss=0.246942 lr=5.227e-06
[train] step=3889 loss=0.168122 lr=5.225e-06
[train] step=3890 loss=0.174290 lr=5.223e-06
[train] step=3891 loss=0.215650 lr=5.221e-06
[train] step=3892 loss=0.150770 lr=5.219e-06
[train] step=3893 loss=0.170902 lr=5.217e-06
[train] step=3894 loss=0.177588 lr=5.215e-06
[train] step=3895 loss=0.174152 lr=5.213e-06
[train] step=3896 loss=0.213889 lr=5.211e-06
[train] step=3897 loss=0.216594 lr=5.209e-06
[train] step=3898 loss=0.173509 lr=5.207e-06
[train] step=3899 loss=0.161510 lr=5.205e-06
[train] step=3900 loss=0.157380 lr=5.203e-06
[train] step=3901 loss=0.220665 lr=5.201e-06
[train] step=3902 loss=0.162516 lr=5.199e-06
[train] step=3903 loss=0.167005 lr=5.197e-06
[train] step=3904 loss=0.152173 lr=5.195e-06
[train] step=3905 loss=0.132507 lr=5.193e-06
[train] step=3906 loss=0.193991 lr=5.191e-06
[train] step=3907 loss=0.172344 lr=5.189e-06
[train] step=3908 loss=0.213852 lr=5.187e-06
[train] step=3909 loss=0.163353 lr=5.185e-06
[train] step=3910 loss=0.132654 lr=5.183e-06
[train] step=3911 loss=0.197292 lr=5.182e-06
[train] step=3912 loss=0.244702 lr=5.180e-06
[train] step=3913 loss=0.237093 lr=5.178e-06
[train] step=3914 loss=0.372750 lr=5.176e-06
[train] step=3915 loss=0.132840 lr=5.174e-06
[train] step=3916 loss=0.218616 lr=5.172e-06
[train] step=3917 loss=0.135354 lr=5.170e-06
[train] step=3918 loss=0.119291 lr=5.168e-06
[train] step=3919 loss=0.312360 lr=5.166e-06
[train] step=3920 loss=0.170665 lr=5.164e-06
[train] step=3921 loss=0.188805 lr=5.162e-06
[train] step=3922 loss=0.189622 lr=5.160e-06
[train] step=3923 loss=0.118595 lr=5.158e-06
[train] step=3924 loss=0.200098 lr=5.156e-06
[train] step=3925 loss=0.109005 lr=5.154e-06
[train] step=3926 loss=0.149154 lr=5.152e-06
[train] step=3927 loss=0.169685 lr=5.150e-06
[train] step=3928 loss=0.132976 lr=5.148e-06
[train] step=3929 loss=0.205046 lr=5.146e-06
[train] step=3930 loss=0.152832 lr=5.144e-06
[train] step=3931 loss=0.195213 lr=5.142e-06
[train] step=3932 loss=0.215658 lr=5.140e-06
[train] step=3933 loss=0.170135 lr=5.138e-06
[train] step=3934 loss=0.268069 lr=5.136e-06
[train] step=3935 loss=0.248979 lr=5.134e-06
[train] step=3936 loss=0.134185 lr=5.132e-06
[train] step=3937 loss=0.146985 lr=5.131e-06
[train] step=3938 loss=0.167903 lr=5.129e-06
[train] step=3939 loss=0.196187 lr=5.127e-06
[train] step=3940 loss=0.175417 lr=5.125e-06
[train] step=3941 loss=0.172828 lr=5.123e-06
[train] step=3942 loss=0.175703 lr=5.121e-06
[train] step=3943 loss=0.192108 lr=5.119e-06
[train] step=3944 loss=0.194235 lr=5.117e-06
[train] step=3945 loss=0.140651 lr=5.115e-06
[train] step=3946 loss=0.167735 lr=5.113e-06
[train] step=3947 loss=0.184525 lr=5.111e-06
[train] step=3948 loss=0.213391 lr=5.109e-06
[train] step=3949 loss=0.166706 lr=5.107e-06
[train] step=3950 loss=0.155437 lr=5.105e-06
[train] step=3951 loss=0.155191 lr=5.103e-06
[train] step=3952 loss=0.207676 lr=5.101e-06
[train] step=3953 loss=0.184031 lr=5.099e-06
[train] step=3954 loss=0.175366 lr=5.097e-06
[train] step=3955 loss=0.254798 lr=5.095e-06
[train] step=3956 loss=0.169594 lr=5.093e-06
[train] step=3957 loss=0.144323 lr=5.091e-06
[train] step=3958 loss=0.185254 lr=5.089e-06
[train] step=3959 loss=0.173420 lr=5.087e-06
[train] step=3960 loss=0.181354 lr=5.085e-06
INFO     [rank 0] Model weights for step 3960 saved in       dit_trainer.py:1288
         checkpoints/model_weights_step_03960.safetensors                       
INFO     [rank 0] Scalar embedding weights for step 3960     dit_trainer.py:1297
         saved                                                                  
INFO     [rank 0] Training state saved:                      dit_trainer.py:1416
         checkpoints/model_weights_step_03960.state.pt                          
DEBUG    [rank 0] Removed old checkpoint:                    dit_trainer.py:1429
         /hppfs/scratch/0D/go76fuz2/windinet/outputs/shockwa                    
         ve_dit_ch6_unfinetuned/checkpoints/model_weights_st                    
         ep_03720.safetensors                                                   
DEBUG    [rank 0] Removed old checkpoint:                    dit_trainer.py:1429
         /hppfs/scratch/0D/go76fuz2/windinet/outputs/shockwa                    
         ve_dit_ch6_unfinetuned/checkpoints/scalar_embedding                    
         _step_03720.safetensors                                                
DEBUG    [rank 0] Removed optimizer state for older kept     dit_trainer.py:1444
         checkpoint:                                                            
         /hppfs/scratch/0D/go76fuz2/windinet/outputs/shockwa                    
         ve_dit_ch6_unfinetuned/checkpoints/model_weights_st                    
         ep_03840.state.pt                                                      
[epoch 33] step=3960 train_loss=0.178518
[train] step=3961 loss=0.176547 lr=5.083e-06
[train] step=3962 loss=0.150584 lr=5.081e-06
[train] step=3963 loss=0.190867 lr=5.080e-06
[train] step=3964 loss=0.180008 lr=5.078e-06
[train] step=3965 loss=0.270716 lr=5.076e-06
[train] step=3966 loss=0.212699 lr=5.074e-06
[train] step=3967 loss=0.126479 lr=5.072e-06
[train] step=3968 loss=0.131183 lr=5.070e-06
[train] step=3969 loss=0.349174 lr=5.068e-06
[train] step=3970 loss=0.232151 lr=5.066e-06
[train] step=3971 loss=0.092306 lr=5.064e-06
[train] step=3972 loss=0.211247 lr=5.062e-06
[train] step=3973 loss=0.212268 lr=5.060e-06
[train] step=3974 loss=0.135716 lr=5.058e-06
[train] step=3975 loss=0.198027 lr=5.056e-06
[train] step=3976 loss=0.177714 lr=5.054e-06
[train] step=3977 loss=0.110300 lr=5.052e-06
[train] step=3978 loss=0.117599 lr=5.050e-06
[train] step=3979 loss=0.195080 lr=5.048e-06
[train] step=3980 loss=0.223982 lr=5.046e-06
[train] step=3981 loss=0.129689 lr=5.044e-06
[train] step=3982 loss=0.201344 lr=5.042e-06
[train] step=3983 loss=0.280991 lr=5.040e-06
[train] step=3984 loss=0.178650 lr=5.038e-06
[train] step=3985 loss=0.123702 lr=5.036e-06
[train] step=3986 loss=0.210205 lr=5.034e-06
[train] step=3987 loss=0.147377 lr=5.032e-06
[train] step=3988 loss=0.241423 lr=5.030e-06
[train] step=3989 loss=0.096572 lr=5.029e-06
[train] step=3990 loss=0.207234 lr=5.027e-06
[train] step=3991 loss=0.283473 lr=5.025e-06
[train] step=3992 loss=0.179531 lr=5.023e-06
[train] step=3993 loss=0.196165 lr=5.021e-06
[train] step=3994 loss=0.192416 lr=5.019e-06
[train] step=3995 loss=0.121664 lr=5.017e-06
[train] step=3996 loss=0.181459 lr=5.015e-06
[train] step=3997 loss=0.172451 lr=5.013e-06
[train] step=3998 loss=0.157871 lr=5.011e-06
[train] step=3999 loss=0.119391 lr=5.009e-06
[train] step=4000 loss=0.241217 lr=5.007e-06
[train] step=4001 loss=0.226201 lr=5.005e-06
[train] step=4002 loss=0.191102 lr=5.003e-06
[train] step=4003 loss=0.250322 lr=5.001e-06
[train] step=4004 loss=0.157707 lr=4.999e-06
[train] step=4005 loss=0.152841 lr=4.997e-06
[train] step=4006 loss=0.191863 lr=4.995e-06
[train] step=4007 loss=0.166160 lr=4.993e-06
[train] step=4008 loss=0.168821 lr=4.991e-06
[train] step=4009 loss=0.177088 lr=4.989e-06
[train] step=4010 loss=0.182247 lr=4.987e-06
[train] step=4011 loss=0.221338 lr=4.985e-06
[train] step=4012 loss=0.218967 lr=4.983e-06
[train] step=4013 loss=0.200444 lr=4.981e-06
[train] step=4014 loss=0.125343 lr=4.980e-06
[train] step=4015 loss=0.157419 lr=4.978e-06
[train] step=4016 loss=0.209709 lr=4.976e-06
[train] step=4017 loss=0.206166 lr=4.974e-06
[train] step=4018 loss=0.136976 lr=4.972e-06
[train] step=4019 loss=0.114841 lr=4.970e-06
[train] step=4020 loss=0.175249 lr=4.968e-06
[train] step=4021 loss=0.142593 lr=4.966e-06
[train] step=4022 loss=0.220679 lr=4.964e-06
[train] step=4023 loss=0.227351 lr=4.962e-06
[train] step=4024 loss=0.217580 lr=4.960e-06
[train] step=4025 loss=0.184486 lr=4.958e-06
[train] step=4026 loss=0.200686 lr=4.956e-06
[train] step=4027 loss=0.168052 lr=4.954e-06
[train] step=4028 loss=0.196402 lr=4.952e-06
[train] step=4029 loss=0.221630 lr=4.950e-06
[train] step=4030 loss=0.211757 lr=4.948e-06
[train] step=4031 loss=0.174599 lr=4.946e-06
[train] step=4032 loss=0.192474 lr=4.944e-06
[train] step=4033 loss=0.192627 lr=4.942e-06
[train] step=4034 loss=0.198947 lr=4.940e-06
[train] step=4035 loss=0.154797 lr=4.938e-06
[train] step=4036 loss=0.195651 lr=4.936e-06
[train] step=4037 loss=0.158886 lr=4.934e-06
[train] step=4038 loss=0.236890 lr=4.932e-06
[train] step=4039 loss=0.172294 lr=4.930e-06
[train] step=4040 loss=0.197494 lr=4.929e-06
[train] step=4041 loss=0.224774 lr=4.927e-06
[train] step=4042 loss=0.157779 lr=4.925e-06
[train] step=4043 loss=0.165419 lr=4.923e-06
[train] step=4044 loss=0.324359 lr=4.921e-06
[train] step=4045 loss=0.193220 lr=4.919e-06
[train] step=4046 loss=0.179770 lr=4.917e-06
[train] step=4047 loss=0.217448 lr=4.915e-06
[train] step=4048 loss=0.159370 lr=4.913e-06
[train] step=4049 loss=0.187080 lr=4.911e-06
[train] step=4050 loss=0.226817 lr=4.909e-06
[train] step=4051 loss=0.150221 lr=4.907e-06
[train] step=4052 loss=0.185403 lr=4.905e-06
[train] step=4053 loss=0.199992 lr=4.903e-06
[train] step=4054 loss=0.160381 lr=4.901e-06
[train] step=4055 loss=0.177582 lr=4.899e-06
[train] step=4056 loss=0.151498 lr=4.897e-06
[train] step=4057 loss=0.175647 lr=4.895e-06
[train] step=4058 loss=0.153155 lr=4.893e-06
[train] step=4059 loss=0.140352 lr=4.891e-06
[train] step=4060 loss=0.139379 lr=4.889e-06
[train] step=4061 loss=0.203696 lr=4.887e-06
[train] step=4062 loss=0.214589 lr=4.885e-06
[train] step=4063 loss=0.172622 lr=4.883e-06
[train] step=4064 loss=0.158016 lr=4.881e-06
[train] step=4065 loss=0.183114 lr=4.879e-06
[train] step=4066 loss=0.195493 lr=4.878e-06
[train] step=4067 loss=0.192906 lr=4.876e-06
[train] step=4068 loss=0.217088 lr=4.874e-06
[train] step=4069 loss=0.184473 lr=4.872e-06
[train] step=4070 loss=0.176075 lr=4.870e-06
[train] step=4071 loss=0.222755 lr=4.868e-06
[train] step=4072 loss=0.112496 lr=4.866e-06
[train] step=4073 loss=0.161493 lr=4.864e-06
[train] step=4074 loss=0.173874 lr=4.862e-06
[train] step=4075 loss=0.226964 lr=4.860e-06
[train] step=4076 loss=0.358447 lr=4.858e-06
[train] step=4077 loss=0.188500 lr=4.856e-06
[train] step=4078 loss=0.197984 lr=4.854e-06
[train] step=4079 loss=0.195236 lr=4.852e-06
[train] step=4080 loss=0.179168 lr=4.850e-06
INFO     [rank 0] Model weights for step 4080 saved in       dit_trainer.py:1288
         checkpoints/model_weights_step_04080.safetensors                       
INFO     [rank 0] Scalar embedding weights for step 4080     dit_trainer.py:1297
         saved                                                                  
INFO     [rank 0] Training state saved:                      dit_trainer.py:1416
         checkpoints/model_weights_step_04080.state.pt                          
DEBUG    [rank 0] Removed old checkpoint:                    dit_trainer.py:1429
         /hppfs/scratch/0D/go76fuz2/windinet/outputs/shockwa                    
         ve_dit_ch6_unfinetuned/checkpoints/model_weights_st                    
         ep_03840.safetensors                                                   
DEBUG    [rank 0] Removed old checkpoint:                    dit_trainer.py:1429
         /hppfs/scratch/0D/go76fuz2/windinet/outputs/shockwa                    
         ve_dit_ch6_unfinetuned/checkpoints/scalar_embedding                    
         _step_03840.safetensors                                                
DEBUG    [rank 0] Removed optimizer state for older kept     dit_trainer.py:1444
         checkpoint:                                                            
         /hppfs/scratch/0D/go76fuz2/windinet/outputs/shockwa                    
         ve_dit_ch6_unfinetuned/checkpoints/model_weights_st                    
         ep_03960.state.pt                                                      
[epoch 34] step=4080 train_loss=0.187008
[train] step=4081 loss=0.220932 lr=4.848e-06
[train] step=4082 loss=0.335945 lr=4.846e-06
[train] step=4083 loss=0.218962 lr=4.844e-06
[train] step=4084 loss=0.198716 lr=4.842e-06
[train] step=4085 loss=0.134250 lr=4.840e-06
[train] step=4086 loss=0.208477 lr=4.838e-06
[train] step=4087 loss=0.177838 lr=4.836e-06
[train] step=4088 loss=0.149132 lr=4.834e-06
[train] step=4089 loss=0.126401 lr=4.832e-06
[train] step=4090 loss=0.165731 lr=4.830e-06
[train] step=4091 loss=0.162444 lr=4.828e-06
[train] step=4092 loss=0.151498 lr=4.827e-06
[train] step=4093 loss=0.184433 lr=4.825e-06
[train] step=4094 loss=0.180668 lr=4.823e-06
[train] step=4095 loss=0.200095 lr=4.821e-06
[train] step=4096 loss=0.213414 lr=4.819e-06
[train] step=4097 loss=0.277950 lr=4.817e-06
[train] step=4098 loss=0.179430 lr=4.815e-06
[train] step=4099 loss=0.169190 lr=4.813e-06
[train] step=4100 loss=0.192494 lr=4.811e-06
[train] step=4101 loss=0.271881 lr=4.809e-06
[train] step=4102 loss=0.153039 lr=4.807e-06
[train] step=4103 loss=0.409928 lr=4.805e-06
[train] step=4104 loss=0.157999 lr=4.803e-06
[train] step=4105 loss=0.130141 lr=4.801e-06
[train] step=4106 loss=0.130558 lr=4.799e-06
[train] step=4107 loss=0.227605 lr=4.797e-06
[train] step=4108 loss=0.248190 lr=4.795e-06
[train] step=4109 loss=0.132670 lr=4.793e-06
[train] step=4110 loss=0.149640 lr=4.791e-06
[train] step=4111 loss=0.185677 lr=4.789e-06
[train] step=4112 loss=0.132253 lr=4.787e-06
[train] step=4113 loss=0.203669 lr=4.785e-06
[train] step=4114 loss=0.161684 lr=4.783e-06
[train] step=4115 loss=0.174533 lr=4.781e-06
[train] step=4116 loss=0.171516 lr=4.780e-06
[train] step=4117 loss=0.155270 lr=4.778e-06
[train] step=4118 loss=0.308973 lr=4.776e-06
[train] step=4119 loss=0.120287 lr=4.774e-06
[train] step=4120 loss=0.116793 lr=4.772e-06
[train] step=4121 loss=0.199683 lr=4.770e-06
[train] step=4122 loss=0.132534 lr=4.768e-06
[train] step=4123 loss=0.192334 lr=4.766e-06
[train] step=4124 loss=0.164644 lr=4.764e-06
[train] step=4125 loss=0.180144 lr=4.762e-06
[train] step=4126 loss=0.166938 lr=4.760e-06
[train] step=4127 loss=0.161379 lr=4.758e-06
[train] step=4128 loss=0.171381 lr=4.756e-06
[train] step=4129 loss=0.174243 lr=4.754e-06
[train] step=4130 loss=0.164174 lr=4.752e-06
[train] step=4131 loss=0.139276 lr=4.750e-06
[train] step=4132 loss=0.194335 lr=4.748e-06
[train] step=4133 loss=0.149299 lr=4.746e-06
[train] step=4134 loss=0.140075 lr=4.744e-06
[train] step=4135 loss=0.125305 lr=4.742e-06
[train] step=4136 loss=0.228945 lr=4.740e-06
[train] step=4137 loss=0.162461 lr=4.738e-06
[train] step=4138 loss=0.241260 lr=4.736e-06
[train] step=4139 loss=0.156796 lr=4.734e-06
[train] step=4140 loss=0.164893 lr=4.732e-06
[train] step=4141 loss=0.131088 lr=4.731e-06
[train] step=4142 loss=0.134765 lr=4.729e-06
[train] step=4143 loss=0.099297 lr=4.727e-06
[train] step=4144 loss=0.182331 lr=4.725e-06
[train] step=4145 loss=0.145683 lr=4.723e-06
[train] step=4146 loss=0.639840 lr=4.721e-06
[train] step=4147 loss=0.177452 lr=4.719e-06
[train] step=4148 loss=0.226766 lr=4.717e-06
[train] step=4149 loss=0.223012 lr=4.715e-06
[train] step=4150 loss=0.445689 lr=4.713e-06
[train] step=4151 loss=0.160590 lr=4.711e-06
[train] step=4152 loss=0.148457 lr=4.709e-06
[train] step=4153 loss=0.154060 lr=4.707e-06
[train] step=4154 loss=0.155683 lr=4.705e-06
[train] step=4155 loss=0.232409 lr=4.703e-06
[train] step=4156 loss=0.192192 lr=4.701e-06
[train] step=4157 loss=0.149409 lr=4.699e-06
[train] step=4158 loss=0.166201 lr=4.697e-06
[train] step=4159 loss=0.153887 lr=4.695e-06
[train] step=4160 loss=0.125425 lr=4.693e-06
[train] step=4161 loss=0.164131 lr=4.691e-06
[train] step=4162 loss=0.152179 lr=4.689e-06
[train] step=4163 loss=0.129528 lr=4.687e-06
[train] step=4164 loss=0.190487 lr=4.685e-06
[train] step=4165 loss=0.175502 lr=4.684e-06
[train] step=4166 loss=0.157588 lr=4.682e-06
[train] step=4167 loss=0.145941 lr=4.680e-06
[train] step=4168 loss=0.180955 lr=4.678e-06
[train] step=4169 loss=0.164362 lr=4.676e-06
[train] step=4170 loss=0.149027 lr=4.674e-06
[train] step=4171 loss=0.168918 lr=4.672e-06
[train] step=4172 loss=0.148601 lr=4.670e-06
[train] step=4173 loss=0.111989 lr=4.668e-06
[train] step=4174 loss=0.269981 lr=4.666e-06
[train] step=4175 loss=0.240944 lr=4.664e-06
[train] step=4176 loss=0.157940 lr=4.662e-06
[train] step=4177 loss=0.187686 lr=4.660e-06
[train] step=4178 loss=0.212618 lr=4.658e-06
[train] step=4179 loss=0.181970 lr=4.656e-06
[train] step=4180 loss=0.214494 lr=4.654e-06
[train] step=4181 loss=0.143724 lr=4.652e-06
[train] step=4182 loss=0.151506 lr=4.650e-06
[train] step=4183 loss=0.196056 lr=4.648e-06
[train] step=4184 loss=0.272604 lr=4.646e-06
[train] step=4185 loss=0.174157 lr=4.644e-06
[train] step=4186 loss=0.166837 lr=4.642e-06
[train] step=4187 loss=0.184725 lr=4.640e-06
[train] step=4188 loss=0.183262 lr=4.639e-06
[train] step=4189 loss=0.222034 lr=4.637e-06
[train] step=4190 loss=0.169316 lr=4.635e-06
[train] step=4191 loss=0.133911 lr=4.633e-06
[train] step=4192 loss=0.166133 lr=4.631e-06
[train] step=4193 loss=0.166229 lr=4.629e-06
[train] step=4194 loss=0.170540 lr=4.627e-06
[train] step=4195 loss=0.205577 lr=4.625e-06
[train] step=4196 loss=0.161221 lr=4.623e-06
[train] step=4197 loss=0.208431 lr=4.621e-06
[train] step=4198 loss=0.131828 lr=4.619e-06
[train] step=4199 loss=0.186860 lr=4.617e-06
[train] step=4200 loss=0.223880 lr=4.615e-06
[val] step=4200 val_loss=0.181273
INFO     [rank 0] Model weights for step 4200 saved in       dit_trainer.py:1288
         checkpoints/model_weights_step_04200.safetensors                       
INFO     [rank 0] Scalar embedding weights for step 4200     dit_trainer.py:1297
         saved                                                                  
INFO     [rank 0] Training state saved:                      dit_trainer.py:1416
         checkpoints/model_weights_step_04200.state.pt                          
INFO     [rank 0] New best checkpoint (step 4200,            dit_trainer.py:1320
         val_loss=0.181273):                                                    
         checkpoints/model_weights_best.safetensors                             
DEBUG    [rank 0] Removed old checkpoint:                    dit_trainer.py:1429
         /hppfs/scratch/0D/go76fuz2/windinet/outputs/shockwa                    
         ve_dit_ch6_unfinetuned/checkpoints/model_weights_st                    
         ep_03960.safetensors                                                   
DEBUG    [rank 0] Removed old checkpoint:                    dit_trainer.py:1429
         /hppfs/scratch/0D/go76fuz2/windinet/outputs/shockwa                    
         ve_dit_ch6_unfinetuned/checkpoints/scalar_embedding                    
         _step_03960.safetensors                                                
DEBUG    [rank 0] Removed optimizer state for older kept     dit_trainer.py:1444
         checkpoint:                                                            
         /hppfs/scratch/0D/go76fuz2/windinet/outputs/shockwa                    
         ve_dit_ch6_unfinetuned/checkpoints/model_weights_st                    
         ep_04080.state.pt                                                      
[epoch 35] step=4200 train_loss=0.184363 val_loss=0.181273
[train] step=4201 loss=0.130914 lr=4.613e-06
[train] step=4202 loss=0.271343 lr=4.611e-06
[train] step=4203 loss=0.172196 lr=4.609e-06
[train] step=4204 loss=0.111982 lr=4.607e-06
[train] step=4205 loss=0.102697 lr=4.605e-06
[train] step=4206 loss=0.164020 lr=4.603e-06
[train] step=4207 loss=0.213391 lr=4.601e-06
[train] step=4208 loss=0.166611 lr=4.599e-06
[train] step=4209 loss=0.142478 lr=4.597e-06
[train] step=4210 loss=0.138370 lr=4.595e-06
[train] step=4211 loss=0.167190 lr=4.594e-06
[train] step=4212 loss=0.166831 lr=4.592e-06
[train] step=4213 loss=0.179245 lr=4.590e-06
[train] step=4214 loss=0.170551 lr=4.588e-06
[train] step=4215 loss=0.181160 lr=4.586e-06
[train] step=4216 loss=0.146201 lr=4.584e-06
[train] step=4217 loss=0.199285 lr=4.582e-06
[train] step=4218 loss=0.203915 lr=4.580e-06
[train] step=4219 loss=0.184877 lr=4.578e-06
[train] step=4220 loss=0.120969 lr=4.576e-06
[train] step=4221 loss=0.168291 lr=4.574e-06
[train] step=4222 loss=0.226431 lr=4.572e-06
[train] step=4223 loss=0.146966 lr=4.570e-06
[train] step=4224 loss=0.150818 lr=4.568e-06
[train] step=4225 loss=0.205862 lr=4.566e-06
[train] step=4226 loss=0.217609 lr=4.564e-06
[train] step=4227 loss=0.130240 lr=4.562e-06
[train] step=4228 loss=0.160544 lr=4.560e-06
[train] step=4229 loss=0.180240 lr=4.558e-06
[train] step=4230 loss=0.183307 lr=4.556e-06
[train] step=4231 loss=0.146289 lr=4.554e-06
[train] step=4232 loss=0.177138 lr=4.553e-06
[train] step=4233 loss=0.538989 lr=4.551e-06
[train] step=4234 loss=0.142279 lr=4.549e-06
[train] step=4235 loss=0.186720 lr=4.547e-06
[train] step=4236 loss=0.102507 lr=4.545e-06
[train] step=4237 loss=0.168527 lr=4.543e-06
[train] step=4238 loss=0.173650 lr=4.541e-06
[train] step=4239 loss=0.116866 lr=4.539e-06
[train] step=4240 loss=0.166317 lr=4.537e-06
[train] step=4241 loss=0.173757 lr=4.535e-06
[train] step=4242 loss=0.132710 lr=4.533e-06
[train] step=4243 loss=0.295087 lr=4.531e-06
[train] step=4244 loss=0.134184 lr=4.529e-06
[train] step=4245 loss=0.164586 lr=4.527e-06
[train] step=4246 loss=0.140223 lr=4.525e-06
[train] step=4247 loss=0.159194 lr=4.523e-06
[train] step=4248 loss=0.268828 lr=4.521e-06
[train] step=4249 loss=0.338804 lr=4.519e-06
[train] step=4250 loss=0.126574 lr=4.517e-06
[train] step=4251 loss=0.234681 lr=4.515e-06
[train] step=4252 loss=0.148599 lr=4.513e-06
[train] step=4253 loss=0.096115 lr=4.512e-06
[train] step=4254 loss=0.147566 lr=4.510e-06
[train] step=4255 loss=0.211823 lr=4.508e-06
[train] step=4256 loss=0.151580 lr=4.506e-06
[train] step=4257 loss=0.444170 lr=4.504e-06
[train] step=4258 loss=0.235141 lr=4.502e-06
[train] step=4259 loss=0.229113 lr=4.500e-06
[train] step=4260 loss=0.153386 lr=4.498e-06
[train] step=4261 loss=0.168636 lr=4.496e-06
[train] step=4262 loss=0.226321 lr=4.494e-06
[train] step=4263 loss=0.161918 lr=4.492e-06
[train] step=4264 loss=0.188955 lr=4.490e-06
[train] step=4265 loss=0.169343 lr=4.488e-06
[train] step=4266 loss=0.125369 lr=4.486e-06
[train] step=4267 loss=0.115315 lr=4.484e-06
[train] step=4268 loss=0.201300 lr=4.482e-06
[train] step=4269 loss=0.251813 lr=4.480e-06
[train] step=4270 loss=0.145472 lr=4.478e-06
[train] step=4271 loss=0.128426 lr=4.476e-06
[train] step=4272 loss=0.198981 lr=4.474e-06
[train] step=4273 loss=0.173634 lr=4.472e-06
[train] step=4274 loss=0.115412 lr=4.471e-06
[train] step=4275 loss=0.154692 lr=4.469e-06
[train] step=4276 loss=0.122014 lr=4.467e-06
[train] step=4277 loss=0.272702 lr=4.465e-06
[train] step=4278 loss=0.179634 lr=4.463e-06
[train] step=4279 loss=0.152345 lr=4.461e-06
[train] step=4280 loss=0.127267 lr=4.459e-06
[train] step=4281 loss=0.124113 lr=4.457e-06
[train] step=4282 loss=0.152058 lr=4.455e-06
[train] step=4283 loss=0.321546 lr=4.453e-06
[train] step=4284 loss=0.208889 lr=4.451e-06
[train] step=4285 loss=0.169524 lr=4.449e-06
[train] step=4286 loss=0.182412 lr=4.447e-06
[train] step=4287 loss=0.220257 lr=4.445e-06
[train] step=4288 loss=0.166659 lr=4.443e-06
[train] step=4289 loss=0.179407 lr=4.441e-06
[train] step=4290 loss=0.212113 lr=4.439e-06
[train] step=4291 loss=0.208346 lr=4.437e-06
[train] step=4292 loss=0.135389 lr=4.435e-06
[train] step=4293 loss=0.333520 lr=4.433e-06
[train] step=4294 loss=0.101393 lr=4.432e-06
[train] step=4295 loss=0.202788 lr=4.430e-06
[train] step=4296 loss=0.154105 lr=4.428e-06
[train] step=4297 loss=0.135419 lr=4.426e-06
[train] step=4298 loss=0.189592 lr=4.424e-06
[train] step=4299 loss=0.179588 lr=4.422e-06
[train] step=4300 loss=0.222925 lr=4.420e-06
[train] step=4301 loss=0.224992 lr=4.418e-06
[train] step=4302 loss=0.186085 lr=4.416e-06
[train] step=4303 loss=0.239082 lr=4.414e-06
[train] step=4304 loss=0.174133 lr=4.412e-06
[train] step=4305 loss=0.116417 lr=4.410e-06
[train] step=4306 loss=0.175046 lr=4.408e-06
[train] step=4307 loss=0.189186 lr=4.406e-06
[train] step=4308 loss=0.116876 lr=4.404e-06
[train] step=4309 loss=0.153783 lr=4.402e-06
[train] step=4310 loss=0.227133 lr=4.400e-06
[train] step=4311 loss=0.178242 lr=4.398e-06
[train] step=4312 loss=0.196669 lr=4.396e-06
[train] step=4313 loss=0.191045 lr=4.395e-06
[train] step=4314 loss=0.256588 lr=4.393e-06
[train] step=4315 loss=0.117940 lr=4.391e-06
[train] step=4316 loss=0.124680 lr=4.389e-06
[train] step=4317 loss=0.168349 lr=4.387e-06
[train] step=4318 loss=0.234036 lr=4.385e-06
[train] step=4319 loss=0.182499 lr=4.383e-06
[train] step=4320 loss=0.212619 lr=4.381e-06
INFO     [rank 0] Model weights for step 4320 saved in       dit_trainer.py:1288
         checkpoints/model_weights_step_04320.safetensors                       
INFO     [rank 0] Scalar embedding weights for step 4320     dit_trainer.py:1297
         saved                                                                  
INFO     [rank 0] Training state saved:                      dit_trainer.py:1416
         checkpoints/model_weights_step_04320.state.pt                          
DEBUG    [rank 0] Removed old checkpoint:                    dit_trainer.py:1429
         /hppfs/scratch/0D/go76fuz2/windinet/outputs/shockwa                    
         ve_dit_ch6_unfinetuned/checkpoints/model_weights_st                    
         ep_04080.safetensors                                                   
DEBUG    [rank 0] Removed old checkpoint:                    dit_trainer.py:1429
         /hppfs/scratch/0D/go76fuz2/windinet/outputs/shockwa                    
         ve_dit_ch6_unfinetuned/checkpoints/scalar_embedding                    
         _step_04080.safetensors                                                
DEBUG    [rank 0] Removed optimizer state for older kept     dit_trainer.py:1444
         checkpoint:                                                            
         /hppfs/scratch/0D/go76fuz2/windinet/outputs/shockwa                    
         ve_dit_ch6_unfinetuned/checkpoints/model_weights_st                    
         ep_04200.state.pt                                                      
[epoch 36] step=4320 train_loss=0.182218
[train] step=4321 loss=0.156409 lr=4.379e-06
[train] step=4322 loss=0.114452 lr=4.377e-06
[train] step=4323 loss=0.239488 lr=4.375e-06
[train] step=4324 loss=0.148902 lr=4.373e-06
[train] step=4325 loss=0.176595 lr=4.371e-06
[train] step=4326 loss=0.176325 lr=4.369e-06
[train] step=4327 loss=0.116210 lr=4.367e-06
[train] step=4328 loss=0.176959 lr=4.365e-06
[train] step=4329 loss=0.178563 lr=4.363e-06
[train] step=4330 loss=0.225470 lr=4.361e-06
[train] step=4331 loss=0.146106 lr=4.360e-06
[train] step=4332 loss=0.134691 lr=4.358e-06
[train] step=4333 loss=0.180328 lr=4.356e-06
[train] step=4334 loss=0.242245 lr=4.354e-06
[train] step=4335 loss=0.137073 lr=4.352e-06
[train] step=4336 loss=0.288067 lr=4.350e-06
[train] step=4337 loss=0.146765 lr=4.348e-06
[train] step=4338 loss=0.132961 lr=4.346e-06
[train] step=4339 loss=0.146567 lr=4.344e-06
[train] step=4340 loss=0.198191 lr=4.342e-06
[train] step=4341 loss=0.137721 lr=4.340e-06
[train] step=4342 loss=0.205770 lr=4.338e-06
[train] step=4343 loss=0.498634 lr=4.336e-06
[train] step=4344 loss=0.134482 lr=4.334e-06
[train] step=4345 loss=0.234239 lr=4.332e-06
[train] step=4346 loss=0.104431 lr=4.330e-06
[train] step=4347 loss=0.206042 lr=4.328e-06
[train] step=4348 loss=0.406161 lr=4.326e-06
[train] step=4349 loss=0.180207 lr=4.325e-06
[train] step=4350 loss=0.187480 lr=4.323e-06
[train] step=4351 loss=0.188734 lr=4.321e-06
[train] step=4352 loss=0.159996 lr=4.319e-06
[train] step=4353 loss=0.325884 lr=4.317e-06
[train] step=4354 loss=0.123877 lr=4.315e-06
[train] step=4355 loss=0.133560 lr=4.313e-06
[train] step=4356 loss=0.235672 lr=4.311e-06
[train] step=4357 loss=0.204125 lr=4.309e-06
[train] step=4358 loss=0.165442 lr=4.307e-06
[train] step=4359 loss=0.179251 lr=4.305e-06
[train] step=4360 loss=0.112394 lr=4.303e-06
[train] step=4361 loss=0.139048 lr=4.301e-06
[train] step=4362 loss=0.338327 lr=4.299e-06
[train] step=4363 loss=0.147926 lr=4.297e-06
[train] step=4364 loss=0.200221 lr=4.295e-06
[train] step=4365 loss=0.125504 lr=4.293e-06
[train] step=4366 loss=0.127549 lr=4.291e-06
[train] step=4367 loss=0.177859 lr=4.290e-06
[train] step=4368 loss=0.139007 lr=4.288e-06
[train] step=4369 loss=0.127037 lr=4.286e-06
[train] step=4370 loss=0.209307 lr=4.284e-06
[train] step=4371 loss=0.216895 lr=4.282e-06
[train] step=4372 loss=0.141408 lr=4.280e-06
[train] step=4373 loss=0.199490 lr=4.278e-06
[train] step=4374 loss=0.209718 lr=4.276e-06
[train] step=4375 loss=0.168153 lr=4.274e-06
[train] step=4376 loss=0.170681 lr=4.272e-06
[train] step=4377 loss=0.166661 lr=4.270e-06
[train] step=4378 loss=0.129175 lr=4.268e-06
[train] step=4379 loss=0.116701 lr=4.266e-06
[train] step=4380 loss=0.174474 lr=4.264e-06
[train] step=4381 loss=0.120278 lr=4.262e-06
[train] step=4382 loss=0.137024 lr=4.260e-06
[train] step=4383 loss=0.107838 lr=4.259e-06
[train] step=4384 loss=0.153940 lr=4.257e-06
[train] step=4385 loss=0.179151 lr=4.255e-06
[train] step=4386 loss=0.109066 lr=4.253e-06
[train] step=4387 loss=0.187805 lr=4.251e-06
[train] step=4388 loss=0.150895 lr=4.249e-06
[train] step=4389 loss=0.121065 lr=4.247e-06
[train] step=4390 loss=0.194796 lr=4.245e-06
[train] step=4391 loss=0.230943 lr=4.243e-06
[train] step=4392 loss=0.235216 lr=4.241e-06
[train] step=4393 loss=0.190671 lr=4.239e-06
[train] step=4394 loss=0.115289 lr=4.237e-06
[train] step=4395 loss=0.160116 lr=4.235e-06
[train] step=4396 loss=0.173474 lr=4.233e-06
[train] step=4397 loss=0.210807 lr=4.231e-06
[train] step=4398 loss=0.150506 lr=4.229e-06
[train] step=4399 loss=0.177347 lr=4.227e-06
[train] step=4400 loss=0.092345 lr=4.226e-06
[train] step=4401 loss=0.244272 lr=4.224e-06
[train] step=4402 loss=0.176551 lr=4.222e-06
[train] step=4403 loss=0.147565 lr=4.220e-06
[train] step=4404 loss=0.192383 lr=4.218e-06
[train] step=4405 loss=0.152029 lr=4.216e-06
[train] step=4406 loss=0.312373 lr=4.214e-06
[train] step=4407 loss=0.252215 lr=4.212e-06
[train] step=4408 loss=0.144788 lr=4.210e-06
[train] step=4409 loss=0.186155 lr=4.208e-06
[train] step=4410 loss=0.316484 lr=4.206e-06
[train] step=4411 loss=0.180343 lr=4.204e-06
[train] step=4412 loss=0.172551 lr=4.202e-06
[train] step=4413 loss=0.176706 lr=4.200e-06
[train] step=4414 loss=0.201957 lr=4.198e-06
[train] step=4415 loss=0.190578 lr=4.196e-06
[train] step=4416 loss=0.168150 lr=4.195e-06
[train] step=4417 loss=0.111146 lr=4.193e-06
[train] step=4418 loss=0.131695 lr=4.191e-06
[train] step=4419 loss=0.175218 lr=4.189e-06
[train] step=4420 loss=0.182004 lr=4.187e-06
[train] step=4421 loss=0.165816 lr=4.185e-06
[train] step=4422 loss=0.229704 lr=4.183e-06
[train] step=4423 loss=0.258308 lr=4.181e-06
[train] step=4424 loss=0.186683 lr=4.179e-06
[train] step=4425 loss=0.112604 lr=4.177e-06
[train] step=4426 loss=0.167518 lr=4.175e-06
[train] step=4427 loss=0.146228 lr=4.173e-06
[train] step=4428 loss=0.212676 lr=4.171e-06
[train] step=4429 loss=0.174508 lr=4.169e-06
[train] step=4430 loss=0.163728 lr=4.167e-06
[train] step=4431 loss=0.165360 lr=4.166e-06
[train] step=4432 loss=0.298881 lr=4.164e-06
[train] step=4433 loss=0.176242 lr=4.162e-06
[train] step=4434 loss=0.163094 lr=4.160e-06
[train] step=4435 loss=0.191176 lr=4.158e-06
[train] step=4436 loss=0.196321 lr=4.156e-06
[train] step=4437 loss=0.177461 lr=4.154e-06
[train] step=4438 loss=0.107285 lr=4.152e-06
[train] step=4439 loss=0.172759 lr=4.150e-06
[train] step=4440 loss=0.126099 lr=4.148e-06
INFO     [rank 0] Model weights for step 4440 saved in       dit_trainer.py:1288
         checkpoints/model_weights_step_04440.safetensors                       
INFO     [rank 0] Scalar embedding weights for step 4440     dit_trainer.py:1297
         saved                                                                  
INFO     [rank 0] Training state saved:                      dit_trainer.py:1416
         checkpoints/model_weights_step_04440.state.pt                          
DEBUG    [rank 0] Removed old checkpoint:                    dit_trainer.py:1429
         /hppfs/scratch/0D/go76fuz2/windinet/outputs/shockwa                    
         ve_dit_ch6_unfinetuned/checkpoints/model_weights_st                    
         ep_04200.safetensors                                                   
DEBUG    [rank 0] Removed old checkpoint:                    dit_trainer.py:1429
         /hppfs/scratch/0D/go76fuz2/windinet/outputs/shockwa                    
         ve_dit_ch6_unfinetuned/checkpoints/scalar_embedding                    
         _step_04200.safetensors                                                
DEBUG    [rank 0] Removed optimizer state for older kept     dit_trainer.py:1444
         checkpoint:                                                            
         /hppfs/scratch/0D/go76fuz2/windinet/outputs/shockwa                    
         ve_dit_ch6_unfinetuned/checkpoints/model_weights_st                    
         ep_04320.state.pt                                                      
[epoch 37] step=4440 train_loss=0.180869
[train] step=4441 loss=0.135778 lr=4.146e-06
[train] step=4442 loss=0.227365 lr=4.144e-06
[train] step=4443 loss=0.139055 lr=4.142e-06
[train] step=4444 loss=0.176115 lr=4.140e-06
[train] step=4445 loss=0.144997 lr=4.138e-06
[train] step=4446 loss=0.202234 lr=4.137e-06
[train] step=4447 loss=0.195081 lr=4.135e-06
[train] step=4448 loss=0.135726 lr=4.133e-06
[train] step=4449 loss=0.143776 lr=4.131e-06
[train] step=4450 loss=0.191262 lr=4.129e-06
[train] step=4451 loss=0.211767 lr=4.127e-06
[train] step=4452 loss=0.225322 lr=4.125e-06
[train] step=4453 loss=0.161894 lr=4.123e-06
[train] step=4454 loss=0.112310 lr=4.121e-06
[train] step=4455 loss=0.162411 lr=4.119e-06
[train] step=4456 loss=0.260682 lr=4.117e-06
[train] step=4457 loss=0.190668 lr=4.115e-06
[train] step=4458 loss=0.247468 lr=4.113e-06
[train] step=4459 loss=0.171296 lr=4.111e-06
[train] step=4460 loss=0.359451 lr=4.110e-06
[train] step=4461 loss=0.173468 lr=4.108e-06
[train] step=4462 loss=0.232549 lr=4.106e-06
[train] step=4463 loss=0.132032 lr=4.104e-06
[train] step=4464 loss=0.162123 lr=4.102e-06
[train] step=4465 loss=0.175468 lr=4.100e-06
[train] step=4466 loss=0.129908 lr=4.098e-06
[train] step=4467 loss=0.192082 lr=4.096e-06
[train] step=4468 loss=0.141521 lr=4.094e-06
[train] step=4469 loss=0.122892 lr=4.092e-06
[train] step=4470 loss=0.236697 lr=4.090e-06
[train] step=4471 loss=0.221899 lr=4.088e-06
[train] step=4472 loss=0.147115 lr=4.086e-06
[train] step=4473 loss=0.112665 lr=4.084e-06
[train] step=4474 loss=0.225326 lr=4.083e-06
[train] step=4475 loss=0.167917 lr=4.081e-06
[train] step=4476 loss=0.164916 lr=4.079e-06
[train] step=4477 loss=0.148404 lr=4.077e-06
[train] step=4478 loss=0.157161 lr=4.075e-06
[train] step=4479 loss=0.196797 lr=4.073e-06
[train] step=4480 loss=0.115078 lr=4.071e-06
[train] step=4481 loss=0.190895 lr=4.069e-06
[train] step=4482 loss=0.204440 lr=4.067e-06
[train] step=4483 loss=0.166894 lr=4.065e-06
[train] step=4484 loss=0.360701 lr=4.063e-06
[train] step=4485 loss=0.276259 lr=4.061e-06
[train] step=4486 loss=0.142613 lr=4.059e-06
[train] step=4487 loss=0.096744 lr=4.057e-06
[train] step=4488 loss=0.207215 lr=4.056e-06
[train] step=4489 loss=0.191352 lr=4.054e-06
[train] step=4490 loss=0.208547 lr=4.052e-06
[train] step=4491 loss=0.170626 lr=4.050e-06
[train] step=4492 loss=0.153913 lr=4.048e-06
[train] step=4493 loss=0.194297 lr=4.046e-06
[train] step=4494 loss=0.168074 lr=4.044e-06
[train] step=4495 loss=0.167434 lr=4.042e-06
[train] step=4496 loss=0.128593 lr=4.040e-06
[train] step=4497 loss=0.164517 lr=4.038e-06
[train] step=4498 loss=0.183060 lr=4.036e-06
[train] step=4499 loss=0.184390 lr=4.034e-06
[train] step=4500 loss=0.268769 lr=4.032e-06
[train] step=4501 loss=0.194286 lr=4.031e-06
[train] step=4502 loss=0.189275 lr=4.029e-06
[train] step=4503 loss=0.193264 lr=4.027e-06
[train] step=4504 loss=0.190942 lr=4.025e-06
[train] step=4505 loss=0.164970 lr=4.023e-06
[train] step=4506 loss=0.120597 lr=4.021e-06
[train] step=4507 loss=0.194658 lr=4.019e-06
[train] step=4508 loss=0.135333 lr=4.017e-06
[train] step=4509 loss=0.126929 lr=4.015e-06
[train] step=4510 loss=0.237992 lr=4.013e-06
[train] step=4511 loss=0.242014 lr=4.011e-06
[train] step=4512 loss=0.232493 lr=4.009e-06
[train] step=4513 loss=0.175033 lr=4.007e-06
[train] step=4514 loss=0.221762 lr=4.006e-06
[train] step=4515 loss=0.135689 lr=4.004e-06
[train] step=4516 loss=0.169704 lr=4.002e-06
[train] step=4517 loss=0.175376 lr=4.000e-06
[train] step=4518 loss=0.149582 lr=3.998e-06
[train] step=4519 loss=0.209089 lr=3.996e-06
[train] step=4520 loss=0.153451 lr=3.994e-06
[train] step=4521 loss=0.205103 lr=3.992e-06
[train] step=4522 loss=0.173639 lr=3.990e-06
[train] step=4523 loss=0.171612 lr=3.988e-06
[train] step=4524 loss=0.202859 lr=3.986e-06
[train] step=4525 loss=0.157325 lr=3.984e-06
[train] step=4526 loss=0.135288 lr=3.982e-06
[train] step=4527 loss=0.193169 lr=3.981e-06
[train] step=4528 loss=0.151354 lr=3.979e-06
[train] step=4529 loss=0.197479 lr=3.977e-06
[train] step=4530 loss=0.202948 lr=3.975e-06
[train] step=4531 loss=0.234601 lr=3.973e-06
[train] step=4532 loss=0.175215 lr=3.971e-06
[train] step=4533 loss=0.172870 lr=3.969e-06
[train] step=4534 loss=0.127446 lr=3.967e-06
[train] step=4535 loss=0.164233 lr=3.965e-06
[train] step=4536 loss=0.239193 lr=3.963e-06
[train] step=4537 loss=0.142143 lr=3.961e-06
[train] step=4538 loss=0.194595 lr=3.959e-06
[train] step=4539 loss=0.159797 lr=3.958e-06
[train] step=4540 loss=0.261139 lr=3.956e-06
[train] step=4541 loss=0.153602 lr=3.954e-06
[train] step=4542 loss=0.190602 lr=3.952e-06
[train] step=4543 loss=0.153166 lr=3.950e-06
[train] step=4544 loss=0.115812 lr=3.948e-06
[train] step=4545 loss=0.118589 lr=3.946e-06
[train] step=4546 loss=0.149529 lr=3.944e-06
[train] step=4547 loss=0.125137 lr=3.942e-06
[train] step=4548 loss=0.153175 lr=3.940e-06
[train] step=4549 loss=0.168995 lr=3.938e-06
[train] step=4550 loss=0.187843 lr=3.936e-06
[train] step=4551 loss=0.211513 lr=3.935e-06
[train] step=4552 loss=0.187266 lr=3.933e-06
[train] step=4553 loss=0.190399 lr=3.931e-06
[train] step=4554 loss=0.147177 lr=3.929e-06
[train] step=4555 loss=0.203147 lr=3.927e-06
[train] step=4556 loss=0.201886 lr=3.925e-06
[train] step=4557 loss=0.220832 lr=3.923e-06
[train] step=4558 loss=0.092811 lr=3.921e-06
[train] step=4559 loss=0.220342 lr=3.919e-06
[train] step=4560 loss=0.220256 lr=3.917e-06
INFO     [rank 0] Model weights for step 4560 saved in       dit_trainer.py:1288
         checkpoints/model_weights_step_04560.safetensors                       
INFO     [rank 0] Scalar embedding weights for step 4560     dit_trainer.py:1297
         saved                                                                  
INFO     [rank 0] Training state saved:                      dit_trainer.py:1416
         checkpoints/model_weights_step_04560.state.pt                          
DEBUG    [rank 0] Removed old checkpoint:                    dit_trainer.py:1429
         /hppfs/scratch/0D/go76fuz2/windinet/outputs/shockwa                    
         ve_dit_ch6_unfinetuned/checkpoints/model_weights_st                    
         ep_04320.safetensors                                                   
DEBUG    [rank 0] Removed old checkpoint:                    dit_trainer.py:1429
         /hppfs/scratch/0D/go76fuz2/windinet/outputs/shockwa                    
         ve_dit_ch6_unfinetuned/checkpoints/scalar_embedding                    
         _step_04320.safetensors                                                
DEBUG    [rank 0] Removed optimizer state for older kept     dit_trainer.py:1444
         checkpoint:                                                            
         /hppfs/scratch/0D/go76fuz2/windinet/outputs/shockwa                    
         ve_dit_ch6_unfinetuned/checkpoints/model_weights_st                    
         ep_04440.state.pt                                                      
[epoch 38] step=4560 train_loss=0.179770
[train] step=4561 loss=0.214861 lr=3.915e-06
[train] step=4562 loss=0.199737 lr=3.913e-06
[train] step=4563 loss=0.173992 lr=3.912e-06
[train] step=4564 loss=0.198811 lr=3.910e-06
[train] step=4565 loss=0.283238 lr=3.908e-06
[train] step=4566 loss=0.232924 lr=3.906e-06
[train] step=4567 loss=0.130852 lr=3.904e-06
[train] step=4568 loss=0.180185 lr=3.902e-06
[train] step=4569 loss=0.144641 lr=3.900e-06
[train] step=4570 loss=0.188337 lr=3.898e-06
[train] step=4571 loss=0.187156 lr=3.896e-06
[train] step=4572 loss=0.180612 lr=3.894e-06
[train] step=4573 loss=0.227834 lr=3.892e-06
[train] step=4574 loss=0.142707 lr=3.891e-06
[train] step=4575 loss=0.191560 lr=3.889e-06
[train] step=4576 loss=0.191743 lr=3.887e-06
[train] step=4577 loss=0.141936 lr=3.885e-06
[train] step=4578 loss=0.128250 lr=3.883e-06
[train] step=4579 loss=0.191495 lr=3.881e-06
[train] step=4580 loss=0.124531 lr=3.879e-06
[train] step=4581 loss=0.141506 lr=3.877e-06
[train] step=4582 loss=0.182650 lr=3.875e-06
[train] step=4583 loss=0.195383 lr=3.873e-06
[train] step=4584 loss=0.171639 lr=3.871e-06
[train] step=4585 loss=0.153580 lr=3.869e-06
[train] step=4586 loss=0.112499 lr=3.868e-06
[train] step=4587 loss=0.197983 lr=3.866e-06
[train] step=4588 loss=0.126703 lr=3.864e-06
[train] step=4589 loss=0.196783 lr=3.862e-06
[train] step=4590 loss=0.168312 lr=3.860e-06
[train] step=4591 loss=0.157409 lr=3.858e-06
[train] step=4592 loss=0.145052 lr=3.856e-06
[train] step=4593 loss=0.203436 lr=3.854e-06
[train] step=4594 loss=0.125079 lr=3.852e-06
[train] step=4595 loss=0.185633 lr=3.850e-06
[train] step=4596 loss=0.152070 lr=3.848e-06
[train] step=4597 loss=0.150788 lr=3.847e-06
[train] step=4598 loss=0.235331 lr=3.845e-06
[train] step=4599 loss=0.174773 lr=3.843e-06
[train] step=4600 loss=0.213346 lr=3.841e-06
[train] step=4601 loss=0.217406 lr=3.839e-06
[train] step=4602 loss=0.322951 lr=3.837e-06
[train] step=4603 loss=0.145087 lr=3.835e-06
[train] step=4604 loss=0.197623 lr=3.833e-06
[train] step=4605 loss=0.205993 lr=3.831e-06
[train] step=4606 loss=0.216769 lr=3.829e-06
[train] step=4607 loss=0.208145 lr=3.827e-06
[train] step=4608 loss=0.135757 lr=3.826e-06
[train] step=4609 loss=0.102735 lr=3.824e-06
[train] step=4610 loss=0.193399 lr=3.822e-06
[train] step=4611 loss=0.149399 lr=3.820e-06
[train] step=4612 loss=0.225195 lr=3.818e-06
[train] step=4613 loss=0.208001 lr=3.816e-06
[train] step=4614 loss=0.205414 lr=3.814e-06
[train] step=4615 loss=0.200049 lr=3.812e-06
[train] step=4616 loss=0.231138 lr=3.810e-06
[train] step=4617 loss=0.239701 lr=3.808e-06
[train] step=4618 loss=0.164570 lr=3.807e-06
[train] step=4619 loss=0.195159 lr=3.805e-06
[train] step=4620 loss=0.140709 lr=3.803e-06
[train] step=4621 loss=0.182975 lr=3.801e-06
[train] step=4622 loss=0.214361 lr=3.799e-06
[train] step=4623 loss=0.267431 lr=3.797e-06
[train] step=4624 loss=0.219479 lr=3.795e-06
[train] step=4625 loss=0.213632 lr=3.793e-06
[train] step=4626 loss=0.280924 lr=3.791e-06
[train] step=4627 loss=0.224123 lr=3.789e-06
[train] step=4628 loss=0.216821 lr=3.788e-06
[train] step=4629 loss=0.127652 lr=3.786e-06
[train] step=4630 loss=0.150773 lr=3.784e-06
[train] step=4631 loss=0.278879 lr=3.782e-06
[train] step=4632 loss=0.187286 lr=3.780e-06
[train] step=4633 loss=0.150921 lr=3.778e-06
[train] step=4634 loss=0.159601 lr=3.776e-06
[train] step=4635 loss=0.078865 lr=3.774e-06
[train] step=4636 loss=0.263974 lr=3.772e-06
[train] step=4637 loss=0.168838 lr=3.770e-06
[train] step=4638 loss=0.143988 lr=3.768e-06
[train] step=4639 loss=0.250257 lr=3.767e-06
[train] step=4640 loss=0.092056 lr=3.765e-06
[train] step=4641 loss=0.134616 lr=3.763e-06
[train] step=4642 loss=0.222144 lr=3.761e-06
[train] step=4643 loss=0.189013 lr=3.759e-06
[train] step=4644 loss=0.155010 lr=3.757e-06
[train] step=4645 loss=0.226290 lr=3.755e-06
[train] step=4646 loss=0.214882 lr=3.753e-06
[train] step=4647 loss=0.181433 lr=3.751e-06
[train] step=4648 loss=0.166466 lr=3.749e-06
[train] step=4649 loss=0.153530 lr=3.748e-06
[train] step=4650 loss=0.101368 lr=3.746e-06
[train] step=4651 loss=0.140429 lr=3.744e-06
[train] step=4652 loss=0.136137 lr=3.742e-06
[train] step=4653 loss=0.206814 lr=3.740e-06
[train] step=4654 loss=0.132597 lr=3.738e-06
[train] step=4655 loss=0.139435 lr=3.736e-06
[train] step=4656 loss=0.117180 lr=3.734e-06
[train] step=4657 loss=0.186078 lr=3.732e-06
[train] step=4658 loss=0.157136 lr=3.731e-06
[train] step=4659 loss=0.231027 lr=3.729e-06
[train] step=4660 loss=0.134821 lr=3.727e-06
[train] step=4661 loss=0.197754 lr=3.725e-06
[train] step=4662 loss=0.154909 lr=3.723e-06
[train] step=4663 loss=0.322161 lr=3.721e-06
[train] step=4664 loss=0.174941 lr=3.719e-06
[train] step=4665 loss=0.079559 lr=3.717e-06
[train] step=4666 loss=0.165096 lr=3.715e-06
[train] step=4667 loss=0.124956 lr=3.713e-06
[train] step=4668 loss=0.182141 lr=3.712e-06
[train] step=4669 loss=0.132584 lr=3.710e-06
[train] step=4670 loss=0.210880 lr=3.708e-06
[train] step=4671 loss=0.216448 lr=3.706e-06
[train] step=4672 loss=0.168291 lr=3.704e-06
[train] step=4673 loss=0.144718 lr=3.702e-06
[train] step=4674 loss=0.213683 lr=3.700e-06
[train] step=4675 loss=0.164820 lr=3.698e-06
[train] step=4676 loss=0.172102 lr=3.696e-06
[train] step=4677 loss=0.144444 lr=3.695e-06
[train] step=4678 loss=0.187236 lr=3.693e-06
[train] step=4679 loss=0.147208 lr=3.691e-06
[train] step=4680 loss=0.110812 lr=3.689e-06
INFO     [rank 0] Model weights for step 4680 saved in       dit_trainer.py:1288
         checkpoints/model_weights_step_04680.safetensors                       
INFO     [rank 0] Scalar embedding weights for step 4680     dit_trainer.py:1297
         saved                                                                  
INFO     [rank 0] Training state saved:                      dit_trainer.py:1416
         checkpoints/model_weights_step_04680.state.pt                          
DEBUG    [rank 0] Removed old checkpoint:                    dit_trainer.py:1429
         /hppfs/scratch/0D/go76fuz2/windinet/outputs/shockwa                    
         ve_dit_ch6_unfinetuned/checkpoints/model_weights_st                    
         ep_04440.safetensors                                                   
DEBUG    [rank 0] Removed old checkpoint:                    dit_trainer.py:1429
         /hppfs/scratch/0D/go76fuz2/windinet/outputs/shockwa                    
         ve_dit_ch6_unfinetuned/checkpoints/scalar_embedding                    
         _step_04440.safetensors                                                
DEBUG    [rank 0] Removed optimizer state for older kept     dit_trainer.py:1444
         checkpoint:                                                            
         /hppfs/scratch/0D/go76fuz2/windinet/outputs/shockwa                    
         ve_dit_ch6_unfinetuned/checkpoints/model_weights_st                    
         ep_04560.state.pt                                                      
[epoch 39] step=4680 train_loss=0.180617
[train] step=4681 loss=0.151190 lr=3.687e-06
[train] step=4682 loss=0.138723 lr=3.685e-06
[train] step=4683 loss=0.197758 lr=3.683e-06
[train] step=4684 loss=0.277068 lr=3.681e-06
[train] step=4685 loss=0.251173 lr=3.679e-06
[train] step=4686 loss=0.143781 lr=3.677e-06
[train] step=4687 loss=0.149002 lr=3.676e-06
[train] step=4688 loss=0.440873 lr=3.674e-06
[train] step=4689 loss=0.133774 lr=3.672e-06
[train] step=4690 loss=0.212157 lr=3.670e-06
[train] step=4691 loss=0.106299 lr=3.668e-06
[train] step=4692 loss=0.137298 lr=3.666e-06
[train] step=4693 loss=0.157084 lr=3.664e-06
[train] step=4694 loss=0.160249 lr=3.662e-06
[train] step=4695 loss=0.158688 lr=3.660e-06
[train] step=4696 loss=0.205882 lr=3.659e-06
[train] step=4697 loss=0.175999 lr=3.657e-06
[train] step=4698 loss=0.152855 lr=3.655e-06
[train] step=4699 loss=0.100437 lr=3.653e-06
[train] step=4700 loss=0.188502 lr=3.651e-06
[train] step=4701 loss=0.173877 lr=3.649e-06
[train] step=4702 loss=0.095572 lr=3.647e-06
[train] step=4703 loss=0.162396 lr=3.645e-06
[train] step=4704 loss=0.162226 lr=3.643e-06
[train] step=4705 loss=0.174937 lr=3.642e-06
[train] step=4706 loss=0.140020 lr=3.640e-06
[train] step=4707 loss=0.182295 lr=3.638e-06
[train] step=4708 loss=0.135593 lr=3.636e-06
[train] step=4709 loss=0.197459 lr=3.634e-06
[train] step=4710 loss=0.254265 lr=3.632e-06
[train] step=4711 loss=0.169651 lr=3.630e-06
[train] step=4712 loss=0.212212 lr=3.628e-06
[train] step=4713 loss=0.200277 lr=3.627e-06
[train] step=4714 loss=0.142028 lr=3.625e-06
[train] step=4715 loss=0.221027 lr=3.623e-06
[train] step=4716 loss=0.129836 lr=3.621e-06
[train] step=4717 loss=0.186954 lr=3.619e-06
[train] step=4718 loss=0.192808 lr=3.617e-06
[train] step=4719 loss=0.159199 lr=3.615e-06
[train] step=4720 loss=0.169005 lr=3.613e-06
[train] step=4721 loss=0.111880 lr=3.611e-06
[train] step=4722 loss=0.108434 lr=3.610e-06
[train] step=4723 loss=0.117924 lr=3.608e-06
[train] step=4724 loss=0.168967 lr=3.606e-06
[train] step=4725 loss=0.157745 lr=3.604e-06
[train] step=4726 loss=0.162700 lr=3.602e-06
[train] step=4727 loss=0.185057 lr=3.600e-06
[train] step=4728 loss=0.162782 lr=3.598e-06
[train] step=4729 loss=0.157897 lr=3.596e-06
[train] step=4730 loss=0.158543 lr=3.594e-06
[train] step=4731 loss=0.169202 lr=3.593e-06
[train] step=4732 loss=0.135817 lr=3.591e-06
[train] step=4733 loss=0.169668 lr=3.589e-06
[train] step=4734 loss=0.179592 lr=3.587e-06
[train] step=4735 loss=0.208926 lr=3.585e-06
[train] step=4736 loss=0.129929 lr=3.583e-06
[train] step=4737 loss=0.201490 lr=3.581e-06
[train] step=4738 loss=0.430796 lr=3.579e-06
[train] step=4739 loss=0.184445 lr=3.578e-06
[train] step=4740 loss=0.190592 lr=3.576e-06
[train] step=4741 loss=0.152236 lr=3.574e-06
[train] step=4742 loss=0.136772 lr=3.572e-06
[train] step=4743 loss=0.182104 lr=3.570e-06
[train] step=4744 loss=0.152461 lr=3.568e-06
[train] step=4745 loss=0.154522 lr=3.566e-06
[train] step=4746 loss=0.180122 lr=3.564e-06
[train] step=4747 loss=0.203101 lr=3.563e-06
[train] step=4748 loss=0.069248 lr=3.561e-06
[train] step=4749 loss=0.371515 lr=3.559e-06
[train] step=4750 loss=0.312142 lr=3.557e-06
[train] step=4751 loss=0.206216 lr=3.555e-06
[train] step=4752 loss=0.163938 lr=3.553e-06
[train] step=4753 loss=0.185025 lr=3.551e-06
[train] step=4754 loss=0.161221 lr=3.549e-06
[train] step=4755 loss=0.143171 lr=3.548e-06
[train] step=4756 loss=0.137988 lr=3.546e-06
[train] step=4757 loss=0.183513 lr=3.544e-06
[train] step=4758 loss=0.130317 lr=3.542e-06
[train] step=4759 loss=0.122803 lr=3.540e-06
[train] step=4760 loss=0.161869 lr=3.538e-06
[train] step=4761 loss=0.126194 lr=3.536e-06
[train] step=4762 loss=0.168418 lr=3.534e-06
[train] step=4763 loss=0.131649 lr=3.533e-06
[train] step=4764 loss=0.213192 lr=3.531e-06
[train] step=4765 loss=0.158714 lr=3.529e-06
[train] step=4766 loss=0.197348 lr=3.527e-06
[train] step=4767 loss=0.156106 lr=3.525e-06
[train] step=4768 loss=0.182955 lr=3.523e-06
[train] step=4769 loss=0.189270 lr=3.521e-06
[train] step=4770 loss=0.187422 lr=3.519e-06
[train] step=4771 loss=0.225937 lr=3.518e-06
[train] step=4772 loss=0.158159 lr=3.516e-06
[train] step=4773 loss=0.169434 lr=3.514e-06
[train] step=4774 loss=0.134939 lr=3.512e-06
[train] step=4775 loss=0.135342 lr=3.510e-06
[train] step=4776 loss=0.168111 lr=3.508e-06
[train] step=4777 loss=0.190469 lr=3.506e-06
[train] step=4778 loss=0.180951 lr=3.504e-06
[train] step=4779 loss=0.173889 lr=3.503e-06
[train] step=4780 loss=0.169534 lr=3.501e-06
[train] step=4781 loss=0.203099 lr=3.499e-06
[train] step=4782 loss=0.160258 lr=3.497e-06
[train] step=4783 loss=0.401087 lr=3.495e-06
[train] step=4784 loss=0.158137 lr=3.493e-06
[train] step=4785 loss=0.218950 lr=3.491e-06
[train] step=4786 loss=0.548962 lr=3.489e-06
[train] step=4787 loss=0.130709 lr=3.488e-06
[train] step=4788 loss=0.155265 lr=3.486e-06
[train] step=4789 loss=0.176721 lr=3.484e-06
[train] step=4790 loss=0.148276 lr=3.482e-06
[train] step=4791 loss=0.132651 lr=3.480e-06
[train] step=4792 loss=0.137477 lr=3.478e-06
[train] step=4793 loss=0.181449 lr=3.476e-06
[train] step=4794 loss=0.149176 lr=3.475e-06
[train] step=4795 loss=0.169684 lr=3.473e-06
[train] step=4796 loss=0.140141 lr=3.471e-06
[train] step=4797 loss=0.230246 lr=3.469e-06
[train] step=4798 loss=0.191279 lr=3.467e-06
[train] step=4799 loss=0.254626 lr=3.465e-06
[train] step=4800 loss=0.196416 lr=3.463e-06
[val] step=4800 val_loss=0.179480
INFO     [rank 0] Model weights for step 4800 saved in       dit_trainer.py:1288
         checkpoints/model_weights_step_04800.safetensors                       
INFO     [rank 0] Scalar embedding weights for step 4800     dit_trainer.py:1297
         saved                                                                  
INFO     [rank 0] Training state saved:                      dit_trainer.py:1416
         checkpoints/model_weights_step_04800.state.pt                          
INFO     [rank 0] New best checkpoint (step 4800,            dit_trainer.py:1320
         val_loss=0.179480):                                                    
         checkpoints/model_weights_best.safetensors                             
DEBUG    [rank 0] Removed old checkpoint:                    dit_trainer.py:1429
         /hppfs/scratch/0D/go76fuz2/windinet/outputs/shockwa                    
         ve_dit_ch6_unfinetuned/checkpoints/model_weights_st                    
         ep_04560.safetensors                                                   
DEBUG    [rank 0] Removed old checkpoint:                    dit_trainer.py:1429
         /hppfs/scratch/0D/go76fuz2/windinet/outputs/shockwa                    
         ve_dit_ch6_unfinetuned/checkpoints/scalar_embedding                    
         _step_04560.safetensors                                                
DEBUG    [rank 0] Removed optimizer state for older kept     dit_trainer.py:1444
         checkpoint:                                                            
         /hppfs/scratch/0D/go76fuz2/windinet/outputs/shockwa                    
         ve_dit_ch6_unfinetuned/checkpoints/model_weights_st                    
         ep_04680.state.pt                                                      
[epoch 40] step=4800 train_loss=0.179334 val_loss=0.179480
[train] step=4801 loss=0.143093 lr=3.461e-06
[train] step=4802 loss=0.173164 lr=3.460e-06
[train] step=4803 loss=0.146007 lr=3.458e-06
[train] step=4804 loss=0.170223 lr=3.456e-06
[train] step=4805 loss=0.139947 lr=3.454e-06
[train] step=4806 loss=0.136146 lr=3.452e-06
[train] step=4807 loss=0.171995 lr=3.450e-06
[train] step=4808 loss=0.219402 lr=3.448e-06
[train] step=4809 loss=0.192009 lr=3.447e-06
[train] step=4810 loss=0.156185 lr=3.445e-06
[train] step=4811 loss=0.128976 lr=3.443e-06
[train] step=4812 loss=0.191094 lr=3.441e-06
[train] step=4813 loss=0.204095 lr=3.439e-06
[train] step=4814 loss=0.173598 lr=3.437e-06
[train] step=4815 loss=0.145168 lr=3.435e-06
[train] step=4816 loss=0.105209 lr=3.434e-06
[train] step=4817 loss=0.204208 lr=3.432e-06
[train] step=4818 loss=0.181139 lr=3.430e-06
[train] step=4819 loss=0.144503 lr=3.428e-06
[train] step=4820 loss=0.225673 lr=3.426e-06
[train] step=4821 loss=0.258863 lr=3.424e-06
[train] step=4822 loss=0.150237 lr=3.422e-06
[train] step=4823 loss=0.263269 lr=3.420e-06
[train] step=4824 loss=0.194046 lr=3.419e-06
[train] step=4825 loss=0.165511 lr=3.417e-06
[train] step=4826 loss=0.132837 lr=3.415e-06
[train] step=4827 loss=0.126282 lr=3.413e-06
[train] step=4828 loss=0.143358 lr=3.411e-06
[train] step=4829 loss=0.144862 lr=3.409e-06
[train] step=4830 loss=0.167642 lr=3.407e-06
[train] step=4831 loss=0.120451 lr=3.406e-06
[train] step=4832 loss=0.124137 lr=3.404e-06
[train] step=4833 loss=0.165375 lr=3.402e-06
[train] step=4834 loss=0.211710 lr=3.400e-06
[train] step=4835 loss=0.130273 lr=3.398e-06
[train] step=4836 loss=0.144874 lr=3.396e-06
[train] step=4837 loss=0.137316 lr=3.394e-06
[train] step=4838 loss=0.206017 lr=3.393e-06
[train] step=4839 loss=0.186973 lr=3.391e-06
[train] step=4840 loss=0.160521 lr=3.389e-06
[train] step=4841 loss=0.174058 lr=3.387e-06
[train] step=4842 loss=0.154880 lr=3.385e-06
[train] step=4843 loss=0.223379 lr=3.383e-06
[train] step=4844 loss=0.183167 lr=3.381e-06
[train] step=4845 loss=0.163560 lr=3.380e-06
[train] step=4846 loss=0.134128 lr=3.378e-06
[train] step=4847 loss=0.182623 lr=3.376e-06
[train] step=4848 loss=0.246696 lr=3.374e-06
[train] step=4849 loss=0.293082 lr=3.372e-06
[train] step=4850 loss=0.152463 lr=3.370e-06
[train] step=4851 loss=0.135038 lr=3.368e-06
[train] step=4852 loss=0.165594 lr=3.367e-06
[train] step=4853 loss=0.219597 lr=3.365e-06
[train] step=4854 loss=0.145070 lr=3.363e-06
[train] step=4855 loss=0.186846 lr=3.361e-06
[train] step=4856 loss=0.115415 lr=3.359e-06
[train] step=4857 loss=0.160701 lr=3.357e-06
[train] step=4858 loss=0.194423 lr=3.356e-06
[train] step=4859 loss=0.390450 lr=3.354e-06
[train] step=4860 loss=0.210066 lr=3.352e-06
[train] step=4861 loss=0.178355 lr=3.350e-06
[train] step=4862 loss=0.214367 lr=3.348e-06
[train] step=4863 loss=0.204735 lr=3.346e-06
[train] step=4864 loss=0.170007 lr=3.344e-06
[train] step=4865 loss=0.154346 lr=3.343e-06
[train] step=4866 loss=0.202643 lr=3.341e-06
[train] step=4867 loss=0.128152 lr=3.339e-06
[train] step=4868 loss=0.250130 lr=3.337e-06
[train] step=4869 loss=0.131627 lr=3.335e-06
[train] step=4870 loss=0.174675 lr=3.333e-06
[train] step=4871 loss=0.301658 lr=3.331e-06
[train] step=4872 loss=0.156146 lr=3.330e-06
[train] step=4873 loss=0.161089 lr=3.328e-06
[train] step=4874 loss=0.145623 lr=3.326e-06
[train] step=4875 loss=0.196970 lr=3.324e-06
[train] step=4876 loss=0.267646 lr=3.322e-06
[train] step=4877 loss=0.207676 lr=3.320e-06
[train] step=4878 loss=0.172218 lr=3.319e-06
[train] step=4879 loss=0.132017 lr=3.317e-06
[train] step=4880 loss=0.174485 lr=3.315e-06
[train] step=4881 loss=0.097812 lr=3.313e-06
[train] step=4882 loss=0.151551 lr=3.311e-06
[train] step=4883 loss=0.169892 lr=3.309e-06
[train] step=4884 loss=0.202083 lr=3.307e-06
[train] step=4885 loss=0.130000 lr=3.306e-06
[train] step=4886 loss=0.141930 lr=3.304e-06
[train] step=4887 loss=0.183173 lr=3.302e-06
[train] step=4888 loss=0.158069 lr=3.300e-06
[train] step=4889 loss=0.182940 lr=3.298e-06
[train] step=4890 loss=0.151240 lr=3.296e-06
[train] step=4891 loss=0.120153 lr=3.295e-06
[train] step=4892 loss=0.167580 lr=3.293e-06
[train] step=4893 loss=0.149751 lr=3.291e-06
[train] step=4894 loss=0.182364 lr=3.289e-06
[train] step=4895 loss=0.090989 lr=3.287e-06
[train] step=4896 loss=0.244104 lr=3.285e-06
[train] step=4897 loss=0.183370 lr=3.284e-06
[train] step=4898 loss=0.181417 lr=3.282e-06
[train] step=4899 loss=0.166415 lr=3.280e-06
[train] step=4900 loss=0.220391 lr=3.278e-06
[train] step=4901 loss=0.151242 lr=3.276e-06
[train] step=4902 loss=0.204936 lr=3.274e-06
[train] step=4903 loss=0.178754 lr=3.272e-06
[train] step=4904 loss=0.210446 lr=3.271e-06
[train] step=4905 loss=0.160796 lr=3.269e-06
[train] step=4906 loss=0.247853 lr=3.267e-06
[train] step=4907 loss=0.206432 lr=3.265e-06
[train] step=4908 loss=0.173026 lr=3.263e-06
[train] step=4909 loss=0.221228 lr=3.261e-06
[train] step=4910 loss=0.150083 lr=3.260e-06
[train] step=4911 loss=0.200048 lr=3.258e-06
[train] step=4912 loss=0.450910 lr=3.256e-06
[train] step=4913 loss=0.215219 lr=3.254e-06
[train] step=4914 loss=0.182550 lr=3.252e-06
[train] step=4915 loss=0.148206 lr=3.250e-06
[train] step=4916 loss=0.175140 lr=3.249e-06
[train] step=4917 loss=0.159796 lr=3.247e-06
[train] step=4918 loss=0.188099 lr=3.245e-06
[train] step=4919 loss=0.172432 lr=3.243e-06
[train] step=4920 loss=0.222825 lr=3.241e-06
INFO     [rank 0] Model weights for step 4920 saved in       dit_trainer.py:1288
         checkpoints/model_weights_step_04920.safetensors                       
INFO     [rank 0] Scalar embedding weights for step 4920     dit_trainer.py:1297
         saved                                                                  
INFO     [rank 0] Training state saved:                      dit_trainer.py:1416
         checkpoints/model_weights_step_04920.state.pt                          
DEBUG    [rank 0] Removed old checkpoint:                    dit_trainer.py:1429
         /hppfs/scratch/0D/go76fuz2/windinet/outputs/shockwa                    
         ve_dit_ch6_unfinetuned/checkpoints/model_weights_st                    
         ep_04680.safetensors                                                   
DEBUG    [rank 0] Removed old checkpoint:                    dit_trainer.py:1429
         /hppfs/scratch/0D/go76fuz2/windinet/outputs/shockwa                    
         ve_dit_ch6_unfinetuned/checkpoints/scalar_embedding                    
         _step_04680.safetensors                                                
DEBUG    [rank 0] Removed optimizer state for older kept     dit_trainer.py:1444
         checkpoint:                                                            
         /hppfs/scratch/0D/go76fuz2/windinet/outputs/shockwa                    
         ve_dit_ch6_unfinetuned/checkpoints/model_weights_st                    
         ep_04800.state.pt                                                      
[epoch 41] step=4920 train_loss=0.179259
[train] step=4921 loss=0.224473 lr=3.239e-06
[train] step=4922 loss=0.153217 lr=3.238e-06
[train] step=4923 loss=0.125265 lr=3.236e-06
[train] step=4924 loss=0.206381 lr=3.234e-06
[train] step=4925 loss=0.179410 lr=3.232e-06
[train] step=4926 loss=0.112580 lr=3.230e-06
[train] step=4927 loss=0.141944 lr=3.228e-06
[train] step=4928 loss=0.212961 lr=3.227e-06
[train] step=4929 loss=0.191129 lr=3.225e-06
[train] step=4930 loss=0.122622 lr=3.223e-06
[train] step=4931 loss=0.158766 lr=3.221e-06
[train] step=4932 loss=0.178798 lr=3.219e-06
[train] step=4933 loss=0.122480 lr=3.217e-06
[train] step=4934 loss=0.086086 lr=3.216e-06
[train] step=4935 loss=0.146090 lr=3.214e-06
[train] step=4936 loss=0.263874 lr=3.212e-06
[train] step=4937 loss=0.197634 lr=3.210e-06
[train] step=4938 loss=0.204029 lr=3.208e-06
[train] step=4939 loss=0.215759 lr=3.206e-06
[train] step=4940 loss=0.156783 lr=3.205e-06
[train] step=4941 loss=0.079383 lr=3.203e-06
[train] step=4942 loss=0.122911 lr=3.201e-06
[train] step=4943 loss=0.217341 lr=3.199e-06
[train] step=4944 loss=0.222286 lr=3.197e-06
[train] step=4945 loss=0.139530 lr=3.195e-06
[train] step=4946 loss=0.146959 lr=3.194e-06
[train] step=4947 loss=0.190140 lr=3.192e-06
[train] step=4948 loss=0.108056 lr=3.190e-06
[train] step=4949 loss=0.197198 lr=3.188e-06
[train] step=4950 loss=0.166673 lr=3.186e-06
[train] step=4951 loss=0.173214 lr=3.184e-06
[train] step=4952 loss=0.114330 lr=3.183e-06
[train] step=4953 loss=0.216351 lr=3.181e-06
[train] step=4954 loss=0.200194 lr=3.179e-06
[train] step=4955 loss=0.111666 lr=3.177e-06
[train] step=4956 loss=0.177351 lr=3.175e-06
[train] step=4957 loss=0.133083 lr=3.174e-06
[train] step=4958 loss=0.199097 lr=3.172e-06
[train] step=4959 loss=0.158409 lr=3.170e-06
[train] step=4960 loss=0.146943 lr=3.168e-06
[train] step=4961 loss=0.151174 lr=3.166e-06
[train] step=4962 loss=0.245956 lr=3.164e-06
[train] step=4963 loss=0.189547 lr=3.163e-06
[train] step=4964 loss=0.163051 lr=3.161e-06
[train] step=4965 loss=0.094037 lr=3.159e-06
[train] step=4966 loss=0.160540 lr=3.157e-06
[train] step=4967 loss=0.279895 lr=3.155e-06
[train] step=4968 loss=0.116430 lr=3.153e-06
[train] step=4969 loss=0.112545 lr=3.152e-06
[train] step=4970 loss=0.208188 lr=3.150e-06
[train] step=4971 loss=0.174208 lr=3.148e-06
[train] step=4972 loss=0.155863 lr=3.146e-06
[train] step=4973 loss=0.186371 lr=3.144e-06
[train] step=4974 loss=0.202897 lr=3.143e-06
[train] step=4975 loss=0.175277 lr=3.141e-06
[train] step=4976 loss=0.178300 lr=3.139e-06
[train] step=4977 loss=0.169621 lr=3.137e-06
[train] step=4978 loss=0.136434 lr=3.135e-06
[train] step=4979 loss=0.099479 lr=3.133e-06
[train] step=4980 loss=0.190881 lr=3.132e-06
[train] step=4981 loss=0.110055 lr=3.130e-06
[train] step=4982 loss=0.173033 lr=3.128e-06
[train] step=4983 loss=0.169047 lr=3.126e-06
[train] step=4984 loss=0.207516 lr=3.124e-06
[train] step=4985 loss=0.168182 lr=3.123e-06
[train] step=4986 loss=0.121531 lr=3.121e-06
[train] step=4987 loss=0.113717 lr=3.119e-06
[train] step=4988 loss=0.185008 lr=3.117e-06
[train] step=4989 loss=0.245009 lr=3.115e-06
[train] step=4990 loss=0.090751 lr=3.113e-06
[train] step=4991 loss=0.222975 lr=3.112e-06
[train] step=4992 loss=0.179923 lr=3.110e-06
[train] step=4993 loss=0.164168 lr=3.108e-06
[train] step=4994 loss=0.119036 lr=3.106e-06
[train] step=4995 loss=0.165945 lr=3.104e-06
[train] step=4996 loss=0.219103 lr=3.103e-06
[train] step=4997 loss=0.194307 lr=3.101e-06
[train] step=4998 loss=0.160703 lr=3.099e-06
[train] step=4999 loss=0.132877 lr=3.097e-06
[train] step=5000 loss=0.166849 lr=3.095e-06
[train] step=5001 loss=0.202496 lr=3.093e-06
[train] step=5002 loss=0.285126 lr=3.092e-06
[train] step=5003 loss=0.228892 lr=3.090e-06
[train] step=5004 loss=0.204311 lr=3.088e-06
[train] step=5005 loss=0.110496 lr=3.086e-06
[train] step=5006 loss=0.152745 lr=3.084e-06
[train] step=5007 loss=0.179010 lr=3.083e-06
[train] step=5008 loss=0.182390 lr=3.081e-06
[train] step=5009 loss=0.106773 lr=3.079e-06
[train] step=5010 loss=0.098887 lr=3.077e-06
[train] step=5011 loss=0.225963 lr=3.075e-06
[train] step=5012 loss=0.127805 lr=3.074e-06
[train] step=5013 loss=0.142082 lr=3.072e-06
[train] step=5014 loss=0.120238 lr=3.070e-06
[train] step=5015 loss=0.195221 lr=3.068e-06
[train] step=5016 loss=0.176631 lr=3.066e-06
[train] step=5017 loss=0.180058 lr=3.065e-06
[train] step=5018 loss=0.193029 lr=3.063e-06
[train] step=5019 loss=0.178843 lr=3.061e-06
[train] step=5020 loss=0.168434 lr=3.059e-06
[train] step=5021 loss=0.135643 lr=3.057e-06
[train] step=5022 loss=0.167777 lr=3.056e-06
[train] step=5023 loss=0.167675 lr=3.054e-06
[train] step=5024 loss=0.135538 lr=3.052e-06
[train] step=5025 loss=0.132176 lr=3.050e-06
[train] step=5026 loss=0.119523 lr=3.048e-06
[train] step=5027 loss=0.148819 lr=3.046e-06
[train] step=5028 loss=0.182892 lr=3.045e-06
[train] step=5029 loss=0.198546 lr=3.043e-06
[train] step=5030 loss=0.179128 lr=3.041e-06
[train] step=5031 loss=0.248613 lr=3.039e-06
[train] step=5032 loss=0.123792 lr=3.037e-06
[train] step=5033 loss=0.156899 lr=3.036e-06
[train] step=5034 loss=0.190199 lr=3.034e-06
[train] step=5035 loss=0.165388 lr=3.032e-06
[train] step=5036 loss=0.131364 lr=3.030e-06
[train] step=5037 loss=0.155302 lr=3.028e-06
[train] step=5038 loss=0.215537 lr=3.027e-06
[train] step=5039 loss=0.150733 lr=3.025e-06
[train] step=5040 loss=0.201387 lr=3.023e-06
INFO     [rank 0] Model weights for step 5040 saved in       dit_trainer.py:1288
         checkpoints/model_weights_step_05040.safetensors                       
INFO     [rank 0] Scalar embedding weights for step 5040     dit_trainer.py:1297
         saved                                                                  
INFO     [rank 0] Training state saved:                      dit_trainer.py:1416
         checkpoints/model_weights_step_05040.state.pt                          
DEBUG    [rank 0] Removed old checkpoint:                    dit_trainer.py:1429
         /hppfs/scratch/0D/go76fuz2/windinet/outputs/shockwa                    
         ve_dit_ch6_unfinetuned/checkpoints/model_weights_st                    
         ep_04800.safetensors                                                   
DEBUG    [rank 0] Removed old checkpoint:                    dit_trainer.py:1429
         /hppfs/scratch/0D/go76fuz2/windinet/outputs/shockwa                    
         ve_dit_ch6_unfinetuned/checkpoints/scalar_embedding                    
         _step_04800.safetensors                                                
DEBUG    [rank 0] Removed optimizer state for older kept     dit_trainer.py:1444
         checkpoint:                                                            
         /hppfs/scratch/0D/go76fuz2/windinet/outputs/shockwa                    
         ve_dit_ch6_unfinetuned/checkpoints/model_weights_st                    
         ep_04920.state.pt                                                      
[epoch 42] step=5040 train_loss=0.167580
[train] step=5041 loss=0.162152 lr=3.021e-06
[train] step=5042 loss=0.115201 lr=3.019e-06
[train] step=5043 loss=0.191278 lr=3.018e-06
[train] step=5044 loss=0.118958 lr=3.016e-06
[train] step=5045 loss=0.131662 lr=3.014e-06
[train] step=5046 loss=0.202835 lr=3.012e-06
[train] step=5047 loss=0.144794 lr=3.010e-06
[train] step=5048 loss=0.191686 lr=3.009e-06
[train] step=5049 loss=0.241224 lr=3.007e-06
[train] step=5050 loss=0.198588 lr=3.005e-06
[train] step=5051 loss=0.150699 lr=3.003e-06
[train] step=5052 loss=0.203634 lr=3.001e-06
[train] step=5053 loss=0.126476 lr=3.000e-06
[train] step=5054 loss=0.166539 lr=2.998e-06
[train] step=5055 loss=0.153589 lr=2.996e-06
[train] step=5056 loss=0.156443 lr=2.994e-06
[train] step=5057 loss=0.193171 lr=2.992e-06
[train] step=5058 loss=0.177043 lr=2.991e-06
[train] step=5059 loss=0.171238 lr=2.989e-06
[train] step=5060 loss=0.171511 lr=2.987e-06
[train] step=5061 loss=0.149854 lr=2.985e-06
[train] step=5062 loss=0.119618 lr=2.984e-06
[train] step=5063 loss=0.245568 lr=2.982e-06
[train] step=5064 loss=0.142481 lr=2.980e-06
[train] step=5065 loss=0.165008 lr=2.978e-06
[train] step=5066 loss=0.141225 lr=2.976e-06
[train] step=5067 loss=0.167941 lr=2.975e-06
[train] step=5068 loss=0.107852 lr=2.973e-06
[train] step=5069 loss=0.164787 lr=2.971e-06
[train] step=5070 loss=0.217231 lr=2.969e-06
[train] step=5071 loss=0.212774 lr=2.967e-06
[train] step=5072 loss=0.129940 lr=2.966e-06
[train] step=5073 loss=0.110640 lr=2.964e-06
[train] step=5074 loss=0.162107 lr=2.962e-06
[train] step=5075 loss=0.179091 lr=2.960e-06
[train] step=5076 loss=0.207395 lr=2.958e-06
[train] step=5077 loss=0.105455 lr=2.957e-06
[train] step=5078 loss=0.192672 lr=2.955e-06
[train] step=5079 loss=0.142792 lr=2.953e-06
[train] step=5080 loss=0.151654 lr=2.951e-06
[train] step=5081 loss=0.206773 lr=2.949e-06
[train] step=5082 loss=0.092301 lr=2.948e-06
[train] step=5083 loss=0.250601 lr=2.946e-06
[train] step=5084 loss=0.210702 lr=2.944e-06
[train] step=5085 loss=0.101840 lr=2.942e-06
[train] step=5086 loss=0.209900 lr=2.941e-06
[train] step=5087 loss=0.218969 lr=2.939e-06
[train] step=5088 loss=0.200219 lr=2.937e-06
[train] step=5089 loss=0.225452 lr=2.935e-06
[train] step=5090 loss=0.168147 lr=2.933e-06
[train] step=5091 loss=0.170153 lr=2.932e-06
[train] step=5092 loss=0.150998 lr=2.930e-06
[train] step=5093 loss=0.137768 lr=2.928e-06
[train] step=5094 loss=0.150113 lr=2.926e-06
[train] step=5095 loss=0.148078 lr=2.924e-06
[train] step=5096 loss=0.131769 lr=2.923e-06
[train] step=5097 loss=0.184491 lr=2.921e-06
[train] step=5098 loss=0.161212 lr=2.919e-06
[train] step=5099 loss=0.110062 lr=2.917e-06
[train] step=5100 loss=0.169222 lr=2.916e-06
[train] step=5101 loss=0.215548 lr=2.914e-06
[train] step=5102 loss=0.135389 lr=2.912e-06
[train] step=5103 loss=0.186132 lr=2.910e-06
[train] step=5104 loss=0.161864 lr=2.908e-06
[train] step=5105 loss=0.128668 lr=2.907e-06
[train] step=5106 loss=0.205172 lr=2.905e-06
[train] step=5107 loss=0.180125 lr=2.903e-06
[train] step=5108 loss=0.151048 lr=2.901e-06
[train] step=5109 loss=0.134809 lr=2.900e-06
[train] step=5110 loss=0.202818 lr=2.898e-06
[train] step=5111 loss=0.172074 lr=2.896e-06
[train] step=5112 loss=0.158582 lr=2.894e-06
[train] step=5113 loss=0.128728 lr=2.892e-06
[train] step=5114 loss=0.126836 lr=2.891e-06
[train] step=5115 loss=0.125021 lr=2.889e-06
[train] step=5116 loss=0.207367 lr=2.887e-06
[train] step=5117 loss=0.256780 lr=2.885e-06
[train] step=5118 loss=0.179781 lr=2.884e-06
[train] step=5119 loss=0.210688 lr=2.882e-06
[train] step=5120 loss=0.302809 lr=2.880e-06
[train] step=5121 loss=0.120391 lr=2.878e-06
[train] step=5122 loss=0.121088 lr=2.876e-06
[train] step=5123 loss=0.257972 lr=2.875e-06
[train] step=5124 loss=0.223824 lr=2.873e-06
[train] step=5125 loss=0.211321 lr=2.871e-06
[train] step=5126 loss=0.115980 lr=2.869e-06
[train] step=5127 loss=0.157514 lr=2.868e-06
[train] step=5128 loss=0.151690 lr=2.866e-06
[train] step=5129 loss=0.146709 lr=2.864e-06
[train] step=5130 loss=0.143808 lr=2.862e-06
[train] step=5131 loss=0.181410 lr=2.861e-06
[train] step=5132 loss=0.141477 lr=2.859e-06
[train] step=5133 loss=0.299546 lr=2.857e-06
[train] step=5134 loss=0.205333 lr=2.855e-06
[train] step=5135 loss=0.122564 lr=2.853e-06
[train] step=5136 loss=0.249723 lr=2.852e-06
[train] step=5137 loss=0.158713 lr=2.850e-06
[train] step=5138 loss=0.189702 lr=2.848e-06
[train] step=5139 loss=0.221777 lr=2.846e-06
[train] step=5140 loss=0.140427 lr=2.845e-06
[train] step=5141 loss=0.536494 lr=2.843e-06
[train] step=5142 loss=0.238870 lr=2.841e-06
[train] step=5143 loss=0.155018 lr=2.839e-06
[train] step=5144 loss=0.170524 lr=2.837e-06
[train] step=5145 loss=0.185396 lr=2.836e-06
[train] step=5146 loss=0.166903 lr=2.834e-06
[train] step=5147 loss=0.069919 lr=2.832e-06
[train] step=5148 loss=0.119684 lr=2.830e-06
[train] step=5149 loss=0.159653 lr=2.829e-06
[train] step=5150 loss=0.152594 lr=2.827e-06
[train] step=5151 loss=0.157650 lr=2.825e-06
[train] step=5152 loss=0.576563 lr=2.823e-06
[train] step=5153 loss=0.238399 lr=2.822e-06
[train] step=5154 loss=0.191581 lr=2.820e-06
[train] step=5155 loss=0.316733 lr=2.818e-06
[train] step=5156 loss=0.215722 lr=2.816e-06
[train] step=5157 loss=0.201924 lr=2.815e-06
[train] step=5158 loss=0.163134 lr=2.813e-06
[train] step=5159 loss=0.079123 lr=2.811e-06
[train] step=5160 loss=0.190892 lr=2.809e-06
INFO     [rank 0] Model weights for step 5160 saved in       dit_trainer.py:1288
         checkpoints/model_weights_step_05160.safetensors                       
INFO     [rank 0] Scalar embedding weights for step 5160     dit_trainer.py:1297
         saved                                                                  
INFO     [rank 0] Training state saved:                      dit_trainer.py:1416
         checkpoints/model_weights_step_05160.state.pt                          
DEBUG    [rank 0] Removed old checkpoint:                    dit_trainer.py:1429
         /hppfs/scratch/0D/go76fuz2/windinet/outputs/shockwa                    
         ve_dit_ch6_unfinetuned/checkpoints/model_weights_st                    
         ep_04920.safetensors                                                   
DEBUG    [rank 0] Removed old checkpoint:                    dit_trainer.py:1429
         /hppfs/scratch/0D/go76fuz2/windinet/outputs/shockwa                    
         ve_dit_ch6_unfinetuned/checkpoints/scalar_embedding                    
         _step_04920.safetensors                                                
DEBUG    [rank 0] Removed optimizer state for older kept     dit_trainer.py:1444
         checkpoint:                                                            
         /hppfs/scratch/0D/go76fuz2/windinet/outputs/shockwa                    
         ve_dit_ch6_unfinetuned/checkpoints/model_weights_st                    
         ep_05040.state.pt                                                      
[epoch 43] step=5160 train_loss=0.178434
[train] step=5161 loss=0.151088 lr=2.808e-06
[train] step=5162 loss=0.150306 lr=2.806e-06
[train] step=5163 loss=0.137415 lr=2.804e-06
[train] step=5164 loss=0.128850 lr=2.802e-06
[train] step=5165 loss=0.183056 lr=2.800e-06
[train] step=5166 loss=0.138965 lr=2.799e-06
[train] step=5167 loss=0.157728 lr=2.797e-06
[train] step=5168 loss=0.158864 lr=2.795e-06
[train] step=5169 loss=0.157225 lr=2.793e-06
[train] step=5170 loss=0.167315 lr=2.792e-06
[train] step=5171 loss=0.181499 lr=2.790e-06
[train] step=5172 loss=0.201315 lr=2.788e-06
[train] step=5173 loss=0.191433 lr=2.786e-06
[train] step=5174 loss=0.157522 lr=2.785e-06
[train] step=5175 loss=0.188025 lr=2.783e-06
[train] step=5176 loss=0.132306 lr=2.781e-06
[train] step=5177 loss=0.133689 lr=2.779e-06
[train] step=5178 loss=0.227887 lr=2.778e-06
[train] step=5179 loss=0.204258 lr=2.776e-06
[train] step=5180 loss=0.106343 lr=2.774e-06
[train] step=5181 loss=0.151490 lr=2.772e-06
[train] step=5182 loss=0.216294 lr=2.771e-06
[train] step=5183 loss=0.172296 lr=2.769e-06
[train] step=5184 loss=0.211315 lr=2.767e-06
[train] step=5185 loss=0.158759 lr=2.765e-06
[train] step=5186 loss=0.151287 lr=2.764e-06
[train] step=5187 loss=0.753763 lr=2.762e-06
[train] step=5188 loss=0.170168 lr=2.760e-06
[train] step=5189 loss=0.155478 lr=2.758e-06
[train] step=5190 loss=0.159186 lr=2.757e-06
[train] step=5191 loss=0.174650 lr=2.755e-06
[train] step=5192 loss=0.155457 lr=2.753e-06
[train] step=5193 loss=0.172362 lr=2.751e-06
[train] step=5194 loss=0.205682 lr=2.750e-06
[train] step=5195 loss=0.204143 lr=2.748e-06
[train] step=5196 loss=0.120636 lr=2.746e-06
[train] step=5197 loss=0.191713 lr=2.744e-06
[train] step=5198 loss=0.123436 lr=2.743e-06
[train] step=5199 loss=0.283658 lr=2.741e-06
[train] step=5200 loss=0.173166 lr=2.739e-06
[train] step=5201 loss=0.242686 lr=2.737e-06
[train] step=5202 loss=0.169570 lr=2.736e-06
[train] step=5203 loss=0.185368 lr=2.734e-06
[train] step=5204 loss=0.172901 lr=2.732e-06
[train] step=5205 loss=0.199276 lr=2.730e-06
[train] step=5206 loss=0.156497 lr=2.729e-06
[train] step=5207 loss=0.142535 lr=2.727e-06
[train] step=5208 loss=0.224258 lr=2.725e-06
[train] step=5209 loss=0.178669 lr=2.723e-06
[train] step=5210 loss=0.170375 lr=2.722e-06
[train] step=5211 loss=0.174975 lr=2.720e-06
[train] step=5212 loss=0.135348 lr=2.718e-06
[train] step=5213 loss=0.151836 lr=2.716e-06
[train] step=5214 loss=0.149075 lr=2.715e-06
[train] step=5215 loss=0.150151 lr=2.713e-06
[train] step=5216 loss=0.153903 lr=2.711e-06
[train] step=5217 loss=0.204744 lr=2.709e-06
[train] step=5218 loss=0.226218 lr=2.708e-06
[train] step=5219 loss=0.169796 lr=2.706e-06
[train] step=5220 loss=0.167876 lr=2.704e-06
[train] step=5221 loss=0.155101 lr=2.702e-06
[train] step=5222 loss=0.151622 lr=2.701e-06
[train] step=5223 loss=0.112372 lr=2.699e-06
[train] step=5224 loss=0.218678 lr=2.697e-06
[train] step=5225 loss=0.150516 lr=2.695e-06
[train] step=5226 loss=0.091523 lr=2.694e-06
[train] step=5227 loss=0.223878 lr=2.692e-06
[train] step=5228 loss=0.171623 lr=2.690e-06
[train] step=5229 loss=0.195933 lr=2.689e-06
[train] step=5230 loss=0.184263 lr=2.687e-06
[train] step=5231 loss=0.152235 lr=2.685e-06
[train] step=5232 loss=0.145822 lr=2.683e-06
[train] step=5233 loss=0.135917 lr=2.682e-06
[train] step=5234 loss=0.121497 lr=2.680e-06
[train] step=5235 loss=0.271730 lr=2.678e-06
[train] step=5236 loss=0.202980 lr=2.676e-06
[train] step=5237 loss=0.215676 lr=2.675e-06
[train] step=5238 loss=0.123632 lr=2.673e-06
[train] step=5239 loss=0.216159 lr=2.671e-06
[train] step=5240 loss=0.208177 lr=2.669e-06
[train] step=5241 loss=0.138165 lr=2.668e-06
[train] step=5242 loss=0.159204 lr=2.666e-06
[train] step=5243 loss=0.153958 lr=2.664e-06
[train] step=5244 loss=0.231336 lr=2.662e-06
[train] step=5245 loss=0.146333 lr=2.661e-06
[train] step=5246 loss=0.141912 lr=2.659e-06
[train] step=5247 loss=0.180672 lr=2.657e-06
[train] step=5248 loss=0.168859 lr=2.656e-06
[train] step=5249 loss=0.126840 lr=2.654e-06
[train] step=5250 loss=0.189745 lr=2.652e-06
[train] step=5251 loss=0.213818 lr=2.650e-06
[train] step=5252 loss=0.195738 lr=2.649e-06
[train] step=5253 loss=0.141952 lr=2.647e-06
[train] step=5254 loss=0.147171 lr=2.645e-06
[train] step=5255 loss=0.170640 lr=2.643e-06
[train] step=5256 loss=0.235981 lr=2.642e-06
[train] step=5257 loss=0.103287 lr=2.640e-06
[train] step=5258 loss=0.214984 lr=2.638e-06
[train] step=5259 loss=0.162642 lr=2.637e-06
[train] step=5260 loss=0.150645 lr=2.635e-06
[train] step=5261 loss=0.226350 lr=2.633e-06
[train] step=5262 loss=0.146899 lr=2.631e-06
[train] step=5263 loss=0.224918 lr=2.630e-06
[train] step=5264 loss=0.222127 lr=2.628e-06
[train] step=5265 loss=0.143970 lr=2.626e-06
[train] step=5266 loss=0.212309 lr=2.624e-06
[train] step=5267 loss=0.205026 lr=2.623e-06
[train] step=5268 loss=0.156647 lr=2.621e-06
[train] step=5269 loss=0.156293 lr=2.619e-06
[train] step=5270 loss=0.113392 lr=2.618e-06
[train] step=5271 loss=0.235048 lr=2.616e-06
[train] step=5272 loss=0.193208 lr=2.614e-06
[train] step=5273 loss=0.220913 lr=2.612e-06
[train] step=5274 loss=0.238906 lr=2.611e-06
[train] step=5275 loss=0.224605 lr=2.609e-06
[train] step=5276 loss=0.159693 lr=2.607e-06
[train] step=5277 loss=0.130493 lr=2.606e-06
[train] step=5278 loss=0.145726 lr=2.604e-06
[train] step=5279 loss=0.179986 lr=2.602e-06
[train] step=5280 loss=0.161700 lr=2.600e-06
INFO     [rank 0] Model weights for step 5280 saved in       dit_trainer.py:1288
         checkpoints/model_weights_step_05280.safetensors                       
INFO     [rank 0] Scalar embedding weights for step 5280     dit_trainer.py:1297
         saved                                                                  
INFO     [rank 0] Training state saved:                      dit_trainer.py:1416
         checkpoints/model_weights_step_05280.state.pt                          
DEBUG    [rank 0] Removed old checkpoint:                    dit_trainer.py:1429
         /hppfs/scratch/0D/go76fuz2/windinet/outputs/shockwa                    
         ve_dit_ch6_unfinetuned/checkpoints/model_weights_st                    
         ep_05040.safetensors                                                   
DEBUG    [rank 0] Removed old checkpoint:                    dit_trainer.py:1429
         /hppfs/scratch/0D/go76fuz2/windinet/outputs/shockwa                    
         ve_dit_ch6_unfinetuned/checkpoints/scalar_embedding                    
         _step_05040.safetensors                                                
DEBUG    [rank 0] Removed optimizer state for older kept     dit_trainer.py:1444
         checkpoint:                                                            
         /hppfs/scratch/0D/go76fuz2/windinet/outputs/shockwa                    
         ve_dit_ch6_unfinetuned/checkpoints/model_weights_st                    
         ep_05160.state.pt                                                      
[epoch 44] step=5280 train_loss=0.178639
[train] step=5281 loss=0.170131 lr=2.599e-06
[train] step=5282 loss=0.127704 lr=2.597e-06
[train] step=5283 loss=0.130853 lr=2.595e-06
[train] step=5284 loss=0.122293 lr=2.593e-06
[train] step=5285 loss=0.136239 lr=2.592e-06
[train] step=5286 loss=0.249407 lr=2.590e-06
[train] step=5287 loss=0.168831 lr=2.588e-06
[train] step=5288 loss=0.167333 lr=2.587e-06
[train] step=5289 loss=0.093761 lr=2.585e-06
[train] step=5290 loss=0.250465 lr=2.583e-06
[train] step=5291 loss=0.148679 lr=2.581e-06
[train] step=5292 loss=0.218722 lr=2.580e-06
[train] step=5293 loss=0.121464 lr=2.578e-06
[train] step=5294 loss=0.206618 lr=2.576e-06
[train] step=5295 loss=0.195976 lr=2.575e-06
[train] step=5296 loss=0.187439 lr=2.573e-06
[train] step=5297 loss=0.169789 lr=2.571e-06
[train] step=5298 loss=0.159324 lr=2.569e-06
[train] step=5299 loss=0.553645 lr=2.568e-06
[train] step=5300 loss=0.160490 lr=2.566e-06
[train] step=5301 loss=0.090451 lr=2.564e-06
[train] step=5302 loss=0.257049 lr=2.563e-06
[train] step=5303 loss=0.182487 lr=2.561e-06
[train] step=5304 loss=0.159631 lr=2.559e-06
[train] step=5305 loss=0.174125 lr=2.557e-06
[train] step=5306 loss=0.153352 lr=2.556e-06
[train] step=5307 loss=0.220795 lr=2.554e-06
[train] step=5308 loss=0.163164 lr=2.552e-06
[train] step=5309 loss=0.188391 lr=2.551e-06
[train] step=5310 loss=0.157822 lr=2.549e-06
[train] step=5311 loss=0.121221 lr=2.547e-06
[train] step=5312 loss=0.181422 lr=2.546e-06
[train] step=5313 loss=0.193204 lr=2.544e-06
[train] step=5314 loss=0.153844 lr=2.542e-06
[train] step=5315 loss=0.200199 lr=2.540e-06
[train] step=5316 loss=0.112520 lr=2.539e-06
[train] step=5317 loss=0.132173 lr=2.537e-06
[train] step=5318 loss=0.146183 lr=2.535e-06
[train] step=5319 loss=0.223516 lr=2.534e-06
[train] step=5320 loss=0.174410 lr=2.532e-06
[train] step=5321 loss=0.119407 lr=2.530e-06
[train] step=5322 loss=0.191230 lr=2.528e-06
[train] step=5323 loss=0.168244 lr=2.527e-06
[train] step=5324 loss=0.151946 lr=2.525e-06
[train] step=5325 loss=0.140984 lr=2.523e-06
[train] step=5326 loss=0.219807 lr=2.522e-06
[train] step=5327 loss=0.254410 lr=2.520e-06
[train] step=5328 loss=0.190904 lr=2.518e-06
[train] step=5329 loss=0.230323 lr=2.517e-06
[train] step=5330 loss=0.221792 lr=2.515e-06
[train] step=5331 loss=0.130834 lr=2.513e-06
[train] step=5332 loss=0.182873 lr=2.511e-06
[train] step=5333 loss=0.152158 lr=2.510e-06
[train] step=5334 loss=0.226805 lr=2.508e-06
[train] step=5335 loss=0.127256 lr=2.506e-06
[train] step=5336 loss=0.156626 lr=2.505e-06
[train] step=5337 loss=0.207542 lr=2.503e-06
[train] step=5338 loss=0.274775 lr=2.501e-06
[train] step=5339 loss=0.139212 lr=2.500e-06
[train] step=5340 loss=0.211082 lr=2.498e-06
[train] step=5341 loss=0.185683 lr=2.496e-06
[train] step=5342 loss=0.220524 lr=2.494e-06
[train] step=5343 loss=0.179566 lr=2.493e-06
[train] step=5344 loss=0.159906 lr=2.491e-06
[train] step=5345 loss=0.169702 lr=2.489e-06
[train] step=5346 loss=0.239327 lr=2.488e-06
[train] step=5347 loss=0.152249 lr=2.486e-06
[train] step=5348 loss=0.145914 lr=2.484e-06
[train] step=5349 loss=0.136579 lr=2.483e-06
[train] step=5350 loss=0.111293 lr=2.481e-06
[train] step=5351 loss=0.459945 lr=2.479e-06
[train] step=5352 loss=0.124538 lr=2.478e-06
[train] step=5353 loss=0.295094 lr=2.476e-06
[train] step=5354 loss=0.131561 lr=2.474e-06
[train] step=5355 loss=0.203007 lr=2.472e-06
[train] step=5356 loss=0.093997 lr=2.471e-06
[train] step=5357 loss=0.167720 lr=2.469e-06
[train] step=5358 loss=0.115541 lr=2.467e-06
[train] step=5359 loss=0.178208 lr=2.466e-06
[train] step=5360 loss=0.155943 lr=2.464e-06
[train] step=5361 loss=0.191370 lr=2.462e-06
[train] step=5362 loss=0.082271 lr=2.461e-06
[train] step=5363 loss=0.194245 lr=2.459e-06
[train] step=5364 loss=0.126224 lr=2.457e-06
[train] step=5365 loss=0.111899 lr=2.456e-06
[train] step=5366 loss=0.266402 lr=2.454e-06
[train] step=5367 loss=0.237281 lr=2.452e-06
[train] step=5368 loss=0.128970 lr=2.451e-06
[train] step=5369 loss=0.092911 lr=2.449e-06
[train] step=5370 loss=0.201075 lr=2.447e-06
[train] step=5371 loss=0.141615 lr=2.445e-06
[train] step=5372 loss=0.201414 lr=2.444e-06
[train] step=5373 loss=0.231681 lr=2.442e-06
[train] step=5374 loss=0.226904 lr=2.440e-06
[train] step=5375 loss=0.224733 lr=2.439e-06
[train] step=5376 loss=0.100152 lr=2.437e-06
[train] step=5377 loss=0.162353 lr=2.435e-06
[train] step=5378 loss=0.179576 lr=2.434e-06
[train] step=5379 loss=0.226188 lr=2.432e-06
[train] step=5380 loss=0.186441 lr=2.430e-06
[train] step=5381 loss=0.145678 lr=2.429e-06
[train] step=5382 loss=0.161338 lr=2.427e-06
[train] step=5383 loss=0.173633 lr=2.425e-06
[train] step=5384 loss=0.206835 lr=2.424e-06
[train] step=5385 loss=0.153122 lr=2.422e-06
[train] step=5386 loss=0.173013 lr=2.420e-06
[train] step=5387 loss=0.181729 lr=2.419e-06
[train] step=5388 loss=0.130531 lr=2.417e-06
[train] step=5389 loss=0.157646 lr=2.415e-06
[train] step=5390 loss=0.104722 lr=2.414e-06
[train] step=5391 loss=0.156620 lr=2.412e-06
[train] step=5392 loss=0.248582 lr=2.410e-06
[train] step=5393 loss=0.076001 lr=2.409e-06
[train] step=5394 loss=0.191891 lr=2.407e-06
[train] step=5395 loss=0.195569 lr=2.405e-06
[train] step=5396 loss=0.111729 lr=2.403e-06
[train] step=5397 loss=0.230491 lr=2.402e-06
[train] step=5398 loss=0.119343 lr=2.400e-06
[train] step=5399 loss=0.126140 lr=2.398e-06
[train] step=5400 loss=0.157535 lr=2.397e-06
[val] step=5400 val_loss=0.178301
INFO     [rank 0] Model weights for step 5400 saved in       dit_trainer.py:1288
         checkpoints/model_weights_step_05400.safetensors                       
INFO     [rank 0] Scalar embedding weights for step 5400     dit_trainer.py:1297
         saved                                                                  
INFO     [rank 0] Training state saved:                      dit_trainer.py:1416
         checkpoints/model_weights_step_05400.state.pt                          
INFO     [rank 0] New best checkpoint (step 5400,            dit_trainer.py:1320
         val_loss=0.178301):                                                    
         checkpoints/model_weights_best.safetensors                             
DEBUG    [rank 0] Removed old checkpoint:                    dit_trainer.py:1429
         /hppfs/scratch/0D/go76fuz2/windinet/outputs/shockwa                    
         ve_dit_ch6_unfinetuned/checkpoints/model_weights_st                    
         ep_05160.safetensors                                                   
DEBUG    [rank 0] Removed old checkpoint:                    dit_trainer.py:1429
         /hppfs/scratch/0D/go76fuz2/windinet/outputs/shockwa                    
         ve_dit_ch6_unfinetuned/checkpoints/scalar_embedding                    
         _step_05160.safetensors                                                
DEBUG    [rank 0] Removed optimizer state for older kept     dit_trainer.py:1444
         checkpoint:                                                            
         /hppfs/scratch/0D/go76fuz2/windinet/outputs/shockwa                    
         ve_dit_ch6_unfinetuned/checkpoints/model_weights_st                    
         ep_05280.state.pt                                                      
[epoch 45] step=5400 train_loss=0.176414 val_loss=0.178301
[train] step=5401 loss=0.151063 lr=2.395e-06
[train] step=5402 loss=0.166673 lr=2.393e-06
[train] step=5403 loss=0.166483 lr=2.392e-06
[train] step=5404 loss=0.240579 lr=2.390e-06
[train] step=5405 loss=0.095965 lr=2.388e-06
[train] step=5406 loss=0.166819 lr=2.387e-06
[train] step=5407 loss=0.256746 lr=2.385e-06
[train] step=5408 loss=0.188451 lr=2.383e-06
[train] step=5409 loss=0.210140 lr=2.382e-06
[train] step=5410 loss=0.119216 lr=2.380e-06
[train] step=5411 loss=0.227167 lr=2.378e-06
[train] step=5412 loss=0.186214 lr=2.377e-06
[train] step=5413 loss=0.146567 lr=2.375e-06
[train] step=5414 loss=0.135098 lr=2.373e-06
[train] step=5415 loss=0.144662 lr=2.372e-06
[train] step=5416 loss=0.138369 lr=2.370e-06
[train] step=5417 loss=0.113340 lr=2.368e-06
[train] step=5418 loss=0.090358 lr=2.367e-06
[train] step=5419 loss=0.190937 lr=2.365e-06
[train] step=5420 loss=0.102482 lr=2.363e-06
[train] step=5421 loss=0.181314 lr=2.362e-06
[train] step=5422 loss=0.098455 lr=2.360e-06
[train] step=5423 loss=0.136144 lr=2.358e-06
[train] step=5424 loss=0.255699 lr=2.357e-06
[train] step=5425 loss=0.134727 lr=2.355e-06
[train] step=5426 loss=0.230401 lr=2.353e-06
[train] step=5427 loss=0.124507 lr=2.352e-06
[train] step=5428 loss=0.262850 lr=2.350e-06
[train] step=5429 loss=0.334348 lr=2.348e-06
[train] step=5430 loss=0.167415 lr=2.347e-06
[train] step=5431 loss=0.109440 lr=2.345e-06
[train] step=5432 loss=0.279412 lr=2.343e-06
[train] step=5433 loss=0.179509 lr=2.342e-06
[train] step=5434 loss=0.167869 lr=2.340e-06
[train] step=5435 loss=0.216774 lr=2.338e-06
[train] step=5436 loss=0.155428 lr=2.337e-06
[train] step=5437 loss=0.075543 lr=2.335e-06
[train] step=5438 loss=0.132919 lr=2.334e-06
[train] step=5439 loss=0.229419 lr=2.332e-06
[train] step=5440 loss=0.223830 lr=2.330e-06
[train] step=5441 loss=0.100223 lr=2.329e-06
[train] step=5442 loss=0.140608 lr=2.327e-06
[train] step=5443 loss=0.137362 lr=2.325e-06
[train] step=5444 loss=0.225057 lr=2.324e-06
[train] step=5445 loss=0.137875 lr=2.322e-06
[train] step=5446 loss=0.149067 lr=2.320e-06
[train] step=5447 loss=0.161630 lr=2.319e-06
[train] step=5448 loss=0.229586 lr=2.317e-06
[train] step=5449 loss=0.123476 lr=2.315e-06
[train] step=5450 loss=0.160902 lr=2.314e-06
[train] step=5451 loss=0.117741 lr=2.312e-06
[train] step=5452 loss=0.173542 lr=2.310e-06
[train] step=5453 loss=0.131982 lr=2.309e-06
[train] step=5454 loss=0.126287 lr=2.307e-06
[train] step=5455 loss=0.213544 lr=2.305e-06
[train] step=5456 loss=0.163787 lr=2.304e-06
[train] step=5457 loss=0.143286 lr=2.302e-06
[train] step=5458 loss=0.187355 lr=2.300e-06
[train] step=5459 loss=0.151118 lr=2.299e-06
[train] step=5460 loss=0.135215 lr=2.297e-06
[train] step=5461 loss=0.145229 lr=2.296e-06
[train] step=5462 loss=0.163133 lr=2.294e-06
[train] step=5463 loss=0.165661 lr=2.292e-06
[train] step=5464 loss=0.206091 lr=2.291e-06
[train] step=5465 loss=0.186359 lr=2.289e-06
[train] step=5466 loss=0.227169 lr=2.287e-06
[train] step=5467 loss=0.431403 lr=2.286e-06
[train] step=5468 loss=0.516891 lr=2.284e-06
[train] step=5469 loss=0.154037 lr=2.282e-06
[train] step=5470 loss=0.145500 lr=2.281e-06
[train] step=5471 loss=0.198034 lr=2.279e-06
[train] step=5472 loss=0.173517 lr=2.277e-06
[train] step=5473 loss=0.191039 lr=2.276e-06
[train] step=5474 loss=0.211818 lr=2.274e-06
[train] step=5475 loss=0.178727 lr=2.272e-06
[train] step=5476 loss=0.197009 lr=2.271e-06
[train] step=5477 loss=0.125517 lr=2.269e-06
[train] step=5478 loss=0.178646 lr=2.268e-06
[train] step=5479 loss=0.178301 lr=2.266e-06
[train] step=5480 loss=0.154959 lr=2.264e-06
[train] step=5481 loss=0.197535 lr=2.263e-06
[train] step=5482 loss=0.197533 lr=2.261e-06
[train] step=5483 loss=0.180922 lr=2.259e-06
[train] step=5484 loss=0.157781 lr=2.258e-06
[train] step=5485 loss=0.146623 lr=2.256e-06
[train] step=5486 loss=0.211957 lr=2.254e-06
[train] step=5487 loss=0.395639 lr=2.253e-06
[train] step=5488 loss=0.178358 lr=2.251e-06
[train] step=5489 loss=0.179935 lr=2.250e-06
[train] step=5490 loss=0.195313 lr=2.248e-06
[train] step=5491 loss=0.171479 lr=2.246e-06
[train] step=5492 loss=0.188847 lr=2.245e-06
[train] step=5493 loss=0.216248 lr=2.243e-06
[train] step=5494 loss=0.222986 lr=2.241e-06
[train] step=5495 loss=0.157979 lr=2.240e-06
[train] step=5496 loss=0.205929 lr=2.238e-06
[train] step=5497 loss=0.161664 lr=2.236e-06
[train] step=5498 loss=0.238873 lr=2.235e-06
[train] step=5499 loss=0.188212 lr=2.233e-06
[train] step=5500 loss=0.123144 lr=2.232e-06
[train] step=5501 loss=0.241914 lr=2.230e-06
[train] step=5502 loss=0.174220 lr=2.228e-06
[train] step=5503 loss=0.322363 lr=2.227e-06
[train] step=5504 loss=0.124860 lr=2.225e-06
[train] step=5505 loss=0.642717 lr=2.223e-06
[train] step=5506 loss=0.194609 lr=2.222e-06
[train] step=5507 loss=0.137362 lr=2.220e-06
[train] step=5508 loss=0.290458 lr=2.219e-06
[train] step=5509 loss=0.145861 lr=2.217e-06
[train] step=5510 loss=0.118233 lr=2.215e-06
[train] step=5511 loss=0.213364 lr=2.214e-06
[train] step=5512 loss=0.225317 lr=2.212e-06
[train] step=5513 loss=0.177485 lr=2.210e-06
[train] step=5514 loss=0.150890 lr=2.209e-06
[train] step=5515 loss=0.194223 lr=2.207e-06
[train] step=5516 loss=0.272214 lr=2.206e-06
[train] step=5517 loss=0.224143 lr=2.204e-06
[train] step=5518 loss=0.141309 lr=2.202e-06
[train] step=5519 loss=0.334303 lr=2.201e-06
[train] step=5520 loss=0.162695 lr=2.199e-06
INFO     [rank 0] Model weights for step 5520 saved in       dit_trainer.py:1288
         checkpoints/model_weights_step_05520.safetensors                       
INFO     [rank 0] Scalar embedding weights for step 5520     dit_trainer.py:1297
         saved                                                                  
INFO     [rank 0] Training state saved:                      dit_trainer.py:1416
         checkpoints/model_weights_step_05520.state.pt                          
DEBUG    [rank 0] Removed old checkpoint:                    dit_trainer.py:1429
         /hppfs/scratch/0D/go76fuz2/windinet/outputs/shockwa                    
         ve_dit_ch6_unfinetuned/checkpoints/model_weights_st                    
         ep_05280.safetensors                                                   
DEBUG    [rank 0] Removed old checkpoint:                    dit_trainer.py:1429
         /hppfs/scratch/0D/go76fuz2/windinet/outputs/shockwa                    
         ve_dit_ch6_unfinetuned/checkpoints/scalar_embedding                    
         _step_05280.safetensors                                                
DEBUG    [rank 0] Removed optimizer state for older kept     dit_trainer.py:1444
         checkpoint:                                                            
         /hppfs/scratch/0D/go76fuz2/windinet/outputs/shockwa                    
         ve_dit_ch6_unfinetuned/checkpoints/model_weights_st                    
         ep_05400.state.pt                                                      
[epoch 46] step=5520 train_loss=0.188103
[train] step=5521 loss=0.198059 lr=2.197e-06
[train] step=5522 loss=0.261957 lr=2.196e-06
[train] step=5523 loss=0.186019 lr=2.194e-06
[train] step=5524 loss=0.261032 lr=2.193e-06
[train] step=5525 loss=0.168245 lr=2.191e-06
[train] step=5526 loss=0.181577 lr=2.189e-06
[train] step=5527 loss=0.148304 lr=2.188e-06
[train] step=5528 loss=0.214521 lr=2.186e-06
[train] step=5529 loss=0.111397 lr=2.184e-06
[train] step=5530 loss=0.190979 lr=2.183e-06
[train] step=5531 loss=0.238051 lr=2.181e-06
[train] step=5532 loss=0.141584 lr=2.180e-06
[train] step=5533 loss=0.278856 lr=2.178e-06
[train] step=5534 loss=0.159568 lr=2.176e-06
[train] step=5535 loss=0.129427 lr=2.175e-06
[train] step=5536 loss=0.070938 lr=2.173e-06
[train] step=5537 loss=0.207123 lr=2.171e-06
[train] step=5538 loss=0.125356 lr=2.170e-06
[train] step=5539 loss=0.171610 lr=2.168e-06
[train] step=5540 loss=0.127231 lr=2.167e-06
[train] step=5541 loss=0.224697 lr=2.165e-06
[train] step=5542 loss=0.120422 lr=2.163e-06
[train] step=5543 loss=0.146118 lr=2.162e-06
[train] step=5544 loss=0.143312 lr=2.160e-06
[train] step=5545 loss=0.206099 lr=2.159e-06
[train] step=5546 loss=0.131382 lr=2.157e-06
[train] step=5547 loss=0.131466 lr=2.155e-06
[train] step=5548 loss=0.159417 lr=2.154e-06
[train] step=5549 loss=0.194225 lr=2.152e-06
[train] step=5550 loss=0.204448 lr=2.151e-06
[train] step=5551 loss=0.171039 lr=2.149e-06
[train] step=5552 loss=0.255676 lr=2.147e-06
[train] step=5553 loss=0.157633 lr=2.146e-06
[train] step=5554 loss=0.126676 lr=2.144e-06
[train] step=5555 loss=0.118534 lr=2.142e-06
[train] step=5556 loss=0.097023 lr=2.141e-06
[train] step=5557 loss=0.171918 lr=2.139e-06
[train] step=5558 loss=0.171654 lr=2.138e-06
[train] step=5559 loss=0.315584 lr=2.136e-06
[train] step=5560 loss=0.277472 lr=2.134e-06
[train] step=5561 loss=0.241651 lr=2.133e-06
[train] step=5562 loss=0.171641 lr=2.131e-06
[train] step=5563 loss=0.171997 lr=2.130e-06
[train] step=5564 loss=0.215990 lr=2.128e-06
[train] step=5565 loss=0.147359 lr=2.126e-06
[train] step=5566 loss=0.200718 lr=2.125e-06
[train] step=5567 loss=0.165040 lr=2.123e-06
[train] step=5568 loss=0.255577 lr=2.122e-06
[train] step=5569 loss=0.158358 lr=2.120e-06
[train] step=5570 loss=0.120887 lr=2.118e-06
[train] step=5571 loss=0.130752 lr=2.117e-06
[train] step=5572 loss=0.169294 lr=2.115e-06
[train] step=5573 loss=0.189291 lr=2.114e-06
[train] step=5574 loss=0.117422 lr=2.112e-06
[train] step=5575 loss=0.212170 lr=2.110e-06
[train] step=5576 loss=0.142729 lr=2.109e-06
[train] step=5577 loss=0.186847 lr=2.107e-06
[train] step=5578 loss=0.201434 lr=2.106e-06
[train] step=5579 loss=0.229591 lr=2.104e-06
[train] step=5580 loss=0.236664 lr=2.102e-06
[train] step=5581 loss=0.219319 lr=2.101e-06
[train] step=5582 loss=0.125435 lr=2.099e-06
[train] step=5583 loss=0.125594 lr=2.098e-06
[train] step=5584 loss=0.217176 lr=2.096e-06
[train] step=5585 loss=0.258816 lr=2.094e-06
[train] step=5586 loss=0.162278 lr=2.093e-06
[train] step=5587 loss=0.265303 lr=2.091e-06
[train] step=5588 loss=0.181151 lr=2.090e-06
[train] step=5589 loss=0.112745 lr=2.088e-06
[train] step=5590 loss=0.178810 lr=2.086e-06
[train] step=5591 loss=0.137932 lr=2.085e-06
[train] step=5592 loss=0.179212 lr=2.083e-06
[train] step=5593 loss=0.166045 lr=2.082e-06
[train] step=5594 loss=0.130836 lr=2.080e-06
[train] step=5595 loss=0.136412 lr=2.079e-06
[train] step=5596 loss=0.209703 lr=2.077e-06
[train] step=5597 loss=0.148364 lr=2.075e-06
[train] step=5598 loss=0.176574 lr=2.074e-06
[train] step=5599 loss=0.099285 lr=2.072e-06
[train] step=5600 loss=0.100962 lr=2.071e-06
[train] step=5601 loss=0.138888 lr=2.069e-06
[train] step=5602 loss=0.195202 lr=2.067e-06
[train] step=5603 loss=0.181988 lr=2.066e-06
[train] step=5604 loss=0.177469 lr=2.064e-06
[train] step=5605 loss=0.157087 lr=2.063e-06
[train] step=5606 loss=0.181875 lr=2.061e-06
[train] step=5607 loss=0.149740 lr=2.059e-06
[train] step=5608 loss=0.139665 lr=2.058e-06
[train] step=5609 loss=0.141932 lr=2.056e-06
[train] step=5610 loss=0.178835 lr=2.055e-06
[train] step=5611 loss=0.235321 lr=2.053e-06
[train] step=5612 loss=0.177870 lr=2.052e-06
[train] step=5613 loss=0.122278 lr=2.050e-06
[train] step=5614 loss=0.199833 lr=2.048e-06
[train] step=5615 loss=0.186174 lr=2.047e-06
[train] step=5616 loss=0.202860 lr=2.045e-06
[train] step=5617 loss=0.190985 lr=2.044e-06
[train] step=5618 loss=0.183987 lr=2.042e-06
[train] step=5619 loss=0.124926 lr=2.041e-06
[train] step=5620 loss=0.108642 lr=2.039e-06
[train] step=5621 loss=0.143997 lr=2.037e-06
[train] step=5622 loss=0.118189 lr=2.036e-06
[train] step=5623 loss=0.162662 lr=2.034e-06
[train] step=5624 loss=0.169107 lr=2.033e-06
[train] step=5625 loss=0.177092 lr=2.031e-06
[train] step=5626 loss=0.327143 lr=2.029e-06
[train] step=5627 loss=0.233876 lr=2.028e-06
[train] step=5628 loss=0.113414 lr=2.026e-06
[train] step=5629 loss=0.170981 lr=2.025e-06
[train] step=5630 loss=0.171079 lr=2.023e-06
[train] step=5631 loss=0.246160 lr=2.022e-06
[train] step=5632 loss=0.187148 lr=2.020e-06
[train] step=5633 loss=0.170700 lr=2.018e-06
[train] step=5634 loss=0.281606 lr=2.017e-06
[train] step=5635 loss=0.191666 lr=2.015e-06
[train] step=5636 loss=0.210034 lr=2.014e-06
[train] step=5637 loss=0.146188 lr=2.012e-06
[train] step=5638 loss=0.123728 lr=2.011e-06
[train] step=5639 loss=0.138437 lr=2.009e-06
[train] step=5640 loss=0.177730 lr=2.007e-06
INFO     [rank 0] Model weights for step 5640 saved in       dit_trainer.py:1288
         checkpoints/model_weights_step_05640.safetensors                       
INFO     [rank 0] Scalar embedding weights for step 5640     dit_trainer.py:1297
         saved                                                                  
INFO     [rank 0] Training state saved:                      dit_trainer.py:1416
         checkpoints/model_weights_step_05640.state.pt                          
DEBUG    [rank 0] Removed old checkpoint:                    dit_trainer.py:1429
         /hppfs/scratch/0D/go76fuz2/windinet/outputs/shockwa                    
         ve_dit_ch6_unfinetuned/checkpoints/model_weights_st                    
         ep_05400.safetensors                                                   
DEBUG    [rank 0] Removed old checkpoint:                    dit_trainer.py:1429
         /hppfs/scratch/0D/go76fuz2/windinet/outputs/shockwa                    
         ve_dit_ch6_unfinetuned/checkpoints/scalar_embedding                    
         _step_05400.safetensors                                                
DEBUG    [rank 0] Removed optimizer state for older kept     dit_trainer.py:1444
         checkpoint:                                                            
         /hppfs/scratch/0D/go76fuz2/windinet/outputs/shockwa                    
         ve_dit_ch6_unfinetuned/checkpoints/model_weights_st                    
         ep_05520.state.pt                                                      
[epoch 47] step=5640 train_loss=0.175962
[train] step=5641 loss=0.103974 lr=2.006e-06
[train] step=5642 loss=0.112541 lr=2.004e-06
[train] step=5643 loss=0.153964 lr=2.003e-06
[train] step=5644 loss=0.156650 lr=2.001e-06
[train] step=5645 loss=0.232900 lr=2.000e-06
[train] step=5646 loss=0.123713 lr=1.998e-06
[train] step=5647 loss=0.132628 lr=1.996e-06
[train] step=5648 loss=0.123097 lr=1.995e-06
[train] step=5649 loss=0.124364 lr=1.993e-06
[train] step=5650 loss=0.137990 lr=1.992e-06
[train] step=5651 loss=0.181263 lr=1.990e-06
[train] step=5652 loss=0.139609 lr=1.989e-06
[train] step=5653 loss=0.143169 lr=1.987e-06
[train] step=5654 loss=0.165830 lr=1.986e-06
[train] step=5655 loss=0.159201 lr=1.984e-06
[train] step=5656 loss=0.159832 lr=1.982e-06
[train] step=5657 loss=0.238357 lr=1.981e-06
[train] step=5658 loss=0.251605 lr=1.979e-06
[train] step=5659 loss=0.192043 lr=1.978e-06
[train] step=5660 loss=0.151707 lr=1.976e-06
[train] step=5661 loss=0.167484 lr=1.975e-06
[train] step=5662 loss=0.112565 lr=1.973e-06
[train] step=5663 loss=0.131775 lr=1.972e-06
[train] step=5664 loss=0.109146 lr=1.970e-06
[train] step=5665 loss=0.097537 lr=1.968e-06
[train] step=5666 loss=0.169180 lr=1.967e-06
[train] step=5667 loss=0.158460 lr=1.965e-06
[train] step=5668 loss=0.183501 lr=1.964e-06
[train] step=5669 loss=0.224076 lr=1.962e-06
[train] step=5670 loss=0.176329 lr=1.961e-06
[train] step=5671 loss=0.146339 lr=1.959e-06
[train] step=5672 loss=0.141446 lr=1.957e-06
[train] step=5673 loss=0.230174 lr=1.956e-06
[train] step=5674 loss=0.162490 lr=1.954e-06
[train] step=5675 loss=0.354551 lr=1.953e-06
[train] step=5676 loss=0.148171 lr=1.951e-06
[train] step=5677 loss=0.173516 lr=1.950e-06
[train] step=5678 loss=0.159956 lr=1.948e-06
[train] step=5679 loss=0.133226 lr=1.947e-06
[train] step=5680 loss=0.168502 lr=1.945e-06
[train] step=5681 loss=0.191089 lr=1.944e-06
[train] step=5682 loss=0.187276 lr=1.942e-06
[train] step=5683 loss=0.212282 lr=1.940e-06
[train] step=5684 loss=0.181278 lr=1.939e-06
[train] step=5685 loss=0.163616 lr=1.937e-06
[train] step=5686 loss=0.170568 lr=1.936e-06
[train] step=5687 loss=0.099126 lr=1.934e-06
[train] step=5688 loss=0.104824 lr=1.933e-06
[train] step=5689 loss=0.189679 lr=1.931e-06
[train] step=5690 loss=0.201609 lr=1.930e-06
[train] step=5691 loss=0.146871 lr=1.928e-06
[train] step=5692 loss=0.112742 lr=1.927e-06
[train] step=5693 loss=0.152779 lr=1.925e-06
[train] step=5694 loss=0.200628 lr=1.923e-06
[train] step=5695 loss=0.134886 lr=1.922e-06
[train] step=5696 loss=0.211569 lr=1.920e-06
[train] step=5697 loss=0.172513 lr=1.919e-06
[train] step=5698 loss=0.175040 lr=1.917e-06
[train] step=5699 loss=0.198478 lr=1.916e-06
[train] step=5700 loss=0.100386 lr=1.914e-06
[train] step=5701 loss=0.185173 lr=1.913e-06
[train] step=5702 loss=0.170448 lr=1.911e-06
[train] step=5703 loss=0.153221 lr=1.910e-06
[train] step=5704 loss=0.140546 lr=1.908e-06
[train] step=5705 loss=0.139042 lr=1.906e-06
[train] step=5706 loss=0.173153 lr=1.905e-06
[train] step=5707 loss=0.330872 lr=1.903e-06
[train] step=5708 loss=0.198131 lr=1.902e-06
[train] step=5709 loss=0.155363 lr=1.900e-06
[train] step=5710 loss=0.255829 lr=1.899e-06
[train] step=5711 loss=0.168452 lr=1.897e-06
[train] step=5712 loss=0.354693 lr=1.896e-06
[train] step=5713 loss=0.160819 lr=1.894e-06
[train] step=5714 loss=0.243342 lr=1.893e-06
[train] step=5715 loss=0.155872 lr=1.891e-06
[train] step=5716 loss=0.193123 lr=1.890e-06
[train] step=5717 loss=0.281066 lr=1.888e-06
[train] step=5718 loss=0.156369 lr=1.887e-06
[train] step=5719 loss=0.109032 lr=1.885e-06
[train] step=5720 loss=0.207094 lr=1.883e-06
[train] step=5721 loss=0.162853 lr=1.882e-06
[train] step=5722 loss=0.161455 lr=1.880e-06
[train] step=5723 loss=0.182633 lr=1.879e-06
[train] step=5724 loss=0.171149 lr=1.877e-06
[train] step=5725 loss=0.119163 lr=1.876e-06
[train] step=5726 loss=0.177356 lr=1.874e-06
[train] step=5727 loss=0.138915 lr=1.873e-06
[train] step=5728 loss=0.147130 lr=1.871e-06
[train] step=5729 loss=0.358954 lr=1.870e-06
[train] step=5730 loss=0.173425 lr=1.868e-06
[train] step=5731 loss=0.260772 lr=1.867e-06
[train] step=5732 loss=0.191094 lr=1.865e-06
[train] step=5733 loss=0.151280 lr=1.864e-06
[train] step=5734 loss=0.183582 lr=1.862e-06
[train] step=5735 loss=0.152449 lr=1.861e-06
[train] step=5736 loss=0.146106 lr=1.859e-06
[train] step=5737 loss=0.189869 lr=1.857e-06
[train] step=5738 loss=0.188278 lr=1.856e-06
[train] step=5739 loss=0.202279 lr=1.854e-06
[train] step=5740 loss=0.151390 lr=1.853e-06
[train] step=5741 loss=0.167860 lr=1.851e-06
[train] step=5742 loss=0.081768 lr=1.850e-06
[train] step=5743 loss=0.216589 lr=1.848e-06
[train] step=5744 loss=0.176416 lr=1.847e-06
[train] step=5745 loss=0.139367 lr=1.845e-06
[train] step=5746 loss=0.189963 lr=1.844e-06
[train] step=5747 loss=0.223700 lr=1.842e-06
[train] step=5748 loss=0.173429 lr=1.841e-06
[train] step=5749 loss=0.115746 lr=1.839e-06
[train] step=5750 loss=0.132707 lr=1.838e-06
[train] step=5751 loss=0.124287 lr=1.836e-06
[train] step=5752 loss=0.175696 lr=1.835e-06
[train] step=5753 loss=0.107923 lr=1.833e-06
[train] step=5754 loss=0.130191 lr=1.832e-06
[train] step=5755 loss=0.162510 lr=1.830e-06
[train] step=5756 loss=0.169197 lr=1.829e-06
[train] step=5757 loss=0.171121 lr=1.827e-06
[train] step=5758 loss=0.142123 lr=1.826e-06
[train] step=5759 loss=0.184627 lr=1.824e-06
[train] step=5760 loss=0.158859 lr=1.823e-06
INFO     [rank 0] Model weights for step 5760 saved in       dit_trainer.py:1288
         checkpoints/model_weights_step_05760.safetensors                       
INFO     [rank 0] Scalar embedding weights for step 5760     dit_trainer.py:1297
         saved                                                                  
INFO     [rank 0] Training state saved:                      dit_trainer.py:1416
         checkpoints/model_weights_step_05760.state.pt                          
DEBUG    [rank 0] Removed old checkpoint:                    dit_trainer.py:1429
         /hppfs/scratch/0D/go76fuz2/windinet/outputs/shockwa                    
         ve_dit_ch6_unfinetuned/checkpoints/model_weights_st                    
         ep_05520.safetensors                                                   
DEBUG    [rank 0] Removed old checkpoint:                    dit_trainer.py:1429
         /hppfs/scratch/0D/go76fuz2/windinet/outputs/shockwa                    
         ve_dit_ch6_unfinetuned/checkpoints/scalar_embedding                    
         _step_05520.safetensors                                                
DEBUG    [rank 0] Removed optimizer state for older kept     dit_trainer.py:1444
         checkpoint:                                                            
         /hppfs/scratch/0D/go76fuz2/windinet/outputs/shockwa                    
         ve_dit_ch6_unfinetuned/checkpoints/model_weights_st                    
         ep_05640.state.pt                                                      
[epoch 48] step=5760 train_loss=0.171207
[train] step=5761 loss=0.161952 lr=1.821e-06
[train] step=5762 loss=0.207135 lr=1.820e-06
[train] step=5763 loss=0.143105 lr=1.818e-06
[train] step=5764 loss=0.205019 lr=1.817e-06
[train] step=5765 loss=0.175748 lr=1.815e-06
[train] step=5766 loss=0.131697 lr=1.814e-06
[train] step=5767 loss=0.177791 lr=1.812e-06
[train] step=5768 loss=0.203211 lr=1.810e-06
[train] step=5769 loss=0.148194 lr=1.809e-06
[train] step=5770 loss=0.162178 lr=1.807e-06
[train] step=5771 loss=0.122738 lr=1.806e-06
[train] step=5772 loss=0.201324 lr=1.804e-06
[train] step=5773 loss=0.154904 lr=1.803e-06
[train] step=5774 loss=0.142350 lr=1.801e-06
[train] step=5775 loss=0.207368 lr=1.800e-06
[train] step=5776 loss=0.110863 lr=1.798e-06
[train] step=5777 loss=0.169138 lr=1.797e-06
[train] step=5778 loss=0.113357 lr=1.795e-06
[train] step=5779 loss=0.140100 lr=1.794e-06
[train] step=5780 loss=0.138838 lr=1.792e-06
[train] step=5781 loss=0.117907 lr=1.791e-06
[train] step=5782 loss=0.138785 lr=1.789e-06
[train] step=5783 loss=0.200970 lr=1.788e-06
[train] step=5784 loss=0.226471 lr=1.786e-06
[train] step=5785 loss=0.097372 lr=1.785e-06
[train] step=5786 loss=0.168062 lr=1.783e-06
[train] step=5787 loss=0.144461 lr=1.782e-06
[train] step=5788 loss=0.184071 lr=1.780e-06
[train] step=5789 loss=0.184708 lr=1.779e-06
[train] step=5790 loss=0.278313 lr=1.777e-06
[train] step=5791 loss=0.145019 lr=1.776e-06
[train] step=5792 loss=0.147718 lr=1.774e-06
[train] step=5793 loss=0.119336 lr=1.773e-06
[train] step=5794 loss=0.157151 lr=1.771e-06
[train] step=5795 loss=0.151487 lr=1.770e-06
[train] step=5796 loss=0.170237 lr=1.768e-06
[train] step=5797 loss=0.349344 lr=1.767e-06
[train] step=5798 loss=0.215552 lr=1.765e-06
[train] step=5799 loss=0.165710 lr=1.764e-06
[train] step=5800 loss=0.160974 lr=1.762e-06
[train] step=5801 loss=0.144882 lr=1.761e-06
[train] step=5802 loss=0.112787 lr=1.760e-06
[train] step=5803 loss=0.158602 lr=1.758e-06
[train] step=5804 loss=0.201536 lr=1.757e-06
[train] step=5805 loss=0.157264 lr=1.755e-06
[train] step=5806 loss=0.224442 lr=1.754e-06
[train] step=5807 loss=0.162787 lr=1.752e-06
[train] step=5808 loss=0.142310 lr=1.751e-06
[train] step=5809 loss=0.174514 lr=1.749e-06
[train] step=5810 loss=0.145615 lr=1.748e-06
[train] step=5811 loss=0.137480 lr=1.746e-06
[train] step=5812 loss=0.208818 lr=1.745e-06
[train] step=5813 loss=0.219338 lr=1.743e-06
[train] step=5814 loss=0.135449 lr=1.742e-06
[train] step=5815 loss=0.187353 lr=1.740e-06
[train] step=5816 loss=0.167938 lr=1.739e-06
[train] step=5817 loss=0.156242 lr=1.737e-06
[train] step=5818 loss=0.137308 lr=1.736e-06
[train] step=5819 loss=0.191075 lr=1.734e-06
[train] step=5820 loss=0.207109 lr=1.733e-06
[train] step=5821 loss=0.171656 lr=1.731e-06
[train] step=5822 loss=0.278929 lr=1.730e-06
[train] step=5823 loss=0.163933 lr=1.728e-06
[train] step=5824 loss=0.171000 lr=1.727e-06
[train] step=5825 loss=0.107325 lr=1.725e-06
[train] step=5826 loss=0.193727 lr=1.724e-06
[train] step=5827 loss=0.200379 lr=1.722e-06
[train] step=5828 loss=0.206237 lr=1.721e-06
[train] step=5829 loss=0.163802 lr=1.719e-06
[train] step=5830 loss=0.187149 lr=1.718e-06
[train] step=5831 loss=0.086536 lr=1.716e-06
[train] step=5832 loss=0.168111 lr=1.715e-06
[train] step=5833 loss=0.121749 lr=1.714e-06
[train] step=5834 loss=0.142504 lr=1.712e-06
[train] step=5835 loss=0.168522 lr=1.711e-06
[train] step=5836 loss=0.193632 lr=1.709e-06
[train] step=5837 loss=0.121486 lr=1.708e-06
[train] step=5838 loss=0.186021 lr=1.706e-06
[train] step=5839 loss=0.170618 lr=1.705e-06
[train] step=5840 loss=0.252943 lr=1.703e-06
[train] step=5841 loss=0.178423 lr=1.702e-06
[train] step=5842 loss=0.174852 lr=1.700e-06
[train] step=5843 loss=0.153058 lr=1.699e-06
[train] step=5844 loss=0.293082 lr=1.697e-06
[train] step=5845 loss=0.216672 lr=1.696e-06
[train] step=5846 loss=0.127306 lr=1.694e-06
[train] step=5847 loss=0.143268 lr=1.693e-06
[train] step=5848 loss=0.205284 lr=1.691e-06
[train] step=5849 loss=0.101945 lr=1.690e-06
[train] step=5850 loss=0.218823 lr=1.689e-06
[train] step=5851 loss=0.214548 lr=1.687e-06
[train] step=5852 loss=0.206045 lr=1.686e-06
[train] step=5853 loss=0.190964 lr=1.684e-06
[train] step=5854 loss=0.166969 lr=1.683e-06
[train] step=5855 loss=0.139299 lr=1.681e-06
[train] step=5856 loss=0.166763 lr=1.680e-06
[train] step=5857 loss=0.179542 lr=1.678e-06
[train] step=5858 loss=0.122367 lr=1.677e-06
[train] step=5859 loss=0.166021 lr=1.675e-06
[train] step=5860 loss=0.242139 lr=1.674e-06
[train] step=5861 loss=0.217864 lr=1.672e-06
[train] step=5862 loss=0.189994 lr=1.671e-06
[train] step=5863 loss=0.153438 lr=1.670e-06
[train] step=5864 loss=0.148036 lr=1.668e-06
[train] step=5865 loss=0.208723 lr=1.667e-06
[train] step=5866 loss=0.162980 lr=1.665e-06
[train] step=5867 loss=0.132699 lr=1.664e-06
[train] step=5868 loss=0.202829 lr=1.662e-06
[train] step=5869 loss=0.214524 lr=1.661e-06
[train] step=5870 loss=0.173449 lr=1.659e-06
[train] step=5871 loss=0.196984 lr=1.658e-06
[train] step=5872 loss=0.265660 lr=1.656e-06
[train] step=5873 loss=0.175366 lr=1.655e-06
[train] step=5874 loss=0.114406 lr=1.653e-06
[train] step=5875 loss=0.122323 lr=1.652e-06
[train] step=5876 loss=0.107605 lr=1.651e-06
[train] step=5877 loss=0.216618 lr=1.649e-06
[train] step=5878 loss=0.514043 lr=1.648e-06
[train] step=5879 loss=0.204909 lr=1.646e-06
[train] step=5880 loss=0.154084 lr=1.645e-06
INFO     [rank 0] Model weights for step 5880 saved in       dit_trainer.py:1288
         checkpoints/model_weights_step_05880.safetensors                       
INFO     [rank 0] Scalar embedding weights for step 5880     dit_trainer.py:1297
         saved                                                                  
INFO     [rank 0] Training state saved:                      dit_trainer.py:1416
         checkpoints/model_weights_step_05880.state.pt                          
DEBUG    [rank 0] Removed old checkpoint:                    dit_trainer.py:1429
         /hppfs/scratch/0D/go76fuz2/windinet/outputs/shockwa                    
         ve_dit_ch6_unfinetuned/checkpoints/model_weights_st                    
         ep_05640.safetensors                                                   
DEBUG    [rank 0] Removed old checkpoint:                    dit_trainer.py:1429
         /hppfs/scratch/0D/go76fuz2/windinet/outputs/shockwa                    
         ve_dit_ch6_unfinetuned/checkpoints/scalar_embedding                    
         _step_05640.safetensors                                                
DEBUG    [rank 0] Removed optimizer state for older kept     dit_trainer.py:1444
         checkpoint:                                                            
         /hppfs/scratch/0D/go76fuz2/windinet/outputs/shockwa                    
         ve_dit_ch6_unfinetuned/checkpoints/model_weights_st                    
         ep_05760.state.pt                                                      
[epoch 49] step=5880 train_loss=0.175487
[train] step=5881 loss=0.184886 lr=1.643e-06
[train] step=5882 loss=0.148649 lr=1.642e-06
[train] step=5883 loss=0.141871 lr=1.640e-06
[train] step=5884 loss=0.145349 lr=1.639e-06
[train] step=5885 loss=0.097660 lr=1.638e-06
[train] step=5886 loss=0.209044 lr=1.636e-06
[train] step=5887 loss=0.185347 lr=1.635e-06
[train] step=5888 loss=0.180418 lr=1.633e-06
[train] step=5889 loss=0.126758 lr=1.632e-06
[train] step=5890 loss=0.168933 lr=1.630e-06
[train] step=5891 loss=0.148437 lr=1.629e-06
[train] step=5892 loss=0.155528 lr=1.627e-06
[train] step=5893 loss=0.163397 lr=1.626e-06
[train] step=5894 loss=0.139122 lr=1.624e-06
[train] step=5895 loss=0.093763 lr=1.623e-06
[train] step=5896 loss=0.147111 lr=1.622e-06
[train] step=5897 loss=0.212636 lr=1.620e-06
[train] step=5898 loss=0.155767 lr=1.619e-06
[train] step=5899 loss=0.135817 lr=1.617e-06
[train] step=5900 loss=0.157935 lr=1.616e-06
[train] step=5901 loss=0.176657 lr=1.614e-06
[train] step=5902 loss=0.169508 lr=1.613e-06
[train] step=5903 loss=0.126041 lr=1.612e-06
[train] step=5904 loss=0.132049 lr=1.610e-06
[train] step=5905 loss=0.141648 lr=1.609e-06
[train] step=5906 loss=0.132054 lr=1.607e-06
[train] step=5907 loss=0.151207 lr=1.606e-06
[train] step=5908 loss=0.176038 lr=1.604e-06
[train] step=5909 loss=0.172362 lr=1.603e-06
[train] step=5910 loss=0.144186 lr=1.601e-06
[train] step=5911 loss=0.204482 lr=1.600e-06
[train] step=5912 loss=0.338234 lr=1.599e-06
[train] step=5913 loss=0.146027 lr=1.597e-06
[train] step=5914 loss=0.151464 lr=1.596e-06
[train] step=5915 loss=0.158785 lr=1.594e-06
[train] step=5916 loss=0.161360 lr=1.593e-06
[train] step=5917 loss=0.255362 lr=1.591e-06
[train] step=5918 loss=0.102779 lr=1.590e-06
[train] step=5919 loss=0.159958 lr=1.589e-06
[train] step=5920 loss=0.149498 lr=1.587e-06
[train] step=5921 loss=0.169552 lr=1.586e-06
[train] step=5922 loss=0.146472 lr=1.584e-06
[train] step=5923 loss=0.141120 lr=1.583e-06
[train] step=5924 loss=0.150418 lr=1.581e-06
[train] step=5925 loss=0.199840 lr=1.580e-06
[train] step=5926 loss=0.105512 lr=1.579e-06
[train] step=5927 loss=0.197846 lr=1.577e-06
[train] step=5928 loss=0.105418 lr=1.576e-06
[train] step=5929 loss=0.212289 lr=1.574e-06
[train] step=5930 loss=0.090288 lr=1.573e-06
[train] step=5931 loss=0.104809 lr=1.571e-06
[train] step=5932 loss=0.294479 lr=1.570e-06
[train] step=5933 loss=0.148550 lr=1.569e-06
[train] step=5934 loss=0.186027 lr=1.567e-06
[train] step=5935 loss=0.155723 lr=1.566e-06
[train] step=5936 loss=0.129465 lr=1.564e-06
[train] step=5937 loss=0.256824 lr=1.563e-06
[train] step=5938 loss=0.224396 lr=1.561e-06
[train] step=5939 loss=0.216797 lr=1.560e-06
[train] step=5940 loss=0.162854 lr=1.559e-06
[train] step=5941 loss=0.240822 lr=1.557e-06
[train] step=5942 loss=0.473584 lr=1.556e-06
[train] step=5943 loss=0.184970 lr=1.554e-06
[train] step=5944 loss=0.162561 lr=1.553e-06
[train] step=5945 loss=0.214482 lr=1.552e-06
[train] step=5946 loss=0.146517 lr=1.550e-06
[train] step=5947 loss=0.291922 lr=1.549e-06
[train] step=5948 loss=0.185379 lr=1.547e-06
[train] step=5949 loss=0.183619 lr=1.546e-06
[train] step=5950 loss=0.151817 lr=1.544e-06
[train] step=5951 loss=0.160154 lr=1.543e-06
[train] step=5952 loss=0.135701 lr=1.542e-06
[train] step=5953 loss=0.116688 lr=1.540e-06
[train] step=5954 loss=0.171388 lr=1.539e-06
[train] step=5955 loss=0.179363 lr=1.537e-06
[train] step=5956 loss=0.154944 lr=1.536e-06
[train] step=5957 loss=0.202728 lr=1.535e-06
[train] step=5958 loss=0.245217 lr=1.533e-06
[train] step=5959 loss=0.168057 lr=1.532e-06
[train] step=5960 loss=0.200404 lr=1.530e-06
[train] step=5961 loss=0.228747 lr=1.529e-06
[train] step=5962 loss=0.290614 lr=1.528e-06
[train] step=5963 loss=0.134099 lr=1.526e-06
[train] step=5964 loss=0.151159 lr=1.525e-06
[train] step=5965 loss=0.129185 lr=1.523e-06
[train] step=5966 loss=0.210531 lr=1.522e-06
[train] step=5967 loss=0.230714 lr=1.520e-06
[train] step=5968 loss=0.163520 lr=1.519e-06
[train] step=5969 loss=0.208507 lr=1.518e-06
[train] step=5970 loss=0.212070 lr=1.516e-06
[train] step=5971 loss=0.166358 lr=1.515e-06
[train] step=5972 loss=0.225899 lr=1.513e-06
[train] step=5973 loss=0.149792 lr=1.512e-06
[train] step=5974 loss=0.144365 lr=1.511e-06
[train] step=5975 loss=0.207022 lr=1.509e-06
[train] step=5976 loss=0.174830 lr=1.508e-06
[train] step=5977 loss=0.215570 lr=1.506e-06
[train] step=5978 loss=0.172689 lr=1.505e-06
[train] step=5979 loss=0.154390 lr=1.504e-06
[train] step=5980 loss=0.166857 lr=1.502e-06
[train] step=5981 loss=0.180691 lr=1.501e-06
[train] step=5982 loss=0.141663 lr=1.499e-06
[train] step=5983 loss=0.142970 lr=1.498e-06
[train] step=5984 loss=0.120526 lr=1.497e-06
[train] step=5985 loss=0.180455 lr=1.495e-06
[train] step=5986 loss=0.169876 lr=1.494e-06
[train] step=5987 loss=0.164262 lr=1.492e-06
[train] step=5988 loss=0.166649 lr=1.491e-06
[train] step=5989 loss=0.147966 lr=1.490e-06
[train] step=5990 loss=0.145289 lr=1.488e-06
[train] step=5991 loss=0.184908 lr=1.487e-06
[train] step=5992 loss=0.235269 lr=1.486e-06
[train] step=5993 loss=0.257841 lr=1.484e-06
[train] step=5994 loss=0.156336 lr=1.483e-06
[train] step=5995 loss=0.121191 lr=1.481e-06
[train] step=5996 loss=0.216731 lr=1.480e-06
[train] step=5997 loss=0.150441 lr=1.479e-06
[train] step=5998 loss=0.209054 lr=1.477e-06
[train] step=5999 loss=0.140702 lr=1.476e-06
[train] step=6000 loss=0.203113 lr=1.474e-06
[val] step=6000 val_loss=0.177364
INFO     [rank 0] Model weights for step 6000 saved in       dit_trainer.py:1288
         checkpoints/model_weights_step_06000.safetensors                       
INFO     [rank 0] Scalar embedding weights for step 6000     dit_trainer.py:1297
         saved                                                                  
INFO     [rank 0] Training state saved:                      dit_trainer.py:1416
         checkpoints/model_weights_step_06000.state.pt                          
INFO     [rank 0] New best checkpoint (step 6000,            dit_trainer.py:1320
         val_loss=0.177364):                                                    
         checkpoints/model_weights_best.safetensors                             
DEBUG    [rank 0] Removed old checkpoint:                    dit_trainer.py:1429
         /hppfs/scratch/0D/go76fuz2/windinet/outputs/shockwa                    
         ve_dit_ch6_unfinetuned/checkpoints/model_weights_st                    
         ep_05760.safetensors                                                   
DEBUG    [rank 0] Removed old checkpoint:                    dit_trainer.py:1429
         /hppfs/scratch/0D/go76fuz2/windinet/outputs/shockwa                    
         ve_dit_ch6_unfinetuned/checkpoints/scalar_embedding                    
         _step_05760.safetensors                                                
DEBUG    [rank 0] Removed optimizer state for older kept     dit_trainer.py:1444
         checkpoint:                                                            
         /hppfs/scratch/0D/go76fuz2/windinet/outputs/shockwa                    
         ve_dit_ch6_unfinetuned/checkpoints/model_weights_st                    
         ep_05880.state.pt                                                      
[epoch 50] step=6000 train_loss=0.174508 val_loss=0.177364
[train] step=6001 loss=0.126768 lr=1.473e-06
[train] step=6002 loss=0.134887 lr=1.472e-06
[train] step=6003 loss=0.116878 lr=1.470e-06
[train] step=6004 loss=0.201761 lr=1.469e-06
[train] step=6005 loss=0.180434 lr=1.467e-06
[train] step=6006 loss=0.168202 lr=1.466e-06
[train] step=6007 loss=0.198770 lr=1.465e-06
[train] step=6008 loss=0.262117 lr=1.463e-06
[train] step=6009 loss=0.114844 lr=1.462e-06
[train] step=6010 loss=0.152382 lr=1.461e-06
[train] step=6011 loss=0.131780 lr=1.459e-06
[train] step=6012 loss=0.107447 lr=1.458e-06
[train] step=6013 loss=0.156642 lr=1.456e-06
[train] step=6014 loss=0.168117 lr=1.455e-06
[train] step=6015 loss=0.158271 lr=1.454e-06
[train] step=6016 loss=0.167572 lr=1.452e-06
[train] step=6017 loss=0.148745 lr=1.451e-06
[train] step=6018 loss=0.166995 lr=1.450e-06
[train] step=6019 loss=0.197302 lr=1.448e-06
[train] step=6020 loss=0.167546 lr=1.447e-06
[train] step=6021 loss=0.139556 lr=1.445e-06
[train] step=6022 loss=0.142619 lr=1.444e-06
[train] step=6023 loss=0.188456 lr=1.443e-06
[train] step=6024 loss=0.138680 lr=1.441e-06
[train] step=6025 loss=0.148311 lr=1.440e-06
[train] step=6026 loss=0.220164 lr=1.438e-06
[train] step=6027 loss=0.152932 lr=1.437e-06
[train] step=6028 loss=0.160614 lr=1.436e-06
[train] step=6029 loss=0.140275 lr=1.434e-06
[train] step=6030 loss=0.123297 lr=1.433e-06
[train] step=6031 loss=0.136120 lr=1.432e-06
[train] step=6032 loss=0.199764 lr=1.430e-06
[train] step=6033 loss=0.187939 lr=1.429e-06
[train] step=6034 loss=0.094416 lr=1.428e-06
[train] step=6035 loss=0.106445 lr=1.426e-06
[train] step=6036 loss=0.158582 lr=1.425e-06
[train] step=6037 loss=0.194087 lr=1.423e-06
[train] step=6038 loss=0.178930 lr=1.422e-06
[train] step=6039 loss=0.199071 lr=1.421e-06
[train] step=6040 loss=0.113509 lr=1.419e-06
[train] step=6041 loss=0.176246 lr=1.418e-06
[train] step=6042 loss=0.179933 lr=1.417e-06
[train] step=6043 loss=0.197284 lr=1.415e-06
[train] step=6044 loss=0.161423 lr=1.414e-06
[train] step=6045 loss=0.126107 lr=1.413e-06
[train] step=6046 loss=0.193861 lr=1.411e-06
[train] step=6047 loss=0.130152 lr=1.410e-06
[train] step=6048 loss=0.162253 lr=1.408e-06
[train] step=6049 loss=0.207169 lr=1.407e-06
[train] step=6050 loss=0.224272 lr=1.406e-06
[train] step=6051 loss=0.168197 lr=1.404e-06
[train] step=6052 loss=0.136579 lr=1.403e-06
[train] step=6053 loss=0.141264 lr=1.402e-06
[train] step=6054 loss=0.206537 lr=1.400e-06
[train] step=6055 loss=0.200319 lr=1.399e-06
[train] step=6056 loss=0.177497 lr=1.398e-06
[train] step=6057 loss=0.148131 lr=1.396e-06
[train] step=6058 loss=0.217840 lr=1.395e-06
[train] step=6059 loss=0.136584 lr=1.393e-06
[train] step=6060 loss=0.218731 lr=1.392e-06
[train] step=6061 loss=0.156385 lr=1.391e-06
[train] step=6062 loss=0.176207 lr=1.389e-06
[train] step=6063 loss=0.153409 lr=1.388e-06
[train] step=6064 loss=0.165809 lr=1.387e-06
[train] step=6065 loss=0.194081 lr=1.385e-06
[train] step=6066 loss=0.124234 lr=1.384e-06
[train] step=6067 loss=0.177800 lr=1.383e-06
[train] step=6068 loss=0.144730 lr=1.381e-06
[train] step=6069 loss=0.195691 lr=1.380e-06
[train] step=6070 loss=0.136813 lr=1.379e-06
[train] step=6071 loss=0.104127 lr=1.377e-06
[train] step=6072 loss=0.274415 lr=1.376e-06
[train] step=6073 loss=0.128789 lr=1.375e-06
[train] step=6074 loss=0.131957 lr=1.373e-06
[train] step=6075 loss=0.154588 lr=1.372e-06
[train] step=6076 loss=0.197423 lr=1.371e-06
[train] step=6077 loss=0.197326 lr=1.369e-06
[train] step=6078 loss=0.155187 lr=1.368e-06
[train] step=6079 loss=0.136376 lr=1.366e-06
[train] step=6080 loss=0.099433 lr=1.365e-06
[train] step=6081 loss=0.123086 lr=1.364e-06
[train] step=6082 loss=0.114687 lr=1.362e-06
[train] step=6083 loss=0.238091 lr=1.361e-06
[train] step=6084 loss=0.119930 lr=1.360e-06
[train] step=6085 loss=0.165514 lr=1.358e-06
[train] step=6086 loss=0.317287 lr=1.357e-06
[train] step=6087 loss=0.184044 lr=1.356e-06
[train] step=6088 loss=0.350779 lr=1.354e-06
[train] step=6089 loss=0.187634 lr=1.353e-06
[train] step=6090 loss=0.121285 lr=1.352e-06
[train] step=6091 loss=0.173740 lr=1.350e-06
[train] step=6092 loss=0.274331 lr=1.349e-06
[train] step=6093 loss=0.171705 lr=1.348e-06
[train] step=6094 loss=0.199740 lr=1.346e-06
[train] step=6095 loss=0.145591 lr=1.345e-06
[train] step=6096 loss=0.114322 lr=1.344e-06
[train] step=6097 loss=0.133738 lr=1.342e-06
[train] step=6098 loss=0.149709 lr=1.341e-06
[train] step=6099 loss=0.097142 lr=1.340e-06
[train] step=6100 loss=0.147677 lr=1.338e-06
[train] step=6101 loss=0.122255 lr=1.337e-06
[train] step=6102 loss=0.107645 lr=1.336e-06
[train] step=6103 loss=0.156141 lr=1.334e-06
[train] step=6104 loss=0.139486 lr=1.333e-06
[train] step=6105 loss=0.140974 lr=1.332e-06
[train] step=6106 loss=0.184745 lr=1.330e-06
[train] step=6107 loss=0.178283 lr=1.329e-06
[train] step=6108 loss=0.109443 lr=1.328e-06
[train] step=6109 loss=0.174566 lr=1.326e-06
[train] step=6110 loss=0.177210 lr=1.325e-06
[train] step=6111 loss=0.260197 lr=1.324e-06
[train] step=6112 loss=0.145529 lr=1.322e-06
[train] step=6113 loss=0.177016 lr=1.321e-06
[train] step=6114 loss=0.121536 lr=1.320e-06
[train] step=6115 loss=0.292724 lr=1.318e-06
[train] step=6116 loss=0.224747 lr=1.317e-06
[train] step=6117 loss=0.180249 lr=1.316e-06
[train] step=6118 loss=0.193938 lr=1.315e-06
[train] step=6119 loss=0.146186 lr=1.313e-06
[train] step=6120 loss=0.143981 lr=1.312e-06
INFO     [rank 0] Model weights for step 6120 saved in       dit_trainer.py:1288
         checkpoints/model_weights_step_06120.safetensors                       
INFO     [rank 0] Scalar embedding weights for step 6120     dit_trainer.py:1297
         saved                                                                  
INFO     [rank 0] Training state saved:                      dit_trainer.py:1416
         checkpoints/model_weights_step_06120.state.pt                          
DEBUG    [rank 0] Removed old checkpoint:                    dit_trainer.py:1429
         /hppfs/scratch/0D/go76fuz2/windinet/outputs/shockwa                    
         ve_dit_ch6_unfinetuned/checkpoints/model_weights_st                    
         ep_05880.safetensors                                                   
DEBUG    [rank 0] Removed old checkpoint:                    dit_trainer.py:1429
         /hppfs/scratch/0D/go76fuz2/windinet/outputs/shockwa                    
         ve_dit_ch6_unfinetuned/checkpoints/scalar_embedding                    
         _step_05880.safetensors                                                
DEBUG    [rank 0] Removed optimizer state for older kept     dit_trainer.py:1444
         checkpoint:                                                            
         /hppfs/scratch/0D/go76fuz2/windinet/outputs/shockwa                    
         ve_dit_ch6_unfinetuned/checkpoints/model_weights_st                    
         ep_06000.state.pt                                                      
[epoch 51] step=6120 train_loss=0.166937
[train] step=6121 loss=0.153437 lr=1.311e-06
[train] step=6122 loss=0.160507 lr=1.309e-06
[train] step=6123 loss=0.157618 lr=1.308e-06
[train] step=6124 loss=0.117164 lr=1.307e-06
[train] step=6125 loss=0.177986 lr=1.305e-06
[train] step=6126 loss=0.182886 lr=1.304e-06
[train] step=6127 loss=0.142613 lr=1.303e-06
[train] step=6128 loss=0.180968 lr=1.301e-06
[train] step=6129 loss=0.173938 lr=1.300e-06
[train] step=6130 loss=0.125247 lr=1.299e-06
[train] step=6131 loss=0.164997 lr=1.297e-06
[train] step=6132 loss=0.174515 lr=1.296e-06
[train] step=6133 loss=0.200680 lr=1.295e-06
[train] step=6134 loss=0.119703 lr=1.293e-06
[train] step=6135 loss=0.268023 lr=1.292e-06
[train] step=6136 loss=0.203833 lr=1.291e-06
[train] step=6137 loss=0.272439 lr=1.289e-06
[train] step=6138 loss=0.337395 lr=1.288e-06
[train] step=6139 loss=0.192412 lr=1.287e-06
[train] step=6140 loss=0.120923 lr=1.286e-06
[train] step=6141 loss=0.122506 lr=1.284e-06
[train] step=6142 loss=0.148164 lr=1.283e-06
[train] step=6143 loss=0.189088 lr=1.282e-06
[train] step=6144 loss=0.163286 lr=1.280e-06
[train] step=6145 loss=0.124138 lr=1.279e-06
[train] step=6146 loss=0.188526 lr=1.278e-06
[train] step=6147 loss=0.128905 lr=1.276e-06
[train] step=6148 loss=0.139975 lr=1.275e-06
[train] step=6149 loss=0.183123 lr=1.274e-06
[train] step=6150 loss=0.176109 lr=1.272e-06
[train] step=6151 loss=0.122785 lr=1.271e-06
[train] step=6152 loss=0.116121 lr=1.270e-06
[train] step=6153 loss=0.140326 lr=1.269e-06
[train] step=6154 loss=0.213692 lr=1.267e-06
[train] step=6155 loss=0.133620 lr=1.266e-06
[train] step=6156 loss=0.159175 lr=1.265e-06
[train] step=6157 loss=0.133986 lr=1.263e-06
[train] step=6158 loss=0.205642 lr=1.262e-06
[train] step=6159 loss=0.324126 lr=1.261e-06
[train] step=6160 loss=0.173784 lr=1.259e-06
[train] step=6161 loss=0.208627 lr=1.258e-06
[train] step=6162 loss=0.173618 lr=1.257e-06
[train] step=6163 loss=0.208898 lr=1.256e-06
[train] step=6164 loss=0.199915 lr=1.254e-06
[train] step=6165 loss=0.211402 lr=1.253e-06
[train] step=6166 loss=0.177482 lr=1.252e-06
[train] step=6167 loss=0.205158 lr=1.250e-06
[train] step=6168 loss=0.204485 lr=1.249e-06
[train] step=6169 loss=0.115595 lr=1.248e-06
[train] step=6170 loss=0.161408 lr=1.247e-06
[train] step=6171 loss=0.197781 lr=1.245e-06
[train] step=6172 loss=0.141188 lr=1.244e-06
[train] step=6173 loss=0.122532 lr=1.243e-06
[train] step=6174 loss=0.116663 lr=1.241e-06
[train] step=6175 loss=0.152434 lr=1.240e-06
[train] step=6176 loss=0.173024 lr=1.239e-06
[train] step=6177 loss=0.164571 lr=1.238e-06
[train] step=6178 loss=0.146701 lr=1.236e-06
[train] step=6179 loss=0.189097 lr=1.235e-06
[train] step=6180 loss=0.180033 lr=1.234e-06
[train] step=6181 loss=0.142997 lr=1.232e-06
[train] step=6182 loss=0.143014 lr=1.231e-06
[train] step=6183 loss=0.127184 lr=1.230e-06
[train] step=6184 loss=0.175155 lr=1.229e-06
[train] step=6185 loss=0.131791 lr=1.227e-06
[train] step=6186 loss=0.193766 lr=1.226e-06
[train] step=6187 loss=0.254805 lr=1.225e-06
[train] step=6188 loss=0.167457 lr=1.223e-06
[train] step=6189 loss=0.199091 lr=1.222e-06
[train] step=6190 loss=0.163664 lr=1.221e-06
[train] step=6191 loss=0.172587 lr=1.220e-06
[train] step=6192 loss=0.140663 lr=1.218e-06
[train] step=6193 loss=0.174506 lr=1.217e-06
[train] step=6194 loss=0.134649 lr=1.216e-06
[train] step=6195 loss=0.208041 lr=1.214e-06
[train] step=6196 loss=0.239066 lr=1.213e-06
[train] step=6197 loss=0.139752 lr=1.212e-06
[train] step=6198 loss=0.198395 lr=1.211e-06
[train] step=6199 loss=0.170181 lr=1.209e-06
[train] step=6200 loss=0.146541 lr=1.208e-06
[train] step=6201 loss=0.129013 lr=1.207e-06
[train] step=6202 loss=0.463421 lr=1.205e-06
[train] step=6203 loss=0.204492 lr=1.204e-06
[train] step=6204 loss=0.175541 lr=1.203e-06
[train] step=6205 loss=0.128860 lr=1.202e-06
[train] step=6206 loss=0.172423 lr=1.200e-06
[train] step=6207 loss=0.106059 lr=1.199e-06
[train] step=6208 loss=0.108746 lr=1.198e-06
[train] step=6209 loss=0.137739 lr=1.197e-06
[train] step=6210 loss=0.219869 lr=1.195e-06
[train] step=6211 loss=0.115656 lr=1.194e-06
[train] step=6212 loss=0.249522 lr=1.193e-06
[train] step=6213 loss=0.199878 lr=1.192e-06
[train] step=6214 loss=0.172358 lr=1.190e-06
[train] step=6215 loss=0.140702 lr=1.189e-06
[train] step=6216 loss=0.160449 lr=1.188e-06
[train] step=6217 loss=0.274807 lr=1.186e-06
[train] step=6218 loss=0.251177 lr=1.185e-06
[train] step=6219 loss=0.191110 lr=1.184e-06
[train] step=6220 loss=0.134674 lr=1.183e-06
[train] step=6221 loss=0.167360 lr=1.181e-06
[train] step=6222 loss=0.144690 lr=1.180e-06
[train] step=6223 loss=0.176438 lr=1.179e-06
[train] step=6224 loss=0.116773 lr=1.178e-06
[train] step=6225 loss=0.117496 lr=1.176e-06
[train] step=6226 loss=0.120064 lr=1.175e-06
[train] step=6227 loss=0.180486 lr=1.174e-06
[train] step=6228 loss=0.194607 lr=1.173e-06
[train] step=6229 loss=0.158997 lr=1.171e-06
[train] step=6230 loss=0.288962 lr=1.170e-06
[train] step=6231 loss=0.315258 lr=1.169e-06
[train] step=6232 loss=0.061625 lr=1.168e-06
[train] step=6233 loss=0.165538 lr=1.166e-06
[train] step=6234 loss=0.176875 lr=1.165e-06
[train] step=6235 loss=0.110042 lr=1.164e-06
[train] step=6236 loss=0.144710 lr=1.163e-06
[train] step=6237 loss=0.207182 lr=1.161e-06
[train] step=6238 loss=0.210729 lr=1.160e-06
[train] step=6239 loss=0.156545 lr=1.159e-06
[train] step=6240 loss=0.178398 lr=1.158e-06
INFO     [rank 0] Model weights for step 6240 saved in       dit_trainer.py:1288
         checkpoints/model_weights_step_06240.safetensors                       
INFO     [rank 0] Scalar embedding weights for step 6240     dit_trainer.py:1297
         saved                                                                  
INFO     [rank 0] Training state saved:                      dit_trainer.py:1416
         checkpoints/model_weights_step_06240.state.pt                          
DEBUG    [rank 0] Removed old checkpoint:                    dit_trainer.py:1429
         /hppfs/scratch/0D/go76fuz2/windinet/outputs/shockwa                    
         ve_dit_ch6_unfinetuned/checkpoints/model_weights_st                    
         ep_06000.safetensors                                                   
DEBUG    [rank 0] Removed old checkpoint:                    dit_trainer.py:1429
         /hppfs/scratch/0D/go76fuz2/windinet/outputs/shockwa                    
         ve_dit_ch6_unfinetuned/checkpoints/scalar_embedding                    
         _step_06000.safetensors                                                
DEBUG    [rank 0] Removed optimizer state for older kept     dit_trainer.py:1444
         checkpoint:                                                            
         /hppfs/scratch/0D/go76fuz2/windinet/outputs/shockwa                    
         ve_dit_ch6_unfinetuned/checkpoints/model_weights_st                    
         ep_06120.state.pt                                                      
[epoch 52] step=6240 train_loss=0.174026
[train] step=6241 loss=0.230801 lr=1.156e-06
[train] step=6242 loss=0.183704 lr=1.155e-06
[train] step=6243 loss=0.147937 lr=1.154e-06
[train] step=6244 loss=0.204786 lr=1.153e-06
[train] step=6245 loss=0.118733 lr=1.151e-06
[train] step=6246 loss=0.218783 lr=1.150e-06
[train] step=6247 loss=0.172106 lr=1.149e-06
[train] step=6248 loss=0.155403 lr=1.148e-06
[train] step=6249 loss=0.163980 lr=1.146e-06
[train] step=6250 loss=0.120502 lr=1.145e-06
[train] step=6251 loss=0.134648 lr=1.144e-06
[train] step=6252 loss=0.238872 lr=1.143e-06
[train] step=6253 loss=0.371352 lr=1.141e-06
[train] step=6254 loss=0.152193 lr=1.140e-06
[train] step=6255 loss=0.217202 lr=1.139e-06
[train] step=6256 loss=0.186767 lr=1.138e-06
[train] step=6257 loss=0.147077 lr=1.136e-06
[train] step=6258 loss=0.184635 lr=1.135e-06
[train] step=6259 loss=0.156569 lr=1.134e-06
[train] step=6260 loss=0.161968 lr=1.133e-06
[train] step=6261 loss=0.183825 lr=1.131e-06
[train] step=6262 loss=0.143707 lr=1.130e-06
[train] step=6263 loss=0.184480 lr=1.129e-06
[train] step=6264 loss=0.128088 lr=1.128e-06
[train] step=6265 loss=0.153445 lr=1.126e-06
[train] step=6266 loss=0.217094 lr=1.125e-06
[train] step=6267 loss=0.285120 lr=1.124e-06
[train] step=6268 loss=0.169224 lr=1.123e-06
[train] step=6269 loss=0.151891 lr=1.122e-06
[train] step=6270 loss=0.151306 lr=1.120e-06
[train] step=6271 loss=0.214274 lr=1.119e-06
[train] step=6272 loss=0.105577 lr=1.118e-06
[train] step=6273 loss=0.191531 lr=1.117e-06
[train] step=6274 loss=0.209245 lr=1.115e-06
[train] step=6275 loss=0.128722 lr=1.114e-06
[train] step=6276 loss=0.261741 lr=1.113e-06
[train] step=6277 loss=0.214549 lr=1.112e-06
[train] step=6278 loss=0.179582 lr=1.110e-06
[train] step=6279 loss=0.172917 lr=1.109e-06
[train] step=6280 loss=0.166153 lr=1.108e-06
[train] step=6281 loss=0.180774 lr=1.107e-06
[train] step=6282 loss=0.100959 lr=1.106e-06
[train] step=6283 loss=0.176831 lr=1.104e-06
[train] step=6284 loss=0.193271 lr=1.103e-06
[train] step=6285 loss=0.150694 lr=1.102e-06
[train] step=6286 loss=0.170484 lr=1.101e-06
[train] step=6287 loss=0.131169 lr=1.099e-06
[train] step=6288 loss=0.124693 lr=1.098e-06
[train] step=6289 loss=0.162712 lr=1.097e-06
[train] step=6290 loss=0.142944 lr=1.096e-06
[train] step=6291 loss=0.217403 lr=1.095e-06
[train] step=6292 loss=0.137670 lr=1.093e-06
[train] step=6293 loss=0.108995 lr=1.092e-06
[train] step=6294 loss=0.133312 lr=1.091e-06
[train] step=6295 loss=0.143631 lr=1.090e-06
[train] step=6296 loss=0.183368 lr=1.088e-06
[train] step=6297 loss=0.195274 lr=1.087e-06
[train] step=6298 loss=0.199549 lr=1.086e-06
[train] step=6299 loss=0.270553 lr=1.085e-06
[train] step=6300 loss=0.203247 lr=1.084e-06
[train] step=6301 loss=0.187442 lr=1.082e-06
[train] step=6302 loss=0.175846 lr=1.081e-06
[train] step=6303 loss=0.205117 lr=1.080e-06
[train] step=6304 loss=0.200526 lr=1.079e-06
[train] step=6305 loss=0.124329 lr=1.077e-06
[train] step=6306 loss=0.083275 lr=1.076e-06
[train] step=6307 loss=0.120934 lr=1.075e-06
[train] step=6308 loss=0.175647 lr=1.074e-06
[train] step=6309 loss=0.282291 lr=1.073e-06
[train] step=6310 loss=0.163510 lr=1.071e-06
[train] step=6311 loss=0.164534 lr=1.070e-06
[train] step=6312 loss=0.153233 lr=1.069e-06
[train] step=6313 loss=0.211251 lr=1.068e-06
[train] step=6314 loss=0.151818 lr=1.067e-06
[train] step=6315 loss=0.146600 lr=1.065e-06
[train] step=6316 loss=0.183428 lr=1.064e-06
[train] step=6317 loss=0.181495 lr=1.063e-06
[train] step=6318 loss=0.225638 lr=1.062e-06
[train] step=6319 loss=0.135377 lr=1.061e-06
[train] step=6320 loss=0.121376 lr=1.059e-06
[train] step=6321 loss=0.156988 lr=1.058e-06
[train] step=6322 loss=0.088749 lr=1.057e-06
[train] step=6323 loss=0.166117 lr=1.056e-06
[train] step=6324 loss=0.123369 lr=1.055e-06
[train] step=6325 loss=0.190184 lr=1.053e-06
[train] step=6326 loss=0.236238 lr=1.052e-06
[train] step=6327 loss=0.220254 lr=1.051e-06
[train] step=6328 loss=0.145727 lr=1.050e-06
[train] step=6329 loss=0.134182 lr=1.049e-06
[train] step=6330 loss=0.203595 lr=1.047e-06
[train] step=6331 loss=0.215648 lr=1.046e-06
[train] step=6332 loss=0.144057 lr=1.045e-06
[train] step=6333 loss=0.102830 lr=1.044e-06
[train] step=6334 loss=0.191158 lr=1.043e-06
[train] step=6335 loss=0.157999 lr=1.041e-06
[train] step=6336 loss=0.144839 lr=1.040e-06
[train] step=6337 loss=0.146979 lr=1.039e-06
[train] step=6338 loss=0.195260 lr=1.038e-06
[train] step=6339 loss=0.213163 lr=1.037e-06
[train] step=6340 loss=0.206863 lr=1.035e-06
[train] step=6341 loss=0.319336 lr=1.034e-06
[train] step=6342 loss=0.255193 lr=1.033e-06
[train] step=6343 loss=0.177497 lr=1.032e-06
[train] step=6344 loss=0.136830 lr=1.031e-06
[train] step=6345 loss=0.166071 lr=1.029e-06
[train] step=6346 loss=0.255789 lr=1.028e-06
[train] step=6347 loss=0.122877 lr=1.027e-06
[train] step=6348 loss=0.128173 lr=1.026e-06
[train] step=6349 loss=0.124473 lr=1.025e-06
[train] step=6350 loss=0.144480 lr=1.024e-06
[train] step=6351 loss=0.132271 lr=1.022e-06
[train] step=6352 loss=0.134674 lr=1.021e-06
[train] step=6353 loss=0.178862 lr=1.020e-06
[train] step=6354 loss=0.169337 lr=1.019e-06
[train] step=6355 loss=0.178431 lr=1.018e-06
[train] step=6356 loss=0.180776 lr=1.016e-06
[train] step=6357 loss=0.126818 lr=1.015e-06
[train] step=6358 loss=0.174435 lr=1.014e-06
[train] step=6359 loss=0.134958 lr=1.013e-06
[train] step=6360 loss=0.315585 lr=1.012e-06
INFO     [rank 0] Model weights for step 6360 saved in       dit_trainer.py:1288
         checkpoints/model_weights_step_06360.safetensors                       
INFO     [rank 0] Scalar embedding weights for step 6360     dit_trainer.py:1297
         saved                                                                  
INFO     [rank 0] Training state saved:                      dit_trainer.py:1416
         checkpoints/model_weights_step_06360.state.pt                          
DEBUG    [rank 0] Removed old checkpoint:                    dit_trainer.py:1429
         /hppfs/scratch/0D/go76fuz2/windinet/outputs/shockwa                    
         ve_dit_ch6_unfinetuned/checkpoints/model_weights_st                    
         ep_06120.safetensors                                                   
DEBUG    [rank 0] Removed old checkpoint:                    dit_trainer.py:1429
         /hppfs/scratch/0D/go76fuz2/windinet/outputs/shockwa                    
         ve_dit_ch6_unfinetuned/checkpoints/scalar_embedding                    
         _step_06120.safetensors                                                
DEBUG    [rank 0] Removed optimizer state for older kept     dit_trainer.py:1444
         checkpoint:                                                            
         /hppfs/scratch/0D/go76fuz2/windinet/outputs/shockwa                    
         ve_dit_ch6_unfinetuned/checkpoints/model_weights_st                    
         ep_06240.state.pt                                                      
[epoch 53] step=6360 train_loss=0.173380
[train] step=6361 loss=0.195182 lr=1.011e-06
[train] step=6362 loss=0.211467 lr=1.009e-06
[train] step=6363 loss=0.127807 lr=1.008e-06
[train] step=6364 loss=0.194933 lr=1.007e-06
[train] step=6365 loss=0.190864 lr=1.006e-06
[train] step=6366 loss=0.166559 lr=1.005e-06
[train] step=6367 loss=0.365904 lr=1.004e-06
[train] step=6368 loss=0.187976 lr=1.002e-06
[train] step=6369 loss=0.252290 lr=1.001e-06
[train] step=6370 loss=0.230217 lr=1.000e-06
[train] step=6371 loss=0.360926 lr=9.988e-07
[train] step=6372 loss=0.307820 lr=9.977e-07
[train] step=6373 loss=0.156733 lr=9.965e-07
[train] step=6374 loss=0.176807 lr=9.953e-07
[train] step=6375 loss=0.174965 lr=9.941e-07
[train] step=6376 loss=0.240082 lr=9.930e-07
[train] step=6377 loss=0.163573 lr=9.918e-07
[train] step=6378 loss=0.157540 lr=9.906e-07
[train] step=6379 loss=0.128240 lr=9.895e-07
[train] step=6380 loss=0.154437 lr=9.883e-07
[train] step=6381 loss=0.204452 lr=9.871e-07
[train] step=6382 loss=0.109034 lr=9.860e-07
[train] step=6383 loss=0.182562 lr=9.848e-07
[train] step=6384 loss=0.163585 lr=9.837e-07
[train] step=6385 loss=0.258880 lr=9.825e-07
[train] step=6386 loss=0.153428 lr=9.813e-07
[train] step=6387 loss=0.173579 lr=9.802e-07
[train] step=6388 loss=0.213890 lr=9.790e-07
[train] step=6389 loss=0.139157 lr=9.778e-07
[train] step=6390 loss=0.191911 lr=9.767e-07
[train] step=6391 loss=0.130286 lr=9.755e-07
[train] step=6392 loss=0.107395 lr=9.744e-07
[train] step=6393 loss=0.240203 lr=9.732e-07
[train] step=6394 loss=0.175942 lr=9.720e-07
[train] step=6395 loss=0.195319 lr=9.709e-07
[train] step=6396 loss=0.107985 lr=9.697e-07
[train] step=6397 loss=0.126740 lr=9.686e-07
[train] step=6398 loss=0.156383 lr=9.674e-07
[train] step=6399 loss=0.216588 lr=9.663e-07
[train] step=6400 loss=0.208241 lr=9.651e-07
[train] step=6401 loss=0.165312 lr=9.640e-07
[train] step=6402 loss=0.166429 lr=9.628e-07
[train] step=6403 loss=0.175762 lr=9.617e-07
[train] step=6404 loss=0.137944 lr=9.605e-07
[train] step=6405 loss=0.211677 lr=9.594e-07
[train] step=6406 loss=0.166059 lr=9.582e-07
[train] step=6407 loss=0.171995 lr=9.571e-07
[train] step=6408 loss=0.192055 lr=9.559e-07
[train] step=6409 loss=0.105533 lr=9.548e-07
[train] step=6410 loss=0.153828 lr=9.536e-07
[train] step=6411 loss=0.140409 lr=9.525e-07
[train] step=6412 loss=0.122699 lr=9.513e-07
[train] step=6413 loss=0.157937 lr=9.502e-07
[train] step=6414 loss=0.178762 lr=9.490e-07
[train] step=6415 loss=0.199663 lr=9.479e-07
[train] step=6416 loss=0.163701 lr=9.467e-07
[train] step=6417 loss=0.102023 lr=9.456e-07
[train] step=6418 loss=0.141734 lr=9.444e-07
[train] step=6419 loss=0.098006 lr=9.433e-07
[train] step=6420 loss=0.158578 lr=9.422e-07
[train] step=6421 loss=0.180032 lr=9.410e-07
[train] step=6422 loss=0.205146 lr=9.399e-07
[train] step=6423 loss=0.147703 lr=9.387e-07
[train] step=6424 loss=0.110828 lr=9.376e-07
[train] step=6425 loss=0.118351 lr=9.365e-07
[train] step=6426 loss=0.137033 lr=9.353e-07
[train] step=6427 loss=0.237709 lr=9.342e-07
[train] step=6428 loss=0.118155 lr=9.331e-07
[train] step=6429 loss=0.202020 lr=9.319e-07
[train] step=6430 loss=0.251557 lr=9.308e-07
[train] step=6431 loss=0.209348 lr=9.297e-07
[train] step=6432 loss=0.184911 lr=9.285e-07
[train] step=6433 loss=0.153241 lr=9.274e-07
[train] step=6434 loss=0.161331 lr=9.263e-07
[train] step=6435 loss=0.145080 lr=9.251e-07
[train] step=6436 loss=0.172517 lr=9.240e-07
[train] step=6437 loss=0.280945 lr=9.229e-07
[train] step=6438 loss=0.138580 lr=9.217e-07
[train] step=6439 loss=0.148542 lr=9.206e-07
[train] step=6440 loss=0.210358 lr=9.195e-07
[train] step=6441 loss=0.214836 lr=9.183e-07
[train] step=6442 loss=0.211487 lr=9.172e-07
[train] step=6443 loss=0.148627 lr=9.161e-07
[train] step=6444 loss=0.217488 lr=9.150e-07
[train] step=6445 loss=0.096830 lr=9.138e-07
[train] step=6446 loss=0.139159 lr=9.127e-07
[train] step=6447 loss=0.164536 lr=9.116e-07
[train] step=6448 loss=0.128282 lr=9.105e-07
[train] step=6449 loss=0.147174 lr=9.093e-07
[train] step=6450 loss=0.196226 lr=9.082e-07
[train] step=6451 loss=0.208476 lr=9.071e-07
[train] step=6452 loss=0.229364 lr=9.060e-07
[train] step=6453 loss=0.096664 lr=9.049e-07
[train] step=6454 loss=0.170954 lr=9.037e-07
[train] step=6455 loss=0.183846 lr=9.026e-07
[train] step=6456 loss=0.167493 lr=9.015e-07
[train] step=6457 loss=0.171425 lr=9.004e-07
[train] step=6458 loss=0.144820 lr=8.993e-07
[train] step=6459 loss=0.158637 lr=8.981e-07
[train] step=6460 loss=0.170682 lr=8.970e-07
[train] step=6461 loss=0.158133 lr=8.959e-07
[train] step=6462 loss=0.208328 lr=8.948e-07
[train] step=6463 loss=0.153581 lr=8.937e-07
[train] step=6464 loss=0.140997 lr=8.926e-07
[train] step=6465 loss=0.153797 lr=8.915e-07
[train] step=6466 loss=0.180643 lr=8.903e-07
[train] step=6467 loss=0.211396 lr=8.892e-07
[train] step=6468 loss=0.157173 lr=8.881e-07
[train] step=6469 loss=0.114495 lr=8.870e-07
[train] step=6470 loss=0.241290 lr=8.859e-07
[train] step=6471 loss=0.163234 lr=8.848e-07
[train] step=6472 loss=0.169384 lr=8.837e-07
[train] step=6473 loss=0.209176 lr=8.826e-07
[train] step=6474 loss=0.128895 lr=8.815e-07
[train] step=6475 loss=0.170707 lr=8.804e-07
[train] step=6476 loss=0.175276 lr=8.793e-07
[train] step=6477 loss=0.151681 lr=8.781e-07
[train] step=6478 loss=0.169173 lr=8.770e-07
[train] step=6479 loss=0.097429 lr=8.759e-07
[train] step=6480 loss=0.175729 lr=8.748e-07
INFO     [rank 0] Model weights for step 6480 saved in       dit_trainer.py:1288
         checkpoints/model_weights_step_06480.safetensors                       
INFO     [rank 0] Scalar embedding weights for step 6480     dit_trainer.py:1297
         saved                                                                  
INFO     [rank 0] Training state saved:                      dit_trainer.py:1416
         checkpoints/model_weights_step_06480.state.pt                          
DEBUG    [rank 0] Removed old checkpoint:                    dit_trainer.py:1429
         /hppfs/scratch/0D/go76fuz2/windinet/outputs/shockwa                    
         ve_dit_ch6_unfinetuned/checkpoints/model_weights_st                    
         ep_06240.safetensors                                                   
DEBUG    [rank 0] Removed old checkpoint:                    dit_trainer.py:1429
         /hppfs/scratch/0D/go76fuz2/windinet/outputs/shockwa                    
         ve_dit_ch6_unfinetuned/checkpoints/scalar_embedding                    
         _step_06240.safetensors                                                
DEBUG    [rank 0] Removed optimizer state for older kept     dit_trainer.py:1444
         checkpoint:                                                            
         /hppfs/scratch/0D/go76fuz2/windinet/outputs/shockwa                    
         ve_dit_ch6_unfinetuned/checkpoints/model_weights_st                    
         ep_06360.state.pt                                                      
[epoch 54] step=6480 train_loss=0.175506
[train] step=6481 loss=0.126758 lr=8.737e-07
[train] step=6482 loss=0.180760 lr=8.726e-07
[train] step=6483 loss=0.251456 lr=8.715e-07
[train] step=6484 loss=0.152687 lr=8.704e-07
[train] step=6485 loss=0.195402 lr=8.693e-07
[train] step=6486 loss=0.235458 lr=8.682e-07
[train] step=6487 loss=0.202768 lr=8.671e-07
[train] step=6488 loss=0.159261 lr=8.660e-07
[train] step=6489 loss=0.195797 lr=8.649e-07
[train] step=6490 loss=0.236836 lr=8.638e-07
[train] step=6491 loss=0.191720 lr=8.627e-07
[train] step=6492 loss=0.182245 lr=8.616e-07
[train] step=6493 loss=0.167758 lr=8.605e-07
[train] step=6494 loss=0.176661 lr=8.595e-07
[train] step=6495 loss=0.181084 lr=8.584e-07
[train] step=6496 loss=0.171030 lr=8.573e-07
[train] step=6497 loss=0.146283 lr=8.562e-07
[train] step=6498 loss=0.134804 lr=8.551e-07
[train] step=6499 loss=0.288845 lr=8.540e-07
[train] step=6500 loss=0.192782 lr=8.529e-07
[train] step=6501 loss=0.128633 lr=8.518e-07
[train] step=6502 loss=0.128459 lr=8.507e-07
[train] step=6503 loss=0.161664 lr=8.496e-07
[train] step=6504 loss=0.147019 lr=8.485e-07
[train] step=6505 loss=0.183586 lr=8.475e-07
[train] step=6506 loss=0.131883 lr=8.464e-07
[train] step=6507 loss=0.133117 lr=8.453e-07
[train] step=6508 loss=0.206162 lr=8.442e-07
[train] step=6509 loss=0.135192 lr=8.431e-07
[train] step=6510 loss=0.174183 lr=8.420e-07
[train] step=6511 loss=0.180466 lr=8.409e-07
[train] step=6512 loss=0.132979 lr=8.399e-07
[train] step=6513 loss=0.152260 lr=8.388e-07
[train] step=6514 loss=0.207373 lr=8.377e-07
[train] step=6515 loss=0.215319 lr=8.366e-07
[train] step=6516 loss=0.148940 lr=8.355e-07
[train] step=6517 loss=0.157627 lr=8.345e-07
[train] step=6518 loss=0.168091 lr=8.334e-07
[train] step=6519 loss=0.100324 lr=8.323e-07
[train] step=6520 loss=0.182065 lr=8.312e-07
[train] step=6521 loss=0.184719 lr=8.301e-07
[train] step=6522 loss=0.195461 lr=8.291e-07
[train] step=6523 loss=0.136806 lr=8.280e-07
[train] step=6524 loss=0.166639 lr=8.269e-07
[train] step=6525 loss=0.196385 lr=8.258e-07
[train] step=6526 loss=0.152725 lr=8.248e-07
[train] step=6527 loss=0.203392 lr=8.237e-07
[train] step=6528 loss=0.324637 lr=8.226e-07
[train] step=6529 loss=0.189586 lr=8.215e-07
[train] step=6530 loss=0.117936 lr=8.205e-07
[train] step=6531 loss=0.165427 lr=8.194e-07
[train] step=6532 loss=0.176006 lr=8.183e-07
[train] step=6533 loss=0.121386 lr=8.173e-07
[train] step=6534 loss=0.163787 lr=8.162e-07
[train] step=6535 loss=0.160363 lr=8.151e-07
[train] step=6536 loss=0.179685 lr=8.141e-07
[train] step=6537 loss=0.118103 lr=8.130e-07
[train] step=6538 loss=0.153103 lr=8.119e-07
[train] step=6539 loss=0.203214 lr=8.109e-07
[train] step=6540 loss=0.099622 lr=8.098e-07
[train] step=6541 loss=0.198917 lr=8.087e-07
[train] step=6542 loss=0.205391 lr=8.077e-07
[train] step=6543 loss=0.157420 lr=8.066e-07
[train] step=6544 loss=0.364489 lr=8.055e-07
[train] step=6545 loss=0.144860 lr=8.045e-07
[train] step=6546 loss=0.198323 lr=8.034e-07
[train] step=6547 loss=0.201004 lr=8.024e-07
[train] step=6548 loss=0.133262 lr=8.013e-07
[train] step=6549 loss=0.105689 lr=8.002e-07
[train] step=6550 loss=0.250600 lr=7.992e-07
[train] step=6551 loss=0.308845 lr=7.981e-07
[train] step=6552 loss=0.210796 lr=7.971e-07
[train] step=6553 loss=0.169667 lr=7.960e-07
[train] step=6554 loss=0.171879 lr=7.950e-07
[train] step=6555 loss=0.155592 lr=7.939e-07
[train] step=6556 loss=0.200469 lr=7.928e-07
[train] step=6557 loss=0.145736 lr=7.918e-07
[train] step=6558 loss=0.105047 lr=7.907e-07
[train] step=6559 loss=0.258969 lr=7.897e-07
[train] step=6560 loss=0.180712 lr=7.886e-07
[train] step=6561 loss=0.161355 lr=7.876e-07
[train] step=6562 loss=0.159801 lr=7.865e-07
[train] step=6563 loss=0.123451 lr=7.855e-07
[train] step=6564 loss=0.179562 lr=7.844e-07
[train] step=6565 loss=0.154115 lr=7.834e-07
[train] step=6566 loss=0.171105 lr=7.823e-07
[train] step=6567 loss=0.166825 lr=7.813e-07
[train] step=6568 loss=0.127205 lr=7.802e-07
[train] step=6569 loss=0.153947 lr=7.792e-07
[train] step=6570 loss=0.223851 lr=7.781e-07
[train] step=6571 loss=0.195215 lr=7.771e-07
[train] step=6572 loss=0.131815 lr=7.761e-07
[train] step=6573 loss=0.178910 lr=7.750e-07
[train] step=6574 loss=0.132901 lr=7.740e-07
[train] step=6575 loss=0.169724 lr=7.729e-07
[train] step=6576 loss=0.156291 lr=7.719e-07
[train] step=6577 loss=0.154032 lr=7.708e-07
[train] step=6578 loss=0.183202 lr=7.698e-07
[train] step=6579 loss=0.203276 lr=7.688e-07
[train] step=6580 loss=0.222134 lr=7.677e-07
[train] step=6581 loss=0.104632 lr=7.667e-07
[train] step=6582 loss=0.174944 lr=7.657e-07
[train] step=6583 loss=0.267284 lr=7.646e-07
[train] step=6584 loss=0.095293 lr=7.636e-07
[train] step=6585 loss=0.176771 lr=7.625e-07
[train] step=6586 loss=0.189495 lr=7.615e-07
[train] step=6587 loss=0.153862 lr=7.605e-07
[train] step=6588 loss=0.148499 lr=7.594e-07
[train] step=6589 loss=0.264079 lr=7.584e-07
[train] step=6590 loss=0.272070 lr=7.574e-07
[train] step=6591 loss=0.121633 lr=7.563e-07
[train] step=6592 loss=0.140068 lr=7.553e-07
[train] step=6593 loss=0.131592 lr=7.543e-07
[train] step=6594 loss=0.136555 lr=7.533e-07
[train] step=6595 loss=0.226587 lr=7.522e-07
[train] step=6596 loss=0.169842 lr=7.512e-07
[train] step=6597 loss=0.120383 lr=7.502e-07
[train] step=6598 loss=0.107929 lr=7.491e-07
[train] step=6599 loss=0.142703 lr=7.481e-07
[train] step=6600 loss=0.112297 lr=7.471e-07
[val] step=6600 val_loss=0.176718
INFO     [rank 0] Model weights for step 6600 saved in       dit_trainer.py:1288
         checkpoints/model_weights_step_06600.safetensors                       
INFO     [rank 0] Scalar embedding weights for step 6600     dit_trainer.py:1297
         saved                                                                  
INFO     [rank 0] Training state saved:                      dit_trainer.py:1416
         checkpoints/model_weights_step_06600.state.pt                          
INFO     [rank 0] New best checkpoint (step 6600,            dit_trainer.py:1320
         val_loss=0.176718):                                                    
         checkpoints/model_weights_best.safetensors                             
DEBUG    [rank 0] Removed old checkpoint:                    dit_trainer.py:1429
         /hppfs/scratch/0D/go76fuz2/windinet/outputs/shockwa                    
         ve_dit_ch6_unfinetuned/checkpoints/model_weights_st                    
         ep_06360.safetensors                                                   
DEBUG    [rank 0] Removed old checkpoint:                    dit_trainer.py:1429
         /hppfs/scratch/0D/go76fuz2/windinet/outputs/shockwa                    
         ve_dit_ch6_unfinetuned/checkpoints/scalar_embedding                    
         _step_06360.safetensors                                                
DEBUG    [rank 0] Removed optimizer state for older kept     dit_trainer.py:1444
         checkpoint:                                                            
         /hppfs/scratch/0D/go76fuz2/windinet/outputs/shockwa                    
         ve_dit_ch6_unfinetuned/checkpoints/model_weights_st                    
         ep_06480.state.pt                                                      
[epoch 55] step=6600 train_loss=0.174092 val_loss=0.176718
[train] step=6601 loss=0.205756 lr=7.461e-07
[train] step=6602 loss=0.163777 lr=7.450e-07
[train] step=6603 loss=0.285378 lr=7.440e-07
[train] step=6604 loss=0.217826 lr=7.430e-07
[train] step=6605 loss=0.138285 lr=7.420e-07
[train] step=6606 loss=0.118874 lr=7.409e-07
[train] step=6607 loss=0.223034 lr=7.399e-07
[train] step=6608 loss=0.289930 lr=7.389e-07
[train] step=6609 loss=0.170064 lr=7.379e-07
[train] step=6610 loss=0.170835 lr=7.369e-07
[train] step=6611 loss=0.145754 lr=7.358e-07
[train] step=6612 loss=0.209185 lr=7.348e-07
[train] step=6613 loss=0.161382 lr=7.338e-07
[train] step=6614 loss=0.189300 lr=7.328e-07
[train] step=6615 loss=0.192056 lr=7.318e-07
[train] step=6616 loss=0.163128 lr=7.308e-07
[train] step=6617 loss=0.153709 lr=7.297e-07
[train] step=6618 loss=0.136537 lr=7.287e-07
[train] step=6619 loss=0.130393 lr=7.277e-07
[train] step=6620 loss=0.180817 lr=7.267e-07
[train] step=6621 loss=0.139557 lr=7.257e-07
[train] step=6622 loss=0.182496 lr=7.247e-07
[train] step=6623 loss=0.127297 lr=7.237e-07
[train] step=6624 loss=0.199644 lr=7.227e-07
[train] step=6625 loss=0.160695 lr=7.217e-07
[train] step=6626 loss=0.139284 lr=7.206e-07
[train] step=6627 loss=0.096010 lr=7.196e-07
[train] step=6628 loss=0.265541 lr=7.186e-07
[train] step=6629 loss=0.324215 lr=7.176e-07
[train] step=6630 loss=0.263502 lr=7.166e-07
[train] step=6631 loss=0.171085 lr=7.156e-07
[train] step=6632 loss=0.159622 lr=7.146e-07
[train] step=6633 loss=0.231359 lr=7.136e-07
[train] step=6634 loss=0.129146 lr=7.126e-07
[train] step=6635 loss=0.141873 lr=7.116e-07
[train] step=6636 loss=0.236895 lr=7.106e-07
[train] step=6637 loss=0.181069 lr=7.096e-07
[train] step=6638 loss=0.154762 lr=7.086e-07
[train] step=6639 loss=0.215549 lr=7.076e-07
[train] step=6640 loss=0.205180 lr=7.066e-07
[train] step=6641 loss=0.160098 lr=7.056e-07
[train] step=6642 loss=0.156871 lr=7.046e-07
[train] step=6643 loss=0.096391 lr=7.036e-07
[train] step=6644 loss=0.174091 lr=7.026e-07
[train] step=6645 loss=0.219267 lr=7.016e-07
[train] step=6646 loss=0.152445 lr=7.006e-07
[train] step=6647 loss=0.108568 lr=6.996e-07
[train] step=6648 loss=0.184146 lr=6.986e-07
[train] step=6649 loss=0.236596 lr=6.976e-07
[train] step=6650 loss=0.249043 lr=6.966e-07
[train] step=6651 loss=0.162997 lr=6.956e-07
[train] step=6652 loss=0.101194 lr=6.947e-07
[train] step=6653 loss=0.232632 lr=6.937e-07
[train] step=6654 loss=0.152890 lr=6.927e-07
[train] step=6655 loss=0.135161 lr=6.917e-07
[train] step=6656 loss=0.105776 lr=6.907e-07
[train] step=6657 loss=0.103652 lr=6.897e-07
[train] step=6658 loss=0.212303 lr=6.887e-07
[train] step=6659 loss=0.191883 lr=6.877e-07
[train] step=6660 loss=0.141752 lr=6.867e-07
[train] step=6661 loss=0.235013 lr=6.858e-07
[train] step=6662 loss=0.227949 lr=6.848e-07
[train] step=6663 loss=0.137117 lr=6.838e-07
[train] step=6664 loss=0.124955 lr=6.828e-07
[train] step=6665 loss=0.174491 lr=6.818e-07
[train] step=6666 loss=0.162823 lr=6.808e-07
[train] step=6667 loss=0.199954 lr=6.799e-07
[train] step=6668 loss=0.115927 lr=6.789e-07
[train] step=6669 loss=0.116249 lr=6.779e-07
[train] step=6670 loss=0.187006 lr=6.769e-07
[train] step=6671 loss=0.129140 lr=6.759e-07
[train] step=6672 loss=0.228437 lr=6.750e-07
[train] step=6673 loss=0.229291 lr=6.740e-07
[train] step=6674 loss=0.205836 lr=6.730e-07
[train] step=6675 loss=0.142387 lr=6.720e-07
[train] step=6676 loss=0.108095 lr=6.711e-07
[train] step=6677 loss=0.152955 lr=6.701e-07
[train] step=6678 loss=0.156829 lr=6.691e-07
[train] step=6679 loss=0.133082 lr=6.681e-07
[train] step=6680 loss=0.258832 lr=6.672e-07
[train] step=6681 loss=0.147437 lr=6.662e-07
[train] step=6682 loss=0.169220 lr=6.652e-07
[train] step=6683 loss=0.135842 lr=6.642e-07
[train] step=6684 loss=0.133188 lr=6.633e-07
[train] step=6685 loss=0.101099 lr=6.623e-07
[train] step=6686 loss=0.152041 lr=6.613e-07
[train] step=6687 loss=0.121522 lr=6.604e-07
[train] step=6688 loss=0.185997 lr=6.594e-07
[train] step=6689 loss=0.168523 lr=6.584e-07
[train] step=6690 loss=0.195834 lr=6.575e-07
[train] step=6691 loss=0.099289 lr=6.565e-07
[train] step=6692 loss=0.150245 lr=6.555e-07
[train] step=6693 loss=0.156578 lr=6.546e-07
[train] step=6694 loss=0.250733 lr=6.536e-07
[train] step=6695 loss=0.318927 lr=6.526e-07
[train] step=6696 loss=0.160252 lr=6.517e-07
[train] step=6697 loss=0.161098 lr=6.507e-07
[train] step=6698 loss=0.294485 lr=6.498e-07
[train] step=6699 loss=0.206524 lr=6.488e-07
[train] step=6700 loss=0.160617 lr=6.478e-07
[train] step=6701 loss=0.157863 lr=6.469e-07
[train] step=6702 loss=0.181394 lr=6.459e-07
[train] step=6703 loss=0.177875 lr=6.450e-07
[train] step=6704 loss=0.191037 lr=6.440e-07
[train] step=6705 loss=0.156828 lr=6.431e-07
[train] step=6706 loss=0.178728 lr=6.421e-07
[train] step=6707 loss=0.218264 lr=6.411e-07
[train] step=6708 loss=0.175186 lr=6.402e-07
[train] step=6709 loss=0.171192 lr=6.392e-07
[train] step=6710 loss=0.148227 lr=6.383e-07
[train] step=6711 loss=0.119554 lr=6.373e-07
[train] step=6712 loss=0.158620 lr=6.364e-07
[train] step=6713 loss=0.143189 lr=6.354e-07
[train] step=6714 loss=0.187702 lr=6.345e-07
[train] step=6715 loss=0.144905 lr=6.335e-07
[train] step=6716 loss=0.149141 lr=6.326e-07
[train] step=6717 loss=0.190612 lr=6.316e-07
[train] step=6718 loss=0.215775 lr=6.307e-07
[train] step=6719 loss=0.174646 lr=6.297e-07
[train] step=6720 loss=0.208903 lr=6.288e-07
INFO     [rank 0] Model weights for step 6720 saved in       dit_trainer.py:1288
         checkpoints/model_weights_step_06720.safetensors                       
INFO     [rank 0] Scalar embedding weights for step 6720     dit_trainer.py:1297
         saved                                                                  
INFO     [rank 0] Training state saved:                      dit_trainer.py:1416
         checkpoints/model_weights_step_06720.state.pt                          
DEBUG    [rank 0] Removed old checkpoint:                    dit_trainer.py:1429
         /hppfs/scratch/0D/go76fuz2/windinet/outputs/shockwa                    
         ve_dit_ch6_unfinetuned/checkpoints/model_weights_st                    
         ep_06480.safetensors                                                   
DEBUG    [rank 0] Removed old checkpoint:                    dit_trainer.py:1429
         /hppfs/scratch/0D/go76fuz2/windinet/outputs/shockwa                    
         ve_dit_ch6_unfinetuned/checkpoints/scalar_embedding                    
         _step_06480.safetensors                                                
DEBUG    [rank 0] Removed optimizer state for older kept     dit_trainer.py:1444
         checkpoint:                                                            
         /hppfs/scratch/0D/go76fuz2/windinet/outputs/shockwa                    
         ve_dit_ch6_unfinetuned/checkpoints/model_weights_st                    
         ep_06600.state.pt                                                      
[epoch 56] step=6720 train_loss=0.174145
[train] step=6721 loss=0.153538 lr=6.278e-07
[train] step=6722 loss=0.203429 lr=6.269e-07
[train] step=6723 loss=0.137755 lr=6.260e-07
[train] step=6724 loss=0.137406 lr=6.250e-07
[train] step=6725 loss=0.183587 lr=6.241e-07
[train] step=6726 loss=0.094099 lr=6.231e-07
[train] step=6727 loss=0.110876 lr=6.222e-07
[train] step=6728 loss=0.189597 lr=6.212e-07
[train] step=6729 loss=0.186569 lr=6.203e-07
[train] step=6730 loss=0.132669 lr=6.194e-07
[train] step=6731 loss=0.191443 lr=6.184e-07
[train] step=6732 loss=0.171553 lr=6.175e-07
[train] step=6733 loss=0.130895 lr=6.166e-07
[train] step=6734 loss=0.188587 lr=6.156e-07
[train] step=6735 loss=0.175475 lr=6.147e-07
[train] step=6736 loss=0.397566 lr=6.137e-07
[train] step=6737 loss=0.161287 lr=6.128e-07
[train] step=6738 loss=0.188815 lr=6.119e-07
[train] step=6739 loss=0.156365 lr=6.109e-07
[train] step=6740 loss=0.134848 lr=6.100e-07
[train] step=6741 loss=0.202042 lr=6.091e-07
[train] step=6742 loss=0.319190 lr=6.082e-07
[train] step=6743 loss=0.178689 lr=6.072e-07
[train] step=6744 loss=0.144785 lr=6.063e-07
[train] step=6745 loss=0.245383 lr=6.054e-07
[train] step=6746 loss=0.107248 lr=6.044e-07
[train] step=6747 loss=0.181661 lr=6.035e-07
[train] step=6748 loss=0.143647 lr=6.026e-07
[train] step=6749 loss=0.367771 lr=6.017e-07
[train] step=6750 loss=0.235114 lr=6.007e-07
[train] step=6751 loss=0.189874 lr=5.998e-07
[train] step=6752 loss=0.195435 lr=5.989e-07
[train] step=6753 loss=0.164673 lr=5.980e-07
[train] step=6754 loss=0.243510 lr=5.970e-07
[train] step=6755 loss=0.179849 lr=5.961e-07
[train] step=6756 loss=0.138571 lr=5.952e-07
[train] step=6757 loss=0.216149 lr=5.943e-07
[train] step=6758 loss=0.202203 lr=5.933e-07
[train] step=6759 loss=0.260166 lr=5.924e-07
[train] step=6760 loss=0.154574 lr=5.915e-07
[train] step=6761 loss=0.208475 lr=5.906e-07
[train] step=6762 loss=0.128660 lr=5.897e-07
[train] step=6763 loss=0.163587 lr=5.888e-07
[train] step=6764 loss=0.217439 lr=5.878e-07
[train] step=6765 loss=0.326430 lr=5.869e-07
[train] step=6766 loss=0.191659 lr=5.860e-07
[train] step=6767 loss=0.126788 lr=5.851e-07
[train] step=6768 loss=0.137750 lr=5.842e-07
[train] step=6769 loss=0.110783 lr=5.833e-07
[train] step=6770 loss=0.126193 lr=5.824e-07
[train] step=6771 loss=0.170999 lr=5.814e-07
[train] step=6772 loss=0.145658 lr=5.805e-07
[train] step=6773 loss=0.140314 lr=5.796e-07
[train] step=6774 loss=0.192012 lr=5.787e-07
[train] step=6775 loss=0.199121 lr=5.778e-07
[train] step=6776 loss=0.173461 lr=5.769e-07
[train] step=6777 loss=0.237566 lr=5.760e-07
[train] step=6778 loss=0.162072 lr=5.751e-07
[train] step=6779 loss=0.130351 lr=5.742e-07
[train] step=6780 loss=0.173871 lr=5.733e-07
[train] step=6781 loss=0.190511 lr=5.724e-07
[train] step=6782 loss=0.188307 lr=5.715e-07
[train] step=6783 loss=0.167397 lr=5.706e-07
[train] step=6784 loss=0.182081 lr=5.697e-07
[train] step=6785 loss=0.303483 lr=5.688e-07
[train] step=6786 loss=0.213774 lr=5.679e-07
[train] step=6787 loss=0.134798 lr=5.670e-07
[train] step=6788 loss=0.174796 lr=5.661e-07
[train] step=6789 loss=0.149719 lr=5.652e-07
[train] step=6790 loss=0.187043 lr=5.643e-07
[train] step=6791 loss=0.154496 lr=5.634e-07
[train] step=6792 loss=0.121073 lr=5.625e-07
[train] step=6793 loss=0.112156 lr=5.616e-07
[train] step=6794 loss=0.131562 lr=5.607e-07
[train] step=6795 loss=0.221371 lr=5.598e-07
[train] step=6796 loss=0.119827 lr=5.589e-07
[train] step=6797 loss=0.183666 lr=5.580e-07
[train] step=6798 loss=0.138125 lr=5.571e-07
[train] step=6799 loss=0.178972 lr=5.562e-07
[train] step=6800 loss=0.140287 lr=5.553e-07
[train] step=6801 loss=0.192135 lr=5.544e-07
[train] step=6802 loss=0.243605 lr=5.535e-07
[train] step=6803 loss=0.186277 lr=5.526e-07
[train] step=6804 loss=0.186899 lr=5.518e-07
[train] step=6805 loss=0.165179 lr=5.509e-07
[train] step=6806 loss=0.173780 lr=5.500e-07
[train] step=6807 loss=0.130036 lr=5.491e-07
[train] step=6808 loss=0.158957 lr=5.482e-07
[train] step=6809 loss=0.142823 lr=5.473e-07
[train] step=6810 loss=0.157743 lr=5.464e-07
[train] step=6811 loss=0.186905 lr=5.456e-07
[train] step=6812 loss=0.164624 lr=5.447e-07
[train] step=6813 loss=0.187165 lr=5.438e-07
[train] step=6814 loss=0.103091 lr=5.429e-07
[train] step=6815 loss=0.299627 lr=5.420e-07
[train] step=6816 loss=0.184637 lr=5.411e-07
[train] step=6817 loss=0.177973 lr=5.403e-07
[train] step=6818 loss=0.226918 lr=5.394e-07
[train] step=6819 loss=0.147820 lr=5.385e-07
[train] step=6820 loss=0.197231 lr=5.376e-07
[train] step=6821 loss=0.155869 lr=5.367e-07
[train] step=6822 loss=0.156648 lr=5.359e-07
[train] step=6823 loss=0.199918 lr=5.350e-07
[train] step=6824 loss=0.144251 lr=5.341e-07
[train] step=6825 loss=0.162686 lr=5.332e-07
[train] step=6826 loss=0.183058 lr=5.324e-07
[train] step=6827 loss=0.132577 lr=5.315e-07
[train] step=6828 loss=0.139770 lr=5.306e-07
[train] step=6829 loss=0.160179 lr=5.298e-07
[train] step=6830 loss=0.215013 lr=5.289e-07
[train] step=6831 loss=0.159829 lr=5.280e-07
[train] step=6832 loss=0.195939 lr=5.271e-07
[train] step=6833 loss=0.199057 lr=5.263e-07
[train] step=6834 loss=0.312826 lr=5.254e-07
[train] step=6835 loss=0.135593 lr=5.245e-07
[train] step=6836 loss=0.158603 lr=5.237e-07
[train] step=6837 loss=0.579962 lr=5.228e-07
[train] step=6838 loss=0.151960 lr=5.219e-07
[train] step=6839 loss=0.135345 lr=5.211e-07
[train] step=6840 loss=0.125371 lr=5.202e-07
INFO     [rank 0] Model weights for step 6840 saved in       dit_trainer.py:1288
         checkpoints/model_weights_step_06840.safetensors                       
INFO     [rank 0] Scalar embedding weights for step 6840     dit_trainer.py:1297
         saved                                                                  
INFO     [rank 0] Training state saved:                      dit_trainer.py:1416
         checkpoints/model_weights_step_06840.state.pt                          
DEBUG    [rank 0] Removed old checkpoint:                    dit_trainer.py:1429
         /hppfs/scratch/0D/go76fuz2/windinet/outputs/shockwa                    
         ve_dit_ch6_unfinetuned/checkpoints/model_weights_st                    
         ep_06600.safetensors                                                   
DEBUG    [rank 0] Removed old checkpoint:                    dit_trainer.py:1429
         /hppfs/scratch/0D/go76fuz2/windinet/outputs/shockwa                    
         ve_dit_ch6_unfinetuned/checkpoints/scalar_embedding                    
         _step_06600.safetensors                                                
DEBUG    [rank 0] Removed optimizer state for older kept     dit_trainer.py:1444
         checkpoint:                                                            
         /hppfs/scratch/0D/go76fuz2/windinet/outputs/shockwa                    
         ve_dit_ch6_unfinetuned/checkpoints/model_weights_st                    
         ep_06720.state.pt                                                      
[epoch 57] step=6840 train_loss=0.182124
[train] step=6841 loss=0.160135 lr=5.194e-07
[train] step=6842 loss=0.145728 lr=5.185e-07
[train] step=6843 loss=0.202483 lr=5.176e-07
[train] step=6844 loss=0.186566 lr=5.168e-07
[train] step=6845 loss=0.159142 lr=5.159e-07
[train] step=6846 loss=0.204186 lr=5.150e-07
[train] step=6847 loss=0.164495 lr=5.142e-07
[train] step=6848 loss=0.198649 lr=5.133e-07
[train] step=6849 loss=0.155380 lr=5.125e-07
[train] step=6850 loss=0.192835 lr=5.116e-07
[train] step=6851 loss=0.280538 lr=5.108e-07
[train] step=6852 loss=0.143573 lr=5.099e-07
[train] step=6853 loss=0.157106 lr=5.090e-07
[train] step=6854 loss=0.236778 lr=5.082e-07
[train] step=6855 loss=0.275678 lr=5.073e-07
[train] step=6856 loss=0.111685 lr=5.065e-07
[train] step=6857 loss=0.144637 lr=5.056e-07
[train] step=6858 loss=0.144786 lr=5.048e-07
[train] step=6859 loss=0.170863 lr=5.039e-07
[train] step=6860 loss=0.123328 lr=5.031e-07
[train] step=6861 loss=0.187414 lr=5.022e-07
[train] step=6862 loss=0.249019 lr=5.014e-07
[train] step=6863 loss=0.147603 lr=5.005e-07
[train] step=6864 loss=0.203142 lr=4.997e-07
[train] step=6865 loss=0.151573 lr=4.988e-07
[train] step=6866 loss=0.137259 lr=4.980e-07
[train] step=6867 loss=0.180799 lr=4.971e-07
[train] step=6868 loss=0.194406 lr=4.963e-07
[train] step=6869 loss=0.146997 lr=4.955e-07
[train] step=6870 loss=0.120880 lr=4.946e-07
[train] step=6871 loss=0.178678 lr=4.938e-07
[train] step=6872 loss=0.203038 lr=4.929e-07
[train] step=6873 loss=0.135552 lr=4.921e-07
[train] step=6874 loss=0.179826 lr=4.913e-07
[train] step=6875 loss=0.181197 lr=4.904e-07
[train] step=6876 loss=0.220924 lr=4.896e-07
[train] step=6877 loss=0.202672 lr=4.887e-07
[train] step=6878 loss=0.143245 lr=4.879e-07
[train] step=6879 loss=0.152946 lr=4.871e-07
[train] step=6880 loss=0.156547 lr=4.862e-07
[train] step=6881 loss=0.128098 lr=4.854e-07
[train] step=6882 loss=0.179353 lr=4.846e-07
[train] step=6883 loss=0.200376 lr=4.837e-07
[train] step=6884 loss=0.140347 lr=4.829e-07
[train] step=6885 loss=0.116069 lr=4.821e-07
[train] step=6886 loss=0.227298 lr=4.812e-07
[train] step=6887 loss=0.143649 lr=4.804e-07
[train] step=6888 loss=0.179218 lr=4.796e-07
[train] step=6889 loss=0.165150 lr=4.787e-07
[train] step=6890 loss=0.127049 lr=4.779e-07
[train] step=6891 loss=0.225653 lr=4.771e-07
[train] step=6892 loss=0.197701 lr=4.762e-07
[train] step=6893 loss=0.178074 lr=4.754e-07
[train] step=6894 loss=0.215382 lr=4.746e-07
[train] step=6895 loss=0.204262 lr=4.738e-07
[train] step=6896 loss=0.215709 lr=4.729e-07
[train] step=6897 loss=0.113459 lr=4.721e-07
[train] step=6898 loss=0.179947 lr=4.713e-07
[train] step=6899 loss=0.157756 lr=4.705e-07
[train] step=6900 loss=0.155155 lr=4.696e-07
[train] step=6901 loss=0.226375 lr=4.688e-07
[train] step=6902 loss=0.170190 lr=4.680e-07
[train] step=6903 loss=0.172572 lr=4.672e-07
[train] step=6904 loss=0.129122 lr=4.664e-07
[train] step=6905 loss=0.171568 lr=4.655e-07
[train] step=6906 loss=0.149521 lr=4.647e-07
[train] step=6907 loss=0.133574 lr=4.639e-07
[train] step=6908 loss=0.210905 lr=4.631e-07
[train] step=6909 loss=0.171330 lr=4.623e-07
[train] step=6910 loss=0.287669 lr=4.615e-07
[train] step=6911 loss=0.156313 lr=4.606e-07
[train] step=6912 loss=0.232208 lr=4.598e-07
[train] step=6913 loss=0.187280 lr=4.590e-07
[train] step=6914 loss=0.135740 lr=4.582e-07
[train] step=6915 loss=0.147020 lr=4.574e-07
[train] step=6916 loss=0.141989 lr=4.566e-07
[train] step=6917 loss=0.178488 lr=4.558e-07
[train] step=6918 loss=0.247202 lr=4.550e-07
[train] step=6919 loss=0.109490 lr=4.542e-07
[train] step=6920 loss=0.117404 lr=4.533e-07
[train] step=6921 loss=0.247004 lr=4.525e-07
[train] step=6922 loss=0.147411 lr=4.517e-07
[train] step=6923 loss=0.190368 lr=4.509e-07
[train] step=6924 loss=0.170240 lr=4.501e-07
[train] step=6925 loss=0.111432 lr=4.493e-07
[train] step=6926 loss=0.136938 lr=4.485e-07
[train] step=6927 loss=0.131074 lr=4.477e-07
[train] step=6928 loss=0.143455 lr=4.469e-07
[train] step=6929 loss=0.166591 lr=4.461e-07
[train] step=6930 loss=0.272800 lr=4.453e-07
[train] step=6931 loss=0.306861 lr=4.445e-07
[train] step=6932 loss=0.205016 lr=4.437e-07
[train] step=6933 loss=0.108279 lr=4.429e-07
[train] step=6934 loss=0.156533 lr=4.421e-07
[train] step=6935 loss=0.262427 lr=4.413e-07
[train] step=6936 loss=0.126617 lr=4.405e-07
[train] step=6937 loss=0.225479 lr=4.397e-07
[train] step=6938 loss=0.176277 lr=4.389e-07
[train] step=6939 loss=0.340167 lr=4.381e-07
[train] step=6940 loss=0.194926 lr=4.373e-07
[train] step=6941 loss=0.139455 lr=4.365e-07
[train] step=6942 loss=0.151180 lr=4.357e-07
[train] step=6943 loss=0.181559 lr=4.350e-07
[train] step=6944 loss=0.151996 lr=4.342e-07
[train] step=6945 loss=0.160885 lr=4.334e-07
[train] step=6946 loss=0.178136 lr=4.326e-07
[train] step=6947 loss=0.136984 lr=4.318e-07
[train] step=6948 loss=0.124193 lr=4.310e-07
[train] step=6949 loss=0.188071 lr=4.302e-07
[train] step=6950 loss=0.197655 lr=4.294e-07
[train] step=6951 loss=0.139306 lr=4.286e-07
[train] step=6952 loss=0.127789 lr=4.279e-07
[train] step=6953 loss=0.074404 lr=4.271e-07
[train] step=6954 loss=0.266845 lr=4.263e-07
[train] step=6955 loss=0.145350 lr=4.255e-07
[train] step=6956 loss=0.345246 lr=4.247e-07
[train] step=6957 loss=0.101264 lr=4.239e-07
[train] step=6958 loss=0.172388 lr=4.232e-07
[train] step=6959 loss=0.150207 lr=4.224e-07
[train] step=6960 loss=0.080274 lr=4.216e-07
INFO     [rank 0] Model weights for step 6960 saved in       dit_trainer.py:1288
         checkpoints/model_weights_step_06960.safetensors                       
INFO     [rank 0] Scalar embedding weights for step 6960     dit_trainer.py:1297
         saved                                                                  
INFO     [rank 0] Training state saved:                      dit_trainer.py:1416
         checkpoints/model_weights_step_06960.state.pt                          
DEBUG    [rank 0] Removed old checkpoint:                    dit_trainer.py:1429
         /hppfs/scratch/0D/go76fuz2/windinet/outputs/shockwa                    
         ve_dit_ch6_unfinetuned/checkpoints/model_weights_st                    
         ep_06720.safetensors                                                   
DEBUG    [rank 0] Removed old checkpoint:                    dit_trainer.py:1429
         /hppfs/scratch/0D/go76fuz2/windinet/outputs/shockwa                    
         ve_dit_ch6_unfinetuned/checkpoints/scalar_embedding                    
         _step_06720.safetensors                                                
DEBUG    [rank 0] Removed optimizer state for older kept     dit_trainer.py:1444
         checkpoint:                                                            
         /hppfs/scratch/0D/go76fuz2/windinet/outputs/shockwa                    
         ve_dit_ch6_unfinetuned/checkpoints/model_weights_st                    
         ep_06840.state.pt                                                      
[epoch 58] step=6960 train_loss=0.175301
[train] step=6961 loss=0.203394 lr=4.208e-07
[train] step=6962 loss=0.138049 lr=4.200e-07
[train] step=6963 loss=0.182335 lr=4.193e-07
[train] step=6964 loss=0.198081 lr=4.185e-07
[train] step=6965 loss=0.149821 lr=4.177e-07
[train] step=6966 loss=0.206959 lr=4.169e-07
[train] step=6967 loss=0.169655 lr=4.162e-07
[train] step=6968 loss=0.171146 lr=4.154e-07
[train] step=6969 loss=0.184609 lr=4.146e-07
[train] step=6970 loss=0.269183 lr=4.138e-07
[train] step=6971 loss=0.183022 lr=4.131e-07
[train] step=6972 loss=0.150395 lr=4.123e-07
[train] step=6973 loss=0.237917 lr=4.115e-07
[train] step=6974 loss=0.124919 lr=4.107e-07
[train] step=6975 loss=0.143500 lr=4.100e-07
[train] step=6976 loss=0.160287 lr=4.092e-07
[train] step=6977 loss=0.188439 lr=4.084e-07
[train] step=6978 loss=0.149274 lr=4.077e-07
[train] step=6979 loss=0.179701 lr=4.069e-07
[train] step=6980 loss=0.215752 lr=4.061e-07
[train] step=6981 loss=0.120040 lr=4.054e-07
[train] step=6982 loss=0.239260 lr=4.046e-07
[train] step=6983 loss=0.150057 lr=4.038e-07
[train] step=6984 loss=0.201948 lr=4.031e-07
[train] step=6985 loss=0.170852 lr=4.023e-07
[train] step=6986 loss=0.216991 lr=4.016e-07
[train] step=6987 loss=0.105063 lr=4.008e-07
[train] step=6988 loss=0.162035 lr=4.000e-07
[train] step=6989 loss=0.138183 lr=3.993e-07
[train] step=6990 loss=0.137688 lr=3.985e-07
[train] step=6991 loss=0.169492 lr=3.978e-07
[train] step=6992 loss=0.311270 lr=3.970e-07
[train] step=6993 loss=0.169282 lr=3.962e-07
[train] step=6994 loss=0.129316 lr=3.955e-07
[train] step=6995 loss=0.152293 lr=3.947e-07
[train] step=6996 loss=0.127177 lr=3.940e-07
[train] step=6997 loss=0.201325 lr=3.932e-07
[train] step=6998 loss=0.099343 lr=3.925e-07
[train] step=6999 loss=0.142436 lr=3.917e-07
[train] step=7000 loss=0.154805 lr=3.910e-07
[train] step=7001 loss=0.134229 lr=3.902e-07
[train] step=7002 loss=0.262948 lr=3.895e-07
[train] step=7003 loss=0.194143 lr=3.887e-07
[train] step=7004 loss=0.142967 lr=3.880e-07
[train] step=7005 loss=0.225093 lr=3.872e-07
[train] step=7006 loss=0.141495 lr=3.865e-07
[train] step=7007 loss=0.199031 lr=3.857e-07
[train] step=7008 loss=0.146974 lr=3.850e-07
[train] step=7009 loss=0.132185 lr=3.842e-07
[train] step=7010 loss=0.193501 lr=3.835e-07
[train] step=7011 loss=0.270696 lr=3.828e-07
[train] step=7012 loss=0.225132 lr=3.820e-07
[train] step=7013 loss=0.137471 lr=3.813e-07
[train] step=7014 loss=0.169321 lr=3.805e-07
[train] step=7015 loss=0.134562 lr=3.798e-07
[train] step=7016 loss=0.210702 lr=3.790e-07
[train] step=7017 loss=0.173721 lr=3.783e-07
[train] step=7018 loss=0.143333 lr=3.776e-07
[train] step=7019 loss=0.210151 lr=3.768e-07
[train] step=7020 loss=0.339513 lr=3.761e-07
[train] step=7021 loss=0.185377 lr=3.754e-07
[train] step=7022 loss=0.171176 lr=3.746e-07
[train] step=7023 loss=0.287884 lr=3.739e-07
[train] step=7024 loss=0.112113 lr=3.731e-07
[train] step=7025 loss=0.135840 lr=3.724e-07
[train] step=7026 loss=0.204932 lr=3.717e-07
[train] step=7027 loss=0.112236 lr=3.709e-07
[train] step=7028 loss=0.099402 lr=3.702e-07
[train] step=7029 loss=0.163778 lr=3.695e-07
[train] step=7030 loss=0.098306 lr=3.688e-07
[train] step=7031 loss=0.172088 lr=3.680e-07
[train] step=7032 loss=0.170253 lr=3.673e-07
[train] step=7033 loss=0.110196 lr=3.666e-07
[train] step=7034 loss=0.155642 lr=3.658e-07
[train] step=7035 loss=0.120723 lr=3.651e-07
[train] step=7036 loss=0.191696 lr=3.644e-07
[train] step=7037 loss=0.174499 lr=3.637e-07
[train] step=7038 loss=0.205531 lr=3.629e-07
[train] step=7039 loss=0.225626 lr=3.622e-07
[train] step=7040 loss=0.193228 lr=3.615e-07
[train] step=7041 loss=0.163793 lr=3.608e-07
[train] step=7042 loss=0.183114 lr=3.600e-07
[train] step=7043 loss=0.151781 lr=3.593e-07
[train] step=7044 loss=0.182116 lr=3.586e-07
[train] step=7045 loss=0.118749 lr=3.579e-07
[train] step=7046 loss=0.209783 lr=3.572e-07
[train] step=7047 loss=0.138642 lr=3.564e-07
[train] step=7048 loss=0.231032 lr=3.557e-07
[train] step=7049 loss=0.137933 lr=3.550e-07
[train] step=7050 loss=0.161974 lr=3.543e-07
[train] step=7051 loss=0.154282 lr=3.536e-07
[train] step=7052 loss=0.151314 lr=3.529e-07
[train] step=7053 loss=0.150396 lr=3.522e-07
[train] step=7054 loss=0.243423 lr=3.514e-07
[train] step=7055 loss=0.143134 lr=3.507e-07
[train] step=7056 loss=0.170628 lr=3.500e-07
[train] step=7057 loss=0.109224 lr=3.493e-07
[train] step=7058 loss=0.166472 lr=3.486e-07
[train] step=7059 loss=0.139767 lr=3.479e-07
[train] step=7060 loss=0.183237 lr=3.472e-07
[train] step=7061 loss=0.175740 lr=3.465e-07
[train] step=7062 loss=0.283085 lr=3.458e-07
[train] step=7063 loss=0.175469 lr=3.451e-07
[train] step=7064 loss=0.166632 lr=3.443e-07
[train] step=7065 loss=0.243712 lr=3.436e-07
[train] step=7066 loss=0.275411 lr=3.429e-07
[train] step=7067 loss=0.135267 lr=3.422e-07
[train] step=7068 loss=0.209026 lr=3.415e-07
[train] step=7069 loss=0.132156 lr=3.408e-07
[train] step=7070 loss=0.277771 lr=3.401e-07
[train] step=7071 loss=0.194438 lr=3.394e-07
[train] step=7072 loss=0.172817 lr=3.387e-07
[train] step=7073 loss=0.151500 lr=3.380e-07
[train] step=7074 loss=0.184635 lr=3.373e-07
[train] step=7075 loss=0.149697 lr=3.366e-07
[train] step=7076 loss=0.192332 lr=3.359e-07
[train] step=7077 loss=0.148416 lr=3.352e-07
[train] step=7078 loss=0.170525 lr=3.345e-07
[train] step=7079 loss=0.195824 lr=3.338e-07
[train] step=7080 loss=0.187314 lr=3.332e-07
INFO     [rank 0] Model weights for step 7080 saved in       dit_trainer.py:1288
         checkpoints/model_weights_step_07080.safetensors                       
INFO     [rank 0] Scalar embedding weights for step 7080     dit_trainer.py:1297
         saved                                                                  
INFO     [rank 0] Training state saved:                      dit_trainer.py:1416
         checkpoints/model_weights_step_07080.state.pt                          
DEBUG    [rank 0] Removed old checkpoint:                    dit_trainer.py:1429
         /hppfs/scratch/0D/go76fuz2/windinet/outputs/shockwa                    
         ve_dit_ch6_unfinetuned/checkpoints/model_weights_st                    
         ep_06840.safetensors                                                   
DEBUG    [rank 0] Removed old checkpoint:                    dit_trainer.py:1429
         /hppfs/scratch/0D/go76fuz2/windinet/outputs/shockwa                    
         ve_dit_ch6_unfinetuned/checkpoints/scalar_embedding                    
         _step_06840.safetensors                                                
DEBUG    [rank 0] Removed optimizer state for older kept     dit_trainer.py:1444
         checkpoint:                                                            
         /hppfs/scratch/0D/go76fuz2/windinet/outputs/shockwa                    
         ve_dit_ch6_unfinetuned/checkpoints/model_weights_st                    
         ep_06960.state.pt                                                      
[epoch 59] step=7080 train_loss=0.174904
[train] step=7081 loss=0.189415 lr=3.325e-07
[train] step=7082 loss=0.185800 lr=3.318e-07
[train] step=7083 loss=0.366595 lr=3.311e-07
[train] step=7084 loss=0.203530 lr=3.304e-07
[train] step=7085 loss=0.146021 lr=3.297e-07
[train] step=7086 loss=0.205041 lr=3.290e-07
[train] step=7087 loss=0.163956 lr=3.283e-07
[train] step=7088 loss=0.141099 lr=3.276e-07
[train] step=7089 loss=0.147998 lr=3.269e-07
[train] step=7090 loss=0.146579 lr=3.262e-07
[train] step=7091 loss=0.162549 lr=3.256e-07
[train] step=7092 loss=0.163734 lr=3.249e-07
[train] step=7093 loss=0.173223 lr=3.242e-07
[train] step=7094 loss=0.118289 lr=3.235e-07
[train] step=7095 loss=0.146793 lr=3.228e-07
[train] step=7096 loss=0.136243 lr=3.221e-07
[train] step=7097 loss=0.157771 lr=3.215e-07
[train] step=7098 loss=0.193758 lr=3.208e-07
[train] step=7099 loss=0.219719 lr=3.201e-07
[train] step=7100 loss=0.144005 lr=3.194e-07
[train] step=7101 loss=0.169796 lr=3.187e-07
[train] step=7102 loss=0.136605 lr=3.181e-07
[train] step=7103 loss=0.198818 lr=3.174e-07
[train] step=7104 loss=0.203411 lr=3.167e-07
[train] step=7105 loss=0.238241 lr=3.160e-07
[train] step=7106 loss=0.121212 lr=3.153e-07
[train] step=7107 loss=0.186487 lr=3.147e-07
[train] step=7108 loss=0.147585 lr=3.140e-07
[train] step=7109 loss=0.144397 lr=3.133e-07
[train] step=7110 loss=0.115299 lr=3.127e-07
[train] step=7111 loss=0.189702 lr=3.120e-07
[train] step=7112 loss=0.187696 lr=3.113e-07
[train] step=7113 loss=0.216797 lr=3.106e-07
[train] step=7114 loss=0.179707 lr=3.100e-07
[train] step=7115 loss=0.236516 lr=3.093e-07
[train] step=7116 loss=0.104146 lr=3.086e-07
[train] step=7117 loss=0.201711 lr=3.080e-07
[train] step=7118 loss=0.117824 lr=3.073e-07
[train] step=7119 loss=0.166200 lr=3.066e-07
[train] step=7120 loss=0.267188 lr=3.060e-07
[train] step=7121 loss=0.146924 lr=3.053e-07
[train] step=7122 loss=0.169074 lr=3.046e-07
[train] step=7123 loss=0.201097 lr=3.040e-07
[train] step=7124 loss=0.129443 lr=3.033e-07
[train] step=7125 loss=0.250376 lr=3.026e-07
[train] step=7126 loss=0.203493 lr=3.020e-07
[train] step=7127 loss=0.395395 lr=3.013e-07
[train] step=7128 loss=0.176684 lr=3.007e-07
[train] step=7129 loss=0.185924 lr=3.000e-07
[train] step=7130 loss=0.156575 lr=2.993e-07
[train] step=7131 loss=0.110805 lr=2.987e-07
[train] step=7132 loss=0.130190 lr=2.980e-07
[train] step=7133 loss=0.325236 lr=2.974e-07
[train] step=7134 loss=0.231691 lr=2.967e-07
[train] step=7135 loss=0.152421 lr=2.961e-07
[train] step=7136 loss=0.145616 lr=2.954e-07
[train] step=7137 loss=0.181096 lr=2.948e-07
[train] step=7138 loss=0.173783 lr=2.941e-07
[train] step=7139 loss=0.155453 lr=2.935e-07
[train] step=7140 loss=0.123177 lr=2.928e-07
[train] step=7141 loss=0.201174 lr=2.922e-07
[train] step=7142 loss=0.163463 lr=2.915e-07
[train] step=7143 loss=0.166888 lr=2.909e-07
[train] step=7144 loss=0.146303 lr=2.902e-07
[train] step=7145 loss=0.206916 lr=2.896e-07
[train] step=7146 loss=0.223697 lr=2.889e-07
[train] step=7147 loss=0.168505 lr=2.883e-07
[train] step=7148 loss=0.210736 lr=2.876e-07
[train] step=7149 loss=0.140761 lr=2.870e-07
[train] step=7150 loss=0.157042 lr=2.863e-07
[train] step=7151 loss=0.162240 lr=2.857e-07
[train] step=7152 loss=0.189703 lr=2.851e-07
[train] step=7153 loss=0.348807 lr=2.844e-07
[train] step=7154 loss=0.141527 lr=2.838e-07
[train] step=7155 loss=0.196686 lr=2.831e-07
[train] step=7156 loss=0.171934 lr=2.825e-07
[train] step=7157 loss=0.164347 lr=2.819e-07
[train] step=7158 loss=0.096528 lr=2.812e-07
[train] step=7159 loss=0.175022 lr=2.806e-07
[train] step=7160 loss=0.108896 lr=2.799e-07
[train] step=7161 loss=0.239327 lr=2.793e-07
[train] step=7162 loss=0.193384 lr=2.787e-07
[train] step=7163 loss=0.145640 lr=2.780e-07
[train] step=7164 loss=0.282733 lr=2.774e-07
[train] step=7165 loss=0.233143 lr=2.768e-07
[train] step=7166 loss=0.106979 lr=2.761e-07
[train] step=7167 loss=0.167816 lr=2.755e-07
[train] step=7168 loss=0.229579 lr=2.749e-07
[train] step=7169 loss=0.170887 lr=2.742e-07
[train] step=7170 loss=0.167087 lr=2.736e-07
[train] step=7171 loss=0.185874 lr=2.730e-07
[train] step=7172 loss=0.155474 lr=2.724e-07
[train] step=7173 loss=0.156864 lr=2.717e-07
[train] step=7174 loss=0.184608 lr=2.711e-07
[train] step=7175 loss=0.261279 lr=2.705e-07
[train] step=7176 loss=0.160510 lr=2.699e-07
[train] step=7177 loss=0.130836 lr=2.692e-07
[train] step=7178 loss=0.126799 lr=2.686e-07
[train] step=7179 loss=0.185348 lr=2.680e-07
[train] step=7180 loss=0.150991 lr=2.674e-07
[train] step=7181 loss=0.150723 lr=2.667e-07
[train] step=7182 loss=0.166056 lr=2.661e-07
[train] step=7183 loss=0.155908 lr=2.655e-07
[train] step=7184 loss=0.169321 lr=2.649e-07
[train] step=7185 loss=0.156797 lr=2.643e-07
[train] step=7186 loss=0.183583 lr=2.636e-07
[train] step=7187 loss=0.157104 lr=2.630e-07
[train] step=7188 loss=0.145479 lr=2.624e-07
[train] step=7189 loss=0.098665 lr=2.618e-07
[train] step=7190 loss=0.292676 lr=2.612e-07
[train] step=7191 loss=0.162898 lr=2.606e-07
[train] step=7192 loss=0.197563 lr=2.600e-07
[train] step=7193 loss=0.221691 lr=2.593e-07
[train] step=7194 loss=0.213183 lr=2.587e-07
[train] step=7195 loss=0.140573 lr=2.581e-07
[train] step=7196 loss=0.175641 lr=2.575e-07
[train] step=7197 loss=0.144362 lr=2.569e-07
[train] step=7198 loss=0.195300 lr=2.563e-07
[train] step=7199 loss=0.258060 lr=2.557e-07
[train] step=7200 loss=0.156600 lr=2.551e-07
[val] step=7200 val_loss=0.176385
INFO     [rank 0] Model weights for step 7200 saved in       dit_trainer.py:1288
         checkpoints/model_weights_step_07200.safetensors                       
INFO     [rank 0] Scalar embedding weights for step 7200     dit_trainer.py:1297
         saved                                                                  
INFO     [rank 0] Training state saved:                      dit_trainer.py:1416
         checkpoints/model_weights_step_07200.state.pt                          
INFO     [rank 0] New best checkpoint (step 7200,            dit_trainer.py:1320
         val_loss=0.176385):                                                    
         checkpoints/model_weights_best.safetensors                             
DEBUG    [rank 0] Removed old checkpoint:                    dit_trainer.py:1429
         /hppfs/scratch/0D/go76fuz2/windinet/outputs/shockwa                    
         ve_dit_ch6_unfinetuned/checkpoints/model_weights_st                    
         ep_06960.safetensors                                                   
DEBUG    [rank 0] Removed old checkpoint:                    dit_trainer.py:1429
         /hppfs/scratch/0D/go76fuz2/windinet/outputs/shockwa                    
         ve_dit_ch6_unfinetuned/checkpoints/scalar_embedding                    
         _step_06960.safetensors                                                
DEBUG    [rank 0] Removed optimizer state for older kept     dit_trainer.py:1444
         checkpoint:                                                            
         /hppfs/scratch/0D/go76fuz2/windinet/outputs/shockwa                    
         ve_dit_ch6_unfinetuned/checkpoints/model_weights_st                    
         ep_07080.state.pt                                                      
[epoch 60] step=7200 train_loss=0.179460 val_loss=0.176385
[train] step=7201 loss=0.228420 lr=2.545e-07
[train] step=7202 loss=0.357868 lr=2.539e-07
[train] step=7203 loss=0.153858 lr=2.533e-07
[train] step=7204 loss=0.199480 lr=2.527e-07
[train] step=7205 loss=0.208622 lr=2.521e-07
[train] step=7206 loss=0.171367 lr=2.515e-07
[train] step=7207 loss=0.235109 lr=2.508e-07
[train] step=7208 loss=0.126966 lr=2.502e-07
[train] step=7209 loss=0.111887 lr=2.496e-07
[train] step=7210 loss=0.170087 lr=2.490e-07
[train] step=7211 loss=0.099746 lr=2.484e-07
[train] step=7212 loss=0.184423 lr=2.478e-07
[train] step=7213 loss=0.206689 lr=2.473e-07
[train] step=7214 loss=0.160810 lr=2.467e-07
[train] step=7215 loss=0.148459 lr=2.461e-07
[train] step=7216 loss=0.239798 lr=2.455e-07
[train] step=7217 loss=0.220861 lr=2.449e-07
[train] step=7218 loss=0.080679 lr=2.443e-07
[train] step=7219 loss=0.215284 lr=2.437e-07
[train] step=7220 loss=0.109345 lr=2.431e-07
[train] step=7221 loss=0.165667 lr=2.425e-07
[train] step=7222 loss=0.135446 lr=2.419e-07
[train] step=7223 loss=0.305187 lr=2.413e-07
[train] step=7224 loss=0.443726 lr=2.407e-07
[train] step=7225 loss=0.126273 lr=2.401e-07
[train] step=7226 loss=0.207146 lr=2.395e-07
[train] step=7227 loss=0.132434 lr=2.390e-07
[train] step=7228 loss=0.146179 lr=2.384e-07
[train] step=7229 loss=0.163782 lr=2.378e-07
[train] step=7230 loss=0.113762 lr=2.372e-07
[train] step=7231 loss=0.229908 lr=2.366e-07
[train] step=7232 loss=0.115451 lr=2.360e-07
[train] step=7233 loss=0.187267 lr=2.355e-07
[train] step=7234 loss=0.182842 lr=2.349e-07
[train] step=7235 loss=0.157855 lr=2.343e-07
[train] step=7236 loss=0.149292 lr=2.337e-07
[train] step=7237 loss=0.223305 lr=2.331e-07
[train] step=7238 loss=0.175379 lr=2.325e-07
[train] step=7239 loss=0.117379 lr=2.320e-07
[train] step=7240 loss=0.224520 lr=2.314e-07
[train] step=7241 loss=0.118357 lr=2.308e-07
[train] step=7242 loss=0.195916 lr=2.302e-07
[train] step=7243 loss=0.227311 lr=2.297e-07
[train] step=7244 loss=0.129237 lr=2.291e-07
[train] step=7245 loss=0.178083 lr=2.285e-07
[train] step=7246 loss=0.155833 lr=2.279e-07
[train] step=7247 loss=0.142039 lr=2.274e-07
[train] step=7248 loss=0.180853 lr=2.268e-07
[train] step=7249 loss=0.171468 lr=2.262e-07
[train] step=7250 loss=0.131260 lr=2.257e-07
[train] step=7251 loss=0.116202 lr=2.251e-07
[train] step=7252 loss=0.158955 lr=2.245e-07
[train] step=7253 loss=0.159538 lr=2.239e-07
[train] step=7254 loss=0.203979 lr=2.234e-07
[train] step=7255 loss=0.110987 lr=2.228e-07
[train] step=7256 loss=0.144244 lr=2.222e-07
[train] step=7257 loss=0.181341 lr=2.217e-07
[train] step=7258 loss=0.117333 lr=2.211e-07
[train] step=7259 loss=0.218864 lr=2.206e-07
[train] step=7260 loss=0.196529 lr=2.200e-07
[train] step=7261 loss=0.196846 lr=2.194e-07
[train] step=7262 loss=0.169295 lr=2.189e-07
[train] step=7263 loss=0.131897 lr=2.183e-07
[train] step=7264 loss=0.142542 lr=2.177e-07
[train] step=7265 loss=0.126367 lr=2.172e-07
[train] step=7266 loss=0.165015 lr=2.166e-07
[train] step=7267 loss=0.131026 lr=2.161e-07
[train] step=7268 loss=0.136179 lr=2.155e-07
[train] step=7269 loss=0.237138 lr=2.150e-07
[train] step=7270 loss=0.122971 lr=2.144e-07
[train] step=7271 loss=0.103444 lr=2.138e-07
[train] step=7272 loss=0.160503 lr=2.133e-07
[train] step=7273 loss=0.510942 lr=2.127e-07
[train] step=7274 loss=0.178307 lr=2.122e-07
[train] step=7275 loss=0.189106 lr=2.116e-07
[train] step=7276 loss=0.141589 lr=2.111e-07
[train] step=7277 loss=0.173465 lr=2.105e-07
[train] step=7278 loss=0.180954 lr=2.100e-07
[train] step=7279 loss=0.161390 lr=2.094e-07
[train] step=7280 loss=0.159561 lr=2.089e-07
[train] step=7281 loss=0.076847 lr=2.083e-07
[train] step=7282 loss=0.086109 lr=2.078e-07
[train] step=7283 loss=0.119511 lr=2.072e-07
[train] step=7284 loss=0.176303 lr=2.067e-07
[train] step=7285 loss=0.132633 lr=2.061e-07
[train] step=7286 loss=0.176219 lr=2.056e-07
[train] step=7287 loss=0.136599 lr=2.051e-07
[train] step=7288 loss=0.221104 lr=2.045e-07
[train] step=7289 loss=0.310404 lr=2.040e-07
[train] step=7290 loss=0.180484 lr=2.034e-07
[train] step=7291 loss=0.260849 lr=2.029e-07
[train] step=7292 loss=0.151229 lr=2.024e-07
[train] step=7293 loss=0.216836 lr=2.018e-07
[train] step=7294 loss=0.150618 lr=2.013e-07
[train] step=7295 loss=0.192484 lr=2.007e-07
[train] step=7296 loss=0.211354 lr=2.002e-07
[train] step=7297 loss=0.139575 lr=1.997e-07
[train] step=7298 loss=0.126915 lr=1.991e-07
[train] step=7299 loss=0.175865 lr=1.986e-07
[train] step=7300 loss=0.149029 lr=1.981e-07
[train] step=7301 loss=0.287412 lr=1.975e-07
[train] step=7302 loss=0.157869 lr=1.970e-07
[train] step=7303 loss=0.141115 lr=1.965e-07
[train] step=7304 loss=0.133003 lr=1.959e-07
[train] step=7305 loss=0.238867 lr=1.954e-07
[train] step=7306 loss=0.102547 lr=1.949e-07
[train] step=7307 loss=0.328494 lr=1.944e-07
[train] step=7308 loss=0.197920 lr=1.938e-07
[train] step=7309 loss=0.204636 lr=1.933e-07
[train] step=7310 loss=0.142440 lr=1.928e-07
[train] step=7311 loss=0.305799 lr=1.922e-07
[train] step=7312 loss=0.132571 lr=1.917e-07
[train] step=7313 loss=0.273605 lr=1.912e-07
[train] step=7314 loss=0.148789 lr=1.907e-07
[train] step=7315 loss=0.209250 lr=1.902e-07
[train] step=7316 loss=0.185036 lr=1.896e-07
[train] step=7317 loss=0.339978 lr=1.891e-07
[train] step=7318 loss=0.125719 lr=1.886e-07
[train] step=7319 loss=0.197194 lr=1.881e-07
[train] step=7320 loss=0.212535 lr=1.876e-07
INFO     [rank 0] Model weights for step 7320 saved in       dit_trainer.py:1288
         checkpoints/model_weights_step_07320.safetensors                       
INFO     [rank 0] Scalar embedding weights for step 7320     dit_trainer.py:1297
         saved                                                                  
INFO     [rank 0] Training state saved:                      dit_trainer.py:1416
         checkpoints/model_weights_step_07320.state.pt                          
DEBUG    [rank 0] Removed old checkpoint:                    dit_trainer.py:1429
         /hppfs/scratch/0D/go76fuz2/windinet/outputs/shockwa                    
         ve_dit_ch6_unfinetuned/checkpoints/model_weights_st                    
         ep_07080.safetensors                                                   
DEBUG    [rank 0] Removed old checkpoint:                    dit_trainer.py:1429
         /hppfs/scratch/0D/go76fuz2/windinet/outputs/shockwa                    
         ve_dit_ch6_unfinetuned/checkpoints/scalar_embedding                    
         _step_07080.safetensors                                                
DEBUG    [rank 0] Removed optimizer state for older kept     dit_trainer.py:1444
         checkpoint:                                                            
         /hppfs/scratch/0D/go76fuz2/windinet/outputs/shockwa                    
         ve_dit_ch6_unfinetuned/checkpoints/model_weights_st                    
         ep_07200.state.pt                                                      
[epoch 61] step=7320 train_loss=0.179077
[train] step=7321 loss=0.210392 lr=1.870e-07
[train] step=7322 loss=0.172462 lr=1.865e-07
[train] step=7323 loss=0.200145 lr=1.860e-07
[train] step=7324 loss=0.174571 lr=1.855e-07
[train] step=7325 loss=0.212959 lr=1.850e-07
[train] step=7326 loss=0.171060 lr=1.845e-07
[train] step=7327 loss=0.145142 lr=1.839e-07
[train] step=7328 loss=0.140091 lr=1.834e-07
[train] step=7329 loss=0.150507 lr=1.829e-07
[train] step=7330 loss=0.193053 lr=1.824e-07
[train] step=7331 loss=0.189353 lr=1.819e-07
[train] step=7332 loss=0.172403 lr=1.814e-07
[train] step=7333 loss=0.233374 lr=1.809e-07
[train] step=7334 loss=0.252099 lr=1.804e-07
[train] step=7335 loss=0.144963 lr=1.799e-07
[train] step=7336 loss=0.175747 lr=1.794e-07
[train] step=7337 loss=0.181481 lr=1.788e-07
[train] step=7338 loss=0.092076 lr=1.783e-07
[train] step=7339 loss=0.236465 lr=1.778e-07
[train] step=7340 loss=0.233662 lr=1.773e-07
[train] step=7341 loss=0.114168 lr=1.768e-07
[train] step=7342 loss=0.163761 lr=1.763e-07
[train] step=7343 loss=0.315344 lr=1.758e-07
[train] step=7344 loss=0.158706 lr=1.753e-07
[train] step=7345 loss=0.142105 lr=1.748e-07
[train] step=7346 loss=0.123306 lr=1.743e-07
[train] step=7347 loss=0.176196 lr=1.738e-07
[train] step=7348 loss=0.332661 lr=1.733e-07
[train] step=7349 loss=0.174079 lr=1.728e-07
[train] step=7350 loss=0.237811 lr=1.723e-07
[train] step=7351 loss=0.223957 lr=1.718e-07
[train] step=7352 loss=0.190905 lr=1.713e-07
[train] step=7353 loss=0.144834 lr=1.709e-07
[train] step=7354 loss=0.184414 lr=1.704e-07
[train] step=7355 loss=0.098207 lr=1.699e-07
[train] step=7356 loss=0.153894 lr=1.694e-07
[train] step=7357 loss=0.139167 lr=1.689e-07
[train] step=7358 loss=0.270345 lr=1.684e-07
[train] step=7359 loss=0.201003 lr=1.679e-07
[train] step=7360 loss=0.171420 lr=1.674e-07
[train] step=7361 loss=0.171554 lr=1.669e-07
[train] step=7362 loss=0.177990 lr=1.664e-07
[train] step=7363 loss=0.131254 lr=1.660e-07
[train] step=7364 loss=0.179476 lr=1.655e-07
[train] step=7365 loss=0.209447 lr=1.650e-07
[train] step=7366 loss=0.164829 lr=1.645e-07
[train] step=7367 loss=0.239713 lr=1.640e-07
[train] step=7368 loss=0.182516 lr=1.635e-07
[train] step=7369 loss=0.112929 lr=1.630e-07
[train] step=7370 loss=0.181051 lr=1.626e-07
[train] step=7371 loss=0.152131 lr=1.621e-07
[train] step=7372 loss=0.304794 lr=1.616e-07
[train] step=7373 loss=0.134590 lr=1.611e-07
[train] step=7374 loss=0.195365 lr=1.606e-07
[train] step=7375 loss=0.399312 lr=1.602e-07
[train] step=7376 loss=0.250249 lr=1.597e-07
[train] step=7377 loss=0.186524 lr=1.592e-07
[train] step=7378 loss=0.157987 lr=1.587e-07
[train] step=7379 loss=0.135395 lr=1.583e-07
[train] step=7380 loss=0.120585 lr=1.578e-07
[train] step=7381 loss=0.137723 lr=1.573e-07
[train] step=7382 loss=0.100250 lr=1.568e-07
[train] step=7383 loss=0.143513 lr=1.564e-07
[train] step=7384 loss=0.125530 lr=1.559e-07
[train] step=7385 loss=0.348776 lr=1.554e-07
[train] step=7386 loss=0.143934 lr=1.550e-07
[train] step=7387 loss=0.249456 lr=1.545e-07
[train] step=7388 loss=0.244820 lr=1.540e-07
[train] step=7389 loss=0.203215 lr=1.536e-07
[train] step=7390 loss=0.176017 lr=1.531e-07
[train] step=7391 loss=0.161945 lr=1.526e-07
[train] step=7392 loss=0.137708 lr=1.522e-07
[train] step=7393 loss=0.125914 lr=1.517e-07
[train] step=7394 loss=0.151815 lr=1.512e-07
[train] step=7395 loss=0.174241 lr=1.508e-07
[train] step=7396 loss=0.192228 lr=1.503e-07
[train] step=7397 loss=0.221846 lr=1.498e-07
[train] step=7398 loss=0.180344 lr=1.494e-07
[train] step=7399 loss=0.143014 lr=1.489e-07
[train] step=7400 loss=0.222033 lr=1.485e-07
[train] step=7401 loss=0.182025 lr=1.480e-07
[train] step=7402 loss=0.124986 lr=1.476e-07
[train] step=7403 loss=0.111119 lr=1.471e-07
[train] step=7404 loss=0.163675 lr=1.466e-07
[train] step=7405 loss=0.114435 lr=1.462e-07
[train] step=7406 loss=0.169628 lr=1.457e-07
[train] step=7407 loss=0.206965 lr=1.453e-07
[train] step=7408 loss=0.109648 lr=1.448e-07
[train] step=7409 loss=0.165685 lr=1.444e-07
[train] step=7410 loss=0.133021 lr=1.439e-07
[train] step=7411 loss=0.227995 lr=1.435e-07
[train] step=7412 loss=0.137288 lr=1.430e-07
[train] step=7413 loss=0.202932 lr=1.426e-07
[train] step=7414 loss=0.134641 lr=1.421e-07
[train] step=7415 loss=0.159282 lr=1.417e-07
[train] step=7416 loss=0.169408 lr=1.412e-07
[train] step=7417 loss=0.108886 lr=1.408e-07
[train] step=7418 loss=0.144396 lr=1.403e-07
[train] step=7419 loss=0.196600 lr=1.399e-07
[train] step=7420 loss=0.129645 lr=1.394e-07
[train] step=7421 loss=0.150855 lr=1.390e-07
[train] step=7422 loss=0.150135 lr=1.386e-07
[train] step=7423 loss=0.282307 lr=1.381e-07
[train] step=7424 loss=0.136877 lr=1.377e-07
[train] step=7425 loss=0.127939 lr=1.372e-07
[train] step=7426 loss=0.159105 lr=1.368e-07
[train] step=7427 loss=0.173552 lr=1.364e-07
[train] step=7428 loss=0.186661 lr=1.359e-07
[train] step=7429 loss=0.157705 lr=1.355e-07
[train] step=7430 loss=0.128468 lr=1.350e-07
[train] step=7431 loss=0.199393 lr=1.346e-07
[train] step=7432 loss=0.191227 lr=1.342e-07
[train] step=7433 loss=0.155863 lr=1.337e-07
[train] step=7434 loss=0.216232 lr=1.333e-07
[train] step=7435 loss=0.124346 lr=1.329e-07
[train] step=7436 loss=0.211611 lr=1.324e-07
[train] step=7437 loss=0.191540 lr=1.320e-07
[train] step=7438 loss=0.216274 lr=1.316e-07
[train] step=7439 loss=0.100367 lr=1.312e-07
[train] step=7440 loss=0.196534 lr=1.307e-07
INFO     [rank 0] Model weights for step 7440 saved in       dit_trainer.py:1288
         checkpoints/model_weights_step_07440.safetensors                       
INFO     [rank 0] Scalar embedding weights for step 7440     dit_trainer.py:1297
         saved                                                                  
INFO     [rank 0] Training state saved:                      dit_trainer.py:1416
         checkpoints/model_weights_step_07440.state.pt                          
DEBUG    [rank 0] Removed old checkpoint:                    dit_trainer.py:1429
         /hppfs/scratch/0D/go76fuz2/windinet/outputs/shockwa                    
         ve_dit_ch6_unfinetuned/checkpoints/model_weights_st                    
         ep_07200.safetensors                                                   
DEBUG    [rank 0] Removed old checkpoint:                    dit_trainer.py:1429
         /hppfs/scratch/0D/go76fuz2/windinet/outputs/shockwa                    
         ve_dit_ch6_unfinetuned/checkpoints/scalar_embedding                    
         _step_07200.safetensors                                                
DEBUG    [rank 0] Removed optimizer state for older kept     dit_trainer.py:1444
         checkpoint:                                                            
         /hppfs/scratch/0D/go76fuz2/windinet/outputs/shockwa                    
         ve_dit_ch6_unfinetuned/checkpoints/model_weights_st                    
         ep_07320.state.pt                                                      
[epoch 62] step=7440 train_loss=0.177796
[train] step=7441 loss=0.115037 lr=1.303e-07
[train] step=7442 loss=0.198261 lr=1.299e-07
[train] step=7443 loss=0.332028 lr=1.294e-07
[train] step=7444 loss=0.183361 lr=1.290e-07
[train] step=7445 loss=0.073260 lr=1.286e-07
[train] step=7446 loss=0.180836 lr=1.282e-07
[train] step=7447 loss=0.264529 lr=1.277e-07
[train] step=7448 loss=0.172751 lr=1.273e-07
[train] step=7449 loss=0.227150 lr=1.269e-07
[train] step=7450 loss=0.211904 lr=1.265e-07
[train] step=7451 loss=0.223278 lr=1.261e-07
[train] step=7452 loss=0.211770 lr=1.256e-07
[train] step=7453 loss=0.143248 lr=1.252e-07
[train] step=7454 loss=0.121130 lr=1.248e-07
[train] step=7455 loss=0.179073 lr=1.244e-07
[train] step=7456 loss=0.091597 lr=1.240e-07
[train] step=7457 loss=0.135501 lr=1.235e-07
[train] step=7458 loss=0.170143 lr=1.231e-07
[train] step=7459 loss=0.228899 lr=1.227e-07
[train] step=7460 loss=0.166045 lr=1.223e-07
[train] step=7461 loss=0.222551 lr=1.219e-07
[train] step=7462 loss=0.251446 lr=1.215e-07
[train] step=7463 loss=0.196593 lr=1.211e-07
[train] step=7464 loss=0.182963 lr=1.207e-07
[train] step=7465 loss=0.167447 lr=1.202e-07
[train] step=7466 loss=0.268214 lr=1.198e-07
[train] step=7467 loss=0.189399 lr=1.194e-07
[train] step=7468 loss=0.178669 lr=1.190e-07
[train] step=7469 loss=0.238589 lr=1.186e-07
[train] step=7470 loss=0.173913 lr=1.182e-07
[train] step=7471 loss=0.133991 lr=1.178e-07
[train] step=7472 loss=0.142787 lr=1.174e-07
[train] step=7473 loss=0.135843 lr=1.170e-07
[train] step=7474 loss=0.205747 lr=1.166e-07
[train] step=7475 loss=0.199830 lr=1.162e-07
[train] step=7476 loss=0.170431 lr=1.158e-07
[train] step=7477 loss=0.175353 lr=1.154e-07
[train] step=7478 loss=0.078297 lr=1.150e-07
[train] step=7479 loss=0.182221 lr=1.146e-07
[train] step=7480 loss=0.228325 lr=1.142e-07
[train] step=7481 loss=0.157972 lr=1.138e-07
[train] step=7482 loss=0.259600 lr=1.134e-07
[train] step=7483 loss=0.295705 lr=1.130e-07
[train] step=7484 loss=0.118153 lr=1.126e-07
[train] step=7485 loss=0.294577 lr=1.122e-07
[train] step=7486 loss=0.177768 lr=1.118e-07
[train] step=7487 loss=0.124196 lr=1.114e-07
[train] step=7488 loss=0.188904 lr=1.110e-07
[train] step=7489 loss=0.117998 lr=1.106e-07
[train] step=7490 loss=0.127756 lr=1.102e-07
[train] step=7491 loss=0.252959 lr=1.098e-07
[train] step=7492 loss=0.132485 lr=1.095e-07
[train] step=7493 loss=0.163708 lr=1.091e-07
[train] step=7494 loss=0.197040 lr=1.087e-07
[train] step=7495 loss=0.170454 lr=1.083e-07
[train] step=7496 loss=0.181466 lr=1.079e-07
[train] step=7497 loss=0.183769 lr=1.075e-07
[train] step=7498 loss=0.173968 lr=1.071e-07
[train] step=7499 loss=0.168227 lr=1.067e-07
[train] step=7500 loss=0.181912 lr=1.064e-07
[train] step=7501 loss=0.163381 lr=1.060e-07
[train] step=7502 loss=0.260188 lr=1.056e-07
[train] step=7503 loss=0.141207 lr=1.052e-07
[train] step=7504 loss=0.149407 lr=1.048e-07
[train] step=7505 loss=0.237067 lr=1.045e-07
[train] step=7506 loss=0.149198 lr=1.041e-07
[train] step=7507 loss=0.142688 lr=1.037e-07
[train] step=7508 loss=0.236449 lr=1.033e-07
[train] step=7509 loss=0.149022 lr=1.029e-07
[train] step=7510 loss=0.163761 lr=1.026e-07
[train] step=7511 loss=0.110342 lr=1.022e-07
[train] step=7512 loss=0.168508 lr=1.018e-07
[train] step=7513 loss=0.088585 lr=1.014e-07
[train] step=7514 loss=0.097403 lr=1.011e-07
[train] step=7515 loss=0.197350 lr=1.007e-07
[train] step=7516 loss=0.114912 lr=1.003e-07
[train] step=7517 loss=0.184852 lr=9.995e-08
[train] step=7518 loss=0.114601 lr=9.958e-08
[train] step=7519 loss=0.120952 lr=9.921e-08
[train] step=7520 loss=0.122854 lr=9.884e-08
[train] step=7521 loss=0.176978 lr=9.848e-08
[train] step=7522 loss=0.204419 lr=9.811e-08
[train] step=7523 loss=0.135706 lr=9.774e-08
[train] step=7524 loss=0.157959 lr=9.738e-08
[train] step=7525 loss=0.132939 lr=9.701e-08
[train] step=7526 loss=0.202917 lr=9.665e-08
[train] step=7527 loss=0.152445 lr=9.628e-08
[train] step=7528 loss=0.146588 lr=9.592e-08
[train] step=7529 loss=0.119059 lr=9.556e-08
[train] step=7530 loss=0.151539 lr=9.520e-08
[train] step=7531 loss=0.320602 lr=9.484e-08
[train] step=7532 loss=0.155300 lr=9.448e-08
[train] step=7533 loss=0.234396 lr=9.412e-08
[train] step=7534 loss=0.169188 lr=9.376e-08
[train] step=7535 loss=0.183991 lr=9.340e-08
[train] step=7536 loss=0.205032 lr=9.305e-08
[train] step=7537 loss=0.198064 lr=9.269e-08
[train] step=7538 loss=0.227398 lr=9.234e-08
[train] step=7539 loss=0.169656 lr=9.198e-08
[train] step=7540 loss=0.199340 lr=9.163e-08
[train] step=7541 loss=0.169706 lr=9.128e-08
[train] step=7542 loss=0.103761 lr=9.092e-08
[train] step=7543 loss=0.176261 lr=9.057e-08
[train] step=7544 loss=0.150914 lr=9.022e-08
[train] step=7545 loss=0.151355 lr=8.987e-08
[train] step=7546 loss=0.111408 lr=8.952e-08
[train] step=7547 loss=0.359783 lr=8.917e-08
[train] step=7548 loss=0.190351 lr=8.883e-08
[train] step=7549 loss=0.173404 lr=8.848e-08
[train] step=7550 loss=0.122359 lr=8.813e-08
[train] step=7551 loss=0.134003 lr=8.779e-08
[train] step=7552 loss=0.156612 lr=8.744e-08
[train] step=7553 loss=0.194640 lr=8.710e-08
[train] step=7554 loss=0.166120 lr=8.676e-08
[train] step=7555 loss=0.142807 lr=8.642e-08
[train] step=7556 loss=0.147002 lr=8.607e-08
[train] step=7557 loss=0.147409 lr=8.573e-08
[train] step=7558 loss=0.170145 lr=8.539e-08
[train] step=7559 loss=0.154756 lr=8.505e-08
[train] step=7560 loss=0.186336 lr=8.472e-08
INFO     [rank 0] Model weights for step 7560 saved in       dit_trainer.py:1288
         checkpoints/model_weights_step_07560.safetensors                       
INFO     [rank 0] Scalar embedding weights for step 7560     dit_trainer.py:1297
         saved                                                                  
INFO     [rank 0] Training state saved:                      dit_trainer.py:1416
         checkpoints/model_weights_step_07560.state.pt                          
DEBUG    [rank 0] Removed old checkpoint:                    dit_trainer.py:1429
         /hppfs/scratch/0D/go76fuz2/windinet/outputs/shockwa                    
         ve_dit_ch6_unfinetuned/checkpoints/model_weights_st                    
         ep_07320.safetensors                                                   
DEBUG    [rank 0] Removed old checkpoint:                    dit_trainer.py:1429
         /hppfs/scratch/0D/go76fuz2/windinet/outputs/shockwa                    
         ve_dit_ch6_unfinetuned/checkpoints/scalar_embedding                    
         _step_07320.safetensors                                                
DEBUG    [rank 0] Removed optimizer state for older kept     dit_trainer.py:1444
         checkpoint:                                                            
         /hppfs/scratch/0D/go76fuz2/windinet/outputs/shockwa                    
         ve_dit_ch6_unfinetuned/checkpoints/model_weights_st                    
         ep_07440.state.pt                                                      
[epoch 63] step=7560 train_loss=0.175805
[train] step=7561 loss=0.235123 lr=8.438e-08
[train] step=7562 loss=0.150084 lr=8.404e-08
[train] step=7563 loss=0.330546 lr=8.371e-08
[train] step=7564 loss=0.139566 lr=8.337e-08
[train] step=7565 loss=0.155048 lr=8.304e-08
[train] step=7566 loss=0.139214 lr=8.270e-08
[train] step=7567 loss=0.212843 lr=8.237e-08
[train] step=7568 loss=0.151505 lr=8.204e-08
[train] step=7569 loss=0.180465 lr=8.171e-08
[train] step=7570 loss=0.147534 lr=8.137e-08
[train] step=7571 loss=0.178348 lr=8.104e-08
[train] step=7572 loss=0.180789 lr=8.072e-08
[train] step=7573 loss=0.143604 lr=8.039e-08
[train] step=7574 loss=0.197258 lr=8.006e-08
[train] step=7575 loss=0.350476 lr=7.973e-08
[train] step=7576 loss=0.194601 lr=7.941e-08
[train] step=7577 loss=0.150343 lr=7.908e-08
[train] step=7578 loss=0.099065 lr=7.876e-08
[train] step=7579 loss=0.116114 lr=7.843e-08
[train] step=7580 loss=0.162822 lr=7.811e-08
[train] step=7581 loss=0.133238 lr=7.779e-08
[train] step=7582 loss=0.135363 lr=7.746e-08
[train] step=7583 loss=0.241441 lr=7.714e-08
[train] step=7584 loss=0.254118 lr=7.682e-08
[train] step=7585 loss=0.150902 lr=7.650e-08
[train] step=7586 loss=0.181062 lr=7.619e-08
[train] step=7587 loss=0.197723 lr=7.587e-08
[train] step=7588 loss=0.146851 lr=7.555e-08
[train] step=7589 loss=0.112994 lr=7.523e-08
[train] step=7590 loss=0.129755 lr=7.492e-08
[train] step=7591 loss=0.154422 lr=7.460e-08
[train] step=7592 loss=0.175881 lr=7.429e-08
[train] step=7593 loss=0.163338 lr=7.398e-08
[train] step=7594 loss=0.164099 lr=7.366e-08
[train] step=7595 loss=0.145570 lr=7.335e-08
[train] step=7596 loss=0.309227 lr=7.304e-08
[train] step=7597 loss=0.168051 lr=7.273e-08
[train] step=7598 loss=0.215446 lr=7.242e-08
[train] step=7599 loss=0.163857 lr=7.211e-08
[train] step=7600 loss=0.112071 lr=7.180e-08
[train] step=7601 loss=0.136205 lr=7.150e-08
[train] step=7602 loss=0.198913 lr=7.119e-08
[train] step=7603 loss=0.217048 lr=7.088e-08
[train] step=7604 loss=0.174008 lr=7.058e-08
[train] step=7605 loss=0.190124 lr=7.028e-08
[train] step=7606 loss=0.187200 lr=6.997e-08
[train] step=7607 loss=0.182236 lr=6.967e-08
[train] step=7608 loss=0.104314 lr=6.937e-08
[train] step=7609 loss=0.218132 lr=6.907e-08
[train] step=7610 loss=0.132205 lr=6.877e-08
[train] step=7611 loss=0.166427 lr=6.847e-08
[train] step=7612 loss=0.175477 lr=6.817e-08
[train] step=7613 loss=0.184430 lr=6.787e-08
[train] step=7614 loss=0.179399 lr=6.757e-08
[train] step=7615 loss=0.193711 lr=6.728e-08
[train] step=7616 loss=0.144764 lr=6.698e-08
[train] step=7617 loss=0.170312 lr=6.668e-08
[train] step=7618 loss=0.143521 lr=6.639e-08
[train] step=7619 loss=0.141174 lr=6.610e-08
[train] step=7620 loss=0.195433 lr=6.580e-08
[train] step=7621 loss=0.131065 lr=6.551e-08
[train] step=7622 loss=0.189533 lr=6.522e-08
[train] step=7623 loss=0.153754 lr=6.493e-08
[train] step=7624 loss=0.107959 lr=6.464e-08
[train] step=7625 loss=0.176019 lr=6.435e-08
[train] step=7626 loss=0.211157 lr=6.406e-08
[train] step=7627 loss=0.138507 lr=6.378e-08
[train] step=7628 loss=0.248592 lr=6.349e-08
[train] step=7629 loss=0.163816 lr=6.320e-08
[train] step=7630 loss=0.134455 lr=6.292e-08
[train] step=7631 loss=0.164215 lr=6.263e-08
[train] step=7632 loss=0.152447 lr=6.235e-08
[train] step=7633 loss=0.142775 lr=6.207e-08
[train] step=7634 loss=0.348347 lr=6.179e-08
[train] step=7635 loss=0.149499 lr=6.150e-08
[train] step=7636 loss=0.191702 lr=6.122e-08
[train] step=7637 loss=0.218233 lr=6.094e-08
[train] step=7638 loss=0.200166 lr=6.066e-08
[train] step=7639 loss=0.131521 lr=6.039e-08
[train] step=7640 loss=0.198047 lr=6.011e-08
[train] step=7641 loss=0.196685 lr=5.983e-08
[train] step=7642 loss=0.123551 lr=5.956e-08
[train] step=7643 loss=0.336672 lr=5.928e-08
[train] step=7644 loss=0.179536 lr=5.901e-08
[train] step=7645 loss=0.219669 lr=5.873e-08
[train] step=7646 loss=0.193463 lr=5.846e-08
[train] step=7647 loss=0.159001 lr=5.819e-08
[train] step=7648 loss=0.132790 lr=5.792e-08
[train] step=7649 loss=0.153059 lr=5.765e-08
[train] step=7650 loss=0.205337 lr=5.738e-08
[train] step=7651 loss=0.294089 lr=5.711e-08
[train] step=7652 loss=0.166607 lr=5.684e-08
[train] step=7653 loss=0.181990 lr=5.657e-08
[train] step=7654 loss=0.152821 lr=5.630e-08
[train] step=7655 loss=0.188094 lr=5.604e-08
[train] step=7656 loss=0.136207 lr=5.577e-08
[train] step=7657 loss=0.185355 lr=5.551e-08
[train] step=7658 loss=0.163590 lr=5.524e-08
[train] step=7659 loss=0.131233 lr=5.498e-08
[train] step=7660 loss=0.153835 lr=5.472e-08
[train] step=7661 loss=0.119642 lr=5.446e-08
[train] step=7662 loss=0.208231 lr=5.420e-08
[train] step=7663 loss=0.135758 lr=5.394e-08
[train] step=7664 loss=0.229568 lr=5.368e-08
[train] step=7665 loss=0.152015 lr=5.342e-08
[train] step=7666 loss=0.138904 lr=5.316e-08
[train] step=7667 loss=0.222510 lr=5.290e-08
[train] step=7668 loss=0.182945 lr=5.265e-08
[train] step=7669 loss=0.169097 lr=5.239e-08
[train] step=7670 loss=0.195578 lr=5.214e-08
[train] step=7671 loss=0.338129 lr=5.188e-08
[train] step=7672 loss=0.161473 lr=5.163e-08
[train] step=7673 loss=0.132317 lr=5.138e-08
[train] step=7674 loss=0.211976 lr=5.113e-08
[train] step=7675 loss=0.166447 lr=5.088e-08
[train] step=7676 loss=0.200680 lr=5.063e-08
[train] step=7677 loss=0.145906 lr=5.038e-08
[train] step=7678 loss=0.168649 lr=5.013e-08
[train] step=7679 loss=0.172902 lr=4.988e-08
[train] step=7680 loss=0.124974 lr=4.963e-08
INFO     [rank 0] Model weights for step 7680 saved in       dit_trainer.py:1288
         checkpoints/model_weights_step_07680.safetensors                       
INFO     [rank 0] Scalar embedding weights for step 7680     dit_trainer.py:1297
         saved                                                                  
INFO     [rank 0] Training state saved:                      dit_trainer.py:1416
         checkpoints/model_weights_step_07680.state.pt                          
DEBUG    [rank 0] Removed old checkpoint:                    dit_trainer.py:1429
         /hppfs/scratch/0D/go76fuz2/windinet/outputs/shockwa                    
         ve_dit_ch6_unfinetuned/checkpoints/model_weights_st                    
         ep_07440.safetensors                                                   
DEBUG    [rank 0] Removed old checkpoint:                    dit_trainer.py:1429
         /hppfs/scratch/0D/go76fuz2/windinet/outputs/shockwa                    
         ve_dit_ch6_unfinetuned/checkpoints/scalar_embedding                    
         _step_07440.safetensors                                                
DEBUG    [rank 0] Removed optimizer state for older kept     dit_trainer.py:1444
         checkpoint:                                                            
         /hppfs/scratch/0D/go76fuz2/windinet/outputs/shockwa                    
         ve_dit_ch6_unfinetuned/checkpoints/model_weights_st                    
         ep_07560.state.pt                                                      
[epoch 64] step=7680 train_loss=0.177919
[train] step=7681 loss=0.160114 lr=4.939e-08
[train] step=7682 loss=0.180376 lr=4.914e-08
[train] step=7683 loss=0.154108 lr=4.890e-08
[train] step=7684 loss=0.157755 lr=4.865e-08
[train] step=7685 loss=0.202753 lr=4.841e-08
[train] step=7686 loss=0.160503 lr=4.817e-08
[train] step=7687 loss=0.165958 lr=4.793e-08
[train] step=7688 loss=0.144943 lr=4.768e-08
[train] step=7689 loss=0.068649 lr=4.744e-08
[train] step=7690 loss=0.126742 lr=4.721e-08
[train] step=7691 loss=0.161388 lr=4.697e-08
[train] step=7692 loss=0.204281 lr=4.673e-08
[train] step=7693 loss=0.158911 lr=4.649e-08
[train] step=7694 loss=0.177564 lr=4.626e-08
[train] step=7695 loss=0.143339 lr=4.602e-08
[train] step=7696 loss=0.317856 lr=4.579e-08
[train] step=7697 loss=0.172289 lr=4.555e-08
[train] step=7698 loss=0.189859 lr=4.532e-08
[train] step=7699 loss=0.221157 lr=4.509e-08
[train] step=7700 loss=0.181397 lr=4.485e-08
[train] step=7701 loss=0.259162 lr=4.462e-08
[train] step=7702 loss=0.119632 lr=4.439e-08
[train] step=7703 loss=0.181623 lr=4.416e-08
[train] step=7704 loss=0.252057 lr=4.393e-08
[train] step=7705 loss=0.234503 lr=4.371e-08
[train] step=7706 loss=0.154331 lr=4.348e-08
[train] step=7707 loss=0.147763 lr=4.325e-08
[train] step=7708 loss=0.155602 lr=4.303e-08
[train] step=7709 loss=0.191465 lr=4.280e-08
[train] step=7710 loss=0.182066 lr=4.258e-08
[train] step=7711 loss=0.179424 lr=4.236e-08
[train] step=7712 loss=0.144272 lr=4.213e-08
[train] step=7713 loss=0.155672 lr=4.191e-08
[train] step=7714 loss=0.156248 lr=4.169e-08
[train] step=7715 loss=0.176682 lr=4.147e-08
[train] step=7716 loss=0.159268 lr=4.125e-08
[train] step=7717 loss=0.139762 lr=4.103e-08
[train] step=7718 loss=0.097133 lr=4.081e-08
[train] step=7719 loss=0.175472 lr=4.060e-08
[train] step=7720 loss=0.159589 lr=4.038e-08
[train] step=7721 loss=0.133141 lr=4.017e-08
[train] step=7722 loss=0.214499 lr=3.995e-08
[train] step=7723 loss=0.153805 lr=3.974e-08
[train] step=7724 loss=0.169158 lr=3.952e-08
[train] step=7725 loss=0.131904 lr=3.931e-08
[train] step=7726 loss=0.151844 lr=3.910e-08
[train] step=7727 loss=0.186808 lr=3.889e-08
[train] step=7728 loss=0.132817 lr=3.868e-08
[train] step=7729 loss=0.111658 lr=3.847e-08
[train] step=7730 loss=0.154470 lr=3.826e-08
[train] step=7731 loss=0.183948 lr=3.805e-08
[train] step=7732 loss=0.202649 lr=3.784e-08
[train] step=7733 loss=0.118916 lr=3.764e-08
[train] step=7734 loss=0.144401 lr=3.743e-08
[train] step=7735 loss=0.205811 lr=3.723e-08
[train] step=7736 loss=0.180403 lr=3.702e-08
[train] step=7737 loss=0.171099 lr=3.682e-08
[train] step=7738 loss=0.129189 lr=3.662e-08
[train] step=7739 loss=0.160977 lr=3.641e-08
[train] step=7740 loss=0.120579 lr=3.621e-08
[train] step=7741 loss=0.168492 lr=3.601e-08
[train] step=7742 loss=0.147362 lr=3.581e-08
[train] step=7743 loss=0.251351 lr=3.561e-08
[train] step=7744 loss=0.164913 lr=3.542e-08
[train] step=7745 loss=0.153995 lr=3.522e-08
[train] step=7746 loss=0.169541 lr=3.502e-08
[train] step=7747 loss=0.160812 lr=3.483e-08
[train] step=7748 loss=0.171197 lr=3.463e-08
[train] step=7749 loss=0.145930 lr=3.444e-08
[train] step=7750 loss=0.168216 lr=3.424e-08
[train] step=7751 loss=0.154427 lr=3.405e-08
[train] step=7752 loss=0.155246 lr=3.386e-08
[train] step=7753 loss=0.174498 lr=3.367e-08
[train] step=7754 loss=0.103491 lr=3.348e-08
[train] step=7755 loss=0.165397 lr=3.329e-08
[train] step=7756 loss=0.200000 lr=3.310e-08
[train] step=7757 loss=0.139137 lr=3.291e-08
[train] step=7758 loss=0.095399 lr=3.273e-08
[train] step=7759 loss=0.305214 lr=3.254e-08
[train] step=7760 loss=0.158492 lr=3.235e-08
[train] step=7761 loss=0.136623 lr=3.217e-08
[train] step=7762 loss=0.196342 lr=3.198e-08
[train] step=7763 loss=0.156608 lr=3.180e-08
[train] step=7764 loss=0.240413 lr=3.162e-08
[train] step=7765 loss=0.155241 lr=3.144e-08
[train] step=7766 loss=0.128293 lr=3.125e-08
[train] step=7767 loss=0.187923 lr=3.107e-08
[train] step=7768 loss=0.165715 lr=3.089e-08
[train] step=7769 loss=0.187853 lr=3.072e-08
[train] step=7770 loss=0.155521 lr=3.054e-08
[train] step=7771 loss=0.159962 lr=3.036e-08
[train] step=7772 loss=0.175609 lr=3.018e-08
[train] step=7773 loss=0.173708 lr=3.001e-08
[train] step=7774 loss=0.220604 lr=2.983e-08
[train] step=7775 loss=0.131592 lr=2.966e-08
[train] step=7776 loss=0.108770 lr=2.949e-08
[train] step=7777 loss=0.210239 lr=2.931e-08
[train] step=7778 loss=0.187804 lr=2.914e-08
[train] step=7779 loss=0.219126 lr=2.897e-08
[train] step=7780 loss=0.128069 lr=2.880e-08
[train] step=7781 loss=0.212778 lr=2.863e-08
[train] step=7782 loss=0.355359 lr=2.846e-08
[train] step=7783 loss=0.117648 lr=2.829e-08
[train] step=7784 loss=0.140365 lr=2.813e-08
[train] step=7785 loss=0.232323 lr=2.796e-08
[train] step=7786 loss=0.146940 lr=2.779e-08
[train] step=7787 loss=0.203057 lr=2.763e-08
[train] step=7788 loss=0.159297 lr=2.746e-08
[train] step=7789 loss=0.228190 lr=2.730e-08
[train] step=7790 loss=0.130530 lr=2.714e-08
[train] step=7791 loss=0.166073 lr=2.698e-08
[train] step=7792 loss=0.141511 lr=2.681e-08
[train] step=7793 loss=0.127680 lr=2.665e-08
[train] step=7794 loss=0.170508 lr=2.649e-08
[train] step=7795 loss=0.142891 lr=2.634e-08
[train] step=7796 loss=0.496577 lr=2.618e-08
[train] step=7797 loss=0.153582 lr=2.602e-08
[train] step=7798 loss=0.177390 lr=2.586e-08
[train] step=7799 loss=0.241972 lr=2.571e-08
[train] step=7800 loss=0.199091 lr=2.555e-08
[val] step=7800 val_loss=0.176326
INFO     [rank 0] Model weights for step 7800 saved in       dit_trainer.py:1288
         checkpoints/model_weights_step_07800.safetensors                       
INFO     [rank 0] Scalar embedding weights for step 7800     dit_trainer.py:1297
         saved                                                                  
INFO     [rank 0] Training state saved:                      dit_trainer.py:1416
         checkpoints/model_weights_step_07800.state.pt                          
INFO     [rank 0] New best checkpoint (step 7800,            dit_trainer.py:1320
         val_loss=0.176326):                                                    
         checkpoints/model_weights_best.safetensors                             
DEBUG    [rank 0] Removed old checkpoint:                    dit_trainer.py:1429
         /hppfs/scratch/0D/go76fuz2/windinet/outputs/shockwa                    
         ve_dit_ch6_unfinetuned/checkpoints/model_weights_st                    
         ep_07560.safetensors                                                   
DEBUG    [rank 0] Removed old checkpoint:                    dit_trainer.py:1429
         /hppfs/scratch/0D/go76fuz2/windinet/outputs/shockwa                    
         ve_dit_ch6_unfinetuned/checkpoints/scalar_embedding                    
         _step_07560.safetensors                                                
DEBUG    [rank 0] Removed optimizer state for older kept     dit_trainer.py:1444
         checkpoint:                                                            
         /hppfs/scratch/0D/go76fuz2/windinet/outputs/shockwa                    
         ve_dit_ch6_unfinetuned/checkpoints/model_weights_st                    
         ep_07680.state.pt                                                      
[epoch 65] step=7800 train_loss=0.172321 val_loss=0.176326
[train] step=7801 loss=0.184856 lr=2.540e-08
[train] step=7802 loss=0.159693 lr=2.524e-08
[train] step=7803 loss=0.178712 lr=2.509e-08
[train] step=7804 loss=0.209947 lr=2.494e-08
[train] step=7805 loss=0.135501 lr=2.479e-08
[train] step=7806 loss=0.177748 lr=2.464e-08
[train] step=7807 loss=0.225566 lr=2.449e-08
[train] step=7808 loss=0.101154 lr=2.434e-08
[train] step=7809 loss=0.170392 lr=2.419e-08
[train] step=7810 loss=0.137070 lr=2.404e-08
[train] step=7811 loss=0.225958 lr=2.390e-08
[train] step=7812 loss=0.199554 lr=2.375e-08
[train] step=7813 loss=0.153416 lr=2.361e-08
[train] step=7814 loss=0.154605 lr=2.346e-08
[train] step=7815 loss=0.185704 lr=2.332e-08
[train] step=7816 loss=0.174909 lr=2.318e-08
[train] step=7817 loss=0.141630 lr=2.303e-08
[train] step=7818 loss=0.129777 lr=2.289e-08
[train] step=7819 loss=0.205094 lr=2.275e-08
[train] step=7820 loss=0.238499 lr=2.261e-08
[train] step=7821 loss=0.135117 lr=2.247e-08
[train] step=7822 loss=0.156420 lr=2.234e-08
[train] step=7823 loss=0.171200 lr=2.220e-08
[train] step=7824 loss=0.228451 lr=2.206e-08
[train] step=7825 loss=0.358479 lr=2.193e-08
[train] step=7826 loss=0.158376 lr=2.179e-08
[train] step=7827 loss=0.147898 lr=2.166e-08
[train] step=7828 loss=0.157687 lr=2.152e-08
[train] step=7829 loss=0.169014 lr=2.139e-08
[train] step=7830 loss=0.167007 lr=2.126e-08
[train] step=7831 loss=0.143211 lr=2.113e-08
[train] step=7832 loss=0.188692 lr=2.100e-08
[train] step=7833 loss=0.117577 lr=2.087e-08
[train] step=7834 loss=0.128356 lr=2.074e-08
[train] step=7835 loss=0.102929 lr=2.061e-08
[train] step=7836 loss=0.144382 lr=2.048e-08
[train] step=7837 loss=0.284025 lr=2.036e-08
[train] step=7838 loss=0.098182 lr=2.023e-08
[train] step=7839 loss=0.090996 lr=2.010e-08
[train] step=7840 loss=0.201844 lr=1.998e-08
[train] step=7841 loss=0.206966 lr=1.986e-08
[train] step=7842 loss=0.200686 lr=1.973e-08
[train] step=7843 loss=0.154847 lr=1.961e-08
[train] step=7844 loss=0.142010 lr=1.949e-08
[train] step=7845 loss=0.188674 lr=1.937e-08
[train] step=7846 loss=0.232525 lr=1.925e-08
[train] step=7847 loss=0.105199 lr=1.913e-08
[train] step=7848 loss=0.203703 lr=1.901e-08
[train] step=7849 loss=0.180467 lr=1.890e-08
[train] step=7850 loss=0.151597 lr=1.878e-08
[train] step=7851 loss=0.151400 lr=1.866e-08
[train] step=7852 loss=0.154529 lr=1.855e-08
[train] step=7853 loss=0.281032 lr=1.843e-08
[train] step=7854 loss=0.154460 lr=1.832e-08
[train] step=7855 loss=0.123188 lr=1.821e-08
[train] step=7856 loss=0.163375 lr=1.810e-08
[train] step=7857 loss=0.158835 lr=1.798e-08
[train] step=7858 loss=0.132029 lr=1.787e-08
[train] step=7859 loss=0.154103 lr=1.776e-08
[train] step=7860 loss=0.172404 lr=1.766e-08
[train] step=7861 loss=0.142253 lr=1.755e-08
[train] step=7862 loss=0.178617 lr=1.744e-08
[train] step=7863 loss=0.178121 lr=1.733e-08
[train] step=7864 loss=0.217843 lr=1.723e-08
[train] step=7865 loss=0.169966 lr=1.712e-08
[train] step=7866 loss=0.145783 lr=1.702e-08
[train] step=7867 loss=0.206749 lr=1.691e-08
[train] step=7868 loss=0.154579 lr=1.681e-08
[train] step=7869 loss=0.200779 lr=1.671e-08
[train] step=7870 loss=0.109817 lr=1.661e-08
[train] step=7871 loss=0.201614 lr=1.651e-08
[train] step=7872 loss=0.237419 lr=1.641e-08
[train] step=7873 loss=0.118631 lr=1.631e-08
[train] step=7874 loss=0.145468 lr=1.621e-08
[train] step=7875 loss=0.138910 lr=1.611e-08
[train] step=7876 loss=0.125410 lr=1.602e-08
[train] step=7877 loss=0.155392 lr=1.592e-08
[train] step=7878 loss=0.205339 lr=1.583e-08
[train] step=7879 loss=0.154256 lr=1.573e-08
[train] step=7880 loss=0.150708 lr=1.564e-08
[train] step=7881 loss=0.243540 lr=1.555e-08
[train] step=7882 loss=0.115690 lr=1.545e-08
[train] step=7883 loss=0.168932 lr=1.536e-08
[train] step=7884 loss=0.292794 lr=1.527e-08
[train] step=7885 loss=0.151449 lr=1.518e-08
[train] step=7886 loss=0.127242 lr=1.509e-08
[train] step=7887 loss=0.233409 lr=1.500e-08
[train] step=7888 loss=0.209667 lr=1.492e-08
[train] step=7889 loss=0.162359 lr=1.483e-08
[train] step=7890 loss=0.172145 lr=1.474e-08
[train] step=7891 loss=0.163740 lr=1.466e-08
[train] step=7892 loss=0.164394 lr=1.458e-08
[train] step=7893 loss=0.148193 lr=1.449e-08
[train] step=7894 loss=0.200874 lr=1.441e-08
[train] step=7895 loss=0.139351 lr=1.433e-08
[train] step=7896 loss=0.146741 lr=1.425e-08
[train] step=7897 loss=0.211497 lr=1.417e-08
[train] step=7898 loss=0.153397 lr=1.409e-08
[train] step=7899 loss=0.221405 lr=1.401e-08
[train] step=7900 loss=0.470376 lr=1.393e-08
[train] step=7901 loss=0.183307 lr=1.385e-08
[train] step=7902 loss=0.175410 lr=1.377e-08
[train] step=7903 loss=0.148552 lr=1.370e-08
[train] step=7904 loss=0.159404 lr=1.362e-08
[train] step=7905 loss=0.185331 lr=1.355e-08
[train] step=7906 loss=0.189094 lr=1.348e-08
[train] step=7907 loss=0.251617 lr=1.340e-08
[train] step=7908 loss=0.339148 lr=1.333e-08
[train] step=7909 loss=0.245495 lr=1.326e-08
[train] step=7910 loss=0.236614 lr=1.319e-08
[train] step=7911 loss=0.364909 lr=1.312e-08
[train] step=7912 loss=0.173721 lr=1.305e-08
[train] step=7913 loss=0.303470 lr=1.298e-08
[train] step=7914 loss=0.149768 lr=1.291e-08
[train] step=7915 loss=0.142415 lr=1.285e-08
[train] step=7916 loss=0.358122 lr=1.278e-08
[train] step=7917 loss=0.203419 lr=1.272e-08
[train] step=7918 loss=0.206795 lr=1.265e-08
[train] step=7919 loss=0.290216 lr=1.259e-08
[train] step=7920 loss=0.152968 lr=1.253e-08
INFO     [rank 0] Model weights for step 7920 saved in       dit_trainer.py:1288
         checkpoints/model_weights_step_07920.safetensors                       
INFO     [rank 0] Scalar embedding weights for step 7920     dit_trainer.py:1297
         saved                                                                  
INFO     [rank 0] Training state saved:                      dit_trainer.py:1416
         checkpoints/model_weights_step_07920.state.pt                          
DEBUG    [rank 0] Removed old checkpoint:                    dit_trainer.py:1429
         /hppfs/scratch/0D/go76fuz2/windinet/outputs/shockwa                    
         ve_dit_ch6_unfinetuned/checkpoints/model_weights_st                    
         ep_07680.safetensors                                                   
DEBUG    [rank 0] Removed old checkpoint:                    dit_trainer.py:1429
         /hppfs/scratch/0D/go76fuz2/windinet/outputs/shockwa                    
         ve_dit_ch6_unfinetuned/checkpoints/scalar_embedding                    
         _step_07680.safetensors                                                
DEBUG    [rank 0] Removed optimizer state for older kept     dit_trainer.py:1444
         checkpoint:                                                            
         /hppfs/scratch/0D/go76fuz2/windinet/outputs/shockwa                    
         ve_dit_ch6_unfinetuned/checkpoints/model_weights_st                    
         ep_07800.state.pt                                                      
[epoch 66] step=7920 train_loss=0.183270
[train] step=7921 loss=0.166039 lr=1.246e-08
[train] step=7922 loss=0.199776 lr=1.240e-08
[train] step=7923 loss=0.102424 lr=1.234e-08
[train] step=7924 loss=0.113009 lr=1.228e-08
[train] step=7925 loss=0.186752 lr=1.222e-08
[train] step=7926 loss=0.157087 lr=1.217e-08
[train] step=7927 loss=0.174478 lr=1.211e-08
[train] step=7928 loss=0.161529 lr=1.205e-08
[train] step=7929 loss=0.168694 lr=1.200e-08
[train] step=7930 loss=0.124251 lr=1.194e-08
[train] step=7931 loss=0.168640 lr=1.189e-08
[train] step=7932 loss=0.194871 lr=1.183e-08
[train] step=7933 loss=0.158650 lr=1.178e-08
[train] step=7934 loss=0.170379 lr=1.173e-08
[train] step=7935 loss=0.176417 lr=1.168e-08
[train] step=7936 loss=0.121943 lr=1.163e-08
[train] step=7937 loss=0.172391 lr=1.158e-08
[train] step=7938 loss=0.156021 lr=1.153e-08
[train] step=7939 loss=0.113566 lr=1.148e-08
[train] step=7940 loss=0.204420 lr=1.143e-08
[train] step=7941 loss=0.144722 lr=1.139e-08
[train] step=7942 loss=0.181713 lr=1.134e-08
[train] step=7943 loss=0.155277 lr=1.130e-08
[train] step=7944 loss=0.201531 lr=1.125e-08
[train] step=7945 loss=0.094945 lr=1.121e-08
[train] step=7946 loss=0.171108 lr=1.117e-08
[train] step=7947 loss=0.122754 lr=1.112e-08
[train] step=7948 loss=0.186346 lr=1.108e-08
[train] step=7949 loss=0.130282 lr=1.104e-08
[train] step=7950 loss=0.147444 lr=1.100e-08
[train] step=7951 loss=0.183110 lr=1.096e-08
[train] step=7952 loss=0.245206 lr=1.092e-08
[train] step=7953 loss=0.201111 lr=1.089e-08
[train] step=7954 loss=0.147966 lr=1.085e-08
[train] step=7955 loss=0.185464 lr=1.081e-08
[train] step=7956 loss=0.165410 lr=1.078e-08
[train] step=7957 loss=0.150830 lr=1.075e-08
[train] step=7958 loss=0.194905 lr=1.071e-08
[train] step=7959 loss=0.229556 lr=1.068e-08
[train] step=7960 loss=0.187760 lr=1.065e-08
[train] step=7961 loss=0.143497 lr=1.062e-08
[train] step=7962 loss=0.182093 lr=1.059e-08
[train] step=7963 loss=0.288877 lr=1.056e-08
[train] step=7964 loss=0.174852 lr=1.053e-08
[train] step=7965 loss=0.174519 lr=1.050e-08
[train] step=7966 loss=0.110945 lr=1.047e-08
[train] step=7967 loss=0.120763 lr=1.045e-08
[train] step=7968 loss=0.198836 lr=1.042e-08
[train] step=7969 loss=0.227382 lr=1.039e-08
[train] step=7970 loss=0.157959 lr=1.037e-08
[train] step=7971 loss=0.156864 lr=1.035e-08
[train] step=7972 loss=0.107225 lr=1.032e-08
[train] step=7973 loss=0.215359 lr=1.030e-08
[train] step=7974 loss=0.156841 lr=1.028e-08
[train] step=7975 loss=0.119167 lr=1.026e-08
[train] step=7976 loss=0.167622 lr=1.024e-08
[train] step=7977 loss=0.144996 lr=1.022e-08
[train] step=7978 loss=0.082922 lr=1.020e-08
[train] step=7979 loss=0.114701 lr=1.019e-08
[train] step=7980 loss=0.100125 lr=1.017e-08
[train] step=7981 loss=0.271245 lr=1.015e-08
[train] step=7982 loss=0.162619 lr=1.014e-08
[train] step=7983 loss=0.175422 lr=1.012e-08
[train] step=7984 loss=0.160838 lr=1.011e-08
[train] step=7985 loss=0.185532 lr=1.010e-08
[train] step=7986 loss=0.399454 lr=1.009e-08
[train] step=7987 loss=0.516672 lr=1.008e-08
[train] step=7988 loss=0.185008 lr=1.007e-08
[train] step=7989 loss=0.122648 lr=1.006e-08
[train] step=7990 loss=0.229909 lr=1.005e-08
[train] step=7991 loss=0.150880 lr=1.004e-08
[train] step=7992 loss=0.185909 lr=1.003e-08
[train] step=7993 loss=0.195858 lr=1.002e-08
[train] step=7994 loss=0.139339 lr=1.002e-08
[train] step=7995 loss=0.354591 lr=1.001e-08
[train] step=7996 loss=0.145551 lr=1.001e-08
[train] step=7997 loss=0.299628 lr=1.001e-08
[train] step=7998 loss=0.213782 lr=1.000e-08
[train] step=7999 loss=0.149245 lr=1.000e-08
[train] step=8000 loss=0.153768 lr=1.000e-08
╭──────────────────────────────────────────────────────────────────────────────╮
│ Training Step 8… ━━ Loss: 0.1538 LR: 1.00e-08 Time/Step: 23.66s 1… ETA: 00:… │
╰──────────────────────────────────────────────────────────────────────────────╯INFO     [rank 0] Model weights for step 8000 saved in       dit_trainer.py:1288
         checkpoints/model_weights_step_08000.safetensors                       
INFO     [rank 0] Scalar embedding weights for step 8000     dit_trainer.py:1297
         saved                                                                  
INFO     [rank 0] Training state saved:                      dit_trainer.py:1416
         checkpoints/model_weights_step_08000.state.pt                          
DEBUG    [rank 0] Removed old checkpoint:                    dit_trainer.py:1429
         /hppfs/scratch/0D/go76fuz2/windinet/outputs/shockwa                    
         ve_dit_ch6_unfinetuned/checkpoints/model_weights_st                    
         ep_07800.safetensors                                                   
DEBUG    [rank 0] Removed old checkpoint:                    dit_trainer.py:1429
         /hppfs/scratch/0D/go76fuz2/windinet/outputs/shockwa                    
         ve_dit_ch6_unfinetuned/checkpoints/scalar_embedding                    
         _step_07800.safetensors                                                
DEBUG    [rank 0] Removed optimizer state for older kept     dit_trainer.py:1444
         checkpoint:                                                            
         /hppfs/scratch/0D/go76fuz2/windinet/outputs/shockwa                    
         ve_dit_ch6_unfinetuned/checkpoints/model_weights_st                    
         ep_07920.state.pt                                                      
INFO     [rank 0] Training Statistics:                       dit_trainer.py:1513
          - Total time: 1151.8 minutes                                          
          - Training time: 1151.8 minutes                                       
          - Training speed: 0.12 steps/second                                   
          - Samples/second: 3.70                                                
          - Peak GPU memory: 35.91 GB                                           
          - Number of processes: 8                                              
          - Global batch size: 32                                               
END TIME: Fri 25 Sep 2026 09:06:16 PM CEST
end_time=2026-09-25T21:06:16+02:00 elapsed=70241s
