job=23073 node=lundquist gpus=0,1
start_time=2026-09-21T10:33:43+02:00
PREPROCESSED_NAME: finetune_vae_whole_structure_baseline_ep20_sds_untrained
BASE_CONFIG: configs/dit/train_dit_lundquist_sds_untrained_30k.yaml
preprocessed_data_root=dit_preprocessed/finetune_vae_whole_structure_baseline_ep20_sds_untrained output_dir=dit_outputs/lundquist/dit_sds_untrained_30k
MAIN_PROCESS_PORT: 39409
                             Training Configuration                             
┏━━━━━━━━━━━━━━━━━━━━━━━━━━━━━━━━━━━━━━┳━━━━━━━━━━━━━━━━━━━━━━━━━━━━━━━━━━━━━━━┓
┃ Parameter                            ┃ Value                                 ┃
┡━━━━━━━━━━━━━━━━━━━━━━━━━━━━━━━━━━━━━━╇━━━━━━━━━━━━━━━━━━━━━━━━━━━━━━━━━━━━━━━┩
│ model.model_source                   │ LTXV_2B_0.9.6_DEV                     │
│ model.load_checkpoint                │ None                                  │
│ conditioning.first_frame_conditioni… │ 1.0                                   │
│ lora.enabled                         │ False                                 │
│ lora.rank                            │ 16                                    │
│ lora.alpha                           │ 16                                    │
│ lora.dropout                         │ 0.0                                   │
│ lora.target_modules                  │ to_q, to_k, to_v, to_out.0            │
│ scalar_conditioning.enabled          │ True                                  │
│ scalar_conditioning.scalar_names     │ gamma                                 │
│ scalar_conditioning.scalar_ranges    │ {'gamma': (1.0, 2.0)}                 │
│ scalar_conditioning.embedding_dim    │ 4096                                  │
│ scalar_conditioning.num_tokens_per_… │ 4                                     │
│ scalar_conditioning.fourier_features │ 64                                    │
│ scalar_conditioning.mlp_hidden_dim   │ 256                                   │
│ scalar_conditioning.dropout          │ 0.1                                   │
│ optimization.learning_rate           │ 1e-05                                 │
│ optimization.steps                   │ 30000                                 │
│ optimization.batch_size              │ 4                                     │
│ optimization.gradient_accumulation_… │ 4                                     │
│ optimization.max_grad_norm           │ 1.0                                   │
│ optimization.optimizer_type          │ adamw                                 │
│ optimization.scheduler_type          │ cosine                                │
│ optimization.scheduler_params        │ {'eta_min': 1e-08}                    │
│ optimization.enable_gradient_checkp… │ True                                  │
│ acceleration.mixed_precision_mode    │ bf16                                  │
│ acceleration.compile_with_inductor   │ False                                 │
│ acceleration.compilation_mode        │ reduce-overhead                       │
│ data.preprocessed_data_root          │ dit_preprocessed/finetune_vae_whole_… │
│ data.num_dataloader_workers          │ 4                                     │
│ validation.data_root                 │ dit_preprocessed/finetune_vae_whole_… │
│ validation.interval                  │ 600                                   │
│ validation.max_samples               │ 0                                     │
│ checkpoints.interval                 │ 120                                   │
│ checkpoints.keep_last_n              │ 2                                     │
│ checkpoints.save_best_only           │ False                                 │
│ checkpoints.best_metric              │ val_total_loss                        │
│ checkpoints.save_last_state          │ True                                  │
│ checkpoints.save_epochs              │                                       │
│ flow_matching.timestep_sampling_mode │ shifted_logit_normal                  │
│ flow_matching.timestep_sampling_par… │ {}                                    │
│ visualization.enabled                │ True                                  │
│ visualization.interval               │ 2000                                  │
│ visualization.num_samples            │ 3                                     │
│ visualization.frame_numbers          │ 25, 50, 75, 100                       │
│ visualization.num_inference_steps    │ 20                                    │
│ visualization.dpi                    │ 150                                   │
│ wandb.enabled                        │ False                                 │
│ wandb.project                        │ shockwavenet                          │
│ wandb.entity                         │ None                                  │
│ wandb.tags                           │ cfd, full, 2b, scalar-only,           │
│                                      │ lundquist, 128res, sds-vae,           │
│                                      │ sds-untrained-...                     │
│ seed                                 │ 42                                    │
│ output_dir                           │ /local/disk/hramachandran/work/wh_wo… │
│ resume_weights_only                  │ False                                 │
└──────────────────────────────────────┴───────────────────────────────────────┘
/local/disk/hramachandran/miniconda/envs/windinet/lib/python3.10/site-packages/huggingface_hub/utils/_validators.py:205: UserWarning: The `local_dir_use_symlinks` argument is deprecated and ignored in `hf_hub_download`. Downloading to a local directory does not use symlinks anymore.
  warnings.warn(
INFO     [rank 0] Distributed training enabled with 2        dit_trainer.py:1472
         processes                                                              
INFO     [rank 0] Global batch size: 32                      dit_trainer.py:1478
/local/disk/hramachandran/miniconda/envs/windinet/lib/python3.10/site-packages/huggingface_hub/utils/_validators.py:205: UserWarning: The `local_dir_use_symlinks` argument is deprecated and ignored in `hf_hub_download`. Downloading to a local directory does not use symlinks anymore.
  warnings.warn(
INFO     [rank 1] HTTP Request: HEAD                             _client.py:1025
         https://huggingface.co/Lightricks/LTX-Video-0.9.5/resol                
         ve/main/vae/config.json "HTTP/1.1 307 Temporary                        
         Redirect"                                                              
INFO     [rank 0] HTTP Request: HEAD                             _client.py:1025
         https://huggingface.co/Lightricks/LTX-Video-0.9.5/resol                
         ve/main/vae/config.json "HTTP/1.1 307 Temporary                        
         Redirect"                                                              
INFO     [rank 1] HTTP Request: HEAD                             _client.py:1025
         https://huggingface.co/api/resolve-cache/models/Lightri                
         cks/LTX-Video-0.9.5/e58e28c39631af4d1468ee57a853764e11c                
         1d37e/vae%2Fconfig.json "HTTP/1.1 200 OK"                              
INFO     [rank 0] HTTP Request: HEAD                             _client.py:1025
         https://huggingface.co/api/resolve-cache/models/Lightri                
         cks/LTX-Video-0.9.5/e58e28c39631af4d1468ee57a853764e11c                
         1d37e/vae%2Fconfig.json "HTTP/1.1 200 OK"                              
INFO     [rank 1] HTTP Request: HEAD                             _client.py:1025
         https://huggingface.co/Lightricks/LTX-Video-0.9.5/resol                
         ve/e58e28c39631af4d1468ee57a853764e11c1d37e/vae/diffusi                
         on_pytorch_model.safetensors.index.json "HTTP/1.1 404                  
         Not Found"                                                             
INFO     [rank 0] HTTP Request: HEAD                             _client.py:1025
         https://huggingface.co/Lightricks/LTX-Video-0.9.5/resol                
         ve/e58e28c39631af4d1468ee57a853764e11c1d37e/vae/diffusi                
         on_pytorch_model.safetensors.index.json "HTTP/1.1 404                  
         Not Found"                                                             
INFO     [rank 1] HTTP Request: HEAD                             _client.py:1025
         https://huggingface.co/Lightricks/LTX-Video-0.9.5/resol                
         ve/main/scheduler/scheduler_config.json "HTTP/1.1 307                  
         Temporary Redirect"                                                    
INFO     [rank 0] HTTP Request: HEAD                             _client.py:1025
         https://huggingface.co/Lightricks/LTX-Video-0.9.5/resol                
         ve/main/scheduler/scheduler_config.json "HTTP/1.1 307                  
         Temporary Redirect"                                                    
INFO     [rank 1] HTTP Request: HEAD                             _client.py:1025
         https://huggingface.co/api/resolve-cache/models/Lightri                
         cks/LTX-Video-0.9.5/e58e28c39631af4d1468ee57a853764e11c                
         1d37e/scheduler%2Fscheduler_config.json "HTTP/1.1 200                  
         OK"                                                                    
INFO     [rank 0] HTTP Request: HEAD                             _client.py:1025
         https://huggingface.co/api/resolve-cache/models/Lightri                
         cks/LTX-Video-0.9.5/e58e28c39631af4d1468ee57a853764e11c                
         1d37e/scheduler%2Fscheduler_config.json "HTTP/1.1 200                  
         OK"                                                                    
INFO     [rank 1] HTTP Request: HEAD                             _client.py:1025
         https://huggingface.co/Lightricks/LTX-Video/resolve/mai                
         n/ltxv-2b-0.9.6-dev-04-25.safetensors "HTTP/1.1 302                    
         Found"                                                                 
INFO     [rank 0] HTTP Request: HEAD                             _client.py:1025
         https://huggingface.co/Lightricks/LTX-Video/resolve/mai                
         n/ltxv-2b-0.9.6-dev-04-25.safetensors "HTTP/1.1 302                    
         Found"                                                                 
INFO     [rank 0] HTTP Request: HEAD                             _client.py:1025
         https://huggingface.co/Lightricks/LTX-Video-0.9.5/resol                
         ve/main/transformer/config.json "HTTP/1.1 307 Temporary                
         Redirect"                                                              
INFO     [rank 1] HTTP Request: HEAD                             _client.py:1025
         https://huggingface.co/Lightricks/LTX-Video-0.9.5/resol                
         ve/main/transformer/config.json "HTTP/1.1 307 Temporary                
         Redirect"                                                              
INFO     [rank 1] HTTP Request: HEAD                             _client.py:1025
         https://huggingface.co/api/resolve-cache/models/Lightri                
         cks/LTX-Video-0.9.5/e58e28c39631af4d1468ee57a853764e11c                
         1d37e/transformer%2Fconfig.json "HTTP/1.1 200 OK"                      
INFO     [rank 0] HTTP Request: HEAD                             _client.py:1025
         https://huggingface.co/api/resolve-cache/models/Lightri                
         cks/LTX-Video-0.9.5/e58e28c39631af4d1468ee57a853764e11c                
         1d37e/transformer%2Fconfig.json "HTTP/1.1 200 OK"                      
INFO     [rank 0] Initializing scalar embeddings for:         dit_trainer.py:867
         ['gamma']                                                              
DEBUG    [rank 0] Scalar embedding params: 4,310,528          dit_trainer.py:894
DEBUG    [rank 0] Total trainable params count: 1,927,696,000 dit_trainer.py:898
DEBUG    [rank 0] Process 0 using seed: 42                    dit_trainer.py:389
DEBUG    [rank 0] Loaded dataset with 3,825 samples from     dit_trainer.py:1115
         sources: ['latents', 'scalars']                                        
INFO     [rank 0] Validation split: 675 samples from         dit_trainer.py:1198
         dit_preprocessed/finetune_vae_whole_structure_basel                    
         ine_ep20_sds_untrained/val                                             
INFO     [rank 0] Training configuration saved to:           dit_trainer.py:1464
         training_config.yaml                                                   
INFO     [rank 0] Training on latents from VAE               dit_trainer.py:1159
         /local/disk/hramachandran/work/wh_work/windinet/fin                    
         etune_vae_outputs/lundquist/finetune_vae_whole_stru                    
         cture_baseline_ep20_sds_untrained/checkpoints/vae_s                    
         hockwave_best.safetensors (fingerprint                                 
         6fade32db7d8f184); recorded in                                         
         latent_provenance.json                                                 
INFO     [rank 0] Starting training...                        dit_trainer.py:410
[train] step=1 loss=1.157934 lr=1.000e-05
[train] step=2 loss=0.857210 lr=1.000e-05
[train] step=3 loss=0.634229 lr=1.000e-05
[train] step=4 loss=0.275600 lr=1.000e-05
[train] step=5 loss=0.124147 lr=1.000e-05
[train] step=6 loss=0.127813 lr=1.000e-05
[train] step=7 loss=0.106267 lr=1.000e-05
[train] step=8 loss=0.072046 lr=1.000e-05
[train] step=9 loss=0.051765 lr=1.000e-05
[train] step=10 loss=0.071930 lr=1.000e-05
[train] step=11 loss=0.050201 lr=1.000e-05
[train] step=12 loss=0.089108 lr=1.000e-05
[train] step=13 loss=0.101071 lr=1.000e-05
[train] step=14 loss=0.050595 lr=1.000e-05
[train] step=15 loss=0.044686 lr=1.000e-05
[train] step=16 loss=0.033665 lr=1.000e-05
[train] step=17 loss=0.065096 lr=1.000e-05
[train] step=18 loss=0.040592 lr=1.000e-05
[train] step=19 loss=0.036016 lr=1.000e-05
[train] step=20 loss=0.027560 lr=1.000e-05
[train] step=21 loss=0.029787 lr=1.000e-05
[train] step=22 loss=0.083550 lr=1.000e-05
[train] step=23 loss=0.098680 lr=1.000e-05
[train] step=24 loss=0.032200 lr=1.000e-05
[train] step=25 loss=0.032445 lr=1.000e-05
[train] step=26 loss=0.031243 lr=1.000e-05
[train] step=27 loss=0.039088 lr=1.000e-05
[train] step=28 loss=0.029492 lr=1.000e-05
[train] step=29 loss=0.039661 lr=1.000e-05
[train] step=30 loss=0.031793 lr=1.000e-05
[train] step=31 loss=0.053502 lr=1.000e-05
[train] step=32 loss=0.027397 lr=1.000e-05
[train] step=33 loss=0.052365 lr=1.000e-05
[train] step=34 loss=0.039203 lr=1.000e-05
[train] step=35 loss=0.038485 lr=1.000e-05
[train] step=36 loss=0.054448 lr=1.000e-05
[train] step=37 loss=0.034109 lr=1.000e-05
[train] step=38 loss=0.030733 lr=1.000e-05
[train] step=39 loss=0.026894 lr=1.000e-05
[train] step=40 loss=0.032322 lr=1.000e-05
[train] step=41 loss=0.020184 lr=1.000e-05
[train] step=42 loss=0.030320 lr=1.000e-05
[train] step=43 loss=0.053472 lr=1.000e-05
[train] step=44 loss=0.044958 lr=1.000e-05
[train] step=45 loss=0.028547 lr=1.000e-05
[train] step=46 loss=0.030019 lr=1.000e-05
[train] step=47 loss=0.028532 lr=1.000e-05
[train] step=48 loss=0.031327 lr=1.000e-05
[train] step=49 loss=0.037827 lr=1.000e-05
[train] step=50 loss=0.029528 lr=1.000e-05
[train] step=51 loss=0.030448 lr=1.000e-05
[train] step=52 loss=0.030987 lr=1.000e-05
[train] step=53 loss=0.050104 lr=1.000e-05
[train] step=54 loss=0.040514 lr=1.000e-05
[train] step=55 loss=0.029930 lr=1.000e-05
[train] step=56 loss=0.061775 lr=1.000e-05
[train] step=57 loss=0.022530 lr=1.000e-05
[train] step=58 loss=0.028095 lr=1.000e-05
[train] step=59 loss=0.035981 lr=1.000e-05
[train] step=60 loss=0.015860 lr=1.000e-05
[train] step=61 loss=0.041485 lr=1.000e-05
[train] step=62 loss=0.024841 lr=1.000e-05
[train] step=63 loss=0.021578 lr=1.000e-05
[train] step=64 loss=0.047173 lr=1.000e-05
[train] step=65 loss=0.021988 lr=1.000e-05
[train] step=66 loss=0.029384 lr=1.000e-05
[train] step=67 loss=0.025993 lr=1.000e-05
[train] step=68 loss=0.029564 lr=1.000e-05
[train] step=69 loss=0.087061 lr=1.000e-05
[train] step=70 loss=0.033870 lr=1.000e-05
[train] step=71 loss=0.030393 lr=1.000e-05
[train] step=72 loss=0.045528 lr=1.000e-05
[train] step=73 loss=0.026632 lr=1.000e-05
[train] step=74 loss=0.030000 lr=1.000e-05
[train] step=75 loss=0.051137 lr=1.000e-05
[train] step=76 loss=0.030506 lr=1.000e-05
[train] step=77 loss=0.024274 lr=1.000e-05
[train] step=78 loss=0.025648 lr=1.000e-05
[train] step=79 loss=0.030263 lr=1.000e-05
[train] step=80 loss=0.063565 lr=1.000e-05
[train] step=81 loss=0.026509 lr=1.000e-05
[train] step=82 loss=0.022196 lr=1.000e-05
[train] step=83 loss=0.020892 lr=1.000e-05
[train] step=84 loss=0.027282 lr=1.000e-05
[train] step=85 loss=0.040946 lr=1.000e-05
[train] step=86 loss=0.019152 lr=1.000e-05
[train] step=87 loss=0.046940 lr=1.000e-05
[train] step=88 loss=0.024411 lr=1.000e-05
[train] step=89 loss=0.024204 lr=1.000e-05
[train] step=90 loss=0.020963 lr=1.000e-05
[train] step=91 loss=0.035124 lr=1.000e-05
[train] step=92 loss=0.023212 lr=1.000e-05
[train] step=93 loss=0.028316 lr=1.000e-05
[train] step=94 loss=0.045409 lr=1.000e-05
[train] step=95 loss=0.025322 lr=1.000e-05
[train] step=96 loss=0.051052 lr=1.000e-05
[train] step=97 loss=0.024919 lr=1.000e-05
[train] step=98 loss=0.033989 lr=1.000e-05
[train] step=99 loss=0.032165 lr=1.000e-05
[train] step=100 loss=0.024829 lr=1.000e-05
[train] step=101 loss=0.027834 lr=1.000e-05
[train] step=102 loss=0.021699 lr=1.000e-05
[train] step=103 loss=0.025674 lr=1.000e-05
[train] step=104 loss=0.031388 lr=1.000e-05
[train] step=105 loss=0.022864 lr=1.000e-05
[train] step=106 loss=0.015464 lr=1.000e-05
[train] step=107 loss=0.030605 lr=1.000e-05
[train] step=108 loss=0.035394 lr=1.000e-05
[train] step=109 loss=0.031407 lr=1.000e-05
[train] step=110 loss=0.042055 lr=1.000e-05
[train] step=111 loss=0.024873 lr=1.000e-05
[train] step=112 loss=0.033440 lr=1.000e-05
[train] step=113 loss=0.028581 lr=1.000e-05
[train] step=114 loss=0.059830 lr=1.000e-05
[train] step=115 loss=0.030043 lr=1.000e-05
[train] step=116 loss=0.030507 lr=1.000e-05
[train] step=117 loss=0.024268 lr=1.000e-05
[train] step=118 loss=0.029425 lr=1.000e-05
[train] step=119 loss=0.031933 lr=1.000e-05
[train] step=120 loss=0.032959 lr=1.000e-05
INFO     [rank 0] Model weights for step 120 saved in        dit_trainer.py:1288
         checkpoints/model_weights_step_00120.safetensors                       
INFO     [rank 0] Scalar embedding weights for step 120      dit_trainer.py:1297
         saved                                                                  
INFO     [rank 0] Training state saved:                      dit_trainer.py:1416
         checkpoints/model_weights_step_00120.state.pt                          
[epoch 1] step=120 train_loss=0.062453
[train] step=121 loss=0.027115 lr=1.000e-05
[train] step=122 loss=0.026949 lr=1.000e-05
[train] step=123 loss=0.033871 lr=1.000e-05
[train] step=124 loss=0.039673 lr=1.000e-05
[train] step=125 loss=0.013996 lr=1.000e-05
[train] step=126 loss=0.034001 lr=1.000e-05
[train] step=127 loss=0.020704 lr=1.000e-05
[train] step=128 loss=0.057360 lr=1.000e-05
[train] step=129 loss=0.029455 lr=1.000e-05
[train] step=130 loss=0.039598 lr=1.000e-05
[train] step=131 loss=0.024407 lr=1.000e-05
[train] step=132 loss=0.019271 lr=1.000e-05
[train] step=133 loss=0.023603 lr=1.000e-05
[train] step=134 loss=0.047152 lr=1.000e-05
[train] step=135 loss=0.042830 lr=1.000e-05
[train] step=136 loss=0.029484 lr=1.000e-05
[train] step=137 loss=0.023213 lr=9.999e-06
[train] step=138 loss=0.031401 lr=9.999e-06
[train] step=139 loss=0.024249 lr=9.999e-06
[train] step=140 loss=0.024110 lr=9.999e-06
[train] step=141 loss=0.035844 lr=9.999e-06
[train] step=142 loss=0.024419 lr=9.999e-06
[train] step=143 loss=0.025775 lr=9.999e-06
[train] step=144 loss=0.029748 lr=9.999e-06
[train] step=145 loss=0.033825 lr=9.999e-06
[train] step=146 loss=0.022241 lr=9.999e-06
[train] step=147 loss=0.036155 lr=9.999e-06
[train] step=148 loss=0.035389 lr=9.999e-06
[train] step=149 loss=0.137944 lr=9.999e-06
[train] step=150 loss=0.017480 lr=9.999e-06
[train] step=151 loss=0.029495 lr=9.999e-06
[train] step=152 loss=0.081072 lr=9.999e-06
[train] step=153 loss=0.015225 lr=9.999e-06
[train] step=154 loss=0.029802 lr=9.999e-06
[train] step=155 loss=0.048905 lr=9.999e-06
[train] step=156 loss=0.021479 lr=9.999e-06
[train] step=157 loss=0.030850 lr=9.999e-06
[train] step=158 loss=0.024734 lr=9.999e-06
[train] step=159 loss=0.023081 lr=9.999e-06
[train] step=160 loss=0.017229 lr=9.999e-06
[train] step=161 loss=0.061303 lr=9.999e-06
[train] step=162 loss=0.038194 lr=9.999e-06
[train] step=163 loss=0.030652 lr=9.999e-06
[train] step=164 loss=0.034836 lr=9.999e-06
[train] step=165 loss=0.020140 lr=9.999e-06
[train] step=166 loss=0.029742 lr=9.999e-06
[train] step=167 loss=0.016374 lr=9.999e-06
[train] step=168 loss=0.021308 lr=9.999e-06
[train] step=169 loss=0.018650 lr=9.999e-06
[train] step=170 loss=0.025991 lr=9.999e-06
[train] step=171 loss=0.024964 lr=9.999e-06
[train] step=172 loss=0.023852 lr=9.999e-06
[train] step=173 loss=0.023163 lr=9.999e-06
[train] step=174 loss=0.034755 lr=9.999e-06
[train] step=175 loss=0.027362 lr=9.999e-06
[train] step=176 loss=0.027598 lr=9.999e-06
[train] step=177 loss=0.036988 lr=9.999e-06
[train] step=178 loss=0.020578 lr=9.999e-06
[train] step=179 loss=0.023660 lr=9.999e-06
[train] step=180 loss=0.033279 lr=9.999e-06
[train] step=181 loss=0.043615 lr=9.999e-06
[train] step=182 loss=0.034974 lr=9.999e-06
[train] step=183 loss=0.022108 lr=9.999e-06
[train] step=184 loss=0.058351 lr=9.999e-06
[train] step=185 loss=0.035470 lr=9.999e-06
[train] step=186 loss=0.018219 lr=9.999e-06
[train] step=187 loss=0.043731 lr=9.999e-06
[train] step=188 loss=0.021961 lr=9.999e-06
[train] step=189 loss=0.076845 lr=9.999e-06
[train] step=190 loss=0.026512 lr=9.999e-06
[train] step=191 loss=0.022673 lr=9.999e-06
[train] step=192 loss=0.020926 lr=9.999e-06
[train] step=193 loss=0.038808 lr=9.999e-06
[train] step=194 loss=0.033294 lr=9.999e-06
[train] step=195 loss=0.026744 lr=9.999e-06
[train] step=196 loss=0.044660 lr=9.999e-06
[train] step=197 loss=0.054564 lr=9.999e-06
[train] step=198 loss=0.022304 lr=9.999e-06
[train] step=199 loss=0.020138 lr=9.999e-06
[train] step=200 loss=0.028656 lr=9.999e-06
[train] step=201 loss=0.028185 lr=9.999e-06
[train] step=202 loss=0.014266 lr=9.999e-06
[train] step=203 loss=0.039823 lr=9.999e-06
[train] step=204 loss=0.021596 lr=9.999e-06
[train] step=205 loss=0.030309 lr=9.999e-06
[train] step=206 loss=0.025989 lr=9.999e-06
[train] step=207 loss=0.029537 lr=9.999e-06
[train] step=208 loss=0.020748 lr=9.999e-06
[train] step=209 loss=0.025280 lr=9.999e-06
[train] step=210 loss=0.018487 lr=9.999e-06
[train] step=211 loss=0.023930 lr=9.999e-06
[train] step=212 loss=0.031314 lr=9.999e-06
[train] step=213 loss=0.033825 lr=9.999e-06
[train] step=214 loss=0.021256 lr=9.999e-06
[train] step=215 loss=0.030926 lr=9.999e-06
[train] step=216 loss=0.029755 lr=9.999e-06
[train] step=217 loss=0.022032 lr=9.999e-06
[train] step=218 loss=0.020673 lr=9.999e-06
[train] step=219 loss=0.021338 lr=9.999e-06
[train] step=220 loss=0.032000 lr=9.999e-06
[train] step=221 loss=0.016105 lr=9.999e-06
[train] step=222 loss=0.027781 lr=9.999e-06
[train] step=223 loss=0.024440 lr=9.999e-06
[train] step=224 loss=0.027570 lr=9.999e-06
[train] step=225 loss=0.021285 lr=9.999e-06
[train] step=226 loss=0.024769 lr=9.999e-06
[train] step=227 loss=0.048906 lr=9.999e-06
[train] step=228 loss=0.029100 lr=9.999e-06
[train] step=229 loss=0.024365 lr=9.999e-06
[train] step=230 loss=0.027381 lr=9.999e-06
[train] step=231 loss=0.121733 lr=9.999e-06
[train] step=232 loss=0.029023 lr=9.999e-06
[train] step=233 loss=0.025477 lr=9.999e-06
[train] step=234 loss=0.014629 lr=9.999e-06
[train] step=235 loss=0.017316 lr=9.999e-06
[train] step=236 loss=0.017473 lr=9.998e-06
[train] step=237 loss=0.023312 lr=9.998e-06
[train] step=238 loss=0.020233 lr=9.998e-06
[train] step=239 loss=0.018404 lr=9.998e-06
[train] step=240 loss=0.020666 lr=9.998e-06
INFO     [rank 0] Model weights for step 240 saved in        dit_trainer.py:1288
         checkpoints/model_weights_step_00240.safetensors                       
INFO     [rank 0] Scalar embedding weights for step 240      dit_trainer.py:1297
         saved                                                                  
INFO     [rank 0] Training state saved:                      dit_trainer.py:1416
         checkpoints/model_weights_step_00240.state.pt                          
DEBUG    [rank 0] Removed optimizer state for older kept     dit_trainer.py:1444
         checkpoint:                                                            
         /local/disk/hramachandran/work/wh_work/windinet/dit                    
         _outputs/lundquist/dit_sds_untrained_30k/checkpoint                    
         s/model_weights_step_00120.state.pt                                    
[epoch 2] step=240 train_loss=0.030955
[train] step=241 loss=0.035420 lr=9.998e-06
[train] step=242 loss=0.021169 lr=9.998e-06
[train] step=243 loss=0.017698 lr=9.998e-06
[train] step=244 loss=0.022603 lr=9.998e-06
[train] step=245 loss=0.021943 lr=9.998e-06
[train] step=246 loss=0.029380 lr=9.998e-06
[train] step=247 loss=0.014830 lr=9.998e-06
[train] step=248 loss=0.017897 lr=9.998e-06
[train] step=249 loss=0.043965 lr=9.998e-06
[train] step=250 loss=0.029817 lr=9.998e-06
[train] step=251 loss=0.034014 lr=9.998e-06
[train] step=252 loss=0.014796 lr=9.998e-06
[train] step=253 loss=0.027952 lr=9.998e-06
[train] step=254 loss=0.023009 lr=9.998e-06
[train] step=255 loss=0.032635 lr=9.998e-06
[train] step=256 loss=0.037481 lr=9.998e-06
[train] step=257 loss=0.040895 lr=9.998e-06
[train] step=258 loss=0.021420 lr=9.998e-06
[train] step=259 loss=0.034631 lr=9.998e-06
[train] step=260 loss=0.021547 lr=9.998e-06
[train] step=261 loss=0.020769 lr=9.998e-06
[train] step=262 loss=0.017437 lr=9.998e-06
[train] step=263 loss=0.040003 lr=9.998e-06
[train] step=264 loss=0.045450 lr=9.998e-06
[train] step=265 loss=0.020652 lr=9.998e-06
[train] step=266 loss=0.015902 lr=9.998e-06
[train] step=267 loss=0.022827 lr=9.998e-06
[train] step=268 loss=0.024433 lr=9.998e-06
[train] step=269 loss=0.019796 lr=9.998e-06
[train] step=270 loss=0.017253 lr=9.998e-06
[train] step=271 loss=0.015964 lr=9.998e-06
[train] step=272 loss=0.069608 lr=9.998e-06
[train] step=273 loss=0.019939 lr=9.998e-06
[train] step=274 loss=0.027141 lr=9.998e-06
[train] step=275 loss=0.033476 lr=9.998e-06
[train] step=276 loss=0.014752 lr=9.998e-06
[train] step=277 loss=0.025033 lr=9.998e-06
[train] step=278 loss=0.027205 lr=9.998e-06
[train] step=279 loss=0.019527 lr=9.998e-06
[train] step=280 loss=0.016396 lr=9.998e-06
[train] step=281 loss=0.022961 lr=9.998e-06
[train] step=282 loss=0.019888 lr=9.998e-06
[train] step=283 loss=0.026527 lr=9.998e-06
[train] step=284 loss=0.045015 lr=9.998e-06
[train] step=285 loss=0.026433 lr=9.998e-06
[train] step=286 loss=0.021451 lr=9.998e-06
[train] step=287 loss=0.040149 lr=9.998e-06
[train] step=288 loss=0.018061 lr=9.998e-06
[train] step=289 loss=0.021919 lr=9.998e-06
[train] step=290 loss=0.034279 lr=9.998e-06
[train] step=291 loss=0.021407 lr=9.998e-06
[train] step=292 loss=0.014313 lr=9.998e-06
[train] step=293 loss=0.024546 lr=9.998e-06
[train] step=294 loss=0.028861 lr=9.998e-06
[train] step=295 loss=0.029044 lr=9.998e-06
[train] step=296 loss=0.020819 lr=9.998e-06
[train] step=297 loss=0.052965 lr=9.998e-06
[train] step=298 loss=0.025333 lr=9.998e-06
[train] step=299 loss=0.021514 lr=9.998e-06
[train] step=300 loss=0.020573 lr=9.998e-06
[train] step=301 loss=0.021275 lr=9.998e-06
[train] step=302 loss=0.027251 lr=9.998e-06
[train] step=303 loss=0.020151 lr=9.998e-06
[train] step=304 loss=0.027465 lr=9.997e-06
[train] step=305 loss=0.018576 lr=9.997e-06
[train] step=306 loss=0.016809 lr=9.997e-06
[train] step=307 loss=0.025889 lr=9.997e-06
[train] step=308 loss=0.025268 lr=9.997e-06
[train] step=309 loss=0.024047 lr=9.997e-06
[train] step=310 loss=0.041627 lr=9.997e-06
[train] step=311 loss=0.012314 lr=9.997e-06
[train] step=312 loss=0.016107 lr=9.997e-06
[train] step=313 loss=0.015583 lr=9.997e-06
[train] step=314 loss=0.019180 lr=9.997e-06
[train] step=315 loss=0.045765 lr=9.997e-06
[train] step=316 loss=0.020375 lr=9.997e-06
[train] step=317 loss=0.033059 lr=9.997e-06
[train] step=318 loss=0.024603 lr=9.997e-06
[train] step=319 loss=0.015821 lr=9.997e-06
[train] step=320 loss=0.019832 lr=9.997e-06
[train] step=321 loss=0.020784 lr=9.997e-06
[train] step=322 loss=0.018951 lr=9.997e-06
[train] step=323 loss=0.020918 lr=9.997e-06
[train] step=324 loss=0.011251 lr=9.997e-06
[train] step=325 loss=0.028745 lr=9.997e-06
[train] step=326 loss=0.027091 lr=9.997e-06
[train] step=327 loss=0.030555 lr=9.997e-06
[train] step=328 loss=0.040879 lr=9.997e-06
[train] step=329 loss=0.025639 lr=9.997e-06
[train] step=330 loss=0.017857 lr=9.997e-06
[train] step=331 loss=0.022022 lr=9.997e-06
[train] step=332 loss=0.026652 lr=9.997e-06
[train] step=333 loss=0.018630 lr=9.997e-06
[train] step=334 loss=0.021032 lr=9.997e-06
[train] step=335 loss=0.016825 lr=9.997e-06
[train] step=336 loss=0.024509 lr=9.997e-06
[train] step=337 loss=0.017315 lr=9.997e-06
[train] step=338 loss=0.029193 lr=9.997e-06
[train] step=339 loss=0.028258 lr=9.997e-06
[train] step=340 loss=0.013386 lr=9.997e-06
[train] step=341 loss=0.032005 lr=9.997e-06
[train] step=342 loss=0.035126 lr=9.997e-06
[train] step=343 loss=0.014790 lr=9.997e-06
[train] step=344 loss=0.013663 lr=9.997e-06
[train] step=345 loss=0.046546 lr=9.997e-06
[train] step=346 loss=0.025035 lr=9.997e-06
[train] step=347 loss=0.018503 lr=9.997e-06
[train] step=348 loss=0.014834 lr=9.997e-06
[train] step=349 loss=0.026179 lr=9.997e-06
[train] step=350 loss=0.015158 lr=9.997e-06
[train] step=351 loss=0.018699 lr=9.997e-06
[train] step=352 loss=0.021136 lr=9.997e-06
[train] step=353 loss=0.034780 lr=9.997e-06
[train] step=354 loss=0.031618 lr=9.997e-06
[train] step=355 loss=0.055086 lr=9.997e-06
[train] step=356 loss=0.040457 lr=9.997e-06
[train] step=357 loss=0.016665 lr=9.997e-06
[train] step=358 loss=0.020043 lr=9.997e-06
[train] step=359 loss=0.070272 lr=9.996e-06
[train] step=360 loss=0.029221 lr=9.996e-06
INFO     [rank 0] Model weights for step 360 saved in        dit_trainer.py:1288
         checkpoints/model_weights_step_00360.safetensors                       
INFO     [rank 0] Scalar embedding weights for step 360      dit_trainer.py:1297
         saved                                                                  
INFO     [rank 0] Training state saved:                      dit_trainer.py:1416
         checkpoints/model_weights_step_00360.state.pt                          
DEBUG    [rank 0] Removed old checkpoint:                    dit_trainer.py:1429
         /local/disk/hramachandran/work/wh_work/windinet/dit                    
         _outputs/lundquist/dit_sds_untrained_30k/checkpoint                    
         s/model_weights_step_00120.safetensors                                 
DEBUG    [rank 0] Removed old checkpoint:                    dit_trainer.py:1429
         /local/disk/hramachandran/work/wh_work/windinet/dit                    
         _outputs/lundquist/dit_sds_untrained_30k/checkpoint                    
         s/scalar_embedding_step_00120.safetensors                              
DEBUG    [rank 0] Removed optimizer state for older kept     dit_trainer.py:1444
         checkpoint:                                                            
         /local/disk/hramachandran/work/wh_work/windinet/dit                    
         _outputs/lundquist/dit_sds_untrained_30k/checkpoint                    
         s/model_weights_step_00240.state.pt                                    
[epoch 3] step=360 train_loss=0.025796
[train] step=361 loss=0.016549 lr=9.996e-06
[train] step=362 loss=0.018814 lr=9.996e-06
[train] step=363 loss=0.029361 lr=9.996e-06
[train] step=364 loss=0.037690 lr=9.996e-06
[train] step=365 loss=0.024833 lr=9.996e-06
[train] step=366 loss=0.015151 lr=9.996e-06
[train] step=367 loss=0.014581 lr=9.996e-06
[train] step=368 loss=0.020691 lr=9.996e-06
[train] step=369 loss=0.015672 lr=9.996e-06
[train] step=370 loss=0.025801 lr=9.996e-06
[train] step=371 loss=0.021535 lr=9.996e-06
[train] step=372 loss=0.011612 lr=9.996e-06
[train] step=373 loss=0.026348 lr=9.996e-06
[train] step=374 loss=0.015942 lr=9.996e-06
[train] step=375 loss=0.023866 lr=9.996e-06
[train] step=376 loss=0.033267 lr=9.996e-06
[train] step=377 loss=0.022342 lr=9.996e-06
[train] step=378 loss=0.014093 lr=9.996e-06
[train] step=379 loss=0.019044 lr=9.996e-06
[train] step=380 loss=0.020708 lr=9.996e-06
[train] step=381 loss=0.023565 lr=9.996e-06
[train] step=382 loss=0.022133 lr=9.996e-06
[train] step=383 loss=0.055519 lr=9.996e-06
[train] step=384 loss=0.022162 lr=9.996e-06
[train] step=385 loss=0.019986 lr=9.996e-06
[train] step=386 loss=0.016691 lr=9.996e-06
[train] step=387 loss=0.039953 lr=9.996e-06
[train] step=388 loss=0.016831 lr=9.996e-06
[train] step=389 loss=0.025433 lr=9.996e-06
[train] step=390 loss=0.018611 lr=9.996e-06
[train] step=391 loss=0.030123 lr=9.996e-06
[train] step=392 loss=0.014011 lr=9.996e-06
[train] step=393 loss=0.020008 lr=9.996e-06
[train] step=394 loss=0.019564 lr=9.996e-06
[train] step=395 loss=0.125087 lr=9.996e-06
[train] step=396 loss=0.020280 lr=9.996e-06
[train] step=397 loss=0.030796 lr=9.996e-06
[train] step=398 loss=0.024792 lr=9.996e-06
[train] step=399 loss=0.022396 lr=9.996e-06
[train] step=400 loss=0.050443 lr=9.996e-06
[train] step=401 loss=0.022482 lr=9.996e-06
[train] step=402 loss=0.015650 lr=9.996e-06
[train] step=403 loss=0.016690 lr=9.996e-06
[train] step=404 loss=0.016377 lr=9.996e-06
[train] step=405 loss=0.021195 lr=9.996e-06
[train] step=406 loss=0.018873 lr=9.996e-06
[train] step=407 loss=0.014575 lr=9.995e-06
[train] step=408 loss=0.018814 lr=9.995e-06
[train] step=409 loss=0.015773 lr=9.995e-06
[train] step=410 loss=0.033725 lr=9.995e-06
[train] step=411 loss=0.020326 lr=9.995e-06
[train] step=412 loss=0.013921 lr=9.995e-06
[train] step=413 loss=0.023591 lr=9.995e-06
[train] step=414 loss=0.022028 lr=9.995e-06
[train] step=415 loss=0.023779 lr=9.995e-06
[train] step=416 loss=0.021595 lr=9.995e-06
[train] step=417 loss=0.013394 lr=9.995e-06
[train] step=418 loss=0.013615 lr=9.995e-06
[train] step=419 loss=0.056701 lr=9.995e-06
[train] step=420 loss=0.027298 lr=9.995e-06
[train] step=421 loss=0.016530 lr=9.995e-06
[train] step=422 loss=0.025697 lr=9.995e-06
[train] step=423 loss=0.020132 lr=9.995e-06
[train] step=424 loss=0.021754 lr=9.995e-06
[train] step=425 loss=0.018660 lr=9.995e-06
[train] step=426 loss=0.011482 lr=9.995e-06
[train] step=427 loss=0.014101 lr=9.995e-06
[train] step=428 loss=0.014760 lr=9.995e-06
[train] step=429 loss=0.010780 lr=9.995e-06
[train] step=430 loss=0.019267 lr=9.995e-06
[train] step=431 loss=0.015222 lr=9.995e-06
[train] step=432 loss=0.019507 lr=9.995e-06
[train] step=433 loss=0.016962 lr=9.995e-06
[train] step=434 loss=0.023734 lr=9.995e-06
[train] step=435 loss=0.025092 lr=9.995e-06
[train] step=436 loss=0.029443 lr=9.995e-06
[train] step=437 loss=0.014918 lr=9.995e-06
[train] step=438 loss=0.014237 lr=9.995e-06
[train] step=439 loss=0.014612 lr=9.995e-06
[train] step=440 loss=0.022136 lr=9.995e-06
[train] step=441 loss=0.024045 lr=9.995e-06
[train] step=442 loss=0.020403 lr=9.995e-06
[train] step=443 loss=0.015124 lr=9.995e-06
[train] step=444 loss=0.019206 lr=9.995e-06
[train] step=445 loss=0.030484 lr=9.995e-06
[train] step=446 loss=0.028026 lr=9.995e-06
[train] step=447 loss=0.024248 lr=9.995e-06
[train] step=448 loss=0.032638 lr=9.995e-06
[train] step=449 loss=0.021862 lr=9.995e-06
[train] step=450 loss=0.029741 lr=9.994e-06
[train] step=451 loss=0.015101 lr=9.994e-06
[train] step=452 loss=0.021220 lr=9.994e-06
[train] step=453 loss=0.021231 lr=9.994e-06
[train] step=454 loss=0.017973 lr=9.994e-06
[train] step=455 loss=0.014831 lr=9.994e-06
[train] step=456 loss=0.044177 lr=9.994e-06
[train] step=457 loss=0.020975 lr=9.994e-06
[train] step=458 loss=0.031733 lr=9.994e-06
[train] step=459 loss=0.020072 lr=9.994e-06
[train] step=460 loss=0.026695 lr=9.994e-06
[train] step=461 loss=0.012209 lr=9.994e-06
[train] step=462 loss=0.035121 lr=9.994e-06
[train] step=463 loss=0.016611 lr=9.994e-06
[train] step=464 loss=0.026179 lr=9.994e-06
[train] step=465 loss=0.026212 lr=9.994e-06
[train] step=466 loss=0.016419 lr=9.994e-06
[train] step=467 loss=0.030671 lr=9.994e-06
[train] step=468 loss=0.018737 lr=9.994e-06
[train] step=469 loss=0.013659 lr=9.994e-06
[train] step=470 loss=0.028808 lr=9.994e-06
[train] step=471 loss=0.015121 lr=9.994e-06
[train] step=472 loss=0.024665 lr=9.994e-06
[train] step=473 loss=0.018821 lr=9.994e-06
[train] step=474 loss=0.024001 lr=9.994e-06
[train] step=475 loss=0.015786 lr=9.994e-06
[train] step=476 loss=0.027774 lr=9.994e-06
[train] step=477 loss=0.020528 lr=9.994e-06
[train] step=478 loss=0.017566 lr=9.994e-06
[train] step=479 loss=0.057094 lr=9.994e-06
[train] step=480 loss=0.015568 lr=9.994e-06
INFO     [rank 0] Model weights for step 480 saved in        dit_trainer.py:1288
         checkpoints/model_weights_step_00480.safetensors                       
INFO     [rank 0] Scalar embedding weights for step 480      dit_trainer.py:1297
         saved                                                                  
INFO     [rank 0] Training state saved:                      dit_trainer.py:1416
         checkpoints/model_weights_step_00480.state.pt                          
DEBUG    [rank 0] Removed old checkpoint:                    dit_trainer.py:1429
         /local/disk/hramachandran/work/wh_work/windinet/dit                    
         _outputs/lundquist/dit_sds_untrained_30k/checkpoint                    
         s/model_weights_step_00240.safetensors                                 
DEBUG    [rank 0] Removed old checkpoint:                    dit_trainer.py:1429
         /local/disk/hramachandran/work/wh_work/windinet/dit                    
         _outputs/lundquist/dit_sds_untrained_30k/checkpoint                    
         s/scalar_embedding_step_00240.safetensors                              
DEBUG    [rank 0] Removed optimizer state for older kept     dit_trainer.py:1444
         checkpoint:                                                            
         /local/disk/hramachandran/work/wh_work/windinet/dit                    
         _outputs/lundquist/dit_sds_untrained_30k/checkpoint                    
         s/model_weights_step_00360.state.pt                                    
[epoch 4] step=480 train_loss=0.023339
[train] step=481 loss=0.018628 lr=9.994e-06
[train] step=482 loss=0.015508 lr=9.994e-06
[train] step=483 loss=0.035764 lr=9.994e-06
[train] step=484 loss=0.017887 lr=9.994e-06
[train] step=485 loss=0.025279 lr=9.994e-06
[train] step=486 loss=0.008545 lr=9.994e-06
[train] step=487 loss=0.011434 lr=9.994e-06
[train] step=488 loss=0.030901 lr=9.994e-06
[train] step=489 loss=0.016841 lr=9.993e-06
[train] step=490 loss=0.023510 lr=9.993e-06
[train] step=491 loss=0.017873 lr=9.993e-06
[train] step=492 loss=0.030641 lr=9.993e-06
[train] step=493 loss=0.013482 lr=9.993e-06
[train] step=494 loss=0.023530 lr=9.993e-06
[train] step=495 loss=0.020396 lr=9.993e-06
[train] step=496 loss=0.020259 lr=9.993e-06
[train] step=497 loss=0.019407 lr=9.993e-06
[train] step=498 loss=0.016350 lr=9.993e-06
[train] step=499 loss=0.042382 lr=9.993e-06
[train] step=500 loss=0.012965 lr=9.993e-06
[train] step=501 loss=0.024012 lr=9.993e-06
[train] step=502 loss=0.021100 lr=9.993e-06
[train] step=503 loss=0.012948 lr=9.993e-06
[train] step=504 loss=0.029939 lr=9.993e-06
[train] step=505 loss=0.029165 lr=9.993e-06
[train] step=506 loss=0.018185 lr=9.993e-06
[train] step=507 loss=0.027666 lr=9.993e-06
[train] step=508 loss=0.065321 lr=9.993e-06
[train] step=509 loss=0.042643 lr=9.993e-06
[train] step=510 loss=0.016382 lr=9.993e-06
[train] step=511 loss=0.015669 lr=9.993e-06
[train] step=512 loss=0.013634 lr=9.993e-06
[train] step=513 loss=0.019487 lr=9.993e-06
[train] step=514 loss=0.019180 lr=9.993e-06
[train] step=515 loss=0.031169 lr=9.993e-06
[train] step=516 loss=0.037134 lr=9.993e-06
[train] step=517 loss=0.035318 lr=9.993e-06
[train] step=518 loss=0.038989 lr=9.993e-06
[train] step=519 loss=0.015190 lr=9.993e-06
[train] step=520 loss=0.041990 lr=9.993e-06
[train] step=521 loss=0.027786 lr=9.993e-06
[train] step=522 loss=0.056715 lr=9.993e-06
[train] step=523 loss=0.018489 lr=9.993e-06
[train] step=524 loss=0.018557 lr=9.993e-06
[train] step=525 loss=0.019632 lr=9.992e-06
[train] step=526 loss=0.029326 lr=9.992e-06
[train] step=527 loss=0.027479 lr=9.992e-06
[train] step=528 loss=0.075842 lr=9.992e-06
[train] step=529 loss=0.047728 lr=9.992e-06
[train] step=530 loss=0.013690 lr=9.992e-06
[train] step=531 loss=0.021471 lr=9.992e-06
[train] step=532 loss=0.024075 lr=9.992e-06
[train] step=533 loss=0.027672 lr=9.992e-06
[train] step=534 loss=0.039368 lr=9.992e-06
[train] step=535 loss=0.014202 lr=9.992e-06
[train] step=536 loss=0.014955 lr=9.992e-06
[train] step=537 loss=0.013933 lr=9.992e-06
[train] step=538 loss=0.018425 lr=9.992e-06
[train] step=539 loss=0.014942 lr=9.992e-06
[train] step=540 loss=0.022098 lr=9.992e-06
[train] step=541 loss=0.015575 lr=9.992e-06
[train] step=542 loss=0.014864 lr=9.992e-06
[train] step=543 loss=0.025478 lr=9.992e-06
[train] step=544 loss=0.011959 lr=9.992e-06
[train] step=545 loss=0.018354 lr=9.992e-06
[train] step=546 loss=0.016792 lr=9.992e-06
[train] step=547 loss=0.018632 lr=9.992e-06
[train] step=548 loss=0.019486 lr=9.992e-06
[train] step=549 loss=0.015968 lr=9.992e-06
[train] step=550 loss=0.025968 lr=9.992e-06
[train] step=551 loss=0.018194 lr=9.992e-06
[train] step=552 loss=0.018791 lr=9.992e-06
[train] step=553 loss=0.016876 lr=9.992e-06
[train] step=554 loss=0.011433 lr=9.992e-06
[train] step=555 loss=0.023895 lr=9.992e-06
[train] step=556 loss=0.022698 lr=9.992e-06
[train] step=557 loss=0.017689 lr=9.992e-06
[train] step=558 loss=0.015343 lr=9.992e-06
[train] step=559 loss=0.017603 lr=9.991e-06
[train] step=560 loss=0.024848 lr=9.991e-06
[train] step=561 loss=0.013423 lr=9.991e-06
[train] step=562 loss=0.032557 lr=9.991e-06
[train] step=563 loss=0.026696 lr=9.991e-06
[train] step=564 loss=0.028677 lr=9.991e-06
[train] step=565 loss=0.023470 lr=9.991e-06
[train] step=566 loss=0.051585 lr=9.991e-06
[train] step=567 loss=0.033165 lr=9.991e-06
[train] step=568 loss=0.013921 lr=9.991e-06
[train] step=569 loss=0.028770 lr=9.991e-06
[train] step=570 loss=0.026406 lr=9.991e-06
[train] step=571 loss=0.020318 lr=9.991e-06
[train] step=572 loss=0.029089 lr=9.991e-06
[train] step=573 loss=0.015936 lr=9.991e-06
[train] step=574 loss=0.017949 lr=9.991e-06
[train] step=575 loss=0.025445 lr=9.991e-06
[train] step=576 loss=0.022205 lr=9.991e-06
[train] step=577 loss=0.011523 lr=9.991e-06
[train] step=578 loss=0.025450 lr=9.991e-06
[train] step=579 loss=0.023203 lr=9.991e-06
[train] step=580 loss=0.024123 lr=9.991e-06
[train] step=581 loss=0.017092 lr=9.991e-06
[train] step=582 loss=0.022344 lr=9.991e-06
[train] step=583 loss=0.050089 lr=9.991e-06
[train] step=584 loss=0.025494 lr=9.991e-06
[train] step=585 loss=0.019910 lr=9.991e-06
[train] step=586 loss=0.010622 lr=9.991e-06
[train] step=587 loss=0.017204 lr=9.991e-06
[train] step=588 loss=0.015491 lr=9.991e-06
[train] step=589 loss=0.030104 lr=9.991e-06
[train] step=590 loss=0.041776 lr=9.991e-06
[train] step=591 loss=0.012741 lr=9.990e-06
[train] step=592 loss=0.013723 lr=9.990e-06
[train] step=593 loss=0.018531 lr=9.990e-06
[train] step=594 loss=0.014864 lr=9.990e-06
[train] step=595 loss=0.013616 lr=9.990e-06
[train] step=596 loss=0.020350 lr=9.990e-06
[train] step=597 loss=0.023003 lr=9.990e-06
[train] step=598 loss=0.014511 lr=9.990e-06
[train] step=599 loss=0.022057 lr=9.990e-06
[train] step=600 loss=0.019181 lr=9.990e-06
[val] step=600 val_loss=0.020245
INFO     [rank 0] Model weights for step 600 saved in        dit_trainer.py:1288
         checkpoints/model_weights_step_00600.safetensors                       
INFO     [rank 0] Scalar embedding weights for step 600      dit_trainer.py:1297
         saved                                                                  
INFO     [rank 0] Training state saved:                      dit_trainer.py:1416
         checkpoints/model_weights_step_00600.state.pt                          
INFO     [rank 0] New best checkpoint (step 600,             dit_trainer.py:1320
         val_loss=0.020245):                                                    
         checkpoints/model_weights_best.safetensors                             
DEBUG    [rank 0] Removed old checkpoint:                    dit_trainer.py:1429
         /local/disk/hramachandran/work/wh_work/windinet/dit                    
         _outputs/lundquist/dit_sds_untrained_30k/checkpoint                    
         s/model_weights_step_00360.safetensors                                 
DEBUG    [rank 0] Removed old checkpoint:                    dit_trainer.py:1429
         /local/disk/hramachandran/work/wh_work/windinet/dit                    
         _outputs/lundquist/dit_sds_untrained_30k/checkpoint                    
         s/scalar_embedding_step_00360.safetensors                              
DEBUG    [rank 0] Removed optimizer state for older kept     dit_trainer.py:1444
         checkpoint:                                                            
         /local/disk/hramachandran/work/wh_work/windinet/dit                    
         _outputs/lundquist/dit_sds_untrained_30k/checkpoint                    
         s/model_weights_step_00480.state.pt                                    
[epoch 5] step=600 train_loss=0.023388 val_loss=0.020245
[train] step=601 loss=0.015669 lr=9.990e-06
[train] step=602 loss=0.036469 lr=9.990e-06
[train] step=603 loss=0.013935 lr=9.990e-06
[train] step=604 loss=0.026159 lr=9.990e-06
[train] step=605 loss=0.023390 lr=9.990e-06
[train] step=606 loss=0.013447 lr=9.990e-06
[train] step=607 loss=0.022365 lr=9.990e-06
[train] step=608 loss=0.026552 lr=9.990e-06
[train] step=609 loss=0.021795 lr=9.990e-06
[train] step=610 loss=0.029950 lr=9.990e-06
[train] step=611 loss=0.019606 lr=9.990e-06
[train] step=612 loss=0.018161 lr=9.990e-06
[train] step=613 loss=0.016670 lr=9.990e-06
[train] step=614 loss=0.021835 lr=9.990e-06
[train] step=615 loss=0.015894 lr=9.990e-06
[train] step=616 loss=0.019540 lr=9.990e-06
[train] step=617 loss=0.039065 lr=9.990e-06
[train] step=618 loss=0.015987 lr=9.990e-06
[train] step=619 loss=0.014202 lr=9.990e-06
[train] step=620 loss=0.019224 lr=9.990e-06
[train] step=621 loss=0.018869 lr=9.989e-06
[train] step=622 loss=0.013430 lr=9.989e-06
[train] step=623 loss=0.015344 lr=9.989e-06
[train] step=624 loss=0.014760 lr=9.989e-06
[train] step=625 loss=0.016709 lr=9.989e-06
[train] step=626 loss=0.028509 lr=9.989e-06
[train] step=627 loss=0.018744 lr=9.989e-06
[train] step=628 loss=0.033438 lr=9.989e-06
[train] step=629 loss=0.022680 lr=9.989e-06
[train] step=630 loss=0.017300 lr=9.989e-06
[train] step=631 loss=0.020822 lr=9.989e-06
[train] step=632 loss=0.014939 lr=9.989e-06
[train] step=633 loss=0.099927 lr=9.989e-06
[train] step=634 loss=0.018844 lr=9.989e-06
[train] step=635 loss=0.023554 lr=9.989e-06
[train] step=636 loss=0.032038 lr=9.989e-06
[train] step=637 loss=0.012418 lr=9.989e-06
[train] step=638 loss=0.018323 lr=9.989e-06
[train] step=639 loss=0.023099 lr=9.989e-06
[train] step=640 loss=0.030826 lr=9.989e-06
[train] step=641 loss=0.010390 lr=9.989e-06
[train] step=642 loss=0.015140 lr=9.989e-06
[train] step=643 loss=0.019787 lr=9.989e-06
[train] step=644 loss=0.034513 lr=9.989e-06
[train] step=645 loss=0.022724 lr=9.989e-06
[train] step=646 loss=0.016010 lr=9.989e-06
[train] step=647 loss=0.019767 lr=9.989e-06
[train] step=648 loss=0.019403 lr=9.989e-06
[train] step=649 loss=0.013567 lr=9.989e-06
[train] step=650 loss=0.016063 lr=9.988e-06
[train] step=651 loss=0.026685 lr=9.988e-06
[train] step=652 loss=0.026617 lr=9.988e-06
[train] step=653 loss=0.027533 lr=9.988e-06
[train] step=654 loss=0.014302 lr=9.988e-06
[train] step=655 loss=0.024415 lr=9.988e-06
[train] step=656 loss=0.012232 lr=9.988e-06
[train] step=657 loss=0.017108 lr=9.988e-06
[train] step=658 loss=0.028254 lr=9.988e-06
[train] step=659 loss=0.034191 lr=9.988e-06
[train] step=660 loss=0.010146 lr=9.988e-06
[train] step=661 loss=0.012451 lr=9.988e-06
[train] step=662 loss=0.016038 lr=9.988e-06
[train] step=663 loss=0.012158 lr=9.988e-06
[train] step=664 loss=0.015429 lr=9.988e-06
[train] step=665 loss=0.017638 lr=9.988e-06
[train] step=666 loss=0.017398 lr=9.988e-06
[train] step=667 loss=0.015216 lr=9.988e-06
[train] step=668 loss=0.012535 lr=9.988e-06
[train] step=669 loss=0.017418 lr=9.988e-06
[train] step=670 loss=0.017599 lr=9.988e-06
[train] step=671 loss=0.018584 lr=9.988e-06
[train] step=672 loss=0.017579 lr=9.988e-06
[train] step=673 loss=0.017487 lr=9.988e-06
[train] step=674 loss=0.017031 lr=9.988e-06
[train] step=675 loss=0.039903 lr=9.988e-06
[train] step=676 loss=0.042236 lr=9.988e-06
[train] step=677 loss=0.038162 lr=9.987e-06
[train] step=678 loss=0.015596 lr=9.987e-06
[train] step=679 loss=0.012125 lr=9.987e-06
[train] step=680 loss=0.027298 lr=9.987e-06
[train] step=681 loss=0.013150 lr=9.987e-06
[train] step=682 loss=0.014800 lr=9.987e-06
[train] step=683 loss=0.013208 lr=9.987e-06
[train] step=684 loss=0.010673 lr=9.987e-06
[train] step=685 loss=0.018990 lr=9.987e-06
[train] step=686 loss=0.018703 lr=9.987e-06
[train] step=687 loss=0.022103 lr=9.987e-06
[train] step=688 loss=0.020466 lr=9.987e-06
[train] step=689 loss=0.014870 lr=9.987e-06
[train] step=690 loss=0.017951 lr=9.987e-06
[train] step=691 loss=0.027312 lr=9.987e-06
[train] step=692 loss=0.018991 lr=9.987e-06
[train] step=693 loss=0.012988 lr=9.987e-06
[train] step=694 loss=0.015275 lr=9.987e-06
[train] step=695 loss=0.017128 lr=9.987e-06
[train] step=696 loss=0.015778 lr=9.987e-06
[train] step=697 loss=0.032152 lr=9.987e-06
[train] step=698 loss=0.013919 lr=9.987e-06
[train] step=699 loss=0.020015 lr=9.987e-06
[train] step=700 loss=0.018378 lr=9.987e-06
[train] step=701 loss=0.022806 lr=9.987e-06
[train] step=702 loss=0.012802 lr=9.987e-06
[train] step=703 loss=0.027281 lr=9.987e-06
[train] step=704 loss=0.015561 lr=9.986e-06
[train] step=705 loss=0.016574 lr=9.986e-06
[train] step=706 loss=0.021904 lr=9.986e-06
[train] step=707 loss=0.026751 lr=9.986e-06
[train] step=708 loss=0.026576 lr=9.986e-06
[train] step=709 loss=0.020550 lr=9.986e-06
[train] step=710 loss=0.023207 lr=9.986e-06
[train] step=711 loss=0.013660 lr=9.986e-06
[train] step=712 loss=0.010422 lr=9.986e-06
[train] step=713 loss=0.015098 lr=9.986e-06
[train] step=714 loss=0.023344 lr=9.986e-06
[train] step=715 loss=0.016935 lr=9.986e-06
[train] step=716 loss=0.019568 lr=9.986e-06
[train] step=717 loss=0.013857 lr=9.986e-06
[train] step=718 loss=0.017130 lr=9.986e-06
[train] step=719 loss=0.013642 lr=9.986e-06
[train] step=720 loss=0.011577 lr=9.986e-06
INFO     [rank 0] Model weights for step 720 saved in        dit_trainer.py:1288
         checkpoints/model_weights_step_00720.safetensors                       
INFO     [rank 0] Scalar embedding weights for step 720      dit_trainer.py:1297
         saved                                                                  
INFO     [rank 0] Training state saved:                      dit_trainer.py:1416
         checkpoints/model_weights_step_00720.state.pt                          
DEBUG    [rank 0] Removed old checkpoint:                    dit_trainer.py:1429
         /local/disk/hramachandran/work/wh_work/windinet/dit                    
         _outputs/lundquist/dit_sds_untrained_30k/checkpoint                    
         s/model_weights_step_00480.safetensors                                 
DEBUG    [rank 0] Removed old checkpoint:                    dit_trainer.py:1429
         /local/disk/hramachandran/work/wh_work/windinet/dit                    
         _outputs/lundquist/dit_sds_untrained_30k/checkpoint                    
         s/scalar_embedding_step_00480.safetensors                              
DEBUG    [rank 0] Removed optimizer state for older kept     dit_trainer.py:1444
         checkpoint:                                                            
         /local/disk/hramachandran/work/wh_work/windinet/dit                    
         _outputs/lundquist/dit_sds_untrained_30k/checkpoint                    
         s/model_weights_step_00600.state.pt                                    
[epoch 6] step=720 train_loss=0.020558
[train] step=721 loss=0.019427 lr=9.986e-06
[train] step=722 loss=0.014206 lr=9.986e-06
[train] step=723 loss=0.009827 lr=9.986e-06
[train] step=724 loss=0.014354 lr=9.986e-06
[train] step=725 loss=0.021967 lr=9.986e-06
[train] step=726 loss=0.021580 lr=9.986e-06
[train] step=727 loss=0.019836 lr=9.986e-06
[train] step=728 loss=0.033502 lr=9.986e-06
[train] step=729 loss=0.014711 lr=9.985e-06
[train] step=730 loss=0.016133 lr=9.985e-06
[train] step=731 loss=0.022215 lr=9.985e-06
[train] step=732 loss=0.017083 lr=9.985e-06
[train] step=733 loss=0.075275 lr=9.985e-06
[train] step=734 loss=0.024411 lr=9.985e-06
[train] step=735 loss=0.014453 lr=9.985e-06
[train] step=736 loss=0.020540 lr=9.985e-06
[train] step=737 loss=0.011464 lr=9.985e-06
[train] step=738 loss=0.021583 lr=9.985e-06
[train] step=739 loss=0.023521 lr=9.985e-06
[train] step=740 loss=0.017084 lr=9.985e-06
[train] step=741 loss=0.024220 lr=9.985e-06
[train] step=742 loss=0.025469 lr=9.985e-06
[train] step=743 loss=0.020588 lr=9.985e-06
[train] step=744 loss=0.015102 lr=9.985e-06
[train] step=745 loss=0.020622 lr=9.985e-06
[train] step=746 loss=0.014902 lr=9.985e-06
[train] step=747 loss=0.013536 lr=9.985e-06
[train] step=748 loss=0.013657 lr=9.985e-06
[train] step=749 loss=0.015829 lr=9.985e-06
[train] step=750 loss=0.014492 lr=9.985e-06
[train] step=751 loss=0.022001 lr=9.985e-06
[train] step=752 loss=0.016332 lr=9.985e-06
[train] step=753 loss=0.010960 lr=9.985e-06
[train] step=754 loss=0.010536 lr=9.984e-06
[train] step=755 loss=0.016020 lr=9.984e-06
[train] step=756 loss=0.009789 lr=9.984e-06
[train] step=757 loss=0.011913 lr=9.984e-06
[train] step=758 loss=0.012014 lr=9.984e-06
[train] step=759 loss=0.044744 lr=9.984e-06
[train] step=760 loss=0.026235 lr=9.984e-06
[train] step=761 loss=0.019926 lr=9.984e-06
[train] step=762 loss=0.018052 lr=9.984e-06
[train] step=763 loss=0.012601 lr=9.984e-06
[train] step=764 loss=0.017137 lr=9.984e-06
[train] step=765 loss=0.021214 lr=9.984e-06
[train] step=766 loss=0.036555 lr=9.984e-06
[train] step=767 loss=0.010173 lr=9.984e-06
[train] step=768 loss=0.014010 lr=9.984e-06
[train] step=769 loss=0.016268 lr=9.984e-06
[train] step=770 loss=0.022200 lr=9.984e-06
[train] step=771 loss=0.024014 lr=9.984e-06
[train] step=772 loss=0.030864 lr=9.984e-06
[train] step=773 loss=0.019919 lr=9.984e-06
[train] step=774 loss=0.026026 lr=9.984e-06
[train] step=775 loss=0.011506 lr=9.984e-06
[train] step=776 loss=0.040301 lr=9.984e-06
[train] step=777 loss=0.013189 lr=9.984e-06
[train] step=778 loss=0.014610 lr=9.983e-06
[train] step=779 loss=0.013567 lr=9.983e-06
[train] step=780 loss=0.009106 lr=9.983e-06
[train] step=781 loss=0.012114 lr=9.983e-06
[train] step=782 loss=0.012376 lr=9.983e-06
[train] step=783 loss=0.018345 lr=9.983e-06
[train] step=784 loss=0.007989 lr=9.983e-06
[train] step=785 loss=0.045310 lr=9.983e-06
[train] step=786 loss=0.024016 lr=9.983e-06
[train] step=787 loss=0.052183 lr=9.983e-06
[train] step=788 loss=0.011798 lr=9.983e-06
[train] step=789 loss=0.014496 lr=9.983e-06
[train] step=790 loss=0.012343 lr=9.983e-06
[train] step=791 loss=0.015467 lr=9.983e-06
[train] step=792 loss=0.015602 lr=9.983e-06
[train] step=793 loss=0.014390 lr=9.983e-06
[train] step=794 loss=0.012436 lr=9.983e-06
[train] step=795 loss=0.012246 lr=9.983e-06
[train] step=796 loss=0.033346 lr=9.983e-06
[train] step=797 loss=0.020401 lr=9.983e-06
[train] step=798 loss=0.018120 lr=9.983e-06
[train] step=799 loss=0.056039 lr=9.983e-06
[train] step=800 loss=0.015450 lr=9.983e-06
[train] step=801 loss=0.014794 lr=9.982e-06
[train] step=802 loss=0.015092 lr=9.982e-06
[train] step=803 loss=0.026109 lr=9.982e-06
[train] step=804 loss=0.008147 lr=9.982e-06
[train] step=805 loss=0.027980 lr=9.982e-06
[train] step=806 loss=0.027250 lr=9.982e-06
[train] step=807 loss=0.018035 lr=9.982e-06
[train] step=808 loss=0.024199 lr=9.982e-06
[train] step=809 loss=0.017149 lr=9.982e-06
[train] step=810 loss=0.025585 lr=9.982e-06
[train] step=811 loss=0.013353 lr=9.982e-06
[train] step=812 loss=0.018761 lr=9.982e-06
[train] step=813 loss=0.020170 lr=9.982e-06
[train] step=814 loss=0.021116 lr=9.982e-06
[train] step=815 loss=0.017088 lr=9.982e-06
[train] step=816 loss=0.014377 lr=9.982e-06
[train] step=817 loss=0.017393 lr=9.982e-06
[train] step=818 loss=0.014432 lr=9.982e-06
[train] step=819 loss=0.011925 lr=9.982e-06
[train] step=820 loss=0.023504 lr=9.982e-06
[train] step=821 loss=0.022695 lr=9.982e-06
[train] step=822 loss=0.018739 lr=9.982e-06
[train] step=823 loss=0.026067 lr=9.982e-06
[train] step=824 loss=0.024821 lr=9.981e-06
[train] step=825 loss=0.013329 lr=9.981e-06
[train] step=826 loss=0.018763 lr=9.981e-06
[train] step=827 loss=0.012160 lr=9.981e-06
[train] step=828 loss=0.022771 lr=9.981e-06
[train] step=829 loss=0.014162 lr=9.981e-06
[train] step=830 loss=0.016326 lr=9.981e-06
[train] step=831 loss=0.013331 lr=9.981e-06
[train] step=832 loss=0.028246 lr=9.981e-06
[train] step=833 loss=0.016452 lr=9.981e-06
[train] step=834 loss=0.016655 lr=9.981e-06
[train] step=835 loss=0.036871 lr=9.981e-06
[train] step=836 loss=0.012817 lr=9.981e-06
[train] step=837 loss=0.015910 lr=9.981e-06
[train] step=838 loss=0.015778 lr=9.981e-06
[train] step=839 loss=0.024066 lr=9.981e-06
[train] step=840 loss=0.020713 lr=9.981e-06
INFO     [rank 0] Model weights for step 840 saved in        dit_trainer.py:1288
         checkpoints/model_weights_step_00840.safetensors                       
INFO     [rank 0] Scalar embedding weights for step 840      dit_trainer.py:1297
         saved                                                                  
INFO     [rank 0] Training state saved:                      dit_trainer.py:1416
         checkpoints/model_weights_step_00840.state.pt                          
DEBUG    [rank 0] Removed old checkpoint:                    dit_trainer.py:1429
         /local/disk/hramachandran/work/wh_work/windinet/dit                    
         _outputs/lundquist/dit_sds_untrained_30k/checkpoint                    
         s/model_weights_step_00600.safetensors                                 
DEBUG    [rank 0] Removed old checkpoint:                    dit_trainer.py:1429
         /local/disk/hramachandran/work/wh_work/windinet/dit                    
         _outputs/lundquist/dit_sds_untrained_30k/checkpoint                    
         s/scalar_embedding_step_00600.safetensors                              
DEBUG    [rank 0] Removed optimizer state for older kept     dit_trainer.py:1444
         checkpoint:                                                            
         /local/disk/hramachandran/work/wh_work/windinet/dit                    
         _outputs/lundquist/dit_sds_untrained_30k/checkpoint                    
         s/model_weights_step_00720.state.pt                                    
[epoch 7] step=840 train_loss=0.019715
[train] step=841 loss=0.018770 lr=9.981e-06
[train] step=842 loss=0.018670 lr=9.981e-06
[train] step=843 loss=0.012132 lr=9.981e-06
[train] step=844 loss=0.015558 lr=9.981e-06
[train] step=845 loss=0.020937 lr=9.981e-06
[train] step=846 loss=0.013862 lr=9.980e-06
[train] step=847 loss=0.019438 lr=9.980e-06
[train] step=848 loss=0.013839 lr=9.980e-06
[train] step=849 loss=0.013524 lr=9.980e-06
[train] step=850 loss=0.015478 lr=9.980e-06
[train] step=851 loss=0.017368 lr=9.980e-06
[train] step=852 loss=0.012158 lr=9.980e-06
[train] step=853 loss=0.008864 lr=9.980e-06
[train] step=854 loss=0.042563 lr=9.980e-06
[train] step=855 loss=0.019291 lr=9.980e-06
[train] step=856 loss=0.010362 lr=9.980e-06
[train] step=857 loss=0.017882 lr=9.980e-06
[train] step=858 loss=0.024835 lr=9.980e-06
[train] step=859 loss=0.015847 lr=9.980e-06
[train] step=860 loss=0.009532 lr=9.980e-06
[train] step=861 loss=0.011606 lr=9.980e-06
[train] step=862 loss=0.031996 lr=9.980e-06
[train] step=863 loss=0.050528 lr=9.980e-06
[train] step=864 loss=0.010505 lr=9.980e-06
[train] step=865 loss=0.021315 lr=9.980e-06
[train] step=866 loss=0.019333 lr=9.980e-06
[train] step=867 loss=0.014542 lr=9.979e-06
[train] step=868 loss=0.020890 lr=9.979e-06
[train] step=869 loss=0.020337 lr=9.979e-06
[train] step=870 loss=0.016813 lr=9.979e-06
[train] step=871 loss=0.015875 lr=9.979e-06
[train] step=872 loss=0.030011 lr=9.979e-06
[train] step=873 loss=0.023576 lr=9.979e-06
[train] step=874 loss=0.015260 lr=9.979e-06
[train] step=875 loss=0.019767 lr=9.979e-06
[train] step=876 loss=0.014077 lr=9.979e-06
[train] step=877 loss=0.015912 lr=9.979e-06
[train] step=878 loss=0.020657 lr=9.979e-06
[train] step=879 loss=0.011481 lr=9.979e-06
[train] step=880 loss=0.037470 lr=9.979e-06
[train] step=881 loss=0.014503 lr=9.979e-06
[train] step=882 loss=0.031519 lr=9.979e-06
[train] step=883 loss=0.050634 lr=9.979e-06
[train] step=884 loss=0.011697 lr=9.979e-06
[train] step=885 loss=0.019092 lr=9.979e-06
[train] step=886 loss=0.018119 lr=9.979e-06
[train] step=887 loss=0.013165 lr=9.979e-06
[train] step=888 loss=0.021225 lr=9.978e-06
[train] step=889 loss=0.016293 lr=9.978e-06
[train] step=890 loss=0.018009 lr=9.978e-06
[train] step=891 loss=0.014833 lr=9.978e-06
[train] step=892 loss=0.012945 lr=9.978e-06
[train] step=893 loss=0.011577 lr=9.978e-06
[train] step=894 loss=0.013978 lr=9.978e-06
[train] step=895 loss=0.022259 lr=9.978e-06
[train] step=896 loss=0.045080 lr=9.978e-06
[train] step=897 loss=0.023104 lr=9.978e-06
[train] step=898 loss=0.014817 lr=9.978e-06
[train] step=899 loss=0.023643 lr=9.978e-06
[train] step=900 loss=0.020020 lr=9.978e-06
[train] step=901 loss=0.016072 lr=9.978e-06
[train] step=902 loss=0.018029 lr=9.978e-06
[train] step=903 loss=0.016353 lr=9.978e-06
[train] step=904 loss=0.016618 lr=9.978e-06
[train] step=905 loss=0.067162 lr=9.978e-06
[train] step=906 loss=0.014019 lr=9.978e-06
[train] step=907 loss=0.020313 lr=9.978e-06
[train] step=908 loss=0.017134 lr=9.977e-06
[train] step=909 loss=0.012614 lr=9.977e-06
[train] step=910 loss=0.014575 lr=9.977e-06
[train] step=911 loss=0.013986 lr=9.977e-06
[train] step=912 loss=0.042585 lr=9.977e-06
[train] step=913 loss=0.017411 lr=9.977e-06
[train] step=914 loss=0.025059 lr=9.977e-06
[train] step=915 loss=0.027325 lr=9.977e-06
[train] step=916 loss=0.018805 lr=9.977e-06
[train] step=917 loss=0.013045 lr=9.977e-06
[train] step=918 loss=0.015693 lr=9.977e-06
[train] step=919 loss=0.017130 lr=9.977e-06
[train] step=920 loss=0.030853 lr=9.977e-06
[train] step=921 loss=0.025694 lr=9.977e-06
[train] step=922 loss=0.012433 lr=9.977e-06
[train] step=923 loss=0.009954 lr=9.977e-06
[train] step=924 loss=0.022618 lr=9.977e-06
[train] step=925 loss=0.016743 lr=9.977e-06
[train] step=926 loss=0.012699 lr=9.977e-06
[train] step=927 loss=0.014568 lr=9.977e-06
[train] step=928 loss=0.028406 lr=9.976e-06
[train] step=929 loss=0.036941 lr=9.976e-06
[train] step=930 loss=0.038098 lr=9.976e-06
[train] step=931 loss=0.011418 lr=9.976e-06
[train] step=932 loss=0.012313 lr=9.976e-06
[train] step=933 loss=0.014917 lr=9.976e-06
[train] step=934 loss=0.014555 lr=9.976e-06
[train] step=935 loss=0.023111 lr=9.976e-06
[train] step=936 loss=0.019516 lr=9.976e-06
[train] step=937 loss=0.016054 lr=9.976e-06
[train] step=938 loss=0.016609 lr=9.976e-06
[train] step=939 loss=0.013253 lr=9.976e-06
[train] step=940 loss=0.016340 lr=9.976e-06
[train] step=941 loss=0.020146 lr=9.976e-06
[train] step=942 loss=0.020797 lr=9.976e-06
[train] step=943 loss=0.009322 lr=9.976e-06
[train] step=944 loss=0.025122 lr=9.976e-06
[train] step=945 loss=0.019418 lr=9.976e-06
[train] step=946 loss=0.018398 lr=9.976e-06
[train] step=947 loss=0.020240 lr=9.976e-06
[train] step=948 loss=0.012278 lr=9.975e-06
[train] step=949 loss=0.012592 lr=9.975e-06
[train] step=950 loss=0.019930 lr=9.975e-06
[train] step=951 loss=0.018358 lr=9.975e-06
[train] step=952 loss=0.015785 lr=9.975e-06
[train] step=953 loss=0.017148 lr=9.975e-06
[train] step=954 loss=0.019780 lr=9.975e-06
[train] step=955 loss=0.019551 lr=9.975e-06
[train] step=956 loss=0.028387 lr=9.975e-06
[train] step=957 loss=0.018605 lr=9.975e-06
[train] step=958 loss=0.026224 lr=9.975e-06
[train] step=959 loss=0.026903 lr=9.975e-06
[train] step=960 loss=0.014747 lr=9.975e-06
INFO     [rank 0] Model weights for step 960 saved in        dit_trainer.py:1288
         checkpoints/model_weights_step_00960.safetensors                       
INFO     [rank 0] Scalar embedding weights for step 960      dit_trainer.py:1297
         saved                                                                  
INFO     [rank 0] Training state saved:                      dit_trainer.py:1416
         checkpoints/model_weights_step_00960.state.pt                          
DEBUG    [rank 0] Removed old checkpoint:                    dit_trainer.py:1429
         /local/disk/hramachandran/work/wh_work/windinet/dit                    
         _outputs/lundquist/dit_sds_untrained_30k/checkpoint                    
         s/model_weights_step_00720.safetensors                                 
DEBUG    [rank 0] Removed old checkpoint:                    dit_trainer.py:1429
         /local/disk/hramachandran/work/wh_work/windinet/dit                    
         _outputs/lundquist/dit_sds_untrained_30k/checkpoint                    
         s/scalar_embedding_step_00720.safetensors                              
DEBUG    [rank 0] Removed optimizer state for older kept     dit_trainer.py:1444
         checkpoint:                                                            
         /local/disk/hramachandran/work/wh_work/windinet/dit                    
         _outputs/lundquist/dit_sds_untrained_30k/checkpoint                    
         s/model_weights_step_00840.state.pt                                    
[epoch 8] step=960 train_loss=0.019834
[train] step=961 loss=0.012414 lr=9.975e-06
[train] step=962 loss=0.013348 lr=9.975e-06
[train] step=963 loss=0.016047 lr=9.975e-06
[train] step=964 loss=0.014004 lr=9.975e-06
[train] step=965 loss=0.027728 lr=9.975e-06
[train] step=966 loss=0.014201 lr=9.975e-06
[train] step=967 loss=0.014710 lr=9.974e-06
[train] step=968 loss=0.026168 lr=9.974e-06
[train] step=969 loss=0.023096 lr=9.974e-06
[train] step=970 loss=0.030013 lr=9.974e-06
[train] step=971 loss=0.012025 lr=9.974e-06
[train] step=972 loss=0.020635 lr=9.974e-06
[train] step=973 loss=0.007196 lr=9.974e-06
[train] step=974 loss=0.007614 lr=9.974e-06
[train] step=975 loss=0.011793 lr=9.974e-06
[train] step=976 loss=0.034492 lr=9.974e-06
[train] step=977 loss=0.016278 lr=9.974e-06
[train] step=978 loss=0.016303 lr=9.974e-06
[train] step=979 loss=0.025518 lr=9.974e-06
[train] step=980 loss=0.019115 lr=9.974e-06
[train] step=981 loss=0.014357 lr=9.974e-06
[train] step=982 loss=0.013947 lr=9.974e-06
[train] step=983 loss=0.008264 lr=9.974e-06
[train] step=984 loss=0.014363 lr=9.974e-06
[train] step=985 loss=0.011826 lr=9.974e-06
[train] step=986 loss=0.010853 lr=9.973e-06
[train] step=987 loss=0.013989 lr=9.973e-06
[train] step=988 loss=0.028865 lr=9.973e-06
[train] step=989 loss=0.016075 lr=9.973e-06
[train] step=990 loss=0.019818 lr=9.973e-06
[train] step=991 loss=0.013201 lr=9.973e-06
[train] step=992 loss=0.031956 lr=9.973e-06
[train] step=993 loss=0.020722 lr=9.973e-06
[train] step=994 loss=0.011825 lr=9.973e-06
[train] step=995 loss=0.016445 lr=9.973e-06
[train] step=996 loss=0.023743 lr=9.973e-06
[train] step=997 loss=0.013739 lr=9.973e-06
[train] step=998 loss=0.017902 lr=9.973e-06
[train] step=999 loss=0.028698 lr=9.973e-06
[train] step=1000 loss=0.038261 lr=9.973e-06
[train] step=1001 loss=0.013073 lr=9.973e-06
[train] step=1002 loss=0.019115 lr=9.973e-06
[train] step=1003 loss=0.019708 lr=9.973e-06
[train] step=1004 loss=0.016467 lr=9.972e-06
[train] step=1005 loss=0.014249 lr=9.972e-06
[train] step=1006 loss=0.016852 lr=9.972e-06
[train] step=1007 loss=0.011924 lr=9.972e-06
[train] step=1008 loss=0.015789 lr=9.972e-06
[train] step=1009 loss=0.015864 lr=9.972e-06
[train] step=1010 loss=0.024696 lr=9.972e-06
[train] step=1011 loss=0.011590 lr=9.972e-06
[train] step=1012 loss=0.014434 lr=9.972e-06
[train] step=1013 loss=0.013246 lr=9.972e-06
[train] step=1014 loss=0.024934 lr=9.972e-06
[train] step=1015 loss=0.016323 lr=9.972e-06
[train] step=1016 loss=0.061158 lr=9.972e-06
[train] step=1017 loss=0.014129 lr=9.972e-06
[train] step=1018 loss=0.018666 lr=9.972e-06
[train] step=1019 loss=0.014302 lr=9.972e-06
[train] step=1020 loss=0.015542 lr=9.972e-06
[train] step=1021 loss=0.020185 lr=9.972e-06
[train] step=1022 loss=0.012535 lr=9.971e-06
[train] step=1023 loss=0.021137 lr=9.971e-06
[train] step=1024 loss=0.019514 lr=9.971e-06
[train] step=1025 loss=0.023511 lr=9.971e-06
[train] step=1026 loss=0.015698 lr=9.971e-06
[train] step=1027 loss=0.029950 lr=9.971e-06
[train] step=1028 loss=0.011192 lr=9.971e-06
[train] step=1029 loss=0.015518 lr=9.971e-06
[train] step=1030 loss=0.024246 lr=9.971e-06
[train] step=1031 loss=0.023078 lr=9.971e-06
[train] step=1032 loss=0.008794 lr=9.971e-06
[train] step=1033 loss=0.010373 lr=9.971e-06
[train] step=1034 loss=0.009602 lr=9.971e-06
[train] step=1035 loss=0.013931 lr=9.971e-06
[train] step=1036 loss=0.011461 lr=9.971e-06
[train] step=1037 loss=0.019324 lr=9.971e-06
[train] step=1038 loss=0.013365 lr=9.971e-06
[train] step=1039 loss=0.009239 lr=9.971e-06
[train] step=1040 loss=0.016242 lr=9.970e-06
[train] step=1041 loss=0.026214 lr=9.970e-06
[train] step=1042 loss=0.019879 lr=9.970e-06
[train] step=1043 loss=0.011636 lr=9.970e-06
[train] step=1044 loss=0.020514 lr=9.970e-06
[train] step=1045 loss=0.013796 lr=9.970e-06
[train] step=1046 loss=0.029621 lr=9.970e-06
[train] step=1047 loss=0.011162 lr=9.970e-06
[train] step=1048 loss=0.015053 lr=9.970e-06
[train] step=1049 loss=0.013091 lr=9.970e-06
[train] step=1050 loss=0.023688 lr=9.970e-06
[train] step=1051 loss=0.014046 lr=9.970e-06
[train] step=1052 loss=0.012109 lr=9.970e-06
[train] step=1053 loss=0.009793 lr=9.970e-06
[train] step=1054 loss=0.008965 lr=9.970e-06
[train] step=1055 loss=0.014813 lr=9.970e-06
[train] step=1056 loss=0.010403 lr=9.970e-06
[train] step=1057 loss=0.011554 lr=9.969e-06
[train] step=1058 loss=0.013243 lr=9.969e-06
[train] step=1059 loss=0.016632 lr=9.969e-06
[train] step=1060 loss=0.023719 lr=9.969e-06
[train] step=1061 loss=0.021928 lr=9.969e-06
[train] step=1062 loss=0.018568 lr=9.969e-06
[train] step=1063 loss=0.023520 lr=9.969e-06
[train] step=1064 loss=0.017529 lr=9.969e-06
[train] step=1065 loss=0.017830 lr=9.969e-06
[train] step=1066 loss=0.010166 lr=9.969e-06
[train] step=1067 loss=0.011066 lr=9.969e-06
[train] step=1068 loss=0.015675 lr=9.969e-06
[train] step=1069 loss=0.012392 lr=9.969e-06
[train] step=1070 loss=0.010262 lr=9.969e-06
[train] step=1071 loss=0.010394 lr=9.969e-06
[train] step=1072 loss=0.017325 lr=9.969e-06
[train] step=1073 loss=0.018693 lr=9.969e-06
[train] step=1074 loss=0.024904 lr=9.969e-06
[train] step=1075 loss=0.041807 lr=9.968e-06
[train] step=1076 loss=0.016739 lr=9.968e-06
[train] step=1077 loss=0.010744 lr=9.968e-06
[train] step=1078 loss=0.016881 lr=9.968e-06
[train] step=1079 loss=0.022835 lr=9.968e-06
[train] step=1080 loss=0.032920 lr=9.968e-06
INFO     [rank 0] Model weights for step 1080 saved in       dit_trainer.py:1288
         checkpoints/model_weights_step_01080.safetensors                       
INFO     [rank 0] Scalar embedding weights for step 1080     dit_trainer.py:1297
         saved                                                                  
INFO     [rank 0] Training state saved:                      dit_trainer.py:1416
         checkpoints/model_weights_step_01080.state.pt                          
DEBUG    [rank 0] Removed old checkpoint:                    dit_trainer.py:1429
         /local/disk/hramachandran/work/wh_work/windinet/dit                    
         _outputs/lundquist/dit_sds_untrained_30k/checkpoint                    
         s/model_weights_step_00840.safetensors                                 
DEBUG    [rank 0] Removed old checkpoint:                    dit_trainer.py:1429
         /local/disk/hramachandran/work/wh_work/windinet/dit                    
         _outputs/lundquist/dit_sds_untrained_30k/checkpoint                    
         s/scalar_embedding_step_00840.safetensors                              
DEBUG    [rank 0] Removed optimizer state for older kept     dit_trainer.py:1444
         checkpoint:                                                            
         /local/disk/hramachandran/work/wh_work/windinet/dit                    
         _outputs/lundquist/dit_sds_untrained_30k/checkpoint                    
         s/model_weights_step_00960.state.pt                                    
[epoch 9] step=1080 train_loss=0.017554
[train] step=1081 loss=0.017102 lr=9.968e-06
[train] step=1082 loss=0.015131 lr=9.968e-06
[train] step=1083 loss=0.017663 lr=9.968e-06
[train] step=1084 loss=0.018196 lr=9.968e-06
[train] step=1085 loss=0.011808 lr=9.968e-06
[train] step=1086 loss=0.011613 lr=9.968e-06
[train] step=1087 loss=0.025719 lr=9.968e-06
[train] step=1088 loss=0.019906 lr=9.968e-06
[train] step=1089 loss=0.024123 lr=9.968e-06
[train] step=1090 loss=0.011474 lr=9.968e-06
[train] step=1091 loss=0.016959 lr=9.967e-06
[train] step=1092 loss=0.013656 lr=9.967e-06
[train] step=1093 loss=0.015420 lr=9.967e-06
[train] step=1094 loss=0.015884 lr=9.967e-06
[train] step=1095 loss=0.061819 lr=9.967e-06
[train] step=1096 loss=0.019966 lr=9.967e-06
[train] step=1097 loss=0.010204 lr=9.967e-06
[train] step=1098 loss=0.020243 lr=9.967e-06
[train] step=1099 loss=0.012192 lr=9.967e-06
[train] step=1100 loss=0.040129 lr=9.967e-06
[train] step=1101 loss=0.021890 lr=9.967e-06
[train] step=1102 loss=0.016232 lr=9.967e-06
[train] step=1103 loss=0.016765 lr=9.967e-06
[train] step=1104 loss=0.015097 lr=9.967e-06
[train] step=1105 loss=0.019115 lr=9.967e-06
[train] step=1106 loss=0.020857 lr=9.967e-06
[train] step=1107 loss=0.019498 lr=9.967e-06
[train] step=1108 loss=0.010569 lr=9.966e-06
[train] step=1109 loss=0.025059 lr=9.966e-06
[train] step=1110 loss=0.015412 lr=9.966e-06
[train] step=1111 loss=0.009445 lr=9.966e-06
[train] step=1112 loss=0.011676 lr=9.966e-06
[train] step=1113 loss=0.028669 lr=9.966e-06
[train] step=1114 loss=0.020164 lr=9.966e-06
[train] step=1115 loss=0.010873 lr=9.966e-06
[train] step=1116 loss=0.007206 lr=9.966e-06
[train] step=1117 loss=0.019986 lr=9.966e-06
[train] step=1118 loss=0.015474 lr=9.966e-06
[train] step=1119 loss=0.017698 lr=9.966e-06
[train] step=1120 loss=0.021096 lr=9.966e-06
[train] step=1121 loss=0.054900 lr=9.966e-06
[train] step=1122 loss=0.017324 lr=9.966e-06
[train] step=1123 loss=0.007808 lr=9.966e-06
[train] step=1124 loss=0.016216 lr=9.965e-06
[train] step=1125 loss=0.016792 lr=9.965e-06
[train] step=1126 loss=0.009941 lr=9.965e-06
[train] step=1127 loss=0.006910 lr=9.965e-06
[train] step=1128 loss=0.011548 lr=9.965e-06
[train] step=1129 loss=0.021978 lr=9.965e-06
[train] step=1130 loss=0.023708 lr=9.965e-06
[train] step=1131 loss=0.010205 lr=9.965e-06
[train] step=1132 loss=0.061488 lr=9.965e-06
[train] step=1133 loss=0.021124 lr=9.965e-06
[train] step=1134 loss=0.032307 lr=9.965e-06
[train] step=1135 loss=0.013727 lr=9.965e-06
[train] step=1136 loss=0.015251 lr=9.965e-06
[train] step=1137 loss=0.031581 lr=9.965e-06
[train] step=1138 loss=0.020690 lr=9.965e-06
[train] step=1139 loss=0.010723 lr=9.965e-06
[train] step=1140 loss=0.014440 lr=9.965e-06
[train] step=1141 loss=0.025615 lr=9.964e-06
[train] step=1142 loss=0.014860 lr=9.964e-06
[train] step=1143 loss=0.018149 lr=9.964e-06
[train] step=1144 loss=0.014096 lr=9.964e-06
[train] step=1145 loss=0.008980 lr=9.964e-06
[train] step=1146 loss=0.011478 lr=9.964e-06
[train] step=1147 loss=0.011567 lr=9.964e-06
[train] step=1148 loss=0.015272 lr=9.964e-06
[train] step=1149 loss=0.015061 lr=9.964e-06
[train] step=1150 loss=0.012632 lr=9.964e-06
[train] step=1151 loss=0.015693 lr=9.964e-06
[train] step=1152 loss=0.052149 lr=9.964e-06
[train] step=1153 loss=0.015061 lr=9.964e-06
[train] step=1154 loss=0.037618 lr=9.964e-06
[train] step=1155 loss=0.012134 lr=9.964e-06
[train] step=1156 loss=0.009676 lr=9.964e-06
[train] step=1157 loss=0.014522 lr=9.963e-06
[train] step=1158 loss=0.011428 lr=9.963e-06
[train] step=1159 loss=0.019787 lr=9.963e-06
[train] step=1160 loss=0.017923 lr=9.963e-06
[train] step=1161 loss=0.018899 lr=9.963e-06
[train] step=1162 loss=0.018667 lr=9.963e-06
[train] step=1163 loss=0.013763 lr=9.963e-06
[train] step=1164 loss=0.023684 lr=9.963e-06
[train] step=1165 loss=0.019726 lr=9.963e-06
[train] step=1166 loss=0.020168 lr=9.963e-06
[train] step=1167 loss=0.012383 lr=9.963e-06
[train] step=1168 loss=0.032977 lr=9.963e-06
[train] step=1169 loss=0.052255 lr=9.963e-06
[train] step=1170 loss=0.032247 lr=9.963e-06
[train] step=1171 loss=0.012741 lr=9.963e-06
[train] step=1172 loss=0.032725 lr=9.962e-06
[train] step=1173 loss=0.018926 lr=9.962e-06
[train] step=1174 loss=0.009164 lr=9.962e-06
[train] step=1175 loss=0.016185 lr=9.962e-06
[train] step=1176 loss=0.044989 lr=9.962e-06
[train] step=1177 loss=0.011035 lr=9.962e-06
[train] step=1178 loss=0.011874 lr=9.962e-06
[train] step=1179 loss=0.028110 lr=9.962e-06
[train] step=1180 loss=0.016268 lr=9.962e-06
[train] step=1181 loss=0.014611 lr=9.962e-06
[train] step=1182 loss=0.007701 lr=9.962e-06
[train] step=1183 loss=0.028118 lr=9.962e-06
[train] step=1184 loss=0.019897 lr=9.962e-06
[train] step=1185 loss=0.024614 lr=9.962e-06
[train] step=1186 loss=0.018258 lr=9.962e-06
[train] step=1187 loss=0.015235 lr=9.962e-06
[train] step=1188 loss=0.010210 lr=9.961e-06
[train] step=1189 loss=0.015660 lr=9.961e-06
[train] step=1190 loss=0.011608 lr=9.961e-06
[train] step=1191 loss=0.014510 lr=9.961e-06
[train] step=1192 loss=0.020438 lr=9.961e-06
[train] step=1193 loss=0.036645 lr=9.961e-06
[train] step=1194 loss=0.066220 lr=9.961e-06
[train] step=1195 loss=0.012199 lr=9.961e-06
[train] step=1196 loss=0.015322 lr=9.961e-06
[train] step=1197 loss=0.023099 lr=9.961e-06
[train] step=1198 loss=0.019370 lr=9.961e-06
[train] step=1199 loss=0.022986 lr=9.961e-06
[train] step=1200 loss=0.011598 lr=9.961e-06
[val] step=1200 val_loss=0.017402
INFO     [rank 0] Model weights for step 1200 saved in       dit_trainer.py:1288
         checkpoints/model_weights_step_01200.safetensors                       
INFO     [rank 0] Scalar embedding weights for step 1200     dit_trainer.py:1297
         saved                                                                  
INFO     [rank 0] Training state saved:                      dit_trainer.py:1416
         checkpoints/model_weights_step_01200.state.pt                          
INFO     [rank 0] New best checkpoint (step 1200,            dit_trainer.py:1320
         val_loss=0.017402):                                                    
         checkpoints/model_weights_best.safetensors                             
DEBUG    [rank 0] Removed old checkpoint:                    dit_trainer.py:1429
         /local/disk/hramachandran/work/wh_work/windinet/dit                    
         _outputs/lundquist/dit_sds_untrained_30k/checkpoint                    
         s/model_weights_step_00960.safetensors                                 
DEBUG    [rank 0] Removed old checkpoint:                    dit_trainer.py:1429
         /local/disk/hramachandran/work/wh_work/windinet/dit                    
         _outputs/lundquist/dit_sds_untrained_30k/checkpoint                    
         s/scalar_embedding_step_00960.safetensors                              
DEBUG    [rank 0] Removed optimizer state for older kept     dit_trainer.py:1444
         checkpoint:                                                            
         /local/disk/hramachandran/work/wh_work/windinet/dit                    
         _outputs/lundquist/dit_sds_untrained_30k/checkpoint                    
         s/model_weights_step_01080.state.pt                                    
[epoch 10] step=1200 train_loss=0.019923 val_loss=0.017402
[train] step=1201 loss=0.010291 lr=9.961e-06
[train] step=1202 loss=0.012193 lr=9.961e-06
[train] step=1203 loss=0.013487 lr=9.960e-06
[train] step=1204 loss=0.011202 lr=9.960e-06
[train] step=1205 loss=0.019525 lr=9.960e-06
[train] step=1206 loss=0.011528 lr=9.960e-06
[train] step=1207 loss=0.012914 lr=9.960e-06
[train] step=1208 loss=0.014022 lr=9.960e-06
[train] step=1209 loss=0.010939 lr=9.960e-06
[train] step=1210 loss=0.036209 lr=9.960e-06
[train] step=1211 loss=0.015993 lr=9.960e-06
[train] step=1212 loss=0.011190 lr=9.960e-06
[train] step=1213 loss=0.009585 lr=9.960e-06
[train] step=1214 loss=0.014165 lr=9.960e-06
[train] step=1215 loss=0.019971 lr=9.960e-06
[train] step=1216 loss=0.011569 lr=9.960e-06
[train] step=1217 loss=0.042714 lr=9.960e-06
[train] step=1218 loss=0.013855 lr=9.959e-06
[train] step=1219 loss=0.013291 lr=9.959e-06
[train] step=1220 loss=0.019456 lr=9.959e-06
[train] step=1221 loss=0.011622 lr=9.959e-06
[train] step=1222 loss=0.021475 lr=9.959e-06
[train] step=1223 loss=0.018266 lr=9.959e-06
[train] step=1224 loss=0.020343 lr=9.959e-06
[train] step=1225 loss=0.017213 lr=9.959e-06
[train] step=1226 loss=0.016090 lr=9.959e-06
[train] step=1227 loss=0.019825 lr=9.959e-06
[train] step=1228 loss=0.016662 lr=9.959e-06
[train] step=1229 loss=0.024854 lr=9.959e-06
[train] step=1230 loss=0.018887 lr=9.959e-06
[train] step=1231 loss=0.007894 lr=9.959e-06
[train] step=1232 loss=0.013942 lr=9.959e-06
[train] step=1233 loss=0.017617 lr=9.958e-06
[train] step=1234 loss=0.016737 lr=9.958e-06
[train] step=1235 loss=0.012875 lr=9.958e-06
[train] step=1236 loss=0.020162 lr=9.958e-06
[train] step=1237 loss=0.007180 lr=9.958e-06
[train] step=1238 loss=0.025808 lr=9.958e-06
[train] step=1239 loss=0.019747 lr=9.958e-06
[train] step=1240 loss=0.009850 lr=9.958e-06
[train] step=1241 loss=0.036854 lr=9.958e-06
[train] step=1242 loss=0.029936 lr=9.958e-06
[train] step=1243 loss=0.008152 lr=9.958e-06
[train] step=1244 loss=0.014029 lr=9.958e-06
[train] step=1245 loss=0.012039 lr=9.958e-06
[train] step=1246 loss=0.009582 lr=9.958e-06
[train] step=1247 loss=0.016597 lr=9.958e-06
[train] step=1248 loss=0.015646 lr=9.957e-06
[train] step=1249 loss=0.009158 lr=9.957e-06
[train] step=1250 loss=0.013817 lr=9.957e-06
[train] step=1251 loss=0.013009 lr=9.957e-06
[train] step=1252 loss=0.014460 lr=9.957e-06
[train] step=1253 loss=0.021347 lr=9.957e-06
[train] step=1254 loss=0.011822 lr=9.957e-06
[train] step=1255 loss=0.013789 lr=9.957e-06
[train] step=1256 loss=0.026500 lr=9.957e-06
[train] step=1257 loss=0.013115 lr=9.957e-06
[train] step=1258 loss=0.018293 lr=9.957e-06
[train] step=1259 loss=0.014344 lr=9.957e-06
[train] step=1260 loss=0.007086 lr=9.957e-06
[train] step=1261 loss=0.036842 lr=9.957e-06
[train] step=1262 loss=0.009339 lr=9.957e-06
[train] step=1263 loss=0.007830 lr=9.956e-06
[train] step=1264 loss=0.016253 lr=9.956e-06
[train] step=1265 loss=0.013465 lr=9.956e-06
[train] step=1266 loss=0.033239 lr=9.956e-06
[train] step=1267 loss=0.034667 lr=9.956e-06
[train] step=1268 loss=0.020589 lr=9.956e-06
[train] step=1269 loss=0.057238 lr=9.956e-06
[train] step=1270 loss=0.020358 lr=9.956e-06
[train] step=1271 loss=0.011356 lr=9.956e-06
[train] step=1272 loss=0.021308 lr=9.956e-06
[train] step=1273 loss=0.007998 lr=9.956e-06
[train] step=1274 loss=0.008162 lr=9.956e-06
[train] step=1275 loss=0.024282 lr=9.956e-06
[train] step=1276 loss=0.015696 lr=9.956e-06
[train] step=1277 loss=0.022241 lr=9.955e-06
[train] step=1278 loss=0.010517 lr=9.955e-06
[train] step=1279 loss=0.010495 lr=9.955e-06
[train] step=1280 loss=0.009289 lr=9.955e-06
[train] step=1281 loss=0.029518 lr=9.955e-06
[train] step=1282 loss=0.013550 lr=9.955e-06
[train] step=1283 loss=0.027186 lr=9.955e-06
[train] step=1284 loss=0.013023 lr=9.955e-06
[train] step=1285 loss=0.026386 lr=9.955e-06
[train] step=1286 loss=0.007659 lr=9.955e-06
[train] step=1287 loss=0.031234 lr=9.955e-06
[train] step=1288 loss=0.023531 lr=9.955e-06
[train] step=1289 loss=0.011184 lr=9.955e-06
[train] step=1290 loss=0.010597 lr=9.955e-06
[train] step=1291 loss=0.009866 lr=9.954e-06
[train] step=1292 loss=0.023880 lr=9.954e-06
[train] step=1293 loss=0.013762 lr=9.954e-06
[train] step=1294 loss=0.020257 lr=9.954e-06
[train] step=1295 loss=0.052742 lr=9.954e-06
[train] step=1296 loss=0.027538 lr=9.954e-06
[train] step=1297 loss=0.016581 lr=9.954e-06
[train] step=1298 loss=0.014916 lr=9.954e-06
[train] step=1299 loss=0.018213 lr=9.954e-06
[train] step=1300 loss=0.035169 lr=9.954e-06
[train] step=1301 loss=0.011137 lr=9.954e-06
[train] step=1302 loss=0.015325 lr=9.954e-06
[train] step=1303 loss=0.020834 lr=9.954e-06
[train] step=1304 loss=0.016298 lr=9.954e-06
[train] step=1305 loss=0.015327 lr=9.954e-06
[train] step=1306 loss=0.020776 lr=9.953e-06
[train] step=1307 loss=0.020684 lr=9.953e-06
[train] step=1308 loss=0.019924 lr=9.953e-06
[train] step=1309 loss=0.009965 lr=9.953e-06
[train] step=1310 loss=0.018101 lr=9.953e-06
[train] step=1311 loss=0.020358 lr=9.953e-06
[train] step=1312 loss=0.022884 lr=9.953e-06
[train] step=1313 loss=0.011069 lr=9.953e-06
[train] step=1314 loss=0.022215 lr=9.953e-06
[train] step=1315 loss=0.014681 lr=9.953e-06
[train] step=1316 loss=0.041320 lr=9.953e-06
[train] step=1317 loss=0.006270 lr=9.953e-06
[train] step=1318 loss=0.009362 lr=9.953e-06
[train] step=1319 loss=0.012341 lr=9.952e-06
[train] step=1320 loss=0.015052 lr=9.952e-06
INFO     [rank 0] Model weights for step 1320 saved in       dit_trainer.py:1288
         checkpoints/model_weights_step_01320.safetensors                       
INFO     [rank 0] Scalar embedding weights for step 1320     dit_trainer.py:1297
         saved                                                                  
INFO     [rank 0] Training state saved:                      dit_trainer.py:1416
         checkpoints/model_weights_step_01320.state.pt                          
DEBUG    [rank 0] Removed old checkpoint:                    dit_trainer.py:1429
         /local/disk/hramachandran/work/wh_work/windinet/dit                    
         _outputs/lundquist/dit_sds_untrained_30k/checkpoint                    
         s/model_weights_step_01080.safetensors                                 
DEBUG    [rank 0] Removed old checkpoint:                    dit_trainer.py:1429
         /local/disk/hramachandran/work/wh_work/windinet/dit                    
         _outputs/lundquist/dit_sds_untrained_30k/checkpoint                    
         s/scalar_embedding_step_01080.safetensors                              
DEBUG    [rank 0] Removed optimizer state for older kept     dit_trainer.py:1444
         checkpoint:                                                            
         /local/disk/hramachandran/work/wh_work/windinet/dit                    
         _outputs/lundquist/dit_sds_untrained_30k/checkpoint                    
         s/model_weights_step_01200.state.pt                                    
[epoch 11] step=1320 train_loss=0.017826
[train] step=1321 loss=0.013199 lr=9.952e-06
[train] step=1322 loss=0.030133 lr=9.952e-06
[train] step=1323 loss=0.020998 lr=9.952e-06
[train] step=1324 loss=0.011650 lr=9.952e-06
[train] step=1325 loss=0.015913 lr=9.952e-06
[train] step=1326 loss=0.011373 lr=9.952e-06
[train] step=1327 loss=0.017900 lr=9.952e-06
[train] step=1328 loss=0.011357 lr=9.952e-06
[train] step=1329 loss=0.009543 lr=9.952e-06
[train] step=1330 loss=0.013937 lr=9.952e-06
[train] step=1331 loss=0.010647 lr=9.952e-06
[train] step=1332 loss=0.019407 lr=9.952e-06
[train] step=1333 loss=0.009431 lr=9.951e-06
[train] step=1334 loss=0.021195 lr=9.951e-06
[train] step=1335 loss=0.014127 lr=9.951e-06
[train] step=1336 loss=0.009335 lr=9.951e-06
[train] step=1337 loss=0.016288 lr=9.951e-06
[train] step=1338 loss=0.021588 lr=9.951e-06
[train] step=1339 loss=0.012942 lr=9.951e-06
[train] step=1340 loss=0.025273 lr=9.951e-06
[train] step=1341 loss=0.015083 lr=9.951e-06
[train] step=1342 loss=0.014315 lr=9.951e-06
[train] step=1343 loss=0.011741 lr=9.951e-06
[train] step=1344 loss=0.016575 lr=9.951e-06
[train] step=1345 loss=0.018861 lr=9.951e-06
[train] step=1346 loss=0.015810 lr=9.951e-06
[train] step=1347 loss=0.014128 lr=9.950e-06
[train] step=1348 loss=0.012450 lr=9.950e-06
[train] step=1349 loss=0.019536 lr=9.950e-06
[train] step=1350 loss=0.027569 lr=9.950e-06
[train] step=1351 loss=0.022620 lr=9.950e-06
[train] step=1352 loss=0.022488 lr=9.950e-06
[train] step=1353 loss=0.016085 lr=9.950e-06
[train] step=1354 loss=0.021575 lr=9.950e-06
[train] step=1355 loss=0.009926 lr=9.950e-06
[train] step=1356 loss=0.015038 lr=9.950e-06
[train] step=1357 loss=0.011698 lr=9.950e-06
[train] step=1358 loss=0.020688 lr=9.950e-06
[train] step=1359 loss=0.008993 lr=9.950e-06
[train] step=1360 loss=0.022520 lr=9.950e-06
[train] step=1361 loss=0.014249 lr=9.949e-06
[train] step=1362 loss=0.030136 lr=9.949e-06
[train] step=1363 loss=0.025125 lr=9.949e-06
[train] step=1364 loss=0.013244 lr=9.949e-06
[train] step=1365 loss=0.012813 lr=9.949e-06
[train] step=1366 loss=0.025427 lr=9.949e-06
[train] step=1367 loss=0.007697 lr=9.949e-06
[train] step=1368 loss=0.015529 lr=9.949e-06
[train] step=1369 loss=0.018365 lr=9.949e-06
[train] step=1370 loss=0.026597 lr=9.949e-06
[train] step=1371 loss=0.024946 lr=9.949e-06
[train] step=1372 loss=0.028423 lr=9.949e-06
[train] step=1373 loss=0.027190 lr=9.949e-06
[train] step=1374 loss=0.017141 lr=9.948e-06
[train] step=1375 loss=0.016928 lr=9.948e-06
[train] step=1376 loss=0.032695 lr=9.948e-06
[train] step=1377 loss=0.013141 lr=9.948e-06
[train] step=1378 loss=0.018589 lr=9.948e-06
[train] step=1379 loss=0.009939 lr=9.948e-06
[train] step=1380 loss=0.008805 lr=9.948e-06
[train] step=1381 loss=0.013442 lr=9.948e-06
[train] step=1382 loss=0.008882 lr=9.948e-06
[train] step=1383 loss=0.013450 lr=9.948e-06
[train] step=1384 loss=0.045263 lr=9.948e-06
[train] step=1385 loss=0.019498 lr=9.948e-06
[train] step=1386 loss=0.010956 lr=9.948e-06
[train] step=1387 loss=0.020506 lr=9.947e-06
[train] step=1388 loss=0.013362 lr=9.947e-06
[train] step=1389 loss=0.010934 lr=9.947e-06
[train] step=1390 loss=0.008513 lr=9.947e-06
[train] step=1391 loss=0.013999 lr=9.947e-06
[train] step=1392 loss=0.013062 lr=9.947e-06
[train] step=1393 loss=0.014186 lr=9.947e-06
[train] step=1394 loss=0.010095 lr=9.947e-06
[train] step=1395 loss=0.017466 lr=9.947e-06
[train] step=1396 loss=0.012453 lr=9.947e-06
[train] step=1397 loss=0.020575 lr=9.947e-06
[train] step=1398 loss=0.008271 lr=9.947e-06
[train] step=1399 loss=0.014847 lr=9.947e-06
[train] step=1400 loss=0.013483 lr=9.946e-06
[train] step=1401 loss=0.012367 lr=9.946e-06
[train] step=1402 loss=0.009399 lr=9.946e-06
[train] step=1403 loss=0.021787 lr=9.946e-06
[train] step=1404 loss=0.020496 lr=9.946e-06
[train] step=1405 loss=0.010220 lr=9.946e-06
[train] step=1406 loss=0.019715 lr=9.946e-06
[train] step=1407 loss=0.018571 lr=9.946e-06
[train] step=1408 loss=0.012515 lr=9.946e-06
[train] step=1409 loss=0.010946 lr=9.946e-06
[train] step=1410 loss=0.012327 lr=9.946e-06
[train] step=1411 loss=0.011739 lr=9.946e-06
[train] step=1412 loss=0.020682 lr=9.946e-06
[train] step=1413 loss=0.016385 lr=9.945e-06
[train] step=1414 loss=0.017956 lr=9.945e-06
[train] step=1415 loss=0.011129 lr=9.945e-06
[train] step=1416 loss=0.013222 lr=9.945e-06
[train] step=1417 loss=0.014874 lr=9.945e-06
[train] step=1418 loss=0.017309 lr=9.945e-06
[train] step=1419 loss=0.028274 lr=9.945e-06
[train] step=1420 loss=0.013745 lr=9.945e-06
[train] step=1421 loss=0.008832 lr=9.945e-06
[train] step=1422 loss=0.011405 lr=9.945e-06
[train] step=1423 loss=0.019670 lr=9.945e-06
[train] step=1424 loss=0.012039 lr=9.945e-06
[train] step=1425 loss=0.022240 lr=9.945e-06
[train] step=1426 loss=0.013706 lr=9.944e-06
[train] step=1427 loss=0.018985 lr=9.944e-06
[train] step=1428 loss=0.010790 lr=9.944e-06
[train] step=1429 loss=0.016838 lr=9.944e-06
[train] step=1430 loss=0.014275 lr=9.944e-06
[train] step=1431 loss=0.008463 lr=9.944e-06
[train] step=1432 loss=0.023656 lr=9.944e-06
[train] step=1433 loss=0.014173 lr=9.944e-06
[train] step=1434 loss=0.012053 lr=9.944e-06
[train] step=1435 loss=0.013404 lr=9.944e-06
[train] step=1436 loss=0.011621 lr=9.944e-06
[train] step=1437 loss=0.020992 lr=9.944e-06
[train] step=1438 loss=0.019894 lr=9.944e-06
[train] step=1439 loss=0.022121 lr=9.943e-06
[train] step=1440 loss=0.012703 lr=9.943e-06
INFO     [rank 0] Model weights for step 1440 saved in       dit_trainer.py:1288
         checkpoints/model_weights_step_01440.safetensors                       
INFO     [rank 0] Scalar embedding weights for step 1440     dit_trainer.py:1297
         saved                                                                  
INFO     [rank 0] Training state saved:                      dit_trainer.py:1416
         checkpoints/model_weights_step_01440.state.pt                          
DEBUG    [rank 0] Removed old checkpoint:                    dit_trainer.py:1429
         /local/disk/hramachandran/work/wh_work/windinet/dit                    
         _outputs/lundquist/dit_sds_untrained_30k/checkpoint                    
         s/model_weights_step_01200.safetensors                                 
DEBUG    [rank 0] Removed old checkpoint:                    dit_trainer.py:1429
         /local/disk/hramachandran/work/wh_work/windinet/dit                    
         _outputs/lundquist/dit_sds_untrained_30k/checkpoint                    
         s/scalar_embedding_step_01200.safetensors                              
DEBUG    [rank 0] Removed optimizer state for older kept     dit_trainer.py:1444
         checkpoint:                                                            
         /local/disk/hramachandran/work/wh_work/windinet/dit                    
         _outputs/lundquist/dit_sds_untrained_30k/checkpoint                    
         s/model_weights_step_01320.state.pt                                    
[epoch 12] step=1440 train_loss=0.016400
[train] step=1441 loss=0.021302 lr=9.943e-06
[train] step=1442 loss=0.019689 lr=9.943e-06
[train] step=1443 loss=0.008262 lr=9.943e-06
[train] step=1444 loss=0.008545 lr=9.943e-06
[train] step=1445 loss=0.058029 lr=9.943e-06
[train] step=1446 loss=0.008927 lr=9.943e-06
[train] step=1447 loss=0.008732 lr=9.943e-06
[train] step=1448 loss=0.010903 lr=9.943e-06
[train] step=1449 loss=0.017231 lr=9.943e-06
[train] step=1450 loss=0.012746 lr=9.943e-06
[train] step=1451 loss=0.006441 lr=9.943e-06
[train] step=1452 loss=0.021889 lr=9.942e-06
[train] step=1453 loss=0.013035 lr=9.942e-06
[train] step=1454 loss=0.018570 lr=9.942e-06
[train] step=1455 loss=0.010737 lr=9.942e-06
[train] step=1456 loss=0.009255 lr=9.942e-06
[train] step=1457 loss=0.014080 lr=9.942e-06
[train] step=1458 loss=0.009907 lr=9.942e-06
[train] step=1459 loss=0.015405 lr=9.942e-06
[train] step=1460 loss=0.008772 lr=9.942e-06
[train] step=1461 loss=0.024111 lr=9.942e-06
[train] step=1462 loss=0.020055 lr=9.942e-06
[train] step=1463 loss=0.008805 lr=9.942e-06
[train] step=1464 loss=0.013558 lr=9.941e-06
[train] step=1465 loss=0.027102 lr=9.941e-06
[train] step=1466 loss=0.023416 lr=9.941e-06
[train] step=1467 loss=0.017153 lr=9.941e-06
[train] step=1468 loss=0.012221 lr=9.941e-06
[train] step=1469 loss=0.014150 lr=9.941e-06
[train] step=1470 loss=0.010778 lr=9.941e-06
[train] step=1471 loss=0.016280 lr=9.941e-06
[train] step=1472 loss=0.016939 lr=9.941e-06
[train] step=1473 loss=0.013716 lr=9.941e-06
[train] step=1474 loss=0.016461 lr=9.941e-06
[train] step=1475 loss=0.015754 lr=9.941e-06
[train] step=1476 loss=0.021398 lr=9.941e-06
[train] step=1477 loss=0.016958 lr=9.940e-06
[train] step=1478 loss=0.009014 lr=9.940e-06
[train] step=1479 loss=0.015186 lr=9.940e-06
[train] step=1480 loss=0.016438 lr=9.940e-06
[train] step=1481 loss=0.010991 lr=9.940e-06
[train] step=1482 loss=0.011291 lr=9.940e-06
[train] step=1483 loss=0.049078 lr=9.940e-06
[train] step=1484 loss=0.008328 lr=9.940e-06
[train] step=1485 loss=0.023185 lr=9.940e-06
[train] step=1486 loss=0.035172 lr=9.940e-06
[train] step=1487 loss=0.013470 lr=9.940e-06
[train] step=1488 loss=0.012657 lr=9.940e-06
[train] step=1489 loss=0.033951 lr=9.939e-06
[train] step=1490 loss=0.010656 lr=9.939e-06
[train] step=1491 loss=0.010303 lr=9.939e-06
[train] step=1492 loss=0.014559 lr=9.939e-06
[train] step=1493 loss=0.019229 lr=9.939e-06
[train] step=1494 loss=0.018537 lr=9.939e-06
[train] step=1495 loss=0.010739 lr=9.939e-06
[train] step=1496 loss=0.021794 lr=9.939e-06
[train] step=1497 loss=0.010285 lr=9.939e-06
[train] step=1498 loss=0.011125 lr=9.939e-06
[train] step=1499 loss=0.014911 lr=9.939e-06
[train] step=1500 loss=0.012154 lr=9.939e-06
[train] step=1501 loss=0.019557 lr=9.939e-06
[train] step=1502 loss=0.021240 lr=9.938e-06
[train] step=1503 loss=0.040298 lr=9.938e-06
[train] step=1504 loss=0.010260 lr=9.938e-06
[train] step=1505 loss=0.011044 lr=9.938e-06
[train] step=1506 loss=0.009436 lr=9.938e-06
[train] step=1507 loss=0.011235 lr=9.938e-06
[train] step=1508 loss=0.010439 lr=9.938e-06
[train] step=1509 loss=0.008683 lr=9.938e-06
[train] step=1510 loss=0.016924 lr=9.938e-06
[train] step=1511 loss=0.016202 lr=9.938e-06
[train] step=1512 loss=0.013505 lr=9.938e-06
[train] step=1513 loss=0.011820 lr=9.938e-06
[train] step=1514 loss=0.012386 lr=9.937e-06
[train] step=1515 loss=0.012299 lr=9.937e-06
[train] step=1516 loss=0.007948 lr=9.937e-06
[train] step=1517 loss=0.041865 lr=9.937e-06
[train] step=1518 loss=0.014035 lr=9.937e-06
[train] step=1519 loss=0.013935 lr=9.937e-06
[train] step=1520 loss=0.014304 lr=9.937e-06
[train] step=1521 loss=0.017892 lr=9.937e-06
[train] step=1522 loss=0.020484 lr=9.937e-06
[train] step=1523 loss=0.011920 lr=9.937e-06
[train] step=1524 loss=0.019016 lr=9.937e-06
[train] step=1525 loss=0.014262 lr=9.937e-06
[train] step=1526 loss=0.019955 lr=9.936e-06
[train] step=1527 loss=0.017907 lr=9.936e-06
[train] step=1528 loss=0.023309 lr=9.936e-06
[train] step=1529 loss=0.013360 lr=9.936e-06
[train] step=1530 loss=0.026626 lr=9.936e-06
[train] step=1531 loss=0.008486 lr=9.936e-06
[train] step=1532 loss=0.012951 lr=9.936e-06
[train] step=1533 loss=0.016182 lr=9.936e-06
[train] step=1534 loss=0.011651 lr=9.936e-06
[train] step=1535 loss=0.022254 lr=9.936e-06
[train] step=1536 loss=0.015678 lr=9.936e-06
[train] step=1537 loss=0.012245 lr=9.936e-06
[train] step=1538 loss=0.012614 lr=9.935e-06
[train] step=1539 loss=0.015157 lr=9.935e-06
[train] step=1540 loss=0.025763 lr=9.935e-06
[train] step=1541 loss=0.014935 lr=9.935e-06
[train] step=1542 loss=0.024318 lr=9.935e-06
[train] step=1543 loss=0.006273 lr=9.935e-06
[train] step=1544 loss=0.020685 lr=9.935e-06
[train] step=1545 loss=0.008536 lr=9.935e-06
[train] step=1546 loss=0.022623 lr=9.935e-06
[train] step=1547 loss=0.018120 lr=9.935e-06
[train] step=1548 loss=0.013517 lr=9.935e-06
[train] step=1549 loss=0.020648 lr=9.935e-06
[train] step=1550 loss=0.012846 lr=9.934e-06
[train] step=1551 loss=0.010938 lr=9.934e-06
[train] step=1552 loss=0.022432 lr=9.934e-06
[train] step=1553 loss=0.018514 lr=9.934e-06
[train] step=1554 loss=0.015515 lr=9.934e-06
[train] step=1555 loss=0.014876 lr=9.934e-06
[train] step=1556 loss=0.024518 lr=9.934e-06
[train] step=1557 loss=0.005908 lr=9.934e-06
[train] step=1558 loss=0.015442 lr=9.934e-06
[train] step=1559 loss=0.017285 lr=9.934e-06
[train] step=1560 loss=0.018040 lr=9.934e-06
INFO     [rank 0] Model weights for step 1560 saved in       dit_trainer.py:1288
         checkpoints/model_weights_step_01560.safetensors                       
INFO     [rank 0] Scalar embedding weights for step 1560     dit_trainer.py:1297
         saved                                                                  
INFO     [rank 0] Training state saved:                      dit_trainer.py:1416
         checkpoints/model_weights_step_01560.state.pt                          
DEBUG    [rank 0] Removed old checkpoint:                    dit_trainer.py:1429
         /local/disk/hramachandran/work/wh_work/windinet/dit                    
         _outputs/lundquist/dit_sds_untrained_30k/checkpoint                    
         s/model_weights_step_01320.safetensors                                 
DEBUG    [rank 0] Removed old checkpoint:                    dit_trainer.py:1429
         /local/disk/hramachandran/work/wh_work/windinet/dit                    
         _outputs/lundquist/dit_sds_untrained_30k/checkpoint                    
         s/scalar_embedding_step_01320.safetensors                              
DEBUG    [rank 0] Removed optimizer state for older kept     dit_trainer.py:1444
         checkpoint:                                                            
         /local/disk/hramachandran/work/wh_work/windinet/dit                    
         _outputs/lundquist/dit_sds_untrained_30k/checkpoint                    
         s/model_weights_step_01440.state.pt                                    
[epoch 13] step=1560 train_loss=0.016334
[train] step=1561 loss=0.017813 lr=9.933e-06
[train] step=1562 loss=0.015947 lr=9.933e-06
[train] step=1563 loss=0.016870 lr=9.933e-06
[train] step=1564 loss=0.034672 lr=9.933e-06
[train] step=1565 loss=0.017481 lr=9.933e-06
[train] step=1566 loss=0.021514 lr=9.933e-06
[train] step=1567 loss=0.030525 lr=9.933e-06
[train] step=1568 loss=0.010604 lr=9.933e-06
[train] step=1569 loss=0.011824 lr=9.933e-06
[train] step=1570 loss=0.019985 lr=9.933e-06
[train] step=1571 loss=0.011846 lr=9.933e-06
[train] step=1572 loss=0.031301 lr=9.933e-06
[train] step=1573 loss=0.027077 lr=9.932e-06
[train] step=1574 loss=0.016190 lr=9.932e-06
[train] step=1575 loss=0.011081 lr=9.932e-06
[train] step=1576 loss=0.010445 lr=9.932e-06
[train] step=1577 loss=0.048909 lr=9.932e-06
[train] step=1578 loss=0.012210 lr=9.932e-06
[train] step=1579 loss=0.008995 lr=9.932e-06
[train] step=1580 loss=0.007848 lr=9.932e-06
[train] step=1581 loss=0.029451 lr=9.932e-06
[train] step=1582 loss=0.016936 lr=9.932e-06
[train] step=1583 loss=0.009871 lr=9.932e-06
[train] step=1584 loss=0.030121 lr=9.932e-06
[train] step=1585 loss=0.024827 lr=9.931e-06
[train] step=1586 loss=0.005747 lr=9.931e-06
[train] step=1587 loss=0.013972 lr=9.931e-06
[train] step=1588 loss=0.092057 lr=9.931e-06
[train] step=1589 loss=0.006888 lr=9.931e-06
[train] step=1590 loss=0.020758 lr=9.931e-06
[train] step=1591 loss=0.023498 lr=9.931e-06
[train] step=1592 loss=0.018813 lr=9.931e-06
[train] step=1593 loss=0.015592 lr=9.931e-06
[train] step=1594 loss=0.019525 lr=9.931e-06
[train] step=1595 loss=0.015463 lr=9.931e-06
[train] step=1596 loss=0.014556 lr=9.930e-06
[train] step=1597 loss=0.012065 lr=9.930e-06
[train] step=1598 loss=0.013783 lr=9.930e-06
[train] step=1599 loss=0.015681 lr=9.930e-06
[train] step=1600 loss=0.014113 lr=9.930e-06
[train] step=1601 loss=0.028296 lr=9.930e-06
[train] step=1602 loss=0.029328 lr=9.930e-06
[train] step=1603 loss=0.008701 lr=9.930e-06
[train] step=1604 loss=0.026127 lr=9.930e-06
[train] step=1605 loss=0.007173 lr=9.930e-06
[train] step=1606 loss=0.014459 lr=9.930e-06
[train] step=1607 loss=0.009061 lr=9.930e-06
[train] step=1608 loss=0.007469 lr=9.929e-06
[train] step=1609 loss=0.013304 lr=9.929e-06
[train] step=1610 loss=0.021388 lr=9.929e-06
[train] step=1611 loss=0.011091 lr=9.929e-06
[train] step=1612 loss=0.021635 lr=9.929e-06
[train] step=1613 loss=0.009866 lr=9.929e-06
[train] step=1614 loss=0.010976 lr=9.929e-06
[train] step=1615 loss=0.015629 lr=9.929e-06
[train] step=1616 loss=0.008523 lr=9.929e-06
[train] step=1617 loss=0.016086 lr=9.929e-06
[train] step=1618 loss=0.019074 lr=9.929e-06
[train] step=1619 loss=0.021683 lr=9.928e-06
[train] step=1620 loss=0.010790 lr=9.928e-06
[train] step=1621 loss=0.010819 lr=9.928e-06
[train] step=1622 loss=0.013687 lr=9.928e-06
[train] step=1623 loss=0.017375 lr=9.928e-06
[train] step=1624 loss=0.011216 lr=9.928e-06
[train] step=1625 loss=0.014097 lr=9.928e-06
[train] step=1626 loss=0.022573 lr=9.928e-06
[train] step=1627 loss=0.021336 lr=9.928e-06
[train] step=1628 loss=0.017727 lr=9.928e-06
[train] step=1629 loss=0.008214 lr=9.928e-06
[train] step=1630 loss=0.012416 lr=9.927e-06
[train] step=1631 loss=0.016371 lr=9.927e-06
[train] step=1632 loss=0.013872 lr=9.927e-06
[train] step=1633 loss=0.009737 lr=9.927e-06
[train] step=1634 loss=0.016171 lr=9.927e-06
[train] step=1635 loss=0.028889 lr=9.927e-06
[train] step=1636 loss=0.019082 lr=9.927e-06
[train] step=1637 loss=0.008409 lr=9.927e-06
[train] step=1638 loss=0.012787 lr=9.927e-06
[train] step=1639 loss=0.011927 lr=9.927e-06
[train] step=1640 loss=0.013017 lr=9.927e-06
[train] step=1641 loss=0.025809 lr=9.927e-06
[train] step=1642 loss=0.056013 lr=9.926e-06
[train] step=1643 loss=0.014231 lr=9.926e-06
[train] step=1644 loss=0.012255 lr=9.926e-06
[train] step=1645 loss=0.012559 lr=9.926e-06
[train] step=1646 loss=0.014598 lr=9.926e-06
[train] step=1647 loss=0.014619 lr=9.926e-06
[train] step=1648 loss=0.013384 lr=9.926e-06
[train] step=1649 loss=0.024282 lr=9.926e-06
[train] step=1650 loss=0.006877 lr=9.926e-06
[train] step=1651 loss=0.017110 lr=9.926e-06
[train] step=1652 loss=0.009052 lr=9.926e-06
[train] step=1653 loss=0.029038 lr=9.925e-06
[train] step=1654 loss=0.019490 lr=9.925e-06
[train] step=1655 loss=0.020418 lr=9.925e-06
[train] step=1656 loss=0.013307 lr=9.925e-06
[train] step=1657 loss=0.008888 lr=9.925e-06
[train] step=1658 loss=0.006077 lr=9.925e-06
[train] step=1659 loss=0.015218 lr=9.925e-06
[train] step=1660 loss=0.013863 lr=9.925e-06
[train] step=1661 loss=0.018133 lr=9.925e-06
[train] step=1662 loss=0.023337 lr=9.925e-06
[train] step=1663 loss=0.006749 lr=9.925e-06
[train] step=1664 loss=0.019281 lr=9.924e-06
[train] step=1665 loss=0.010329 lr=9.924e-06
[train] step=1666 loss=0.012951 lr=9.924e-06
[train] step=1667 loss=0.009495 lr=9.924e-06
[train] step=1668 loss=0.006883 lr=9.924e-06
[train] step=1669 loss=0.012905 lr=9.924e-06
[train] step=1670 loss=0.018925 lr=9.924e-06
[train] step=1671 loss=0.015035 lr=9.924e-06
[train] step=1672 loss=0.010917 lr=9.924e-06
[train] step=1673 loss=0.019377 lr=9.924e-06
[train] step=1674 loss=0.060698 lr=9.924e-06
[train] step=1675 loss=0.030037 lr=9.923e-06
[train] step=1676 loss=0.011945 lr=9.923e-06
[train] step=1677 loss=0.029549 lr=9.923e-06
[train] step=1678 loss=0.011201 lr=9.923e-06
[train] step=1679 loss=0.026328 lr=9.923e-06
[train] step=1680 loss=0.011322 lr=9.923e-06
INFO     [rank 0] Model weights for step 1680 saved in       dit_trainer.py:1288
         checkpoints/model_weights_step_01680.safetensors                       
INFO     [rank 0] Scalar embedding weights for step 1680     dit_trainer.py:1297
         saved                                                                  
INFO     [rank 0] Training state saved:                      dit_trainer.py:1416
         checkpoints/model_weights_step_01680.state.pt                          
DEBUG    [rank 0] Removed old checkpoint:                    dit_trainer.py:1429
         /local/disk/hramachandran/work/wh_work/windinet/dit                    
         _outputs/lundquist/dit_sds_untrained_30k/checkpoint                    
         s/model_weights_step_01440.safetensors                                 
DEBUG    [rank 0] Removed old checkpoint:                    dit_trainer.py:1429
         /local/disk/hramachandran/work/wh_work/windinet/dit                    
         _outputs/lundquist/dit_sds_untrained_30k/checkpoint                    
         s/scalar_embedding_step_01440.safetensors                              
DEBUG    [rank 0] Removed optimizer state for older kept     dit_trainer.py:1444
         checkpoint:                                                            
         /local/disk/hramachandran/work/wh_work/windinet/dit                    
         _outputs/lundquist/dit_sds_untrained_30k/checkpoint                    
         s/model_weights_step_01560.state.pt                                    
[epoch 14] step=1680 train_loss=0.017720
[train] step=1681 loss=0.011084 lr=9.923e-06
[train] step=1682 loss=0.021090 lr=9.923e-06
[train] step=1683 loss=0.033533 lr=9.923e-06
[train] step=1684 loss=0.009097 lr=9.923e-06
[train] step=1685 loss=0.012346 lr=9.923e-06
[train] step=1686 loss=0.013867 lr=9.922e-06
[train] step=1687 loss=0.013924 lr=9.922e-06
[train] step=1688 loss=0.011804 lr=9.922e-06
[train] step=1689 loss=0.017961 lr=9.922e-06
[train] step=1690 loss=0.017376 lr=9.922e-06
[train] step=1691 loss=0.009361 lr=9.922e-06
[train] step=1692 loss=0.014470 lr=9.922e-06
[train] step=1693 loss=0.020719 lr=9.922e-06
[train] step=1694 loss=0.009229 lr=9.922e-06
[train] step=1695 loss=0.011554 lr=9.922e-06
[train] step=1696 loss=0.022308 lr=9.922e-06
[train] step=1697 loss=0.020956 lr=9.921e-06
[train] step=1698 loss=0.014012 lr=9.921e-06
[train] step=1699 loss=0.019983 lr=9.921e-06
[train] step=1700 loss=0.014263 lr=9.921e-06
[train] step=1701 loss=0.023428 lr=9.921e-06
[train] step=1702 loss=0.018120 lr=9.921e-06
[train] step=1703 loss=0.011811 lr=9.921e-06
[train] step=1704 loss=0.018554 lr=9.921e-06
[train] step=1705 loss=0.014916 lr=9.921e-06
[train] step=1706 loss=0.018593 lr=9.921e-06
[train] step=1707 loss=0.008869 lr=9.921e-06
[train] step=1708 loss=0.016338 lr=9.920e-06
[train] step=1709 loss=0.017043 lr=9.920e-06
[train] step=1710 loss=0.010094 lr=9.920e-06
[train] step=1711 loss=0.013599 lr=9.920e-06
[train] step=1712 loss=0.016437 lr=9.920e-06
[train] step=1713 loss=0.008957 lr=9.920e-06
[train] step=1714 loss=0.022135 lr=9.920e-06
[train] step=1715 loss=0.009969 lr=9.920e-06
[train] step=1716 loss=0.019047 lr=9.920e-06
[train] step=1717 loss=0.017568 lr=9.920e-06
[train] step=1718 loss=0.011853 lr=9.919e-06
[train] step=1719 loss=0.023465 lr=9.919e-06
[train] step=1720 loss=0.009502 lr=9.919e-06
[train] step=1721 loss=0.018180 lr=9.919e-06
[train] step=1722 loss=0.013675 lr=9.919e-06
[train] step=1723 loss=0.015827 lr=9.919e-06
[train] step=1724 loss=0.015235 lr=9.919e-06
[train] step=1725 loss=0.020466 lr=9.919e-06
[train] step=1726 loss=0.016122 lr=9.919e-06
[train] step=1727 loss=0.024507 lr=9.919e-06
[train] step=1728 loss=0.014424 lr=9.919e-06
[train] step=1729 loss=0.016960 lr=9.918e-06
[train] step=1730 loss=0.033080 lr=9.918e-06
[train] step=1731 loss=0.017279 lr=9.918e-06
[train] step=1732 loss=0.022719 lr=9.918e-06
[train] step=1733 loss=0.050272 lr=9.918e-06
[train] step=1734 loss=0.012632 lr=9.918e-06
[train] step=1735 loss=0.021391 lr=9.918e-06
[train] step=1736 loss=0.016753 lr=9.918e-06
[train] step=1737 loss=0.020559 lr=9.918e-06
[train] step=1738 loss=0.011968 lr=9.918e-06
[train] step=1739 loss=0.006786 lr=9.917e-06
[train] step=1740 loss=0.021703 lr=9.917e-06
[train] step=1741 loss=0.011726 lr=9.917e-06
[train] step=1742 loss=0.013618 lr=9.917e-06
[train] step=1743 loss=0.015355 lr=9.917e-06
[train] step=1744 loss=0.024629 lr=9.917e-06
[train] step=1745 loss=0.016078 lr=9.917e-06
[train] step=1746 loss=0.021840 lr=9.917e-06
[train] step=1747 loss=0.011565 lr=9.917e-06
[train] step=1748 loss=0.012786 lr=9.917e-06
[train] step=1749 loss=0.008318 lr=9.917e-06
[train] step=1750 loss=0.014555 lr=9.916e-06
[train] step=1751 loss=0.010941 lr=9.916e-06
[train] step=1752 loss=0.014722 lr=9.916e-06
[train] step=1753 loss=0.033237 lr=9.916e-06
[train] step=1754 loss=0.014186 lr=9.916e-06
[train] step=1755 loss=0.015919 lr=9.916e-06
[train] step=1756 loss=0.009264 lr=9.916e-06
[train] step=1757 loss=0.008216 lr=9.916e-06
[train] step=1758 loss=0.024806 lr=9.916e-06
[train] step=1759 loss=0.021750 lr=9.916e-06
[train] step=1760 loss=0.015575 lr=9.915e-06
[train] step=1761 loss=0.007419 lr=9.915e-06
[train] step=1762 loss=0.016625 lr=9.915e-06
[train] step=1763 loss=0.015207 lr=9.915e-06
[train] step=1764 loss=0.012014 lr=9.915e-06
[train] step=1765 loss=0.017590 lr=9.915e-06
[train] step=1766 loss=0.014261 lr=9.915e-06
[train] step=1767 loss=0.010719 lr=9.915e-06
[train] step=1768 loss=0.011644 lr=9.915e-06
[train] step=1769 loss=0.016771 lr=9.915e-06
[train] step=1770 loss=0.010919 lr=9.915e-06
[train] step=1771 loss=0.029704 lr=9.914e-06
[train] step=1772 loss=0.010040 lr=9.914e-06
[train] step=1773 loss=0.031927 lr=9.914e-06
[train] step=1774 loss=0.015344 lr=9.914e-06
[train] step=1775 loss=0.013862 lr=9.914e-06
[train] step=1776 loss=0.030544 lr=9.914e-06
[train] step=1777 loss=0.030422 lr=9.914e-06
[train] step=1778 loss=0.029646 lr=9.914e-06
[train] step=1779 loss=0.014180 lr=9.914e-06
[train] step=1780 loss=0.023237 lr=9.914e-06
[train] step=1781 loss=0.012503 lr=9.913e-06
[train] step=1782 loss=0.009653 lr=9.913e-06
[train] step=1783 loss=0.009491 lr=9.913e-06
[train] step=1784 loss=0.012096 lr=9.913e-06
[train] step=1785 loss=0.007725 lr=9.913e-06
[train] step=1786 loss=0.030940 lr=9.913e-06
[train] step=1787 loss=0.013918 lr=9.913e-06
[train] step=1788 loss=0.070692 lr=9.913e-06
[train] step=1789 loss=0.025940 lr=9.913e-06
[train] step=1790 loss=0.014267 lr=9.913e-06
[train] step=1791 loss=0.012288 lr=9.913e-06
[train] step=1792 loss=0.012419 lr=9.912e-06
[train] step=1793 loss=0.010010 lr=9.912e-06
[train] step=1794 loss=0.026792 lr=9.912e-06
[train] step=1795 loss=0.014828 lr=9.912e-06
[train] step=1796 loss=0.014772 lr=9.912e-06
[train] step=1797 loss=0.010359 lr=9.912e-06
[train] step=1798 loss=0.032617 lr=9.912e-06
[train] step=1799 loss=0.011881 lr=9.912e-06
[train] step=1800 loss=0.015518 lr=9.912e-06
[val] step=1800 val_loss=0.015745
INFO     [rank 0] Model weights for step 1800 saved in       dit_trainer.py:1288
         checkpoints/model_weights_step_01800.safetensors                       
INFO     [rank 0] Scalar embedding weights for step 1800     dit_trainer.py:1297
         saved                                                                  
INFO     [rank 0] Training state saved:                      dit_trainer.py:1416
         checkpoints/model_weights_step_01800.state.pt                          
INFO     [rank 0] New best checkpoint (step 1800,            dit_trainer.py:1320
         val_loss=0.015745):                                                    
         checkpoints/model_weights_best.safetensors                             
DEBUG    [rank 0] Removed old checkpoint:                    dit_trainer.py:1429
         /local/disk/hramachandran/work/wh_work/windinet/dit                    
         _outputs/lundquist/dit_sds_untrained_30k/checkpoint                    
         s/model_weights_step_01560.safetensors                                 
DEBUG    [rank 0] Removed old checkpoint:                    dit_trainer.py:1429
         /local/disk/hramachandran/work/wh_work/windinet/dit                    
         _outputs/lundquist/dit_sds_untrained_30k/checkpoint                    
         s/scalar_embedding_step_01560.safetensors                              
DEBUG    [rank 0] Removed optimizer state for older kept     dit_trainer.py:1444
         checkpoint:                                                            
         /local/disk/hramachandran/work/wh_work/windinet/dit                    
         _outputs/lundquist/dit_sds_untrained_30k/checkpoint                    
         s/model_weights_step_01680.state.pt                                    
[epoch 15] step=1800 train_loss=0.017212 val_loss=0.015745
[train] step=1801 loss=0.012442 lr=9.912e-06
[train] step=1802 loss=0.008372 lr=9.911e-06
[train] step=1803 loss=0.032465 lr=9.911e-06
[train] step=1804 loss=0.007567 lr=9.911e-06
[train] step=1805 loss=0.015147 lr=9.911e-06
[train] step=1806 loss=0.030610 lr=9.911e-06
[train] step=1807 loss=0.009780 lr=9.911e-06
[train] step=1808 loss=0.019790 lr=9.911e-06
[train] step=1809 loss=0.011108 lr=9.911e-06
[train] step=1810 loss=0.013284 lr=9.911e-06
[train] step=1811 loss=0.014151 lr=9.911e-06
[train] step=1812 loss=0.012033 lr=9.910e-06
[train] step=1813 loss=0.017593 lr=9.910e-06
[train] step=1814 loss=0.014380 lr=9.910e-06
[train] step=1815 loss=0.009911 lr=9.910e-06
[train] step=1816 loss=0.010003 lr=9.910e-06
[train] step=1817 loss=0.010188 lr=9.910e-06
[train] step=1818 loss=0.025309 lr=9.910e-06
[train] step=1819 loss=0.014532 lr=9.910e-06
[train] step=1820 loss=0.024892 lr=9.910e-06
[train] step=1821 loss=0.024091 lr=9.910e-06
[train] step=1822 loss=0.012634 lr=9.909e-06
[train] step=1823 loss=0.020237 lr=9.909e-06
[train] step=1824 loss=0.007512 lr=9.909e-06
[train] step=1825 loss=0.010521 lr=9.909e-06
[train] step=1826 loss=0.025206 lr=9.909e-06
[train] step=1827 loss=0.020871 lr=9.909e-06
[train] step=1828 loss=0.010015 lr=9.909e-06
[train] step=1829 loss=0.019368 lr=9.909e-06
[train] step=1830 loss=0.021139 lr=9.909e-06
[train] step=1831 loss=0.009519 lr=9.909e-06
[train] step=1832 loss=0.009713 lr=9.908e-06
[train] step=1833 loss=0.007400 lr=9.908e-06
[train] step=1834 loss=0.020029 lr=9.908e-06
[train] step=1835 loss=0.010398 lr=9.908e-06
[train] step=1836 loss=0.009916 lr=9.908e-06
[train] step=1837 loss=0.008580 lr=9.908e-06
[train] step=1838 loss=0.014895 lr=9.908e-06
[train] step=1839 loss=0.010667 lr=9.908e-06
[train] step=1840 loss=0.009313 lr=9.908e-06
[train] step=1841 loss=0.035039 lr=9.908e-06
[train] step=1842 loss=0.008162 lr=9.907e-06
[train] step=1843 loss=0.017835 lr=9.907e-06
[train] step=1844 loss=0.019662 lr=9.907e-06
[train] step=1845 loss=0.014100 lr=9.907e-06
[train] step=1846 loss=0.009637 lr=9.907e-06
[train] step=1847 loss=0.028743 lr=9.907e-06
[train] step=1848 loss=0.009338 lr=9.907e-06
[train] step=1849 loss=0.016996 lr=9.907e-06
[train] step=1850 loss=0.021461 lr=9.907e-06
[train] step=1851 loss=0.015147 lr=9.907e-06
[train] step=1852 loss=0.008245 lr=9.906e-06
[train] step=1853 loss=0.022439 lr=9.906e-06
[train] step=1854 loss=0.010234 lr=9.906e-06
[train] step=1855 loss=0.007318 lr=9.906e-06
[train] step=1856 loss=0.014857 lr=9.906e-06
[train] step=1857 loss=0.007603 lr=9.906e-06
[train] step=1858 loss=0.031913 lr=9.906e-06
[train] step=1859 loss=0.030514 lr=9.906e-06
[train] step=1860 loss=0.022234 lr=9.906e-06
[train] step=1861 loss=0.019593 lr=9.906e-06
[train] step=1862 loss=0.012163 lr=9.905e-06
[train] step=1863 loss=0.007787 lr=9.905e-06
[train] step=1864 loss=0.011005 lr=9.905e-06
[train] step=1865 loss=0.018137 lr=9.905e-06
[train] step=1866 loss=0.012685 lr=9.905e-06
[train] step=1867 loss=0.011217 lr=9.905e-06
[train] step=1868 loss=0.013656 lr=9.905e-06
[train] step=1869 loss=0.014506 lr=9.905e-06
[train] step=1870 loss=0.014695 lr=9.905e-06
[train] step=1871 loss=0.009661 lr=9.905e-06
[train] step=1872 loss=0.011463 lr=9.904e-06
[train] step=1873 loss=0.008459 lr=9.904e-06
[train] step=1874 loss=0.009709 lr=9.904e-06
[train] step=1875 loss=0.016904 lr=9.904e-06
[train] step=1876 loss=0.014079 lr=9.904e-06
[train] step=1877 loss=0.006382 lr=9.904e-06
[train] step=1878 loss=0.017081 lr=9.904e-06
[train] step=1879 loss=0.009957 lr=9.904e-06
[train] step=1880 loss=0.014396 lr=9.904e-06
[train] step=1881 loss=0.016139 lr=9.904e-06
[train] step=1882 loss=0.016642 lr=9.903e-06
[train] step=1883 loss=0.007883 lr=9.903e-06
[train] step=1884 loss=0.017076 lr=9.903e-06
[train] step=1885 loss=0.008504 lr=9.903e-06
[train] step=1886 loss=0.019812 lr=9.903e-06
[train] step=1887 loss=0.015286 lr=9.903e-06
[train] step=1888 loss=0.028887 lr=9.903e-06
[train] step=1889 loss=0.012548 lr=9.903e-06
[train] step=1890 loss=0.008438 lr=9.903e-06
[train] step=1891 loss=0.020627 lr=9.902e-06
[train] step=1892 loss=0.012667 lr=9.902e-06
[train] step=1893 loss=0.020667 lr=9.902e-06
[train] step=1894 loss=0.024917 lr=9.902e-06
[train] step=1895 loss=0.011167 lr=9.902e-06
[train] step=1896 loss=0.018233 lr=9.902e-06
[train] step=1897 loss=0.008221 lr=9.902e-06
[train] step=1898 loss=0.008931 lr=9.902e-06
[train] step=1899 loss=0.014505 lr=9.902e-06
[train] step=1900 loss=0.016773 lr=9.902e-06
[train] step=1901 loss=0.010130 lr=9.901e-06
[train] step=1902 loss=0.009721 lr=9.901e-06
[train] step=1903 loss=0.009785 lr=9.901e-06
[train] step=1904 loss=0.016705 lr=9.901e-06
[train] step=1905 loss=0.011397 lr=9.901e-06
[train] step=1906 loss=0.012657 lr=9.901e-06
[train] step=1907 loss=0.010420 lr=9.901e-06
[train] step=1908 loss=0.024406 lr=9.901e-06
[train] step=1909 loss=0.006718 lr=9.901e-06
[train] step=1910 loss=0.019237 lr=9.901e-06
[train] step=1911 loss=0.018100 lr=9.900e-06
[train] step=1912 loss=0.012452 lr=9.900e-06
[train] step=1913 loss=0.011787 lr=9.900e-06
[train] step=1914 loss=0.010496 lr=9.900e-06
[train] step=1915 loss=0.028433 lr=9.900e-06
[train] step=1916 loss=0.022173 lr=9.900e-06
[train] step=1917 loss=0.029848 lr=9.900e-06
[train] step=1918 loss=0.010967 lr=9.900e-06
[train] step=1919 loss=0.047445 lr=9.900e-06
[train] step=1920 loss=0.011937 lr=9.899e-06
INFO     [rank 0] Model weights for step 1920 saved in       dit_trainer.py:1288
         checkpoints/model_weights_step_01920.safetensors                       
INFO     [rank 0] Scalar embedding weights for step 1920     dit_trainer.py:1297
         saved                                                                  
INFO     [rank 0] Training state saved:                      dit_trainer.py:1416
         checkpoints/model_weights_step_01920.state.pt                          
DEBUG    [rank 0] Removed old checkpoint:                    dit_trainer.py:1429
         /local/disk/hramachandran/work/wh_work/windinet/dit                    
         _outputs/lundquist/dit_sds_untrained_30k/checkpoint                    
         s/model_weights_step_01680.safetensors                                 
DEBUG    [rank 0] Removed old checkpoint:                    dit_trainer.py:1429
         /local/disk/hramachandran/work/wh_work/windinet/dit                    
         _outputs/lundquist/dit_sds_untrained_30k/checkpoint                    
         s/scalar_embedding_step_01680.safetensors                              
DEBUG    [rank 0] Removed optimizer state for older kept     dit_trainer.py:1444
         checkpoint:                                                            
         /local/disk/hramachandran/work/wh_work/windinet/dit                    
         _outputs/lundquist/dit_sds_untrained_30k/checkpoint                    
         s/model_weights_step_01800.state.pt                                    
[epoch 16] step=1920 train_loss=0.015391
[train] step=1921 loss=0.008548 lr=9.899e-06
[train] step=1922 loss=0.011082 lr=9.899e-06
[train] step=1923 loss=0.034804 lr=9.899e-06
[train] step=1924 loss=0.011427 lr=9.899e-06
[train] step=1925 loss=0.010627 lr=9.899e-06
[train] step=1926 loss=0.029337 lr=9.899e-06
[train] step=1927 loss=0.012138 lr=9.899e-06
[train] step=1928 loss=0.013909 lr=9.899e-06
[train] step=1929 loss=0.011512 lr=9.899e-06
[train] step=1930 loss=0.008920 lr=9.898e-06
[train] step=1931 loss=0.024609 lr=9.898e-06
[train] step=1932 loss=0.010452 lr=9.898e-06
[train] step=1933 loss=0.009128 lr=9.898e-06
[train] step=1934 loss=0.012855 lr=9.898e-06
[train] step=1935 loss=0.009357 lr=9.898e-06
[train] step=1936 loss=0.008934 lr=9.898e-06
[train] step=1937 loss=0.018694 lr=9.898e-06
[train] step=1938 loss=0.018778 lr=9.898e-06
[train] step=1939 loss=0.018395 lr=9.897e-06
[train] step=1940 loss=0.019514 lr=9.897e-06
[train] step=1941 loss=0.013005 lr=9.897e-06
[train] step=1942 loss=0.015861 lr=9.897e-06
[train] step=1943 loss=0.015041 lr=9.897e-06
[train] step=1944 loss=0.014699 lr=9.897e-06
[train] step=1945 loss=0.032651 lr=9.897e-06
[train] step=1946 loss=0.030316 lr=9.897e-06
[train] step=1947 loss=0.018848 lr=9.897e-06
[train] step=1948 loss=0.011601 lr=9.897e-06
[train] step=1949 loss=0.014226 lr=9.896e-06
[train] step=1950 loss=0.013212 lr=9.896e-06
[train] step=1951 loss=0.014183 lr=9.896e-06
[train] step=1952 loss=0.009412 lr=9.896e-06
[train] step=1953 loss=0.011434 lr=9.896e-06
[train] step=1954 loss=0.038951 lr=9.896e-06
[train] step=1955 loss=0.010243 lr=9.896e-06
[train] step=1956 loss=0.011690 lr=9.896e-06
[train] step=1957 loss=0.009994 lr=9.896e-06
[train] step=1958 loss=0.017082 lr=9.895e-06
[train] step=1959 loss=0.014458 lr=9.895e-06
[train] step=1960 loss=0.009950 lr=9.895e-06
[train] step=1961 loss=0.024482 lr=9.895e-06
[train] step=1962 loss=0.012980 lr=9.895e-06
[train] step=1963 loss=0.014136 lr=9.895e-06
[train] step=1964 loss=0.009419 lr=9.895e-06
[train] step=1965 loss=0.023142 lr=9.895e-06
[train] step=1966 loss=0.021512 lr=9.895e-06
[train] step=1967 loss=0.007875 lr=9.895e-06
[train] step=1968 loss=0.009725 lr=9.894e-06
[train] step=1969 loss=0.015728 lr=9.894e-06
[train] step=1970 loss=0.016469 lr=9.894e-06
[train] step=1971 loss=0.008533 lr=9.894e-06
[train] step=1972 loss=0.008012 lr=9.894e-06
[train] step=1973 loss=0.011255 lr=9.894e-06
[train] step=1974 loss=0.013806 lr=9.894e-06
[train] step=1975 loss=0.066778 lr=9.894e-06
[train] step=1976 loss=0.012071 lr=9.894e-06
[train] step=1977 loss=0.008573 lr=9.893e-06
[train] step=1978 loss=0.021038 lr=9.893e-06
[train] step=1979 loss=0.012159 lr=9.893e-06
[train] step=1980 loss=0.014735 lr=9.893e-06
[train] step=1981 loss=0.015662 lr=9.893e-06
[train] step=1982 loss=0.008072 lr=9.893e-06
[train] step=1983 loss=0.008113 lr=9.893e-06
[train] step=1984 loss=0.024111 lr=9.893e-06
[train] step=1985 loss=0.018569 lr=9.893e-06
[train] step=1986 loss=0.015894 lr=9.892e-06
[train] step=1987 loss=0.014044 lr=9.892e-06
[train] step=1988 loss=0.042470 lr=9.892e-06
[train] step=1989 loss=0.010136 lr=9.892e-06
[train] step=1990 loss=0.019123 lr=9.892e-06
[train] step=1991 loss=0.018117 lr=9.892e-06
[train] step=1992 loss=0.014784 lr=9.892e-06
[train] step=1993 loss=0.008535 lr=9.892e-06
[train] step=1994 loss=0.019263 lr=9.892e-06
[train] step=1995 loss=0.009044 lr=9.891e-06
[train] step=1996 loss=0.014691 lr=9.891e-06
[train] step=1997 loss=0.009266 lr=9.891e-06
[train] step=1998 loss=0.012342 lr=9.891e-06
[train] step=1999 loss=0.036237 lr=9.891e-06
[train] step=2000 loss=0.012109 lr=9.891e-06
INFO     [rank 0] DiT visualization fixed on 3 samples  dit_visualization.py:249
         from                                                                   
         /local/disk/hramachandran/work/wh_work/windine                         
         t/euler_mq_dataset/128x128_ds/train.h5:                                
         ['0000_gamma1.1299999952',                                             
         '2159_gamma1.3650000095',                                              
         '4498_gamma1.7599999905']                                              
INFO     [rank 0] Loading DiT-visualization VAE from    dit_visualization.py:254
         /local/disk/hramachandran/work/wh_work/windine                         
         t/finetune_vae_outputs/lundquist/finetune_vae_                         
         whole_structure_baseline_ep20_sds_untrained/ch                         
         eckpoints/vae_shockwave_best.safetensors                               
/local/disk/hramachandran/miniconda/envs/windinet/lib/python3.10/site-packages/huggingface_hub/utils/_validators.py:205: UserWarning: The `local_dir_use_symlinks` argument is deprecated and ignored in `hf_hub_download`. Downloading to a local directory does not use symlinks anymore.
  warnings.warn(
INFO     [rank 0] HTTP Request: HEAD                             _client.py:1025
         https://huggingface.co/Lightricks/LTX-Video-0.9.5/resol                
         ve/main/vae/config.json "HTTP/1.1 307 Temporary                        
         Redirect"                                                              
INFO     [rank 0] HTTP Request: HEAD                             _client.py:1025
         https://huggingface.co/api/resolve-cache/models/Lightri                
         cks/LTX-Video-0.9.5/e58e28c39631af4d1468ee57a853764e11c                
         1d37e/vae%2Fconfig.json "HTTP/1.1 200 OK"                              
INFO     [rank 0] HTTP Request: HEAD                             _client.py:1025
         https://huggingface.co/Lightricks/LTX-Video-0.9.5/resol                
         ve/e58e28c39631af4d1468ee57a853764e11c1d37e/vae/diffusi                
         on_pytorch_model.safetensors.index.json "HTTP/1.1 404                  
         Not Found"                                                             
[windinet] loaded inflated VAE checkpoint: /local/disk/hramachandran/work/wh_work/windinet/finetune_vae_outputs/lundquist/finetune_vae_whole_structure_baseline_ep20_sds_untrained/checkpoints/vae_shockwave_best.safetensors (epoch=19, step=2261)
INFO     [rank 0] Saved DiT visualization panels for    dit_visualization.py:418
         step 2000 (3 samples x 4 frames);                                      
         latent_vrmse=0.08910 pixel_vrmse=0.53673 ->                            
         /local/disk/hramachandran/work/wh_work/windine                         
         t/dit_outputs/lundquist/dit_sds_untrained_30k/                         
         dit_vrmse_metrics.csv,                                                 
         /local/disk/hramachandran/work/wh_work/windine                         
         t/dit_outputs/lundquist/dit_sds_untrained_30k/                         
         dit_vrmse_curve.png                                                    
[train] step=2001 loss=0.010637 lr=9.891e-06
[train] step=2002 loss=0.034129 lr=9.891e-06
[train] step=2003 loss=0.012887 lr=9.891e-06
[train] step=2004 loss=0.009347 lr=9.891e-06
[train] step=2005 loss=0.016111 lr=9.890e-06
[train] step=2006 loss=0.020762 lr=9.890e-06
[train] step=2007 loss=0.007716 lr=9.890e-06
[train] step=2008 loss=0.015377 lr=9.890e-06
[train] step=2009 loss=0.013419 lr=9.890e-06
[train] step=2010 loss=0.015325 lr=9.890e-06
[train] step=2011 loss=0.011857 lr=9.890e-06
[train] step=2012 loss=0.021630 lr=9.890e-06
[train] step=2013 loss=0.014832 lr=9.890e-06
[train] step=2014 loss=0.012070 lr=9.889e-06
[train] step=2015 loss=0.014225 lr=9.889e-06
[train] step=2016 loss=0.025630 lr=9.889e-06
[train] step=2017 loss=0.014909 lr=9.889e-06
[train] step=2018 loss=0.015732 lr=9.889e-06
[train] step=2019 loss=0.011900 lr=9.889e-06
[train] step=2020 loss=0.011131 lr=9.889e-06
[train] step=2021 loss=0.013555 lr=9.889e-06
[train] step=2022 loss=0.015242 lr=9.889e-06
[train] step=2023 loss=0.013111 lr=9.888e-06
[train] step=2024 loss=0.016768 lr=9.888e-06
[train] step=2025 loss=0.013601 lr=9.888e-06
[train] step=2026 loss=0.012420 lr=9.888e-06
[train] step=2027 loss=0.008424 lr=9.888e-06
[train] step=2028 loss=0.039409 lr=9.888e-06
[train] step=2029 loss=0.007183 lr=9.888e-06
[train] step=2030 loss=0.022585 lr=9.888e-06
[train] step=2031 loss=0.017039 lr=9.888e-06
[train] step=2032 loss=0.059129 lr=9.887e-06
[train] step=2033 loss=0.015893 lr=9.887e-06
[train] step=2034 loss=0.025244 lr=9.887e-06
[train] step=2035 loss=0.009307 lr=9.887e-06
[train] step=2036 loss=0.026302 lr=9.887e-06
[train] step=2037 loss=0.012726 lr=9.887e-06
[train] step=2038 loss=0.019736 lr=9.887e-06
[train] step=2039 loss=0.021608 lr=9.887e-06
[train] step=2040 loss=0.012754 lr=9.887e-06
INFO     [rank 0] Model weights for step 2040 saved in       dit_trainer.py:1288
         checkpoints/model_weights_step_02040.safetensors                       
INFO     [rank 0] Scalar embedding weights for step 2040     dit_trainer.py:1297
         saved                                                                  
INFO     [rank 0] Training state saved:                      dit_trainer.py:1416
         checkpoints/model_weights_step_02040.state.pt                          
DEBUG    [rank 0] Removed old checkpoint:                    dit_trainer.py:1429
         /local/disk/hramachandran/work/wh_work/windinet/dit                    
         _outputs/lundquist/dit_sds_untrained_30k/checkpoint                    
         s/model_weights_step_01800.safetensors                                 
DEBUG    [rank 0] Removed old checkpoint:                    dit_trainer.py:1429
         /local/disk/hramachandran/work/wh_work/windinet/dit                    
         _outputs/lundquist/dit_sds_untrained_30k/checkpoint                    
         s/scalar_embedding_step_01800.safetensors                              
DEBUG    [rank 0] Removed optimizer state for older kept     dit_trainer.py:1444
         checkpoint:                                                            
         /local/disk/hramachandran/work/wh_work/windinet/dit                    
         _outputs/lundquist/dit_sds_untrained_30k/checkpoint                    
         s/model_weights_step_01920.state.pt                                    
[epoch 17] step=2040 train_loss=0.016531
[train] step=2041 loss=0.029122 lr=9.886e-06
[train] step=2042 loss=0.019894 lr=9.886e-06
[train] step=2043 loss=0.014897 lr=9.886e-06
[train] step=2044 loss=0.008985 lr=9.886e-06
[train] step=2045 loss=0.011796 lr=9.886e-06
[train] step=2046 loss=0.017272 lr=9.886e-06
[train] step=2047 loss=0.009260 lr=9.886e-06
[train] step=2048 loss=0.013892 lr=9.886e-06
[train] step=2049 loss=0.012495 lr=9.886e-06
[train] step=2050 loss=0.013501 lr=9.885e-06
[train] step=2051 loss=0.009893 lr=9.885e-06
[train] step=2052 loss=0.010235 lr=9.885e-06
[train] step=2053 loss=0.017614 lr=9.885e-06
[train] step=2054 loss=0.014823 lr=9.885e-06
[train] step=2055 loss=0.026692 lr=9.885e-06
[train] step=2056 loss=0.011821 lr=9.885e-06
[train] step=2057 loss=0.013940 lr=9.885e-06
[train] step=2058 loss=0.017900 lr=9.885e-06
[train] step=2059 loss=0.023304 lr=9.884e-06
[train] step=2060 loss=0.008959 lr=9.884e-06
[train] step=2061 loss=0.015895 lr=9.884e-06
[train] step=2062 loss=0.014916 lr=9.884e-06
[train] step=2063 loss=0.013191 lr=9.884e-06
[train] step=2064 loss=0.022419 lr=9.884e-06
[train] step=2065 loss=0.010287 lr=9.884e-06
[train] step=2066 loss=0.020797 lr=9.884e-06
[train] step=2067 loss=0.007246 lr=9.884e-06
[train] step=2068 loss=0.021719 lr=9.883e-06
[train] step=2069 loss=0.010626 lr=9.883e-06
[train] step=2070 loss=0.016380 lr=9.883e-06
[train] step=2071 loss=0.008263 lr=9.883e-06
[train] step=2072 loss=0.039151 lr=9.883e-06
[train] step=2073 loss=0.009961 lr=9.883e-06
[train] step=2074 loss=0.027009 lr=9.883e-06
[train] step=2075 loss=0.017915 lr=9.883e-06
[train] step=2076 loss=0.018115 lr=9.883e-06
[train] step=2077 loss=0.031362 lr=9.882e-06
[train] step=2078 loss=0.017407 lr=9.882e-06
[train] step=2079 loss=0.021172 lr=9.882e-06
[train] step=2080 loss=0.013534 lr=9.882e-06
[train] step=2081 loss=0.015566 lr=9.882e-06
[train] step=2082 loss=0.010605 lr=9.882e-06
[train] step=2083 loss=0.025604 lr=9.882e-06
[train] step=2084 loss=0.014269 lr=9.882e-06
[train] step=2085 loss=0.011172 lr=9.882e-06
[train] step=2086 loss=0.011382 lr=9.881e-06
[train] step=2087 loss=0.011530 lr=9.881e-06
[train] step=2088 loss=0.009762 lr=9.881e-06
[train] step=2089 loss=0.046273 lr=9.881e-06
[train] step=2090 loss=0.020749 lr=9.881e-06
[train] step=2091 loss=0.027816 lr=9.881e-06
[train] step=2092 loss=0.006738 lr=9.881e-06
[train] step=2093 loss=0.008798 lr=9.881e-06
[train] step=2094 loss=0.024847 lr=9.881e-06
[train] step=2095 loss=0.017969 lr=9.880e-06
[train] step=2096 loss=0.020335 lr=9.880e-06
[train] step=2097 loss=0.015398 lr=9.880e-06
[train] step=2098 loss=0.010534 lr=9.880e-06
[train] step=2099 loss=0.026649 lr=9.880e-06
[train] step=2100 loss=0.063374 lr=9.880e-06
[train] step=2101 loss=0.046865 lr=9.880e-06
[train] step=2102 loss=0.019618 lr=9.880e-06
[train] step=2103 loss=0.013395 lr=9.879e-06
[train] step=2104 loss=0.010915 lr=9.879e-06
[train] step=2105 loss=0.011023 lr=9.879e-06
[train] step=2106 loss=0.042130 lr=9.879e-06
[train] step=2107 loss=0.008888 lr=9.879e-06
[train] step=2108 loss=0.019365 lr=9.879e-06
[train] step=2109 loss=0.013489 lr=9.879e-06
[train] step=2110 loss=0.019204 lr=9.879e-06
[train] step=2111 loss=0.009200 lr=9.879e-06
[train] step=2112 loss=0.007721 lr=9.878e-06
[train] step=2113 loss=0.018571 lr=9.878e-06
[train] step=2114 loss=0.011378 lr=9.878e-06
[train] step=2115 loss=0.013229 lr=9.878e-06
[train] step=2116 loss=0.019701 lr=9.878e-06
[train] step=2117 loss=0.022018 lr=9.878e-06
[train] step=2118 loss=0.030919 lr=9.878e-06
[train] step=2119 loss=0.013499 lr=9.878e-06
[train] step=2120 loss=0.008305 lr=9.878e-06
[train] step=2121 loss=0.012926 lr=9.877e-06
[train] step=2122 loss=0.011245 lr=9.877e-06
[train] step=2123 loss=0.012803 lr=9.877e-06
[train] step=2124 loss=0.048221 lr=9.877e-06
[train] step=2125 loss=0.016751 lr=9.877e-06
[train] step=2126 loss=0.017691 lr=9.877e-06
[train] step=2127 loss=0.015813 lr=9.877e-06
[train] step=2128 loss=0.006398 lr=9.877e-06
[train] step=2129 loss=0.019320 lr=9.876e-06
[train] step=2130 loss=0.010204 lr=9.876e-06
[train] step=2131 loss=0.013729 lr=9.876e-06
[train] step=2132 loss=0.014010 lr=9.876e-06
[train] step=2133 loss=0.007901 lr=9.876e-06
[train] step=2134 loss=0.039454 lr=9.876e-06
[train] step=2135 loss=0.018622 lr=9.876e-06
[train] step=2136 loss=0.013980 lr=9.876e-06
[train] step=2137 loss=0.018172 lr=9.876e-06
[train] step=2138 loss=0.012697 lr=9.875e-06
[train] step=2139 loss=0.011753 lr=9.875e-06
[train] step=2140 loss=0.023830 lr=9.875e-06
[train] step=2141 loss=0.020938 lr=9.875e-06
[train] step=2142 loss=0.018916 lr=9.875e-06
[train] step=2143 loss=0.016540 lr=9.875e-06
[train] step=2144 loss=0.041261 lr=9.875e-06
[train] step=2145 loss=0.021626 lr=9.875e-06
[train] step=2146 loss=0.042921 lr=9.875e-06
[train] step=2147 loss=0.011488 lr=9.874e-06
[train] step=2148 loss=0.026569 lr=9.874e-06
[train] step=2149 loss=0.026432 lr=9.874e-06
[train] step=2150 loss=0.016032 lr=9.874e-06
[train] step=2151 loss=0.011823 lr=9.874e-06
[train] step=2152 loss=0.012069 lr=9.874e-06
[train] step=2153 loss=0.011968 lr=9.874e-06
[train] step=2154 loss=0.010422 lr=9.874e-06
[train] step=2155 loss=0.056207 lr=9.873e-06
[train] step=2156 loss=0.014718 lr=9.873e-06
[train] step=2157 loss=0.011145 lr=9.873e-06
[train] step=2158 loss=0.022740 lr=9.873e-06
[train] step=2159 loss=0.011624 lr=9.873e-06
[train] step=2160 loss=0.017474 lr=9.873e-06
INFO     [rank 0] Model weights for step 2160 saved in       dit_trainer.py:1288
         checkpoints/model_weights_step_02160.safetensors                       
INFO     [rank 0] Scalar embedding weights for step 2160     dit_trainer.py:1297
         saved                                                                  
INFO     [rank 0] Training state saved:                      dit_trainer.py:1416
         checkpoints/model_weights_step_02160.state.pt                          
DEBUG    [rank 0] Removed old checkpoint:                    dit_trainer.py:1429
         /local/disk/hramachandran/work/wh_work/windinet/dit                    
         _outputs/lundquist/dit_sds_untrained_30k/checkpoint                    
         s/model_weights_step_01920.safetensors                                 
DEBUG    [rank 0] Removed old checkpoint:                    dit_trainer.py:1429
         /local/disk/hramachandran/work/wh_work/windinet/dit                    
         _outputs/lundquist/dit_sds_untrained_30k/checkpoint                    
         s/scalar_embedding_step_01920.safetensors                              
DEBUG    [rank 0] Removed optimizer state for older kept     dit_trainer.py:1444
         checkpoint:                                                            
         /local/disk/hramachandran/work/wh_work/windinet/dit                    
         _outputs/lundquist/dit_sds_untrained_30k/checkpoint                    
         s/model_weights_step_02040.state.pt                                    
[epoch 18] step=2160 train_loss=0.018218
[train] step=2161 loss=0.014095 lr=9.873e-06
[train] step=2162 loss=0.013058 lr=9.873e-06
[train] step=2163 loss=0.012561 lr=9.873e-06
[train] step=2164 loss=0.015423 lr=9.872e-06
[train] step=2165 loss=0.009693 lr=9.872e-06
[train] step=2166 loss=0.012016 lr=9.872e-06
[train] step=2167 loss=0.008545 lr=9.872e-06
[train] step=2168 loss=0.019189 lr=9.872e-06
[train] step=2169 loss=0.035550 lr=9.872e-06
[train] step=2170 loss=0.013169 lr=9.872e-06
[train] step=2171 loss=0.015917 lr=9.872e-06
[train] step=2172 loss=0.010332 lr=9.871e-06
[train] step=2173 loss=0.010852 lr=9.871e-06
[train] step=2174 loss=0.010684 lr=9.871e-06
[train] step=2175 loss=0.009018 lr=9.871e-06
[train] step=2176 loss=0.006620 lr=9.871e-06
[train] step=2177 loss=0.011587 lr=9.871e-06
[train] step=2178 loss=0.013148 lr=9.871e-06
[train] step=2179 loss=0.005566 lr=9.871e-06
[train] step=2180 loss=0.020776 lr=9.871e-06
[train] step=2181 loss=0.019505 lr=9.870e-06
[train] step=2182 loss=0.009878 lr=9.870e-06
[train] step=2183 loss=0.021664 lr=9.870e-06
[train] step=2184 loss=0.027031 lr=9.870e-06
[train] step=2185 loss=0.025988 lr=9.870e-06
[train] step=2186 loss=0.014171 lr=9.870e-06
[train] step=2187 loss=0.015789 lr=9.870e-06
[train] step=2188 loss=0.010953 lr=9.870e-06
[train] step=2189 loss=0.013390 lr=9.869e-06
[train] step=2190 loss=0.018085 lr=9.869e-06
[train] step=2191 loss=0.012137 lr=9.869e-06
[train] step=2192 loss=0.029854 lr=9.869e-06
[train] step=2193 loss=0.018575 lr=9.869e-06
[train] step=2194 loss=0.016690 lr=9.869e-06
[train] step=2195 loss=0.016408 lr=9.869e-06
[train] step=2196 loss=0.004211 lr=9.869e-06
[train] step=2197 loss=0.015335 lr=9.869e-06
[train] step=2198 loss=0.036232 lr=9.868e-06
[train] step=2199 loss=0.007851 lr=9.868e-06
[train] step=2200 loss=0.020296 lr=9.868e-06
[train] step=2201 loss=0.008466 lr=9.868e-06
[train] step=2202 loss=0.025791 lr=9.868e-06
[train] step=2203 loss=0.012307 lr=9.868e-06
[train] step=2204 loss=0.014431 lr=9.868e-06
[train] step=2205 loss=0.038282 lr=9.868e-06
[train] step=2206 loss=0.013102 lr=9.867e-06
[train] step=2207 loss=0.013577 lr=9.867e-06
[train] step=2208 loss=0.015006 lr=9.867e-06
[train] step=2209 loss=0.008741 lr=9.867e-06
[train] step=2210 loss=0.006341 lr=9.867e-06
[train] step=2211 loss=0.006376 lr=9.867e-06
[train] step=2212 loss=0.032408 lr=9.867e-06
[train] step=2213 loss=0.033936 lr=9.867e-06
[train] step=2214 loss=0.012031 lr=9.866e-06
[train] step=2215 loss=0.010995 lr=9.866e-06
[train] step=2216 loss=0.011075 lr=9.866e-06
[train] step=2217 loss=0.024874 lr=9.866e-06
[train] step=2218 loss=0.010158 lr=9.866e-06
[train] step=2219 loss=0.024579 lr=9.866e-06
[train] step=2220 loss=0.019259 lr=9.866e-06
[train] step=2221 loss=0.018379 lr=9.866e-06
[train] step=2222 loss=0.012431 lr=9.866e-06
[train] step=2223 loss=0.007952 lr=9.865e-06
[train] step=2224 loss=0.009320 lr=9.865e-06
[train] step=2225 loss=0.008964 lr=9.865e-06
[train] step=2226 loss=0.018943 lr=9.865e-06
[train] step=2227 loss=0.016017 lr=9.865e-06
[train] step=2228 loss=0.013930 lr=9.865e-06
[train] step=2229 loss=0.016484 lr=9.865e-06
[train] step=2230 loss=0.015134 lr=9.865e-06
[train] step=2231 loss=0.011060 lr=9.864e-06
[train] step=2232 loss=0.013655 lr=9.864e-06
[train] step=2233 loss=0.010380 lr=9.864e-06
[train] step=2234 loss=0.017250 lr=9.864e-06
[train] step=2235 loss=0.011489 lr=9.864e-06
[train] step=2236 loss=0.007492 lr=9.864e-06
[train] step=2237 loss=0.012762 lr=9.864e-06
[train] step=2238 loss=0.015399 lr=9.864e-06
[train] step=2239 loss=0.008799 lr=9.863e-06
[train] step=2240 loss=0.011472 lr=9.863e-06
[train] step=2241 loss=0.023317 lr=9.863e-06
[train] step=2242 loss=0.009496 lr=9.863e-06
[train] step=2243 loss=0.013512 lr=9.863e-06
[train] step=2244 loss=0.008560 lr=9.863e-06
[train] step=2245 loss=0.008004 lr=9.863e-06
[train] step=2246 loss=0.013242 lr=9.863e-06
[train] step=2247 loss=0.021336 lr=9.862e-06
[train] step=2248 loss=0.009785 lr=9.862e-06
[train] step=2249 loss=0.012572 lr=9.862e-06
[train] step=2250 loss=0.012399 lr=9.862e-06
[train] step=2251 loss=0.013793 lr=9.862e-06
[train] step=2252 loss=0.055551 lr=9.862e-06
[train] step=2253 loss=0.012620 lr=9.862e-06
[train] step=2254 loss=0.013420 lr=9.862e-06
[train] step=2255 loss=0.007377 lr=9.861e-06
[train] step=2256 loss=0.018634 lr=9.861e-06
[train] step=2257 loss=0.012522 lr=9.861e-06
[train] step=2258 loss=0.028229 lr=9.861e-06
[train] step=2259 loss=0.008324 lr=9.861e-06
[train] step=2260 loss=0.021356 lr=9.861e-06
[train] step=2261 loss=0.029710 lr=9.861e-06
[train] step=2262 loss=0.013952 lr=9.861e-06
[train] step=2263 loss=0.018919 lr=9.861e-06
[train] step=2264 loss=0.021626 lr=9.860e-06
[train] step=2265 loss=0.020870 lr=9.860e-06
[train] step=2266 loss=0.025957 lr=9.860e-06
[train] step=2267 loss=0.019135 lr=9.860e-06
[train] step=2268 loss=0.030176 lr=9.860e-06
[train] step=2269 loss=0.012409 lr=9.860e-06
[train] step=2270 loss=0.017117 lr=9.860e-06
[train] step=2271 loss=0.017159 lr=9.860e-06
[train] step=2272 loss=0.009861 lr=9.859e-06
[train] step=2273 loss=0.010052 lr=9.859e-06
[train] step=2274 loss=0.017374 lr=9.859e-06
[train] step=2275 loss=0.008092 lr=9.859e-06
[train] step=2276 loss=0.024079 lr=9.859e-06
[train] step=2277 loss=0.012787 lr=9.859e-06
[train] step=2278 loss=0.010889 lr=9.859e-06
[train] step=2279 loss=0.011332 lr=9.859e-06
[train] step=2280 loss=0.013344 lr=9.858e-06
INFO     [rank 0] Model weights for step 2280 saved in       dit_trainer.py:1288
         checkpoints/model_weights_step_02280.safetensors                       
INFO     [rank 0] Scalar embedding weights for step 2280     dit_trainer.py:1297
         saved                                                                  
INFO     [rank 0] Training state saved:                      dit_trainer.py:1416
         checkpoints/model_weights_step_02280.state.pt                          
DEBUG    [rank 0] Removed old checkpoint:                    dit_trainer.py:1429
         /local/disk/hramachandran/work/wh_work/windinet/dit                    
         _outputs/lundquist/dit_sds_untrained_30k/checkpoint                    
         s/model_weights_step_02040.safetensors                                 
DEBUG    [rank 0] Removed old checkpoint:                    dit_trainer.py:1429
         /local/disk/hramachandran/work/wh_work/windinet/dit                    
         _outputs/lundquist/dit_sds_untrained_30k/checkpoint                    
         s/scalar_embedding_step_02040.safetensors                              
DEBUG    [rank 0] Removed optimizer state for older kept     dit_trainer.py:1444
         checkpoint:                                                            
         /local/disk/hramachandran/work/wh_work/windinet/dit                    
         _outputs/lundquist/dit_sds_untrained_30k/checkpoint                    
         s/model_weights_step_02160.state.pt                                    
[epoch 19] step=2280 train_loss=0.015783
[train] step=2281 loss=0.016772 lr=9.858e-06
[train] step=2282 loss=0.011934 lr=9.858e-06
[train] step=2283 loss=0.014960 lr=9.858e-06
[train] step=2284 loss=0.012067 lr=9.858e-06
[train] step=2285 loss=0.010986 lr=9.858e-06
[train] step=2286 loss=0.008395 lr=9.858e-06
[train] step=2287 loss=0.006586 lr=9.858e-06
[train] step=2288 loss=0.007994 lr=9.857e-06
[train] step=2289 loss=0.022072 lr=9.857e-06
[train] step=2290 loss=0.007894 lr=9.857e-06
[train] step=2291 loss=0.011243 lr=9.857e-06
[train] step=2292 loss=0.005834 lr=9.857e-06
[train] step=2293 loss=0.015084 lr=9.857e-06
[train] step=2294 loss=0.015870 lr=9.857e-06
[train] step=2295 loss=0.006955 lr=9.857e-06
[train] step=2296 loss=0.011359 lr=9.856e-06
[train] step=2297 loss=0.009933 lr=9.856e-06
[train] step=2298 loss=0.013340 lr=9.856e-06
[train] step=2299 loss=0.023832 lr=9.856e-06
[train] step=2300 loss=0.005318 lr=9.856e-06
[train] step=2301 loss=0.008430 lr=9.856e-06
[train] step=2302 loss=0.021103 lr=9.856e-06
[train] step=2303 loss=0.024426 lr=9.856e-06
[train] step=2304 loss=0.010638 lr=9.855e-06
[train] step=2305 loss=0.012891 lr=9.855e-06
[train] step=2306 loss=0.028507 lr=9.855e-06
[train] step=2307 loss=0.012069 lr=9.855e-06
[train] step=2308 loss=0.033529 lr=9.855e-06
[train] step=2309 loss=0.016200 lr=9.855e-06
[train] step=2310 loss=0.026490 lr=9.855e-06
[train] step=2311 loss=0.007060 lr=9.855e-06
[train] step=2312 loss=0.014932 lr=9.854e-06
[train] step=2313 loss=0.012659 lr=9.854e-06
[train] step=2314 loss=0.017560 lr=9.854e-06
[train] step=2315 loss=0.015295 lr=9.854e-06
[train] step=2316 loss=0.023213 lr=9.854e-06
[train] step=2317 loss=0.014849 lr=9.854e-06
[train] step=2318 loss=0.018517 lr=9.854e-06
[train] step=2319 loss=0.012413 lr=9.854e-06
[train] step=2320 loss=0.010792 lr=9.853e-06
[train] step=2321 loss=0.021975 lr=9.853e-06
[train] step=2322 loss=0.011858 lr=9.853e-06
[train] step=2323 loss=0.010936 lr=9.853e-06
[train] step=2324 loss=0.016493 lr=9.853e-06
[train] step=2325 loss=0.010293 lr=9.853e-06
[train] step=2326 loss=0.017644 lr=9.853e-06
[train] step=2327 loss=0.016550 lr=9.853e-06
[train] step=2328 loss=0.017810 lr=9.852e-06
[train] step=2329 loss=0.017355 lr=9.852e-06
[train] step=2330 loss=0.013755 lr=9.852e-06
[train] step=2331 loss=0.008125 lr=9.852e-06
[train] step=2332 loss=0.019172 lr=9.852e-06
[train] step=2333 loss=0.008990 lr=9.852e-06
[train] step=2334 loss=0.011671 lr=9.852e-06
[train] step=2335 loss=0.007926 lr=9.852e-06
[train] step=2336 loss=0.021940 lr=9.851e-06
[train] step=2337 loss=0.013977 lr=9.851e-06
[train] step=2338 loss=0.008358 lr=9.851e-06
[train] step=2339 loss=0.020430 lr=9.851e-06
[train] step=2340 loss=0.007617 lr=9.851e-06
[train] step=2341 loss=0.018751 lr=9.851e-06
[train] step=2342 loss=0.011161 lr=9.851e-06
[train] step=2343 loss=0.014853 lr=9.851e-06
[train] step=2344 loss=0.022631 lr=9.850e-06
[train] step=2345 loss=0.007731 lr=9.850e-06
[train] step=2346 loss=0.019070 lr=9.850e-06
[train] step=2347 loss=0.034146 lr=9.850e-06
[train] step=2348 loss=0.013838 lr=9.850e-06
[train] step=2349 loss=0.011104 lr=9.850e-06
[train] step=2350 loss=0.010665 lr=9.850e-06
[train] step=2351 loss=0.011748 lr=9.850e-06
[train] step=2352 loss=0.008803 lr=9.849e-06
[train] step=2353 loss=0.015858 lr=9.849e-06
[train] step=2354 loss=0.022645 lr=9.849e-06
[train] step=2355 loss=0.009150 lr=9.849e-06
[train] step=2356 loss=0.018651 lr=9.849e-06
[train] step=2357 loss=0.013979 lr=9.849e-06
[train] step=2358 loss=0.009963 lr=9.849e-06
[train] step=2359 loss=0.011487 lr=9.848e-06
[train] step=2360 loss=0.007474 lr=9.848e-06
[train] step=2361 loss=0.028909 lr=9.848e-06
[train] step=2362 loss=0.012790 lr=9.848e-06
[train] step=2363 loss=0.012737 lr=9.848e-06
[train] step=2364 loss=0.025294 lr=9.848e-06
[train] step=2365 loss=0.009676 lr=9.848e-06
[train] step=2366 loss=0.024877 lr=9.848e-06
[train] step=2367 loss=0.009708 lr=9.847e-06
[train] step=2368 loss=0.030582 lr=9.847e-06
[train] step=2369 loss=0.074628 lr=9.847e-06
[train] step=2370 loss=0.012631 lr=9.847e-06
[train] step=2371 loss=0.012090 lr=9.847e-06
[train] step=2372 loss=0.012486 lr=9.847e-06
[train] step=2373 loss=0.009463 lr=9.847e-06
[train] step=2374 loss=0.006555 lr=9.847e-06
[train] step=2375 loss=0.019616 lr=9.846e-06
[train] step=2376 loss=0.017017 lr=9.846e-06
[train] step=2377 loss=0.017030 lr=9.846e-06
[train] step=2378 loss=0.010052 lr=9.846e-06
[train] step=2379 loss=0.007932 lr=9.846e-06
[train] step=2380 loss=0.014889 lr=9.846e-06
[train] step=2381 loss=0.011133 lr=9.846e-06
[train] step=2382 loss=0.023789 lr=9.846e-06
[train] step=2383 loss=0.008210 lr=9.845e-06
[train] step=2384 loss=0.011906 lr=9.845e-06
[train] step=2385 loss=0.023382 lr=9.845e-06
[train] step=2386 loss=0.028854 lr=9.845e-06
[train] step=2387 loss=0.011952 lr=9.845e-06
[train] step=2388 loss=0.023270 lr=9.845e-06
[train] step=2389 loss=0.042644 lr=9.845e-06
[train] step=2390 loss=0.014548 lr=9.845e-06
[train] step=2391 loss=0.016381 lr=9.844e-06
[train] step=2392 loss=0.012888 lr=9.844e-06
[train] step=2393 loss=0.013682 lr=9.844e-06
[train] step=2394 loss=0.015677 lr=9.844e-06
[train] step=2395 loss=0.033799 lr=9.844e-06
[train] step=2396 loss=0.016771 lr=9.844e-06
[train] step=2397 loss=0.009583 lr=9.844e-06
[train] step=2398 loss=0.016277 lr=9.843e-06
[train] step=2399 loss=0.020143 lr=9.843e-06
[train] step=2400 loss=0.012228 lr=9.843e-06
[val] step=2400 val_loss=0.014631
INFO     [rank 0] Model weights for step 2400 saved in       dit_trainer.py:1288
         checkpoints/model_weights_step_02400.safetensors                       
INFO     [rank 0] Scalar embedding weights for step 2400     dit_trainer.py:1297
         saved                                                                  
INFO     [rank 0] Training state saved:                      dit_trainer.py:1416
         checkpoints/model_weights_step_02400.state.pt                          
INFO     [rank 0] New best checkpoint (step 2400,            dit_trainer.py:1320
         val_loss=0.014631):                                                    
         checkpoints/model_weights_best.safetensors                             
DEBUG    [rank 0] Removed old checkpoint:                    dit_trainer.py:1429
         /local/disk/hramachandran/work/wh_work/windinet/dit                    
         _outputs/lundquist/dit_sds_untrained_30k/checkpoint                    
         s/model_weights_step_02160.safetensors                                 
DEBUG    [rank 0] Removed old checkpoint:                    dit_trainer.py:1429
         /local/disk/hramachandran/work/wh_work/windinet/dit                    
         _outputs/lundquist/dit_sds_untrained_30k/checkpoint                    
         s/scalar_embedding_step_02160.safetensors                              
DEBUG    [rank 0] Removed optimizer state for older kept     dit_trainer.py:1444
         checkpoint:                                                            
         /local/disk/hramachandran/work/wh_work/windinet/dit                    
         _outputs/lundquist/dit_sds_untrained_30k/checkpoint                    
         s/model_weights_step_02280.state.pt                                    
[epoch 20] step=2400 train_loss=0.015781 val_loss=0.014631
[train] step=2401 loss=0.050760 lr=9.843e-06
[train] step=2402 loss=0.034403 lr=9.843e-06
[train] step=2403 loss=0.010753 lr=9.843e-06
[train] step=2404 loss=0.016493 lr=9.843e-06
[train] step=2405 loss=0.013618 lr=9.843e-06
[train] step=2406 loss=0.018367 lr=9.842e-06
[train] step=2407 loss=0.021260 lr=9.842e-06
[train] step=2408 loss=0.042802 lr=9.842e-06
[train] step=2409 loss=0.011586 lr=9.842e-06
[train] step=2410 loss=0.036947 lr=9.842e-06
[train] step=2411 loss=0.014614 lr=9.842e-06
[train] step=2412 loss=0.014310 lr=9.842e-06
[train] step=2413 loss=0.014578 lr=9.842e-06
[train] step=2414 loss=0.005088 lr=9.841e-06
[train] step=2415 loss=0.008945 lr=9.841e-06
[train] step=2416 loss=0.021545 lr=9.841e-06
[train] step=2417 loss=0.036313 lr=9.841e-06
[train] step=2418 loss=0.010758 lr=9.841e-06
[train] step=2419 loss=0.011180 lr=9.841e-06
[train] step=2420 loss=0.010272 lr=9.841e-06
[train] step=2421 loss=0.016086 lr=9.840e-06
[train] step=2422 loss=0.007830 lr=9.840e-06
[train] step=2423 loss=0.004685 lr=9.840e-06
[train] step=2424 loss=0.012653 lr=9.840e-06
[train] step=2425 loss=0.023425 lr=9.840e-06
[train] step=2426 loss=0.010101 lr=9.840e-06
[train] step=2427 loss=0.019612 lr=9.840e-06
[train] step=2428 loss=0.017549 lr=9.840e-06
[train] step=2429 loss=0.021678 lr=9.839e-06
[train] step=2430 loss=0.051678 lr=9.839e-06
[train] step=2431 loss=0.016874 lr=9.839e-06
[train] step=2432 loss=0.015435 lr=9.839e-06
[train] step=2433 loss=0.014720 lr=9.839e-06
[train] step=2434 loss=0.005685 lr=9.839e-06
[train] step=2435 loss=0.008468 lr=9.839e-06
[train] step=2436 loss=0.017427 lr=9.838e-06
[train] step=2437 loss=0.033582 lr=9.838e-06
[train] step=2438 loss=0.007681 lr=9.838e-06
[train] step=2439 loss=0.006774 lr=9.838e-06
[train] step=2440 loss=0.016133 lr=9.838e-06
[train] step=2441 loss=0.008450 lr=9.838e-06
[train] step=2442 loss=0.012323 lr=9.838e-06
[train] step=2443 loss=0.022125 lr=9.838e-06
[train] step=2444 loss=0.015520 lr=9.837e-06
[train] step=2445 loss=0.006938 lr=9.837e-06
[train] step=2446 loss=0.011101 lr=9.837e-06
[train] step=2447 loss=0.005388 lr=9.837e-06
[train] step=2448 loss=0.024630 lr=9.837e-06
[train] step=2449 loss=0.048792 lr=9.837e-06
[train] step=2450 loss=0.021630 lr=9.837e-06
[train] step=2451 loss=0.015258 lr=9.837e-06
[train] step=2452 loss=0.008910 lr=9.836e-06
[train] step=2453 loss=0.008642 lr=9.836e-06
[train] step=2454 loss=0.017448 lr=9.836e-06
[train] step=2455 loss=0.024610 lr=9.836e-06
[train] step=2456 loss=0.008517 lr=9.836e-06
[train] step=2457 loss=0.009825 lr=9.836e-06
[train] step=2458 loss=0.009326 lr=9.836e-06
[train] step=2459 loss=0.008285 lr=9.835e-06
[train] step=2460 loss=0.013455 lr=9.835e-06
[train] step=2461 loss=0.008710 lr=9.835e-06
[train] step=2462 loss=0.014620 lr=9.835e-06
[train] step=2463 loss=0.013416 lr=9.835e-06
[train] step=2464 loss=0.029568 lr=9.835e-06
[train] step=2465 loss=0.020867 lr=9.835e-06
[train] step=2466 loss=0.014746 lr=9.835e-06
[train] step=2467 loss=0.015662 lr=9.834e-06
[train] step=2468 loss=0.008893 lr=9.834e-06
[train] step=2469 loss=0.015113 lr=9.834e-06
[train] step=2470 loss=0.012737 lr=9.834e-06
[train] step=2471 loss=0.011043 lr=9.834e-06
[train] step=2472 loss=0.015316 lr=9.834e-06
[train] step=2473 loss=0.007892 lr=9.834e-06
[train] step=2474 loss=0.010351 lr=9.833e-06
[train] step=2475 loss=0.013484 lr=9.833e-06
[train] step=2476 loss=0.015471 lr=9.833e-06
[train] step=2477 loss=0.009573 lr=9.833e-06
[train] step=2478 loss=0.008585 lr=9.833e-06
[train] step=2479 loss=0.031250 lr=9.833e-06
[train] step=2480 loss=0.014586 lr=9.833e-06
[train] step=2481 loss=0.009333 lr=9.832e-06
[train] step=2482 loss=0.010296 lr=9.832e-06
[train] step=2483 loss=0.011168 lr=9.832e-06
[train] step=2484 loss=0.012898 lr=9.832e-06
[train] step=2485 loss=0.010386 lr=9.832e-06
[train] step=2486 loss=0.012421 lr=9.832e-06
[train] step=2487 loss=0.009620 lr=9.832e-06
[train] step=2488 loss=0.006934 lr=9.832e-06
[train] step=2489 loss=0.009222 lr=9.831e-06
[train] step=2490 loss=0.018178 lr=9.831e-06
[train] step=2491 loss=0.038086 lr=9.831e-06
[train] step=2492 loss=0.016054 lr=9.831e-06
[train] step=2493 loss=0.026762 lr=9.831e-06
[train] step=2494 loss=0.019209 lr=9.831e-06
[train] step=2495 loss=0.012349 lr=9.831e-06
[train] step=2496 loss=0.020865 lr=9.830e-06
[train] step=2497 loss=0.008802 lr=9.830e-06
[train] step=2498 loss=0.008579 lr=9.830e-06
[train] step=2499 loss=0.012342 lr=9.830e-06
[train] step=2500 loss=0.014971 lr=9.830e-06
[train] step=2501 loss=0.019861 lr=9.830e-06
[train] step=2502 loss=0.017817 lr=9.830e-06
[train] step=2503 loss=0.007611 lr=9.830e-06
[train] step=2504 loss=0.009930 lr=9.829e-06
[train] step=2505 loss=0.005021 lr=9.829e-06
[train] step=2506 loss=0.015426 lr=9.829e-06
[train] step=2507 loss=0.007556 lr=9.829e-06
[train] step=2508 loss=0.018483 lr=9.829e-06
[train] step=2509 loss=0.010420 lr=9.829e-06
[train] step=2510 loss=0.011369 lr=9.829e-06
[train] step=2511 loss=0.016981 lr=9.828e-06
[train] step=2512 loss=0.023107 lr=9.828e-06
[train] step=2513 loss=0.013659 lr=9.828e-06
[train] step=2514 loss=0.008453 lr=9.828e-06
[train] step=2515 loss=0.012636 lr=9.828e-06
[train] step=2516 loss=0.013589 lr=9.828e-06
[train] step=2517 loss=0.016107 lr=9.828e-06
[train] step=2518 loss=0.013734 lr=9.827e-06
[train] step=2519 loss=0.011754 lr=9.827e-06
[train] step=2520 loss=0.008547 lr=9.827e-06
INFO     [rank 0] Model weights for step 2520 saved in       dit_trainer.py:1288
         checkpoints/model_weights_step_02520.safetensors                       
INFO     [rank 0] Scalar embedding weights for step 2520     dit_trainer.py:1297
         saved                                                                  
INFO     [rank 0] Training state saved:                      dit_trainer.py:1416
         checkpoints/model_weights_step_02520.state.pt                          
DEBUG    [rank 0] Removed old checkpoint:                    dit_trainer.py:1429
         /local/disk/hramachandran/work/wh_work/windinet/dit                    
         _outputs/lundquist/dit_sds_untrained_30k/checkpoint                    
         s/model_weights_step_02280.safetensors                                 
DEBUG    [rank 0] Removed old checkpoint:                    dit_trainer.py:1429
         /local/disk/hramachandran/work/wh_work/windinet/dit                    
         _outputs/lundquist/dit_sds_untrained_30k/checkpoint                    
         s/scalar_embedding_step_02280.safetensors                              
DEBUG    [rank 0] Removed optimizer state for older kept     dit_trainer.py:1444
         checkpoint:                                                            
         /local/disk/hramachandran/work/wh_work/windinet/dit                    
         _outputs/lundquist/dit_sds_untrained_30k/checkpoint                    
         s/model_weights_step_02400.state.pt                                    
[epoch 21] step=2520 train_loss=0.015666
[train] step=2521 loss=0.005179 lr=9.827e-06
[train] step=2522 loss=0.024285 lr=9.827e-06
[train] step=2523 loss=0.015607 lr=9.827e-06
[train] step=2524 loss=0.007892 lr=9.827e-06
[train] step=2525 loss=0.009328 lr=9.827e-06
[train] step=2526 loss=0.010764 lr=9.826e-06
[train] step=2527 loss=0.007866 lr=9.826e-06
[train] step=2528 loss=0.005462 lr=9.826e-06
[train] step=2529 loss=0.044683 lr=9.826e-06
[train] step=2530 loss=0.047521 lr=9.826e-06
[train] step=2531 loss=0.008303 lr=9.826e-06
[train] step=2532 loss=0.020321 lr=9.826e-06
[train] step=2533 loss=0.024565 lr=9.825e-06
[train] step=2534 loss=0.009263 lr=9.825e-06
[train] step=2535 loss=0.013047 lr=9.825e-06
[train] step=2536 loss=0.007931 lr=9.825e-06
[train] step=2537 loss=0.007979 lr=9.825e-06
[train] step=2538 loss=0.010955 lr=9.825e-06
[train] step=2539 loss=0.011735 lr=9.825e-06
[train] step=2540 loss=0.015886 lr=9.824e-06
[train] step=2541 loss=0.025462 lr=9.824e-06
[train] step=2542 loss=0.024051 lr=9.824e-06
[train] step=2543 loss=0.012824 lr=9.824e-06
[train] step=2544 loss=0.026937 lr=9.824e-06
[train] step=2545 loss=0.019044 lr=9.824e-06
[train] step=2546 loss=0.008443 lr=9.824e-06
[train] step=2547 loss=0.008819 lr=9.824e-06
[train] step=2548 loss=0.008790 lr=9.823e-06
[train] step=2549 loss=0.015570 lr=9.823e-06
[train] step=2550 loss=0.020581 lr=9.823e-06
[train] step=2551 loss=0.051721 lr=9.823e-06
[train] step=2552 loss=0.014701 lr=9.823e-06
[train] step=2553 loss=0.007176 lr=9.823e-06
[train] step=2554 loss=0.007798 lr=9.823e-06
[train] step=2555 loss=0.012348 lr=9.822e-06
[train] step=2556 loss=0.008860 lr=9.822e-06
[train] step=2557 loss=0.015956 lr=9.822e-06
[train] step=2558 loss=0.016431 lr=9.822e-06
[train] step=2559 loss=0.010723 lr=9.822e-06
[train] step=2560 loss=0.006875 lr=9.822e-06
[train] step=2561 loss=0.006506 lr=9.822e-06
[train] step=2562 loss=0.014333 lr=9.821e-06
[train] step=2563 loss=0.007767 lr=9.821e-06
[train] step=2564 loss=0.030693 lr=9.821e-06
[train] step=2565 loss=0.015797 lr=9.821e-06
[train] step=2566 loss=0.013351 lr=9.821e-06
[train] step=2567 loss=0.008414 lr=9.821e-06
[train] step=2568 loss=0.016673 lr=9.821e-06
[train] step=2569 loss=0.025523 lr=9.820e-06
[train] step=2570 loss=0.012539 lr=9.820e-06
[train] step=2571 loss=0.007854 lr=9.820e-06
[train] step=2572 loss=0.015038 lr=9.820e-06
[train] step=2573 loss=0.019075 lr=9.820e-06
[train] step=2574 loss=0.045173 lr=9.820e-06
[train] step=2575 loss=0.008770 lr=9.820e-06
[train] step=2576 loss=0.008377 lr=9.819e-06
[train] step=2577 loss=0.007483 lr=9.819e-06
[train] step=2578 loss=0.013528 lr=9.819e-06
[train] step=2579 loss=0.006061 lr=9.819e-06
[train] step=2580 loss=0.008348 lr=9.819e-06
[train] step=2581 loss=0.011263 lr=9.819e-06
[train] step=2582 loss=0.010353 lr=9.819e-06
[train] step=2583 loss=0.012305 lr=9.819e-06
[train] step=2584 loss=0.012028 lr=9.818e-06
[train] step=2585 loss=0.018304 lr=9.818e-06
[train] step=2586 loss=0.012195 lr=9.818e-06
[train] step=2587 loss=0.017316 lr=9.818e-06
[train] step=2588 loss=0.010520 lr=9.818e-06
[train] step=2589 loss=0.009008 lr=9.818e-06
[train] step=2590 loss=0.011548 lr=9.818e-06
[train] step=2591 loss=0.009596 lr=9.817e-06
[train] step=2592 loss=0.009770 lr=9.817e-06
[train] step=2593 loss=0.014586 lr=9.817e-06
[train] step=2594 loss=0.012986 lr=9.817e-06
[train] step=2595 loss=0.010631 lr=9.817e-06
[train] step=2596 loss=0.010114 lr=9.817e-06
[train] step=2597 loss=0.011515 lr=9.817e-06
[train] step=2598 loss=0.008030 lr=9.816e-06
[train] step=2599 loss=0.020394 lr=9.816e-06
[train] step=2600 loss=0.032567 lr=9.816e-06
[train] step=2601 loss=0.018065 lr=9.816e-06
[train] step=2602 loss=0.004951 lr=9.816e-06
[train] step=2603 loss=0.014023 lr=9.816e-06
[train] step=2604 loss=0.011520 lr=9.816e-06
[train] step=2605 loss=0.011622 lr=9.815e-06
[train] step=2606 loss=0.008258 lr=9.815e-06
[train] step=2607 loss=0.008970 lr=9.815e-06
[train] step=2608 loss=0.004145 lr=9.815e-06
[train] step=2609 loss=0.007563 lr=9.815e-06
[train] step=2610 loss=0.010373 lr=9.815e-06
[train] step=2611 loss=0.016440 lr=9.815e-06
[train] step=2612 loss=0.020373 lr=9.814e-06
[train] step=2613 loss=0.009110 lr=9.814e-06
[train] step=2614 loss=0.015077 lr=9.814e-06
[train] step=2615 loss=0.010591 lr=9.814e-06
[train] step=2616 loss=0.007084 lr=9.814e-06
[train] step=2617 loss=0.012400 lr=9.814e-06
[train] step=2618 loss=0.015663 lr=9.814e-06
[train] step=2619 loss=0.008768 lr=9.813e-06
[train] step=2620 loss=0.007025 lr=9.813e-06
[train] step=2621 loss=0.007109 lr=9.813e-06
[train] step=2622 loss=0.012464 lr=9.813e-06
[train] step=2623 loss=0.008425 lr=9.813e-06
[train] step=2624 loss=0.013300 lr=9.813e-06
[train] step=2625 loss=0.012652 lr=9.813e-06
[train] step=2626 loss=0.016791 lr=9.812e-06
[train] step=2627 loss=0.011922 lr=9.812e-06
[train] step=2628 loss=0.008048 lr=9.812e-06
[train] step=2629 loss=0.018062 lr=9.812e-06
[train] step=2630 loss=0.006454 lr=9.812e-06
[train] step=2631 loss=0.014969 lr=9.812e-06
[train] step=2632 loss=0.011680 lr=9.812e-06
[train] step=2633 loss=0.023935 lr=9.811e-06
[train] step=2634 loss=0.045298 lr=9.811e-06
[train] step=2635 loss=0.007853 lr=9.811e-06
[train] step=2636 loss=0.012442 lr=9.811e-06
[train] step=2637 loss=0.013369 lr=9.811e-06
[train] step=2638 loss=0.008939 lr=9.811e-06
[train] step=2639 loss=0.010443 lr=9.811e-06
[train] step=2640 loss=0.011285 lr=9.810e-06
INFO     [rank 0] Model weights for step 2640 saved in       dit_trainer.py:1288
         checkpoints/model_weights_step_02640.safetensors                       
INFO     [rank 0] Scalar embedding weights for step 2640     dit_trainer.py:1297
         saved                                                                  
INFO     [rank 0] Training state saved:                      dit_trainer.py:1416
         checkpoints/model_weights_step_02640.state.pt                          
DEBUG    [rank 0] Removed old checkpoint:                    dit_trainer.py:1429
         /local/disk/hramachandran/work/wh_work/windinet/dit                    
         _outputs/lundquist/dit_sds_untrained_30k/checkpoint                    
         s/model_weights_step_02400.safetensors                                 
DEBUG    [rank 0] Removed old checkpoint:                    dit_trainer.py:1429
         /local/disk/hramachandran/work/wh_work/windinet/dit                    
         _outputs/lundquist/dit_sds_untrained_30k/checkpoint                    
         s/scalar_embedding_step_02400.safetensors                              
DEBUG    [rank 0] Removed optimizer state for older kept     dit_trainer.py:1444
         checkpoint:                                                            
         /local/disk/hramachandran/work/wh_work/windinet/dit                    
         _outputs/lundquist/dit_sds_untrained_30k/checkpoint                    
         s/model_weights_step_02520.state.pt                                    
[epoch 22] step=2640 train_loss=0.014023
[train] step=2641 loss=0.015991 lr=9.810e-06
[train] step=2642 loss=0.014764 lr=9.810e-06
[train] step=2643 loss=0.012153 lr=9.810e-06
[train] step=2644 loss=0.006986 lr=9.810e-06
[train] step=2645 loss=0.006658 lr=9.810e-06
[train] step=2646 loss=0.009517 lr=9.810e-06
[train] step=2647 loss=0.010901 lr=9.809e-06
[train] step=2648 loss=0.011894 lr=9.809e-06
[train] step=2649 loss=0.014096 lr=9.809e-06
[train] step=2650 loss=0.037674 lr=9.809e-06
[train] step=2651 loss=0.009822 lr=9.809e-06
[train] step=2652 loss=0.011364 lr=9.809e-06
[train] step=2653 loss=0.008736 lr=9.809e-06
[train] step=2654 loss=0.019070 lr=9.808e-06
[train] step=2655 loss=0.008441 lr=9.808e-06
[train] step=2656 loss=0.014130 lr=9.808e-06
[train] step=2657 loss=0.008292 lr=9.808e-06
[train] step=2658 loss=0.016878 lr=9.808e-06
[train] step=2659 loss=0.015724 lr=9.808e-06
[train] step=2660 loss=0.014618 lr=9.808e-06
[train] step=2661 loss=0.035723 lr=9.807e-06
[train] step=2662 loss=0.013444 lr=9.807e-06
[train] step=2663 loss=0.014810 lr=9.807e-06
[train] step=2664 loss=0.019857 lr=9.807e-06
[train] step=2665 loss=0.011804 lr=9.807e-06
[train] step=2666 loss=0.012602 lr=9.807e-06
[train] step=2667 loss=0.015963 lr=9.807e-06
[train] step=2668 loss=0.007256 lr=9.806e-06
[train] step=2669 loss=0.013827 lr=9.806e-06
[train] step=2670 loss=0.006795 lr=9.806e-06
[train] step=2671 loss=0.008249 lr=9.806e-06
[train] step=2672 loss=0.013205 lr=9.806e-06
[train] step=2673 loss=0.013504 lr=9.806e-06
[train] step=2674 loss=0.024758 lr=9.806e-06
[train] step=2675 loss=0.016785 lr=9.805e-06
[train] step=2676 loss=0.016493 lr=9.805e-06
[train] step=2677 loss=0.018031 lr=9.805e-06
[train] step=2678 loss=0.018665 lr=9.805e-06
[train] step=2679 loss=0.009225 lr=9.805e-06
[train] step=2680 loss=0.014611 lr=9.805e-06
[train] step=2681 loss=0.013615 lr=9.805e-06
[train] step=2682 loss=0.047009 lr=9.804e-06
[train] step=2683 loss=0.012385 lr=9.804e-06
[train] step=2684 loss=0.069868 lr=9.804e-06
[train] step=2685 loss=0.008769 lr=9.804e-06
[train] step=2686 loss=0.022964 lr=9.804e-06
[train] step=2687 loss=0.005336 lr=9.804e-06
[train] step=2688 loss=0.011795 lr=9.804e-06
[train] step=2689 loss=0.011065 lr=9.803e-06
[train] step=2690 loss=0.011179 lr=9.803e-06
[train] step=2691 loss=0.007958 lr=9.803e-06
[train] step=2692 loss=0.007861 lr=9.803e-06
[train] step=2693 loss=0.013547 lr=9.803e-06
[train] step=2694 loss=0.009580 lr=9.803e-06
[train] step=2695 loss=0.016901 lr=9.803e-06
[train] step=2696 loss=0.013567 lr=9.802e-06
[train] step=2697 loss=0.011378 lr=9.802e-06
[train] step=2698 loss=0.011632 lr=9.802e-06
[train] step=2699 loss=0.023431 lr=9.802e-06
[train] step=2700 loss=0.014963 lr=9.802e-06
[train] step=2701 loss=0.004979 lr=9.802e-06
[train] step=2702 loss=0.006537 lr=9.802e-06
[train] step=2703 loss=0.007114 lr=9.801e-06
[train] step=2704 loss=0.004537 lr=9.801e-06
[train] step=2705 loss=0.029946 lr=9.801e-06
[train] step=2706 loss=0.011062 lr=9.801e-06
[train] step=2707 loss=0.007952 lr=9.801e-06
[train] step=2708 loss=0.014769 lr=9.801e-06
[train] step=2709 loss=0.033579 lr=9.800e-06
[train] step=2710 loss=0.025404 lr=9.800e-06
[train] step=2711 loss=0.013962 lr=9.800e-06
[train] step=2712 loss=0.013117 lr=9.800e-06
[train] step=2713 loss=0.021535 lr=9.800e-06
[train] step=2714 loss=0.014225 lr=9.800e-06
[train] step=2715 loss=0.004507 lr=9.800e-06
[train] step=2716 loss=0.011600 lr=9.799e-06
[train] step=2717 loss=0.008203 lr=9.799e-06
[train] step=2718 loss=0.025006 lr=9.799e-06
[train] step=2719 loss=0.023009 lr=9.799e-06
[train] step=2720 loss=0.019394 lr=9.799e-06
[train] step=2721 loss=0.006624 lr=9.799e-06
[train] step=2722 loss=0.024651 lr=9.799e-06
[train] step=2723 loss=0.025143 lr=9.798e-06
[train] step=2724 loss=0.017189 lr=9.798e-06
[train] step=2725 loss=0.010182 lr=9.798e-06
[train] step=2726 loss=0.022133 lr=9.798e-06
[train] step=2727 loss=0.010368 lr=9.798e-06
[train] step=2728 loss=0.009377 lr=9.798e-06
[train] step=2729 loss=0.011626 lr=9.798e-06
[train] step=2730 loss=0.015534 lr=9.797e-06
[train] step=2731 loss=0.012503 lr=9.797e-06
[train] step=2732 loss=0.009535 lr=9.797e-06
[train] step=2733 loss=0.012568 lr=9.797e-06
[train] step=2734 loss=0.016266 lr=9.797e-06
[train] step=2735 loss=0.020113 lr=9.797e-06
[train] step=2736 loss=0.015720 lr=9.797e-06
[train] step=2737 loss=0.010366 lr=9.796e-06
[train] step=2738 loss=0.006772 lr=9.796e-06
[train] step=2739 loss=0.009501 lr=9.796e-06
[train] step=2740 loss=0.011132 lr=9.796e-06
[train] step=2741 loss=0.011053 lr=9.796e-06
[train] step=2742 loss=0.009796 lr=9.796e-06
[train] step=2743 loss=0.009434 lr=9.795e-06
[train] step=2744 loss=0.014839 lr=9.795e-06
[train] step=2745 loss=0.036436 lr=9.795e-06
[train] step=2746 loss=0.009219 lr=9.795e-06
[train] step=2747 loss=0.006438 lr=9.795e-06
[train] step=2748 loss=0.041439 lr=9.795e-06
[train] step=2749 loss=0.010930 lr=9.795e-06
[train] step=2750 loss=0.009690 lr=9.794e-06
[train] step=2751 loss=0.010373 lr=9.794e-06
[train] step=2752 loss=0.006810 lr=9.794e-06
[train] step=2753 loss=0.011115 lr=9.794e-06
[train] step=2754 loss=0.020452 lr=9.794e-06
[train] step=2755 loss=0.016488 lr=9.794e-06
[train] step=2756 loss=0.024790 lr=9.794e-06
[train] step=2757 loss=0.013420 lr=9.793e-06
[train] step=2758 loss=0.018070 lr=9.793e-06
[train] step=2759 loss=0.010294 lr=9.793e-06
[train] step=2760 loss=0.011199 lr=9.793e-06
INFO     [rank 0] Model weights for step 2760 saved in       dit_trainer.py:1288
         checkpoints/model_weights_step_02760.safetensors                       
INFO     [rank 0] Scalar embedding weights for step 2760     dit_trainer.py:1297
         saved                                                                  
INFO     [rank 0] Training state saved:                      dit_trainer.py:1416
         checkpoints/model_weights_step_02760.state.pt                          
DEBUG    [rank 0] Removed old checkpoint:                    dit_trainer.py:1429
         /local/disk/hramachandran/work/wh_work/windinet/dit                    
         _outputs/lundquist/dit_sds_untrained_30k/checkpoint                    
         s/model_weights_step_02520.safetensors                                 
DEBUG    [rank 0] Removed old checkpoint:                    dit_trainer.py:1429
         /local/disk/hramachandran/work/wh_work/windinet/dit                    
         _outputs/lundquist/dit_sds_untrained_30k/checkpoint                    
         s/scalar_embedding_step_02520.safetensors                              
DEBUG    [rank 0] Removed optimizer state for older kept     dit_trainer.py:1444
         checkpoint:                                                            
         /local/disk/hramachandran/work/wh_work/windinet/dit                    
         _outputs/lundquist/dit_sds_untrained_30k/checkpoint                    
         s/model_weights_step_02640.state.pt                                    
[epoch 23] step=2760 train_loss=0.014985
[train] step=2761 loss=0.011835 lr=9.793e-06
[train] step=2762 loss=0.008551 lr=9.793e-06
[train] step=2763 loss=0.008977 lr=9.793e-06
[train] step=2764 loss=0.018639 lr=9.792e-06
[train] step=2765 loss=0.008417 lr=9.792e-06
[train] step=2766 loss=0.009381 lr=9.792e-06
[train] step=2767 loss=0.021040 lr=9.792e-06
[train] step=2768 loss=0.006159 lr=9.792e-06
[train] step=2769 loss=0.014232 lr=9.792e-06
[train] step=2770 loss=0.005736 lr=9.791e-06
[train] step=2771 loss=0.006293 lr=9.791e-06
[train] step=2772 loss=0.007311 lr=9.791e-06
[train] step=2773 loss=0.014542 lr=9.791e-06
[train] step=2774 loss=0.014135 lr=9.791e-06
[train] step=2775 loss=0.015532 lr=9.791e-06
[train] step=2776 loss=0.013956 lr=9.791e-06
[train] step=2777 loss=0.011343 lr=9.790e-06
[train] step=2778 loss=0.014643 lr=9.790e-06
[train] step=2779 loss=0.012469 lr=9.790e-06
[train] step=2780 loss=0.013479 lr=9.790e-06
[train] step=2781 loss=0.013523 lr=9.790e-06
[train] step=2782 loss=0.010502 lr=9.790e-06
[train] step=2783 loss=0.008326 lr=9.790e-06
[train] step=2784 loss=0.017532 lr=9.789e-06
[train] step=2785 loss=0.005294 lr=9.789e-06
[train] step=2786 loss=0.012519 lr=9.789e-06
[train] step=2787 loss=0.016274 lr=9.789e-06
[train] step=2788 loss=0.008352 lr=9.789e-06
[train] step=2789 loss=0.010487 lr=9.789e-06
[train] step=2790 loss=0.019358 lr=9.788e-06
[train] step=2791 loss=0.011965 lr=9.788e-06
[train] step=2792 loss=0.008987 lr=9.788e-06
[train] step=2793 loss=0.014789 lr=9.788e-06
[train] step=2794 loss=0.011464 lr=9.788e-06
[train] step=2795 loss=0.020354 lr=9.788e-06
[train] step=2796 loss=0.021186 lr=9.788e-06
[train] step=2797 loss=0.006772 lr=9.787e-06
[train] step=2798 loss=0.017652 lr=9.787e-06
[train] step=2799 loss=0.006104 lr=9.787e-06
[train] step=2800 loss=0.017097 lr=9.787e-06
[train] step=2801 loss=0.011088 lr=9.787e-06
[train] step=2802 loss=0.005489 lr=9.787e-06
[train] step=2803 loss=0.015787 lr=9.787e-06
[train] step=2804 loss=0.006970 lr=9.786e-06
[train] step=2805 loss=0.014984 lr=9.786e-06
[train] step=2806 loss=0.011621 lr=9.786e-06
[train] step=2807 loss=0.010991 lr=9.786e-06
[train] step=2808 loss=0.030884 lr=9.786e-06
[train] step=2809 loss=0.007469 lr=9.786e-06
[train] step=2810 loss=0.026502 lr=9.785e-06
[train] step=2811 loss=0.013060 lr=9.785e-06
[train] step=2812 loss=0.013661 lr=9.785e-06
[train] step=2813 loss=0.040734 lr=9.785e-06
[train] step=2814 loss=0.012155 lr=9.785e-06
[train] step=2815 loss=0.025104 lr=9.785e-06
[train] step=2816 loss=0.005536 lr=9.785e-06
[train] step=2817 loss=0.008594 lr=9.784e-06
[train] step=2818 loss=0.013739 lr=9.784e-06
[train] step=2819 loss=0.020386 lr=9.784e-06
[train] step=2820 loss=0.013935 lr=9.784e-06
[train] step=2821 loss=0.010074 lr=9.784e-06
[train] step=2822 loss=0.009420 lr=9.784e-06
[train] step=2823 loss=0.009811 lr=9.783e-06
[train] step=2824 loss=0.008922 lr=9.783e-06
[train] step=2825 loss=0.021196 lr=9.783e-06
[train] step=2826 loss=0.011747 lr=9.783e-06
[train] step=2827 loss=0.007600 lr=9.783e-06
[train] step=2828 loss=0.016903 lr=9.783e-06
[train] step=2829 loss=0.016406 lr=9.783e-06
[train] step=2830 loss=0.017116 lr=9.782e-06
[train] step=2831 loss=0.037532 lr=9.782e-06
[train] step=2832 loss=0.016481 lr=9.782e-06
[train] step=2833 loss=0.021782 lr=9.782e-06
[train] step=2834 loss=0.016608 lr=9.782e-06
[train] step=2835 loss=0.014549 lr=9.782e-06
[train] step=2836 loss=0.008624 lr=9.781e-06
[train] step=2837 loss=0.022195 lr=9.781e-06
[train] step=2838 loss=0.016545 lr=9.781e-06
[train] step=2839 loss=0.008644 lr=9.781e-06
[train] step=2840 loss=0.010589 lr=9.781e-06
[train] step=2841 loss=0.008593 lr=9.781e-06
[train] step=2842 loss=0.025642 lr=9.781e-06
[train] step=2843 loss=0.012571 lr=9.780e-06
[train] step=2844 loss=0.023798 lr=9.780e-06
[train] step=2845 loss=0.010743 lr=9.780e-06
[train] step=2846 loss=0.010931 lr=9.780e-06
[train] step=2847 loss=0.012100 lr=9.780e-06
[train] step=2848 loss=0.015158 lr=9.780e-06
[train] step=2849 loss=0.011362 lr=9.779e-06
[train] step=2850 loss=0.018198 lr=9.779e-06
[train] step=2851 loss=0.028640 lr=9.779e-06
[train] step=2852 loss=0.013615 lr=9.779e-06
[train] step=2853 loss=0.011039 lr=9.779e-06
[train] step=2854 loss=0.021591 lr=9.779e-06
[train] step=2855 loss=0.010578 lr=9.779e-06
[train] step=2856 loss=0.015274 lr=9.778e-06
[train] step=2857 loss=0.013019 lr=9.778e-06
[train] step=2858 loss=0.008870 lr=9.778e-06
[train] step=2859 loss=0.008280 lr=9.778e-06
[train] step=2860 loss=0.004908 lr=9.778e-06
[train] step=2861 loss=0.006570 lr=9.778e-06
[train] step=2862 loss=0.018855 lr=9.777e-06
[train] step=2863 loss=0.020342 lr=9.777e-06
[train] step=2864 loss=0.022863 lr=9.777e-06
[train] step=2865 loss=0.017471 lr=9.777e-06
[train] step=2866 loss=0.009614 lr=9.777e-06
[train] step=2867 loss=0.018494 lr=9.777e-06
[train] step=2868 loss=0.016320 lr=9.777e-06
[train] step=2869 loss=0.007055 lr=9.776e-06
[train] step=2870 loss=0.016202 lr=9.776e-06
[train] step=2871 loss=0.007909 lr=9.776e-06
[train] step=2872 loss=0.014248 lr=9.776e-06
[train] step=2873 loss=0.012313 lr=9.776e-06
[train] step=2874 loss=0.016649 lr=9.776e-06
[train] step=2875 loss=0.032817 lr=9.775e-06
[train] step=2876 loss=0.015220 lr=9.775e-06
[train] step=2877 loss=0.017154 lr=9.775e-06
[train] step=2878 loss=0.009156 lr=9.775e-06
[train] step=2879 loss=0.010133 lr=9.775e-06
[train] step=2880 loss=0.009630 lr=9.775e-06
INFO     [rank 0] Model weights for step 2880 saved in       dit_trainer.py:1288
         checkpoints/model_weights_step_02880.safetensors                       
INFO     [rank 0] Scalar embedding weights for step 2880     dit_trainer.py:1297
         saved                                                                  
INFO     [rank 0] Training state saved:                      dit_trainer.py:1416
         checkpoints/model_weights_step_02880.state.pt                          
DEBUG    [rank 0] Removed old checkpoint:                    dit_trainer.py:1429
         /local/disk/hramachandran/work/wh_work/windinet/dit                    
         _outputs/lundquist/dit_sds_untrained_30k/checkpoint                    
         s/model_weights_step_02640.safetensors                                 
DEBUG    [rank 0] Removed old checkpoint:                    dit_trainer.py:1429
         /local/disk/hramachandran/work/wh_work/windinet/dit                    
         _outputs/lundquist/dit_sds_untrained_30k/checkpoint                    
         s/scalar_embedding_step_02640.safetensors                              
DEBUG    [rank 0] Removed optimizer state for older kept     dit_trainer.py:1444
         checkpoint:                                                            
         /local/disk/hramachandran/work/wh_work/windinet/dit                    
         _outputs/lundquist/dit_sds_untrained_30k/checkpoint                    
         s/model_weights_step_02760.state.pt                                    
[epoch 24] step=2880 train_loss=0.014101
[train] step=2881 loss=0.015407 lr=9.775e-06
[train] step=2882 loss=0.041281 lr=9.774e-06
[train] step=2883 loss=0.012274 lr=9.774e-06
[train] step=2884 loss=0.048855 lr=9.774e-06
[train] step=2885 loss=0.015153 lr=9.774e-06
[train] step=2886 loss=0.013849 lr=9.774e-06
[train] step=2887 loss=0.012722 lr=9.774e-06
[train] step=2888 loss=0.023113 lr=9.773e-06
[train] step=2889 loss=0.007775 lr=9.773e-06
[train] step=2890 loss=0.020950 lr=9.773e-06
[train] step=2891 loss=0.015173 lr=9.773e-06
[train] step=2892 loss=0.010690 lr=9.773e-06
[train] step=2893 loss=0.017695 lr=9.773e-06
[train] step=2894 loss=0.011491 lr=9.773e-06
[train] step=2895 loss=0.054825 lr=9.772e-06
[train] step=2896 loss=0.016641 lr=9.772e-06
[train] step=2897 loss=0.007896 lr=9.772e-06
[train] step=2898 loss=0.007005 lr=9.772e-06
[train] step=2899 loss=0.017207 lr=9.772e-06
[train] step=2900 loss=0.024034 lr=9.772e-06
[train] step=2901 loss=0.019062 lr=9.771e-06
[train] step=2902 loss=0.036026 lr=9.771e-06
[train] step=2903 loss=0.007927 lr=9.771e-06
[train] step=2904 loss=0.029473 lr=9.771e-06
[train] step=2905 loss=0.014035 lr=9.771e-06
[train] step=2906 loss=0.013206 lr=9.771e-06
[train] step=2907 loss=0.007933 lr=9.770e-06
[train] step=2908 loss=0.018198 lr=9.770e-06
[train] step=2909 loss=0.009668 lr=9.770e-06
[train] step=2910 loss=0.009055 lr=9.770e-06
[train] step=2911 loss=0.011283 lr=9.770e-06
[train] step=2912 loss=0.008318 lr=9.770e-06
[train] step=2913 loss=0.022044 lr=9.770e-06
[train] step=2914 loss=0.014286 lr=9.769e-06
[train] step=2915 loss=0.007500 lr=9.769e-06
[train] step=2916 loss=0.021152 lr=9.769e-06
[train] step=2917 loss=0.031756 lr=9.769e-06
[train] step=2918 loss=0.015268 lr=9.769e-06
[train] step=2919 loss=0.008320 lr=9.769e-06
[train] step=2920 loss=0.020401 lr=9.768e-06
[train] step=2921 loss=0.018696 lr=9.768e-06
[train] step=2922 loss=0.013884 lr=9.768e-06
[train] step=2923 loss=0.006400 lr=9.768e-06
[train] step=2924 loss=0.016273 lr=9.768e-06
[train] step=2925 loss=0.004542 lr=9.768e-06
[train] step=2926 loss=0.016925 lr=9.768e-06
[train] step=2927 loss=0.015892 lr=9.767e-06
[train] step=2928 loss=0.005994 lr=9.767e-06
[train] step=2929 loss=0.038187 lr=9.767e-06
[train] step=2930 loss=0.015510 lr=9.767e-06
[train] step=2931 loss=0.020210 lr=9.767e-06
[train] step=2932 loss=0.017246 lr=9.767e-06
[train] step=2933 loss=0.012759 lr=9.766e-06
[train] step=2934 loss=0.011529 lr=9.766e-06
[train] step=2935 loss=0.014534 lr=9.766e-06
[train] step=2936 loss=0.008935 lr=9.766e-06
[train] step=2937 loss=0.018410 lr=9.766e-06
[train] step=2938 loss=0.018766 lr=9.766e-06
[train] step=2939 loss=0.022189 lr=9.765e-06
[train] step=2940 loss=0.007742 lr=9.765e-06
[train] step=2941 loss=0.035623 lr=9.765e-06
[train] step=2942 loss=0.014230 lr=9.765e-06
[train] step=2943 loss=0.014207 lr=9.765e-06
[train] step=2944 loss=0.010447 lr=9.765e-06
[train] step=2945 loss=0.008948 lr=9.764e-06
[train] step=2946 loss=0.003636 lr=9.764e-06
[train] step=2947 loss=0.015959 lr=9.764e-06
[train] step=2948 loss=0.018660 lr=9.764e-06
[train] step=2949 loss=0.011333 lr=9.764e-06
[train] step=2950 loss=0.006637 lr=9.764e-06
[train] step=2951 loss=0.010193 lr=9.764e-06
[train] step=2952 loss=0.012938 lr=9.763e-06
[train] step=2953 loss=0.013627 lr=9.763e-06
[train] step=2954 loss=0.009029 lr=9.763e-06
[train] step=2955 loss=0.009708 lr=9.763e-06
[train] step=2956 loss=0.017332 lr=9.763e-06
[train] step=2957 loss=0.012122 lr=9.763e-06
[train] step=2958 loss=0.021068 lr=9.762e-06
[train] step=2959 loss=0.006770 lr=9.762e-06
[train] step=2960 loss=0.013237 lr=9.762e-06
[train] step=2961 loss=0.012006 lr=9.762e-06
[train] step=2962 loss=0.008166 lr=9.762e-06
[train] step=2963 loss=0.010678 lr=9.762e-06
[train] step=2964 loss=0.016269 lr=9.761e-06
[train] step=2965 loss=0.088674 lr=9.761e-06
[train] step=2966 loss=0.008193 lr=9.761e-06
[train] step=2967 loss=0.013545 lr=9.761e-06
[train] step=2968 loss=0.016736 lr=9.761e-06
[train] step=2969 loss=0.013742 lr=9.761e-06
[train] step=2970 loss=0.015359 lr=9.761e-06
[train] step=2971 loss=0.008902 lr=9.760e-06
[train] step=2972 loss=0.021130 lr=9.760e-06
[train] step=2973 loss=0.010533 lr=9.760e-06
[train] step=2974 loss=0.011303 lr=9.760e-06
[train] step=2975 loss=0.010000 lr=9.760e-06
[train] step=2976 loss=0.005924 lr=9.760e-06
[train] step=2977 loss=0.014746 lr=9.759e-06
[train] step=2978 loss=0.007920 lr=9.759e-06
[train] step=2979 loss=0.041507 lr=9.759e-06
[train] step=2980 loss=0.013562 lr=9.759e-06
[train] step=2981 loss=0.009345 lr=9.759e-06
[train] step=2982 loss=0.038202 lr=9.759e-06
[train] step=2983 loss=0.006234 lr=9.758e-06
[train] step=2984 loss=0.021896 lr=9.758e-06
[train] step=2985 loss=0.016502 lr=9.758e-06
[train] step=2986 loss=0.026176 lr=9.758e-06
[train] step=2987 loss=0.007098 lr=9.758e-06
[train] step=2988 loss=0.012072 lr=9.758e-06
[train] step=2989 loss=0.006349 lr=9.757e-06
[train] step=2990 loss=0.021947 lr=9.757e-06
[train] step=2991 loss=0.010017 lr=9.757e-06
[train] step=2992 loss=0.009218 lr=9.757e-06
[train] step=2993 loss=0.029268 lr=9.757e-06
[train] step=2994 loss=0.024671 lr=9.757e-06
[train] step=2995 loss=0.007728 lr=9.756e-06
[train] step=2996 loss=0.017546 lr=9.756e-06
[train] step=2997 loss=0.017195 lr=9.756e-06
[train] step=2998 loss=0.016103 lr=9.756e-06
[train] step=2999 loss=0.030377 lr=9.756e-06
[train] step=3000 loss=0.017324 lr=9.756e-06
[val] step=3000 val_loss=0.014092
INFO     [rank 0] Model weights for step 3000 saved in       dit_trainer.py:1288
         checkpoints/model_weights_step_03000.safetensors                       
INFO     [rank 0] Scalar embedding weights for step 3000     dit_trainer.py:1297
         saved                                                                  
INFO     [rank 0] Training state saved:                      dit_trainer.py:1416
         checkpoints/model_weights_step_03000.state.pt                          
INFO     [rank 0] New best checkpoint (step 3000,            dit_trainer.py:1320
         val_loss=0.014092):                                                    
         checkpoints/model_weights_best.safetensors                             
DEBUG    [rank 0] Removed old checkpoint:                    dit_trainer.py:1429
         /local/disk/hramachandran/work/wh_work/windinet/dit                    
         _outputs/lundquist/dit_sds_untrained_30k/checkpoint                    
         s/model_weights_step_02760.safetensors                                 
DEBUG    [rank 0] Removed old checkpoint:                    dit_trainer.py:1429
         /local/disk/hramachandran/work/wh_work/windinet/dit                    
         _outputs/lundquist/dit_sds_untrained_30k/checkpoint                    
         s/scalar_embedding_step_02760.safetensors                              
DEBUG    [rank 0] Removed optimizer state for older kept     dit_trainer.py:1444
         checkpoint:                                                            
         /local/disk/hramachandran/work/wh_work/windinet/dit                    
         _outputs/lundquist/dit_sds_untrained_30k/checkpoint                    
         s/model_weights_step_02880.state.pt                                    
[epoch 25] step=3000 train_loss=0.016465 val_loss=0.014092
[train] step=3001 loss=0.008328 lr=9.756e-06
[train] step=3002 loss=0.017440 lr=9.755e-06
[train] step=3003 loss=0.010680 lr=9.755e-06
[train] step=3004 loss=0.009088 lr=9.755e-06
[train] step=3005 loss=0.011904 lr=9.755e-06
[train] step=3006 loss=0.008466 lr=9.755e-06
[train] step=3007 loss=0.007359 lr=9.755e-06
[train] step=3008 loss=0.014387 lr=9.754e-06
[train] step=3009 loss=0.012685 lr=9.754e-06
[train] step=3010 loss=0.018717 lr=9.754e-06
[train] step=3011 loss=0.017818 lr=9.754e-06
[train] step=3012 loss=0.008933 lr=9.754e-06
[train] step=3013 loss=0.007531 lr=9.754e-06
[train] step=3014 loss=0.012029 lr=9.753e-06
[train] step=3015 loss=0.015085 lr=9.753e-06
[train] step=3016 loss=0.004819 lr=9.753e-06
[train] step=3017 loss=0.013400 lr=9.753e-06
[train] step=3018 loss=0.013731 lr=9.753e-06
[train] step=3019 loss=0.019308 lr=9.753e-06
[train] step=3020 loss=0.013283 lr=9.752e-06
[train] step=3021 loss=0.008657 lr=9.752e-06
[train] step=3022 loss=0.024448 lr=9.752e-06
[train] step=3023 loss=0.015800 lr=9.752e-06
[train] step=3024 loss=0.011660 lr=9.752e-06
[train] step=3025 loss=0.013867 lr=9.752e-06
[train] step=3026 loss=0.006718 lr=9.751e-06
[train] step=3027 loss=0.011250 lr=9.751e-06
[train] step=3028 loss=0.024570 lr=9.751e-06
[train] step=3029 loss=0.024984 lr=9.751e-06
[train] step=3030 loss=0.010693 lr=9.751e-06
[train] step=3031 loss=0.007142 lr=9.751e-06
[train] step=3032 loss=0.020938 lr=9.750e-06
[train] step=3033 loss=0.032206 lr=9.750e-06
[train] step=3034 loss=0.009943 lr=9.750e-06
[train] step=3035 loss=0.017162 lr=9.750e-06
[train] step=3036 loss=0.007417 lr=9.750e-06
[train] step=3037 loss=0.012578 lr=9.750e-06
[train] step=3038 loss=0.010827 lr=9.750e-06
[train] step=3039 loss=0.009331 lr=9.749e-06
[train] step=3040 loss=0.008216 lr=9.749e-06
[train] step=3041 loss=0.009640 lr=9.749e-06
[train] step=3042 loss=0.009633 lr=9.749e-06
[train] step=3043 loss=0.014176 lr=9.749e-06
[train] step=3044 loss=0.019970 lr=9.749e-06
[train] step=3045 loss=0.014846 lr=9.748e-06
[train] step=3046 loss=0.019041 lr=9.748e-06
[train] step=3047 loss=0.006266 lr=9.748e-06
[train] step=3048 loss=0.022433 lr=9.748e-06
[train] step=3049 loss=0.012825 lr=9.748e-06
[train] step=3050 loss=0.008914 lr=9.748e-06
[train] step=3051 loss=0.011636 lr=9.747e-06
[train] step=3052 loss=0.007381 lr=9.747e-06
[train] step=3053 loss=0.011194 lr=9.747e-06
[train] step=3054 loss=0.020962 lr=9.747e-06
[train] step=3055 loss=0.023129 lr=9.747e-06
[train] step=3056 loss=0.011668 lr=9.747e-06
[train] step=3057 loss=0.016775 lr=9.746e-06
[train] step=3058 loss=0.010176 lr=9.746e-06
[train] step=3059 loss=0.017633 lr=9.746e-06
[train] step=3060 loss=0.007520 lr=9.746e-06
[train] step=3061 loss=0.011958 lr=9.746e-06
[train] step=3062 loss=0.014583 lr=9.746e-06
[train] step=3063 loss=0.014747 lr=9.745e-06
[train] step=3064 loss=0.030750 lr=9.745e-06
[train] step=3065 loss=0.009339 lr=9.745e-06
[train] step=3066 loss=0.012178 lr=9.745e-06
[train] step=3067 loss=0.012129 lr=9.745e-06
[train] step=3068 loss=0.009200 lr=9.745e-06
[train] step=3069 loss=0.011793 lr=9.744e-06
[train] step=3070 loss=0.018399 lr=9.744e-06
[train] step=3071 loss=0.012403 lr=9.744e-06
[train] step=3072 loss=0.025028 lr=9.744e-06
[train] step=3073 loss=0.010084 lr=9.744e-06
[train] step=3074 loss=0.008577 lr=9.744e-06
[train] step=3075 loss=0.006189 lr=9.743e-06
[train] step=3076 loss=0.008258 lr=9.743e-06
[train] step=3077 loss=0.012395 lr=9.743e-06
[train] step=3078 loss=0.013998 lr=9.743e-06
[train] step=3079 loss=0.009049 lr=9.743e-06
[train] step=3080 loss=0.011622 lr=9.743e-06
[train] step=3081 loss=0.025361 lr=9.742e-06
[train] step=3082 loss=0.014256 lr=9.742e-06
[train] step=3083 loss=0.026111 lr=9.742e-06
[train] step=3084 loss=0.007996 lr=9.742e-06
[train] step=3085 loss=0.009489 lr=9.742e-06
[train] step=3086 loss=0.010981 lr=9.742e-06
[train] step=3087 loss=0.009120 lr=9.741e-06
[train] step=3088 loss=0.011812 lr=9.741e-06
[train] step=3089 loss=0.012539 lr=9.741e-06
[train] step=3090 loss=0.008148 lr=9.741e-06
[train] step=3091 loss=0.008028 lr=9.741e-06
[train] step=3092 loss=0.029583 lr=9.741e-06
[train] step=3093 loss=0.007011 lr=9.740e-06
[train] step=3094 loss=0.008020 lr=9.740e-06
[train] step=3095 loss=0.022287 lr=9.740e-06
[train] step=3096 loss=0.011102 lr=9.740e-06
[train] step=3097 loss=0.006260 lr=9.740e-06
[train] step=3098 loss=0.023269 lr=9.740e-06
[train] step=3099 loss=0.018298 lr=9.739e-06
[train] step=3100 loss=0.007040 lr=9.739e-06
[train] step=3101 loss=0.020354 lr=9.739e-06
[train] step=3102 loss=0.006177 lr=9.739e-06
[train] step=3103 loss=0.008204 lr=9.739e-06
[train] step=3104 loss=0.022217 lr=9.739e-06
[train] step=3105 loss=0.012137 lr=9.738e-06
[train] step=3106 loss=0.016357 lr=9.738e-06
[train] step=3107 loss=0.010386 lr=9.738e-06
[train] step=3108 loss=0.009165 lr=9.738e-06
[train] step=3109 loss=0.004884 lr=9.738e-06
[train] step=3110 loss=0.012669 lr=9.738e-06
[train] step=3111 loss=0.009699 lr=9.737e-06
[train] step=3112 loss=0.010416 lr=9.737e-06
[train] step=3113 loss=0.024726 lr=9.737e-06
[train] step=3114 loss=0.005916 lr=9.737e-06
[train] step=3115 loss=0.030225 lr=9.737e-06
[train] step=3116 loss=0.009005 lr=9.737e-06
[train] step=3117 loss=0.016992 lr=9.736e-06
[train] step=3118 loss=0.013350 lr=9.736e-06
[train] step=3119 loss=0.009155 lr=9.736e-06
[train] step=3120 loss=0.013694 lr=9.736e-06
INFO     [rank 0] Model weights for step 3120 saved in       dit_trainer.py:1288
         checkpoints/model_weights_step_03120.safetensors                       
INFO     [rank 0] Scalar embedding weights for step 3120     dit_trainer.py:1297
         saved                                                                  
INFO     [rank 0] Training state saved:                      dit_trainer.py:1416
         checkpoints/model_weights_step_03120.state.pt                          
DEBUG    [rank 0] Removed old checkpoint:                    dit_trainer.py:1429
         /local/disk/hramachandran/work/wh_work/windinet/dit                    
         _outputs/lundquist/dit_sds_untrained_30k/checkpoint                    
         s/model_weights_step_02880.safetensors                                 
DEBUG    [rank 0] Removed old checkpoint:                    dit_trainer.py:1429
         /local/disk/hramachandran/work/wh_work/windinet/dit                    
         _outputs/lundquist/dit_sds_untrained_30k/checkpoint                    
         s/scalar_embedding_step_02880.safetensors                              
DEBUG    [rank 0] Removed optimizer state for older kept     dit_trainer.py:1444
         checkpoint:                                                            
         /local/disk/hramachandran/work/wh_work/windinet/dit                    
         _outputs/lundquist/dit_sds_untrained_30k/checkpoint                    
         s/model_weights_step_03000.state.pt                                    
[epoch 26] step=3120 train_loss=0.013483
[train] step=3121 loss=0.009322 lr=9.736e-06
[train] step=3122 loss=0.012639 lr=9.736e-06
[train] step=3123 loss=0.008629 lr=9.735e-06
[train] step=3124 loss=0.018767 lr=9.735e-06
[train] step=3125 loss=0.007300 lr=9.735e-06
[train] step=3126 loss=0.040061 lr=9.735e-06
[train] step=3127 loss=0.009588 lr=9.735e-06
[train] step=3128 loss=0.017676 lr=9.735e-06
[train] step=3129 loss=0.040173 lr=9.734e-06
[train] step=3130 loss=0.012689 lr=9.734e-06
[train] step=3131 loss=0.034581 lr=9.734e-06
[train] step=3132 loss=0.021821 lr=9.734e-06
[train] step=3133 loss=0.006350 lr=9.734e-06
[train] step=3134 loss=0.007453 lr=9.734e-06
[train] step=3135 loss=0.006447 lr=9.733e-06
[train] step=3136 loss=0.011094 lr=9.733e-06
[train] step=3137 loss=0.006954 lr=9.733e-06
[train] step=3138 loss=0.009067 lr=9.733e-06
[train] step=3139 loss=0.006485 lr=9.733e-06
[train] step=3140 loss=0.016126 lr=9.733e-06
[train] step=3141 loss=0.019381 lr=9.732e-06
[train] step=3142 loss=0.013443 lr=9.732e-06
[train] step=3143 loss=0.008908 lr=9.732e-06
[train] step=3144 loss=0.020528 lr=9.732e-06
[train] step=3145 loss=0.010830 lr=9.732e-06
[train] step=3146 loss=0.018899 lr=9.732e-06
[train] step=3147 loss=0.019148 lr=9.731e-06
[train] step=3148 loss=0.017679 lr=9.731e-06
[train] step=3149 loss=0.010576 lr=9.731e-06
[train] step=3150 loss=0.005497 lr=9.731e-06
[train] step=3151 loss=0.027480 lr=9.731e-06
[train] step=3152 loss=0.006020 lr=9.731e-06
[train] step=3153 loss=0.009529 lr=9.730e-06
[train] step=3154 loss=0.017163 lr=9.730e-06
[train] step=3155 loss=0.011608 lr=9.730e-06
[train] step=3156 loss=0.033227 lr=9.730e-06
[train] step=3157 loss=0.015266 lr=9.730e-06
[train] step=3158 loss=0.012210 lr=9.730e-06
[train] step=3159 loss=0.009599 lr=9.729e-06
[train] step=3160 loss=0.007693 lr=9.729e-06
[train] step=3161 loss=0.015609 lr=9.729e-06
[train] step=3162 loss=0.011759 lr=9.729e-06
[train] step=3163 loss=0.034440 lr=9.729e-06
[train] step=3164 loss=0.012492 lr=9.728e-06
[train] step=3165 loss=0.012104 lr=9.728e-06
[train] step=3166 loss=0.012514 lr=9.728e-06
[train] step=3167 loss=0.013390 lr=9.728e-06
[train] step=3168 loss=0.037314 lr=9.728e-06
[train] step=3169 loss=0.013600 lr=9.728e-06
[train] step=3170 loss=0.011882 lr=9.727e-06
[train] step=3171 loss=0.015815 lr=9.727e-06
[train] step=3172 loss=0.006618 lr=9.727e-06
[train] step=3173 loss=0.010684 lr=9.727e-06
[train] step=3174 loss=0.012916 lr=9.727e-06
[train] step=3175 loss=0.012681 lr=9.727e-06
[train] step=3176 loss=0.050365 lr=9.726e-06
[train] step=3177 loss=0.019717 lr=9.726e-06
[train] step=3178 loss=0.012142 lr=9.726e-06
[train] step=3179 loss=0.027574 lr=9.726e-06
[train] step=3180 loss=0.017010 lr=9.726e-06
[train] step=3181 loss=0.013741 lr=9.726e-06
[train] step=3182 loss=0.013298 lr=9.725e-06
[train] step=3183 loss=0.008652 lr=9.725e-06
[train] step=3184 loss=0.012794 lr=9.725e-06
[train] step=3185 loss=0.009787 lr=9.725e-06
[train] step=3186 loss=0.026842 lr=9.725e-06
[train] step=3187 loss=0.012619 lr=9.725e-06
[train] step=3188 loss=0.008494 lr=9.724e-06
[train] step=3189 loss=0.012675 lr=9.724e-06
[train] step=3190 loss=0.009190 lr=9.724e-06
[train] step=3191 loss=0.052610 lr=9.724e-06
[train] step=3192 loss=0.006647 lr=9.724e-06
[train] step=3193 loss=0.008130 lr=9.724e-06
[train] step=3194 loss=0.012860 lr=9.723e-06
[train] step=3195 loss=0.007537 lr=9.723e-06
[train] step=3196 loss=0.008292 lr=9.723e-06
[train] step=3197 loss=0.005779 lr=9.723e-06
[train] step=3198 loss=0.011032 lr=9.723e-06
[train] step=3199 loss=0.011467 lr=9.723e-06
[train] step=3200 loss=0.014673 lr=9.722e-06
[train] step=3201 loss=0.007937 lr=9.722e-06
[train] step=3202 loss=0.006486 lr=9.722e-06
[train] step=3203 loss=0.014464 lr=9.722e-06
[train] step=3204 loss=0.016374 lr=9.722e-06
[train] step=3205 loss=0.014971 lr=9.721e-06
[train] step=3206 loss=0.014711 lr=9.721e-06
[train] step=3207 loss=0.020032 lr=9.721e-06
[train] step=3208 loss=0.020762 lr=9.721e-06
[train] step=3209 loss=0.013113 lr=9.721e-06
[train] step=3210 loss=0.009805 lr=9.721e-06
[train] step=3211 loss=0.015564 lr=9.720e-06
[train] step=3212 loss=0.007337 lr=9.720e-06
[train] step=3213 loss=0.010347 lr=9.720e-06
[train] step=3214 loss=0.038465 lr=9.720e-06
[train] step=3215 loss=0.021087 lr=9.720e-06
[train] step=3216 loss=0.011569 lr=9.720e-06
[train] step=3217 loss=0.015352 lr=9.719e-06
[train] step=3218 loss=0.017636 lr=9.719e-06
[train] step=3219 loss=0.008641 lr=9.719e-06
[train] step=3220 loss=0.009570 lr=9.719e-06
[train] step=3221 loss=0.007415 lr=9.719e-06
[train] step=3222 loss=0.040656 lr=9.719e-06
[train] step=3223 loss=0.010211 lr=9.718e-06
[train] step=3224 loss=0.018928 lr=9.718e-06
[train] step=3225 loss=0.018320 lr=9.718e-06
[train] step=3226 loss=0.018578 lr=9.718e-06
[train] step=3227 loss=0.014687 lr=9.718e-06
[train] step=3228 loss=0.020959 lr=9.717e-06
[train] step=3229 loss=0.004824 lr=9.717e-06
[train] step=3230 loss=0.021837 lr=9.717e-06
[train] step=3231 loss=0.010238 lr=9.717e-06
[train] step=3232 loss=0.013617 lr=9.717e-06
[train] step=3233 loss=0.013284 lr=9.717e-06
[train] step=3234 loss=0.005686 lr=9.716e-06
[train] step=3235 loss=0.019206 lr=9.716e-06
[train] step=3236 loss=0.018060 lr=9.716e-06
[train] step=3237 loss=0.007827 lr=9.716e-06
[train] step=3238 loss=0.013757 lr=9.716e-06
[train] step=3239 loss=0.024027 lr=9.716e-06
[train] step=3240 loss=0.024186 lr=9.715e-06
INFO     [rank 0] Model weights for step 3240 saved in       dit_trainer.py:1288
         checkpoints/model_weights_step_03240.safetensors                       
INFO     [rank 0] Scalar embedding weights for step 3240     dit_trainer.py:1297
         saved                                                                  
INFO     [rank 0] Training state saved:                      dit_trainer.py:1416
         checkpoints/model_weights_step_03240.state.pt                          
DEBUG    [rank 0] Removed old checkpoint:                    dit_trainer.py:1429
         /local/disk/hramachandran/work/wh_work/windinet/dit                    
         _outputs/lundquist/dit_sds_untrained_30k/checkpoint                    
         s/model_weights_step_03000.safetensors                                 
DEBUG    [rank 0] Removed old checkpoint:                    dit_trainer.py:1429
         /local/disk/hramachandran/work/wh_work/windinet/dit                    
         _outputs/lundquist/dit_sds_untrained_30k/checkpoint                    
         s/scalar_embedding_step_03000.safetensors                              
DEBUG    [rank 0] Removed optimizer state for older kept     dit_trainer.py:1444
         checkpoint:                                                            
         /local/disk/hramachandran/work/wh_work/windinet/dit                    
         _outputs/lundquist/dit_sds_untrained_30k/checkpoint                    
         s/model_weights_step_03120.state.pt                                    
[epoch 27] step=3240 train_loss=0.015297
[train] step=3241 loss=0.015033 lr=9.715e-06
[train] step=3242 loss=0.016509 lr=9.715e-06
[train] step=3243 loss=0.009614 lr=9.715e-06
[train] step=3244 loss=0.047746 lr=9.715e-06
[train] step=3245 loss=0.007715 lr=9.715e-06
[train] step=3246 loss=0.009245 lr=9.714e-06
[train] step=3247 loss=0.022484 lr=9.714e-06
[train] step=3248 loss=0.011827 lr=9.714e-06
[train] step=3249 loss=0.006368 lr=9.714e-06
[train] step=3250 loss=0.010222 lr=9.714e-06
[train] step=3251 loss=0.014339 lr=9.713e-06
[train] step=3252 loss=0.006406 lr=9.713e-06
[train] step=3253 loss=0.007209 lr=9.713e-06
[train] step=3254 loss=0.017043 lr=9.713e-06
[train] step=3255 loss=0.015030 lr=9.713e-06
[train] step=3256 loss=0.026431 lr=9.713e-06
[train] step=3257 loss=0.053227 lr=9.712e-06
[train] step=3258 loss=0.009074 lr=9.712e-06
[train] step=3259 loss=0.011751 lr=9.712e-06
[train] step=3260 loss=0.018906 lr=9.712e-06
[train] step=3261 loss=0.027928 lr=9.712e-06
[train] step=3262 loss=0.020438 lr=9.712e-06
[train] step=3263 loss=0.011978 lr=9.711e-06
[train] step=3264 loss=0.012178 lr=9.711e-06
[train] step=3265 loss=0.013581 lr=9.711e-06
[train] step=3266 loss=0.012254 lr=9.711e-06
[train] step=3267 loss=0.036754 lr=9.711e-06
[train] step=3268 loss=0.020555 lr=9.711e-06
[train] step=3269 loss=0.004112 lr=9.710e-06
[train] step=3270 loss=0.006336 lr=9.710e-06
[train] step=3271 loss=0.009410 lr=9.710e-06
[train] step=3272 loss=0.020555 lr=9.710e-06
[train] step=3273 loss=0.009133 lr=9.710e-06
[train] step=3274 loss=0.003722 lr=9.709e-06
[train] step=3275 loss=0.038684 lr=9.709e-06
[train] step=3276 loss=0.027510 lr=9.709e-06
[train] step=3277 loss=0.027304 lr=9.709e-06
[train] step=3278 loss=0.006525 lr=9.709e-06
[train] step=3279 loss=0.004708 lr=9.709e-06
[train] step=3280 loss=0.017901 lr=9.708e-06
[train] step=3281 loss=0.010565 lr=9.708e-06
[train] step=3282 loss=0.011984 lr=9.708e-06
[train] step=3283 loss=0.013185 lr=9.708e-06
[train] step=3284 loss=0.069321 lr=9.708e-06
[train] step=3285 loss=0.007041 lr=9.708e-06
[train] step=3286 loss=0.053440 lr=9.707e-06
[train] step=3287 loss=0.009859 lr=9.707e-06
[train] step=3288 loss=0.009737 lr=9.707e-06
[train] step=3289 loss=0.011008 lr=9.707e-06
[train] step=3290 loss=0.009825 lr=9.707e-06
[train] step=3291 loss=0.017203 lr=9.706e-06
[train] step=3292 loss=0.011979 lr=9.706e-06
[train] step=3293 loss=0.011486 lr=9.706e-06
[train] step=3294 loss=0.007576 lr=9.706e-06
[train] step=3295 loss=0.016669 lr=9.706e-06
[train] step=3296 loss=0.020554 lr=9.706e-06
[train] step=3297 loss=0.014864 lr=9.705e-06
[train] step=3298 loss=0.014381 lr=9.705e-06
[train] step=3299 loss=0.012764 lr=9.705e-06
[train] step=3300 loss=0.012067 lr=9.705e-06
[train] step=3301 loss=0.019227 lr=9.705e-06
[train] step=3302 loss=0.010690 lr=9.705e-06
[train] step=3303 loss=0.013904 lr=9.704e-06
[train] step=3304 loss=0.023050 lr=9.704e-06
[train] step=3305 loss=0.009105 lr=9.704e-06
[train] step=3306 loss=0.014113 lr=9.704e-06
[train] step=3307 loss=0.007787 lr=9.704e-06
[train] step=3308 loss=0.009638 lr=9.703e-06
[train] step=3309 loss=0.005857 lr=9.703e-06
[train] step=3310 loss=0.010133 lr=9.703e-06
[train] step=3311 loss=0.016413 lr=9.703e-06
[train] step=3312 loss=0.015997 lr=9.703e-06
[train] step=3313 loss=0.027671 lr=9.703e-06
[train] step=3314 loss=0.011485 lr=9.702e-06
[train] step=3315 loss=0.015315 lr=9.702e-06
[train] step=3316 loss=0.011722 lr=9.702e-06
[train] step=3317 loss=0.008801 lr=9.702e-06
[train] step=3318 loss=0.009867 lr=9.702e-06
[train] step=3319 loss=0.014150 lr=9.702e-06
[train] step=3320 loss=0.016868 lr=9.701e-06
[train] step=3321 loss=0.009240 lr=9.701e-06
[train] step=3322 loss=0.014554 lr=9.701e-06
[train] step=3323 loss=0.011177 lr=9.701e-06
[train] step=3324 loss=0.005207 lr=9.701e-06
[train] step=3325 loss=0.016377 lr=9.700e-06
[train] step=3326 loss=0.007725 lr=9.700e-06
[train] step=3327 loss=0.005415 lr=9.700e-06
[train] step=3328 loss=0.008071 lr=9.700e-06
[train] step=3329 loss=0.012127 lr=9.700e-06
[train] step=3330 loss=0.027248 lr=9.700e-06
[train] step=3331 loss=0.025068 lr=9.699e-06
[train] step=3332 loss=0.005438 lr=9.699e-06
[train] step=3333 loss=0.009774 lr=9.699e-06
[train] step=3334 loss=0.017828 lr=9.699e-06
[train] step=3335 loss=0.009201 lr=9.699e-06
[train] step=3336 loss=0.015071 lr=9.698e-06
[train] step=3337 loss=0.010869 lr=9.698e-06
[train] step=3338 loss=0.011023 lr=9.698e-06
[train] step=3339 loss=0.008492 lr=9.698e-06
[train] step=3340 loss=0.004051 lr=9.698e-06
[train] step=3341 loss=0.011851 lr=9.698e-06
[train] step=3342 loss=0.007098 lr=9.697e-06
[train] step=3343 loss=0.007570 lr=9.697e-06
[train] step=3344 loss=0.010098 lr=9.697e-06
[train] step=3345 loss=0.006608 lr=9.697e-06
[train] step=3346 loss=0.020754 lr=9.697e-06
[train] step=3347 loss=0.012062 lr=9.696e-06
[train] step=3348 loss=0.036253 lr=9.696e-06
[train] step=3349 loss=0.032470 lr=9.696e-06
[train] step=3350 loss=0.009421 lr=9.696e-06
[train] step=3351 loss=0.019673 lr=9.696e-06
[train] step=3352 loss=0.011016 lr=9.696e-06
[train] step=3353 loss=0.018344 lr=9.695e-06
[train] step=3354 loss=0.021681 lr=9.695e-06
[train] step=3355 loss=0.012722 lr=9.695e-06
[train] step=3356 loss=0.015123 lr=9.695e-06
[train] step=3357 loss=0.010490 lr=9.695e-06
[train] step=3358 loss=0.028518 lr=9.695e-06
[train] step=3359 loss=0.014883 lr=9.694e-06
[train] step=3360 loss=0.015016 lr=9.694e-06
INFO     [rank 0] Model weights for step 3360 saved in       dit_trainer.py:1288
         checkpoints/model_weights_step_03360.safetensors                       
INFO     [rank 0] Scalar embedding weights for step 3360     dit_trainer.py:1297
         saved                                                                  
INFO     [rank 0] Training state saved:                      dit_trainer.py:1416
         checkpoints/model_weights_step_03360.state.pt                          
DEBUG    [rank 0] Removed old checkpoint:                    dit_trainer.py:1429
         /local/disk/hramachandran/work/wh_work/windinet/dit                    
         _outputs/lundquist/dit_sds_untrained_30k/checkpoint                    
         s/model_weights_step_03120.safetensors                                 
DEBUG    [rank 0] Removed old checkpoint:                    dit_trainer.py:1429
         /local/disk/hramachandran/work/wh_work/windinet/dit                    
         _outputs/lundquist/dit_sds_untrained_30k/checkpoint                    
         s/scalar_embedding_step_03120.safetensors                              
DEBUG    [rank 0] Removed optimizer state for older kept     dit_trainer.py:1444
         checkpoint:                                                            
         /local/disk/hramachandran/work/wh_work/windinet/dit                    
         _outputs/lundquist/dit_sds_untrained_30k/checkpoint                    
         s/model_weights_step_03240.state.pt                                    
[epoch 28] step=3360 train_loss=0.015415
[train] step=3361 loss=0.018171 lr=9.694e-06
[train] step=3362 loss=0.009195 lr=9.694e-06
[train] step=3363 loss=0.022785 lr=9.694e-06
[train] step=3364 loss=0.009526 lr=9.693e-06
[train] step=3365 loss=0.015528 lr=9.693e-06
[train] step=3366 loss=0.029866 lr=9.693e-06
[train] step=3367 loss=0.011784 lr=9.693e-06
[train] step=3368 loss=0.007825 lr=9.693e-06
[train] step=3369 loss=0.016833 lr=9.693e-06
[train] step=3370 loss=0.009673 lr=9.692e-06
[train] step=3371 loss=0.016178 lr=9.692e-06
[train] step=3372 loss=0.007957 lr=9.692e-06
[train] step=3373 loss=0.006238 lr=9.692e-06
[train] step=3374 loss=0.010899 lr=9.692e-06
[train] step=3375 loss=0.015823 lr=9.691e-06
[train] step=3376 loss=0.011526 lr=9.691e-06
[train] step=3377 loss=0.006142 lr=9.691e-06
[train] step=3378 loss=0.009557 lr=9.691e-06
[train] step=3379 loss=0.032349 lr=9.691e-06
[train] step=3380 loss=0.031410 lr=9.691e-06
[train] step=3381 loss=0.014162 lr=9.690e-06
[train] step=3382 loss=0.042944 lr=9.690e-06
[train] step=3383 loss=0.027114 lr=9.690e-06
[train] step=3384 loss=0.007540 lr=9.690e-06
[train] step=3385 loss=0.012197 lr=9.690e-06
[train] step=3386 loss=0.014665 lr=9.689e-06
[train] step=3387 loss=0.006013 lr=9.689e-06
[train] step=3388 loss=0.016666 lr=9.689e-06
[train] step=3389 loss=0.007846 lr=9.689e-06
[train] step=3390 loss=0.018371 lr=9.689e-06
[train] step=3391 loss=0.017932 lr=9.689e-06
[train] step=3392 loss=0.010240 lr=9.688e-06
[train] step=3393 loss=0.060577 lr=9.688e-06
[train] step=3394 loss=0.011870 lr=9.688e-06
[train] step=3395 loss=0.017664 lr=9.688e-06
[train] step=3396 loss=0.007434 lr=9.688e-06
[train] step=3397 loss=0.011540 lr=9.687e-06
[train] step=3398 loss=0.006796 lr=9.687e-06
[train] step=3399 loss=0.023587 lr=9.687e-06
[train] step=3400 loss=0.014917 lr=9.687e-06
[train] step=3401 loss=0.009819 lr=9.687e-06
[train] step=3402 loss=0.009038 lr=9.687e-06
[train] step=3403 loss=0.016444 lr=9.686e-06
[train] step=3404 loss=0.020030 lr=9.686e-06
[train] step=3405 loss=0.013686 lr=9.686e-06
[train] step=3406 loss=0.007938 lr=9.686e-06
[train] step=3407 loss=0.008785 lr=9.686e-06
[train] step=3408 loss=0.025762 lr=9.685e-06
[train] step=3409 loss=0.011819 lr=9.685e-06
[train] step=3410 loss=0.007009 lr=9.685e-06
[train] step=3411 loss=0.012272 lr=9.685e-06
[train] step=3412 loss=0.009440 lr=9.685e-06
[train] step=3413 loss=0.008501 lr=9.685e-06
[train] step=3414 loss=0.008025 lr=9.684e-06
[train] step=3415 loss=0.009289 lr=9.684e-06
[train] step=3416 loss=0.006878 lr=9.684e-06
[train] step=3417 loss=0.007636 lr=9.684e-06
[train] step=3418 loss=0.008791 lr=9.684e-06
[train] step=3419 loss=0.021781 lr=9.683e-06
[train] step=3420 loss=0.022724 lr=9.683e-06
[train] step=3421 loss=0.013967 lr=9.683e-06
[train] step=3422 loss=0.007752 lr=9.683e-06
[train] step=3423 loss=0.015382 lr=9.683e-06
[train] step=3424 loss=0.013528 lr=9.683e-06
[train] step=3425 loss=0.007299 lr=9.682e-06
[train] step=3426 loss=0.009154 lr=9.682e-06
[train] step=3427 loss=0.007577 lr=9.682e-06
[train] step=3428 loss=0.009253 lr=9.682e-06
[train] step=3429 loss=0.016570 lr=9.682e-06
[train] step=3430 loss=0.017494 lr=9.681e-06
[train] step=3431 loss=0.010625 lr=9.681e-06
[train] step=3432 loss=0.010850 lr=9.681e-06
[train] step=3433 loss=0.007828 lr=9.681e-06
[train] step=3434 loss=0.009868 lr=9.681e-06
[train] step=3435 loss=0.011623 lr=9.680e-06
[train] step=3436 loss=0.039604 lr=9.680e-06
[train] step=3437 loss=0.015283 lr=9.680e-06
[train] step=3438 loss=0.011836 lr=9.680e-06
[train] step=3439 loss=0.027856 lr=9.680e-06
[train] step=3440 loss=0.020179 lr=9.680e-06
[train] step=3441 loss=0.020601 lr=9.679e-06
[train] step=3442 loss=0.008280 lr=9.679e-06
[train] step=3443 loss=0.009305 lr=9.679e-06
[train] step=3444 loss=0.008385 lr=9.679e-06
[train] step=3445 loss=0.009879 lr=9.679e-06
[train] step=3446 loss=0.011983 lr=9.678e-06
[train] step=3447 loss=0.010796 lr=9.678e-06
[train] step=3448 loss=0.010526 lr=9.678e-06
[train] step=3449 loss=0.005153 lr=9.678e-06
[train] step=3450 loss=0.025704 lr=9.678e-06
[train] step=3451 loss=0.013930 lr=9.678e-06
[train] step=3452 loss=0.022891 lr=9.677e-06
[train] step=3453 loss=0.004142 lr=9.677e-06
[train] step=3454 loss=0.007513 lr=9.677e-06
[train] step=3455 loss=0.037759 lr=9.677e-06
[train] step=3456 loss=0.014822 lr=9.677e-06
[train] step=3457 loss=0.019874 lr=9.676e-06
[train] step=3458 loss=0.009737 lr=9.676e-06
[train] step=3459 loss=0.016338 lr=9.676e-06
[train] step=3460 loss=0.013554 lr=9.676e-06
[train] step=3461 loss=0.030462 lr=9.676e-06
[train] step=3462 loss=0.009081 lr=9.676e-06
[train] step=3463 loss=0.021434 lr=9.675e-06
[train] step=3464 loss=0.021348 lr=9.675e-06
[train] step=3465 loss=0.010118 lr=9.675e-06
[train] step=3466 loss=0.017460 lr=9.675e-06
[train] step=3467 loss=0.006100 lr=9.675e-06
[train] step=3468 loss=0.014774 lr=9.674e-06
[train] step=3469 loss=0.011523 lr=9.674e-06
[train] step=3470 loss=0.009665 lr=9.674e-06
[train] step=3471 loss=0.008699 lr=9.674e-06
[train] step=3472 loss=0.020690 lr=9.674e-06
[train] step=3473 loss=0.012460 lr=9.673e-06
[train] step=3474 loss=0.010210 lr=9.673e-06
[train] step=3475 loss=0.009287 lr=9.673e-06
[train] step=3476 loss=0.008545 lr=9.673e-06
[train] step=3477 loss=0.066386 lr=9.673e-06
[train] step=3478 loss=0.013093 lr=9.673e-06
[train] step=3479 loss=0.034795 lr=9.672e-06
[train] step=3480 loss=0.014111 lr=9.672e-06
INFO     [rank 0] Model weights for step 3480 saved in       dit_trainer.py:1288
         checkpoints/model_weights_step_03480.safetensors                       
INFO     [rank 0] Scalar embedding weights for step 3480     dit_trainer.py:1297
         saved                                                                  
INFO     [rank 0] Training state saved:                      dit_trainer.py:1416
         checkpoints/model_weights_step_03480.state.pt                          
DEBUG    [rank 0] Removed old checkpoint:                    dit_trainer.py:1429
         /local/disk/hramachandran/work/wh_work/windinet/dit                    
         _outputs/lundquist/dit_sds_untrained_30k/checkpoint                    
         s/model_weights_step_03240.safetensors                                 
DEBUG    [rank 0] Removed old checkpoint:                    dit_trainer.py:1429
         /local/disk/hramachandran/work/wh_work/windinet/dit                    
         _outputs/lundquist/dit_sds_untrained_30k/checkpoint                    
         s/scalar_embedding_step_03240.safetensors                              
DEBUG    [rank 0] Removed optimizer state for older kept     dit_trainer.py:1444
         checkpoint:                                                            
         /local/disk/hramachandran/work/wh_work/windinet/dit                    
         _outputs/lundquist/dit_sds_untrained_30k/checkpoint                    
         s/model_weights_step_03360.state.pt                                    
[epoch 29] step=3480 train_loss=0.015090
[train] step=3481 loss=0.009814 lr=9.672e-06
[train] step=3482 loss=0.013230 lr=9.672e-06
[train] step=3483 loss=0.004549 lr=9.672e-06
[train] step=3484 loss=0.009347 lr=9.671e-06
[train] step=3485 loss=0.009425 lr=9.671e-06
[train] step=3486 loss=0.035896 lr=9.671e-06
[train] step=3487 loss=0.008963 lr=9.671e-06
[train] step=3488 loss=0.009785 lr=9.671e-06
[train] step=3489 loss=0.006509 lr=9.670e-06
[train] step=3490 loss=0.014846 lr=9.670e-06
[train] step=3491 loss=0.012415 lr=9.670e-06
[train] step=3492 loss=0.011725 lr=9.670e-06
[train] step=3493 loss=0.011219 lr=9.670e-06
[train] step=3494 loss=0.022520 lr=9.670e-06
[train] step=3495 loss=0.009659 lr=9.669e-06
[train] step=3496 loss=0.016622 lr=9.669e-06
[train] step=3497 loss=0.044337 lr=9.669e-06
[train] step=3498 loss=0.013718 lr=9.669e-06
[train] step=3499 loss=0.009550 lr=9.669e-06
[train] step=3500 loss=0.013893 lr=9.668e-06
[train] step=3501 loss=0.019040 lr=9.668e-06
[train] step=3502 loss=0.018283 lr=9.668e-06
[train] step=3503 loss=0.015829 lr=9.668e-06
[train] step=3504 loss=0.006619 lr=9.668e-06
[train] step=3505 loss=0.019223 lr=9.667e-06
[train] step=3506 loss=0.013685 lr=9.667e-06
[train] step=3507 loss=0.007347 lr=9.667e-06
[train] step=3508 loss=0.006826 lr=9.667e-06
[train] step=3509 loss=0.006079 lr=9.667e-06
[train] step=3510 loss=0.009895 lr=9.667e-06
[train] step=3511 loss=0.007466 lr=9.666e-06
[train] step=3512 loss=0.014110 lr=9.666e-06
[train] step=3513 loss=0.014976 lr=9.666e-06
[train] step=3514 loss=0.030943 lr=9.666e-06
[train] step=3515 loss=0.010819 lr=9.666e-06
[train] step=3516 loss=0.068486 lr=9.665e-06
[train] step=3517 loss=0.009816 lr=9.665e-06
[train] step=3518 loss=0.036332 lr=9.665e-06
[train] step=3519 loss=0.008946 lr=9.665e-06
[train] step=3520 loss=0.007373 lr=9.665e-06
[train] step=3521 loss=0.017685 lr=9.664e-06
[train] step=3522 loss=0.010601 lr=9.664e-06
[train] step=3523 loss=0.009373 lr=9.664e-06
[train] step=3524 loss=0.005610 lr=9.664e-06
[train] step=3525 loss=0.038432 lr=9.664e-06
[train] step=3526 loss=0.012577 lr=9.664e-06
[train] step=3527 loss=0.056324 lr=9.663e-06
[train] step=3528 loss=0.008778 lr=9.663e-06
[train] step=3529 loss=0.008842 lr=9.663e-06
[train] step=3530 loss=0.012885 lr=9.663e-06
[train] step=3531 loss=0.011629 lr=9.663e-06
[train] step=3532 loss=0.017755 lr=9.662e-06
[train] step=3533 loss=0.020811 lr=9.662e-06
[train] step=3534 loss=0.009768 lr=9.662e-06
[train] step=3535 loss=0.006573 lr=9.662e-06
[train] step=3536 loss=0.003824 lr=9.662e-06
[train] step=3537 loss=0.013534 lr=9.661e-06
[train] step=3538 loss=0.009703 lr=9.661e-06
[train] step=3539 loss=0.009748 lr=9.661e-06
[train] step=3540 loss=0.012840 lr=9.661e-06
[train] step=3541 loss=0.025105 lr=9.661e-06
[train] step=3542 loss=0.026357 lr=9.661e-06
[train] step=3543 loss=0.019551 lr=9.660e-06
[train] step=3544 loss=0.016533 lr=9.660e-06
[train] step=3545 loss=0.011895 lr=9.660e-06
[train] step=3546 loss=0.014307 lr=9.660e-06
[train] step=3547 loss=0.007966 lr=9.660e-06
[train] step=3548 loss=0.004817 lr=9.659e-06
[train] step=3549 loss=0.032251 lr=9.659e-06
[train] step=3550 loss=0.021150 lr=9.659e-06
[train] step=3551 loss=0.015354 lr=9.659e-06
[train] step=3552 loss=0.006471 lr=9.659e-06
[train] step=3553 loss=0.006264 lr=9.658e-06
[train] step=3554 loss=0.011565 lr=9.658e-06
[train] step=3555 loss=0.022636 lr=9.658e-06
[train] step=3556 loss=0.014650 lr=9.658e-06
[train] step=3557 loss=0.009836 lr=9.658e-06
[train] step=3558 loss=0.011147 lr=9.657e-06
[train] step=3559 loss=0.009568 lr=9.657e-06
[train] step=3560 loss=0.014373 lr=9.657e-06
[train] step=3561 loss=0.008758 lr=9.657e-06
[train] step=3562 loss=0.008275 lr=9.657e-06
[train] step=3563 loss=0.011800 lr=9.657e-06
[train] step=3564 loss=0.030774 lr=9.656e-06
[train] step=3565 loss=0.007581 lr=9.656e-06
[train] step=3566 loss=0.007827 lr=9.656e-06
[train] step=3567 loss=0.007025 lr=9.656e-06
[train] step=3568 loss=0.025103 lr=9.656e-06
[train] step=3569 loss=0.009033 lr=9.655e-06
[train] step=3570 loss=0.012855 lr=9.655e-06
[train] step=3571 loss=0.006091 lr=9.655e-06
[train] step=3572 loss=0.006446 lr=9.655e-06
[train] step=3573 loss=0.017290 lr=9.655e-06
[train] step=3574 loss=0.010304 lr=9.654e-06
[train] step=3575 loss=0.009970 lr=9.654e-06
[train] step=3576 loss=0.025054 lr=9.654e-06
[train] step=3577 loss=0.012473 lr=9.654e-06
[train] step=3578 loss=0.018117 lr=9.654e-06
[train] step=3579 loss=0.018410 lr=9.653e-06
[train] step=3580 loss=0.006585 lr=9.653e-06
[train] step=3581 loss=0.008488 lr=9.653e-06
[train] step=3582 loss=0.009985 lr=9.653e-06
[train] step=3583 loss=0.015507 lr=9.653e-06
[train] step=3584 loss=0.021375 lr=9.652e-06
[train] step=3585 loss=0.008418 lr=9.652e-06
[train] step=3586 loss=0.038360 lr=9.652e-06
[train] step=3587 loss=0.011680 lr=9.652e-06
[train] step=3588 loss=0.007812 lr=9.652e-06
[train] step=3589 loss=0.009087 lr=9.652e-06
[train] step=3590 loss=0.036310 lr=9.651e-06
[train] step=3591 loss=0.006224 lr=9.651e-06
[train] step=3592 loss=0.007095 lr=9.651e-06
[train] step=3593 loss=0.011782 lr=9.651e-06
[train] step=3594 loss=0.004392 lr=9.651e-06
[train] step=3595 loss=0.019294 lr=9.650e-06
[train] step=3596 loss=0.009246 lr=9.650e-06
[train] step=3597 loss=0.014575 lr=9.650e-06
[train] step=3598 loss=0.009411 lr=9.650e-06
[train] step=3599 loss=0.018087 lr=9.650e-06
[train] step=3600 loss=0.019103 lr=9.649e-06
[val] step=3600 val_loss=0.013887
INFO     [rank 0] Model weights for step 3600 saved in       dit_trainer.py:1288
         checkpoints/model_weights_step_03600.safetensors                       
INFO     [rank 0] Scalar embedding weights for step 3600     dit_trainer.py:1297
         saved                                                                  
INFO     [rank 0] Training state saved:                      dit_trainer.py:1416
         checkpoints/model_weights_step_03600.state.pt                          
INFO     [rank 0] New best checkpoint (step 3600,            dit_trainer.py:1320
         val_loss=0.013887):                                                    
         checkpoints/model_weights_best.safetensors                             
DEBUG    [rank 0] Removed old checkpoint:                    dit_trainer.py:1429
         /local/disk/hramachandran/work/wh_work/windinet/dit                    
         _outputs/lundquist/dit_sds_untrained_30k/checkpoint                    
         s/model_weights_step_03360.safetensors                                 
DEBUG    [rank 0] Removed old checkpoint:                    dit_trainer.py:1429
         /local/disk/hramachandran/work/wh_work/windinet/dit                    
         _outputs/lundquist/dit_sds_untrained_30k/checkpoint                    
         s/scalar_embedding_step_03360.safetensors                              
DEBUG    [rank 0] Removed optimizer state for older kept     dit_trainer.py:1444
         checkpoint:                                                            
         /local/disk/hramachandran/work/wh_work/windinet/dit                    
         _outputs/lundquist/dit_sds_untrained_30k/checkpoint                    
         s/model_weights_step_03480.state.pt                                    
[epoch 30] step=3600 train_loss=0.014668 val_loss=0.013887
[train] step=3601 loss=0.008577 lr=9.649e-06
[train] step=3602 loss=0.008811 lr=9.649e-06
[train] step=3603 loss=0.009645 lr=9.649e-06
[train] step=3604 loss=0.018564 lr=9.649e-06
[train] step=3605 loss=0.013905 lr=9.648e-06
[train] step=3606 loss=0.007124 lr=9.648e-06
[train] step=3607 loss=0.024935 lr=9.648e-06
[train] step=3608 loss=0.008487 lr=9.648e-06
[train] step=3609 loss=0.007474 lr=9.648e-06
[train] step=3610 loss=0.005020 lr=9.647e-06
[train] step=3611 loss=0.015242 lr=9.647e-06
[train] step=3612 loss=0.030635 lr=9.647e-06
[train] step=3613 loss=0.010341 lr=9.647e-06
[train] step=3614 loss=0.015133 lr=9.647e-06
[train] step=3615 loss=0.006988 lr=9.647e-06
[train] step=3616 loss=0.032011 lr=9.646e-06
[train] step=3617 loss=0.009456 lr=9.646e-06
[train] step=3618 loss=0.019777 lr=9.646e-06
[train] step=3619 loss=0.006186 lr=9.646e-06
[train] step=3620 loss=0.010837 lr=9.646e-06
[train] step=3621 loss=0.013255 lr=9.645e-06
[train] step=3622 loss=0.007677 lr=9.645e-06
[train] step=3623 loss=0.026103 lr=9.645e-06
[train] step=3624 loss=0.013737 lr=9.645e-06
[train] step=3625 loss=0.025996 lr=9.645e-06
[train] step=3626 loss=0.039341 lr=9.644e-06
[train] step=3627 loss=0.038659 lr=9.644e-06
[train] step=3628 loss=0.010185 lr=9.644e-06
[train] step=3629 loss=0.022459 lr=9.644e-06
[train] step=3630 loss=0.023159 lr=9.644e-06
[train] step=3631 loss=0.013303 lr=9.643e-06
[train] step=3632 loss=0.022413 lr=9.643e-06
[train] step=3633 loss=0.010205 lr=9.643e-06
[train] step=3634 loss=0.008999 lr=9.643e-06
[train] step=3635 loss=0.006061 lr=9.643e-06
[train] step=3636 loss=0.012968 lr=9.642e-06
[train] step=3637 loss=0.015762 lr=9.642e-06
[train] step=3638 loss=0.006237 lr=9.642e-06
[train] step=3639 loss=0.008277 lr=9.642e-06
[train] step=3640 loss=0.007787 lr=9.642e-06
[train] step=3641 loss=0.023609 lr=9.641e-06
[train] step=3642 loss=0.005810 lr=9.641e-06
[train] step=3643 loss=0.008884 lr=9.641e-06
[train] step=3644 loss=0.007566 lr=9.641e-06
[train] step=3645 loss=0.010509 lr=9.641e-06
[train] step=3646 loss=0.009504 lr=9.641e-06
[train] step=3647 loss=0.017265 lr=9.640e-06
[train] step=3648 loss=0.010835 lr=9.640e-06
[train] step=3649 loss=0.020088 lr=9.640e-06
[train] step=3650 loss=0.012549 lr=9.640e-06
[train] step=3651 loss=0.011014 lr=9.640e-06
[train] step=3652 loss=0.010091 lr=9.639e-06
[train] step=3653 loss=0.014219 lr=9.639e-06
[train] step=3654 loss=0.027339 lr=9.639e-06
[train] step=3655 loss=0.010585 lr=9.639e-06
[train] step=3656 loss=0.010297 lr=9.639e-06
[train] step=3657 loss=0.011049 lr=9.638e-06
[train] step=3658 loss=0.031665 lr=9.638e-06
[train] step=3659 loss=0.007311 lr=9.638e-06
[train] step=3660 loss=0.009350 lr=9.638e-06
[train] step=3661 loss=0.006820 lr=9.638e-06
[train] step=3662 loss=0.032306 lr=9.637e-06
[train] step=3663 loss=0.006069 lr=9.637e-06
[train] step=3664 loss=0.011986 lr=9.637e-06
[train] step=3665 loss=0.017803 lr=9.637e-06
[train] step=3666 loss=0.006454 lr=9.637e-06
[train] step=3667 loss=0.014038 lr=9.636e-06
[train] step=3668 loss=0.009569 lr=9.636e-06
[train] step=3669 loss=0.006923 lr=9.636e-06
[train] step=3670 loss=0.020740 lr=9.636e-06
[train] step=3671 loss=0.034042 lr=9.636e-06
[train] step=3672 loss=0.012272 lr=9.635e-06
[train] step=3673 loss=0.010685 lr=9.635e-06
[train] step=3674 loss=0.023439 lr=9.635e-06
[train] step=3675 loss=0.008062 lr=9.635e-06
[train] step=3676 loss=0.012601 lr=9.635e-06
[train] step=3677 loss=0.008168 lr=9.634e-06
[train] step=3678 loss=0.005581 lr=9.634e-06
[train] step=3679 loss=0.016579 lr=9.634e-06
[train] step=3680 loss=0.025230 lr=9.634e-06
[train] step=3681 loss=0.020444 lr=9.634e-06
[train] step=3682 loss=0.010454 lr=9.633e-06
[train] step=3683 loss=0.009419 lr=9.633e-06
[train] step=3684 loss=0.020206 lr=9.633e-06
[train] step=3685 loss=0.012675 lr=9.633e-06
[train] step=3686 loss=0.022542 lr=9.633e-06
[train] step=3687 loss=0.018349 lr=9.632e-06
[train] step=3688 loss=0.014936 lr=9.632e-06
[train] step=3689 loss=0.008608 lr=9.632e-06
[train] step=3690 loss=0.021984 lr=9.632e-06
[train] step=3691 loss=0.015296 lr=9.632e-06
[train] step=3692 loss=0.019834 lr=9.632e-06
[train] step=3693 loss=0.010679 lr=9.631e-06
[train] step=3694 loss=0.013600 lr=9.631e-06
[train] step=3695 loss=0.022674 lr=9.631e-06
[train] step=3696 loss=0.009962 lr=9.631e-06
[train] step=3697 loss=0.008471 lr=9.631e-06
[train] step=3698 loss=0.009831 lr=9.630e-06
[train] step=3699 loss=0.026841 lr=9.630e-06
[train] step=3700 loss=0.019260 lr=9.630e-06
[train] step=3701 loss=0.012731 lr=9.630e-06
[train] step=3702 loss=0.011225 lr=9.630e-06
[train] step=3703 loss=0.018753 lr=9.629e-06
[train] step=3704 loss=0.007790 lr=9.629e-06
[train] step=3705 loss=0.009786 lr=9.629e-06
[train] step=3706 loss=0.027796 lr=9.629e-06
[train] step=3707 loss=0.005451 lr=9.629e-06
[train] step=3708 loss=0.015461 lr=9.628e-06
[train] step=3709 loss=0.016986 lr=9.628e-06
[train] step=3710 loss=0.006404 lr=9.628e-06
[train] step=3711 loss=0.014651 lr=9.628e-06
[train] step=3712 loss=0.110404 lr=9.628e-06
[train] step=3713 loss=0.009410 lr=9.627e-06
[train] step=3714 loss=0.008306 lr=9.627e-06
[train] step=3715 loss=0.016732 lr=9.627e-06
[train] step=3716 loss=0.007270 lr=9.627e-06
[train] step=3717 loss=0.006767 lr=9.627e-06
[train] step=3718 loss=0.007358 lr=9.626e-06
[train] step=3719 loss=0.008528 lr=9.626e-06
[train] step=3720 loss=0.016116 lr=9.626e-06
INFO     [rank 0] Model weights for step 3720 saved in       dit_trainer.py:1288
         checkpoints/model_weights_step_03720.safetensors                       
INFO     [rank 0] Scalar embedding weights for step 3720     dit_trainer.py:1297
         saved                                                                  
INFO     [rank 0] Training state saved:                      dit_trainer.py:1416
         checkpoints/model_weights_step_03720.state.pt                          
DEBUG    [rank 0] Removed old checkpoint:                    dit_trainer.py:1429
         /local/disk/hramachandran/work/wh_work/windinet/dit                    
         _outputs/lundquist/dit_sds_untrained_30k/checkpoint                    
         s/model_weights_step_03480.safetensors                                 
DEBUG    [rank 0] Removed old checkpoint:                    dit_trainer.py:1429
         /local/disk/hramachandran/work/wh_work/windinet/dit                    
         _outputs/lundquist/dit_sds_untrained_30k/checkpoint                    
         s/scalar_embedding_step_03480.safetensors                              
DEBUG    [rank 0] Removed optimizer state for older kept     dit_trainer.py:1444
         checkpoint:                                                            
         /local/disk/hramachandran/work/wh_work/windinet/dit                    
         _outputs/lundquist/dit_sds_untrained_30k/checkpoint                    
         s/model_weights_step_03600.state.pt                                    
[epoch 31] step=3720 train_loss=0.015147
[train] step=3721 loss=0.025769 lr=9.626e-06
[train] step=3722 loss=0.006124 lr=9.626e-06
[train] step=3723 loss=0.008583 lr=9.625e-06
[train] step=3724 loss=0.014894 lr=9.625e-06
[train] step=3725 loss=0.018996 lr=9.625e-06
[train] step=3726 loss=0.010550 lr=9.625e-06
[train] step=3727 loss=0.013880 lr=9.625e-06
[train] step=3728 loss=0.013807 lr=9.624e-06
[train] step=3729 loss=0.006751 lr=9.624e-06
[train] step=3730 loss=0.005460 lr=9.624e-06
[train] step=3731 loss=0.009387 lr=9.624e-06
[train] step=3732 loss=0.008813 lr=9.624e-06
[train] step=3733 loss=0.019797 lr=9.623e-06
[train] step=3734 loss=0.011369 lr=9.623e-06
[train] step=3735 loss=0.009981 lr=9.623e-06
[train] step=3736 loss=0.018646 lr=9.623e-06
[train] step=3737 loss=0.018452 lr=9.623e-06
[train] step=3738 loss=0.010791 lr=9.622e-06
[train] step=3739 loss=0.008635 lr=9.622e-06
[train] step=3740 loss=0.017212 lr=9.622e-06
[train] step=3741 loss=0.011978 lr=9.622e-06
[train] step=3742 loss=0.008030 lr=9.622e-06
[train] step=3743 loss=0.007455 lr=9.621e-06
[train] step=3744 loss=0.008325 lr=9.621e-06
[train] step=3745 loss=0.013790 lr=9.621e-06
[train] step=3746 loss=0.011188 lr=9.621e-06
[train] step=3747 loss=0.012498 lr=9.621e-06
[train] step=3748 loss=0.007380 lr=9.620e-06
[train] step=3749 loss=0.007079 lr=9.620e-06
[train] step=3750 loss=0.007242 lr=9.620e-06
[train] step=3751 loss=0.007930 lr=9.620e-06
[train] step=3752 loss=0.024741 lr=9.620e-06
[train] step=3753 loss=0.022467 lr=9.619e-06
[train] step=3754 loss=0.015233 lr=9.619e-06
[train] step=3755 loss=0.034846 lr=9.619e-06
[train] step=3756 loss=0.008484 lr=9.619e-06
[train] step=3757 loss=0.014756 lr=9.619e-06
[train] step=3758 loss=0.007110 lr=9.618e-06
[train] step=3759 loss=0.009615 lr=9.618e-06
[train] step=3760 loss=0.010660 lr=9.618e-06
[train] step=3761 loss=0.011713 lr=9.618e-06
[train] step=3762 loss=0.087107 lr=9.618e-06
[train] step=3763 loss=0.007522 lr=9.617e-06
[train] step=3764 loss=0.007565 lr=9.617e-06
[train] step=3765 loss=0.027103 lr=9.617e-06
[train] step=3766 loss=0.004491 lr=9.617e-06
[train] step=3767 loss=0.004643 lr=9.617e-06
[train] step=3768 loss=0.018232 lr=9.616e-06
[train] step=3769 loss=0.022816 lr=9.616e-06
[train] step=3770 loss=0.008985 lr=9.616e-06
[train] step=3771 loss=0.008946 lr=9.616e-06
[train] step=3772 loss=0.009843 lr=9.616e-06
[train] step=3773 loss=0.016871 lr=9.615e-06
[train] step=3774 loss=0.005233 lr=9.615e-06
[train] step=3775 loss=0.018381 lr=9.615e-06
[train] step=3776 loss=0.023380 lr=9.615e-06
[train] step=3777 loss=0.005008 lr=9.615e-06
[train] step=3778 loss=0.009331 lr=9.614e-06
[train] step=3779 loss=0.043463 lr=9.614e-06
[train] step=3780 loss=0.008486 lr=9.614e-06
[train] step=3781 loss=0.012308 lr=9.614e-06
[train] step=3782 loss=0.009377 lr=9.614e-06
[train] step=3783 loss=0.020441 lr=9.613e-06
[train] step=3784 loss=0.011240 lr=9.613e-06
[train] step=3785 loss=0.012748 lr=9.613e-06
[train] step=3786 loss=0.014227 lr=9.613e-06
[train] step=3787 loss=0.021777 lr=9.613e-06
[train] step=3788 loss=0.010658 lr=9.612e-06
[train] step=3789 loss=0.013805 lr=9.612e-06
[train] step=3790 loss=0.011199 lr=9.612e-06
[train] step=3791 loss=0.007936 lr=9.612e-06
[train] step=3792 loss=0.008952 lr=9.612e-06
[train] step=3793 loss=0.020479 lr=9.611e-06
[train] step=3794 loss=0.016171 lr=9.611e-06
[train] step=3795 loss=0.008334 lr=9.611e-06
[train] step=3796 loss=0.009186 lr=9.611e-06
[train] step=3797 loss=0.008245 lr=9.611e-06
[train] step=3798 loss=0.008710 lr=9.610e-06
[train] step=3799 loss=0.019955 lr=9.610e-06
[train] step=3800 loss=0.016852 lr=9.610e-06
[train] step=3801 loss=0.005962 lr=9.610e-06
[train] step=3802 loss=0.043815 lr=9.610e-06
[train] step=3803 loss=0.007276 lr=9.609e-06
[train] step=3804 loss=0.007790 lr=9.609e-06
[train] step=3805 loss=0.017512 lr=9.609e-06
[train] step=3806 loss=0.019688 lr=9.609e-06
[train] step=3807 loss=0.009196 lr=9.608e-06
[train] step=3808 loss=0.008814 lr=9.608e-06
[train] step=3809 loss=0.010151 lr=9.608e-06
[train] step=3810 loss=0.027376 lr=9.608e-06
[train] step=3811 loss=0.011060 lr=9.608e-06
[train] step=3812 loss=0.010704 lr=9.607e-06
[train] step=3813 loss=0.015189 lr=9.607e-06
[train] step=3814 loss=0.016027 lr=9.607e-06
[train] step=3815 loss=0.003914 lr=9.607e-06
[train] step=3816 loss=0.008836 lr=9.607e-06
[train] step=3817 loss=0.007712 lr=9.606e-06
[train] step=3818 loss=0.012204 lr=9.606e-06
[train] step=3819 loss=0.016951 lr=9.606e-06
[train] step=3820 loss=0.029029 lr=9.606e-06
[train] step=3821 loss=0.022967 lr=9.606e-06
[train] step=3822 loss=0.011508 lr=9.605e-06
[train] step=3823 loss=0.008341 lr=9.605e-06
[train] step=3824 loss=0.007968 lr=9.605e-06
[train] step=3825 loss=0.007441 lr=9.605e-06
[train] step=3826 loss=0.007733 lr=9.605e-06
[train] step=3827 loss=0.016473 lr=9.604e-06
[train] step=3828 loss=0.007527 lr=9.604e-06
[train] step=3829 loss=0.011214 lr=9.604e-06
[train] step=3830 loss=0.010834 lr=9.604e-06
[train] step=3831 loss=0.015719 lr=9.604e-06
[train] step=3832 loss=0.014309 lr=9.603e-06
[train] step=3833 loss=0.018819 lr=9.603e-06
[train] step=3834 loss=0.008392 lr=9.603e-06
[train] step=3835 loss=0.010452 lr=9.603e-06
[train] step=3836 loss=0.018965 lr=9.603e-06
[train] step=3837 loss=0.024322 lr=9.602e-06
[train] step=3838 loss=0.011229 lr=9.602e-06
[train] step=3839 loss=0.006554 lr=9.602e-06
[train] step=3840 loss=0.014511 lr=9.602e-06
INFO     [rank 0] Model weights for step 3840 saved in       dit_trainer.py:1288
         checkpoints/model_weights_step_03840.safetensors                       
INFO     [rank 0] Scalar embedding weights for step 3840     dit_trainer.py:1297
         saved                                                                  
INFO     [rank 0] Training state saved:                      dit_trainer.py:1416
         checkpoints/model_weights_step_03840.state.pt                          
DEBUG    [rank 0] Removed old checkpoint:                    dit_trainer.py:1429
         /local/disk/hramachandran/work/wh_work/windinet/dit                    
         _outputs/lundquist/dit_sds_untrained_30k/checkpoint                    
         s/model_weights_step_03600.safetensors                                 
DEBUG    [rank 0] Removed old checkpoint:                    dit_trainer.py:1429
         /local/disk/hramachandran/work/wh_work/windinet/dit                    
         _outputs/lundquist/dit_sds_untrained_30k/checkpoint                    
         s/scalar_embedding_step_03600.safetensors                              
DEBUG    [rank 0] Removed optimizer state for older kept     dit_trainer.py:1444
         checkpoint:                                                            
         /local/disk/hramachandran/work/wh_work/windinet/dit                    
         _outputs/lundquist/dit_sds_untrained_30k/checkpoint                    
         s/model_weights_step_03720.state.pt                                    
[epoch 32] step=3840 train_loss=0.013888
[train] step=3841 loss=0.013818 lr=9.602e-06
[train] step=3842 loss=0.010503 lr=9.601e-06
[train] step=3843 loss=0.005359 lr=9.601e-06
[train] step=3844 loss=0.010581 lr=9.601e-06
[train] step=3845 loss=0.020295 lr=9.601e-06
[train] step=3846 loss=0.014019 lr=9.601e-06
[train] step=3847 loss=0.023276 lr=9.600e-06
[train] step=3848 loss=0.021775 lr=9.600e-06
[train] step=3849 loss=0.011830 lr=9.600e-06
[train] step=3850 loss=0.012556 lr=9.600e-06
[train] step=3851 loss=0.024070 lr=9.600e-06
[train] step=3852 loss=0.006775 lr=9.599e-06
[train] step=3853 loss=0.017940 lr=9.599e-06
[train] step=3854 loss=0.007791 lr=9.599e-06
[train] step=3855 loss=0.013478 lr=9.599e-06
[train] step=3856 loss=0.007223 lr=9.598e-06
[train] step=3857 loss=0.032369 lr=9.598e-06
[train] step=3858 loss=0.008022 lr=9.598e-06
[train] step=3859 loss=0.011235 lr=9.598e-06
[train] step=3860 loss=0.010507 lr=9.598e-06
[train] step=3861 loss=0.014160 lr=9.597e-06
[train] step=3862 loss=0.011175 lr=9.597e-06
[train] step=3863 loss=0.008271 lr=9.597e-06
[train] step=3864 loss=0.011573 lr=9.597e-06
[train] step=3865 loss=0.013777 lr=9.597e-06
[train] step=3866 loss=0.044336 lr=9.596e-06
[train] step=3867 loss=0.024116 lr=9.596e-06
[train] step=3868 loss=0.005190 lr=9.596e-06
[train] step=3869 loss=0.009452 lr=9.596e-06
[train] step=3870 loss=0.028311 lr=9.596e-06
[train] step=3871 loss=0.004758 lr=9.595e-06
[train] step=3872 loss=0.004379 lr=9.595e-06
[train] step=3873 loss=0.012916 lr=9.595e-06
[train] step=3874 loss=0.013037 lr=9.595e-06
[train] step=3875 loss=0.009640 lr=9.595e-06
[train] step=3876 loss=0.028284 lr=9.594e-06
[train] step=3877 loss=0.010217 lr=9.594e-06
[train] step=3878 loss=0.009074 lr=9.594e-06
[train] step=3879 loss=0.008310 lr=9.594e-06
[train] step=3880 loss=0.010752 lr=9.594e-06
[train] step=3881 loss=0.013303 lr=9.593e-06
[train] step=3882 loss=0.010279 lr=9.593e-06
[train] step=3883 loss=0.010168 lr=9.593e-06
[train] step=3884 loss=0.018136 lr=9.593e-06
[train] step=3885 loss=0.016783 lr=9.593e-06
[train] step=3886 loss=0.014573 lr=9.592e-06
[train] step=3887 loss=0.007786 lr=9.592e-06
[train] step=3888 loss=0.007634 lr=9.592e-06
[train] step=3889 loss=0.020134 lr=9.592e-06
[train] step=3890 loss=0.022769 lr=9.591e-06
[train] step=3891 loss=0.017922 lr=9.591e-06
[train] step=3892 loss=0.011593 lr=9.591e-06
[train] step=3893 loss=0.005617 lr=9.591e-06
[train] step=3894 loss=0.008380 lr=9.591e-06
[train] step=3895 loss=0.019178 lr=9.590e-06
[train] step=3896 loss=0.006655 lr=9.590e-06
[train] step=3897 loss=0.011748 lr=9.590e-06
[train] step=3898 loss=0.011219 lr=9.590e-06
[train] step=3899 loss=0.015355 lr=9.590e-06
[train] step=3900 loss=0.005996 lr=9.589e-06
[train] step=3901 loss=0.005056 lr=9.589e-06
[train] step=3902 loss=0.027070 lr=9.589e-06
[train] step=3903 loss=0.006195 lr=9.589e-06
[train] step=3904 loss=0.005470 lr=9.589e-06
[train] step=3905 loss=0.009576 lr=9.588e-06
[train] step=3906 loss=0.010751 lr=9.588e-06
[train] step=3907 loss=0.026878 lr=9.588e-06
[train] step=3908 loss=0.013298 lr=9.588e-06
[train] step=3909 loss=0.007716 lr=9.588e-06
[train] step=3910 loss=0.008123 lr=9.587e-06
[train] step=3911 loss=0.022906 lr=9.587e-06
[train] step=3912 loss=0.009204 lr=9.587e-06
[train] step=3913 loss=0.013002 lr=9.587e-06
[train] step=3914 loss=0.009784 lr=9.586e-06
[train] step=3915 loss=0.007360 lr=9.586e-06
[train] step=3916 loss=0.008920 lr=9.586e-06
[train] step=3917 loss=0.029392 lr=9.586e-06
[train] step=3918 loss=0.010253 lr=9.586e-06
[train] step=3919 loss=0.018311 lr=9.585e-06
[train] step=3920 loss=0.019784 lr=9.585e-06
[train] step=3921 loss=0.016739 lr=9.585e-06
[train] step=3922 loss=0.006776 lr=9.585e-06
[train] step=3923 loss=0.018471 lr=9.585e-06
[train] step=3924 loss=0.022190 lr=9.584e-06
[train] step=3925 loss=0.008563 lr=9.584e-06
[train] step=3926 loss=0.006676 lr=9.584e-06
[train] step=3927 loss=0.004590 lr=9.584e-06
[train] step=3928 loss=0.009626 lr=9.584e-06
[train] step=3929 loss=0.006667 lr=9.583e-06
[train] step=3930 loss=0.031041 lr=9.583e-06
[train] step=3931 loss=0.097487 lr=9.583e-06
[train] step=3932 loss=0.011033 lr=9.583e-06
[train] step=3933 loss=0.004166 lr=9.583e-06
[train] step=3934 loss=0.008363 lr=9.582e-06
[train] step=3935 loss=0.015376 lr=9.582e-06
[train] step=3936 loss=0.016046 lr=9.582e-06
[train] step=3937 loss=0.009703 lr=9.582e-06
[train] step=3938 loss=0.006078 lr=9.581e-06
[train] step=3939 loss=0.008485 lr=9.581e-06
[train] step=3940 loss=0.009379 lr=9.581e-06
[train] step=3941 loss=0.007734 lr=9.581e-06
[train] step=3942 loss=0.014632 lr=9.581e-06
[train] step=3943 loss=0.023832 lr=9.580e-06
[train] step=3944 loss=0.030857 lr=9.580e-06
[train] step=3945 loss=0.003897 lr=9.580e-06
[train] step=3946 loss=0.011556 lr=9.580e-06
[train] step=3947 loss=0.014326 lr=9.580e-06
[train] step=3948 loss=0.010812 lr=9.579e-06
[train] step=3949 loss=0.009705 lr=9.579e-06
[train] step=3950 loss=0.020086 lr=9.579e-06
[train] step=3951 loss=0.006184 lr=9.579e-06
[train] step=3952 loss=0.066196 lr=9.579e-06
[train] step=3953 loss=0.010132 lr=9.578e-06
[train] step=3954 loss=0.009721 lr=9.578e-06
[train] step=3955 loss=0.010317 lr=9.578e-06
[train] step=3956 loss=0.005700 lr=9.578e-06
[train] step=3957 loss=0.004724 lr=9.577e-06
[train] step=3958 loss=0.009572 lr=9.577e-06
[train] step=3959 loss=0.006728 lr=9.577e-06
[train] step=3960 loss=0.019146 lr=9.577e-06
INFO     [rank 0] Model weights for step 3960 saved in       dit_trainer.py:1288
         checkpoints/model_weights_step_03960.safetensors                       
INFO     [rank 0] Scalar embedding weights for step 3960     dit_trainer.py:1297
         saved                                                                  
INFO     [rank 0] Training state saved:                      dit_trainer.py:1416
         checkpoints/model_weights_step_03960.state.pt                          
DEBUG    [rank 0] Removed old checkpoint:                    dit_trainer.py:1429
         /local/disk/hramachandran/work/wh_work/windinet/dit                    
         _outputs/lundquist/dit_sds_untrained_30k/checkpoint                    
         s/model_weights_step_03720.safetensors                                 
DEBUG    [rank 0] Removed old checkpoint:                    dit_trainer.py:1429
         /local/disk/hramachandran/work/wh_work/windinet/dit                    
         _outputs/lundquist/dit_sds_untrained_30k/checkpoint                    
         s/scalar_embedding_step_03720.safetensors                              
DEBUG    [rank 0] Removed optimizer state for older kept     dit_trainer.py:1444
         checkpoint:                                                            
         /local/disk/hramachandran/work/wh_work/windinet/dit                    
         _outputs/lundquist/dit_sds_untrained_30k/checkpoint                    
         s/model_weights_step_03840.state.pt                                    
[epoch 33] step=3960 train_loss=0.014151
[train] step=3961 loss=0.041299 lr=9.577e-06
[train] step=3962 loss=0.007641 lr=9.576e-06
[train] step=3963 loss=0.017999 lr=9.576e-06
[train] step=3964 loss=0.013418 lr=9.576e-06
[train] step=3965 loss=0.010500 lr=9.576e-06
[train] step=3966 loss=0.022560 lr=9.576e-06
[train] step=3967 loss=0.013687 lr=9.575e-06
[train] step=3968 loss=0.012315 lr=9.575e-06
[train] step=3969 loss=0.033423 lr=9.575e-06
[train] step=3970 loss=0.017056 lr=9.575e-06
[train] step=3971 loss=0.011419 lr=9.575e-06
[train] step=3972 loss=0.011376 lr=9.574e-06
[train] step=3973 loss=0.008719 lr=9.574e-06
[train] step=3974 loss=0.018435 lr=9.574e-06
[train] step=3975 loss=0.014058 lr=9.574e-06
[train] step=3976 loss=0.005460 lr=9.573e-06
[train] step=3977 loss=0.021476 lr=9.573e-06
[train] step=3978 loss=0.018961 lr=9.573e-06
[train] step=3979 loss=0.010542 lr=9.573e-06
[train] step=3980 loss=0.011927 lr=9.573e-06
[train] step=3981 loss=0.011086 lr=9.572e-06
[train] step=3982 loss=0.011574 lr=9.572e-06
[train] step=3983 loss=0.011255 lr=9.572e-06
[train] step=3984 loss=0.008098 lr=9.572e-06
[train] step=3985 loss=0.012368 lr=9.572e-06
[train] step=3986 loss=0.015910 lr=9.571e-06
[train] step=3987 loss=0.014999 lr=9.571e-06
[train] step=3988 loss=0.117289 lr=9.571e-06
[train] step=3989 loss=0.009632 lr=9.571e-06
[train] step=3990 loss=0.020493 lr=9.570e-06
[train] step=3991 loss=0.004050 lr=9.570e-06
[train] step=3992 loss=0.022717 lr=9.570e-06
[train] step=3993 loss=0.014762 lr=9.570e-06
[train] step=3994 loss=0.021752 lr=9.570e-06
[train] step=3995 loss=0.012466 lr=9.569e-06
[train] step=3996 loss=0.010363 lr=9.569e-06
[train] step=3997 loss=0.010036 lr=9.569e-06
[train] step=3998 loss=0.009242 lr=9.569e-06
[train] step=3999 loss=0.012019 lr=9.569e-06
[train] step=4000 loss=0.011287 lr=9.568e-06
INFO     [rank 0] Saved DiT visualization panels for    dit_visualization.py:418
         step 4000 (3 samples x 4 frames);                                      
         latent_vrmse=0.07827 pixel_vrmse=0.46052 ->                            
         /local/disk/hramachandran/work/wh_work/windine                         
         t/dit_outputs/lundquist/dit_sds_untrained_30k/                         
         dit_vrmse_metrics.csv,                                                 
         /local/disk/hramachandran/work/wh_work/windine                         
         t/dit_outputs/lundquist/dit_sds_untrained_30k/                         
         dit_vrmse_curve.png                                                    
[train] step=4001 loss=0.005614 lr=9.568e-06
[train] step=4002 loss=0.026736 lr=9.568e-06
[train] step=4003 loss=0.006470 lr=9.568e-06
[train] step=4004 loss=0.011047 lr=9.568e-06
[train] step=4005 loss=0.009311 lr=9.567e-06
[train] step=4006 loss=0.017230 lr=9.567e-06
[train] step=4007 loss=0.014584 lr=9.567e-06
[train] step=4008 loss=0.033614 lr=9.567e-06
[train] step=4009 loss=0.012197 lr=9.566e-06
[train] step=4010 loss=0.009573 lr=9.566e-06
[train] step=4011 loss=0.014082 lr=9.566e-06
[train] step=4012 loss=0.009526 lr=9.566e-06
[train] step=4013 loss=0.050339 lr=9.566e-06
[train] step=4014 loss=0.028731 lr=9.565e-06
[train] step=4015 loss=0.017163 lr=9.565e-06
[train] step=4016 loss=0.011638 lr=9.565e-06
[train] step=4017 loss=0.010586 lr=9.565e-06
[train] step=4018 loss=0.006135 lr=9.565e-06
[train] step=4019 loss=0.010952 lr=9.564e-06
[train] step=4020 loss=0.009380 lr=9.564e-06
[train] step=4021 loss=0.051549 lr=9.564e-06
[train] step=4022 loss=0.038799 lr=9.564e-06
[train] step=4023 loss=0.011065 lr=9.563e-06
[train] step=4024 loss=0.007817 lr=9.563e-06
[train] step=4025 loss=0.009442 lr=9.563e-06
[train] step=4026 loss=0.009198 lr=9.563e-06
[train] step=4027 loss=0.011641 lr=9.563e-06
[train] step=4028 loss=0.006659 lr=9.562e-06
[train] step=4029 loss=0.012749 lr=9.562e-06
[train] step=4030 loss=0.006806 lr=9.562e-06
[train] step=4031 loss=0.013578 lr=9.562e-06
[train] step=4032 loss=0.022990 lr=9.562e-06
[train] step=4033 loss=0.028517 lr=9.561e-06
[train] step=4034 loss=0.009652 lr=9.561e-06
[train] step=4035 loss=0.007817 lr=9.561e-06
[train] step=4036 loss=0.005140 lr=9.561e-06
[train] step=4037 loss=0.006715 lr=9.560e-06
[train] step=4038 loss=0.007335 lr=9.560e-06
[train] step=4039 loss=0.012147 lr=9.560e-06
[train] step=4040 loss=0.020081 lr=9.560e-06
[train] step=4041 loss=0.016030 lr=9.560e-06
[train] step=4042 loss=0.007362 lr=9.559e-06
[train] step=4043 loss=0.016597 lr=9.559e-06
[train] step=4044 loss=0.016091 lr=9.559e-06
[train] step=4045 loss=0.009615 lr=9.559e-06
[train] step=4046 loss=0.020267 lr=9.559e-06
[train] step=4047 loss=0.014063 lr=9.558e-06
[train] step=4048 loss=0.008762 lr=9.558e-06
[train] step=4049 loss=0.004832 lr=9.558e-06
[train] step=4050 loss=0.010613 lr=9.558e-06
[train] step=4051 loss=0.028096 lr=9.557e-06
[train] step=4052 loss=0.012372 lr=9.557e-06
[train] step=4053 loss=0.033850 lr=9.557e-06
[train] step=4054 loss=0.007985 lr=9.557e-06
[train] step=4055 loss=0.009082 lr=9.557e-06
[train] step=4056 loss=0.005354 lr=9.556e-06
[train] step=4057 loss=0.013039 lr=9.556e-06
[train] step=4058 loss=0.013129 lr=9.556e-06
[train] step=4059 loss=0.014071 lr=9.556e-06
[train] step=4060 loss=0.004735 lr=9.556e-06
[train] step=4061 loss=0.023903 lr=9.555e-06
[train] step=4062 loss=0.016501 lr=9.555e-06
[train] step=4063 loss=0.047029 lr=9.555e-06
[train] step=4064 loss=0.009882 lr=9.555e-06
[train] step=4065 loss=0.009921 lr=9.554e-06
[train] step=4066 loss=0.016075 lr=9.554e-06
[train] step=4067 loss=0.008463 lr=9.554e-06
[train] step=4068 loss=0.009021 lr=9.554e-06
[train] step=4069 loss=0.007597 lr=9.554e-06
[train] step=4070 loss=0.009437 lr=9.553e-06
[train] step=4071 loss=0.007310 lr=9.553e-06
[train] step=4072 loss=0.015361 lr=9.553e-06
[train] step=4073 loss=0.008204 lr=9.553e-06
[train] step=4074 loss=0.009203 lr=9.552e-06
[train] step=4075 loss=0.007349 lr=9.552e-06
[train] step=4076 loss=0.027097 lr=9.552e-06
[train] step=4077 loss=0.018461 lr=9.552e-06
[train] step=4078 loss=0.007571 lr=9.552e-06
[train] step=4079 loss=0.015259 lr=9.551e-06
[train] step=4080 loss=0.012363 lr=9.551e-06
INFO     [rank 0] Model weights for step 4080 saved in       dit_trainer.py:1288
         checkpoints/model_weights_step_04080.safetensors                       
INFO     [rank 0] Scalar embedding weights for step 4080     dit_trainer.py:1297
         saved                                                                  
INFO     [rank 0] Training state saved:                      dit_trainer.py:1416
         checkpoints/model_weights_step_04080.state.pt                          
DEBUG    [rank 0] Removed old checkpoint:                    dit_trainer.py:1429
         /local/disk/hramachandran/work/wh_work/windinet/dit                    
         _outputs/lundquist/dit_sds_untrained_30k/checkpoint                    
         s/model_weights_step_03840.safetensors                                 
DEBUG    [rank 0] Removed old checkpoint:                    dit_trainer.py:1429
         /local/disk/hramachandran/work/wh_work/windinet/dit                    
         _outputs/lundquist/dit_sds_untrained_30k/checkpoint                    
         s/scalar_embedding_step_03840.safetensors                              
DEBUG    [rank 0] Removed optimizer state for older kept     dit_trainer.py:1444
         checkpoint:                                                            
         /local/disk/hramachandran/work/wh_work/windinet/dit                    
         _outputs/lundquist/dit_sds_untrained_30k/checkpoint                    
         s/model_weights_step_03960.state.pt                                    
[epoch 34] step=4080 train_loss=0.015475
[train] step=4081 loss=0.009900 lr=9.551e-06
[train] step=4082 loss=0.034850 lr=9.551e-06
[train] step=4083 loss=0.012942 lr=9.551e-06
[train] step=4084 loss=0.015656 lr=9.550e-06
[train] step=4085 loss=0.009783 lr=9.550e-06
[train] step=4086 loss=0.006823 lr=9.550e-06
[train] step=4087 loss=0.024969 lr=9.550e-06
[train] step=4088 loss=0.006813 lr=9.549e-06
[train] step=4089 loss=0.008610 lr=9.549e-06
[train] step=4090 loss=0.005825 lr=9.549e-06
[train] step=4091 loss=0.009082 lr=9.549e-06
[train] step=4092 loss=0.010360 lr=9.549e-06
[train] step=4093 loss=0.031660 lr=9.548e-06
[train] step=4094 loss=0.009842 lr=9.548e-06
[train] step=4095 loss=0.007407 lr=9.548e-06
[train] step=4096 loss=0.005101 lr=9.548e-06
[train] step=4097 loss=0.008281 lr=9.548e-06
[train] step=4098 loss=0.011245 lr=9.547e-06
[train] step=4099 loss=0.014386 lr=9.547e-06
[train] step=4100 loss=0.014153 lr=9.547e-06
[train] step=4101 loss=0.010543 lr=9.547e-06
[train] step=4102 loss=0.032612 lr=9.546e-06
[train] step=4103 loss=0.019176 lr=9.546e-06
[train] step=4104 loss=0.020089 lr=9.546e-06
[train] step=4105 loss=0.006632 lr=9.546e-06
[train] step=4106 loss=0.024392 lr=9.546e-06
[train] step=4107 loss=0.008219 lr=9.545e-06
[train] step=4108 loss=0.011754 lr=9.545e-06
[train] step=4109 loss=0.007930 lr=9.545e-06
[train] step=4110 loss=0.032293 lr=9.545e-06
[train] step=4111 loss=0.007937 lr=9.544e-06
[train] step=4112 loss=0.010148 lr=9.544e-06
[train] step=4113 loss=0.005227 lr=9.544e-06
[train] step=4114 loss=0.007004 lr=9.544e-06
[train] step=4115 loss=0.015390 lr=9.544e-06
[train] step=4116 loss=0.012017 lr=9.543e-06
[train] step=4117 loss=0.007772 lr=9.543e-06
[train] step=4118 loss=0.007900 lr=9.543e-06
[train] step=4119 loss=0.006681 lr=9.543e-06
[train] step=4120 loss=0.029076 lr=9.542e-06
[train] step=4121 loss=0.010711 lr=9.542e-06
[train] step=4122 loss=0.010694 lr=9.542e-06
[train] step=4123 loss=0.009726 lr=9.542e-06
[train] step=4124 loss=0.013714 lr=9.542e-06
[train] step=4125 loss=0.008315 lr=9.541e-06
[train] step=4126 loss=0.011157 lr=9.541e-06
[train] step=4127 loss=0.008069 lr=9.541e-06
[train] step=4128 loss=0.008353 lr=9.541e-06
[train] step=4129 loss=0.010674 lr=9.541e-06
[train] step=4130 loss=0.005240 lr=9.540e-06
[train] step=4131 loss=0.005014 lr=9.540e-06
[train] step=4132 loss=0.011779 lr=9.540e-06
[train] step=4133 loss=0.029611 lr=9.540e-06
[train] step=4134 loss=0.021088 lr=9.539e-06
[train] step=4135 loss=0.021048 lr=9.539e-06
[train] step=4136 loss=0.006417 lr=9.539e-06
[train] step=4137 loss=0.010974 lr=9.539e-06
[train] step=4138 loss=0.007628 lr=9.539e-06
[train] step=4139 loss=0.004607 lr=9.538e-06
[train] step=4140 loss=0.007949 lr=9.538e-06
[train] step=4141 loss=0.007547 lr=9.538e-06
[train] step=4142 loss=0.025634 lr=9.538e-06
[train] step=4143 loss=0.040003 lr=9.537e-06
[train] step=4144 loss=0.003491 lr=9.537e-06
[train] step=4145 loss=0.007889 lr=9.537e-06
[train] step=4146 loss=0.012289 lr=9.537e-06
[train] step=4147 loss=0.008812 lr=9.537e-06
[train] step=4148 loss=0.005615 lr=9.536e-06
[train] step=4149 loss=0.012886 lr=9.536e-06
[train] step=4150 loss=0.015059 lr=9.536e-06
[train] step=4151 loss=0.008044 lr=9.536e-06
[train] step=4152 loss=0.008296 lr=9.535e-06
[train] step=4153 loss=0.010564 lr=9.535e-06
[train] step=4154 loss=0.012599 lr=9.535e-06
[train] step=4155 loss=0.059817 lr=9.535e-06
[train] step=4156 loss=0.007213 lr=9.535e-06
[train] step=4157 loss=0.005699 lr=9.534e-06
[train] step=4158 loss=0.021251 lr=9.534e-06
[train] step=4159 loss=0.017038 lr=9.534e-06
[train] step=4160 loss=0.004907 lr=9.534e-06
[train] step=4161 loss=0.009248 lr=9.533e-06
[train] step=4162 loss=0.005165 lr=9.533e-06
[train] step=4163 loss=0.053714 lr=9.533e-06
[train] step=4164 loss=0.006638 lr=9.533e-06
[train] step=4165 loss=0.020305 lr=9.533e-06
[train] step=4166 loss=0.006828 lr=9.532e-06
[train] step=4167 loss=0.019254 lr=9.532e-06
[train] step=4168 loss=0.006222 lr=9.532e-06
[train] step=4169 loss=0.011982 lr=9.532e-06
[train] step=4170 loss=0.014467 lr=9.531e-06
[train] step=4171 loss=0.019250 lr=9.531e-06
[train] step=4172 loss=0.020574 lr=9.531e-06
[train] step=4173 loss=0.026739 lr=9.531e-06
[train] step=4174 loss=0.008378 lr=9.531e-06
[train] step=4175 loss=0.009842 lr=9.530e-06
[train] step=4176 loss=0.009177 lr=9.530e-06
[train] step=4177 loss=0.009945 lr=9.530e-06
[train] step=4178 loss=0.015701 lr=9.530e-06
[train] step=4179 loss=0.013261 lr=9.529e-06
[train] step=4180 loss=0.010793 lr=9.529e-06
[train] step=4181 loss=0.024650 lr=9.529e-06
[train] step=4182 loss=0.017869 lr=9.529e-06
[train] step=4183 loss=0.008610 lr=9.529e-06
[train] step=4184 loss=0.009632 lr=9.528e-06
[train] step=4185 loss=0.012106 lr=9.528e-06
[train] step=4186 loss=0.010170 lr=9.528e-06
[train] step=4187 loss=0.014823 lr=9.528e-06
[train] step=4188 loss=0.006883 lr=9.528e-06
[train] step=4189 loss=0.016028 lr=9.527e-06
[train] step=4190 loss=0.008555 lr=9.527e-06
[train] step=4191 loss=0.003586 lr=9.527e-06
[train] step=4192 loss=0.012935 lr=9.527e-06
[train] step=4193 loss=0.018001 lr=9.526e-06
[train] step=4194 loss=0.007489 lr=9.526e-06
[train] step=4195 loss=0.055453 lr=9.526e-06
[train] step=4196 loss=0.016876 lr=9.526e-06
[train] step=4197 loss=0.008577 lr=9.526e-06
[train] step=4198 loss=0.013530 lr=9.525e-06
[train] step=4199 loss=0.009463 lr=9.525e-06
[train] step=4200 loss=0.007036 lr=9.525e-06
[val] step=4200 val_loss=0.013678
INFO     [rank 0] Model weights for step 4200 saved in       dit_trainer.py:1288
         checkpoints/model_weights_step_04200.safetensors                       
INFO     [rank 0] Scalar embedding weights for step 4200     dit_trainer.py:1297
         saved                                                                  
INFO     [rank 0] Training state saved:                      dit_trainer.py:1416
         checkpoints/model_weights_step_04200.state.pt                          
INFO     [rank 0] New best checkpoint (step 4200,            dit_trainer.py:1320
         val_loss=0.013678):                                                    
         checkpoints/model_weights_best.safetensors                             
DEBUG    [rank 0] Removed old checkpoint:                    dit_trainer.py:1429
         /local/disk/hramachandran/work/wh_work/windinet/dit                    
         _outputs/lundquist/dit_sds_untrained_30k/checkpoint                    
         s/model_weights_step_03960.safetensors                                 
DEBUG    [rank 0] Removed old checkpoint:                    dit_trainer.py:1429
         /local/disk/hramachandran/work/wh_work/windinet/dit                    
         _outputs/lundquist/dit_sds_untrained_30k/checkpoint                    
         s/scalar_embedding_step_03960.safetensors                              
DEBUG    [rank 0] Removed optimizer state for older kept     dit_trainer.py:1444
         checkpoint:                                                            
         /local/disk/hramachandran/work/wh_work/windinet/dit                    
         _outputs/lundquist/dit_sds_untrained_30k/checkpoint                    
         s/model_weights_step_04080.state.pt                                    
[epoch 35] step=4200 train_loss=0.013692 val_loss=0.013678
[train] step=4201 loss=0.005956 lr=9.525e-06
[train] step=4202 loss=0.014910 lr=9.524e-06
[train] step=4203 loss=0.039352 lr=9.524e-06
[train] step=4204 loss=0.007139 lr=9.524e-06
[train] step=4205 loss=0.014295 lr=9.524e-06
[train] step=4206 loss=0.011166 lr=9.523e-06
[train] step=4207 loss=0.008531 lr=9.523e-06
[train] step=4208 loss=0.015904 lr=9.523e-06
[train] step=4209 loss=0.011482 lr=9.523e-06
[train] step=4210 loss=0.011233 lr=9.523e-06
[train] step=4211 loss=0.006872 lr=9.522e-06
[train] step=4212 loss=0.007499 lr=9.522e-06
[train] step=4213 loss=0.008849 lr=9.522e-06
[train] step=4214 loss=0.005949 lr=9.522e-06
[train] step=4215 loss=0.027360 lr=9.521e-06
[train] step=4216 loss=0.011093 lr=9.521e-06
[train] step=4217 loss=0.005933 lr=9.521e-06
[train] step=4218 loss=0.014956 lr=9.521e-06
[train] step=4219 loss=0.017015 lr=9.521e-06
[train] step=4220 loss=0.010817 lr=9.520e-06
[train] step=4221 loss=0.013480 lr=9.520e-06
[train] step=4222 loss=0.015687 lr=9.520e-06
[train] step=4223 loss=0.013978 lr=9.520e-06
[train] step=4224 loss=0.011898 lr=9.519e-06
[train] step=4225 loss=0.010387 lr=9.519e-06
[train] step=4226 loss=0.010626 lr=9.519e-06
[train] step=4227 loss=0.027131 lr=9.519e-06
[train] step=4228 loss=0.025317 lr=9.519e-06
[train] step=4229 loss=0.014134 lr=9.518e-06
[train] step=4230 loss=0.012503 lr=9.518e-06
[train] step=4231 loss=0.010986 lr=9.518e-06
[train] step=4232 loss=0.012988 lr=9.518e-06
[train] step=4233 loss=0.007825 lr=9.517e-06
[train] step=4234 loss=0.009022 lr=9.517e-06
[train] step=4235 loss=0.019810 lr=9.517e-06
[train] step=4236 loss=0.012322 lr=9.517e-06
[train] step=4237 loss=0.012370 lr=9.517e-06
[train] step=4238 loss=0.005086 lr=9.516e-06
[train] step=4239 loss=0.009157 lr=9.516e-06
[train] step=4240 loss=0.027013 lr=9.516e-06
[train] step=4241 loss=0.012330 lr=9.516e-06
[train] step=4242 loss=0.022974 lr=9.515e-06
[train] step=4243 loss=0.008014 lr=9.515e-06
[train] step=4244 loss=0.014465 lr=9.515e-06
[train] step=4245 loss=0.007230 lr=9.515e-06
[train] step=4246 loss=0.010125 lr=9.515e-06
[train] step=4247 loss=0.011894 lr=9.514e-06
[train] step=4248 loss=0.007869 lr=9.514e-06
[train] step=4249 loss=0.008855 lr=9.514e-06
[train] step=4250 loss=0.008057 lr=9.514e-06
[train] step=4251 loss=0.004900 lr=9.513e-06
[train] step=4252 loss=0.016339 lr=9.513e-06
[train] step=4253 loss=0.008124 lr=9.513e-06
[train] step=4254 loss=0.005661 lr=9.513e-06
[train] step=4255 loss=0.006162 lr=9.513e-06
[train] step=4256 loss=0.007306 lr=9.512e-06
[train] step=4257 loss=0.015019 lr=9.512e-06
[train] step=4258 loss=0.012143 lr=9.512e-06
[train] step=4259 loss=0.011025 lr=9.512e-06
[train] step=4260 loss=0.031114 lr=9.511e-06
[train] step=4261 loss=0.012141 lr=9.511e-06
[train] step=4262 loss=0.007111 lr=9.511e-06
[train] step=4263 loss=0.012292 lr=9.511e-06
[train] step=4264 loss=0.004664 lr=9.510e-06
[train] step=4265 loss=0.007735 lr=9.510e-06
[train] step=4266 loss=0.011555 lr=9.510e-06
[train] step=4267 loss=0.011463 lr=9.510e-06
[train] step=4268 loss=0.010217 lr=9.510e-06
[train] step=4269 loss=0.010217 lr=9.509e-06
[train] step=4270 loss=0.019370 lr=9.509e-06
[train] step=4271 loss=0.009223 lr=9.509e-06
[train] step=4272 loss=0.007736 lr=9.509e-06
[train] step=4273 loss=0.013719 lr=9.508e-06
[train] step=4274 loss=0.015887 lr=9.508e-06
[train] step=4275 loss=0.009741 lr=9.508e-06
[train] step=4276 loss=0.014589 lr=9.508e-06
[train] step=4277 loss=0.010068 lr=9.508e-06
[train] step=4278 loss=0.012546 lr=9.507e-06
[train] step=4279 loss=0.004811 lr=9.507e-06
[train] step=4280 loss=0.005409 lr=9.507e-06
[train] step=4281 loss=0.009516 lr=9.507e-06
[train] step=4282 loss=0.007741 lr=9.506e-06
[train] step=4283 loss=0.015212 lr=9.506e-06
[train] step=4284 loss=0.007411 lr=9.506e-06
[train] step=4285 loss=0.036023 lr=9.506e-06
[train] step=4286 loss=0.033975 lr=9.506e-06
[train] step=4287 loss=0.010041 lr=9.505e-06
[train] step=4288 loss=0.025132 lr=9.505e-06
[train] step=4289 loss=0.018350 lr=9.505e-06
[train] step=4290 loss=0.006266 lr=9.505e-06
[train] step=4291 loss=0.005357 lr=9.504e-06
[train] step=4292 loss=0.010307 lr=9.504e-06
[train] step=4293 loss=0.007012 lr=9.504e-06
[train] step=4294 loss=0.013800 lr=9.504e-06
[train] step=4295 loss=0.011072 lr=9.503e-06
[train] step=4296 loss=0.010645 lr=9.503e-06
[train] step=4297 loss=0.010409 lr=9.503e-06
[train] step=4298 loss=0.004900 lr=9.503e-06
[train] step=4299 loss=0.012097 lr=9.503e-06
[train] step=4300 loss=0.052099 lr=9.502e-06
[train] step=4301 loss=0.011081 lr=9.502e-06
[train] step=4302 loss=0.030770 lr=9.502e-06
[train] step=4303 loss=0.027167 lr=9.502e-06
[train] step=4304 loss=0.009309 lr=9.501e-06
[train] step=4305 loss=0.008287 lr=9.501e-06
[train] step=4306 loss=0.014575 lr=9.501e-06
[train] step=4307 loss=0.009738 lr=9.501e-06
[train] step=4308 loss=0.007712 lr=9.500e-06
[train] step=4309 loss=0.010010 lr=9.500e-06
[train] step=4310 loss=0.010449 lr=9.500e-06
[train] step=4311 loss=0.011813 lr=9.500e-06
[train] step=4312 loss=0.012500 lr=9.500e-06
[train] step=4313 loss=0.007314 lr=9.499e-06
[train] step=4314 loss=0.011056 lr=9.499e-06
[train] step=4315 loss=0.004365 lr=9.499e-06
[train] step=4316 loss=0.009226 lr=9.499e-06
[train] step=4317 loss=0.014477 lr=9.498e-06
[train] step=4318 loss=0.008064 lr=9.498e-06
[train] step=4319 loss=0.017072 lr=9.498e-06
[train] step=4320 loss=0.013636 lr=9.498e-06
INFO     [rank 0] Model weights for step 4320 saved in       dit_trainer.py:1288
         checkpoints/model_weights_step_04320.safetensors                       
INFO     [rank 0] Scalar embedding weights for step 4320     dit_trainer.py:1297
         saved                                                                  
INFO     [rank 0] Training state saved:                      dit_trainer.py:1416
         checkpoints/model_weights_step_04320.state.pt                          
DEBUG    [rank 0] Removed old checkpoint:                    dit_trainer.py:1429
         /local/disk/hramachandran/work/wh_work/windinet/dit                    
         _outputs/lundquist/dit_sds_untrained_30k/checkpoint                    
         s/model_weights_step_04080.safetensors                                 
DEBUG    [rank 0] Removed old checkpoint:                    dit_trainer.py:1429
         /local/disk/hramachandran/work/wh_work/windinet/dit                    
         _outputs/lundquist/dit_sds_untrained_30k/checkpoint                    
         s/scalar_embedding_step_04080.safetensors                              
DEBUG    [rank 0] Removed optimizer state for older kept     dit_trainer.py:1444
         checkpoint:                                                            
         /local/disk/hramachandran/work/wh_work/windinet/dit                    
         _outputs/lundquist/dit_sds_untrained_30k/checkpoint                    
         s/model_weights_step_04200.state.pt                                    
[epoch 36] step=4320 train_loss=0.012729
[train] step=4321 loss=0.011801 lr=9.498e-06
[train] step=4322 loss=0.008718 lr=9.497e-06
[train] step=4323 loss=0.008981 lr=9.497e-06
[train] step=4324 loss=0.008208 lr=9.497e-06
[train] step=4325 loss=0.014651 lr=9.497e-06
[train] step=4326 loss=0.016001 lr=9.496e-06
[train] step=4327 loss=0.012388 lr=9.496e-06
[train] step=4328 loss=0.010516 lr=9.496e-06
[train] step=4329 loss=0.009040 lr=9.496e-06
[train] step=4330 loss=0.015940 lr=9.495e-06
[train] step=4331 loss=0.007221 lr=9.495e-06
[train] step=4332 loss=0.009344 lr=9.495e-06
[train] step=4333 loss=0.034809 lr=9.495e-06
[train] step=4334 loss=0.023938 lr=9.495e-06
[train] step=4335 loss=0.005026 lr=9.494e-06
[train] step=4336 loss=0.012598 lr=9.494e-06
[train] step=4337 loss=0.033901 lr=9.494e-06
[train] step=4338 loss=0.014254 lr=9.494e-06
[train] step=4339 loss=0.011238 lr=9.493e-06
[train] step=4340 loss=0.011573 lr=9.493e-06
[train] step=4341 loss=0.010235 lr=9.493e-06
[train] step=4342 loss=0.005024 lr=9.493e-06
[train] step=4343 loss=0.007085 lr=9.492e-06
[train] step=4344 loss=0.010258 lr=9.492e-06
[train] step=4345 loss=0.011862 lr=9.492e-06
[train] step=4346 loss=0.026004 lr=9.492e-06
[train] step=4347 loss=0.008018 lr=9.492e-06
[train] step=4348 loss=0.030752 lr=9.491e-06
[train] step=4349 loss=0.006423 lr=9.491e-06
[train] step=4350 loss=0.015532 lr=9.491e-06
[train] step=4351 loss=0.011387 lr=9.491e-06
[train] step=4352 loss=0.018482 lr=9.490e-06
[train] step=4353 loss=0.021653 lr=9.490e-06
[train] step=4354 loss=0.010225 lr=9.490e-06
[train] step=4355 loss=0.011567 lr=9.490e-06
[train] step=4356 loss=0.013390 lr=9.489e-06
[train] step=4357 loss=0.011434 lr=9.489e-06
[train] step=4358 loss=0.013162 lr=9.489e-06
[train] step=4359 loss=0.014213 lr=9.489e-06
[train] step=4360 loss=0.023768 lr=9.489e-06
[train] step=4361 loss=0.038331 lr=9.488e-06
[train] step=4362 loss=0.011309 lr=9.488e-06
[train] step=4363 loss=0.007843 lr=9.488e-06
[train] step=4364 loss=0.020638 lr=9.488e-06
[train] step=4365 loss=0.005954 lr=9.487e-06
[train] step=4366 loss=0.052025 lr=9.487e-06
[train] step=4367 loss=0.010743 lr=9.487e-06
[train] step=4368 loss=0.006158 lr=9.487e-06
[train] step=4369 loss=0.009324 lr=9.486e-06
[train] step=4370 loss=0.012450 lr=9.486e-06
[train] step=4371 loss=0.028569 lr=9.486e-06
[train] step=4372 loss=0.013633 lr=9.486e-06
[train] step=4373 loss=0.007847 lr=9.486e-06
[train] step=4374 loss=0.008542 lr=9.485e-06
[train] step=4375 loss=0.006086 lr=9.485e-06
[train] step=4376 loss=0.005876 lr=9.485e-06
[train] step=4377 loss=0.011312 lr=9.485e-06
[train] step=4378 loss=0.006704 lr=9.484e-06
[train] step=4379 loss=0.007455 lr=9.484e-06
[train] step=4380 loss=0.018193 lr=9.484e-06
[train] step=4381 loss=0.010668 lr=9.484e-06
[train] step=4382 loss=0.006459 lr=9.483e-06
[train] step=4383 loss=0.016940 lr=9.483e-06
[train] step=4384 loss=0.018912 lr=9.483e-06
[train] step=4385 loss=0.018531 lr=9.483e-06
[train] step=4386 loss=0.006055 lr=9.483e-06
[train] step=4387 loss=0.005707 lr=9.482e-06
[train] step=4388 loss=0.022822 lr=9.482e-06
[train] step=4389 loss=0.009474 lr=9.482e-06
[train] step=4390 loss=0.005413 lr=9.482e-06
[train] step=4391 loss=0.007300 lr=9.481e-06
[train] step=4392 loss=0.018056 lr=9.481e-06
[train] step=4393 loss=0.008006 lr=9.481e-06
[train] step=4394 loss=0.010046 lr=9.481e-06
[train] step=4395 loss=0.013847 lr=9.480e-06
[train] step=4396 loss=0.005230 lr=9.480e-06
[train] step=4397 loss=0.010252 lr=9.480e-06
[train] step=4398 loss=0.011618 lr=9.480e-06
[train] step=4399 loss=0.008677 lr=9.480e-06
[train] step=4400 loss=0.015088 lr=9.479e-06
[train] step=4401 loss=0.003991 lr=9.479e-06
[train] step=4402 loss=0.008768 lr=9.479e-06
[train] step=4403 loss=0.033462 lr=9.479e-06
[train] step=4404 loss=0.005785 lr=9.478e-06
[train] step=4405 loss=0.007342 lr=9.478e-06
[train] step=4406 loss=0.021812 lr=9.478e-06
[train] step=4407 loss=0.019126 lr=9.478e-06
[train] step=4408 loss=0.005588 lr=9.477e-06
[train] step=4409 loss=0.015636 lr=9.477e-06
[train] step=4410 loss=0.007281 lr=9.477e-06
[train] step=4411 loss=0.005337 lr=9.477e-06
[train] step=4412 loss=0.009783 lr=9.477e-06
[train] step=4413 loss=0.015310 lr=9.476e-06
[train] step=4414 loss=0.011713 lr=9.476e-06
[train] step=4415 loss=0.013347 lr=9.476e-06
[train] step=4416 loss=0.015585 lr=9.476e-06
[train] step=4417 loss=0.005228 lr=9.475e-06
[train] step=4418 loss=0.013323 lr=9.475e-06
[train] step=4419 loss=0.010495 lr=9.475e-06
[train] step=4420 loss=0.009575 lr=9.475e-06
[train] step=4421 loss=0.005444 lr=9.474e-06
[train] step=4422 loss=0.007449 lr=9.474e-06
[train] step=4423 loss=0.014185 lr=9.474e-06
[train] step=4424 loss=0.017205 lr=9.474e-06
[train] step=4425 loss=0.028423 lr=9.473e-06
[train] step=4426 loss=0.011051 lr=9.473e-06
[train] step=4427 loss=0.005971 lr=9.473e-06
[train] step=4428 loss=0.012724 lr=9.473e-06
[train] step=4429 loss=0.007118 lr=9.473e-06
[train] step=4430 loss=0.027380 lr=9.472e-06
[train] step=4431 loss=0.008297 lr=9.472e-06
[train] step=4432 loss=0.010516 lr=9.472e-06
[train] step=4433 loss=0.016226 lr=9.472e-06
[train] step=4434 loss=0.017269 lr=9.471e-06
[train] step=4435 loss=0.012774 lr=9.471e-06
[train] step=4436 loss=0.008553 lr=9.471e-06
[train] step=4437 loss=0.009739 lr=9.471e-06
[train] step=4438 loss=0.018122 lr=9.470e-06
[train] step=4439 loss=0.006559 lr=9.470e-06
[train] step=4440 loss=0.005465 lr=9.470e-06
INFO     [rank 0] Model weights for step 4440 saved in       dit_trainer.py:1288
         checkpoints/model_weights_step_04440.safetensors                       
INFO     [rank 0] Scalar embedding weights for step 4440     dit_trainer.py:1297
         saved                                                                  
INFO     [rank 0] Training state saved:                      dit_trainer.py:1416
         checkpoints/model_weights_step_04440.state.pt                          
DEBUG    [rank 0] Removed old checkpoint:                    dit_trainer.py:1429
         /local/disk/hramachandran/work/wh_work/windinet/dit                    
         _outputs/lundquist/dit_sds_untrained_30k/checkpoint                    
         s/model_weights_step_04200.safetensors                                 
DEBUG    [rank 0] Removed old checkpoint:                    dit_trainer.py:1429
         /local/disk/hramachandran/work/wh_work/windinet/dit                    
         _outputs/lundquist/dit_sds_untrained_30k/checkpoint                    
         s/scalar_embedding_step_04200.safetensors                              
DEBUG    [rank 0] Removed optimizer state for older kept     dit_trainer.py:1444
         checkpoint:                                                            
         /local/disk/hramachandran/work/wh_work/windinet/dit                    
         _outputs/lundquist/dit_sds_untrained_30k/checkpoint                    
         s/model_weights_step_04320.state.pt                                    
[epoch 37] step=4440 train_loss=0.013132
[train] step=4441 loss=0.008085 lr=9.470e-06
[train] step=4442 loss=0.011225 lr=9.470e-06
[train] step=4443 loss=0.007745 lr=9.469e-06
[train] step=4444 loss=0.005958 lr=9.469e-06
[train] step=4445 loss=0.016453 lr=9.469e-06
[train] step=4446 loss=0.023572 lr=9.469e-06
[train] step=4447 loss=0.012728 lr=9.468e-06
[train] step=4448 loss=0.009726 lr=9.468e-06
[train] step=4449 loss=0.006108 lr=9.468e-06
[train] step=4450 loss=0.010731 lr=9.468e-06
[train] step=4451 loss=0.019502 lr=9.467e-06
[train] step=4452 loss=0.015973 lr=9.467e-06
[train] step=4453 loss=0.015368 lr=9.467e-06
[train] step=4454 loss=0.012536 lr=9.467e-06
[train] step=4455 loss=0.008916 lr=9.466e-06
[train] step=4456 loss=0.027155 lr=9.466e-06
[train] step=4457 loss=0.008737 lr=9.466e-06
[train] step=4458 loss=0.008257 lr=9.466e-06
[train] step=4459 loss=0.010891 lr=9.466e-06
[train] step=4460 loss=0.007916 lr=9.465e-06
[train] step=4461 loss=0.007982 lr=9.465e-06
[train] step=4462 loss=0.011395 lr=9.465e-06
[train] step=4463 loss=0.007687 lr=9.465e-06
[train] step=4464 loss=0.007542 lr=9.464e-06
[train] step=4465 loss=0.024816 lr=9.464e-06
[train] step=4466 loss=0.008006 lr=9.464e-06
[train] step=4467 loss=0.036502 lr=9.464e-06
[train] step=4468 loss=0.009550 lr=9.463e-06
[train] step=4469 loss=0.008319 lr=9.463e-06
[train] step=4470 loss=0.012857 lr=9.463e-06
[train] step=4471 loss=0.029064 lr=9.463e-06
[train] step=4472 loss=0.014669 lr=9.462e-06
[train] step=4473 loss=0.008282 lr=9.462e-06
[train] step=4474 loss=0.005939 lr=9.462e-06
[train] step=4475 loss=0.011475 lr=9.462e-06
[train] step=4476 loss=0.010956 lr=9.461e-06
[train] step=4477 loss=0.010760 lr=9.461e-06
[train] step=4478 loss=0.021323 lr=9.461e-06
[train] step=4479 loss=0.006332 lr=9.461e-06
[train] step=4480 loss=0.008556 lr=9.461e-06
[train] step=4481 loss=0.010173 lr=9.460e-06
[train] step=4482 loss=0.007991 lr=9.460e-06
[train] step=4483 loss=0.007646 lr=9.460e-06
[train] step=4484 loss=0.010103 lr=9.460e-06
[train] step=4485 loss=0.017709 lr=9.459e-06
[train] step=4486 loss=0.012118 lr=9.459e-06
[train] step=4487 loss=0.010031 lr=9.459e-06
[train] step=4488 loss=0.009530 lr=9.459e-06
[train] step=4489 loss=0.021633 lr=9.458e-06
[train] step=4490 loss=0.008945 lr=9.458e-06
[train] step=4491 loss=0.008473 lr=9.458e-06
[train] step=4492 loss=0.011562 lr=9.458e-06
[train] step=4493 loss=0.010183 lr=9.457e-06
[train] step=4494 loss=0.018549 lr=9.457e-06
[train] step=4495 loss=0.008072 lr=9.457e-06
[train] step=4496 loss=0.006568 lr=9.457e-06
[train] step=4497 loss=0.004078 lr=9.457e-06
[train] step=4498 loss=0.009095 lr=9.456e-06
[train] step=4499 loss=0.024680 lr=9.456e-06
[train] step=4500 loss=0.005493 lr=9.456e-06
[train] step=4501 loss=0.019226 lr=9.456e-06
[train] step=4502 loss=0.007739 lr=9.455e-06
[train] step=4503 loss=0.007108 lr=9.455e-06
[train] step=4504 loss=0.011966 lr=9.455e-06
[train] step=4505 loss=0.005716 lr=9.455e-06
[train] step=4506 loss=0.005082 lr=9.454e-06
[train] step=4507 loss=0.024788 lr=9.454e-06
[train] step=4508 loss=0.006738 lr=9.454e-06
[train] step=4509 loss=0.006672 lr=9.454e-06
[train] step=4510 loss=0.008145 lr=9.453e-06
[train] step=4511 loss=0.010212 lr=9.453e-06
[train] step=4512 loss=0.005065 lr=9.453e-06
[train] step=4513 loss=0.016824 lr=9.453e-06
[train] step=4514 loss=0.005879 lr=9.452e-06
[train] step=4515 loss=0.020394 lr=9.452e-06
[train] step=4516 loss=0.009967 lr=9.452e-06
[train] step=4517 loss=0.005955 lr=9.452e-06
[train] step=4518 loss=0.010487 lr=9.452e-06
[train] step=4519 loss=0.009656 lr=9.451e-06
[train] step=4520 loss=0.006670 lr=9.451e-06
[train] step=4521 loss=0.010349 lr=9.451e-06
[train] step=4522 loss=0.012713 lr=9.451e-06
[train] step=4523 loss=0.019935 lr=9.450e-06
[train] step=4524 loss=0.012728 lr=9.450e-06
[train] step=4525 loss=0.009237 lr=9.450e-06
[train] step=4526 loss=0.007171 lr=9.450e-06
[train] step=4527 loss=0.009327 lr=9.449e-06
[train] step=4528 loss=0.010895 lr=9.449e-06
[train] step=4529 loss=0.019930 lr=9.449e-06
[train] step=4530 loss=0.012187 lr=9.449e-06
[train] step=4531 loss=0.007265 lr=9.448e-06
[train] step=4532 loss=0.022504 lr=9.448e-06
[train] step=4533 loss=0.007131 lr=9.448e-06
[train] step=4534 loss=0.025967 lr=9.448e-06
[train] step=4535 loss=0.014073 lr=9.447e-06
[train] step=4536 loss=0.014681 lr=9.447e-06
[train] step=4537 loss=0.008525 lr=9.447e-06
[train] step=4538 loss=0.012303 lr=9.447e-06
[train] step=4539 loss=0.005121 lr=9.447e-06
[train] step=4540 loss=0.017593 lr=9.446e-06
[train] step=4541 loss=0.010860 lr=9.446e-06
[train] step=4542 loss=0.004855 lr=9.446e-06
[train] step=4543 loss=0.009851 lr=9.446e-06
[train] step=4544 loss=0.011096 lr=9.445e-06
[train] step=4545 loss=0.007183 lr=9.445e-06
[train] step=4546 loss=0.006931 lr=9.445e-06
[train] step=4547 loss=0.010410 lr=9.445e-06
[train] step=4548 loss=0.021835 lr=9.444e-06
[train] step=4549 loss=0.008091 lr=9.444e-06
[train] step=4550 loss=0.014110 lr=9.444e-06
[train] step=4551 loss=0.016874 lr=9.444e-06
[train] step=4552 loss=0.019472 lr=9.443e-06
[train] step=4553 loss=0.012134 lr=9.443e-06
[train] step=4554 loss=0.008833 lr=9.443e-06
[train] step=4555 loss=0.014862 lr=9.443e-06
[train] step=4556 loss=0.022997 lr=9.442e-06
[train] step=4557 loss=0.016101 lr=9.442e-06
[train] step=4558 loss=0.014087 lr=9.442e-06
[train] step=4559 loss=0.014720 lr=9.442e-06
[train] step=4560 loss=0.016932 lr=9.441e-06
INFO     [rank 0] Model weights for step 4560 saved in       dit_trainer.py:1288
         checkpoints/model_weights_step_04560.safetensors                       
INFO     [rank 0] Scalar embedding weights for step 4560     dit_trainer.py:1297
         saved                                                                  
INFO     [rank 0] Training state saved:                      dit_trainer.py:1416
         checkpoints/model_weights_step_04560.state.pt                          
DEBUG    [rank 0] Removed old checkpoint:                    dit_trainer.py:1429
         /local/disk/hramachandran/work/wh_work/windinet/dit                    
         _outputs/lundquist/dit_sds_untrained_30k/checkpoint                    
         s/model_weights_step_04320.safetensors                                 
DEBUG    [rank 0] Removed old checkpoint:                    dit_trainer.py:1429
         /local/disk/hramachandran/work/wh_work/windinet/dit                    
         _outputs/lundquist/dit_sds_untrained_30k/checkpoint                    
         s/scalar_embedding_step_04320.safetensors                              
DEBUG    [rank 0] Removed optimizer state for older kept     dit_trainer.py:1444
         checkpoint:                                                            
         /local/disk/hramachandran/work/wh_work/windinet/dit                    
         _outputs/lundquist/dit_sds_untrained_30k/checkpoint                    
         s/model_weights_step_04440.state.pt                                    
[epoch 38] step=4560 train_loss=0.012058
[train] step=4561 loss=0.011239 lr=9.441e-06
[train] step=4562 loss=0.009405 lr=9.441e-06
[train] step=4563 loss=0.014271 lr=9.441e-06
[train] step=4564 loss=0.020587 lr=9.441e-06
[train] step=4565 loss=0.024576 lr=9.440e-06
[train] step=4566 loss=0.007326 lr=9.440e-06
[train] step=4567 loss=0.009781 lr=9.440e-06
[train] step=4568 loss=0.014672 lr=9.440e-06
[train] step=4569 loss=0.025910 lr=9.439e-06
[train] step=4570 loss=0.013816 lr=9.439e-06
[train] step=4571 loss=0.012578 lr=9.439e-06
[train] step=4572 loss=0.007861 lr=9.439e-06
[train] step=4573 loss=0.008409 lr=9.438e-06
[train] step=4574 loss=0.013162 lr=9.438e-06
[train] step=4575 loss=0.020228 lr=9.438e-06
[train] step=4576 loss=0.007088 lr=9.438e-06
[train] step=4577 loss=0.008003 lr=9.437e-06
[train] step=4578 loss=0.008561 lr=9.437e-06
[train] step=4579 loss=0.010317 lr=9.437e-06
[train] step=4580 loss=0.009165 lr=9.437e-06
[train] step=4581 loss=0.012833 lr=9.436e-06
[train] step=4582 loss=0.009674 lr=9.436e-06
[train] step=4583 loss=0.010896 lr=9.436e-06
[train] step=4584 loss=0.014312 lr=9.436e-06
[train] step=4585 loss=0.047721 lr=9.435e-06
[train] step=4586 loss=0.007824 lr=9.435e-06
[train] step=4587 loss=0.006775 lr=9.435e-06
[train] step=4588 loss=0.011576 lr=9.435e-06
[train] step=4589 loss=0.008020 lr=9.434e-06
[train] step=4590 loss=0.013201 lr=9.434e-06
[train] step=4591 loss=0.016198 lr=9.434e-06
[train] step=4592 loss=0.031288 lr=9.434e-06
[train] step=4593 loss=0.010641 lr=9.434e-06
[train] step=4594 loss=0.009180 lr=9.433e-06
[train] step=4595 loss=0.006402 lr=9.433e-06
[train] step=4596 loss=0.008492 lr=9.433e-06
[train] step=4597 loss=0.013766 lr=9.433e-06
[train] step=4598 loss=0.015189 lr=9.432e-06
[train] step=4599 loss=0.006645 lr=9.432e-06
[train] step=4600 loss=0.007817 lr=9.432e-06
[train] step=4601 loss=0.003934 lr=9.432e-06
[train] step=4602 loss=0.008633 lr=9.431e-06
[train] step=4603 loss=0.008427 lr=9.431e-06
[train] step=4604 loss=0.018891 lr=9.431e-06
[train] step=4605 loss=0.071236 lr=9.431e-06
[train] step=4606 loss=0.020363 lr=9.430e-06
[train] step=4607 loss=0.007973 lr=9.430e-06
[train] step=4608 loss=0.010074 lr=9.430e-06
[train] step=4609 loss=0.005608 lr=9.430e-06
[train] step=4610 loss=0.018240 lr=9.429e-06
[train] step=4611 loss=0.012493 lr=9.429e-06
[train] step=4612 loss=0.016441 lr=9.429e-06
[train] step=4613 loss=0.016304 lr=9.429e-06
[train] step=4614 loss=0.002480 lr=9.428e-06
[train] step=4615 loss=0.040071 lr=9.428e-06
[train] step=4616 loss=0.009761 lr=9.428e-06
[train] step=4617 loss=0.015560 lr=9.428e-06
[train] step=4618 loss=0.010359 lr=9.427e-06
[train] step=4619 loss=0.010447 lr=9.427e-06
[train] step=4620 loss=0.005241 lr=9.427e-06
[train] step=4621 loss=0.030571 lr=9.427e-06
[train] step=4622 loss=0.008437 lr=9.426e-06
[train] step=4623 loss=0.006023 lr=9.426e-06
[train] step=4624 loss=0.008268 lr=9.426e-06
[train] step=4625 loss=0.011386 lr=9.426e-06
[train] step=4626 loss=0.027591 lr=9.426e-06
[train] step=4627 loss=0.042192 lr=9.425e-06
[train] step=4628 loss=0.006618 lr=9.425e-06
[train] step=4629 loss=0.011453 lr=9.425e-06
[train] step=4630 loss=0.006946 lr=9.425e-06
[train] step=4631 loss=0.012498 lr=9.424e-06
[train] step=4632 loss=0.016077 lr=9.424e-06
[train] step=4633 loss=0.021823 lr=9.424e-06
[train] step=4634 loss=0.009229 lr=9.424e-06
[train] step=4635 loss=0.009272 lr=9.423e-06
[train] step=4636 loss=0.020842 lr=9.423e-06
[train] step=4637 loss=0.010701 lr=9.423e-06
[train] step=4638 loss=0.008894 lr=9.423e-06
[train] step=4639 loss=0.010561 lr=9.422e-06
[train] step=4640 loss=0.008592 lr=9.422e-06
[train] step=4641 loss=0.009595 lr=9.422e-06
[train] step=4642 loss=0.011120 lr=9.422e-06
[train] step=4643 loss=0.008412 lr=9.421e-06
[train] step=4644 loss=0.013872 lr=9.421e-06
[train] step=4645 loss=0.004440 lr=9.421e-06
[train] step=4646 loss=0.019409 lr=9.421e-06
[train] step=4647 loss=0.008828 lr=9.420e-06
[train] step=4648 loss=0.014759 lr=9.420e-06
[train] step=4649 loss=0.017617 lr=9.420e-06
[train] step=4650 loss=0.028658 lr=9.420e-06
[train] step=4651 loss=0.026889 lr=9.419e-06
[train] step=4652 loss=0.024008 lr=9.419e-06
[train] step=4653 loss=0.012439 lr=9.419e-06
[train] step=4654 loss=0.014676 lr=9.419e-06
[train] step=4655 loss=0.019349 lr=9.418e-06
[train] step=4656 loss=0.009434 lr=9.418e-06
[train] step=4657 loss=0.004573 lr=9.418e-06
[train] step=4658 loss=0.012012 lr=9.418e-06
[train] step=4659 loss=0.014253 lr=9.417e-06
[train] step=4660 loss=0.006886 lr=9.417e-06
[train] step=4661 loss=0.014734 lr=9.417e-06
[train] step=4662 loss=0.007801 lr=9.417e-06
[train] step=4663 loss=0.006619 lr=9.416e-06
[train] step=4664 loss=0.028622 lr=9.416e-06
[train] step=4665 loss=0.012604 lr=9.416e-06
[train] step=4666 loss=0.017053 lr=9.416e-06
[train] step=4667 loss=0.011288 lr=9.415e-06
[train] step=4668 loss=0.016952 lr=9.415e-06
[train] step=4669 loss=0.033019 lr=9.415e-06
[train] step=4670 loss=0.006839 lr=9.415e-06
[train] step=4671 loss=0.009618 lr=9.415e-06
[train] step=4672 loss=0.008280 lr=9.414e-06
[train] step=4673 loss=0.005270 lr=9.414e-06
[train] step=4674 loss=0.021668 lr=9.414e-06
[train] step=4675 loss=0.012724 lr=9.414e-06
[train] step=4676 loss=0.017094 lr=9.413e-06
[train] step=4677 loss=0.019865 lr=9.413e-06
[train] step=4678 loss=0.018970 lr=9.413e-06
[train] step=4679 loss=0.004184 lr=9.413e-06
[train] step=4680 loss=0.018327 lr=9.412e-06
INFO     [rank 0] Model weights for step 4680 saved in       dit_trainer.py:1288
         checkpoints/model_weights_step_04680.safetensors                       
INFO     [rank 0] Scalar embedding weights for step 4680     dit_trainer.py:1297
         saved                                                                  
INFO     [rank 0] Training state saved:                      dit_trainer.py:1416
         checkpoints/model_weights_step_04680.state.pt                          
DEBUG    [rank 0] Removed old checkpoint:                    dit_trainer.py:1429
         /local/disk/hramachandran/work/wh_work/windinet/dit                    
         _outputs/lundquist/dit_sds_untrained_30k/checkpoint                    
         s/model_weights_step_04440.safetensors                                 
DEBUG    [rank 0] Removed old checkpoint:                    dit_trainer.py:1429
         /local/disk/hramachandran/work/wh_work/windinet/dit                    
         _outputs/lundquist/dit_sds_untrained_30k/checkpoint                    
         s/scalar_embedding_step_04440.safetensors                              
DEBUG    [rank 0] Removed optimizer state for older kept     dit_trainer.py:1444
         checkpoint:                                                            
         /local/disk/hramachandran/work/wh_work/windinet/dit                    
         _outputs/lundquist/dit_sds_untrained_30k/checkpoint                    
         s/model_weights_step_04560.state.pt                                    
[epoch 39] step=4680 train_loss=0.014144
[train] step=4681 loss=0.016252 lr=9.412e-06
[train] step=4682 loss=0.021681 lr=9.412e-06
[train] step=4683 loss=0.006500 lr=9.412e-06
[train] step=4684 loss=0.011474 lr=9.411e-06
[train] step=4685 loss=0.025970 lr=9.411e-06
[train] step=4686 loss=0.010557 lr=9.411e-06
[train] step=4687 loss=0.021382 lr=9.411e-06
[train] step=4688 loss=0.010323 lr=9.410e-06
[train] step=4689 loss=0.011313 lr=9.410e-06
[train] step=4690 loss=0.009631 lr=9.410e-06
[train] step=4691 loss=0.006695 lr=9.410e-06
[train] step=4692 loss=0.005008 lr=9.409e-06
[train] step=4693 loss=0.019223 lr=9.409e-06
[train] step=4694 loss=0.022834 lr=9.409e-06
[train] step=4695 loss=0.034917 lr=9.409e-06
[train] step=4696 loss=0.018886 lr=9.408e-06
[train] step=4697 loss=0.012349 lr=9.408e-06
[train] step=4698 loss=0.011704 lr=9.408e-06
[train] step=4699 loss=0.006905 lr=9.408e-06
[train] step=4700 loss=0.007030 lr=9.407e-06
[train] step=4701 loss=0.005806 lr=9.407e-06
[train] step=4702 loss=0.008320 lr=9.407e-06
[train] step=4703 loss=0.006599 lr=9.407e-06
[train] step=4704 loss=0.013869 lr=9.406e-06
[train] step=4705 loss=0.009959 lr=9.406e-06
[train] step=4706 loss=0.015539 lr=9.406e-06
[train] step=4707 loss=0.014609 lr=9.406e-06
[train] step=4708 loss=0.007192 lr=9.405e-06
[train] step=4709 loss=0.018728 lr=9.405e-06
[train] step=4710 loss=0.006774 lr=9.405e-06
[train] step=4711 loss=0.008783 lr=9.405e-06
[train] step=4712 loss=0.016846 lr=9.404e-06
[train] step=4713 loss=0.017895 lr=9.404e-06
[train] step=4714 loss=0.012020 lr=9.404e-06
[train] step=4715 loss=0.034451 lr=9.404e-06
[train] step=4716 loss=0.004507 lr=9.403e-06
[train] step=4717 loss=0.026265 lr=9.403e-06
[train] step=4718 loss=0.022164 lr=9.403e-06
[train] step=4719 loss=0.030488 lr=9.403e-06
[train] step=4720 loss=0.022352 lr=9.402e-06
[train] step=4721 loss=0.004777 lr=9.402e-06
[train] step=4722 loss=0.011829 lr=9.402e-06
[train] step=4723 loss=0.004981 lr=9.402e-06
[train] step=4724 loss=0.014816 lr=9.401e-06
[train] step=4725 loss=0.006114 lr=9.401e-06
[train] step=4726 loss=0.018593 lr=9.401e-06
[train] step=4727 loss=0.008596 lr=9.401e-06
[train] step=4728 loss=0.024927 lr=9.400e-06
[train] step=4729 loss=0.010314 lr=9.400e-06
[train] step=4730 loss=0.010145 lr=9.400e-06
[train] step=4731 loss=0.012525 lr=9.400e-06
[train] step=4732 loss=0.012982 lr=9.399e-06
[train] step=4733 loss=0.008154 lr=9.399e-06
[train] step=4734 loss=0.010970 lr=9.399e-06
[train] step=4735 loss=0.022009 lr=9.399e-06
[train] step=4736 loss=0.008911 lr=9.398e-06
[train] step=4737 loss=0.007978 lr=9.398e-06
[train] step=4738 loss=0.014520 lr=9.398e-06
[train] step=4739 loss=0.003994 lr=9.398e-06
[train] step=4740 loss=0.007984 lr=9.397e-06
[train] step=4741 loss=0.094330 lr=9.397e-06
[train] step=4742 loss=0.022845 lr=9.397e-06
[train] step=4743 loss=0.007141 lr=9.397e-06
[train] step=4744 loss=0.008467 lr=9.396e-06
[train] step=4745 loss=0.006457 lr=9.396e-06
[train] step=4746 loss=0.014074 lr=9.396e-06
[train] step=4747 loss=0.038272 lr=9.396e-06
[train] step=4748 loss=0.014427 lr=9.395e-06
[train] step=4749 loss=0.051954 lr=9.395e-06
[train] step=4750 loss=0.008673 lr=9.395e-06
[train] step=4751 loss=0.015838 lr=9.395e-06
[train] step=4752 loss=0.034776 lr=9.394e-06
[train] step=4753 loss=0.011027 lr=9.394e-06
[train] step=4754 loss=0.016800 lr=9.394e-06
[train] step=4755 loss=0.015969 lr=9.394e-06
[train] step=4756 loss=0.006500 lr=9.393e-06
[train] step=4757 loss=0.016563 lr=9.393e-06
[train] step=4758 loss=0.009696 lr=9.393e-06
[train] step=4759 loss=0.011790 lr=9.393e-06
[train] step=4760 loss=0.015890 lr=9.392e-06
[train] step=4761 loss=0.031256 lr=9.392e-06
[train] step=4762 loss=0.009895 lr=9.392e-06
[train] step=4763 loss=0.017724 lr=9.392e-06
[train] step=4764 loss=0.015576 lr=9.391e-06
[train] step=4765 loss=0.007995 lr=9.391e-06
[train] step=4766 loss=0.012674 lr=9.391e-06
[train] step=4767 loss=0.019391 lr=9.391e-06
[train] step=4768 loss=0.005277 lr=9.390e-06
[train] step=4769 loss=0.008572 lr=9.390e-06
[train] step=4770 loss=0.010099 lr=9.390e-06
[train] step=4771 loss=0.013173 lr=9.390e-06
[train] step=4772 loss=0.012719 lr=9.389e-06
[train] step=4773 loss=0.008620 lr=9.389e-06
[train] step=4774 loss=0.032564 lr=9.389e-06
[train] step=4775 loss=0.007319 lr=9.389e-06
[train] step=4776 loss=0.018499 lr=9.388e-06
[train] step=4777 loss=0.008717 lr=9.388e-06
[train] step=4778 loss=0.031563 lr=9.388e-06
[train] step=4779 loss=0.005686 lr=9.388e-06
[train] step=4780 loss=0.013091 lr=9.387e-06
[train] step=4781 loss=0.010883 lr=9.387e-06
[train] step=4782 loss=0.011162 lr=9.387e-06
[train] step=4783 loss=0.006833 lr=9.387e-06
[train] step=4784 loss=0.006189 lr=9.386e-06
[train] step=4785 loss=0.006034 lr=9.386e-06
[train] step=4786 loss=0.033597 lr=9.386e-06
[train] step=4787 loss=0.006924 lr=9.386e-06
[train] step=4788 loss=0.004696 lr=9.385e-06
[train] step=4789 loss=0.007081 lr=9.385e-06
[train] step=4790 loss=0.007520 lr=9.385e-06
[train] step=4791 loss=0.011316 lr=9.385e-06
[train] step=4792 loss=0.014853 lr=9.384e-06
[train] step=4793 loss=0.006576 lr=9.384e-06
[train] step=4794 loss=0.008685 lr=9.384e-06
[train] step=4795 loss=0.012710 lr=9.384e-06
[train] step=4796 loss=0.014679 lr=9.383e-06
[train] step=4797 loss=0.013516 lr=9.383e-06
[train] step=4798 loss=0.006827 lr=9.383e-06
[train] step=4799 loss=0.014019 lr=9.383e-06
[train] step=4800 loss=0.012850 lr=9.382e-06
[val] step=4800 val_loss=0.012987
INFO     [rank 0] Model weights for step 4800 saved in       dit_trainer.py:1288
         checkpoints/model_weights_step_04800.safetensors                       
INFO     [rank 0] Scalar embedding weights for step 4800     dit_trainer.py:1297
         saved                                                                  
INFO     [rank 0] Training state saved:                      dit_trainer.py:1416
         checkpoints/model_weights_step_04800.state.pt                          
INFO     [rank 0] New best checkpoint (step 4800,            dit_trainer.py:1320
         val_loss=0.012987):                                                    
         checkpoints/model_weights_best.safetensors                             
DEBUG    [rank 0] Removed old checkpoint:                    dit_trainer.py:1429
         /local/disk/hramachandran/work/wh_work/windinet/dit                    
         _outputs/lundquist/dit_sds_untrained_30k/checkpoint                    
         s/model_weights_step_04560.safetensors                                 
DEBUG    [rank 0] Removed old checkpoint:                    dit_trainer.py:1429
         /local/disk/hramachandran/work/wh_work/windinet/dit                    
         _outputs/lundquist/dit_sds_untrained_30k/checkpoint                    
         s/scalar_embedding_step_04560.safetensors                              
DEBUG    [rank 0] Removed optimizer state for older kept     dit_trainer.py:1444
         checkpoint:                                                            
         /local/disk/hramachandran/work/wh_work/windinet/dit                    
         _outputs/lundquist/dit_sds_untrained_30k/checkpoint                    
         s/model_weights_step_04680.state.pt                                    
[epoch 40] step=4800 train_loss=0.014610 val_loss=0.012987
[train] step=4801 loss=0.017098 lr=9.382e-06
[train] step=4802 loss=0.011868 lr=9.382e-06
[train] step=4803 loss=0.018656 lr=9.382e-06
[train] step=4804 loss=0.015584 lr=9.381e-06
[train] step=4805 loss=0.008544 lr=9.381e-06
[train] step=4806 loss=0.033234 lr=9.381e-06
[train] step=4807 loss=0.006484 lr=9.381e-06
[train] step=4808 loss=0.004921 lr=9.380e-06
[train] step=4809 loss=0.025386 lr=9.380e-06
[train] step=4810 loss=0.014117 lr=9.380e-06
[train] step=4811 loss=0.012197 lr=9.380e-06
[train] step=4812 loss=0.022713 lr=9.379e-06
[train] step=4813 loss=0.015727 lr=9.379e-06
[train] step=4814 loss=0.007379 lr=9.379e-06
[train] step=4815 loss=0.006956 lr=9.379e-06
[train] step=4816 loss=0.008598 lr=9.378e-06
[train] step=4817 loss=0.015521 lr=9.378e-06
[train] step=4818 loss=0.006365 lr=9.378e-06
[train] step=4819 loss=0.040740 lr=9.378e-06
[train] step=4820 loss=0.012300 lr=9.377e-06
[train] step=4821 loss=0.011047 lr=9.377e-06
[train] step=4822 loss=0.013567 lr=9.377e-06
[train] step=4823 loss=0.017727 lr=9.377e-06
[train] step=4824 loss=0.008784 lr=9.376e-06
[train] step=4825 loss=0.006079 lr=9.376e-06
[train] step=4826 loss=0.012874 lr=9.376e-06
[train] step=4827 loss=0.028809 lr=9.376e-06
[train] step=4828 loss=0.012126 lr=9.375e-06
[train] step=4829 loss=0.010726 lr=9.375e-06
[train] step=4830 loss=0.008060 lr=9.375e-06
[train] step=4831 loss=0.008369 lr=9.375e-06
[train] step=4832 loss=0.008760 lr=9.374e-06
[train] step=4833 loss=0.006106 lr=9.374e-06
[train] step=4834 loss=0.011769 lr=9.374e-06
[train] step=4835 loss=0.011812 lr=9.374e-06
[train] step=4836 loss=0.008601 lr=9.373e-06
[train] step=4837 loss=0.012024 lr=9.373e-06
[train] step=4838 loss=0.013668 lr=9.373e-06
[train] step=4839 loss=0.006367 lr=9.373e-06
[train] step=4840 loss=0.007539 lr=9.372e-06
[train] step=4841 loss=0.005366 lr=9.372e-06
[train] step=4842 loss=0.005914 lr=9.372e-06
[train] step=4843 loss=0.009398 lr=9.372e-06
[train] step=4844 loss=0.007943 lr=9.371e-06
[train] step=4845 loss=0.005501 lr=9.371e-06
[train] step=4846 loss=0.007455 lr=9.371e-06
[train] step=4847 loss=0.007424 lr=9.371e-06
[train] step=4848 loss=0.011958 lr=9.370e-06
[train] step=4849 loss=0.015058 lr=9.370e-06
[train] step=4850 loss=0.010649 lr=9.370e-06
[train] step=4851 loss=0.013648 lr=9.369e-06
[train] step=4852 loss=0.009369 lr=9.369e-06
[train] step=4853 loss=0.007938 lr=9.369e-06
[train] step=4854 loss=0.014429 lr=9.369e-06
[train] step=4855 loss=0.008393 lr=9.368e-06
[train] step=4856 loss=0.014066 lr=9.368e-06
[train] step=4857 loss=0.005346 lr=9.368e-06
[train] step=4858 loss=0.012978 lr=9.368e-06
[train] step=4859 loss=0.008607 lr=9.367e-06
[train] step=4860 loss=0.015484 lr=9.367e-06
[train] step=4861 loss=0.008098 lr=9.367e-06
[train] step=4862 loss=0.011453 lr=9.367e-06
[train] step=4863 loss=0.023867 lr=9.366e-06
[train] step=4864 loss=0.007997 lr=9.366e-06
[train] step=4865 loss=0.007240 lr=9.366e-06
[train] step=4866 loss=0.008779 lr=9.366e-06
[train] step=4867 loss=0.019875 lr=9.365e-06
[train] step=4868 loss=0.018510 lr=9.365e-06
[train] step=4869 loss=0.006960 lr=9.365e-06
[train] step=4870 loss=0.008966 lr=9.365e-06
[train] step=4871 loss=0.007815 lr=9.364e-06
[train] step=4872 loss=0.008801 lr=9.364e-06
[train] step=4873 loss=0.018470 lr=9.364e-06
[train] step=4874 loss=0.009099 lr=9.364e-06
[train] step=4875 loss=0.030641 lr=9.363e-06
[train] step=4876 loss=0.015944 lr=9.363e-06
[train] step=4877 loss=0.014152 lr=9.363e-06
[train] step=4878 loss=0.011586 lr=9.363e-06
[train] step=4879 loss=0.103552 lr=9.362e-06
[train] step=4880 loss=0.009516 lr=9.362e-06
[train] step=4881 loss=0.007684 lr=9.362e-06
[train] step=4882 loss=0.008119 lr=9.362e-06
[train] step=4883 loss=0.006972 lr=9.361e-06
[train] step=4884 loss=0.014966 lr=9.361e-06
[train] step=4885 loss=0.006070 lr=9.361e-06
[train] step=4886 loss=0.014852 lr=9.361e-06
[train] step=4887 loss=0.006833 lr=9.360e-06
[train] step=4888 loss=0.022557 lr=9.360e-06
[train] step=4889 loss=0.010971 lr=9.360e-06
[train] step=4890 loss=0.012960 lr=9.360e-06
[train] step=4891 loss=0.026198 lr=9.359e-06
[train] step=4892 loss=0.015731 lr=9.359e-06
[train] step=4893 loss=0.006338 lr=9.359e-06
[train] step=4894 loss=0.006714 lr=9.359e-06
[train] step=4895 loss=0.012894 lr=9.358e-06
[train] step=4896 loss=0.016241 lr=9.358e-06
[train] step=4897 loss=0.006150 lr=9.358e-06
[train] step=4898 loss=0.027150 lr=9.357e-06
[train] step=4899 loss=0.005447 lr=9.357e-06
[train] step=4900 loss=0.009990 lr=9.357e-06
[train] step=4901 loss=0.027615 lr=9.357e-06
[train] step=4902 loss=0.013946 lr=9.356e-06
[train] step=4903 loss=0.009334 lr=9.356e-06
[train] step=4904 loss=0.010004 lr=9.356e-06
[train] step=4905 loss=0.017549 lr=9.356e-06
[train] step=4906 loss=0.007543 lr=9.355e-06
[train] step=4907 loss=0.005784 lr=9.355e-06
[train] step=4908 loss=0.017346 lr=9.355e-06
[train] step=4909 loss=0.009075 lr=9.355e-06
[train] step=4910 loss=0.010954 lr=9.354e-06
[train] step=4911 loss=0.008855 lr=9.354e-06
[train] step=4912 loss=0.007993 lr=9.354e-06
[train] step=4913 loss=0.017138 lr=9.354e-06
[train] step=4914 loss=0.015961 lr=9.353e-06
[train] step=4915 loss=0.014581 lr=9.353e-06
[train] step=4916 loss=0.015393 lr=9.353e-06
[train] step=4917 loss=0.007483 lr=9.353e-06
[train] step=4918 loss=0.012330 lr=9.352e-06
[train] step=4919 loss=0.009044 lr=9.352e-06
[train] step=4920 loss=0.006757 lr=9.352e-06
INFO     [rank 0] Model weights for step 4920 saved in       dit_trainer.py:1288
         checkpoints/model_weights_step_04920.safetensors                       
INFO     [rank 0] Scalar embedding weights for step 4920     dit_trainer.py:1297
         saved                                                                  
INFO     [rank 0] Training state saved:                      dit_trainer.py:1416
         checkpoints/model_weights_step_04920.state.pt                          
DEBUG    [rank 0] Removed old checkpoint:                    dit_trainer.py:1429
         /local/disk/hramachandran/work/wh_work/windinet/dit                    
         _outputs/lundquist/dit_sds_untrained_30k/checkpoint                    
         s/model_weights_step_04680.safetensors                                 
DEBUG    [rank 0] Removed old checkpoint:                    dit_trainer.py:1429
         /local/disk/hramachandran/work/wh_work/windinet/dit                    
         _outputs/lundquist/dit_sds_untrained_30k/checkpoint                    
         s/scalar_embedding_step_04680.safetensors                              
DEBUG    [rank 0] Removed optimizer state for older kept     dit_trainer.py:1444
         checkpoint:                                                            
         /local/disk/hramachandran/work/wh_work/windinet/dit                    
         _outputs/lundquist/dit_sds_untrained_30k/checkpoint                    
         s/model_weights_step_04800.state.pt                                    
[epoch 41] step=4920 train_loss=0.013109
[train] step=4921 loss=0.008308 lr=9.352e-06
[train] step=4922 loss=0.022442 lr=9.351e-06
[train] step=4923 loss=0.006625 lr=9.351e-06
[train] step=4924 loss=0.007156 lr=9.351e-06
[train] step=4925 loss=0.005726 lr=9.351e-06
[train] step=4926 loss=0.007216 lr=9.350e-06
[train] step=4927 loss=0.013237 lr=9.350e-06
[train] step=4928 loss=0.029678 lr=9.350e-06
[train] step=4929 loss=0.016262 lr=9.350e-06
[train] step=4930 loss=0.008148 lr=9.349e-06
[train] step=4931 loss=0.025655 lr=9.349e-06
[train] step=4932 loss=0.009389 lr=9.349e-06
[train] step=4933 loss=0.008559 lr=9.348e-06
[train] step=4934 loss=0.007508 lr=9.348e-06
[train] step=4935 loss=0.007690 lr=9.348e-06
[train] step=4936 loss=0.010213 lr=9.348e-06
[train] step=4937 loss=0.016428 lr=9.347e-06
[train] step=4938 loss=0.015748 lr=9.347e-06
[train] step=4939 loss=0.008538 lr=9.347e-06
[train] step=4940 loss=0.005290 lr=9.347e-06
[train] step=4941 loss=0.004791 lr=9.346e-06
[train] step=4942 loss=0.008767 lr=9.346e-06
[train] step=4943 loss=0.032039 lr=9.346e-06
[train] step=4944 loss=0.007945 lr=9.346e-06
[train] step=4945 loss=0.007088 lr=9.345e-06
[train] step=4946 loss=0.016314 lr=9.345e-06
[train] step=4947 loss=0.006482 lr=9.345e-06
[train] step=4948 loss=0.013481 lr=9.345e-06
[train] step=4949 loss=0.014832 lr=9.344e-06
[train] step=4950 loss=0.009282 lr=9.344e-06
[train] step=4951 loss=0.008722 lr=9.344e-06
[train] step=4952 loss=0.007444 lr=9.344e-06
[train] step=4953 loss=0.013324 lr=9.343e-06
[train] step=4954 loss=0.016651 lr=9.343e-06
[train] step=4955 loss=0.004859 lr=9.343e-06
[train] step=4956 loss=0.005909 lr=9.343e-06
[train] step=4957 loss=0.019984 lr=9.342e-06
[train] step=4958 loss=0.024192 lr=9.342e-06
[train] step=4959 loss=0.033348 lr=9.342e-06
[train] step=4960 loss=0.013640 lr=9.341e-06
[train] step=4961 loss=0.010379 lr=9.341e-06
[train] step=4962 loss=0.011605 lr=9.341e-06
[train] step=4963 loss=0.013217 lr=9.341e-06
[train] step=4964 loss=0.004487 lr=9.340e-06
[train] step=4965 loss=0.006169 lr=9.340e-06
[train] step=4966 loss=0.010834 lr=9.340e-06
[train] step=4967 loss=0.028403 lr=9.340e-06
[train] step=4968 loss=0.008644 lr=9.339e-06
[train] step=4969 loss=0.007167 lr=9.339e-06
[train] step=4970 loss=0.039258 lr=9.339e-06
[train] step=4971 loss=0.011099 lr=9.339e-06
[train] step=4972 loss=0.016965 lr=9.338e-06
[train] step=4973 loss=0.009522 lr=9.338e-06
[train] step=4974 loss=0.013007 lr=9.338e-06
[train] step=4975 loss=0.008159 lr=9.338e-06
[train] step=4976 loss=0.008288 lr=9.337e-06
[train] step=4977 loss=0.019126 lr=9.337e-06
[train] step=4978 loss=0.010621 lr=9.337e-06
[train] step=4979 loss=0.011747 lr=9.337e-06
[train] step=4980 loss=0.008143 lr=9.336e-06
[train] step=4981 loss=0.032265 lr=9.336e-06
[train] step=4982 loss=0.010447 lr=9.336e-06
[train] step=4983 loss=0.009743 lr=9.335e-06
[train] step=4984 loss=0.010974 lr=9.335e-06
[train] step=4985 loss=0.017919 lr=9.335e-06
[train] step=4986 loss=0.007948 lr=9.335e-06
[train] step=4987 loss=0.006335 lr=9.334e-06
[train] step=4988 loss=0.007045 lr=9.334e-06
[train] step=4989 loss=0.016124 lr=9.334e-06
[train] step=4990 loss=0.005567 lr=9.334e-06
[train] step=4991 loss=0.004888 lr=9.333e-06
[train] step=4992 loss=0.029342 lr=9.333e-06
[train] step=4993 loss=0.006238 lr=9.333e-06
[train] step=4994 loss=0.007842 lr=9.333e-06
[train] step=4995 loss=0.004289 lr=9.332e-06
[train] step=4996 loss=0.006111 lr=9.332e-06
[train] step=4997 loss=0.024674 lr=9.332e-06
[train] step=4998 loss=0.012050 lr=9.332e-06
[train] step=4999 loss=0.006364 lr=9.331e-06
[train] step=5000 loss=0.009985 lr=9.331e-06
[train] step=5001 loss=0.013289 lr=9.331e-06
[train] step=5002 loss=0.013920 lr=9.331e-06
[train] step=5003 loss=0.016944 lr=9.330e-06
[train] step=5004 loss=0.009462 lr=9.330e-06
[train] step=5005 loss=0.013291 lr=9.330e-06
[train] step=5006 loss=0.006022 lr=9.329e-06
[train] step=5007 loss=0.011467 lr=9.329e-06
[train] step=5008 loss=0.006077 lr=9.329e-06
[train] step=5009 loss=0.009565 lr=9.329e-06
[train] step=5010 loss=0.008062 lr=9.328e-06
[train] step=5011 loss=0.014791 lr=9.328e-06
[train] step=5012 loss=0.015743 lr=9.328e-06
[train] step=5013 loss=0.011841 lr=9.328e-06
[train] step=5014 loss=0.010545 lr=9.327e-06
[train] step=5015 loss=0.010045 lr=9.327e-06
[train] step=5016 loss=0.011624 lr=9.327e-06
[train] step=5017 loss=0.017370 lr=9.327e-06
[train] step=5018 loss=0.018874 lr=9.326e-06
[train] step=5019 loss=0.050994 lr=9.326e-06
[train] step=5020 loss=0.026539 lr=9.326e-06
[train] step=5021 loss=0.008197 lr=9.326e-06
[train] step=5022 loss=0.031917 lr=9.325e-06
[train] step=5023 loss=0.012439 lr=9.325e-06
[train] step=5024 loss=0.008736 lr=9.325e-06
[train] step=5025 loss=0.021225 lr=9.325e-06
[train] step=5026 loss=0.010414 lr=9.324e-06
[train] step=5027 loss=0.009448 lr=9.324e-06
[train] step=5028 loss=0.028422 lr=9.324e-06
[train] step=5029 loss=0.009275 lr=9.323e-06
[train] step=5030 loss=0.020363 lr=9.323e-06
[train] step=5031 loss=0.028866 lr=9.323e-06
[train] step=5032 loss=0.007043 lr=9.323e-06
[train] step=5033 loss=0.028745 lr=9.322e-06
[train] step=5034 loss=0.011554 lr=9.322e-06
[train] step=5035 loss=0.017862 lr=9.322e-06
[train] step=5036 loss=0.014993 lr=9.322e-06
[train] step=5037 loss=0.011649 lr=9.321e-06
[train] step=5038 loss=0.010491 lr=9.321e-06
[train] step=5039 loss=0.010632 lr=9.321e-06
[train] step=5040 loss=0.008114 lr=9.321e-06
INFO     [rank 0] Model weights for step 5040 saved in       dit_trainer.py:1288
         checkpoints/model_weights_step_05040.safetensors                       
INFO     [rank 0] Scalar embedding weights for step 5040     dit_trainer.py:1297
         saved                                                                  
INFO     [rank 0] Training state saved:                      dit_trainer.py:1416
         checkpoints/model_weights_step_05040.state.pt                          
DEBUG    [rank 0] Removed old checkpoint:                    dit_trainer.py:1429
         /local/disk/hramachandran/work/wh_work/windinet/dit                    
         _outputs/lundquist/dit_sds_untrained_30k/checkpoint                    
         s/model_weights_step_04800.safetensors                                 
DEBUG    [rank 0] Removed old checkpoint:                    dit_trainer.py:1429
         /local/disk/hramachandran/work/wh_work/windinet/dit                    
         _outputs/lundquist/dit_sds_untrained_30k/checkpoint                    
         s/scalar_embedding_step_04800.safetensors                              
DEBUG    [rank 0] Removed optimizer state for older kept     dit_trainer.py:1444
         checkpoint:                                                            
         /local/disk/hramachandran/work/wh_work/windinet/dit                    
         _outputs/lundquist/dit_sds_untrained_30k/checkpoint                    
         s/model_weights_step_04920.state.pt                                    
[epoch 42] step=5040 train_loss=0.013395
[train] step=5041 loss=0.022017 lr=9.320e-06
[train] step=5042 loss=0.036165 lr=9.320e-06
[train] step=5043 loss=0.006662 lr=9.320e-06
[train] step=5044 loss=0.005477 lr=9.320e-06
[train] step=5045 loss=0.012598 lr=9.319e-06
[train] step=5046 loss=0.006141 lr=9.319e-06
[train] step=5047 loss=0.015316 lr=9.319e-06
[train] step=5048 loss=0.006127 lr=9.318e-06
[train] step=5049 loss=0.041136 lr=9.318e-06
[train] step=5050 loss=0.113278 lr=9.318e-06
[train] step=5051 loss=0.012753 lr=9.318e-06
[train] step=5052 loss=0.013291 lr=9.317e-06
[train] step=5053 loss=0.012689 lr=9.317e-06
[train] step=5054 loss=0.011579 lr=9.317e-06
[train] step=5055 loss=0.015515 lr=9.317e-06
[train] step=5056 loss=0.011576 lr=9.316e-06
[train] step=5057 loss=0.008116 lr=9.316e-06
[train] step=5058 loss=0.010634 lr=9.316e-06
[train] step=5059 loss=0.011680 lr=9.316e-06
[train] step=5060 loss=0.006995 lr=9.315e-06
[train] step=5061 loss=0.018219 lr=9.315e-06
[train] step=5062 loss=0.005907 lr=9.315e-06
[train] step=5063 loss=0.005564 lr=9.314e-06
[train] step=5064 loss=0.009011 lr=9.314e-06
[train] step=5065 loss=0.011171 lr=9.314e-06
[train] step=5066 loss=0.007837 lr=9.314e-06
[train] step=5067 loss=0.007046 lr=9.313e-06
[train] step=5068 loss=0.011384 lr=9.313e-06
[train] step=5069 loss=0.009839 lr=9.313e-06
[train] step=5070 loss=0.010239 lr=9.313e-06
[train] step=5071 loss=0.015146 lr=9.312e-06
[train] step=5072 loss=0.005611 lr=9.312e-06
[train] step=5073 loss=0.007073 lr=9.312e-06
[train] step=5074 loss=0.009292 lr=9.312e-06
[train] step=5075 loss=0.010715 lr=9.311e-06
[train] step=5076 loss=0.009104 lr=9.311e-06
[train] step=5077 loss=0.005137 lr=9.311e-06
[train] step=5078 loss=0.012028 lr=9.311e-06
[train] step=5079 loss=0.005938 lr=9.310e-06
[train] step=5080 loss=0.007495 lr=9.310e-06
[train] step=5081 loss=0.004705 lr=9.310e-06
[train] step=5082 loss=0.005896 lr=9.309e-06
[train] step=5083 loss=0.009336 lr=9.309e-06
[train] step=5084 loss=0.011676 lr=9.309e-06
[train] step=5085 loss=0.013541 lr=9.309e-06
[train] step=5086 loss=0.014479 lr=9.308e-06
[train] step=5087 loss=0.014270 lr=9.308e-06
[train] step=5088 loss=0.008540 lr=9.308e-06
[train] step=5089 loss=0.011357 lr=9.308e-06
[train] step=5090 loss=0.006354 lr=9.307e-06
[train] step=5091 loss=0.005755 lr=9.307e-06
[train] step=5092 loss=0.019798 lr=9.307e-06
[train] step=5093 loss=0.005098 lr=9.307e-06
[train] step=5094 loss=0.009902 lr=9.306e-06
[train] step=5095 loss=0.004805 lr=9.306e-06
[train] step=5096 loss=0.011625 lr=9.306e-06
[train] step=5097 loss=0.012161 lr=9.305e-06
[train] step=5098 loss=0.007488 lr=9.305e-06
[train] step=5099 loss=0.009524 lr=9.305e-06
[train] step=5100 loss=0.008676 lr=9.305e-06
[train] step=5101 loss=0.018828 lr=9.304e-06
[train] step=5102 loss=0.009587 lr=9.304e-06
[train] step=5103 loss=0.003799 lr=9.304e-06
[train] step=5104 loss=0.019351 lr=9.304e-06
[train] step=5105 loss=0.013246 lr=9.303e-06
[train] step=5106 loss=0.016931 lr=9.303e-06
[train] step=5107 loss=0.003812 lr=9.303e-06
[train] step=5108 loss=0.009879 lr=9.303e-06
[train] step=5109 loss=0.013310 lr=9.302e-06
[train] step=5110 loss=0.011853 lr=9.302e-06
[train] step=5111 loss=0.035146 lr=9.302e-06
[train] step=5112 loss=0.014824 lr=9.301e-06
[train] step=5113 loss=0.013046 lr=9.301e-06
[train] step=5114 loss=0.009838 lr=9.301e-06
[train] step=5115 loss=0.005474 lr=9.301e-06
[train] step=5116 loss=0.011833 lr=9.300e-06
[train] step=5117 loss=0.041997 lr=9.300e-06
[train] step=5118 loss=0.013773 lr=9.300e-06
[train] step=5119 loss=0.008661 lr=9.300e-06
[train] step=5120 loss=0.020392 lr=9.299e-06
[train] step=5121 loss=0.005409 lr=9.299e-06
[train] step=5122 loss=0.025193 lr=9.299e-06
[train] step=5123 loss=0.014783 lr=9.299e-06
[train] step=5124 loss=0.006073 lr=9.298e-06
[train] step=5125 loss=0.005120 lr=9.298e-06
[train] step=5126 loss=0.010203 lr=9.298e-06
[train] step=5127 loss=0.006960 lr=9.297e-06
[train] step=5128 loss=0.014570 lr=9.297e-06
[train] step=5129 loss=0.019327 lr=9.297e-06
[train] step=5130 loss=0.005593 lr=9.297e-06
[train] step=5131 loss=0.010228 lr=9.296e-06
[train] step=5132 loss=0.012763 lr=9.296e-06
[train] step=5133 loss=0.012136 lr=9.296e-06
[train] step=5134 loss=0.007259 lr=9.296e-06
[train] step=5135 loss=0.010198 lr=9.295e-06
[train] step=5136 loss=0.009833 lr=9.295e-06
[train] step=5137 loss=0.019034 lr=9.295e-06
[train] step=5138 loss=0.011288 lr=9.295e-06
[train] step=5139 loss=0.006146 lr=9.294e-06
[train] step=5140 loss=0.005899 lr=9.294e-06
[train] step=5141 loss=0.021144 lr=9.294e-06
[train] step=5142 loss=0.006034 lr=9.293e-06
[train] step=5143 loss=0.014477 lr=9.293e-06
[train] step=5144 loss=0.012507 lr=9.293e-06
[train] step=5145 loss=0.010743 lr=9.293e-06
[train] step=5146 loss=0.010819 lr=9.292e-06
[train] step=5147 loss=0.008636 lr=9.292e-06
[train] step=5148 loss=0.004503 lr=9.292e-06
[train] step=5149 loss=0.012831 lr=9.292e-06
[train] step=5150 loss=0.008915 lr=9.291e-06
[train] step=5151 loss=0.014248 lr=9.291e-06
[train] step=5152 loss=0.041320 lr=9.291e-06
[train] step=5153 loss=0.005107 lr=9.290e-06
[train] step=5154 loss=0.012131 lr=9.290e-06
[train] step=5155 loss=0.025569 lr=9.290e-06
[train] step=5156 loss=0.009389 lr=9.290e-06
[train] step=5157 loss=0.007492 lr=9.289e-06
[train] step=5158 loss=0.008984 lr=9.289e-06
[train] step=5159 loss=0.010829 lr=9.289e-06
[train] step=5160 loss=0.011919 lr=9.289e-06
INFO     [rank 0] Model weights for step 5160 saved in       dit_trainer.py:1288
         checkpoints/model_weights_step_05160.safetensors                       
INFO     [rank 0] Scalar embedding weights for step 5160     dit_trainer.py:1297
         saved                                                                  
INFO     [rank 0] Training state saved:                      dit_trainer.py:1416
         checkpoints/model_weights_step_05160.state.pt                          
DEBUG    [rank 0] Removed old checkpoint:                    dit_trainer.py:1429
         /local/disk/hramachandran/work/wh_work/windinet/dit                    
         _outputs/lundquist/dit_sds_untrained_30k/checkpoint                    
         s/model_weights_step_04920.safetensors                                 
DEBUG    [rank 0] Removed old checkpoint:                    dit_trainer.py:1429
         /local/disk/hramachandran/work/wh_work/windinet/dit                    
         _outputs/lundquist/dit_sds_untrained_30k/checkpoint                    
         s/scalar_embedding_step_04920.safetensors                              
DEBUG    [rank 0] Removed optimizer state for older kept     dit_trainer.py:1444
         checkpoint:                                                            
         /local/disk/hramachandran/work/wh_work/windinet/dit                    
         _outputs/lundquist/dit_sds_untrained_30k/checkpoint                    
         s/model_weights_step_05040.state.pt                                    
[epoch 43] step=5160 train_loss=0.012716
[train] step=5161 loss=0.011306 lr=9.288e-06
[train] step=5162 loss=0.010276 lr=9.288e-06
[train] step=5163 loss=0.017053 lr=9.288e-06
[train] step=5164 loss=0.041258 lr=9.288e-06
[train] step=5165 loss=0.015970 lr=9.287e-06
[train] step=5166 loss=0.019039 lr=9.287e-06
[train] step=5167 loss=0.012019 lr=9.287e-06
[train] step=5168 loss=0.011694 lr=9.286e-06
[train] step=5169 loss=0.009141 lr=9.286e-06
[train] step=5170 loss=0.014886 lr=9.286e-06
[train] step=5171 loss=0.017853 lr=9.286e-06
[train] step=5172 loss=0.007519 lr=9.285e-06
[train] step=5173 loss=0.005847 lr=9.285e-06
[train] step=5174 loss=0.029252 lr=9.285e-06
[train] step=5175 loss=0.018298 lr=9.285e-06
[train] step=5176 loss=0.008393 lr=9.284e-06
[train] step=5177 loss=0.005574 lr=9.284e-06
[train] step=5178 loss=0.030226 lr=9.284e-06
[train] step=5179 loss=0.005245 lr=9.283e-06
[train] step=5180 loss=0.006441 lr=9.283e-06
[train] step=5181 loss=0.007184 lr=9.283e-06
[train] step=5182 loss=0.008470 lr=9.283e-06
[train] step=5183 loss=0.005108 lr=9.282e-06
[train] step=5184 loss=0.011313 lr=9.282e-06
[train] step=5185 loss=0.007822 lr=9.282e-06
[train] step=5186 loss=0.014496 lr=9.282e-06
[train] step=5187 loss=0.006340 lr=9.281e-06
[train] step=5188 loss=0.012670 lr=9.281e-06
[train] step=5189 loss=0.016355 lr=9.281e-06
[train] step=5190 loss=0.008624 lr=9.281e-06
[train] step=5191 loss=0.015388 lr=9.280e-06
[train] step=5192 loss=0.012221 lr=9.280e-06
[train] step=5193 loss=0.008674 lr=9.280e-06
[train] step=5194 loss=0.005939 lr=9.279e-06
[train] step=5195 loss=0.008426 lr=9.279e-06
[train] step=5196 loss=0.010930 lr=9.279e-06
[train] step=5197 loss=0.015836 lr=9.279e-06
[train] step=5198 loss=0.005379 lr=9.278e-06
[train] step=5199 loss=0.017455 lr=9.278e-06
[train] step=5200 loss=0.018030 lr=9.278e-06
[train] step=5201 loss=0.006039 lr=9.278e-06
[train] step=5202 loss=0.006230 lr=9.277e-06
[train] step=5203 loss=0.017008 lr=9.277e-06
[train] step=5204 loss=0.009154 lr=9.277e-06
[train] step=5205 loss=0.015680 lr=9.276e-06
[train] step=5206 loss=0.011076 lr=9.276e-06
[train] step=5207 loss=0.026093 lr=9.276e-06
[train] step=5208 loss=0.005910 lr=9.276e-06
[train] step=5209 loss=0.017167 lr=9.275e-06
[train] step=5210 loss=0.014257 lr=9.275e-06
[train] step=5211 loss=0.010344 lr=9.275e-06
[train] step=5212 loss=0.009978 lr=9.275e-06
[train] step=5213 loss=0.008612 lr=9.274e-06
[train] step=5214 loss=0.008655 lr=9.274e-06
[train] step=5215 loss=0.006936 lr=9.274e-06
[train] step=5216 loss=0.018414 lr=9.273e-06
[train] step=5217 loss=0.007389 lr=9.273e-06
[train] step=5218 loss=0.026171 lr=9.273e-06
[train] step=5219 loss=0.027292 lr=9.273e-06
[train] step=5220 loss=0.033999 lr=9.272e-06
[train] step=5221 loss=0.018204 lr=9.272e-06
[train] step=5222 loss=0.012661 lr=9.272e-06
[train] step=5223 loss=0.014786 lr=9.272e-06
[train] step=5224 loss=0.011293 lr=9.271e-06
[train] step=5225 loss=0.013153 lr=9.271e-06
[train] step=5226 loss=0.009466 lr=9.271e-06
[train] step=5227 loss=0.021187 lr=9.270e-06
[train] step=5228 loss=0.005420 lr=9.270e-06
[train] step=5229 loss=0.003112 lr=9.270e-06
[train] step=5230 loss=0.024119 lr=9.270e-06
[train] step=5231 loss=0.006498 lr=9.269e-06
[train] step=5232 loss=0.012276 lr=9.269e-06
[train] step=5233 loss=0.005966 lr=9.269e-06
[train] step=5234 loss=0.009097 lr=9.269e-06
[train] step=5235 loss=0.013300 lr=9.268e-06
[train] step=5236 loss=0.007276 lr=9.268e-06
[train] step=5237 loss=0.018147 lr=9.268e-06
[train] step=5238 loss=0.004687 lr=9.267e-06
[train] step=5239 loss=0.007662 lr=9.267e-06
[train] step=5240 loss=0.022031 lr=9.267e-06
[train] step=5241 loss=0.009294 lr=9.267e-06
[train] step=5242 loss=0.014524 lr=9.266e-06
[train] step=5243 loss=0.015958 lr=9.266e-06
[train] step=5244 loss=0.017526 lr=9.266e-06
[train] step=5245 loss=0.013650 lr=9.266e-06
[train] step=5246 loss=0.032889 lr=9.265e-06
[train] step=5247 loss=0.010091 lr=9.265e-06
[train] step=5248 loss=0.007234 lr=9.265e-06
[train] step=5249 loss=0.007544 lr=9.264e-06
[train] step=5250 loss=0.006705 lr=9.264e-06
[train] step=5251 loss=0.014066 lr=9.264e-06
[train] step=5252 loss=0.007067 lr=9.264e-06
[train] step=5253 loss=0.008596 lr=9.263e-06
[train] step=5254 loss=0.004924 lr=9.263e-06
[train] step=5255 loss=0.007297 lr=9.263e-06
[train] step=5256 loss=0.019711 lr=9.263e-06
[train] step=5257 loss=0.012762 lr=9.262e-06
[train] step=5258 loss=0.010264 lr=9.262e-06
[train] step=5259 loss=0.003473 lr=9.262e-06
[train] step=5260 loss=0.039218 lr=9.261e-06
[train] step=5261 loss=0.006865 lr=9.261e-06
[train] step=5262 loss=0.012911 lr=9.261e-06
[train] step=5263 loss=0.035738 lr=9.261e-06
[train] step=5264 loss=0.007204 lr=9.260e-06
[train] step=5265 loss=0.018087 lr=9.260e-06
[train] step=5266 loss=0.012757 lr=9.260e-06
[train] step=5267 loss=0.013371 lr=9.260e-06
[train] step=5268 loss=0.008829 lr=9.259e-06
[train] step=5269 loss=0.007283 lr=9.259e-06
[train] step=5270 loss=0.023556 lr=9.259e-06
[train] step=5271 loss=0.012210 lr=9.258e-06
[train] step=5272 loss=0.028626 lr=9.258e-06
[train] step=5273 loss=0.006923 lr=9.258e-06
[train] step=5274 loss=0.021706 lr=9.258e-06
[train] step=5275 loss=0.010762 lr=9.257e-06
[train] step=5276 loss=0.009487 lr=9.257e-06
[train] step=5277 loss=0.014973 lr=9.257e-06
[train] step=5278 loss=0.017297 lr=9.257e-06
[train] step=5279 loss=0.005900 lr=9.256e-06
[train] step=5280 loss=0.036370 lr=9.256e-06
INFO     [rank 0] Model weights for step 5280 saved in       dit_trainer.py:1288
         checkpoints/model_weights_step_05280.safetensors                       
INFO     [rank 0] Scalar embedding weights for step 5280     dit_trainer.py:1297
         saved                                                                  
INFO     [rank 0] Training state saved:                      dit_trainer.py:1416
         checkpoints/model_weights_step_05280.state.pt                          
DEBUG    [rank 0] Removed old checkpoint:                    dit_trainer.py:1429
         /local/disk/hramachandran/work/wh_work/windinet/dit                    
         _outputs/lundquist/dit_sds_untrained_30k/checkpoint                    
         s/model_weights_step_05040.safetensors                                 
DEBUG    [rank 0] Removed old checkpoint:                    dit_trainer.py:1429
         /local/disk/hramachandran/work/wh_work/windinet/dit                    
         _outputs/lundquist/dit_sds_untrained_30k/checkpoint                    
         s/scalar_embedding_step_05040.safetensors                              
DEBUG    [rank 0] Removed optimizer state for older kept     dit_trainer.py:1444
         checkpoint:                                                            
         /local/disk/hramachandran/work/wh_work/windinet/dit                    
         _outputs/lundquist/dit_sds_untrained_30k/checkpoint                    
         s/model_weights_step_05160.state.pt                                    
[epoch 44] step=5280 train_loss=0.013249
[train] step=5281 loss=0.010854 lr=9.256e-06
[train] step=5282 loss=0.004665 lr=9.255e-06
[train] step=5283 loss=0.018350 lr=9.255e-06
[train] step=5284 loss=0.009559 lr=9.255e-06
[train] step=5285 loss=0.008688 lr=9.255e-06
[train] step=5286 loss=0.007210 lr=9.254e-06
[train] step=5287 loss=0.009024 lr=9.254e-06
[train] step=5288 loss=0.007734 lr=9.254e-06
[train] step=5289 loss=0.013897 lr=9.254e-06
[train] step=5290 loss=0.005421 lr=9.253e-06
[train] step=5291 loss=0.012985 lr=9.253e-06
[train] step=5292 loss=0.008545 lr=9.253e-06
[train] step=5293 loss=0.007573 lr=9.252e-06
[train] step=5294 loss=0.011908 lr=9.252e-06
[train] step=5295 loss=0.005347 lr=9.252e-06
[train] step=5296 loss=0.014654 lr=9.252e-06
[train] step=5297 loss=0.005275 lr=9.251e-06
[train] step=5298 loss=0.011608 lr=9.251e-06
[train] step=5299 loss=0.033802 lr=9.251e-06
[train] step=5300 loss=0.008897 lr=9.250e-06
[train] step=5301 loss=0.010493 lr=9.250e-06
[train] step=5302 loss=0.004904 lr=9.250e-06
[train] step=5303 loss=0.009817 lr=9.250e-06
[train] step=5304 loss=0.010209 lr=9.249e-06
[train] step=5305 loss=0.010062 lr=9.249e-06
[train] step=5306 loss=0.011057 lr=9.249e-06
[train] step=5307 loss=0.009253 lr=9.249e-06
[train] step=5308 loss=0.017980 lr=9.248e-06
[train] step=5309 loss=0.007244 lr=9.248e-06
[train] step=5310 loss=0.010507 lr=9.248e-06
[train] step=5311 loss=0.018407 lr=9.247e-06
[train] step=5312 loss=0.005220 lr=9.247e-06
[train] step=5313 loss=0.007965 lr=9.247e-06
[train] step=5314 loss=0.017337 lr=9.247e-06
[train] step=5315 loss=0.014425 lr=9.246e-06
[train] step=5316 loss=0.004886 lr=9.246e-06
[train] step=5317 loss=0.018314 lr=9.246e-06
[train] step=5318 loss=0.013605 lr=9.246e-06
[train] step=5319 loss=0.022826 lr=9.245e-06
[train] step=5320 loss=0.009329 lr=9.245e-06
[train] step=5321 loss=0.044559 lr=9.245e-06
[train] step=5322 loss=0.007254 lr=9.244e-06
[train] step=5323 loss=0.007996 lr=9.244e-06
[train] step=5324 loss=0.004637 lr=9.244e-06
[train] step=5325 loss=0.013630 lr=9.244e-06
[train] step=5326 loss=0.006742 lr=9.243e-06
[train] step=5327 loss=0.007042 lr=9.243e-06
[train] step=5328 loss=0.011479 lr=9.243e-06
[train] step=5329 loss=0.006695 lr=9.242e-06
[train] step=5330 loss=0.027773 lr=9.242e-06
[train] step=5331 loss=0.009810 lr=9.242e-06
[train] step=5332 loss=0.014127 lr=9.242e-06
[train] step=5333 loss=0.007220 lr=9.241e-06
[train] step=5334 loss=0.036368 lr=9.241e-06
[train] step=5335 loss=0.017419 lr=9.241e-06
[train] step=5336 loss=0.008257 lr=9.241e-06
[train] step=5337 loss=0.016209 lr=9.240e-06
[train] step=5338 loss=0.006590 lr=9.240e-06
[train] step=5339 loss=0.015024 lr=9.240e-06
[train] step=5340 loss=0.006985 lr=9.239e-06
[train] step=5341 loss=0.011437 lr=9.239e-06
[train] step=5342 loss=0.007708 lr=9.239e-06
[train] step=5343 loss=0.008750 lr=9.239e-06
[train] step=5344 loss=0.008009 lr=9.238e-06
[train] step=5345 loss=0.017436 lr=9.238e-06
[train] step=5346 loss=0.009468 lr=9.238e-06
[train] step=5347 loss=0.012650 lr=9.237e-06
[train] step=5348 loss=0.005064 lr=9.237e-06
[train] step=5349 loss=0.027893 lr=9.237e-06
[train] step=5350 loss=0.014957 lr=9.237e-06
[train] step=5351 loss=0.005460 lr=9.236e-06
[train] step=5352 loss=0.015501 lr=9.236e-06
[train] step=5353 loss=0.008063 lr=9.236e-06
[train] step=5354 loss=0.009710 lr=9.236e-06
[train] step=5355 loss=0.005832 lr=9.235e-06
[train] step=5356 loss=0.011148 lr=9.235e-06
[train] step=5357 loss=0.014119 lr=9.235e-06
[train] step=5358 loss=0.007531 lr=9.234e-06
[train] step=5359 loss=0.007099 lr=9.234e-06
[train] step=5360 loss=0.023149 lr=9.234e-06
[train] step=5361 loss=0.008024 lr=9.234e-06
[train] step=5362 loss=0.010266 lr=9.233e-06
[train] step=5363 loss=0.017362 lr=9.233e-06
[train] step=5364 loss=0.010957 lr=9.233e-06
[train] step=5365 loss=0.009074 lr=9.232e-06
[train] step=5366 loss=0.007450 lr=9.232e-06
[train] step=5367 loss=0.101633 lr=9.232e-06
[train] step=5368 loss=0.016585 lr=9.232e-06
[train] step=5369 loss=0.017721 lr=9.231e-06
[train] step=5370 loss=0.007856 lr=9.231e-06
[train] step=5371 loss=0.009357 lr=9.231e-06
[train] step=5372 loss=0.009748 lr=9.231e-06
[train] step=5373 loss=0.042753 lr=9.230e-06
[train] step=5374 loss=0.008077 lr=9.230e-06
[train] step=5375 loss=0.011885 lr=9.230e-06
[train] step=5376 loss=0.006720 lr=9.229e-06
[train] step=5377 loss=0.004407 lr=9.229e-06
[train] step=5378 loss=0.014062 lr=9.229e-06
[train] step=5379 loss=0.011189 lr=9.229e-06
[train] step=5380 loss=0.009365 lr=9.228e-06
[train] step=5381 loss=0.010396 lr=9.228e-06
[train] step=5382 loss=0.018082 lr=9.228e-06
[train] step=5383 loss=0.008860 lr=9.227e-06
[train] step=5384 loss=0.017926 lr=9.227e-06
[train] step=5385 loss=0.011870 lr=9.227e-06
[train] step=5386 loss=0.015808 lr=9.227e-06
[train] step=5387 loss=0.013992 lr=9.226e-06
[train] step=5388 loss=0.016347 lr=9.226e-06
[train] step=5389 loss=0.026068 lr=9.226e-06
[train] step=5390 loss=0.011407 lr=9.225e-06
[train] step=5391 loss=0.014138 lr=9.225e-06
[train] step=5392 loss=0.013799 lr=9.225e-06
[train] step=5393 loss=0.017158 lr=9.225e-06
[train] step=5394 loss=0.022754 lr=9.224e-06
[train] step=5395 loss=0.011977 lr=9.224e-06
[train] step=5396 loss=0.005238 lr=9.224e-06
[train] step=5397 loss=0.012650 lr=9.224e-06
[train] step=5398 loss=0.007772 lr=9.223e-06
[train] step=5399 loss=0.007426 lr=9.223e-06
[train] step=5400 loss=0.009168 lr=9.223e-06
[val] step=5400 val_loss=0.012764
INFO     [rank 0] Model weights for step 5400 saved in       dit_trainer.py:1288
         checkpoints/model_weights_step_05400.safetensors                       
INFO     [rank 0] Scalar embedding weights for step 5400     dit_trainer.py:1297
         saved                                                                  
INFO     [rank 0] Training state saved:                      dit_trainer.py:1416
         checkpoints/model_weights_step_05400.state.pt                          
INFO     [rank 0] New best checkpoint (step 5400,            dit_trainer.py:1320
         val_loss=0.012764):                                                    
         checkpoints/model_weights_best.safetensors                             
DEBUG    [rank 0] Removed old checkpoint:                    dit_trainer.py:1429
         /local/disk/hramachandran/work/wh_work/windinet/dit                    
         _outputs/lundquist/dit_sds_untrained_30k/checkpoint                    
         s/model_weights_step_05160.safetensors                                 
DEBUG    [rank 0] Removed old checkpoint:                    dit_trainer.py:1429
         /local/disk/hramachandran/work/wh_work/windinet/dit                    
         _outputs/lundquist/dit_sds_untrained_30k/checkpoint                    
         s/scalar_embedding_step_05160.safetensors                              
DEBUG    [rank 0] Removed optimizer state for older kept     dit_trainer.py:1444
         checkpoint:                                                            
         /local/disk/hramachandran/work/wh_work/windinet/dit                    
         _outputs/lundquist/dit_sds_untrained_30k/checkpoint                    
         s/model_weights_step_05280.state.pt                                    
[epoch 45] step=5400 train_loss=0.013260 val_loss=0.012764
[train] step=5401 loss=0.008977 lr=9.222e-06
[train] step=5402 loss=0.009199 lr=9.222e-06
[train] step=5403 loss=0.007802 lr=9.222e-06
[train] step=5404 loss=0.004146 lr=9.222e-06
[train] step=5405 loss=0.006113 lr=9.221e-06
[train] step=5406 loss=0.011886 lr=9.221e-06
[train] step=5407 loss=0.035907 lr=9.221e-06
[train] step=5408 loss=0.007500 lr=9.220e-06
[train] step=5409 loss=0.006385 lr=9.220e-06
[train] step=5410 loss=0.012301 lr=9.220e-06
[train] step=5411 loss=0.008261 lr=9.220e-06
[train] step=5412 loss=0.017814 lr=9.219e-06
[train] step=5413 loss=0.013853 lr=9.219e-06
[train] step=5414 loss=0.009763 lr=9.219e-06
[train] step=5415 loss=0.012398 lr=9.218e-06
[train] step=5416 loss=0.002845 lr=9.218e-06
[train] step=5417 loss=0.009202 lr=9.218e-06
[train] step=5418 loss=0.011435 lr=9.218e-06
[train] step=5419 loss=0.011564 lr=9.217e-06
[train] step=5420 loss=0.010093 lr=9.217e-06
[train] step=5421 loss=0.006985 lr=9.217e-06
[train] step=5422 loss=0.008523 lr=9.217e-06
[train] step=5423 loss=0.019590 lr=9.216e-06
[train] step=5424 loss=0.006219 lr=9.216e-06
[train] step=5425 loss=0.009653 lr=9.216e-06
[train] step=5426 loss=0.006768 lr=9.215e-06
[train] step=5427 loss=0.008554 lr=9.215e-06
[train] step=5428 loss=0.008764 lr=9.215e-06
[train] step=5429 loss=0.013774 lr=9.215e-06
[train] step=5430 loss=0.009084 lr=9.214e-06
[train] step=5431 loss=0.009033 lr=9.214e-06
[train] step=5432 loss=0.005377 lr=9.214e-06
[train] step=5433 loss=0.008826 lr=9.213e-06
[train] step=5434 loss=0.018390 lr=9.213e-06
[train] step=5435 loss=0.006966 lr=9.213e-06
[train] step=5436 loss=0.006760 lr=9.213e-06
[train] step=5437 loss=0.011764 lr=9.212e-06
[train] step=5438 loss=0.017318 lr=9.212e-06
[train] step=5439 loss=0.007978 lr=9.212e-06
[train] step=5440 loss=0.013544 lr=9.211e-06
[train] step=5441 loss=0.015679 lr=9.211e-06
[train] step=5442 loss=0.010041 lr=9.211e-06
[train] step=5443 loss=0.033835 lr=9.211e-06
[train] step=5444 loss=0.009742 lr=9.210e-06
[train] step=5445 loss=0.007449 lr=9.210e-06
[train] step=5446 loss=0.022912 lr=9.210e-06
[train] step=5447 loss=0.011427 lr=9.209e-06
[train] step=5448 loss=0.022300 lr=9.209e-06
[train] step=5449 loss=0.009275 lr=9.209e-06
[train] step=5450 loss=0.011087 lr=9.209e-06
[train] step=5451 loss=0.036397 lr=9.208e-06
[train] step=5452 loss=0.008224 lr=9.208e-06
[train] step=5453 loss=0.015854 lr=9.208e-06
[train] step=5454 loss=0.006115 lr=9.207e-06
[train] step=5455 loss=0.006134 lr=9.207e-06
[train] step=5456 loss=0.006994 lr=9.207e-06
[train] step=5457 loss=0.006655 lr=9.207e-06
[train] step=5458 loss=0.010469 lr=9.206e-06
[train] step=5459 loss=0.013975 lr=9.206e-06
[train] step=5460 loss=0.008004 lr=9.206e-06
[train] step=5461 loss=0.007684 lr=9.206e-06
[train] step=5462 loss=0.004720 lr=9.205e-06
[train] step=5463 loss=0.013957 lr=9.205e-06
[train] step=5464 loss=0.005580 lr=9.205e-06
[train] step=5465 loss=0.035655 lr=9.204e-06
[train] step=5466 loss=0.006053 lr=9.204e-06
[train] step=5467 loss=0.022554 lr=9.204e-06
[train] step=5468 loss=0.029045 lr=9.204e-06
[train] step=5469 loss=0.016840 lr=9.203e-06
[train] step=5470 loss=0.061094 lr=9.203e-06
[train] step=5471 loss=0.011597 lr=9.203e-06
[train] step=5472 loss=0.007499 lr=9.202e-06
[train] step=5473 loss=0.017426 lr=9.202e-06
[train] step=5474 loss=0.016432 lr=9.202e-06
[train] step=5475 loss=0.005821 lr=9.202e-06
[train] step=5476 loss=0.018432 lr=9.201e-06
[train] step=5477 loss=0.007807 lr=9.201e-06
[train] step=5478 loss=0.004176 lr=9.201e-06
[train] step=5479 loss=0.007728 lr=9.200e-06
[train] step=5480 loss=0.004593 lr=9.200e-06
[train] step=5481 loss=0.008277 lr=9.200e-06
[train] step=5482 loss=0.010654 lr=9.200e-06
[train] step=5483 loss=0.044181 lr=9.199e-06
[train] step=5484 loss=0.016442 lr=9.199e-06
[train] step=5485 loss=0.009887 lr=9.199e-06
[train] step=5486 loss=0.010664 lr=9.198e-06
[train] step=5487 loss=0.012392 lr=9.198e-06
[train] step=5488 loss=0.009207 lr=9.198e-06
[train] step=5489 loss=0.018289 lr=9.198e-06
[train] step=5490 loss=0.024669 lr=9.197e-06
[train] step=5491 loss=0.026554 lr=9.197e-06
[train] step=5492 loss=0.013576 lr=9.197e-06
[train] step=5493 loss=0.031208 lr=9.196e-06
[train] step=5494 loss=0.009949 lr=9.196e-06
[train] step=5495 loss=0.010345 lr=9.196e-06
[train] step=5496 loss=0.009386 lr=9.196e-06
[train] step=5497 loss=0.008647 lr=9.195e-06
[train] step=5498 loss=0.005562 lr=9.195e-06
[train] step=5499 loss=0.023086 lr=9.195e-06
[train] step=5500 loss=0.011605 lr=9.194e-06
[train] step=5501 loss=0.007995 lr=9.194e-06
[train] step=5502 loss=0.011750 lr=9.194e-06
[train] step=5503 loss=0.011431 lr=9.194e-06
[train] step=5504 loss=0.012859 lr=9.193e-06
[train] step=5505 loss=0.017329 lr=9.193e-06
[train] step=5506 loss=0.010382 lr=9.193e-06
[train] step=5507 loss=0.026712 lr=9.192e-06
[train] step=5508 loss=0.016833 lr=9.192e-06
[train] step=5509 loss=0.007679 lr=9.192e-06
[train] step=5510 loss=0.010522 lr=9.192e-06
[train] step=5511 loss=0.007340 lr=9.191e-06
[train] step=5512 loss=0.032806 lr=9.191e-06
[train] step=5513 loss=0.015670 lr=9.191e-06
[train] step=5514 loss=0.006047 lr=9.190e-06
[train] step=5515 loss=0.019834 lr=9.190e-06
[train] step=5516 loss=0.041536 lr=9.190e-06
[train] step=5517 loss=0.008739 lr=9.190e-06
[train] step=5518 loss=0.007435 lr=9.189e-06
[train] step=5519 loss=0.022570 lr=9.189e-06
[train] step=5520 loss=0.022656 lr=9.189e-06
INFO     [rank 0] Model weights for step 5520 saved in       dit_trainer.py:1288
         checkpoints/model_weights_step_05520.safetensors                       
INFO     [rank 0] Scalar embedding weights for step 5520     dit_trainer.py:1297
         saved                                                                  
INFO     [rank 0] Training state saved:                      dit_trainer.py:1416
         checkpoints/model_weights_step_05520.state.pt                          
DEBUG    [rank 0] Removed old checkpoint:                    dit_trainer.py:1429
         /local/disk/hramachandran/work/wh_work/windinet/dit                    
         _outputs/lundquist/dit_sds_untrained_30k/checkpoint                    
         s/model_weights_step_05280.safetensors                                 
DEBUG    [rank 0] Removed old checkpoint:                    dit_trainer.py:1429
         /local/disk/hramachandran/work/wh_work/windinet/dit                    
         _outputs/lundquist/dit_sds_untrained_30k/checkpoint                    
         s/scalar_embedding_step_05280.safetensors                              
DEBUG    [rank 0] Removed optimizer state for older kept     dit_trainer.py:1444
         checkpoint:                                                            
         /local/disk/hramachandran/work/wh_work/windinet/dit                    
         _outputs/lundquist/dit_sds_untrained_30k/checkpoint                    
         s/model_weights_step_05400.state.pt                                    
[epoch 46] step=5520 train_loss=0.013482
[train] step=5521 loss=0.008088 lr=9.188e-06
[train] step=5522 loss=0.014565 lr=9.188e-06
[train] step=5523 loss=0.008710 lr=9.188e-06
[train] step=5524 loss=0.015485 lr=9.188e-06
[train] step=5525 loss=0.018905 lr=9.187e-06
[train] step=5526 loss=0.038839 lr=9.187e-06
[train] step=5527 loss=0.007670 lr=9.187e-06
[train] step=5528 loss=0.046650 lr=9.186e-06
[train] step=5529 loss=0.016006 lr=9.186e-06
[train] step=5530 loss=0.025234 lr=9.186e-06
[train] step=5531 loss=0.022467 lr=9.186e-06
[train] step=5532 loss=0.006728 lr=9.185e-06
[train] step=5533 loss=0.007246 lr=9.185e-06
[train] step=5534 loss=0.009564 lr=9.185e-06
[train] step=5535 loss=0.011950 lr=9.184e-06
[train] step=5536 loss=0.006066 lr=9.184e-06
[train] step=5537 loss=0.005690 lr=9.184e-06
[train] step=5538 loss=0.032276 lr=9.184e-06
[train] step=5539 loss=0.012038 lr=9.183e-06
[train] step=5540 loss=0.007220 lr=9.183e-06
[train] step=5541 loss=0.006593 lr=9.183e-06
[train] step=5542 loss=0.026552 lr=9.182e-06
[train] step=5543 loss=0.016743 lr=9.182e-06
[train] step=5544 loss=0.007292 lr=9.182e-06
[train] step=5545 loss=0.008589 lr=9.182e-06
[train] step=5546 loss=0.010214 lr=9.181e-06
[train] step=5547 loss=0.017254 lr=9.181e-06
[train] step=5548 loss=0.008464 lr=9.181e-06
[train] step=5549 loss=0.010828 lr=9.180e-06
[train] step=5550 loss=0.014557 lr=9.180e-06
[train] step=5551 loss=0.014095 lr=9.180e-06
[train] step=5552 loss=0.010344 lr=9.180e-06
[train] step=5553 loss=0.007916 lr=9.179e-06
[train] step=5554 loss=0.005415 lr=9.179e-06
[train] step=5555 loss=0.010541 lr=9.179e-06
[train] step=5556 loss=0.010574 lr=9.178e-06
[train] step=5557 loss=0.005537 lr=9.178e-06
[train] step=5558 loss=0.016403 lr=9.178e-06
[train] step=5559 loss=0.004000 lr=9.178e-06
[train] step=5560 loss=0.010759 lr=9.177e-06
[train] step=5561 loss=0.027896 lr=9.177e-06
[train] step=5562 loss=0.010072 lr=9.177e-06
[train] step=5563 loss=0.024825 lr=9.176e-06
[train] step=5564 loss=0.004927 lr=9.176e-06
[train] step=5565 loss=0.005342 lr=9.176e-06
[train] step=5566 loss=0.008436 lr=9.176e-06
[train] step=5567 loss=0.006141 lr=9.175e-06
[train] step=5568 loss=0.010324 lr=9.175e-06
[train] step=5569 loss=0.004863 lr=9.175e-06
[train] step=5570 loss=0.034728 lr=9.174e-06
[train] step=5571 loss=0.008523 lr=9.174e-06
[train] step=5572 loss=0.006567 lr=9.174e-06
[train] step=5573 loss=0.006739 lr=9.174e-06
[train] step=5574 loss=0.078494 lr=9.173e-06
[train] step=5575 loss=0.005959 lr=9.173e-06
[train] step=5576 loss=0.020991 lr=9.173e-06
[train] step=5577 loss=0.007742 lr=9.172e-06
[train] step=5578 loss=0.007385 lr=9.172e-06
[train] step=5579 loss=0.007866 lr=9.172e-06
[train] step=5580 loss=0.012106 lr=9.172e-06
[train] step=5581 loss=0.016427 lr=9.171e-06
[train] step=5582 loss=0.011578 lr=9.171e-06
[train] step=5583 loss=0.012905 lr=9.171e-06
[train] step=5584 loss=0.013734 lr=9.170e-06
[train] step=5585 loss=0.009327 lr=9.170e-06
[train] step=5586 loss=0.022025 lr=9.170e-06
[train] step=5587 loss=0.011849 lr=9.169e-06
[train] step=5588 loss=0.006487 lr=9.169e-06
[train] step=5589 loss=0.012907 lr=9.169e-06
[train] step=5590 loss=0.011375 lr=9.169e-06
[train] step=5591 loss=0.011702 lr=9.168e-06
[train] step=5592 loss=0.042099 lr=9.168e-06
[train] step=5593 loss=0.055475 lr=9.168e-06
[train] step=5594 loss=0.006036 lr=9.167e-06
[train] step=5595 loss=0.011063 lr=9.167e-06
[train] step=5596 loss=0.007428 lr=9.167e-06
[train] step=5597 loss=0.017872 lr=9.167e-06
[train] step=5598 loss=0.016089 lr=9.166e-06
[train] step=5599 loss=0.004952 lr=9.166e-06
[train] step=5600 loss=0.007484 lr=9.166e-06
[train] step=5601 loss=0.014155 lr=9.165e-06
[train] step=5602 loss=0.013623 lr=9.165e-06
[train] step=5603 loss=0.011867 lr=9.165e-06
[train] step=5604 loss=0.015719 lr=9.165e-06
[train] step=5605 loss=0.011098 lr=9.164e-06
[train] step=5606 loss=0.010033 lr=9.164e-06
[train] step=5607 loss=0.009667 lr=9.164e-06
[train] step=5608 loss=0.021105 lr=9.163e-06
[train] step=5609 loss=0.004724 lr=9.163e-06
[train] step=5610 loss=0.019308 lr=9.163e-06
[train] step=5611 loss=0.005606 lr=9.163e-06
[train] step=5612 loss=0.011596 lr=9.162e-06
[train] step=5613 loss=0.007598 lr=9.162e-06
[train] step=5614 loss=0.005521 lr=9.162e-06
[train] step=5615 loss=0.013859 lr=9.161e-06
[train] step=5616 loss=0.011367 lr=9.161e-06
[train] step=5617 loss=0.014159 lr=9.161e-06
[train] step=5618 loss=0.021422 lr=9.161e-06
[train] step=5619 loss=0.012579 lr=9.160e-06
[train] step=5620 loss=0.010544 lr=9.160e-06
[train] step=5621 loss=0.004926 lr=9.160e-06
[train] step=5622 loss=0.007165 lr=9.159e-06
[train] step=5623 loss=0.017591 lr=9.159e-06
[train] step=5624 loss=0.009272 lr=9.159e-06
[train] step=5625 loss=0.006948 lr=9.158e-06
[train] step=5626 loss=0.007747 lr=9.158e-06
[train] step=5627 loss=0.005406 lr=9.158e-06
[train] step=5628 loss=0.011958 lr=9.158e-06
[train] step=5629 loss=0.017515 lr=9.157e-06
[train] step=5630 loss=0.017215 lr=9.157e-06
[train] step=5631 loss=0.004267 lr=9.157e-06
[train] step=5632 loss=0.011333 lr=9.156e-06
[train] step=5633 loss=0.026771 lr=9.156e-06
[train] step=5634 loss=0.011217 lr=9.156e-06
[train] step=5635 loss=0.008554 lr=9.156e-06
[train] step=5636 loss=0.010572 lr=9.155e-06
[train] step=5637 loss=0.006178 lr=9.155e-06
[train] step=5638 loss=0.022478 lr=9.155e-06
[train] step=5639 loss=0.014716 lr=9.154e-06
[train] step=5640 loss=0.014797 lr=9.154e-06
INFO     [rank 0] Model weights for step 5640 saved in       dit_trainer.py:1288
         checkpoints/model_weights_step_05640.safetensors                       
INFO     [rank 0] Scalar embedding weights for step 5640     dit_trainer.py:1297
         saved                                                                  
INFO     [rank 0] Training state saved:                      dit_trainer.py:1416
         checkpoints/model_weights_step_05640.state.pt                          
DEBUG    [rank 0] Removed old checkpoint:                    dit_trainer.py:1429
         /local/disk/hramachandran/work/wh_work/windinet/dit                    
         _outputs/lundquist/dit_sds_untrained_30k/checkpoint                    
         s/model_weights_step_05400.safetensors                                 
DEBUG    [rank 0] Removed old checkpoint:                    dit_trainer.py:1429
         /local/disk/hramachandran/work/wh_work/windinet/dit                    
         _outputs/lundquist/dit_sds_untrained_30k/checkpoint                    
         s/scalar_embedding_step_05400.safetensors                              
DEBUG    [rank 0] Removed optimizer state for older kept     dit_trainer.py:1444
         checkpoint:                                                            
         /local/disk/hramachandran/work/wh_work/windinet/dit                    
         _outputs/lundquist/dit_sds_untrained_30k/checkpoint                    
         s/model_weights_step_05520.state.pt                                    
[epoch 47] step=5640 train_loss=0.013690
[train] step=5641 loss=0.011910 lr=9.154e-06
[train] step=5642 loss=0.008838 lr=9.154e-06
[train] step=5643 loss=0.004383 lr=9.153e-06
[train] step=5644 loss=0.008762 lr=9.153e-06
[train] step=5645 loss=0.010270 lr=9.153e-06
[train] step=5646 loss=0.018919 lr=9.152e-06
[train] step=5647 loss=0.012516 lr=9.152e-06
[train] step=5648 loss=0.008745 lr=9.152e-06
[train] step=5649 loss=0.018633 lr=9.151e-06
[train] step=5650 loss=0.006488 lr=9.151e-06
[train] step=5651 loss=0.022746 lr=9.151e-06
[train] step=5652 loss=0.012518 lr=9.151e-06
[train] step=5653 loss=0.006836 lr=9.150e-06
[train] step=5654 loss=0.016322 lr=9.150e-06
[train] step=5655 loss=0.016339 lr=9.150e-06
[train] step=5656 loss=0.024380 lr=9.149e-06
[train] step=5657 loss=0.012881 lr=9.149e-06
[train] step=5658 loss=0.009266 lr=9.149e-06
[train] step=5659 loss=0.007491 lr=9.149e-06
[train] step=5660 loss=0.009475 lr=9.148e-06
[train] step=5661 loss=0.005391 lr=9.148e-06
[train] step=5662 loss=0.007586 lr=9.148e-06
[train] step=5663 loss=0.012126 lr=9.147e-06
[train] step=5664 loss=0.007265 lr=9.147e-06
[train] step=5665 loss=0.014730 lr=9.147e-06
[train] step=5666 loss=0.010714 lr=9.147e-06
[train] step=5667 loss=0.007797 lr=9.146e-06
[train] step=5668 loss=0.011242 lr=9.146e-06
[train] step=5669 loss=0.015757 lr=9.146e-06
[train] step=5670 loss=0.019992 lr=9.145e-06
[train] step=5671 loss=0.011159 lr=9.145e-06
[train] step=5672 loss=0.019898 lr=9.145e-06
[train] step=5673 loss=0.017985 lr=9.144e-06
[train] step=5674 loss=0.012760 lr=9.144e-06
[train] step=5675 loss=0.008108 lr=9.144e-06
[train] step=5676 loss=0.017648 lr=9.144e-06
[train] step=5677 loss=0.016006 lr=9.143e-06
[train] step=5678 loss=0.011283 lr=9.143e-06
[train] step=5679 loss=0.017602 lr=9.143e-06
[train] step=5680 loss=0.010443 lr=9.142e-06
[train] step=5681 loss=0.014732 lr=9.142e-06
[train] step=5682 loss=0.015475 lr=9.142e-06
[train] step=5683 loss=0.015428 lr=9.142e-06
[train] step=5684 loss=0.014832 lr=9.141e-06
[train] step=5685 loss=0.005856 lr=9.141e-06
[train] step=5686 loss=0.005933 lr=9.141e-06
[train] step=5687 loss=0.008214 lr=9.140e-06
[train] step=5688 loss=0.005615 lr=9.140e-06
[train] step=5689 loss=0.012371 lr=9.140e-06
[train] step=5690 loss=0.015663 lr=9.139e-06
[train] step=5691 loss=0.004904 lr=9.139e-06
[train] step=5692 loss=0.027091 lr=9.139e-06
[train] step=5693 loss=0.015269 lr=9.139e-06
[train] step=5694 loss=0.013008 lr=9.138e-06
[train] step=5695 loss=0.011829 lr=9.138e-06
[train] step=5696 loss=0.006960 lr=9.138e-06
[train] step=5697 loss=0.005785 lr=9.137e-06
[train] step=5698 loss=0.005424 lr=9.137e-06
[train] step=5699 loss=0.010757 lr=9.137e-06
[train] step=5700 loss=0.008752 lr=9.137e-06
[train] step=5701 loss=0.007871 lr=9.136e-06
[train] step=5702 loss=0.029653 lr=9.136e-06
[train] step=5703 loss=0.007374 lr=9.136e-06
[train] step=5704 loss=0.008090 lr=9.135e-06
[train] step=5705 loss=0.007350 lr=9.135e-06
[train] step=5706 loss=0.007611 lr=9.135e-06
[train] step=5707 loss=0.003707 lr=9.135e-06
[train] step=5708 loss=0.016110 lr=9.134e-06
[train] step=5709 loss=0.010327 lr=9.134e-06
[train] step=5710 loss=0.013465 lr=9.134e-06
[train] step=5711 loss=0.004958 lr=9.133e-06
[train] step=5712 loss=0.012035 lr=9.133e-06
[train] step=5713 loss=0.009626 lr=9.133e-06
[train] step=5714 loss=0.007611 lr=9.132e-06
[train] step=5715 loss=0.006871 lr=9.132e-06
[train] step=5716 loss=0.026905 lr=9.132e-06
[train] step=5717 loss=0.004452 lr=9.132e-06
[train] step=5718 loss=0.008174 lr=9.131e-06
[train] step=5719 loss=0.020983 lr=9.131e-06
[train] step=5720 loss=0.018398 lr=9.131e-06
[train] step=5721 loss=0.016061 lr=9.130e-06
[train] step=5722 loss=0.014995 lr=9.130e-06
[train] step=5723 loss=0.010934 lr=9.130e-06
[train] step=5724 loss=0.008264 lr=9.129e-06
[train] step=5725 loss=0.012288 lr=9.129e-06
[train] step=5726 loss=0.008156 lr=9.129e-06
[train] step=5727 loss=0.005863 lr=9.129e-06
[train] step=5728 loss=0.014000 lr=9.128e-06
[train] step=5729 loss=0.005927 lr=9.128e-06
[train] step=5730 loss=0.008283 lr=9.128e-06
[train] step=5731 loss=0.011101 lr=9.127e-06
[train] step=5732 loss=0.047919 lr=9.127e-06
[train] step=5733 loss=0.005453 lr=9.127e-06
[train] step=5734 loss=0.009098 lr=9.127e-06
[train] step=5735 loss=0.040688 lr=9.126e-06
[train] step=5736 loss=0.022455 lr=9.126e-06
[train] step=5737 loss=0.016211 lr=9.126e-06
[train] step=5738 loss=0.008178 lr=9.125e-06
[train] step=5739 loss=0.009969 lr=9.125e-06
[train] step=5740 loss=0.008798 lr=9.125e-06
[train] step=5741 loss=0.007794 lr=9.124e-06
[train] step=5742 loss=0.021638 lr=9.124e-06
[train] step=5743 loss=0.009373 lr=9.124e-06
[train] step=5744 loss=0.009560 lr=9.124e-06
[train] step=5745 loss=0.009845 lr=9.123e-06
[train] step=5746 loss=0.007675 lr=9.123e-06
[train] step=5747 loss=0.009280 lr=9.123e-06
[train] step=5748 loss=0.007885 lr=9.122e-06
[train] step=5749 loss=0.014470 lr=9.122e-06
[train] step=5750 loss=0.007866 lr=9.122e-06
[train] step=5751 loss=0.004383 lr=9.122e-06
[train] step=5752 loss=0.007160 lr=9.121e-06
[train] step=5753 loss=0.006801 lr=9.121e-06
[train] step=5754 loss=0.009619 lr=9.121e-06
[train] step=5755 loss=0.005046 lr=9.120e-06
[train] step=5756 loss=0.017209 lr=9.120e-06
[train] step=5757 loss=0.007052 lr=9.120e-06
[train] step=5758 loss=0.010739 lr=9.119e-06
[train] step=5759 loss=0.018589 lr=9.119e-06
[train] step=5760 loss=0.008538 lr=9.119e-06
INFO     [rank 0] Model weights for step 5760 saved in       dit_trainer.py:1288
         checkpoints/model_weights_step_05760.safetensors                       
INFO     [rank 0] Scalar embedding weights for step 5760     dit_trainer.py:1297
         saved                                                                  
INFO     [rank 0] Training state saved:                      dit_trainer.py:1416
         checkpoints/model_weights_step_05760.state.pt                          
DEBUG    [rank 0] Removed old checkpoint:                    dit_trainer.py:1429
         /local/disk/hramachandran/work/wh_work/windinet/dit                    
         _outputs/lundquist/dit_sds_untrained_30k/checkpoint                    
         s/model_weights_step_05520.safetensors                                 
DEBUG    [rank 0] Removed old checkpoint:                    dit_trainer.py:1429
         /local/disk/hramachandran/work/wh_work/windinet/dit                    
         _outputs/lundquist/dit_sds_untrained_30k/checkpoint                    
         s/scalar_embedding_step_05520.safetensors                              
DEBUG    [rank 0] Removed optimizer state for older kept     dit_trainer.py:1444
         checkpoint:                                                            
         /local/disk/hramachandran/work/wh_work/windinet/dit                    
         _outputs/lundquist/dit_sds_untrained_30k/checkpoint                    
         s/model_weights_step_05640.state.pt                                    
[epoch 48] step=5760 train_loss=0.012084
[train] step=5761 loss=0.011170 lr=9.119e-06
[train] step=5762 loss=0.013713 lr=9.118e-06
[train] step=5763 loss=0.005896 lr=9.118e-06
[train] step=5764 loss=0.009025 lr=9.118e-06
[train] step=5765 loss=0.028797 lr=9.117e-06
[train] step=5766 loss=0.005273 lr=9.117e-06
[train] step=5767 loss=0.018346 lr=9.117e-06
[train] step=5768 loss=0.009672 lr=9.116e-06
[train] step=5769 loss=0.006991 lr=9.116e-06
[train] step=5770 loss=0.013633 lr=9.116e-06
[train] step=5771 loss=0.010913 lr=9.116e-06
[train] step=5772 loss=0.022715 lr=9.115e-06
[train] step=5773 loss=0.009004 lr=9.115e-06
[train] step=5774 loss=0.008521 lr=9.115e-06
[train] step=5775 loss=0.011120 lr=9.114e-06
[train] step=5776 loss=0.012183 lr=9.114e-06
[train] step=5777 loss=0.006081 lr=9.114e-06
[train] step=5778 loss=0.012841 lr=9.113e-06
[train] step=5779 loss=0.007249 lr=9.113e-06
[train] step=5780 loss=0.014281 lr=9.113e-06
[train] step=5781 loss=0.007404 lr=9.113e-06
[train] step=5782 loss=0.007380 lr=9.112e-06
[train] step=5783 loss=0.020251 lr=9.112e-06
[train] step=5784 loss=0.004094 lr=9.112e-06
[train] step=5785 loss=0.007063 lr=9.111e-06
[train] step=5786 loss=0.015117 lr=9.111e-06
[train] step=5787 loss=0.005426 lr=9.111e-06
[train] step=5788 loss=0.039481 lr=9.111e-06
[train] step=5789 loss=0.013768 lr=9.110e-06
[train] step=5790 loss=0.021889 lr=9.110e-06
[train] step=5791 loss=0.014205 lr=9.110e-06
[train] step=5792 loss=0.008563 lr=9.109e-06
[train] step=5793 loss=0.015543 lr=9.109e-06
[train] step=5794 loss=0.007241 lr=9.109e-06
[train] step=5795 loss=0.009980 lr=9.108e-06
[train] step=5796 loss=0.008755 lr=9.108e-06
[train] step=5797 loss=0.006769 lr=9.108e-06
[train] step=5798 loss=0.014119 lr=9.108e-06
[train] step=5799 loss=0.004120 lr=9.107e-06
[train] step=5800 loss=0.014244 lr=9.107e-06
[train] step=5801 loss=0.011302 lr=9.107e-06
[train] step=5802 loss=0.011413 lr=9.106e-06
[train] step=5803 loss=0.038913 lr=9.106e-06
[train] step=5804 loss=0.012775 lr=9.106e-06
[train] step=5805 loss=0.013092 lr=9.105e-06
[train] step=5806 loss=0.006176 lr=9.105e-06
[train] step=5807 loss=0.010199 lr=9.105e-06
[train] step=5808 loss=0.025973 lr=9.105e-06
[train] step=5809 loss=0.017617 lr=9.104e-06
[train] step=5810 loss=0.006066 lr=9.104e-06
[train] step=5811 loss=0.017409 lr=9.104e-06
[train] step=5812 loss=0.013423 lr=9.103e-06
[train] step=5813 loss=0.007643 lr=9.103e-06
[train] step=5814 loss=0.022580 lr=9.103e-06
[train] step=5815 loss=0.009120 lr=9.102e-06
[train] step=5816 loss=0.007445 lr=9.102e-06
[train] step=5817 loss=0.022213 lr=9.102e-06
[train] step=5818 loss=0.013493 lr=9.102e-06
[train] step=5819 loss=0.011217 lr=9.101e-06
[train] step=5820 loss=0.005795 lr=9.101e-06
[train] step=5821 loss=0.032610 lr=9.101e-06
[train] step=5822 loss=0.018918 lr=9.100e-06
[train] step=5823 loss=0.009032 lr=9.100e-06
[train] step=5824 loss=0.006219 lr=9.100e-06
[train] step=5825 loss=0.006578 lr=9.099e-06
[train] step=5826 loss=0.016643 lr=9.099e-06
[train] step=5827 loss=0.012732 lr=9.099e-06
[train] step=5828 loss=0.019963 lr=9.099e-06
[train] step=5829 loss=0.006545 lr=9.098e-06
[train] step=5830 loss=0.005984 lr=9.098e-06
[train] step=5831 loss=0.005291 lr=9.098e-06
[train] step=5832 loss=0.005160 lr=9.097e-06
[train] step=5833 loss=0.011620 lr=9.097e-06
[train] step=5834 loss=0.005743 lr=9.097e-06
[train] step=5835 loss=0.013571 lr=9.096e-06
[train] step=5836 loss=0.004915 lr=9.096e-06
[train] step=5837 loss=0.012879 lr=9.096e-06
[train] step=5838 loss=0.024235 lr=9.096e-06
[train] step=5839 loss=0.033516 lr=9.095e-06
[train] step=5840 loss=0.024592 lr=9.095e-06
[train] step=5841 loss=0.015821 lr=9.095e-06
[train] step=5842 loss=0.015516 lr=9.094e-06
[train] step=5843 loss=0.006435 lr=9.094e-06
[train] step=5844 loss=0.005025 lr=9.094e-06
[train] step=5845 loss=0.004282 lr=9.093e-06
[train] step=5846 loss=0.021789 lr=9.093e-06
[train] step=5847 loss=0.010765 lr=9.093e-06
[train] step=5848 loss=0.015250 lr=9.093e-06
[train] step=5849 loss=0.007350 lr=9.092e-06
[train] step=5850 loss=0.007787 lr=9.092e-06
[train] step=5851 loss=0.019151 lr=9.092e-06
[train] step=5852 loss=0.005351 lr=9.091e-06
[train] step=5853 loss=0.014628 lr=9.091e-06
[train] step=5854 loss=0.004287 lr=9.091e-06
[train] step=5855 loss=0.003899 lr=9.090e-06
[train] step=5856 loss=0.007979 lr=9.090e-06
[train] step=5857 loss=0.015574 lr=9.090e-06
[train] step=5858 loss=0.009278 lr=9.090e-06
[train] step=5859 loss=0.013751 lr=9.089e-06
[train] step=5860 loss=0.014599 lr=9.089e-06
[train] step=5861 loss=0.008177 lr=9.089e-06
[train] step=5862 loss=0.007352 lr=9.088e-06
[train] step=5863 loss=0.011418 lr=9.088e-06
[train] step=5864 loss=0.015067 lr=9.088e-06
[train] step=5865 loss=0.011711 lr=9.087e-06
[train] step=5866 loss=0.017660 lr=9.087e-06
[train] step=5867 loss=0.034290 lr=9.087e-06
[train] step=5868 loss=0.025338 lr=9.087e-06
[train] step=5869 loss=0.012792 lr=9.086e-06
[train] step=5870 loss=0.006943 lr=9.086e-06
[train] step=5871 loss=0.011243 lr=9.086e-06
[train] step=5872 loss=0.024998 lr=9.085e-06
[train] step=5873 loss=0.018670 lr=9.085e-06
[train] step=5874 loss=0.011734 lr=9.085e-06
[train] step=5875 loss=0.010899 lr=9.084e-06
[train] step=5876 loss=0.006038 lr=9.084e-06
[train] step=5877 loss=0.006062 lr=9.084e-06
[train] step=5878 loss=0.011883 lr=9.084e-06
[train] step=5879 loss=0.026890 lr=9.083e-06
[train] step=5880 loss=0.004768 lr=9.083e-06
INFO     [rank 0] Model weights for step 5880 saved in       dit_trainer.py:1288
         checkpoints/model_weights_step_05880.safetensors                       
INFO     [rank 0] Scalar embedding weights for step 5880     dit_trainer.py:1297
         saved                                                                  
INFO     [rank 0] Training state saved:                      dit_trainer.py:1416
         checkpoints/model_weights_step_05880.state.pt                          
DEBUG    [rank 0] Removed old checkpoint:                    dit_trainer.py:1429
         /local/disk/hramachandran/work/wh_work/windinet/dit                    
         _outputs/lundquist/dit_sds_untrained_30k/checkpoint                    
         s/model_weights_step_05640.safetensors                                 
DEBUG    [rank 0] Removed old checkpoint:                    dit_trainer.py:1429
         /local/disk/hramachandran/work/wh_work/windinet/dit                    
         _outputs/lundquist/dit_sds_untrained_30k/checkpoint                    
         s/scalar_embedding_step_05640.safetensors                              
DEBUG    [rank 0] Removed optimizer state for older kept     dit_trainer.py:1444
         checkpoint:                                                            
         /local/disk/hramachandran/work/wh_work/windinet/dit                    
         _outputs/lundquist/dit_sds_untrained_30k/checkpoint                    
         s/model_weights_step_05760.state.pt                                    
[epoch 49] step=5880 train_loss=0.012914
[train] step=5881 loss=0.007367 lr=9.083e-06
[train] step=5882 loss=0.017783 lr=9.082e-06
[train] step=5883 loss=0.014442 lr=9.082e-06
[train] step=5884 loss=0.016959 lr=9.082e-06
[train] step=5885 loss=0.005828 lr=9.081e-06
[train] step=5886 loss=0.019881 lr=9.081e-06
[train] step=5887 loss=0.007439 lr=9.081e-06
[train] step=5888 loss=0.013187 lr=9.080e-06
[train] step=5889 loss=0.023292 lr=9.080e-06
[train] step=5890 loss=0.008868 lr=9.080e-06
[train] step=5891 loss=0.024720 lr=9.080e-06
[train] step=5892 loss=0.026457 lr=9.079e-06
[train] step=5893 loss=0.008125 lr=9.079e-06
[train] step=5894 loss=0.018501 lr=9.079e-06
[train] step=5895 loss=0.016890 lr=9.078e-06
[train] step=5896 loss=0.010262 lr=9.078e-06
[train] step=5897 loss=0.014485 lr=9.078e-06
[train] step=5898 loss=0.009380 lr=9.077e-06
[train] step=5899 loss=0.012442 lr=9.077e-06
[train] step=5900 loss=0.007193 lr=9.077e-06
[train] step=5901 loss=0.047701 lr=9.077e-06
[train] step=5902 loss=0.009733 lr=9.076e-06
[train] step=5903 loss=0.008640 lr=9.076e-06
[train] step=5904 loss=0.010421 lr=9.076e-06
[train] step=5905 loss=0.004900 lr=9.075e-06
[train] step=5906 loss=0.007971 lr=9.075e-06
[train] step=5907 loss=0.005221 lr=9.075e-06
[train] step=5908 loss=0.011597 lr=9.074e-06
[train] step=5909 loss=0.006138 lr=9.074e-06
[train] step=5910 loss=0.007014 lr=9.074e-06
[train] step=5911 loss=0.005753 lr=9.074e-06
[train] step=5912 loss=0.009608 lr=9.073e-06
[train] step=5913 loss=0.006295 lr=9.073e-06
[train] step=5914 loss=0.006730 lr=9.073e-06
[train] step=5915 loss=0.005674 lr=9.072e-06
[train] step=5916 loss=0.019243 lr=9.072e-06
[train] step=5917 loss=0.007443 lr=9.072e-06
[train] step=5918 loss=0.012062 lr=9.071e-06
[train] step=5919 loss=0.008594 lr=9.071e-06
[train] step=5920 loss=0.008124 lr=9.071e-06
[train] step=5921 loss=0.016672 lr=9.070e-06
[train] step=5922 loss=0.005897 lr=9.070e-06
[train] step=5923 loss=0.006464 lr=9.070e-06
[train] step=5924 loss=0.019425 lr=9.070e-06
[train] step=5925 loss=0.022350 lr=9.069e-06
[train] step=5926 loss=0.008647 lr=9.069e-06
[train] step=5927 loss=0.006201 lr=9.069e-06
[train] step=5928 loss=0.004322 lr=9.068e-06
[train] step=5929 loss=0.016587 lr=9.068e-06
[train] step=5930 loss=0.008559 lr=9.068e-06
[train] step=5931 loss=0.009059 lr=9.067e-06
[train] step=5932 loss=0.011140 lr=9.067e-06
[train] step=5933 loss=0.006803 lr=9.067e-06
[train] step=5934 loss=0.004348 lr=9.067e-06
[train] step=5935 loss=0.025073 lr=9.066e-06
[train] step=5936 loss=0.017399 lr=9.066e-06
[train] step=5937 loss=0.011311 lr=9.066e-06
[train] step=5938 loss=0.010125 lr=9.065e-06
[train] step=5939 loss=0.044336 lr=9.065e-06
[train] step=5940 loss=0.008845 lr=9.065e-06
[train] step=5941 loss=0.004790 lr=9.064e-06
[train] step=5942 loss=0.005393 lr=9.064e-06
[train] step=5943 loss=0.006229 lr=9.064e-06
[train] step=5944 loss=0.008697 lr=9.063e-06
[train] step=5945 loss=0.004789 lr=9.063e-06
[train] step=5946 loss=0.009331 lr=9.063e-06
[train] step=5947 loss=0.008690 lr=9.063e-06
[train] step=5948 loss=0.009235 lr=9.062e-06
[train] step=5949 loss=0.005363 lr=9.062e-06
[train] step=5950 loss=0.011716 lr=9.062e-06
[train] step=5951 loss=0.007270 lr=9.061e-06
[train] step=5952 loss=0.006035 lr=9.061e-06
[train] step=5953 loss=0.019313 lr=9.061e-06
[train] step=5954 loss=0.010095 lr=9.060e-06
[train] step=5955 loss=0.024885 lr=9.060e-06
[train] step=5956 loss=0.016102 lr=9.060e-06
[train] step=5957 loss=0.005086 lr=9.060e-06
[train] step=5958 loss=0.004458 lr=9.059e-06
[train] step=5959 loss=0.012827 lr=9.059e-06
[train] step=5960 loss=0.018679 lr=9.059e-06
[train] step=5961 loss=0.005890 lr=9.058e-06
[train] step=5962 loss=0.012918 lr=9.058e-06
[train] step=5963 loss=0.013126 lr=9.058e-06
[train] step=5964 loss=0.031371 lr=9.057e-06
[train] step=5965 loss=0.009102 lr=9.057e-06
[train] step=5966 loss=0.005981 lr=9.057e-06
[train] step=5967 loss=0.017735 lr=9.056e-06
[train] step=5968 loss=0.010008 lr=9.056e-06
[train] step=5969 loss=0.019247 lr=9.056e-06
[train] step=5970 loss=0.009272 lr=9.056e-06
[train] step=5971 loss=0.007887 lr=9.055e-06
[train] step=5972 loss=0.015392 lr=9.055e-06
[train] step=5973 loss=0.018121 lr=9.055e-06
[train] step=5974 loss=0.003348 lr=9.054e-06
[train] step=5975 loss=0.012200 lr=9.054e-06
[train] step=5976 loss=0.004148 lr=9.054e-06
[train] step=5977 loss=0.008528 lr=9.053e-06
[train] step=5978 loss=0.008167 lr=9.053e-06
[train] step=5979 loss=0.006175 lr=9.053e-06
[train] step=5980 loss=0.006687 lr=9.052e-06
[train] step=5981 loss=0.013944 lr=9.052e-06
[train] step=5982 loss=0.014662 lr=9.052e-06
[train] step=5983 loss=0.005849 lr=9.052e-06
[train] step=5984 loss=0.009185 lr=9.051e-06
[train] step=5985 loss=0.006041 lr=9.051e-06
[train] step=5986 loss=0.019522 lr=9.051e-06
[train] step=5987 loss=0.008364 lr=9.050e-06
[train] step=5988 loss=0.011791 lr=9.050e-06
[train] step=5989 loss=0.007348 lr=9.050e-06
[train] step=5990 loss=0.014774 lr=9.049e-06
[train] step=5991 loss=0.017854 lr=9.049e-06
[train] step=5992 loss=0.005088 lr=9.049e-06
[train] step=5993 loss=0.025060 lr=9.048e-06
[train] step=5994 loss=0.011176 lr=9.048e-06
[train] step=5995 loss=0.004308 lr=9.048e-06
[train] step=5996 loss=0.012397 lr=9.048e-06
[train] step=5997 loss=0.002989 lr=9.047e-06
[train] step=5998 loss=0.012225 lr=9.047e-06
[train] step=5999 loss=0.022521 lr=9.047e-06
[train] step=6000 loss=0.013960 lr=9.046e-06
[val] step=6000 val_loss=0.012841
INFO     [rank 0] Model weights for step 6000 saved in       dit_trainer.py:1288
         checkpoints/model_weights_step_06000.safetensors                       
INFO     [rank 0] Scalar embedding weights for step 6000     dit_trainer.py:1297
         saved                                                                  
INFO     [rank 0] Training state saved:                      dit_trainer.py:1416
         checkpoints/model_weights_step_06000.state.pt                          
DEBUG    [rank 0] Removed old checkpoint:                    dit_trainer.py:1429
         /local/disk/hramachandran/work/wh_work/windinet/dit                    
         _outputs/lundquist/dit_sds_untrained_30k/checkpoint                    
         s/model_weights_step_05760.safetensors                                 
DEBUG    [rank 0] Removed old checkpoint:                    dit_trainer.py:1429
         /local/disk/hramachandran/work/wh_work/windinet/dit                    
         _outputs/lundquist/dit_sds_untrained_30k/checkpoint                    
         s/scalar_embedding_step_05760.safetensors                              
DEBUG    [rank 0] Removed optimizer state for older kept     dit_trainer.py:1444
         checkpoint:                                                            
         /local/disk/hramachandran/work/wh_work/windinet/dit                    
         _outputs/lundquist/dit_sds_untrained_30k/checkpoint                    
         s/model_weights_step_05880.state.pt                                    
INFO     [rank 0] Saved DiT visualization panels for    dit_visualization.py:418
         step 6000 (3 samples x 4 frames);                                      
         latent_vrmse=0.07581 pixel_vrmse=0.44128 ->                            
         /local/disk/hramachandran/work/wh_work/windine                         
         t/dit_outputs/lundquist/dit_sds_untrained_30k/                         
         dit_vrmse_metrics.csv,                                                 
         /local/disk/hramachandran/work/wh_work/windine                         
         t/dit_outputs/lundquist/dit_sds_untrained_30k/                         
         dit_vrmse_curve.png                                                    
[epoch 50] step=6000 train_loss=0.011751 val_loss=0.012841
[train] step=6001 loss=0.006120 lr=9.046e-06
[train] step=6002 loss=0.008491 lr=9.046e-06
[train] step=6003 loss=0.008301 lr=9.045e-06
[train] step=6004 loss=0.010847 lr=9.045e-06
[train] step=6005 loss=0.007770 lr=9.045e-06
[train] step=6006 loss=0.017415 lr=9.045e-06
[train] step=6007 loss=0.008103 lr=9.044e-06
[train] step=6008 loss=0.022043 lr=9.044e-06
[train] step=6009 loss=0.011421 lr=9.044e-06
[train] step=6010 loss=0.009810 lr=9.043e-06
[train] step=6011 loss=0.008635 lr=9.043e-06
[train] step=6012 loss=0.025488 lr=9.043e-06
[train] step=6013 loss=0.015514 lr=9.042e-06
[train] step=6014 loss=0.005606 lr=9.042e-06
[train] step=6015 loss=0.008525 lr=9.042e-06
[train] step=6016 loss=0.019005 lr=9.041e-06
[train] step=6017 loss=0.017793 lr=9.041e-06
[train] step=6018 loss=0.010397 lr=9.041e-06
[train] step=6019 loss=0.008050 lr=9.040e-06
[train] step=6020 loss=0.008488 lr=9.040e-06
[train] step=6021 loss=0.008769 lr=9.040e-06
[train] step=6022 loss=0.026607 lr=9.040e-06
[train] step=6023 loss=0.005184 lr=9.039e-06
[train] step=6024 loss=0.008585 lr=9.039e-06
[train] step=6025 loss=0.026244 lr=9.039e-06
[train] step=6026 loss=0.006069 lr=9.038e-06
[train] step=6027 loss=0.008498 lr=9.038e-06
[train] step=6028 loss=0.009705 lr=9.038e-06
[train] step=6029 loss=0.013042 lr=9.037e-06
[train] step=6030 loss=0.007068 lr=9.037e-06
[train] step=6031 loss=0.004481 lr=9.037e-06
[train] step=6032 loss=0.011860 lr=9.036e-06
[train] step=6033 loss=0.006581 lr=9.036e-06
[train] step=6034 loss=0.006913 lr=9.036e-06
[train] step=6035 loss=0.008376 lr=9.036e-06
[train] step=6036 loss=0.008012 lr=9.035e-06
[train] step=6037 loss=0.007303 lr=9.035e-06
[train] step=6038 loss=0.005021 lr=9.035e-06
[train] step=6039 loss=0.015320 lr=9.034e-06
[train] step=6040 loss=0.026843 lr=9.034e-06
[train] step=6041 loss=0.007103 lr=9.034e-06
[train] step=6042 loss=0.006009 lr=9.033e-06
[train] step=6043 loss=0.005103 lr=9.033e-06
[train] step=6044 loss=0.014778 lr=9.033e-06
[train] step=6045 loss=0.006277 lr=9.032e-06
[train] step=6046 loss=0.005815 lr=9.032e-06
[train] step=6047 loss=0.004228 lr=9.032e-06
[train] step=6048 loss=0.007467 lr=9.032e-06
[train] step=6049 loss=0.010580 lr=9.031e-06
[train] step=6050 loss=0.007176 lr=9.031e-06
[train] step=6051 loss=0.004741 lr=9.031e-06
[train] step=6052 loss=0.011235 lr=9.030e-06
[train] step=6053 loss=0.007816 lr=9.030e-06
[train] step=6054 loss=0.007783 lr=9.030e-06
[train] step=6055 loss=0.011896 lr=9.029e-06
[train] step=6056 loss=0.005204 lr=9.029e-06
[train] step=6057 loss=0.005465 lr=9.029e-06
[train] step=6058 loss=0.008941 lr=9.028e-06
[train] step=6059 loss=0.010135 lr=9.028e-06
[train] step=6060 loss=0.016130 lr=9.028e-06
[train] step=6061 loss=0.008634 lr=9.028e-06
[train] step=6062 loss=0.014654 lr=9.027e-06
[train] step=6063 loss=0.008977 lr=9.027e-06
[train] step=6064 loss=0.017321 lr=9.027e-06
[train] step=6065 loss=0.008351 lr=9.026e-06
[train] step=6066 loss=0.008068 lr=9.026e-06
[train] step=6067 loss=0.009709 lr=9.026e-06
[train] step=6068 loss=0.009971 lr=9.025e-06
[train] step=6069 loss=0.006460 lr=9.025e-06
[train] step=6070 loss=0.006613 lr=9.025e-06
[train] step=6071 loss=0.012538 lr=9.024e-06
[train] step=6072 loss=0.008212 lr=9.024e-06
[train] step=6073 loss=0.009296 lr=9.024e-06
[train] step=6074 loss=0.009949 lr=9.023e-06
[train] step=6075 loss=0.015032 lr=9.023e-06
[train] step=6076 loss=0.007489 lr=9.023e-06
[train] step=6077 loss=0.020544 lr=9.023e-06
[train] step=6078 loss=0.006181 lr=9.022e-06
[train] step=6079 loss=0.004686 lr=9.022e-06
[train] step=6080 loss=0.009821 lr=9.022e-06
[train] step=6081 loss=0.010153 lr=9.021e-06
[train] step=6082 loss=0.009200 lr=9.021e-06
[train] step=6083 loss=0.005001 lr=9.021e-06
[train] step=6084 loss=0.006899 lr=9.020e-06
[train] step=6085 loss=0.012794 lr=9.020e-06
[train] step=6086 loss=0.009107 lr=9.020e-06
[train] step=6087 loss=0.008019 lr=9.019e-06
[train] step=6088 loss=0.007052 lr=9.019e-06
[train] step=6089 loss=0.007178 lr=9.019e-06
[train] step=6090 loss=0.040698 lr=9.019e-06
[train] step=6091 loss=0.010313 lr=9.018e-06
[train] step=6092 loss=0.012954 lr=9.018e-06
[train] step=6093 loss=0.004157 lr=9.018e-06
[train] step=6094 loss=0.007716 lr=9.017e-06
[train] step=6095 loss=0.013170 lr=9.017e-06
[train] step=6096 loss=0.015678 lr=9.017e-06
[train] step=6097 loss=0.018102 lr=9.016e-06
[train] step=6098 loss=0.019076 lr=9.016e-06
[train] step=6099 loss=0.014672 lr=9.016e-06
[train] step=6100 loss=0.028262 lr=9.015e-06
[train] step=6101 loss=0.014532 lr=9.015e-06
[train] step=6102 loss=0.017693 lr=9.015e-06
[train] step=6103 loss=0.009137 lr=9.014e-06
[train] step=6104 loss=0.012777 lr=9.014e-06
[train] step=6105 loss=0.026082 lr=9.014e-06
[train] step=6106 loss=0.013565 lr=9.014e-06
[train] step=6107 loss=0.010930 lr=9.013e-06
[train] step=6108 loss=0.013320 lr=9.013e-06
[train] step=6109 loss=0.012400 lr=9.013e-06
[train] step=6110 loss=0.034701 lr=9.012e-06
[train] step=6111 loss=0.024600 lr=9.012e-06
[train] step=6112 loss=0.013584 lr=9.012e-06
[train] step=6113 loss=0.029542 lr=9.011e-06
[train] step=6114 loss=0.008843 lr=9.011e-06
[train] step=6115 loss=0.014599 lr=9.011e-06
[train] step=6116 loss=0.008573 lr=9.010e-06
[train] step=6117 loss=0.082098 lr=9.010e-06
[train] step=6118 loss=0.009390 lr=9.010e-06
[train] step=6119 loss=0.015191 lr=9.009e-06
[train] step=6120 loss=0.011772 lr=9.009e-06
INFO     [rank 0] Model weights for step 6120 saved in       dit_trainer.py:1288
         checkpoints/model_weights_step_06120.safetensors                       
INFO     [rank 0] Scalar embedding weights for step 6120     dit_trainer.py:1297
         saved                                                                  
INFO     [rank 0] Training state saved:                      dit_trainer.py:1416
         checkpoints/model_weights_step_06120.state.pt                          
DEBUG    [rank 0] Removed old checkpoint:                    dit_trainer.py:1429
         /local/disk/hramachandran/work/wh_work/windinet/dit                    
         _outputs/lundquist/dit_sds_untrained_30k/checkpoint                    
         s/model_weights_step_05880.safetensors                                 
DEBUG    [rank 0] Removed old checkpoint:                    dit_trainer.py:1429
         /local/disk/hramachandran/work/wh_work/windinet/dit                    
         _outputs/lundquist/dit_sds_untrained_30k/checkpoint                    
         s/scalar_embedding_step_05880.safetensors                              
DEBUG    [rank 0] Removed optimizer state for older kept     dit_trainer.py:1444
         checkpoint:                                                            
         /local/disk/hramachandran/work/wh_work/windinet/dit                    
         _outputs/lundquist/dit_sds_untrained_30k/checkpoint                    
         s/model_weights_step_06000.state.pt                                    
[epoch 51] step=6120 train_loss=0.012253
[train] step=6121 loss=0.008903 lr=9.009e-06
[train] step=6122 loss=0.040233 lr=9.009e-06
[train] step=6123 loss=0.006428 lr=9.008e-06
[train] step=6124 loss=0.005808 lr=9.008e-06
[train] step=6125 loss=0.053669 lr=9.008e-06
[train] step=6126 loss=0.017624 lr=9.007e-06
[train] step=6127 loss=0.012905 lr=9.007e-06
[train] step=6128 loss=0.010262 lr=9.007e-06
[train] step=6129 loss=0.011450 lr=9.006e-06
[train] step=6130 loss=0.003999 lr=9.006e-06
[train] step=6131 loss=0.009016 lr=9.006e-06
[train] step=6132 loss=0.008223 lr=9.005e-06
[train] step=6133 loss=0.014253 lr=9.005e-06
[train] step=6134 loss=0.014331 lr=9.005e-06
[train] step=6135 loss=0.015848 lr=9.004e-06
[train] step=6136 loss=0.005398 lr=9.004e-06
[train] step=6137 loss=0.006020 lr=9.004e-06
[train] step=6138 loss=0.013659 lr=9.004e-06
[train] step=6139 loss=0.020851 lr=9.003e-06
[train] step=6140 loss=0.016450 lr=9.003e-06
[train] step=6141 loss=0.009981 lr=9.003e-06
[train] step=6142 loss=0.008736 lr=9.002e-06
[train] step=6143 loss=0.014369 lr=9.002e-06
[train] step=6144 loss=0.014355 lr=9.002e-06
[train] step=6145 loss=0.018315 lr=9.001e-06
[train] step=6146 loss=0.009026 lr=9.001e-06
[train] step=6147 loss=0.008566 lr=9.001e-06
[train] step=6148 loss=0.014763 lr=9.000e-06
[train] step=6149 loss=0.013278 lr=9.000e-06
[train] step=6150 loss=0.016171 lr=9.000e-06
[train] step=6151 loss=0.011334 lr=8.999e-06
[train] step=6152 loss=0.014908 lr=8.999e-06
[train] step=6153 loss=0.008926 lr=8.999e-06
[train] step=6154 loss=0.007629 lr=8.998e-06
[train] step=6155 loss=0.011425 lr=8.998e-06
[train] step=6156 loss=0.012797 lr=8.998e-06
[train] step=6157 loss=0.005220 lr=8.998e-06
[train] step=6158 loss=0.003705 lr=8.997e-06
[train] step=6159 loss=0.030154 lr=8.997e-06
[train] step=6160 loss=0.025597 lr=8.997e-06
[train] step=6161 loss=0.006666 lr=8.996e-06
[train] step=6162 loss=0.019277 lr=8.996e-06
[train] step=6163 loss=0.012451 lr=8.996e-06
[train] step=6164 loss=0.009072 lr=8.995e-06
[train] step=6165 loss=0.034251 lr=8.995e-06
[train] step=6166 loss=0.006645 lr=8.995e-06
[train] step=6167 loss=0.009334 lr=8.994e-06
[train] step=6168 loss=0.012969 lr=8.994e-06
[train] step=6169 loss=0.012685 lr=8.994e-06
[train] step=6170 loss=0.011288 lr=8.993e-06
[train] step=6171 loss=0.008863 lr=8.993e-06
[train] step=6172 loss=0.004513 lr=8.993e-06
[train] step=6173 loss=0.006807 lr=8.993e-06
[train] step=6174 loss=0.006636 lr=8.992e-06
[train] step=6175 loss=0.006570 lr=8.992e-06
[train] step=6176 loss=0.008098 lr=8.992e-06
[train] step=6177 loss=0.008527 lr=8.991e-06
[train] step=6178 loss=0.013490 lr=8.991e-06
[train] step=6179 loss=0.013436 lr=8.991e-06
[train] step=6180 loss=0.017297 lr=8.990e-06
[train] step=6181 loss=0.009273 lr=8.990e-06
[train] step=6182 loss=0.006748 lr=8.990e-06
[train] step=6183 loss=0.010118 lr=8.989e-06
[train] step=6184 loss=0.008666 lr=8.989e-06
[train] step=6185 loss=0.012256 lr=8.989e-06
[train] step=6186 loss=0.015290 lr=8.988e-06
[train] step=6187 loss=0.017425 lr=8.988e-06
[train] step=6188 loss=0.008634 lr=8.988e-06
[train] step=6189 loss=0.012352 lr=8.987e-06
[train] step=6190 loss=0.007459 lr=8.987e-06
[train] step=6191 loss=0.018073 lr=8.987e-06
[train] step=6192 loss=0.007710 lr=8.987e-06
[train] step=6193 loss=0.004109 lr=8.986e-06
[train] step=6194 loss=0.003434 lr=8.986e-06
[train] step=6195 loss=0.012476 lr=8.986e-06
[train] step=6196 loss=0.007243 lr=8.985e-06
[train] step=6197 loss=0.047321 lr=8.985e-06
[train] step=6198 loss=0.003537 lr=8.985e-06
[train] step=6199 loss=0.006836 lr=8.984e-06
[train] step=6200 loss=0.055980 lr=8.984e-06
[train] step=6201 loss=0.008648 lr=8.984e-06
[train] step=6202 loss=0.007000 lr=8.983e-06
[train] step=6203 loss=0.017008 lr=8.983e-06
[train] step=6204 loss=0.010374 lr=8.983e-06
[train] step=6205 loss=0.007602 lr=8.982e-06
[train] step=6206 loss=0.015657 lr=8.982e-06
[train] step=6207 loss=0.008186 lr=8.982e-06
[train] step=6208 loss=0.011023 lr=8.981e-06
[train] step=6209 loss=0.006956 lr=8.981e-06
[train] step=6210 loss=0.004005 lr=8.981e-06
[train] step=6211 loss=0.013292 lr=8.981e-06
[train] step=6212 loss=0.006264 lr=8.980e-06
[train] step=6213 loss=0.005135 lr=8.980e-06
[train] step=6214 loss=0.016768 lr=8.980e-06
[train] step=6215 loss=0.030234 lr=8.979e-06
[train] step=6216 loss=0.009072 lr=8.979e-06
[train] step=6217 loss=0.006011 lr=8.979e-06
[train] step=6218 loss=0.022493 lr=8.978e-06
[train] step=6219 loss=0.011725 lr=8.978e-06
[train] step=6220 loss=0.011995 lr=8.978e-06
[train] step=6221 loss=0.027271 lr=8.977e-06
[train] step=6222 loss=0.006184 lr=8.977e-06
[train] step=6223 loss=0.021652 lr=8.977e-06
[train] step=6224 loss=0.011765 lr=8.976e-06
[train] step=6225 loss=0.016581 lr=8.976e-06
[train] step=6226 loss=0.008442 lr=8.976e-06
[train] step=6227 loss=0.006812 lr=8.975e-06
[train] step=6228 loss=0.009791 lr=8.975e-06
[train] step=6229 loss=0.013659 lr=8.975e-06
[train] step=6230 loss=0.015826 lr=8.974e-06
[train] step=6231 loss=0.006884 lr=8.974e-06
[train] step=6232 loss=0.033451 lr=8.974e-06
[train] step=6233 loss=0.004246 lr=8.974e-06
[train] step=6234 loss=0.012890 lr=8.973e-06
[train] step=6235 loss=0.013553 lr=8.973e-06
[train] step=6236 loss=0.012480 lr=8.973e-06
[train] step=6237 loss=0.003957 lr=8.972e-06
[train] step=6238 loss=0.040528 lr=8.972e-06
[train] step=6239 loss=0.006474 lr=8.972e-06
[train] step=6240 loss=0.008352 lr=8.971e-06
INFO     [rank 0] Model weights for step 6240 saved in       dit_trainer.py:1288
         checkpoints/model_weights_step_06240.safetensors                       
INFO     [rank 0] Scalar embedding weights for step 6240     dit_trainer.py:1297
         saved                                                                  
INFO     [rank 0] Training state saved:                      dit_trainer.py:1416
         checkpoints/model_weights_step_06240.state.pt                          
DEBUG    [rank 0] Removed old checkpoint:                    dit_trainer.py:1429
         /local/disk/hramachandran/work/wh_work/windinet/dit                    
         _outputs/lundquist/dit_sds_untrained_30k/checkpoint                    
         s/model_weights_step_06000.safetensors                                 
DEBUG    [rank 0] Removed old checkpoint:                    dit_trainer.py:1429
         /local/disk/hramachandran/work/wh_work/windinet/dit                    
         _outputs/lundquist/dit_sds_untrained_30k/checkpoint                    
         s/scalar_embedding_step_06000.safetensors                              
DEBUG    [rank 0] Removed optimizer state for older kept     dit_trainer.py:1444
         checkpoint:                                                            
         /local/disk/hramachandran/work/wh_work/windinet/dit                    
         _outputs/lundquist/dit_sds_untrained_30k/checkpoint                    
         s/model_weights_step_06120.state.pt                                    
[epoch 52] step=6240 train_loss=0.013101
[train] step=6241 loss=0.014834 lr=8.971e-06
[train] step=6242 loss=0.014371 lr=8.971e-06
[train] step=6243 loss=0.023265 lr=8.970e-06
[train] step=6244 loss=0.017330 lr=8.970e-06
[train] step=6245 loss=0.005972 lr=8.970e-06
[train] step=6246 loss=0.011160 lr=8.969e-06
[train] step=6247 loss=0.007270 lr=8.969e-06
[train] step=6248 loss=0.009917 lr=8.969e-06
[train] step=6249 loss=0.005652 lr=8.968e-06
[train] step=6250 loss=0.007134 lr=8.968e-06
[train] step=6251 loss=0.006895 lr=8.968e-06
[train] step=6252 loss=0.010644 lr=8.967e-06
[train] step=6253 loss=0.010272 lr=8.967e-06
[train] step=6254 loss=0.055144 lr=8.967e-06
[train] step=6255 loss=0.006814 lr=8.967e-06
[train] step=6256 loss=0.033913 lr=8.966e-06
[train] step=6257 loss=0.026172 lr=8.966e-06
[train] step=6258 loss=0.015529 lr=8.966e-06
[train] step=6259 loss=0.011752 lr=8.965e-06
[train] step=6260 loss=0.008460 lr=8.965e-06
[train] step=6261 loss=0.004427 lr=8.965e-06
[train] step=6262 loss=0.008960 lr=8.964e-06
[train] step=6263 loss=0.019414 lr=8.964e-06
[train] step=6264 loss=0.008569 lr=8.964e-06
[train] step=6265 loss=0.008455 lr=8.963e-06
[train] step=6266 loss=0.004874 lr=8.963e-06
[train] step=6267 loss=0.032574 lr=8.963e-06
[train] step=6268 loss=0.005599 lr=8.962e-06
[train] step=6269 loss=0.010937 lr=8.962e-06
[train] step=6270 loss=0.006899 lr=8.962e-06
[train] step=6271 loss=0.010823 lr=8.961e-06
[train] step=6272 loss=0.032356 lr=8.961e-06
[train] step=6273 loss=0.006290 lr=8.961e-06
[train] step=6274 loss=0.011882 lr=8.960e-06
[train] step=6275 loss=0.007211 lr=8.960e-06
[train] step=6276 loss=0.006610 lr=8.960e-06
[train] step=6277 loss=0.007922 lr=8.960e-06
[train] step=6278 loss=0.005074 lr=8.959e-06
[train] step=6279 loss=0.029257 lr=8.959e-06
[train] step=6280 loss=0.022512 lr=8.959e-06
[train] step=6281 loss=0.007831 lr=8.958e-06
[train] step=6282 loss=0.011062 lr=8.958e-06
[train] step=6283 loss=0.008320 lr=8.958e-06
[train] step=6284 loss=0.008293 lr=8.957e-06
[train] step=6285 loss=0.013569 lr=8.957e-06
[train] step=6286 loss=0.007416 lr=8.957e-06
[train] step=6287 loss=0.008937 lr=8.956e-06
[train] step=6288 loss=0.009591 lr=8.956e-06
[train] step=6289 loss=0.011384 lr=8.956e-06
[train] step=6290 loss=0.008689 lr=8.955e-06
[train] step=6291 loss=0.006766 lr=8.955e-06
[train] step=6292 loss=0.009525 lr=8.955e-06
[train] step=6293 loss=0.027194 lr=8.954e-06
[train] step=6294 loss=0.007596 lr=8.954e-06
[train] step=6295 loss=0.007639 lr=8.954e-06
[train] step=6296 loss=0.012189 lr=8.953e-06
[train] step=6297 loss=0.008403 lr=8.953e-06
[train] step=6298 loss=0.007079 lr=8.953e-06
[train] step=6299 loss=0.009551 lr=8.952e-06
[train] step=6300 loss=0.008608 lr=8.952e-06
[train] step=6301 loss=0.011357 lr=8.952e-06
[train] step=6302 loss=0.016603 lr=8.952e-06
[train] step=6303 loss=0.006631 lr=8.951e-06
[train] step=6304 loss=0.011132 lr=8.951e-06
[train] step=6305 loss=0.010336 lr=8.951e-06
[train] step=6306 loss=0.006267 lr=8.950e-06
[train] step=6307 loss=0.017486 lr=8.950e-06
[train] step=6308 loss=0.004478 lr=8.950e-06
[train] step=6309 loss=0.017769 lr=8.949e-06
[train] step=6310 loss=0.007366 lr=8.949e-06
[train] step=6311 loss=0.005383 lr=8.949e-06
[train] step=6312 loss=0.013573 lr=8.948e-06
[train] step=6313 loss=0.010488 lr=8.948e-06
[train] step=6314 loss=0.006132 lr=8.948e-06
[train] step=6315 loss=0.004013 lr=8.947e-06
[train] step=6316 loss=0.008382 lr=8.947e-06
[train] step=6317 loss=0.011187 lr=8.947e-06
[train] step=6318 loss=0.031339 lr=8.946e-06
[train] step=6319 loss=0.016311 lr=8.946e-06
[train] step=6320 loss=0.006536 lr=8.946e-06
[train] step=6321 loss=0.013751 lr=8.945e-06
[train] step=6322 loss=0.022951 lr=8.945e-06
[train] step=6323 loss=0.011355 lr=8.945e-06
[train] step=6324 loss=0.010170 lr=8.944e-06
[train] step=6325 loss=0.012895 lr=8.944e-06
[train] step=6326 loss=0.007363 lr=8.944e-06
[train] step=6327 loss=0.008812 lr=8.943e-06
[train] step=6328 loss=0.009921 lr=8.943e-06
[train] step=6329 loss=0.009747 lr=8.943e-06
[train] step=6330 loss=0.030327 lr=8.943e-06
[train] step=6331 loss=0.005593 lr=8.942e-06
[train] step=6332 loss=0.007137 lr=8.942e-06
[train] step=6333 loss=0.008334 lr=8.942e-06
[train] step=6334 loss=0.014773 lr=8.941e-06
[train] step=6335 loss=0.010775 lr=8.941e-06
[train] step=6336 loss=0.016355 lr=8.941e-06
[train] step=6337 loss=0.006277 lr=8.940e-06
[train] step=6338 loss=0.006007 lr=8.940e-06
[train] step=6339 loss=0.015279 lr=8.940e-06
[train] step=6340 loss=0.015628 lr=8.939e-06
[train] step=6341 loss=0.007547 lr=8.939e-06
[train] step=6342 loss=0.006648 lr=8.939e-06
[train] step=6343 loss=0.010680 lr=8.938e-06
[train] step=6344 loss=0.019062 lr=8.938e-06
[train] step=6345 loss=0.016471 lr=8.938e-06
[train] step=6346 loss=0.005478 lr=8.937e-06
[train] step=6347 loss=0.008371 lr=8.937e-06
[train] step=6348 loss=0.008974 lr=8.937e-06
[train] step=6349 loss=0.006229 lr=8.936e-06
[train] step=6350 loss=0.008570 lr=8.936e-06
[train] step=6351 loss=0.009901 lr=8.936e-06
[train] step=6352 loss=0.017442 lr=8.935e-06
[train] step=6353 loss=0.004757 lr=8.935e-06
[train] step=6354 loss=0.005042 lr=8.935e-06
[train] step=6355 loss=0.007283 lr=8.934e-06
[train] step=6356 loss=0.005399 lr=8.934e-06
[train] step=6357 loss=0.011904 lr=8.934e-06
[train] step=6358 loss=0.029384 lr=8.933e-06
[train] step=6359 loss=0.004811 lr=8.933e-06
[train] step=6360 loss=0.008183 lr=8.933e-06
INFO     [rank 0] Model weights for step 6360 saved in       dit_trainer.py:1288
         checkpoints/model_weights_step_06360.safetensors                       
INFO     [rank 0] Scalar embedding weights for step 6360     dit_trainer.py:1297
         saved                                                                  
INFO     [rank 0] Training state saved:                      dit_trainer.py:1416
         checkpoints/model_weights_step_06360.state.pt                          
DEBUG    [rank 0] Removed old checkpoint:                    dit_trainer.py:1429
         /local/disk/hramachandran/work/wh_work/windinet/dit                    
         _outputs/lundquist/dit_sds_untrained_30k/checkpoint                    
         s/model_weights_step_06120.safetensors                                 
DEBUG    [rank 0] Removed old checkpoint:                    dit_trainer.py:1429
         /local/disk/hramachandran/work/wh_work/windinet/dit                    
         _outputs/lundquist/dit_sds_untrained_30k/checkpoint                    
         s/scalar_embedding_step_06120.safetensors                              
DEBUG    [rank 0] Removed optimizer state for older kept     dit_trainer.py:1444
         checkpoint:                                                            
         /local/disk/hramachandran/work/wh_work/windinet/dit                    
         _outputs/lundquist/dit_sds_untrained_30k/checkpoint                    
         s/model_weights_step_06240.state.pt                                    
[epoch 53] step=6360 train_loss=0.011844
[train] step=6361 loss=0.006126 lr=8.933e-06
[train] step=6362 loss=0.007297 lr=8.932e-06
[train] step=6363 loss=0.007662 lr=8.932e-06
[train] step=6364 loss=0.015913 lr=8.932e-06
[train] step=6365 loss=0.013368 lr=8.931e-06
[train] step=6366 loss=0.005413 lr=8.931e-06
[train] step=6367 loss=0.005368 lr=8.931e-06
[train] step=6368 loss=0.026894 lr=8.930e-06
[train] step=6369 loss=0.008960 lr=8.930e-06
[train] step=6370 loss=0.013821 lr=8.930e-06
[train] step=6371 loss=0.025019 lr=8.929e-06
[train] step=6372 loss=0.007952 lr=8.929e-06
[train] step=6373 loss=0.005129 lr=8.929e-06
[train] step=6374 loss=0.005435 lr=8.928e-06
[train] step=6375 loss=0.012695 lr=8.928e-06
[train] step=6376 loss=0.011339 lr=8.928e-06
[train] step=6377 loss=0.005690 lr=8.927e-06
[train] step=6378 loss=0.006020 lr=8.927e-06
[train] step=6379 loss=0.010999 lr=8.927e-06
[train] step=6380 loss=0.008654 lr=8.926e-06
[train] step=6381 loss=0.010459 lr=8.926e-06
[train] step=6382 loss=0.014574 lr=8.926e-06
[train] step=6383 loss=0.017106 lr=8.925e-06
[train] step=6384 loss=0.009444 lr=8.925e-06
[train] step=6385 loss=0.010624 lr=8.925e-06
[train] step=6386 loss=0.005806 lr=8.924e-06
[train] step=6387 loss=0.008441 lr=8.924e-06
[train] step=6388 loss=0.006107 lr=8.924e-06
[train] step=6389 loss=0.010946 lr=8.923e-06
[train] step=6390 loss=0.007623 lr=8.923e-06
[train] step=6391 loss=0.006280 lr=8.923e-06
[train] step=6392 loss=0.003552 lr=8.922e-06
[train] step=6393 loss=0.013246 lr=8.922e-06
[train] step=6394 loss=0.006950 lr=8.922e-06
[train] step=6395 loss=0.019738 lr=8.921e-06
[train] step=6396 loss=0.023518 lr=8.921e-06
[train] step=6397 loss=0.006195 lr=8.921e-06
[train] step=6398 loss=0.003824 lr=8.921e-06
[train] step=6399 loss=0.005369 lr=8.920e-06
[train] step=6400 loss=0.005485 lr=8.920e-06
[train] step=6401 loss=0.021501 lr=8.920e-06
[train] step=6402 loss=0.003666 lr=8.919e-06
[train] step=6403 loss=0.006611 lr=8.919e-06
[train] step=6404 loss=0.014884 lr=8.919e-06
[train] step=6405 loss=0.007118 lr=8.918e-06
[train] step=6406 loss=0.009280 lr=8.918e-06
[train] step=6407 loss=0.008566 lr=8.918e-06
[train] step=6408 loss=0.005826 lr=8.917e-06
[train] step=6409 loss=0.008927 lr=8.917e-06
[train] step=6410 loss=0.010619 lr=8.917e-06
[train] step=6411 loss=0.007327 lr=8.916e-06
[train] step=6412 loss=0.005272 lr=8.916e-06
[train] step=6413 loss=0.005425 lr=8.916e-06
[train] step=6414 loss=0.028355 lr=8.915e-06
[train] step=6415 loss=0.013538 lr=8.915e-06
[train] step=6416 loss=0.022386 lr=8.915e-06
[train] step=6417 loss=0.006310 lr=8.914e-06
[train] step=6418 loss=0.008899 lr=8.914e-06
[train] step=6419 loss=0.013815 lr=8.914e-06
[train] step=6420 loss=0.008825 lr=8.913e-06
[train] step=6421 loss=0.004868 lr=8.913e-06
[train] step=6422 loss=0.005871 lr=8.913e-06
[train] step=6423 loss=0.007254 lr=8.912e-06
[train] step=6424 loss=0.005071 lr=8.912e-06
[train] step=6425 loss=0.035260 lr=8.912e-06
[train] step=6426 loss=0.005884 lr=8.911e-06
[train] step=6427 loss=0.027497 lr=8.911e-06
[train] step=6428 loss=0.008387 lr=8.911e-06
[train] step=6429 loss=0.010300 lr=8.910e-06
[train] step=6430 loss=0.021936 lr=8.910e-06
[train] step=6431 loss=0.016590 lr=8.910e-06
[train] step=6432 loss=0.012973 lr=8.909e-06
[train] step=6433 loss=0.011958 lr=8.909e-06
[train] step=6434 loss=0.009251 lr=8.909e-06
[train] step=6435 loss=0.015393 lr=8.908e-06
[train] step=6436 loss=0.009685 lr=8.908e-06
[train] step=6437 loss=0.006469 lr=8.908e-06
[train] step=6438 loss=0.007637 lr=8.907e-06
[train] step=6439 loss=0.014682 lr=8.907e-06
[train] step=6440 loss=0.024391 lr=8.907e-06
[train] step=6441 loss=0.012736 lr=8.907e-06
[train] step=6442 loss=0.005739 lr=8.906e-06
[train] step=6443 loss=0.012038 lr=8.906e-06
[train] step=6444 loss=0.006225 lr=8.906e-06
[train] step=6445 loss=0.011992 lr=8.905e-06
[train] step=6446 loss=0.015741 lr=8.905e-06
[train] step=6447 loss=0.013507 lr=8.905e-06
[train] step=6448 loss=0.008508 lr=8.904e-06
[train] step=6449 loss=0.009776 lr=8.904e-06
[train] step=6450 loss=0.030733 lr=8.904e-06
[train] step=6451 loss=0.009130 lr=8.903e-06
[train] step=6452 loss=0.007133 lr=8.903e-06
[train] step=6453 loss=0.009770 lr=8.903e-06
[train] step=6454 loss=0.006339 lr=8.902e-06
[train] step=6455 loss=0.021993 lr=8.902e-06
[train] step=6456 loss=0.005891 lr=8.902e-06
[train] step=6457 loss=0.008011 lr=8.901e-06
[train] step=6458 loss=0.008789 lr=8.901e-06
[train] step=6459 loss=0.041928 lr=8.901e-06
[train] step=6460 loss=0.020538 lr=8.900e-06
[train] step=6461 loss=0.029380 lr=8.900e-06
[train] step=6462 loss=0.007558 lr=8.900e-06
[train] step=6463 loss=0.012741 lr=8.899e-06
[train] step=6464 loss=0.006897 lr=8.899e-06
[train] step=6465 loss=0.010276 lr=8.899e-06
[train] step=6466 loss=0.009405 lr=8.898e-06
[train] step=6467 loss=0.017462 lr=8.898e-06
[train] step=6468 loss=0.007084 lr=8.898e-06
[train] step=6469 loss=0.010243 lr=8.897e-06
[train] step=6470 loss=0.008650 lr=8.897e-06
[train] step=6471 loss=0.010075 lr=8.897e-06
[train] step=6472 loss=0.011112 lr=8.896e-06
[train] step=6473 loss=0.006414 lr=8.896e-06
[train] step=6474 loss=0.010557 lr=8.896e-06
[train] step=6475 loss=0.007298 lr=8.895e-06
[train] step=6476 loss=0.010153 lr=8.895e-06
[train] step=6477 loss=0.033236 lr=8.895e-06
[train] step=6478 loss=0.012365 lr=8.894e-06
[train] step=6479 loss=0.053751 lr=8.894e-06
[train] step=6480 loss=0.007987 lr=8.894e-06
INFO     [rank 0] Model weights for step 6480 saved in       dit_trainer.py:1288
         checkpoints/model_weights_step_06480.safetensors                       
INFO     [rank 0] Scalar embedding weights for step 6480     dit_trainer.py:1297
         saved                                                                  
INFO     [rank 0] Training state saved:                      dit_trainer.py:1416
         checkpoints/model_weights_step_06480.state.pt                          
DEBUG    [rank 0] Removed old checkpoint:                    dit_trainer.py:1429
         /local/disk/hramachandran/work/wh_work/windinet/dit                    
         _outputs/lundquist/dit_sds_untrained_30k/checkpoint                    
         s/model_weights_step_06240.safetensors                                 
DEBUG    [rank 0] Removed old checkpoint:                    dit_trainer.py:1429
         /local/disk/hramachandran/work/wh_work/windinet/dit                    
         _outputs/lundquist/dit_sds_untrained_30k/checkpoint                    
         s/scalar_embedding_step_06240.safetensors                              
DEBUG    [rank 0] Removed optimizer state for older kept     dit_trainer.py:1444
         checkpoint:                                                            
         /local/disk/hramachandran/work/wh_work/windinet/dit                    
         _outputs/lundquist/dit_sds_untrained_30k/checkpoint                    
         s/model_weights_step_06360.state.pt                                    
[epoch 54] step=6480 train_loss=0.011941
[train] step=6481 loss=0.006655 lr=8.893e-06
[train] step=6482 loss=0.004775 lr=8.893e-06
[train] step=6483 loss=0.005927 lr=8.893e-06
[train] step=6484 loss=0.006170 lr=8.892e-06
[train] step=6485 loss=0.018989 lr=8.892e-06
[train] step=6486 loss=0.007763 lr=8.892e-06
[train] step=6487 loss=0.019274 lr=8.891e-06
[train] step=6488 loss=0.013506 lr=8.891e-06
[train] step=6489 loss=0.007438 lr=8.891e-06
[train] step=6490 loss=0.019563 lr=8.890e-06
[train] step=6491 loss=0.008019 lr=8.890e-06
[train] step=6492 loss=0.011898 lr=8.890e-06
[train] step=6493 loss=0.010023 lr=8.889e-06
[train] step=6494 loss=0.013204 lr=8.889e-06
[train] step=6495 loss=0.008343 lr=8.889e-06
[train] step=6496 loss=0.004316 lr=8.888e-06
[train] step=6497 loss=0.005750 lr=8.888e-06
[train] step=6498 loss=0.015045 lr=8.888e-06
[train] step=6499 loss=0.013575 lr=8.888e-06
[train] step=6500 loss=0.006043 lr=8.887e-06
[train] step=6501 loss=0.038823 lr=8.887e-06
[train] step=6502 loss=0.007873 lr=8.887e-06
[train] step=6503 loss=0.018367 lr=8.886e-06
[train] step=6504 loss=0.014251 lr=8.886e-06
[train] step=6505 loss=0.003406 lr=8.886e-06
[train] step=6506 loss=0.011494 lr=8.885e-06
[train] step=6507 loss=0.013348 lr=8.885e-06
[train] step=6508 loss=0.007657 lr=8.885e-06
[train] step=6509 loss=0.009784 lr=8.884e-06
[train] step=6510 loss=0.015872 lr=8.884e-06
[train] step=6511 loss=0.006645 lr=8.884e-06
[train] step=6512 loss=0.005365 lr=8.883e-06
[train] step=6513 loss=0.010279 lr=8.883e-06
[train] step=6514 loss=0.006864 lr=8.883e-06
[train] step=6515 loss=0.010183 lr=8.882e-06
[train] step=6516 loss=0.012933 lr=8.882e-06
[train] step=6517 loss=0.024197 lr=8.882e-06
[train] step=6518 loss=0.006910 lr=8.881e-06
[train] step=6519 loss=0.007441 lr=8.881e-06
[train] step=6520 loss=0.006616 lr=8.881e-06
[train] step=6521 loss=0.007655 lr=8.880e-06
[train] step=6522 loss=0.010202 lr=8.880e-06
[train] step=6523 loss=0.014819 lr=8.880e-06
[train] step=6524 loss=0.025293 lr=8.879e-06
[train] step=6525 loss=0.003971 lr=8.879e-06
[train] step=6526 loss=0.023313 lr=8.879e-06
[train] step=6527 loss=0.015229 lr=8.878e-06
[train] step=6528 loss=0.005055 lr=8.878e-06
[train] step=6529 loss=0.009161 lr=8.878e-06
[train] step=6530 loss=0.008169 lr=8.877e-06
[train] step=6531 loss=0.009265 lr=8.877e-06
[train] step=6532 loss=0.010230 lr=8.877e-06
[train] step=6533 loss=0.008461 lr=8.876e-06
[train] step=6534 loss=0.012104 lr=8.876e-06
[train] step=6535 loss=0.026989 lr=8.876e-06
[train] step=6536 loss=0.010033 lr=8.875e-06
[train] step=6537 loss=0.014476 lr=8.875e-06
[train] step=6538 loss=0.012727 lr=8.875e-06
[train] step=6539 loss=0.002642 lr=8.874e-06
[train] step=6540 loss=0.006117 lr=8.874e-06
[train] step=6541 loss=0.005653 lr=8.874e-06
[train] step=6542 loss=0.018099 lr=8.873e-06
[train] step=6543 loss=0.012300 lr=8.873e-06
[train] step=6544 loss=0.010773 lr=8.873e-06
[train] step=6545 loss=0.072076 lr=8.872e-06
[train] step=6546 loss=0.006966 lr=8.872e-06
[train] step=6547 loss=0.009194 lr=8.872e-06
[train] step=6548 loss=0.008693 lr=8.871e-06
[train] step=6549 loss=0.006149 lr=8.871e-06
[train] step=6550 loss=0.006164 lr=8.871e-06
[train] step=6551 loss=0.019264 lr=8.870e-06
[train] step=6552 loss=0.005193 lr=8.870e-06
[train] step=6553 loss=0.009032 lr=8.870e-06
[train] step=6554 loss=0.006684 lr=8.869e-06
[train] step=6555 loss=0.025452 lr=8.869e-06
[train] step=6556 loss=0.013953 lr=8.869e-06
[train] step=6557 loss=0.022432 lr=8.868e-06
[train] step=6558 loss=0.026267 lr=8.868e-06
[train] step=6559 loss=0.005004 lr=8.868e-06
[train] step=6560 loss=0.011048 lr=8.867e-06
[train] step=6561 loss=0.021642 lr=8.867e-06
[train] step=6562 loss=0.007141 lr=8.867e-06
[train] step=6563 loss=0.012449 lr=8.866e-06
[train] step=6564 loss=0.006182 lr=8.866e-06
[train] step=6565 loss=0.011407 lr=8.866e-06
[train] step=6566 loss=0.014126 lr=8.865e-06
[train] step=6567 loss=0.009463 lr=8.865e-06
[train] step=6568 loss=0.007272 lr=8.865e-06
[train] step=6569 loss=0.012251 lr=8.864e-06
[train] step=6570 loss=0.003709 lr=8.864e-06
[train] step=6571 loss=0.041359 lr=8.864e-06
[train] step=6572 loss=0.007809 lr=8.863e-06
[train] step=6573 loss=0.006718 lr=8.863e-06
[train] step=6574 loss=0.005438 lr=8.863e-06
[train] step=6575 loss=0.118509 lr=8.862e-06
[train] step=6576 loss=0.015338 lr=8.862e-06
[train] step=6577 loss=0.004650 lr=8.862e-06
[train] step=6578 loss=0.014292 lr=8.861e-06
[train] step=6579 loss=0.020641 lr=8.861e-06
[train] step=6580 loss=0.039221 lr=8.861e-06
[train] step=6581 loss=0.007078 lr=8.860e-06
[train] step=6582 loss=0.005681 lr=8.860e-06
[train] step=6583 loss=0.023403 lr=8.860e-06
[train] step=6584 loss=0.009561 lr=8.859e-06
[train] step=6585 loss=0.007772 lr=8.859e-06
[train] step=6586 loss=0.008061 lr=8.859e-06
[train] step=6587 loss=0.036803 lr=8.858e-06
[train] step=6588 loss=0.009960 lr=8.858e-06
[train] step=6589 loss=0.006883 lr=8.858e-06
[train] step=6590 loss=0.007361 lr=8.857e-06
[train] step=6591 loss=0.005852 lr=8.857e-06
[train] step=6592 loss=0.020716 lr=8.857e-06
[train] step=6593 loss=0.011570 lr=8.856e-06
[train] step=6594 loss=0.010473 lr=8.856e-06
[train] step=6595 loss=0.009851 lr=8.856e-06
[train] step=6596 loss=0.009587 lr=8.855e-06
[train] step=6597 loss=0.012248 lr=8.855e-06
[train] step=6598 loss=0.008979 lr=8.855e-06
[train] step=6599 loss=0.013572 lr=8.854e-06
[train] step=6600 loss=0.016304 lr=8.854e-06
[val] step=6600 val_loss=0.012782
INFO     [rank 0] Model weights for step 6600 saved in       dit_trainer.py:1288
         checkpoints/model_weights_step_06600.safetensors                       
INFO     [rank 0] Scalar embedding weights for step 6600     dit_trainer.py:1297
         saved                                                                  
INFO     [rank 0] Training state saved:                      dit_trainer.py:1416
         checkpoints/model_weights_step_06600.state.pt                          
DEBUG    [rank 0] Removed old checkpoint:                    dit_trainer.py:1429
         /local/disk/hramachandran/work/wh_work/windinet/dit                    
         _outputs/lundquist/dit_sds_untrained_30k/checkpoint                    
         s/model_weights_step_06360.safetensors                                 
DEBUG    [rank 0] Removed old checkpoint:                    dit_trainer.py:1429
         /local/disk/hramachandran/work/wh_work/windinet/dit                    
         _outputs/lundquist/dit_sds_untrained_30k/checkpoint                    
         s/scalar_embedding_step_06360.safetensors                              
DEBUG    [rank 0] Removed optimizer state for older kept     dit_trainer.py:1444
         checkpoint:                                                            
         /local/disk/hramachandran/work/wh_work/windinet/dit                    
         _outputs/lundquist/dit_sds_untrained_30k/checkpoint                    
         s/model_weights_step_06480.state.pt                                    
[epoch 55] step=6600 train_loss=0.013283 val_loss=0.012782
[train] step=6601 loss=0.009042 lr=8.854e-06
[train] step=6602 loss=0.012198 lr=8.853e-06
[train] step=6603 loss=0.012299 lr=8.853e-06
[train] step=6604 loss=0.006155 lr=8.853e-06
[train] step=6605 loss=0.006285 lr=8.852e-06
[train] step=6606 loss=0.036662 lr=8.852e-06
[train] step=6607 loss=0.005495 lr=8.852e-06
[train] step=6608 loss=0.015791 lr=8.851e-06
[train] step=6609 loss=0.006939 lr=8.851e-06
[train] step=6610 loss=0.015095 lr=8.851e-06
[train] step=6611 loss=0.020938 lr=8.850e-06
[train] step=6612 loss=0.004328 lr=8.850e-06
[train] step=6613 loss=0.026447 lr=8.850e-06
[train] step=6614 loss=0.008277 lr=8.849e-06
[train] step=6615 loss=0.036173 lr=8.849e-06
[train] step=6616 loss=0.007695 lr=8.849e-06
[train] step=6617 loss=0.008108 lr=8.848e-06
[train] step=6618 loss=0.021688 lr=8.848e-06
[train] step=6619 loss=0.011870 lr=8.848e-06
[train] step=6620 loss=0.006448 lr=8.847e-06
[train] step=6621 loss=0.011889 lr=8.847e-06
[train] step=6622 loss=0.009814 lr=8.847e-06
[train] step=6623 loss=0.028849 lr=8.846e-06
[train] step=6624 loss=0.009673 lr=8.846e-06
[train] step=6625 loss=0.025468 lr=8.846e-06
[train] step=6626 loss=0.008911 lr=8.845e-06
[train] step=6627 loss=0.010187 lr=8.845e-06
[train] step=6628 loss=0.007989 lr=8.845e-06
[train] step=6629 loss=0.009512 lr=8.844e-06
[train] step=6630 loss=0.014927 lr=8.844e-06
[train] step=6631 loss=0.008684 lr=8.844e-06
[train] step=6632 loss=0.018057 lr=8.843e-06
[train] step=6633 loss=0.012387 lr=8.843e-06
[train] step=6634 loss=0.008094 lr=8.843e-06
[train] step=6635 loss=0.044564 lr=8.842e-06
[train] step=6636 loss=0.009024 lr=8.842e-06
[train] step=6637 loss=0.007251 lr=8.842e-06
[train] step=6638 loss=0.008865 lr=8.841e-06
[train] step=6639 loss=0.006929 lr=8.841e-06
[train] step=6640 loss=0.005680 lr=8.841e-06
[train] step=6641 loss=0.011863 lr=8.840e-06
[train] step=6642 loss=0.034657 lr=8.840e-06
[train] step=6643 loss=0.008791 lr=8.840e-06
[train] step=6644 loss=0.005811 lr=8.839e-06
[train] step=6645 loss=0.008433 lr=8.839e-06
[train] step=6646 loss=0.015555 lr=8.839e-06
[train] step=6647 loss=0.003955 lr=8.838e-06
[train] step=6648 loss=0.006663 lr=8.838e-06
[train] step=6649 loss=0.031707 lr=8.838e-06
[train] step=6650 loss=0.007603 lr=8.837e-06
[train] step=6651 loss=0.011749 lr=8.837e-06
[train] step=6652 loss=0.010688 lr=8.837e-06
[train] step=6653 loss=0.010302 lr=8.836e-06
[train] step=6654 loss=0.009760 lr=8.836e-06
[train] step=6655 loss=0.014118 lr=8.836e-06
[train] step=6656 loss=0.014050 lr=8.835e-06
[train] step=6657 loss=0.007496 lr=8.835e-06
[train] step=6658 loss=0.011635 lr=8.835e-06
[train] step=6659 loss=0.019368 lr=8.834e-06
[train] step=6660 loss=0.017359 lr=8.834e-06
[train] step=6661 loss=0.056507 lr=8.834e-06
[train] step=6662 loss=0.010327 lr=8.833e-06
[train] step=6663 loss=0.013278 lr=8.833e-06
[train] step=6664 loss=0.010714 lr=8.833e-06
[train] step=6665 loss=0.003348 lr=8.832e-06
[train] step=6666 loss=0.008729 lr=8.832e-06
[train] step=6667 loss=0.011515 lr=8.832e-06
[train] step=6668 loss=0.004552 lr=8.831e-06
[train] step=6669 loss=0.010578 lr=8.831e-06
[train] step=6670 loss=0.009320 lr=8.831e-06
[train] step=6671 loss=0.007927 lr=8.830e-06
[train] step=6672 loss=0.006221 lr=8.830e-06
[train] step=6673 loss=0.024088 lr=8.830e-06
[train] step=6674 loss=0.004265 lr=8.829e-06
[train] step=6675 loss=0.035327 lr=8.829e-06
[train] step=6676 loss=0.008652 lr=8.829e-06
[train] step=6677 loss=0.004615 lr=8.828e-06
[train] step=6678 loss=0.012739 lr=8.828e-06
[train] step=6679 loss=0.021840 lr=8.828e-06
[train] step=6680 loss=0.009468 lr=8.827e-06
[train] step=6681 loss=0.008465 lr=8.827e-06
[train] step=6682 loss=0.006732 lr=8.827e-06
[train] step=6683 loss=0.020207 lr=8.826e-06
[train] step=6684 loss=0.009564 lr=8.826e-06
[train] step=6685 loss=0.022252 lr=8.826e-06
[train] step=6686 loss=0.026884 lr=8.825e-06
[train] step=6687 loss=0.027246 lr=8.825e-06
[train] step=6688 loss=0.022867 lr=8.825e-06
[train] step=6689 loss=0.008431 lr=8.824e-06
[train] step=6690 loss=0.022197 lr=8.824e-06
[train] step=6691 loss=0.010126 lr=8.824e-06
[train] step=6692 loss=0.008404 lr=8.823e-06
[train] step=6693 loss=0.006200 lr=8.823e-06
[train] step=6694 loss=0.009418 lr=8.823e-06
[train] step=6695 loss=0.019630 lr=8.822e-06
[train] step=6696 loss=0.021147 lr=8.822e-06
[train] step=6697 loss=0.005376 lr=8.822e-06
[train] step=6698 loss=0.009938 lr=8.821e-06
[train] step=6699 loss=0.012375 lr=8.821e-06
[train] step=6700 loss=0.015004 lr=8.820e-06
[train] step=6701 loss=0.019452 lr=8.820e-06
[train] step=6702 loss=0.004127 lr=8.820e-06
[train] step=6703 loss=0.004668 lr=8.819e-06
[train] step=6704 loss=0.008711 lr=8.819e-06
[train] step=6705 loss=0.010419 lr=8.819e-06
[train] step=6706 loss=0.007590 lr=8.818e-06
[train] step=6707 loss=0.010938 lr=8.818e-06
[train] step=6708 loss=0.006281 lr=8.818e-06
[train] step=6709 loss=0.008131 lr=8.817e-06
[train] step=6710 loss=0.014965 lr=8.817e-06
[train] step=6711 loss=0.016851 lr=8.817e-06
[train] step=6712 loss=0.009436 lr=8.816e-06
[train] step=6713 loss=0.007534 lr=8.816e-06
[train] step=6714 loss=0.010439 lr=8.816e-06
[train] step=6715 loss=0.017575 lr=8.815e-06
[train] step=6716 loss=0.018460 lr=8.815e-06
[train] step=6717 loss=0.008274 lr=8.815e-06
[train] step=6718 loss=0.008477 lr=8.814e-06
[train] step=6719 loss=0.024221 lr=8.814e-06
[train] step=6720 loss=0.006809 lr=8.814e-06
INFO     [rank 0] Model weights for step 6720 saved in       dit_trainer.py:1288
         checkpoints/model_weights_step_06720.safetensors                       
INFO     [rank 0] Scalar embedding weights for step 6720     dit_trainer.py:1297
         saved                                                                  
INFO     [rank 0] Training state saved:                      dit_trainer.py:1416
         checkpoints/model_weights_step_06720.state.pt                          
DEBUG    [rank 0] Removed old checkpoint:                    dit_trainer.py:1429
         /local/disk/hramachandran/work/wh_work/windinet/dit                    
         _outputs/lundquist/dit_sds_untrained_30k/checkpoint                    
         s/model_weights_step_06480.safetensors                                 
DEBUG    [rank 0] Removed old checkpoint:                    dit_trainer.py:1429
         /local/disk/hramachandran/work/wh_work/windinet/dit                    
         _outputs/lundquist/dit_sds_untrained_30k/checkpoint                    
         s/scalar_embedding_step_06480.safetensors                              
DEBUG    [rank 0] Removed optimizer state for older kept     dit_trainer.py:1444
         checkpoint:                                                            
         /local/disk/hramachandran/work/wh_work/windinet/dit                    
         _outputs/lundquist/dit_sds_untrained_30k/checkpoint                    
         s/model_weights_step_06600.state.pt                                    
[epoch 56] step=6720 train_loss=0.013380
[train] step=6721 loss=0.007540 lr=8.813e-06
[train] step=6722 loss=0.004597 lr=8.813e-06
[train] step=6723 loss=0.013463 lr=8.813e-06
[train] step=6724 loss=0.018806 lr=8.812e-06
[train] step=6725 loss=0.016891 lr=8.812e-06
[train] step=6726 loss=0.008677 lr=8.812e-06
[train] step=6727 loss=0.007356 lr=8.811e-06
[train] step=6728 loss=0.058023 lr=8.811e-06
[train] step=6729 loss=0.010445 lr=8.811e-06
[train] step=6730 loss=0.012762 lr=8.810e-06
[train] step=6731 loss=0.005472 lr=8.810e-06
[train] step=6732 loss=0.016882 lr=8.810e-06
[train] step=6733 loss=0.008343 lr=8.809e-06
[train] step=6734 loss=0.005682 lr=8.809e-06
[train] step=6735 loss=0.007075 lr=8.809e-06
[train] step=6736 loss=0.013226 lr=8.808e-06
[train] step=6737 loss=0.013949 lr=8.808e-06
[train] step=6738 loss=0.006785 lr=8.808e-06
[train] step=6739 loss=0.007958 lr=8.807e-06
[train] step=6740 loss=0.008966 lr=8.807e-06
[train] step=6741 loss=0.007335 lr=8.807e-06
[train] step=6742 loss=0.014398 lr=8.806e-06
[train] step=6743 loss=0.009996 lr=8.806e-06
[train] step=6744 loss=0.015774 lr=8.806e-06
[train] step=6745 loss=0.008145 lr=8.805e-06
[train] step=6746 loss=0.010523 lr=8.805e-06
[train] step=6747 loss=0.006438 lr=8.805e-06
[train] step=6748 loss=0.018864 lr=8.804e-06
[train] step=6749 loss=0.011784 lr=8.804e-06
[train] step=6750 loss=0.060406 lr=8.804e-06
[train] step=6751 loss=0.011388 lr=8.803e-06
[train] step=6752 loss=0.007797 lr=8.803e-06
[train] step=6753 loss=0.009400 lr=8.803e-06
[train] step=6754 loss=0.015559 lr=8.802e-06
[train] step=6755 loss=0.006902 lr=8.802e-06
[train] step=6756 loss=0.035871 lr=8.802e-06
[train] step=6757 loss=0.022032 lr=8.801e-06
[train] step=6758 loss=0.005768 lr=8.801e-06
[train] step=6759 loss=0.010265 lr=8.801e-06
[train] step=6760 loss=0.008070 lr=8.800e-06
[train] step=6761 loss=0.005568 lr=8.800e-06
[train] step=6762 loss=0.011518 lr=8.799e-06
[train] step=6763 loss=0.014351 lr=8.799e-06
[train] step=6764 loss=0.026986 lr=8.799e-06
[train] step=6765 loss=0.006718 lr=8.798e-06
[train] step=6766 loss=0.004993 lr=8.798e-06
[train] step=6767 loss=0.003889 lr=8.798e-06
[train] step=6768 loss=0.012380 lr=8.797e-06
[train] step=6769 loss=0.008829 lr=8.797e-06
[train] step=6770 loss=0.008857 lr=8.797e-06
[train] step=6771 loss=0.004851 lr=8.796e-06
[train] step=6772 loss=0.007655 lr=8.796e-06
[train] step=6773 loss=0.044327 lr=8.796e-06
[train] step=6774 loss=0.019693 lr=8.795e-06
[train] step=6775 loss=0.007467 lr=8.795e-06
[train] step=6776 loss=0.009555 lr=8.795e-06
[train] step=6777 loss=0.011967 lr=8.794e-06
[train] step=6778 loss=0.005402 lr=8.794e-06
[train] step=6779 loss=0.003750 lr=8.794e-06
[train] step=6780 loss=0.006219 lr=8.793e-06
[train] step=6781 loss=0.004756 lr=8.793e-06
[train] step=6782 loss=0.016061 lr=8.793e-06
[train] step=6783 loss=0.006846 lr=8.792e-06
[train] step=6784 loss=0.012159 lr=8.792e-06
[train] step=6785 loss=0.020576 lr=8.792e-06
[train] step=6786 loss=0.009149 lr=8.791e-06
[train] step=6787 loss=0.005567 lr=8.791e-06
[train] step=6788 loss=0.007965 lr=8.791e-06
[train] step=6789 loss=0.018642 lr=8.790e-06
[train] step=6790 loss=0.012419 lr=8.790e-06
[train] step=6791 loss=0.007341 lr=8.790e-06
[train] step=6792 loss=0.028297 lr=8.789e-06
[train] step=6793 loss=0.024961 lr=8.789e-06
[train] step=6794 loss=0.011228 lr=8.789e-06
[train] step=6795 loss=0.003512 lr=8.788e-06
[train] step=6796 loss=0.010423 lr=8.788e-06
[train] step=6797 loss=0.005383 lr=8.788e-06
[train] step=6798 loss=0.005624 lr=8.787e-06
[train] step=6799 loss=0.005121 lr=8.787e-06
[train] step=6800 loss=0.010390 lr=8.787e-06
[train] step=6801 loss=0.008787 lr=8.786e-06
[train] step=6802 loss=0.009165 lr=8.786e-06
[train] step=6803 loss=0.005026 lr=8.786e-06
[train] step=6804 loss=0.008357 lr=8.785e-06
[train] step=6805 loss=0.013036 lr=8.785e-06
[train] step=6806 loss=0.013317 lr=8.784e-06
[train] step=6807 loss=0.003411 lr=8.784e-06
[train] step=6808 loss=0.004709 lr=8.784e-06
[train] step=6809 loss=0.008026 lr=8.783e-06
[train] step=6810 loss=0.007825 lr=8.783e-06
[train] step=6811 loss=0.006113 lr=8.783e-06
[train] step=6812 loss=0.010940 lr=8.782e-06
[train] step=6813 loss=0.015271 lr=8.782e-06
[train] step=6814 loss=0.012880 lr=8.782e-06
[train] step=6815 loss=0.006590 lr=8.781e-06
[train] step=6816 loss=0.002778 lr=8.781e-06
[train] step=6817 loss=0.014199 lr=8.781e-06
[train] step=6818 loss=0.011687 lr=8.780e-06
[train] step=6819 loss=0.011933 lr=8.780e-06
[train] step=6820 loss=0.006600 lr=8.780e-06
[train] step=6821 loss=0.014728 lr=8.779e-06
[train] step=6822 loss=0.011909 lr=8.779e-06
[train] step=6823 loss=0.004165 lr=8.779e-06
[train] step=6824 loss=0.032170 lr=8.778e-06
[train] step=6825 loss=0.017619 lr=8.778e-06
[train] step=6826 loss=0.015622 lr=8.778e-06
[train] step=6827 loss=0.019590 lr=8.777e-06
[train] step=6828 loss=0.012299 lr=8.777e-06
[train] step=6829 loss=0.004259 lr=8.777e-06
[train] step=6830 loss=0.024567 lr=8.776e-06
[train] step=6831 loss=0.011135 lr=8.776e-06
[train] step=6832 loss=0.005432 lr=8.776e-06
[train] step=6833 loss=0.005427 lr=8.775e-06
[train] step=6834 loss=0.012874 lr=8.775e-06
[train] step=6835 loss=0.006744 lr=8.775e-06
[train] step=6836 loss=0.004185 lr=8.774e-06
[train] step=6837 loss=0.004842 lr=8.774e-06
[train] step=6838 loss=0.007020 lr=8.774e-06
[train] step=6839 loss=0.006187 lr=8.773e-06
[train] step=6840 loss=0.009344 lr=8.773e-06
INFO     [rank 0] Model weights for step 6840 saved in       dit_trainer.py:1288
         checkpoints/model_weights_step_06840.safetensors                       
INFO     [rank 0] Scalar embedding weights for step 6840     dit_trainer.py:1297
         saved                                                                  
INFO     [rank 0] Training state saved:                      dit_trainer.py:1416
         checkpoints/model_weights_step_06840.state.pt                          
DEBUG    [rank 0] Removed old checkpoint:                    dit_trainer.py:1429
         /local/disk/hramachandran/work/wh_work/windinet/dit                    
         _outputs/lundquist/dit_sds_untrained_30k/checkpoint                    
         s/model_weights_step_06600.safetensors                                 
DEBUG    [rank 0] Removed old checkpoint:                    dit_trainer.py:1429
         /local/disk/hramachandran/work/wh_work/windinet/dit                    
         _outputs/lundquist/dit_sds_untrained_30k/checkpoint                    
         s/scalar_embedding_step_06600.safetensors                              
DEBUG    [rank 0] Removed optimizer state for older kept     dit_trainer.py:1444
         checkpoint:                                                            
         /local/disk/hramachandran/work/wh_work/windinet/dit                    
         _outputs/lundquist/dit_sds_untrained_30k/checkpoint                    
         s/model_weights_step_06720.state.pt                                    
[epoch 57] step=6840 train_loss=0.011744
[train] step=6841 loss=0.008408 lr=8.772e-06
[train] step=6842 loss=0.005854 lr=8.772e-06
[train] step=6843 loss=0.021322 lr=8.772e-06
[train] step=6844 loss=0.054113 lr=8.771e-06
[train] step=6845 loss=0.005002 lr=8.771e-06
[train] step=6846 loss=0.011831 lr=8.771e-06
[train] step=6847 loss=0.011560 lr=8.770e-06
[train] step=6848 loss=0.018765 lr=8.770e-06
[train] step=6849 loss=0.013021 lr=8.770e-06
[train] step=6850 loss=0.006118 lr=8.769e-06
[train] step=6851 loss=0.007849 lr=8.769e-06
[train] step=6852 loss=0.005716 lr=8.769e-06
[train] step=6853 loss=0.007622 lr=8.768e-06
[train] step=6854 loss=0.014315 lr=8.768e-06
[train] step=6855 loss=0.012901 lr=8.768e-06
[train] step=6856 loss=0.011312 lr=8.767e-06
[train] step=6857 loss=0.016243 lr=8.767e-06
[train] step=6858 loss=0.007238 lr=8.767e-06
[train] step=6859 loss=0.006387 lr=8.766e-06
[train] step=6860 loss=0.010208 lr=8.766e-06
[train] step=6861 loss=0.017721 lr=8.766e-06
[train] step=6862 loss=0.004946 lr=8.765e-06
[train] step=6863 loss=0.011438 lr=8.765e-06
[train] step=6864 loss=0.003129 lr=8.765e-06
[train] step=6865 loss=0.019508 lr=8.764e-06
[train] step=6866 loss=0.010043 lr=8.764e-06
[train] step=6867 loss=0.007574 lr=8.764e-06
[train] step=6868 loss=0.020933 lr=8.763e-06
[train] step=6869 loss=0.020019 lr=8.763e-06
[train] step=6870 loss=0.005667 lr=8.763e-06
[train] step=6871 loss=0.006494 lr=8.762e-06
[train] step=6872 loss=0.011284 lr=8.762e-06
[train] step=6873 loss=0.008954 lr=8.761e-06
[train] step=6874 loss=0.009088 lr=8.761e-06
[train] step=6875 loss=0.006491 lr=8.761e-06
[train] step=6876 loss=0.096400 lr=8.760e-06
[train] step=6877 loss=0.006479 lr=8.760e-06
[train] step=6878 loss=0.015841 lr=8.760e-06
[train] step=6879 loss=0.004760 lr=8.759e-06
[train] step=6880 loss=0.099747 lr=8.759e-06
[train] step=6881 loss=0.008825 lr=8.759e-06
[train] step=6882 loss=0.006784 lr=8.758e-06
[train] step=6883 loss=0.014123 lr=8.758e-06
[train] step=6884 loss=0.017950 lr=8.758e-06
[train] step=6885 loss=0.024320 lr=8.757e-06
[train] step=6886 loss=0.005653 lr=8.757e-06
[train] step=6887 loss=0.013912 lr=8.757e-06
[train] step=6888 loss=0.007102 lr=8.756e-06
[train] step=6889 loss=0.012272 lr=8.756e-06
[train] step=6890 loss=0.008988 lr=8.756e-06
[train] step=6891 loss=0.008180 lr=8.755e-06
[train] step=6892 loss=0.010175 lr=8.755e-06
[train] step=6893 loss=0.009852 lr=8.755e-06
[train] step=6894 loss=0.009271 lr=8.754e-06
[train] step=6895 loss=0.011478 lr=8.754e-06
[train] step=6896 loss=0.006853 lr=8.754e-06
[train] step=6897 loss=0.008221 lr=8.753e-06
[train] step=6898 loss=0.010043 lr=8.753e-06
[train] step=6899 loss=0.005114 lr=8.752e-06
[train] step=6900 loss=0.006459 lr=8.752e-06
[train] step=6901 loss=0.007906 lr=8.752e-06
[train] step=6902 loss=0.009304 lr=8.751e-06
[train] step=6903 loss=0.008480 lr=8.751e-06
[train] step=6904 loss=0.006069 lr=8.751e-06
[train] step=6905 loss=0.006308 lr=8.750e-06
[train] step=6906 loss=0.034745 lr=8.750e-06
[train] step=6907 loss=0.012855 lr=8.750e-06
[train] step=6908 loss=0.004200 lr=8.749e-06
[train] step=6909 loss=0.014720 lr=8.749e-06
[train] step=6910 loss=0.006015 lr=8.749e-06
[train] step=6911 loss=0.007247 lr=8.748e-06
[train] step=6912 loss=0.002798 lr=8.748e-06
[train] step=6913 loss=0.007695 lr=8.748e-06
[train] step=6914 loss=0.008351 lr=8.747e-06
[train] step=6915 loss=0.009320 lr=8.747e-06
[train] step=6916 loss=0.010529 lr=8.747e-06
[train] step=6917 loss=0.010737 lr=8.746e-06
[train] step=6918 loss=0.016519 lr=8.746e-06
[train] step=6919 loss=0.004896 lr=8.746e-06
[train] step=6920 loss=0.008692 lr=8.745e-06
[train] step=6921 loss=0.005659 lr=8.745e-06
[train] step=6922 loss=0.011192 lr=8.745e-06
[train] step=6923 loss=0.006186 lr=8.744e-06
[train] step=6924 loss=0.012909 lr=8.744e-06
[train] step=6925 loss=0.006908 lr=8.743e-06
[train] step=6926 loss=0.007642 lr=8.743e-06
[train] step=6927 loss=0.005343 lr=8.743e-06
[train] step=6928 loss=0.008477 lr=8.742e-06
[train] step=6929 loss=0.006233 lr=8.742e-06
[train] step=6930 loss=0.007625 lr=8.742e-06
[train] step=6931 loss=0.010140 lr=8.741e-06
[train] step=6932 loss=0.005523 lr=8.741e-06
[train] step=6933 loss=0.006592 lr=8.741e-06
[train] step=6934 loss=0.009974 lr=8.740e-06
[train] step=6935 loss=0.033841 lr=8.740e-06
[train] step=6936 loss=0.013237 lr=8.740e-06
[train] step=6937 loss=0.017081 lr=8.739e-06
[train] step=6938 loss=0.009508 lr=8.739e-06
[train] step=6939 loss=0.008981 lr=8.739e-06
[train] step=6940 loss=0.005968 lr=8.738e-06
[train] step=6941 loss=0.023777 lr=8.738e-06
[train] step=6942 loss=0.007879 lr=8.738e-06
[train] step=6943 loss=0.043776 lr=8.737e-06
[train] step=6944 loss=0.015282 lr=8.737e-06
[train] step=6945 loss=0.013454 lr=8.737e-06
[train] step=6946 loss=0.008516 lr=8.736e-06
[train] step=6947 loss=0.012390 lr=8.736e-06
[train] step=6948 loss=0.003847 lr=8.736e-06
[train] step=6949 loss=0.008728 lr=8.735e-06
[train] step=6950 loss=0.005431 lr=8.735e-06
[train] step=6951 loss=0.004760 lr=8.734e-06
[train] step=6952 loss=0.013470 lr=8.734e-06
[train] step=6953 loss=0.007014 lr=8.734e-06
[train] step=6954 loss=0.016024 lr=8.733e-06
[train] step=6955 loss=0.007134 lr=8.733e-06
[train] step=6956 loss=0.007209 lr=8.733e-06
[train] step=6957 loss=0.006585 lr=8.732e-06
[train] step=6958 loss=0.004769 lr=8.732e-06
[train] step=6959 loss=0.006520 lr=8.732e-06
[train] step=6960 loss=0.027193 lr=8.731e-06
INFO     [rank 0] Model weights for step 6960 saved in       dit_trainer.py:1288
         checkpoints/model_weights_step_06960.safetensors                       
INFO     [rank 0] Scalar embedding weights for step 6960     dit_trainer.py:1297
         saved                                                                  
INFO     [rank 0] Training state saved:                      dit_trainer.py:1416
         checkpoints/model_weights_step_06960.state.pt                          
DEBUG    [rank 0] Removed old checkpoint:                    dit_trainer.py:1429
         /local/disk/hramachandran/work/wh_work/windinet/dit                    
         _outputs/lundquist/dit_sds_untrained_30k/checkpoint                    
         s/model_weights_step_06720.safetensors                                 
DEBUG    [rank 0] Removed old checkpoint:                    dit_trainer.py:1429
         /local/disk/hramachandran/work/wh_work/windinet/dit                    
         _outputs/lundquist/dit_sds_untrained_30k/checkpoint                    
         s/scalar_embedding_step_06720.safetensors                              
DEBUG    [rank 0] Removed optimizer state for older kept     dit_trainer.py:1444
         checkpoint:                                                            
         /local/disk/hramachandran/work/wh_work/windinet/dit                    
         _outputs/lundquist/dit_sds_untrained_30k/checkpoint                    
         s/model_weights_step_06840.state.pt                                    
[epoch 58] step=6960 train_loss=0.012252
[train] step=6961 loss=0.016129 lr=8.731e-06
[train] step=6962 loss=0.042272 lr=8.731e-06
[train] step=6963 loss=0.005290 lr=8.730e-06
[train] step=6964 loss=0.014878 lr=8.730e-06
[train] step=6965 loss=0.012146 lr=8.730e-06
[train] step=6966 loss=0.009143 lr=8.729e-06
[train] step=6967 loss=0.009246 lr=8.729e-06
[train] step=6968 loss=0.023227 lr=8.729e-06
[train] step=6969 loss=0.006568 lr=8.728e-06
[train] step=6970 loss=0.010497 lr=8.728e-06
[train] step=6971 loss=0.005312 lr=8.727e-06
[train] step=6972 loss=0.020788 lr=8.727e-06
[train] step=6973 loss=0.077102 lr=8.727e-06
[train] step=6974 loss=0.017419 lr=8.726e-06
[train] step=6975 loss=0.008896 lr=8.726e-06
[train] step=6976 loss=0.006752 lr=8.726e-06
[train] step=6977 loss=0.010433 lr=8.725e-06
[train] step=6978 loss=0.004662 lr=8.725e-06
[train] step=6979 loss=0.003617 lr=8.725e-06
[train] step=6980 loss=0.011219 lr=8.724e-06
[train] step=6981 loss=0.005956 lr=8.724e-06
[train] step=6982 loss=0.010909 lr=8.724e-06
[train] step=6983 loss=0.009123 lr=8.723e-06
[train] step=6984 loss=0.006043 lr=8.723e-06
[train] step=6985 loss=0.027882 lr=8.723e-06
[train] step=6986 loss=0.008094 lr=8.722e-06
[train] step=6987 loss=0.007053 lr=8.722e-06
[train] step=6988 loss=0.033125 lr=8.722e-06
[train] step=6989 loss=0.012555 lr=8.721e-06
[train] step=6990 loss=0.016308 lr=8.721e-06
[train] step=6991 loss=0.015492 lr=8.721e-06
[train] step=6992 loss=0.008325 lr=8.720e-06
[train] step=6993 loss=0.003746 lr=8.720e-06
[train] step=6994 loss=0.014299 lr=8.719e-06
[train] step=6995 loss=0.006363 lr=8.719e-06
[train] step=6996 loss=0.015225 lr=8.719e-06
[train] step=6997 loss=0.006341 lr=8.718e-06
[train] step=6998 loss=0.014021 lr=8.718e-06
[train] step=6999 loss=0.019719 lr=8.718e-06
[train] step=7000 loss=0.006567 lr=8.717e-06
[train] step=7001 loss=0.012436 lr=8.717e-06
[train] step=7002 loss=0.006740 lr=8.717e-06
[train] step=7003 loss=0.013503 lr=8.716e-06
[train] step=7004 loss=0.009976 lr=8.716e-06
[train] step=7005 loss=0.006209 lr=8.716e-06
[train] step=7006 loss=0.016836 lr=8.715e-06
[train] step=7007 loss=0.006963 lr=8.715e-06
[train] step=7008 loss=0.011147 lr=8.715e-06
[train] step=7009 loss=0.006056 lr=8.714e-06
[train] step=7010 loss=0.010736 lr=8.714e-06
[train] step=7011 loss=0.007061 lr=8.714e-06
[train] step=7012 loss=0.006667 lr=8.713e-06
[train] step=7013 loss=0.063839 lr=8.713e-06
[train] step=7014 loss=0.004957 lr=8.712e-06
[train] step=7015 loss=0.005706 lr=8.712e-06
[train] step=7016 loss=0.012424 lr=8.712e-06
[train] step=7017 loss=0.006104 lr=8.711e-06
[train] step=7018 loss=0.018593 lr=8.711e-06
[train] step=7019 loss=0.014210 lr=8.711e-06
[train] step=7020 loss=0.009426 lr=8.710e-06
[train] step=7021 loss=0.017062 lr=8.710e-06
[train] step=7022 loss=0.004819 lr=8.710e-06
[train] step=7023 loss=0.008090 lr=8.709e-06
[train] step=7024 loss=0.005469 lr=8.709e-06
[train] step=7025 loss=0.005017 lr=8.709e-06
[train] step=7026 loss=0.004185 lr=8.708e-06
[train] step=7027 loss=0.005809 lr=8.708e-06
[train] step=7028 loss=0.009324 lr=8.708e-06
[train] step=7029 loss=0.007471 lr=8.707e-06
[train] step=7030 loss=0.009265 lr=8.707e-06
[train] step=7031 loss=0.021970 lr=8.706e-06
[train] step=7032 loss=0.009332 lr=8.706e-06
[train] step=7033 loss=0.007432 lr=8.706e-06
[train] step=7034 loss=0.014333 lr=8.705e-06
[train] step=7035 loss=0.010768 lr=8.705e-06
[train] step=7036 loss=0.009849 lr=8.705e-06
[train] step=7037 loss=0.006392 lr=8.704e-06
[train] step=7038 loss=0.026321 lr=8.704e-06
[train] step=7039 loss=0.003471 lr=8.704e-06
[train] step=7040 loss=0.006081 lr=8.703e-06
[train] step=7041 loss=0.011601 lr=8.703e-06
[train] step=7042 loss=0.007036 lr=8.703e-06
[train] step=7043 loss=0.007513 lr=8.702e-06
[train] step=7044 loss=0.018674 lr=8.702e-06
[train] step=7045 loss=0.010974 lr=8.702e-06
[train] step=7046 loss=0.008103 lr=8.701e-06
[train] step=7047 loss=0.007819 lr=8.701e-06
[train] step=7048 loss=0.009273 lr=8.701e-06
[train] step=7049 loss=0.021267 lr=8.700e-06
[train] step=7050 loss=0.004578 lr=8.700e-06
[train] step=7051 loss=0.005979 lr=8.699e-06
[train] step=7052 loss=0.008342 lr=8.699e-06
[train] step=7053 loss=0.004200 lr=8.699e-06
[train] step=7054 loss=0.010426 lr=8.698e-06
[train] step=7055 loss=0.012256 lr=8.698e-06
[train] step=7056 loss=0.007816 lr=8.698e-06
[train] step=7057 loss=0.007894 lr=8.697e-06
[train] step=7058 loss=0.008893 lr=8.697e-06
[train] step=7059 loss=0.013824 lr=8.697e-06
[train] step=7060 loss=0.008232 lr=8.696e-06
[train] step=7061 loss=0.012093 lr=8.696e-06
[train] step=7062 loss=0.003439 lr=8.696e-06
[train] step=7063 loss=0.004935 lr=8.695e-06
[train] step=7064 loss=0.006467 lr=8.695e-06
[train] step=7065 loss=0.013187 lr=8.695e-06
[train] step=7066 loss=0.007473 lr=8.694e-06
[train] step=7067 loss=0.007098 lr=8.694e-06
[train] step=7068 loss=0.007648 lr=8.693e-06
[train] step=7069 loss=0.004719 lr=8.693e-06
[train] step=7070 loss=0.007848 lr=8.693e-06
[train] step=7071 loss=0.005591 lr=8.692e-06
[train] step=7072 loss=0.006708 lr=8.692e-06
[train] step=7073 loss=0.015003 lr=8.692e-06
[train] step=7074 loss=0.025862 lr=8.691e-06
[train] step=7075 loss=0.008590 lr=8.691e-06
[train] step=7076 loss=0.011607 lr=8.691e-06
[train] step=7077 loss=0.013950 lr=8.690e-06
[train] step=7078 loss=0.009451 lr=8.690e-06
[train] step=7079 loss=0.006415 lr=8.690e-06
[train] step=7080 loss=0.045492 lr=8.689e-06
INFO     [rank 0] Model weights for step 7080 saved in       dit_trainer.py:1288
         checkpoints/model_weights_step_07080.safetensors                       
INFO     [rank 0] Scalar embedding weights for step 7080     dit_trainer.py:1297
         saved                                                                  
INFO     [rank 0] Training state saved:                      dit_trainer.py:1416
         checkpoints/model_weights_step_07080.state.pt                          
DEBUG    [rank 0] Removed old checkpoint:                    dit_trainer.py:1429
         /local/disk/hramachandran/work/wh_work/windinet/dit                    
         _outputs/lundquist/dit_sds_untrained_30k/checkpoint                    
         s/model_weights_step_06840.safetensors                                 
DEBUG    [rank 0] Removed old checkpoint:                    dit_trainer.py:1429
         /local/disk/hramachandran/work/wh_work/windinet/dit                    
         _outputs/lundquist/dit_sds_untrained_30k/checkpoint                    
         s/scalar_embedding_step_06840.safetensors                              
DEBUG    [rank 0] Removed optimizer state for older kept     dit_trainer.py:1444
         checkpoint:                                                            
         /local/disk/hramachandran/work/wh_work/windinet/dit                    
         _outputs/lundquist/dit_sds_untrained_30k/checkpoint                    
         s/model_weights_step_06960.state.pt                                    
[epoch 59] step=7080 train_loss=0.011706
[train] step=7081 loss=0.015098 lr=8.689e-06
[train] step=7082 loss=0.012245 lr=8.689e-06
[train] step=7083 loss=0.003645 lr=8.688e-06
[train] step=7084 loss=0.008504 lr=8.688e-06
[train] step=7085 loss=0.005702 lr=8.687e-06
[train] step=7086 loss=0.017958 lr=8.687e-06
[train] step=7087 loss=0.061031 lr=8.687e-06
[train] step=7088 loss=0.009776 lr=8.686e-06
[train] step=7089 loss=0.004342 lr=8.686e-06
[train] step=7090 loss=0.006599 lr=8.686e-06
[train] step=7091 loss=0.011733 lr=8.685e-06
[train] step=7092 loss=0.009252 lr=8.685e-06
[train] step=7093 loss=0.010641 lr=8.685e-06
[train] step=7094 loss=0.038766 lr=8.684e-06
[train] step=7095 loss=0.022966 lr=8.684e-06
[train] step=7096 loss=0.006899 lr=8.684e-06
[train] step=7097 loss=0.008827 lr=8.683e-06
[train] step=7098 loss=0.011065 lr=8.683e-06
[train] step=7099 loss=0.027365 lr=8.683e-06
[train] step=7100 loss=0.006470 lr=8.682e-06
[train] step=7101 loss=0.013034 lr=8.682e-06
[train] step=7102 loss=0.006021 lr=8.681e-06
[train] step=7103 loss=0.009206 lr=8.681e-06
[train] step=7104 loss=0.009593 lr=8.681e-06
[train] step=7105 loss=0.007589 lr=8.680e-06
[train] step=7106 loss=0.006601 lr=8.680e-06
[train] step=7107 loss=0.047484 lr=8.680e-06
[train] step=7108 loss=0.005165 lr=8.679e-06
[train] step=7109 loss=0.016036 lr=8.679e-06
[train] step=7110 loss=0.012569 lr=8.679e-06
[train] step=7111 loss=0.009650 lr=8.678e-06
[train] step=7112 loss=0.021321 lr=8.678e-06
[train] step=7113 loss=0.007426 lr=8.678e-06
[train] step=7114 loss=0.006909 lr=8.677e-06
[train] step=7115 loss=0.014362 lr=8.677e-06
[train] step=7116 loss=0.008261 lr=8.676e-06
[train] step=7117 loss=0.018843 lr=8.676e-06
[train] step=7118 loss=0.010029 lr=8.676e-06
[train] step=7119 loss=0.007594 lr=8.675e-06
[train] step=7120 loss=0.005980 lr=8.675e-06
[train] step=7121 loss=0.009968 lr=8.675e-06
[train] step=7122 loss=0.006390 lr=8.674e-06
[train] step=7123 loss=0.016032 lr=8.674e-06
[train] step=7124 loss=0.006815 lr=8.674e-06
[train] step=7125 loss=0.004604 lr=8.673e-06
[train] step=7126 loss=0.019114 lr=8.673e-06
[train] step=7127 loss=0.006643 lr=8.673e-06
[train] step=7128 loss=0.013163 lr=8.672e-06
[train] step=7129 loss=0.004317 lr=8.672e-06
[train] step=7130 loss=0.008895 lr=8.672e-06
[train] step=7131 loss=0.004879 lr=8.671e-06
[train] step=7132 loss=0.006358 lr=8.671e-06
[train] step=7133 loss=0.012747 lr=8.670e-06
[train] step=7134 loss=0.013028 lr=8.670e-06
[train] step=7135 loss=0.007046 lr=8.670e-06
[train] step=7136 loss=0.004949 lr=8.669e-06
[train] step=7137 loss=0.014227 lr=8.669e-06
[train] step=7138 loss=0.009969 lr=8.669e-06
[train] step=7139 loss=0.006586 lr=8.668e-06
[train] step=7140 loss=0.009193 lr=8.668e-06
[train] step=7141 loss=0.014217 lr=8.668e-06
[train] step=7142 loss=0.005074 lr=8.667e-06
[train] step=7143 loss=0.005849 lr=8.667e-06
[train] step=7144 loss=0.015077 lr=8.667e-06
[train] step=7145 loss=0.013808 lr=8.666e-06
[train] step=7146 loss=0.007914 lr=8.666e-06
[train] step=7147 loss=0.006628 lr=8.665e-06
[train] step=7148 loss=0.033109 lr=8.665e-06
[train] step=7149 loss=0.006538 lr=8.665e-06
[train] step=7150 loss=0.006761 lr=8.664e-06
[train] step=7151 loss=0.008474 lr=8.664e-06
[train] step=7152 loss=0.012470 lr=8.664e-06
[train] step=7153 loss=0.008463 lr=8.663e-06
[train] step=7154 loss=0.026916 lr=8.663e-06
[train] step=7155 loss=0.015871 lr=8.663e-06
[train] step=7156 loss=0.005788 lr=8.662e-06
[train] step=7157 loss=0.008352 lr=8.662e-06
[train] step=7158 loss=0.008335 lr=8.662e-06
[train] step=7159 loss=0.008813 lr=8.661e-06
[train] step=7160 loss=0.007394 lr=8.661e-06
[train] step=7161 loss=0.020251 lr=8.660e-06
[train] step=7162 loss=0.009316 lr=8.660e-06
[train] step=7163 loss=0.008348 lr=8.660e-06
[train] step=7164 loss=0.009499 lr=8.659e-06
[train] step=7165 loss=0.006583 lr=8.659e-06
[train] step=7166 loss=0.003765 lr=8.659e-06
[train] step=7167 loss=0.009964 lr=8.658e-06
[train] step=7168 loss=0.017347 lr=8.658e-06
[train] step=7169 loss=0.008985 lr=8.658e-06
[train] step=7170 loss=0.009813 lr=8.657e-06
[train] step=7171 loss=0.029906 lr=8.657e-06
[train] step=7172 loss=0.009347 lr=8.657e-06
[train] step=7173 loss=0.005862 lr=8.656e-06
[train] step=7174 loss=0.012992 lr=8.656e-06
[train] step=7175 loss=0.012115 lr=8.655e-06
[train] step=7176 loss=0.006007 lr=8.655e-06
[train] step=7177 loss=0.032717 lr=8.655e-06
[train] step=7178 loss=0.011458 lr=8.654e-06
[train] step=7179 loss=0.016562 lr=8.654e-06
[train] step=7180 loss=0.010359 lr=8.654e-06
[train] step=7181 loss=0.032040 lr=8.653e-06
[train] step=7182 loss=0.007198 lr=8.653e-06
[train] step=7183 loss=0.007254 lr=8.653e-06
[train] step=7184 loss=0.008603 lr=8.652e-06
[train] step=7185 loss=0.010207 lr=8.652e-06
[train] step=7186 loss=0.007794 lr=8.652e-06
[train] step=7187 loss=0.011643 lr=8.651e-06
[train] step=7188 loss=0.008408 lr=8.651e-06
[train] step=7189 loss=0.004218 lr=8.650e-06
[train] step=7190 loss=0.008427 lr=8.650e-06
[train] step=7191 loss=0.004420 lr=8.650e-06
[train] step=7192 loss=0.008398 lr=8.649e-06
[train] step=7193 loss=0.007958 lr=8.649e-06
[train] step=7194 loss=0.012115 lr=8.649e-06
[train] step=7195 loss=0.005104 lr=8.648e-06
[train] step=7196 loss=0.010520 lr=8.648e-06
[train] step=7197 loss=0.026606 lr=8.648e-06
[train] step=7198 loss=0.018071 lr=8.647e-06
[train] step=7199 loss=0.010771 lr=8.647e-06
[train] step=7200 loss=0.007112 lr=8.647e-06
[val] step=7200 val_loss=0.012460
INFO     [rank 0] Model weights for step 7200 saved in       dit_trainer.py:1288
         checkpoints/model_weights_step_07200.safetensors                       
INFO     [rank 0] Scalar embedding weights for step 7200     dit_trainer.py:1297
         saved                                                                  
INFO     [rank 0] Training state saved:                      dit_trainer.py:1416
         checkpoints/model_weights_step_07200.state.pt                          
INFO     [rank 0] New best checkpoint (step 7200,            dit_trainer.py:1320
         val_loss=0.012460):                                                    
         checkpoints/model_weights_best.safetensors                             
DEBUG    [rank 0] Removed old checkpoint:                    dit_trainer.py:1429
         /local/disk/hramachandran/work/wh_work/windinet/dit                    
         _outputs/lundquist/dit_sds_untrained_30k/checkpoint                    
         s/model_weights_step_06960.safetensors                                 
DEBUG    [rank 0] Removed old checkpoint:                    dit_trainer.py:1429
         /local/disk/hramachandran/work/wh_work/windinet/dit                    
         _outputs/lundquist/dit_sds_untrained_30k/checkpoint                    
         s/scalar_embedding_step_06960.safetensors                              
DEBUG    [rank 0] Removed optimizer state for older kept     dit_trainer.py:1444
         checkpoint:                                                            
         /local/disk/hramachandran/work/wh_work/windinet/dit                    
         _outputs/lundquist/dit_sds_untrained_30k/checkpoint                    
         s/model_weights_step_07080.state.pt                                    
[epoch 60] step=7200 train_loss=0.012165 val_loss=0.012460
[train] step=7201 loss=0.006955 lr=8.646e-06
[train] step=7202 loss=0.003346 lr=8.646e-06
[train] step=7203 loss=0.005920 lr=8.645e-06
[train] step=7204 loss=0.005234 lr=8.645e-06
[train] step=7205 loss=0.015048 lr=8.645e-06
[train] step=7206 loss=0.009386 lr=8.644e-06
[train] step=7207 loss=0.026177 lr=8.644e-06
[train] step=7208 loss=0.004900 lr=8.644e-06
[train] step=7209 loss=0.009694 lr=8.643e-06
[train] step=7210 loss=0.012176 lr=8.643e-06
[train] step=7211 loss=0.008706 lr=8.643e-06
[train] step=7212 loss=0.016015 lr=8.642e-06
[train] step=7213 loss=0.013907 lr=8.642e-06
[train] step=7214 loss=0.007114 lr=8.642e-06
[train] step=7215 loss=0.011101 lr=8.641e-06
[train] step=7216 loss=0.004233 lr=8.641e-06
[train] step=7217 loss=0.011502 lr=8.640e-06
[train] step=7218 loss=0.020212 lr=8.640e-06
[train] step=7219 loss=0.008692 lr=8.640e-06
[train] step=7220 loss=0.018085 lr=8.639e-06
[train] step=7221 loss=0.012107 lr=8.639e-06
[train] step=7222 loss=0.012957 lr=8.639e-06
[train] step=7223 loss=0.007641 lr=8.638e-06
[train] step=7224 loss=0.014808 lr=8.638e-06
[train] step=7225 loss=0.006690 lr=8.638e-06
[train] step=7226 loss=0.005429 lr=8.637e-06
[train] step=7227 loss=0.006463 lr=8.637e-06
[train] step=7228 loss=0.004382 lr=8.637e-06
[train] step=7229 loss=0.014517 lr=8.636e-06
[train] step=7230 loss=0.006669 lr=8.636e-06
[train] step=7231 loss=0.008197 lr=8.635e-06
[train] step=7232 loss=0.008905 lr=8.635e-06
[train] step=7233 loss=0.014522 lr=8.635e-06
[train] step=7234 loss=0.005094 lr=8.634e-06
[train] step=7235 loss=0.006581 lr=8.634e-06
[train] step=7236 loss=0.005933 lr=8.634e-06
[train] step=7237 loss=0.015732 lr=8.633e-06
[train] step=7238 loss=0.013224 lr=8.633e-06
[train] step=7239 loss=0.006135 lr=8.633e-06
[train] step=7240 loss=0.006542 lr=8.632e-06
[train] step=7241 loss=0.021453 lr=8.632e-06
[train] step=7242 loss=0.022119 lr=8.631e-06
[train] step=7243 loss=0.004400 lr=8.631e-06
[train] step=7244 loss=0.010562 lr=8.631e-06
[train] step=7245 loss=0.005730 lr=8.630e-06
[train] step=7246 loss=0.014482 lr=8.630e-06
[train] step=7247 loss=0.009810 lr=8.630e-06
[train] step=7248 loss=0.025881 lr=8.629e-06
[train] step=7249 loss=0.007392 lr=8.629e-06
[train] step=7250 loss=0.008975 lr=8.629e-06
[train] step=7251 loss=0.026608 lr=8.628e-06
[train] step=7252 loss=0.016120 lr=8.628e-06
[train] step=7253 loss=0.014092 lr=8.628e-06
[train] step=7254 loss=0.033108 lr=8.627e-06
[train] step=7255 loss=0.015213 lr=8.627e-06
[train] step=7256 loss=0.004951 lr=8.626e-06
[train] step=7257 loss=0.005428 lr=8.626e-06
[train] step=7258 loss=0.004375 lr=8.626e-06
[train] step=7259 loss=0.010188 lr=8.625e-06
[train] step=7260 loss=0.008096 lr=8.625e-06
[train] step=7261 loss=0.008949 lr=8.625e-06
[train] step=7262 loss=0.025520 lr=8.624e-06
[train] step=7263 loss=0.004640 lr=8.624e-06
[train] step=7264 loss=0.012202 lr=8.624e-06
[train] step=7265 loss=0.003336 lr=8.623e-06
[train] step=7266 loss=0.006834 lr=8.623e-06
[train] step=7267 loss=0.011361 lr=8.622e-06
[train] step=7268 loss=0.016934 lr=8.622e-06
[train] step=7269 loss=0.006293 lr=8.622e-06
[train] step=7270 loss=0.009094 lr=8.621e-06
[train] step=7271 loss=0.018080 lr=8.621e-06
[train] step=7272 loss=0.013284 lr=8.621e-06
[train] step=7273 loss=0.010890 lr=8.620e-06
[train] step=7274 loss=0.006628 lr=8.620e-06
[train] step=7275 loss=0.019932 lr=8.620e-06
[train] step=7276 loss=0.011148 lr=8.619e-06
[train] step=7277 loss=0.006487 lr=8.619e-06
[train] step=7278 loss=0.004179 lr=8.619e-06
[train] step=7279 loss=0.026923 lr=8.618e-06
[train] step=7280 loss=0.011488 lr=8.618e-06
[train] step=7281 loss=0.007088 lr=8.617e-06
[train] step=7282 loss=0.022718 lr=8.617e-06
[train] step=7283 loss=0.013756 lr=8.617e-06
[train] step=7284 loss=0.011196 lr=8.616e-06
[train] step=7285 loss=0.019258 lr=8.616e-06
[train] step=7286 loss=0.008772 lr=8.616e-06
[train] step=7287 loss=0.013972 lr=8.615e-06
[train] step=7288 loss=0.021979 lr=8.615e-06
[train] step=7289 loss=0.019428 lr=8.615e-06
[train] step=7290 loss=0.006308 lr=8.614e-06
[train] step=7291 loss=0.015497 lr=8.614e-06
[train] step=7292 loss=0.029329 lr=8.613e-06
[train] step=7293 loss=0.005340 lr=8.613e-06
[train] step=7294 loss=0.010145 lr=8.613e-06
[train] step=7295 loss=0.007001 lr=8.612e-06
[train] step=7296 loss=0.009412 lr=8.612e-06
[train] step=7297 loss=0.004870 lr=8.612e-06
[train] step=7298 loss=0.011239 lr=8.611e-06
[train] step=7299 loss=0.016071 lr=8.611e-06
[train] step=7300 loss=0.005718 lr=8.611e-06
[train] step=7301 loss=0.012432 lr=8.610e-06
[train] step=7302 loss=0.012845 lr=8.610e-06
[train] step=7303 loss=0.030822 lr=8.609e-06
[train] step=7304 loss=0.004839 lr=8.609e-06
[train] step=7305 loss=0.005114 lr=8.609e-06
[train] step=7306 loss=0.015747 lr=8.608e-06
[train] step=7307 loss=0.009085 lr=8.608e-06
[train] step=7308 loss=0.007965 lr=8.608e-06
[train] step=7309 loss=0.005784 lr=8.607e-06
[train] step=7310 loss=0.012349 lr=8.607e-06
[train] step=7311 loss=0.006309 lr=8.607e-06
[train] step=7312 loss=0.009003 lr=8.606e-06
[train] step=7313 loss=0.011333 lr=8.606e-06
[train] step=7314 loss=0.008268 lr=8.605e-06
[train] step=7315 loss=0.009499 lr=8.605e-06
[train] step=7316 loss=0.008030 lr=8.605e-06
[train] step=7317 loss=0.004273 lr=8.604e-06
[train] step=7318 loss=0.013168 lr=8.604e-06
[train] step=7319 loss=0.017544 lr=8.604e-06
[train] step=7320 loss=0.013223 lr=8.603e-06
INFO     [rank 0] Model weights for step 7320 saved in       dit_trainer.py:1288
         checkpoints/model_weights_step_07320.safetensors                       
INFO     [rank 0] Scalar embedding weights for step 7320     dit_trainer.py:1297
         saved                                                                  
INFO     [rank 0] Training state saved:                      dit_trainer.py:1416
         checkpoints/model_weights_step_07320.state.pt                          
DEBUG    [rank 0] Removed old checkpoint:                    dit_trainer.py:1429
         /local/disk/hramachandran/work/wh_work/windinet/dit                    
         _outputs/lundquist/dit_sds_untrained_30k/checkpoint                    
         s/model_weights_step_07080.safetensors                                 
DEBUG    [rank 0] Removed old checkpoint:                    dit_trainer.py:1429
         /local/disk/hramachandran/work/wh_work/windinet/dit                    
         _outputs/lundquist/dit_sds_untrained_30k/checkpoint                    
         s/scalar_embedding_step_07080.safetensors                              
DEBUG    [rank 0] Removed optimizer state for older kept     dit_trainer.py:1444
         checkpoint:                                                            
         /local/disk/hramachandran/work/wh_work/windinet/dit                    
         _outputs/lundquist/dit_sds_untrained_30k/checkpoint                    
         s/model_weights_step_07200.state.pt                                    
[epoch 61] step=7320 train_loss=0.011456
[train] step=7321 loss=0.008505 lr=8.603e-06
[train] step=7322 loss=0.007626 lr=8.603e-06
[train] step=7323 loss=0.012130 lr=8.602e-06
[train] step=7324 loss=0.004170 lr=8.602e-06
[train] step=7325 loss=0.008499 lr=8.601e-06
[train] step=7326 loss=0.010061 lr=8.601e-06
[train] step=7327 loss=0.010992 lr=8.601e-06
[train] step=7328 loss=0.011421 lr=8.600e-06
[train] step=7329 loss=0.006382 lr=8.600e-06
[train] step=7330 loss=0.034395 lr=8.600e-06
[train] step=7331 loss=0.012773 lr=8.599e-06
[train] step=7332 loss=0.007165 lr=8.599e-06
[train] step=7333 loss=0.016258 lr=8.599e-06
[train] step=7334 loss=0.005766 lr=8.598e-06
[train] step=7335 loss=0.009661 lr=8.598e-06
[train] step=7336 loss=0.019102 lr=8.597e-06
[train] step=7337 loss=0.007882 lr=8.597e-06
[train] step=7338 loss=0.014102 lr=8.597e-06
[train] step=7339 loss=0.006240 lr=8.596e-06
[train] step=7340 loss=0.007648 lr=8.596e-06
[train] step=7341 loss=0.010331 lr=8.596e-06
[train] step=7342 loss=0.007476 lr=8.595e-06
[train] step=7343 loss=0.007544 lr=8.595e-06
[train] step=7344 loss=0.008936 lr=8.595e-06
[train] step=7345 loss=0.009376 lr=8.594e-06
[train] step=7346 loss=0.004882 lr=8.594e-06
[train] step=7347 loss=0.004096 lr=8.593e-06
[train] step=7348 loss=0.017337 lr=8.593e-06
[train] step=7349 loss=0.010209 lr=8.593e-06
[train] step=7350 loss=0.007689 lr=8.592e-06
[train] step=7351 loss=0.009040 lr=8.592e-06
[train] step=7352 loss=0.019244 lr=8.592e-06
[train] step=7353 loss=0.011752 lr=8.591e-06
[train] step=7354 loss=0.014223 lr=8.591e-06
[train] step=7355 loss=0.010178 lr=8.591e-06
[train] step=7356 loss=0.011401 lr=8.590e-06
[train] step=7357 loss=0.005240 lr=8.590e-06
[train] step=7358 loss=0.018731 lr=8.589e-06
[train] step=7359 loss=0.006575 lr=8.589e-06
[train] step=7360 loss=0.005622 lr=8.589e-06
[train] step=7361 loss=0.040506 lr=8.588e-06
[train] step=7362 loss=0.005385 lr=8.588e-06
[train] step=7363 loss=0.012038 lr=8.588e-06
[train] step=7364 loss=0.010469 lr=8.587e-06
[train] step=7365 loss=0.011213 lr=8.587e-06
[train] step=7366 loss=0.013464 lr=8.587e-06
[train] step=7367 loss=0.010247 lr=8.586e-06
[train] step=7368 loss=0.007256 lr=8.586e-06
[train] step=7369 loss=0.008457 lr=8.585e-06
[train] step=7370 loss=0.006990 lr=8.585e-06
[train] step=7371 loss=0.030104 lr=8.585e-06
[train] step=7372 loss=0.004869 lr=8.584e-06
[train] step=7373 loss=0.007706 lr=8.584e-06
[train] step=7374 loss=0.009035 lr=8.584e-06
[train] step=7375 loss=0.007328 lr=8.583e-06
[train] step=7376 loss=0.009424 lr=8.583e-06
[train] step=7377 loss=0.003581 lr=8.583e-06
[train] step=7378 loss=0.021751 lr=8.582e-06
[train] step=7379 loss=0.011472 lr=8.582e-06
[train] step=7380 loss=0.019797 lr=8.581e-06
[train] step=7381 loss=0.013632 lr=8.581e-06
[train] step=7382 loss=0.007032 lr=8.581e-06
[train] step=7383 loss=0.049490 lr=8.580e-06
[train] step=7384 loss=0.012237 lr=8.580e-06
[train] step=7385 loss=0.007599 lr=8.580e-06
[train] step=7386 loss=0.006434 lr=8.579e-06
[train] step=7387 loss=0.004673 lr=8.579e-06
[train] step=7388 loss=0.010933 lr=8.579e-06
[train] step=7389 loss=0.004847 lr=8.578e-06
[train] step=7390 loss=0.005905 lr=8.578e-06
[train] step=7391 loss=0.015584 lr=8.577e-06
[train] step=7392 loss=0.017014 lr=8.577e-06
[train] step=7393 loss=0.022731 lr=8.577e-06
[train] step=7394 loss=0.026591 lr=8.576e-06
[train] step=7395 loss=0.078423 lr=8.576e-06
[train] step=7396 loss=0.007245 lr=8.576e-06
[train] step=7397 loss=0.011474 lr=8.575e-06
[train] step=7398 loss=0.007347 lr=8.575e-06
[train] step=7399 loss=0.006215 lr=8.575e-06
[train] step=7400 loss=0.015470 lr=8.574e-06
[train] step=7401 loss=0.004486 lr=8.574e-06
[train] step=7402 loss=0.011889 lr=8.573e-06
[train] step=7403 loss=0.017224 lr=8.573e-06
[train] step=7404 loss=0.002998 lr=8.573e-06
[train] step=7405 loss=0.007115 lr=8.572e-06
[train] step=7406 loss=0.005493 lr=8.572e-06
[train] step=7407 loss=0.003260 lr=8.572e-06
[train] step=7408 loss=0.005957 lr=8.571e-06
[train] step=7409 loss=0.009016 lr=8.571e-06
[train] step=7410 loss=0.007523 lr=8.570e-06
[train] step=7411 loss=0.012940 lr=8.570e-06
[train] step=7412 loss=0.023454 lr=8.570e-06
[train] step=7413 loss=0.009735 lr=8.569e-06
[train] step=7414 loss=0.008582 lr=8.569e-06
[train] step=7415 loss=0.006679 lr=8.569e-06
[train] step=7416 loss=0.009808 lr=8.568e-06
[train] step=7417 loss=0.005025 lr=8.568e-06
[train] step=7418 loss=0.010200 lr=8.568e-06
[train] step=7419 loss=0.016608 lr=8.567e-06
[train] step=7420 loss=0.009769 lr=8.567e-06
[train] step=7421 loss=0.008608 lr=8.566e-06
[train] step=7422 loss=0.005063 lr=8.566e-06
[train] step=7423 loss=0.011493 lr=8.566e-06
[train] step=7424 loss=0.010298 lr=8.565e-06
[train] step=7425 loss=0.008808 lr=8.565e-06
[train] step=7426 loss=0.007250 lr=8.565e-06
[train] step=7427 loss=0.005324 lr=8.564e-06
[train] step=7428 loss=0.020497 lr=8.564e-06
[train] step=7429 loss=0.012591 lr=8.564e-06
[train] step=7430 loss=0.011127 lr=8.563e-06
[train] step=7431 loss=0.009159 lr=8.563e-06
[train] step=7432 loss=0.009539 lr=8.562e-06
[train] step=7433 loss=0.008147 lr=8.562e-06
[train] step=7434 loss=0.008569 lr=8.562e-06
[train] step=7435 loss=0.014914 lr=8.561e-06
[train] step=7436 loss=0.004184 lr=8.561e-06
[train] step=7437 loss=0.009564 lr=8.561e-06
[train] step=7438 loss=0.007093 lr=8.560e-06
[train] step=7439 loss=0.013293 lr=8.560e-06
[train] step=7440 loss=0.008319 lr=8.559e-06
INFO     [rank 0] Model weights for step 7440 saved in       dit_trainer.py:1288
         checkpoints/model_weights_step_07440.safetensors                       
INFO     [rank 0] Scalar embedding weights for step 7440     dit_trainer.py:1297
         saved                                                                  
INFO     [rank 0] Training state saved:                      dit_trainer.py:1416
         checkpoints/model_weights_step_07440.state.pt                          
DEBUG    [rank 0] Removed old checkpoint:                    dit_trainer.py:1429
         /local/disk/hramachandran/work/wh_work/windinet/dit                    
         _outputs/lundquist/dit_sds_untrained_30k/checkpoint                    
         s/model_weights_step_07200.safetensors                                 
DEBUG    [rank 0] Removed old checkpoint:                    dit_trainer.py:1429
         /local/disk/hramachandran/work/wh_work/windinet/dit                    
         _outputs/lundquist/dit_sds_untrained_30k/checkpoint                    
         s/scalar_embedding_step_07200.safetensors                              
DEBUG    [rank 0] Removed optimizer state for older kept     dit_trainer.py:1444
         checkpoint:                                                            
         /local/disk/hramachandran/work/wh_work/windinet/dit                    
         _outputs/lundquist/dit_sds_untrained_30k/checkpoint                    
         s/model_weights_step_07320.state.pt                                    
[epoch 62] step=7440 train_loss=0.011576
[train] step=7441 loss=0.012655 lr=8.559e-06
[train] step=7442 loss=0.010187 lr=8.559e-06
[train] step=7443 loss=0.007562 lr=8.558e-06
[train] step=7444 loss=0.009080 lr=8.558e-06
[train] step=7445 loss=0.005654 lr=8.558e-06
[train] step=7446 loss=0.003823 lr=8.557e-06
[train] step=7447 loss=0.005816 lr=8.557e-06
[train] step=7448 loss=0.014676 lr=8.557e-06
[train] step=7449 loss=0.010384 lr=8.556e-06
[train] step=7450 loss=0.007358 lr=8.556e-06
[train] step=7451 loss=0.007347 lr=8.555e-06
[train] step=7452 loss=0.026031 lr=8.555e-06
[train] step=7453 loss=0.017937 lr=8.555e-06
[train] step=7454 loss=0.039735 lr=8.554e-06
[train] step=7455 loss=0.008283 lr=8.554e-06
[train] step=7456 loss=0.009838 lr=8.554e-06
[train] step=7457 loss=0.014658 lr=8.553e-06
[train] step=7458 loss=0.010319 lr=8.553e-06
[train] step=7459 loss=0.022104 lr=8.552e-06
[train] step=7460 loss=0.005969 lr=8.552e-06
[train] step=7461 loss=0.011314 lr=8.552e-06
[train] step=7462 loss=0.007640 lr=8.551e-06
[train] step=7463 loss=0.006801 lr=8.551e-06
[train] step=7464 loss=0.004191 lr=8.551e-06
[train] step=7465 loss=0.005723 lr=8.550e-06
[train] step=7466 loss=0.014898 lr=8.550e-06
[train] step=7467 loss=0.006990 lr=8.550e-06
[train] step=7468 loss=0.008765 lr=8.549e-06
[train] step=7469 loss=0.020263 lr=8.549e-06
[train] step=7470 loss=0.009873 lr=8.548e-06
[train] step=7471 loss=0.014136 lr=8.548e-06
[train] step=7472 loss=0.004223 lr=8.548e-06
[train] step=7473 loss=0.006491 lr=8.547e-06
[train] step=7474 loss=0.080731 lr=8.547e-06
[train] step=7475 loss=0.007672 lr=8.547e-06
[train] step=7476 loss=0.007781 lr=8.546e-06
[train] step=7477 loss=0.030238 lr=8.546e-06
[train] step=7478 loss=0.008887 lr=8.545e-06
[train] step=7479 loss=0.008953 lr=8.545e-06
[train] step=7480 loss=0.008043 lr=8.545e-06
[train] step=7481 loss=0.017859 lr=8.544e-06
[train] step=7482 loss=0.012243 lr=8.544e-06
[train] step=7483 loss=0.014846 lr=8.544e-06
[train] step=7484 loss=0.028291 lr=8.543e-06
[train] step=7485 loss=0.010245 lr=8.543e-06
[train] step=7486 loss=0.010325 lr=8.543e-06
[train] step=7487 loss=0.006796 lr=8.542e-06
[train] step=7488 loss=0.005605 lr=8.542e-06
[train] step=7489 loss=0.008370 lr=8.541e-06
[train] step=7490 loss=0.014709 lr=8.541e-06
[train] step=7491 loss=0.004336 lr=8.541e-06
[train] step=7492 loss=0.007169 lr=8.540e-06
[train] step=7493 loss=0.007772 lr=8.540e-06
[train] step=7494 loss=0.006577 lr=8.540e-06
[train] step=7495 loss=0.004900 lr=8.539e-06
[train] step=7496 loss=0.004825 lr=8.539e-06
[train] step=7497 loss=0.014521 lr=8.538e-06
[train] step=7498 loss=0.022781 lr=8.538e-06
[train] step=7499 loss=0.008054 lr=8.538e-06
[train] step=7500 loss=0.007767 lr=8.537e-06
[train] step=7501 loss=0.015672 lr=8.537e-06
[train] step=7502 loss=0.003041 lr=8.537e-06
[train] step=7503 loss=0.014626 lr=8.536e-06
[train] step=7504 loss=0.009430 lr=8.536e-06
[train] step=7505 loss=0.013841 lr=8.536e-06
[train] step=7506 loss=0.020250 lr=8.535e-06
[train] step=7507 loss=0.006109 lr=8.535e-06
[train] step=7508 loss=0.011082 lr=8.534e-06
[train] step=7509 loss=0.006010 lr=8.534e-06
[train] step=7510 loss=0.010360 lr=8.534e-06
[train] step=7511 loss=0.008993 lr=8.533e-06
[train] step=7512 loss=0.016848 lr=8.533e-06
[train] step=7513 loss=0.008845 lr=8.533e-06
[train] step=7514 loss=0.012417 lr=8.532e-06
[train] step=7515 loss=0.011352 lr=8.532e-06
[train] step=7516 loss=0.013296 lr=8.531e-06
[train] step=7517 loss=0.005073 lr=8.531e-06
[train] step=7518 loss=0.009330 lr=8.531e-06
[train] step=7519 loss=0.009449 lr=8.530e-06
[train] step=7520 loss=0.032231 lr=8.530e-06
[train] step=7521 loss=0.004679 lr=8.530e-06
[train] step=7522 loss=0.009792 lr=8.529e-06
[train] step=7523 loss=0.009869 lr=8.529e-06
[train] step=7524 loss=0.015600 lr=8.528e-06
[train] step=7525 loss=0.010835 lr=8.528e-06
[train] step=7526 loss=0.003723 lr=8.528e-06
[train] step=7527 loss=0.014680 lr=8.527e-06
[train] step=7528 loss=0.007329 lr=8.527e-06
[train] step=7529 loss=0.006938 lr=8.527e-06
[train] step=7530 loss=0.008931 lr=8.526e-06
[train] step=7531 loss=0.005593 lr=8.526e-06
[train] step=7532 loss=0.003532 lr=8.526e-06
[train] step=7533 loss=0.010856 lr=8.525e-06
[train] step=7534 loss=0.015720 lr=8.525e-06
[train] step=7535 loss=0.008842 lr=8.524e-06
[train] step=7536 loss=0.015990 lr=8.524e-06
[train] step=7537 loss=0.016585 lr=8.524e-06
[train] step=7538 loss=0.007042 lr=8.523e-06
[train] step=7539 loss=0.011541 lr=8.523e-06
[train] step=7540 loss=0.019024 lr=8.523e-06
[train] step=7541 loss=0.016123 lr=8.522e-06
[train] step=7542 loss=0.010175 lr=8.522e-06
[train] step=7543 loss=0.020600 lr=8.521e-06
[train] step=7544 loss=0.018372 lr=8.521e-06
[train] step=7545 loss=0.017694 lr=8.521e-06
[train] step=7546 loss=0.005810 lr=8.520e-06
[train] step=7547 loss=0.004187 lr=8.520e-06
[train] step=7548 loss=0.004809 lr=8.520e-06
[train] step=7549 loss=0.005450 lr=8.519e-06
[train] step=7550 loss=0.007125 lr=8.519e-06
[train] step=7551 loss=0.005302 lr=8.518e-06
[train] step=7552 loss=0.011891 lr=8.518e-06
[train] step=7553 loss=0.006490 lr=8.518e-06
[train] step=7554 loss=0.009368 lr=8.517e-06
[train] step=7555 loss=0.014042 lr=8.517e-06
[train] step=7556 loss=0.005570 lr=8.517e-06
[train] step=7557 loss=0.006180 lr=8.516e-06
[train] step=7558 loss=0.005936 lr=8.516e-06
[train] step=7559 loss=0.015242 lr=8.515e-06
[train] step=7560 loss=0.012428 lr=8.515e-06
INFO     [rank 0] Model weights for step 7560 saved in       dit_trainer.py:1288
         checkpoints/model_weights_step_07560.safetensors                       
INFO     [rank 0] Scalar embedding weights for step 7560     dit_trainer.py:1297
         saved                                                                  
INFO     [rank 0] Training state saved:                      dit_trainer.py:1416
         checkpoints/model_weights_step_07560.state.pt                          
DEBUG    [rank 0] Removed old checkpoint:                    dit_trainer.py:1429
         /local/disk/hramachandran/work/wh_work/windinet/dit                    
         _outputs/lundquist/dit_sds_untrained_30k/checkpoint                    
         s/model_weights_step_07320.safetensors                                 
DEBUG    [rank 0] Removed old checkpoint:                    dit_trainer.py:1429
         /local/disk/hramachandran/work/wh_work/windinet/dit                    
         _outputs/lundquist/dit_sds_untrained_30k/checkpoint                    
         s/scalar_embedding_step_07320.safetensors                              
DEBUG    [rank 0] Removed optimizer state for older kept     dit_trainer.py:1444
         checkpoint:                                                            
         /local/disk/hramachandran/work/wh_work/windinet/dit                    
         _outputs/lundquist/dit_sds_untrained_30k/checkpoint                    
         s/model_weights_step_07440.state.pt                                    
[epoch 63] step=7560 train_loss=0.011542
[train] step=7561 loss=0.009613 lr=8.515e-06
[train] step=7562 loss=0.008361 lr=8.514e-06
[train] step=7563 loss=0.010714 lr=8.514e-06
[train] step=7564 loss=0.019268 lr=8.514e-06
[train] step=7565 loss=0.060184 lr=8.513e-06
[train] step=7566 loss=0.006356 lr=8.513e-06
[train] step=7567 loss=0.006636 lr=8.513e-06
[train] step=7568 loss=0.006172 lr=8.512e-06
[train] step=7569 loss=0.010952 lr=8.512e-06
[train] step=7570 loss=0.009308 lr=8.511e-06
[train] step=7571 loss=0.008375 lr=8.511e-06
[train] step=7572 loss=0.008201 lr=8.511e-06
[train] step=7573 loss=0.011057 lr=8.510e-06
[train] step=7574 loss=0.008714 lr=8.510e-06
[train] step=7575 loss=0.005612 lr=8.510e-06
[train] step=7576 loss=0.118485 lr=8.509e-06
[train] step=7577 loss=0.007908 lr=8.509e-06
[train] step=7578 loss=0.007966 lr=8.508e-06
[train] step=7579 loss=0.012022 lr=8.508e-06
[train] step=7580 loss=0.006428 lr=8.508e-06
[train] step=7581 loss=0.005972 lr=8.507e-06
[train] step=7582 loss=0.013136 lr=8.507e-06
[train] step=7583 loss=0.007101 lr=8.507e-06
[train] step=7584 loss=0.005911 lr=8.506e-06
[train] step=7585 loss=0.007573 lr=8.506e-06
[train] step=7586 loss=0.005785 lr=8.505e-06
[train] step=7587 loss=0.006208 lr=8.505e-06
[train] step=7588 loss=0.007755 lr=8.505e-06
[train] step=7589 loss=0.008782 lr=8.504e-06
[train] step=7590 loss=0.010828 lr=8.504e-06
[train] step=7591 loss=0.009938 lr=8.504e-06
[train] step=7592 loss=0.013208 lr=8.503e-06
[train] step=7593 loss=0.008877 lr=8.503e-06
[train] step=7594 loss=0.059614 lr=8.502e-06
[train] step=7595 loss=0.012200 lr=8.502e-06
[train] step=7596 loss=0.007548 lr=8.502e-06
[train] step=7597 loss=0.004669 lr=8.501e-06
[train] step=7598 loss=0.008889 lr=8.501e-06
[train] step=7599 loss=0.033840 lr=8.501e-06
[train] step=7600 loss=0.017724 lr=8.500e-06
[train] step=7601 loss=0.020403 lr=8.500e-06
[train] step=7602 loss=0.017037 lr=8.499e-06
[train] step=7603 loss=0.005000 lr=8.499e-06
[train] step=7604 loss=0.005016 lr=8.499e-06
[train] step=7605 loss=0.040078 lr=8.498e-06
[train] step=7606 loss=0.003669 lr=8.498e-06
[train] step=7607 loss=0.004225 lr=8.498e-06
[train] step=7608 loss=0.011002 lr=8.497e-06
[train] step=7609 loss=0.008319 lr=8.497e-06
[train] step=7610 loss=0.022912 lr=8.496e-06
[train] step=7611 loss=0.012688 lr=8.496e-06
[train] step=7612 loss=0.015666 lr=8.496e-06
[train] step=7613 loss=0.012571 lr=8.495e-06
[train] step=7614 loss=0.011020 lr=8.495e-06
[train] step=7615 loss=0.007375 lr=8.495e-06
[train] step=7616 loss=0.009690 lr=8.494e-06
[train] step=7617 loss=0.007811 lr=8.494e-06
[train] step=7618 loss=0.008275 lr=8.493e-06
[train] step=7619 loss=0.016502 lr=8.493e-06
[train] step=7620 loss=0.009433 lr=8.493e-06
[train] step=7621 loss=0.005632 lr=8.492e-06
[train] step=7622 loss=0.004765 lr=8.492e-06
[train] step=7623 loss=0.006227 lr=8.492e-06
[train] step=7624 loss=0.007041 lr=8.491e-06
[train] step=7625 loss=0.007268 lr=8.491e-06
[train] step=7626 loss=0.005952 lr=8.490e-06
[train] step=7627 loss=0.016874 lr=8.490e-06
[train] step=7628 loss=0.009232 lr=8.490e-06
[train] step=7629 loss=0.014276 lr=8.489e-06
[train] step=7630 loss=0.012939 lr=8.489e-06
[train] step=7631 loss=0.006876 lr=8.489e-06
[train] step=7632 loss=0.010728 lr=8.488e-06
[train] step=7633 loss=0.015292 lr=8.488e-06
[train] step=7634 loss=0.007382 lr=8.487e-06
[train] step=7635 loss=0.020256 lr=8.487e-06
[train] step=7636 loss=0.005666 lr=8.487e-06
[train] step=7637 loss=0.008528 lr=8.486e-06
[train] step=7638 loss=0.010584 lr=8.486e-06
[train] step=7639 loss=0.004559 lr=8.486e-06
[train] step=7640 loss=0.056337 lr=8.485e-06
[train] step=7641 loss=0.007566 lr=8.485e-06
[train] step=7642 loss=0.013754 lr=8.484e-06
[train] step=7643 loss=0.006247 lr=8.484e-06
[train] step=7644 loss=0.010587 lr=8.484e-06
[train] step=7645 loss=0.022568 lr=8.483e-06
[train] step=7646 loss=0.007649 lr=8.483e-06
[train] step=7647 loss=0.008153 lr=8.483e-06
[train] step=7648 loss=0.007638 lr=8.482e-06
[train] step=7649 loss=0.003837 lr=8.482e-06
[train] step=7650 loss=0.007444 lr=8.481e-06
[train] step=7651 loss=0.034019 lr=8.481e-06
[train] step=7652 loss=0.006615 lr=8.481e-06
[train] step=7653 loss=0.020908 lr=8.480e-06
[train] step=7654 loss=0.008081 lr=8.480e-06
[train] step=7655 loss=0.008973 lr=8.480e-06
[train] step=7656 loss=0.004633 lr=8.479e-06
[train] step=7657 loss=0.008536 lr=8.479e-06
[train] step=7658 loss=0.015136 lr=8.478e-06
[train] step=7659 loss=0.017160 lr=8.478e-06
[train] step=7660 loss=0.018393 lr=8.478e-06
[train] step=7661 loss=0.008045 lr=8.477e-06
[train] step=7662 loss=0.006671 lr=8.477e-06
[train] step=7663 loss=0.006255 lr=8.477e-06
[train] step=7664 loss=0.011761 lr=8.476e-06
[train] step=7665 loss=0.011777 lr=8.476e-06
[train] step=7666 loss=0.004341 lr=8.475e-06
[train] step=7667 loss=0.004767 lr=8.475e-06
[train] step=7668 loss=0.006305 lr=8.475e-06
[train] step=7669 loss=0.008259 lr=8.474e-06
[train] step=7670 loss=0.015477 lr=8.474e-06
[train] step=7671 loss=0.005636 lr=8.474e-06
[train] step=7672 loss=0.008243 lr=8.473e-06
[train] step=7673 loss=0.017164 lr=8.473e-06
[train] step=7674 loss=0.010055 lr=8.472e-06
[train] step=7675 loss=0.008744 lr=8.472e-06
[train] step=7676 loss=0.005674 lr=8.472e-06
[train] step=7677 loss=0.006940 lr=8.471e-06
[train] step=7678 loss=0.005355 lr=8.471e-06
[train] step=7679 loss=0.004981 lr=8.471e-06
[train] step=7680 loss=0.016675 lr=8.470e-06
INFO     [rank 0] Model weights for step 7680 saved in       dit_trainer.py:1288
         checkpoints/model_weights_step_07680.safetensors                       
INFO     [rank 0] Scalar embedding weights for step 7680     dit_trainer.py:1297
         saved                                                                  
INFO     [rank 0] Training state saved:                      dit_trainer.py:1416
         checkpoints/model_weights_step_07680.state.pt                          
DEBUG    [rank 0] Removed old checkpoint:                    dit_trainer.py:1429
         /local/disk/hramachandran/work/wh_work/windinet/dit                    
         _outputs/lundquist/dit_sds_untrained_30k/checkpoint                    
         s/model_weights_step_07440.safetensors                                 
DEBUG    [rank 0] Removed old checkpoint:                    dit_trainer.py:1429
         /local/disk/hramachandran/work/wh_work/windinet/dit                    
         _outputs/lundquist/dit_sds_untrained_30k/checkpoint                    
         s/scalar_embedding_step_07440.safetensors                              
DEBUG    [rank 0] Removed optimizer state for older kept     dit_trainer.py:1444
         checkpoint:                                                            
         /local/disk/hramachandran/work/wh_work/windinet/dit                    
         _outputs/lundquist/dit_sds_untrained_30k/checkpoint                    
         s/model_weights_step_07560.state.pt                                    
[epoch 64] step=7680 train_loss=0.012415
[train] step=7681 loss=0.004195 lr=8.470e-06
[train] step=7682 loss=0.019134 lr=8.469e-06
[train] step=7683 loss=0.039598 lr=8.469e-06
[train] step=7684 loss=0.008451 lr=8.469e-06
[train] step=7685 loss=0.006902 lr=8.468e-06
[train] step=7686 loss=0.005545 lr=8.468e-06
[train] step=7687 loss=0.024369 lr=8.468e-06
[train] step=7688 loss=0.063327 lr=8.467e-06
[train] step=7689 loss=0.013238 lr=8.467e-06
[train] step=7690 loss=0.010822 lr=8.466e-06
[train] step=7691 loss=0.005748 lr=8.466e-06
[train] step=7692 loss=0.007415 lr=8.466e-06
[train] step=7693 loss=0.007239 lr=8.465e-06
[train] step=7694 loss=0.014344 lr=8.465e-06
[train] step=7695 loss=0.007462 lr=8.465e-06
[train] step=7696 loss=0.011597 lr=8.464e-06
[train] step=7697 loss=0.023544 lr=8.464e-06
[train] step=7698 loss=0.008887 lr=8.463e-06
[train] step=7699 loss=0.015733 lr=8.463e-06
[train] step=7700 loss=0.009835 lr=8.463e-06
[train] step=7701 loss=0.009266 lr=8.462e-06
[train] step=7702 loss=0.018761 lr=8.462e-06
[train] step=7703 loss=0.031013 lr=8.462e-06
[train] step=7704 loss=0.008455 lr=8.461e-06
[train] step=7705 loss=0.009168 lr=8.461e-06
[train] step=7706 loss=0.005301 lr=8.460e-06
[train] step=7707 loss=0.007139 lr=8.460e-06
[train] step=7708 loss=0.009298 lr=8.460e-06
[train] step=7709 loss=0.019754 lr=8.459e-06
[train] step=7710 loss=0.005960 lr=8.459e-06
[train] step=7711 loss=0.005534 lr=8.458e-06
[train] step=7712 loss=0.009318 lr=8.458e-06
[train] step=7713 loss=0.003829 lr=8.458e-06
[train] step=7714 loss=0.007701 lr=8.457e-06
[train] step=7715 loss=0.015071 lr=8.457e-06
[train] step=7716 loss=0.006746 lr=8.457e-06
[train] step=7717 loss=0.004970 lr=8.456e-06
[train] step=7718 loss=0.007122 lr=8.456e-06
[train] step=7719 loss=0.010962 lr=8.455e-06
[train] step=7720 loss=0.005752 lr=8.455e-06
[train] step=7721 loss=0.012176 lr=8.455e-06
[train] step=7722 loss=0.030099 lr=8.454e-06
[train] step=7723 loss=0.005181 lr=8.454e-06
[train] step=7724 loss=0.010982 lr=8.454e-06
[train] step=7725 loss=0.016063 lr=8.453e-06
[train] step=7726 loss=0.003981 lr=8.453e-06
[train] step=7727 loss=0.006259 lr=8.452e-06
[train] step=7728 loss=0.021466 lr=8.452e-06
[train] step=7729 loss=0.007721 lr=8.452e-06
[train] step=7730 loss=0.007163 lr=8.451e-06
[train] step=7731 loss=0.006786 lr=8.451e-06
[train] step=7732 loss=0.007061 lr=8.451e-06
[train] step=7733 loss=0.015784 lr=8.450e-06
[train] step=7734 loss=0.010534 lr=8.450e-06
[train] step=7735 loss=0.014838 lr=8.449e-06
[train] step=7736 loss=0.010897 lr=8.449e-06
[train] step=7737 loss=0.086501 lr=8.449e-06
[train] step=7738 loss=0.018194 lr=8.448e-06
[train] step=7739 loss=0.005845 lr=8.448e-06
[train] step=7740 loss=0.008415 lr=8.448e-06
[train] step=7741 loss=0.047551 lr=8.447e-06
[train] step=7742 loss=0.015910 lr=8.447e-06
[train] step=7743 loss=0.021023 lr=8.446e-06
[train] step=7744 loss=0.010275 lr=8.446e-06
[train] step=7745 loss=0.022905 lr=8.446e-06
[train] step=7746 loss=0.009841 lr=8.445e-06
[train] step=7747 loss=0.009576 lr=8.445e-06
[train] step=7748 loss=0.033460 lr=8.444e-06
[train] step=7749 loss=0.007431 lr=8.444e-06
[train] step=7750 loss=0.016591 lr=8.444e-06
[train] step=7751 loss=0.008576 lr=8.443e-06
[train] step=7752 loss=0.005243 lr=8.443e-06
[train] step=7753 loss=0.004791 lr=8.443e-06
[train] step=7754 loss=0.006263 lr=8.442e-06
[train] step=7755 loss=0.012407 lr=8.442e-06
[train] step=7756 loss=0.009842 lr=8.441e-06
[train] step=7757 loss=0.003293 lr=8.441e-06
[train] step=7758 loss=0.007326 lr=8.441e-06
[train] step=7759 loss=0.006954 lr=8.440e-06
[train] step=7760 loss=0.013610 lr=8.440e-06
[train] step=7761 loss=0.003365 lr=8.440e-06
[train] step=7762 loss=0.030058 lr=8.439e-06
[train] step=7763 loss=0.007906 lr=8.439e-06
[train] step=7764 loss=0.006489 lr=8.438e-06
[train] step=7765 loss=0.006403 lr=8.438e-06
[train] step=7766 loss=0.006631 lr=8.438e-06
[train] step=7767 loss=0.008824 lr=8.437e-06
[train] step=7768 loss=0.020391 lr=8.437e-06
[train] step=7769 loss=0.006222 lr=8.436e-06
[train] step=7770 loss=0.012465 lr=8.436e-06
[train] step=7771 loss=0.064064 lr=8.436e-06
[train] step=7772 loss=0.016393 lr=8.435e-06
[train] step=7773 loss=0.004692 lr=8.435e-06
[train] step=7774 loss=0.008917 lr=8.435e-06
[train] step=7775 loss=0.008516 lr=8.434e-06
[train] step=7776 loss=0.004010 lr=8.434e-06
[train] step=7777 loss=0.004969 lr=8.433e-06
[train] step=7778 loss=0.009365 lr=8.433e-06
[train] step=7779 loss=0.007275 lr=8.433e-06
[train] step=7780 loss=0.016393 lr=8.432e-06
[train] step=7781 loss=0.038367 lr=8.432e-06
[train] step=7782 loss=0.007081 lr=8.432e-06
[train] step=7783 loss=0.007367 lr=8.431e-06
[train] step=7784 loss=0.008221 lr=8.431e-06
[train] step=7785 loss=0.008434 lr=8.430e-06
[train] step=7786 loss=0.005053 lr=8.430e-06
[train] step=7787 loss=0.003487 lr=8.430e-06
[train] step=7788 loss=0.006635 lr=8.429e-06
[train] step=7789 loss=0.012774 lr=8.429e-06
[train] step=7790 loss=0.013201 lr=8.429e-06
[train] step=7791 loss=0.021078 lr=8.428e-06
[train] step=7792 loss=0.011360 lr=8.428e-06
[train] step=7793 loss=0.012186 lr=8.427e-06
[train] step=7794 loss=0.017234 lr=8.427e-06
[train] step=7795 loss=0.013110 lr=8.427e-06
[train] step=7796 loss=0.007284 lr=8.426e-06
[train] step=7797 loss=0.006669 lr=8.426e-06
[train] step=7798 loss=0.009435 lr=8.425e-06
[train] step=7799 loss=0.005258 lr=8.425e-06
[train] step=7800 loss=0.007463 lr=8.425e-06
[val] step=7800 val_loss=0.012709
INFO     [rank 0] Model weights for step 7800 saved in       dit_trainer.py:1288
         checkpoints/model_weights_step_07800.safetensors                       
INFO     [rank 0] Scalar embedding weights for step 7800     dit_trainer.py:1297
         saved                                                                  
INFO     [rank 0] Training state saved:                      dit_trainer.py:1416
         checkpoints/model_weights_step_07800.state.pt                          
DEBUG    [rank 0] Removed old checkpoint:                    dit_trainer.py:1429
         /local/disk/hramachandran/work/wh_work/windinet/dit                    
         _outputs/lundquist/dit_sds_untrained_30k/checkpoint                    
         s/model_weights_step_07560.safetensors                                 
DEBUG    [rank 0] Removed old checkpoint:                    dit_trainer.py:1429
         /local/disk/hramachandran/work/wh_work/windinet/dit                    
         _outputs/lundquist/dit_sds_untrained_30k/checkpoint                    
         s/scalar_embedding_step_07560.safetensors                              
DEBUG    [rank 0] Removed optimizer state for older kept     dit_trainer.py:1444
         checkpoint:                                                            
         /local/disk/hramachandran/work/wh_work/windinet/dit                    
         _outputs/lundquist/dit_sds_untrained_30k/checkpoint                    
         s/model_weights_step_07680.state.pt                                    
[epoch 65] step=7800 train_loss=0.013096 val_loss=0.012709
[train] step=7801 loss=0.008051 lr=8.424e-06
[train] step=7802 loss=0.013481 lr=8.424e-06
[train] step=7803 loss=0.004710 lr=8.424e-06
[train] step=7804 loss=0.008454 lr=8.423e-06
[train] step=7805 loss=0.005528 lr=8.423e-06
[train] step=7806 loss=0.013788 lr=8.422e-06
[train] step=7807 loss=0.025927 lr=8.422e-06
[train] step=7808 loss=0.020402 lr=8.422e-06
[train] step=7809 loss=0.004070 lr=8.421e-06
[train] step=7810 loss=0.005701 lr=8.421e-06
[train] step=7811 loss=0.011566 lr=8.420e-06
[train] step=7812 loss=0.009876 lr=8.420e-06
[train] step=7813 loss=0.003501 lr=8.420e-06
[train] step=7814 loss=0.014742 lr=8.419e-06
[train] step=7815 loss=0.004410 lr=8.419e-06
[train] step=7816 loss=0.008991 lr=8.419e-06
[train] step=7817 loss=0.005464 lr=8.418e-06
[train] step=7818 loss=0.004056 lr=8.418e-06
[train] step=7819 loss=0.009685 lr=8.417e-06
[train] step=7820 loss=0.005905 lr=8.417e-06
[train] step=7821 loss=0.008311 lr=8.417e-06
[train] step=7822 loss=0.008760 lr=8.416e-06
[train] step=7823 loss=0.012617 lr=8.416e-06
[train] step=7824 loss=0.013218 lr=8.416e-06
[train] step=7825 loss=0.023303 lr=8.415e-06
[train] step=7826 loss=0.004797 lr=8.415e-06
[train] step=7827 loss=0.004708 lr=8.414e-06
[train] step=7828 loss=0.005867 lr=8.414e-06
[train] step=7829 loss=0.006393 lr=8.414e-06
[train] step=7830 loss=0.006346 lr=8.413e-06
[train] step=7831 loss=0.008088 lr=8.413e-06
[train] step=7832 loss=0.011332 lr=8.412e-06
[train] step=7833 loss=0.004356 lr=8.412e-06
[train] step=7834 loss=0.022870 lr=8.412e-06
[train] step=7835 loss=0.006068 lr=8.411e-06
[train] step=7836 loss=0.013175 lr=8.411e-06
[train] step=7837 loss=0.005542 lr=8.411e-06
[train] step=7838 loss=0.007593 lr=8.410e-06
[train] step=7839 loss=0.008407 lr=8.410e-06
[train] step=7840 loss=0.006290 lr=8.409e-06
[train] step=7841 loss=0.013089 lr=8.409e-06
[train] step=7842 loss=0.005414 lr=8.409e-06
[train] step=7843 loss=0.010071 lr=8.408e-06
[train] step=7844 loss=0.004055 lr=8.408e-06
[train] step=7845 loss=0.004629 lr=8.407e-06
[train] step=7846 loss=0.007686 lr=8.407e-06
[train] step=7847 loss=0.004783 lr=8.407e-06
[train] step=7848 loss=0.004654 lr=8.406e-06
[train] step=7849 loss=0.010330 lr=8.406e-06
[train] step=7850 loss=0.010379 lr=8.406e-06
[train] step=7851 loss=0.027136 lr=8.405e-06
[train] step=7852 loss=0.009776 lr=8.405e-06
[train] step=7853 loss=0.007114 lr=8.404e-06
[train] step=7854 loss=0.010604 lr=8.404e-06
[train] step=7855 loss=0.008985 lr=8.404e-06
[train] step=7856 loss=0.010711 lr=8.403e-06
[train] step=7857 loss=0.005140 lr=8.403e-06
[train] step=7858 loss=0.021842 lr=8.403e-06
[train] step=7859 loss=0.005566 lr=8.402e-06
[train] step=7860 loss=0.031399 lr=8.402e-06
[train] step=7861 loss=0.004429 lr=8.401e-06
[train] step=7862 loss=0.013941 lr=8.401e-06
[train] step=7863 loss=0.012453 lr=8.401e-06
[train] step=7864 loss=0.013139 lr=8.400e-06
[train] step=7865 loss=0.007251 lr=8.400e-06
[train] step=7866 loss=0.005332 lr=8.399e-06
[train] step=7867 loss=0.005734 lr=8.399e-06
[train] step=7868 loss=0.006533 lr=8.399e-06
[train] step=7869 loss=0.005036 lr=8.398e-06
[train] step=7870 loss=0.014402 lr=8.398e-06
[train] step=7871 loss=0.008804 lr=8.398e-06
[train] step=7872 loss=0.005157 lr=8.397e-06
[train] step=7873 loss=0.008050 lr=8.397e-06
[train] step=7874 loss=0.011710 lr=8.396e-06
[train] step=7875 loss=0.019952 lr=8.396e-06
[train] step=7876 loss=0.021134 lr=8.396e-06
[train] step=7877 loss=0.005760 lr=8.395e-06
[train] step=7878 loss=0.058162 lr=8.395e-06
[train] step=7879 loss=0.012108 lr=8.394e-06
[train] step=7880 loss=0.004659 lr=8.394e-06
[train] step=7881 loss=0.013691 lr=8.394e-06
[train] step=7882 loss=0.017373 lr=8.393e-06
[train] step=7883 loss=0.010441 lr=8.393e-06
[train] step=7884 loss=0.004902 lr=8.393e-06
[train] step=7885 loss=0.009226 lr=8.392e-06
[train] step=7886 loss=0.007246 lr=8.392e-06
[train] step=7887 loss=0.007298 lr=8.391e-06
[train] step=7888 loss=0.005556 lr=8.391e-06
[train] step=7889 loss=0.020126 lr=8.391e-06
[train] step=7890 loss=0.008298 lr=8.390e-06
[train] step=7891 loss=0.006284 lr=8.390e-06
[train] step=7892 loss=0.025161 lr=8.389e-06
[train] step=7893 loss=0.010528 lr=8.389e-06
[train] step=7894 loss=0.008715 lr=8.389e-06
[train] step=7895 loss=0.005304 lr=8.388e-06
[train] step=7896 loss=0.009784 lr=8.388e-06
[train] step=7897 loss=0.007854 lr=8.388e-06
[train] step=7898 loss=0.008479 lr=8.387e-06
[train] step=7899 loss=0.009709 lr=8.387e-06
[train] step=7900 loss=0.027255 lr=8.386e-06
[train] step=7901 loss=0.008931 lr=8.386e-06
[train] step=7902 loss=0.010623 lr=8.386e-06
[train] step=7903 loss=0.008455 lr=8.385e-06
[train] step=7904 loss=0.006628 lr=8.385e-06
[train] step=7905 loss=0.010936 lr=8.384e-06
[train] step=7906 loss=0.008376 lr=8.384e-06
[train] step=7907 loss=0.005133 lr=8.384e-06
[train] step=7908 loss=0.003892 lr=8.383e-06
[train] step=7909 loss=0.007357 lr=8.383e-06
[train] step=7910 loss=0.005946 lr=8.383e-06
[train] step=7911 loss=0.007962 lr=8.382e-06
[train] step=7912 loss=0.013737 lr=8.382e-06
[train] step=7913 loss=0.072198 lr=8.381e-06
[train] step=7914 loss=0.006840 lr=8.381e-06
[train] step=7915 loss=0.004310 lr=8.381e-06
[train] step=7916 loss=0.015856 lr=8.380e-06
[train] step=7917 loss=0.008670 lr=8.380e-06
[train] step=7918 loss=0.004785 lr=8.379e-06
[train] step=7919 loss=0.005413 lr=8.379e-06
[train] step=7920 loss=0.006651 lr=8.379e-06
INFO     [rank 0] Model weights for step 7920 saved in       dit_trainer.py:1288
         checkpoints/model_weights_step_07920.safetensors                       
INFO     [rank 0] Scalar embedding weights for step 7920     dit_trainer.py:1297
         saved                                                                  
INFO     [rank 0] Training state saved:                      dit_trainer.py:1416
         checkpoints/model_weights_step_07920.state.pt                          
DEBUG    [rank 0] Removed old checkpoint:                    dit_trainer.py:1429
         /local/disk/hramachandran/work/wh_work/windinet/dit                    
         _outputs/lundquist/dit_sds_untrained_30k/checkpoint                    
         s/model_weights_step_07680.safetensors                                 
DEBUG    [rank 0] Removed old checkpoint:                    dit_trainer.py:1429
         /local/disk/hramachandran/work/wh_work/windinet/dit                    
         _outputs/lundquist/dit_sds_untrained_30k/checkpoint                    
         s/scalar_embedding_step_07680.safetensors                              
DEBUG    [rank 0] Removed optimizer state for older kept     dit_trainer.py:1444
         checkpoint:                                                            
         /local/disk/hramachandran/work/wh_work/windinet/dit                    
         _outputs/lundquist/dit_sds_untrained_30k/checkpoint                    
         s/model_weights_step_07800.state.pt                                    
[epoch 66] step=7920 train_loss=0.010668
[train] step=7921 loss=0.016063 lr=8.378e-06
[train] step=7922 loss=0.005488 lr=8.378e-06
[train] step=7923 loss=0.003933 lr=8.378e-06
[train] step=7924 loss=0.006136 lr=8.377e-06
[train] step=7925 loss=0.012407 lr=8.377e-06
[train] step=7926 loss=0.011725 lr=8.376e-06
[train] step=7927 loss=0.019105 lr=8.376e-06
[train] step=7928 loss=0.009830 lr=8.376e-06
[train] step=7929 loss=0.020654 lr=8.375e-06
[train] step=7930 loss=0.018412 lr=8.375e-06
[train] step=7931 loss=0.006187 lr=8.374e-06
[train] step=7932 loss=0.018467 lr=8.374e-06
[train] step=7933 loss=0.035056 lr=8.374e-06
[train] step=7934 loss=0.017065 lr=8.373e-06
[train] step=7935 loss=0.006705 lr=8.373e-06
[train] step=7936 loss=0.006623 lr=8.372e-06
[train] step=7937 loss=0.008443 lr=8.372e-06
[train] step=7938 loss=0.006886 lr=8.372e-06
[train] step=7939 loss=0.010920 lr=8.371e-06
[train] step=7940 loss=0.012145 lr=8.371e-06
[train] step=7941 loss=0.015068 lr=8.371e-06
[train] step=7942 loss=0.022210 lr=8.370e-06
[train] step=7943 loss=0.019230 lr=8.370e-06
[train] step=7944 loss=0.020558 lr=8.369e-06
[train] step=7945 loss=0.007350 lr=8.369e-06
[train] step=7946 loss=0.011214 lr=8.369e-06
[train] step=7947 loss=0.011033 lr=8.368e-06
[train] step=7948 loss=0.005895 lr=8.368e-06
[train] step=7949 loss=0.015873 lr=8.367e-06
[train] step=7950 loss=0.009355 lr=8.367e-06
[train] step=7951 loss=0.015703 lr=8.367e-06
[train] step=7952 loss=0.010011 lr=8.366e-06
[train] step=7953 loss=0.006258 lr=8.366e-06
[train] step=7954 loss=0.006894 lr=8.366e-06
[train] step=7955 loss=0.007322 lr=8.365e-06
[train] step=7956 loss=0.006040 lr=8.365e-06
[train] step=7957 loss=0.008478 lr=8.364e-06
[train] step=7958 loss=0.007289 lr=8.364e-06
[train] step=7959 loss=0.006006 lr=8.364e-06
[train] step=7960 loss=0.015114 lr=8.363e-06
[train] step=7961 loss=0.003582 lr=8.363e-06
[train] step=7962 loss=0.007182 lr=8.362e-06
[train] step=7963 loss=0.004134 lr=8.362e-06
[train] step=7964 loss=0.006559 lr=8.362e-06
[train] step=7965 loss=0.007944 lr=8.361e-06
[train] step=7966 loss=0.055251 lr=8.361e-06
[train] step=7967 loss=0.009891 lr=8.361e-06
[train] step=7968 loss=0.013097 lr=8.360e-06
[train] step=7969 loss=0.006054 lr=8.360e-06
[train] step=7970 loss=0.004914 lr=8.359e-06
[train] step=7971 loss=0.018373 lr=8.359e-06
[train] step=7972 loss=0.009975 lr=8.359e-06
[train] step=7973 loss=0.006732 lr=8.358e-06
[train] step=7974 loss=0.011264 lr=8.358e-06
[train] step=7975 loss=0.008946 lr=8.357e-06
[train] step=7976 loss=0.006836 lr=8.357e-06
[train] step=7977 loss=0.005033 lr=8.357e-06
[train] step=7978 loss=0.008758 lr=8.356e-06
[train] step=7979 loss=0.007223 lr=8.356e-06
[train] step=7980 loss=0.005378 lr=8.355e-06
[train] step=7981 loss=0.007097 lr=8.355e-06
[train] step=7982 loss=0.004874 lr=8.355e-06
[train] step=7983 loss=0.012064 lr=8.354e-06
[train] step=7984 loss=0.009184 lr=8.354e-06
[train] step=7985 loss=0.006618 lr=8.354e-06
[train] step=7986 loss=0.005955 lr=8.353e-06
[train] step=7987 loss=0.006487 lr=8.353e-06
[train] step=7988 loss=0.004123 lr=8.352e-06
[train] step=7989 loss=0.007493 lr=8.352e-06
[train] step=7990 loss=0.007331 lr=8.352e-06
[train] step=7991 loss=0.040264 lr=8.351e-06
[train] step=7992 loss=0.004398 lr=8.351e-06
[train] step=7993 loss=0.016644 lr=8.350e-06
[train] step=7994 loss=0.010384 lr=8.350e-06
[train] step=7995 loss=0.007079 lr=8.350e-06
[train] step=7996 loss=0.010724 lr=8.349e-06
[train] step=7997 loss=0.034834 lr=8.349e-06
[train] step=7998 loss=0.004936 lr=8.348e-06
[train] step=7999 loss=0.009169 lr=8.348e-06
[train] step=8000 loss=0.009890 lr=8.348e-06
INFO     [rank 0] Saved DiT visualization panels for    dit_visualization.py:418
         step 8000 (3 samples x 4 frames);                                      
         latent_vrmse=0.07287 pixel_vrmse=0.43822 ->                            
         /local/disk/hramachandran/work/wh_work/windine                         
         t/dit_outputs/lundquist/dit_sds_untrained_30k/                         
         dit_vrmse_metrics.csv,                                                 
         /local/disk/hramachandran/work/wh_work/windine                         
         t/dit_outputs/lundquist/dit_sds_untrained_30k/                         
         dit_vrmse_curve.png                                                    
[train] step=8001 loss=0.024709 lr=8.347e-06
[train] step=8002 loss=0.007528 lr=8.347e-06
[train] step=8003 loss=0.006588 lr=8.347e-06
[train] step=8004 loss=0.004929 lr=8.346e-06
[train] step=8005 loss=0.007187 lr=8.346e-06
[train] step=8006 loss=0.049798 lr=8.345e-06
[train] step=8007 loss=0.004147 lr=8.345e-06
[train] step=8008 loss=0.006125 lr=8.345e-06
[train] step=8009 loss=0.007391 lr=8.344e-06
[train] step=8010 loss=0.006039 lr=8.344e-06
[train] step=8011 loss=0.007335 lr=8.343e-06
[train] step=8012 loss=0.006869 lr=8.343e-06
[train] step=8013 loss=0.011669 lr=8.343e-06
[train] step=8014 loss=0.028370 lr=8.342e-06
[train] step=8015 loss=0.002919 lr=8.342e-06
[train] step=8016 loss=0.007595 lr=8.341e-06
[train] step=8017 loss=0.009696 lr=8.341e-06
[train] step=8018 loss=0.021076 lr=8.341e-06
[train] step=8019 loss=0.018714 lr=8.340e-06
[train] step=8020 loss=0.039087 lr=8.340e-06
[train] step=8021 loss=0.006505 lr=8.340e-06
[train] step=8022 loss=0.005356 lr=8.339e-06
[train] step=8023 loss=0.008610 lr=8.339e-06
[train] step=8024 loss=0.016023 lr=8.338e-06
[train] step=8025 loss=0.004548 lr=8.338e-06
[train] step=8026 loss=0.011983 lr=8.338e-06
[train] step=8027 loss=0.005851 lr=8.337e-06
[train] step=8028 loss=0.028748 lr=8.337e-06
[train] step=8029 loss=0.018021 lr=8.336e-06
[train] step=8030 loss=0.014614 lr=8.336e-06
[train] step=8031 loss=0.009116 lr=8.336e-06
[train] step=8032 loss=0.006632 lr=8.335e-06
[train] step=8033 loss=0.007701 lr=8.335e-06
[train] step=8034 loss=0.008762 lr=8.334e-06
[train] step=8035 loss=0.006049 lr=8.334e-06
[train] step=8036 loss=0.008940 lr=8.334e-06
[train] step=8037 loss=0.008651 lr=8.333e-06
[train] step=8038 loss=0.021603 lr=8.333e-06
[train] step=8039 loss=0.009392 lr=8.333e-06
[train] step=8040 loss=0.006555 lr=8.332e-06
INFO     [rank 0] Model weights for step 8040 saved in       dit_trainer.py:1288
         checkpoints/model_weights_step_08040.safetensors                       
INFO     [rank 0] Scalar embedding weights for step 8040     dit_trainer.py:1297
         saved                                                                  
INFO     [rank 0] Training state saved:                      dit_trainer.py:1416
         checkpoints/model_weights_step_08040.state.pt                          
DEBUG    [rank 0] Removed old checkpoint:                    dit_trainer.py:1429
         /local/disk/hramachandran/work/wh_work/windinet/dit                    
         _outputs/lundquist/dit_sds_untrained_30k/checkpoint                    
         s/model_weights_step_07800.safetensors                                 
DEBUG    [rank 0] Removed old checkpoint:                    dit_trainer.py:1429
         /local/disk/hramachandran/work/wh_work/windinet/dit                    
         _outputs/lundquist/dit_sds_untrained_30k/checkpoint                    
         s/scalar_embedding_step_07800.safetensors                              
DEBUG    [rank 0] Removed optimizer state for older kept     dit_trainer.py:1444
         checkpoint:                                                            
         /local/disk/hramachandran/work/wh_work/windinet/dit                    
         _outputs/lundquist/dit_sds_untrained_30k/checkpoint                    
         s/model_weights_step_07920.state.pt                                    
[epoch 67] step=8040 train_loss=0.011645
[train] step=8041 loss=0.008298 lr=8.332e-06
[train] step=8042 loss=0.008268 lr=8.331e-06
[train] step=8043 loss=0.005683 lr=8.331e-06
[train] step=8044 loss=0.010024 lr=8.331e-06
[train] step=8045 loss=0.005031 lr=8.330e-06
[train] step=8046 loss=0.006463 lr=8.330e-06
[train] step=8047 loss=0.017916 lr=8.329e-06
[train] step=8048 loss=0.005873 lr=8.329e-06
[train] step=8049 loss=0.016706 lr=8.329e-06
[train] step=8050 loss=0.009597 lr=8.328e-06
[train] step=8051 loss=0.005891 lr=8.328e-06
[train] step=8052 loss=0.007935 lr=8.327e-06
[train] step=8053 loss=0.026607 lr=8.327e-06
[train] step=8054 loss=0.007403 lr=8.327e-06
[train] step=8055 loss=0.006673 lr=8.326e-06
[train] step=8056 loss=0.003884 lr=8.326e-06
[train] step=8057 loss=0.005572 lr=8.325e-06
[train] step=8058 loss=0.015502 lr=8.325e-06
[train] step=8059 loss=0.013408 lr=8.325e-06
[train] step=8060 loss=0.017249 lr=8.324e-06
[train] step=8061 loss=0.009064 lr=8.324e-06
[train] step=8062 loss=0.021509 lr=8.324e-06
[train] step=8063 loss=0.006992 lr=8.323e-06
[train] step=8064 loss=0.013684 lr=8.323e-06
[train] step=8065 loss=0.012124 lr=8.322e-06
[train] step=8066 loss=0.005034 lr=8.322e-06
[train] step=8067 loss=0.074659 lr=8.322e-06
[train] step=8068 loss=0.016284 lr=8.321e-06
[train] step=8069 loss=0.006705 lr=8.321e-06
[train] step=8070 loss=0.006966 lr=8.320e-06
[train] step=8071 loss=0.012096 lr=8.320e-06
[train] step=8072 loss=0.013617 lr=8.320e-06
[train] step=8073 loss=0.010972 lr=8.319e-06
[train] step=8074 loss=0.009958 lr=8.319e-06
[train] step=8075 loss=0.007105 lr=8.318e-06
[train] step=8076 loss=0.004641 lr=8.318e-06
[train] step=8077 loss=0.009625 lr=8.318e-06
[train] step=8078 loss=0.018342 lr=8.317e-06
[train] step=8079 loss=0.008488 lr=8.317e-06
[train] step=8080 loss=0.006730 lr=8.316e-06
[train] step=8081 loss=0.006599 lr=8.316e-06
[train] step=8082 loss=0.010766 lr=8.316e-06
[train] step=8083 loss=0.014734 lr=8.315e-06
[train] step=8084 loss=0.015188 lr=8.315e-06
[train] step=8085 loss=0.014148 lr=8.315e-06
[train] step=8086 loss=0.009415 lr=8.314e-06
[train] step=8087 loss=0.016823 lr=8.314e-06
[train] step=8088 loss=0.011518 lr=8.313e-06
[train] step=8089 loss=0.009457 lr=8.313e-06
[train] step=8090 loss=0.020113 lr=8.313e-06
[train] step=8091 loss=0.009338 lr=8.312e-06
[train] step=8092 loss=0.004942 lr=8.312e-06
[train] step=8093 loss=0.025398 lr=8.311e-06
[train] step=8094 loss=0.007296 lr=8.311e-06
[train] step=8095 loss=0.012597 lr=8.311e-06
[train] step=8096 loss=0.008819 lr=8.310e-06
[train] step=8097 loss=0.011351 lr=8.310e-06
[train] step=8098 loss=0.003314 lr=8.309e-06
[train] step=8099 loss=0.011834 lr=8.309e-06
[train] step=8100 loss=0.007663 lr=8.309e-06
[train] step=8101 loss=0.006196 lr=8.308e-06
[train] step=8102 loss=0.017382 lr=8.308e-06
[train] step=8103 loss=0.010217 lr=8.307e-06
[train] step=8104 loss=0.017189 lr=8.307e-06
[train] step=8105 loss=0.007831 lr=8.307e-06
[train] step=8106 loss=0.016831 lr=8.306e-06
[train] step=8107 loss=0.005457 lr=8.306e-06
[train] step=8108 loss=0.010371 lr=8.306e-06
[train] step=8109 loss=0.010840 lr=8.305e-06
[train] step=8110 loss=0.031301 lr=8.305e-06
[train] step=8111 loss=0.006856 lr=8.304e-06
[train] step=8112 loss=0.005540 lr=8.304e-06
[train] step=8113 loss=0.007392 lr=8.304e-06
[train] step=8114 loss=0.017803 lr=8.303e-06
[train] step=8115 loss=0.004855 lr=8.303e-06
[train] step=8116 loss=0.004133 lr=8.302e-06
[train] step=8117 loss=0.018735 lr=8.302e-06
[train] step=8118 loss=0.008261 lr=8.302e-06
[train] step=8119 loss=0.006179 lr=8.301e-06
[train] step=8120 loss=0.012450 lr=8.301e-06
[train] step=8121 loss=0.005932 lr=8.300e-06
[train] step=8122 loss=0.012151 lr=8.300e-06
[train] step=8123 loss=0.007194 lr=8.300e-06
[train] step=8124 loss=0.008638 lr=8.299e-06
[train] step=8125 loss=0.009745 lr=8.299e-06
[train] step=8126 loss=0.012471 lr=8.298e-06
[train] step=8127 loss=0.011368 lr=8.298e-06
[train] step=8128 loss=0.024441 lr=8.298e-06
[train] step=8129 loss=0.019916 lr=8.297e-06
[train] step=8130 loss=0.008450 lr=8.297e-06
[train] step=8131 loss=0.008312 lr=8.296e-06
[train] step=8132 loss=0.006090 lr=8.296e-06
[train] step=8133 loss=0.008095 lr=8.296e-06
[train] step=8134 loss=0.012226 lr=8.295e-06
[train] step=8135 loss=0.011568 lr=8.295e-06
[train] step=8136 loss=0.005466 lr=8.294e-06
[train] step=8137 loss=0.005738 lr=8.294e-06
[train] step=8138 loss=0.019339 lr=8.294e-06
[train] step=8139 loss=0.009508 lr=8.293e-06
[train] step=8140 loss=0.021846 lr=8.293e-06
[train] step=8141 loss=0.005578 lr=8.293e-06
[train] step=8142 loss=0.009029 lr=8.292e-06
[train] step=8143 loss=0.008989 lr=8.292e-06
[train] step=8144 loss=0.027693 lr=8.291e-06
[train] step=8145 loss=0.006292 lr=8.291e-06
[train] step=8146 loss=0.007752 lr=8.291e-06
[train] step=8147 loss=0.011872 lr=8.290e-06
[train] step=8148 loss=0.011497 lr=8.290e-06
[train] step=8149 loss=0.020425 lr=8.289e-06
[train] step=8150 loss=0.008632 lr=8.289e-06
[train] step=8151 loss=0.005630 lr=8.289e-06
[train] step=8152 loss=0.014891 lr=8.288e-06
[train] step=8153 loss=0.021343 lr=8.288e-06
[train] step=8154 loss=0.009784 lr=8.287e-06
[train] step=8155 loss=0.011656 lr=8.287e-06
[train] step=8156 loss=0.006992 lr=8.287e-06
[train] step=8157 loss=0.016388 lr=8.286e-06
[train] step=8158 loss=0.010944 lr=8.286e-06
[train] step=8159 loss=0.048397 lr=8.285e-06
[train] step=8160 loss=0.005281 lr=8.285e-06
INFO     [rank 0] Model weights for step 8160 saved in       dit_trainer.py:1288
         checkpoints/model_weights_step_08160.safetensors                       
INFO     [rank 0] Scalar embedding weights for step 8160     dit_trainer.py:1297
         saved                                                                  
INFO     [rank 0] Training state saved:                      dit_trainer.py:1416
         checkpoints/model_weights_step_08160.state.pt                          
DEBUG    [rank 0] Removed old checkpoint:                    dit_trainer.py:1429
         /local/disk/hramachandran/work/wh_work/windinet/dit                    
         _outputs/lundquist/dit_sds_untrained_30k/checkpoint                    
         s/model_weights_step_07920.safetensors                                 
DEBUG    [rank 0] Removed old checkpoint:                    dit_trainer.py:1429
         /local/disk/hramachandran/work/wh_work/windinet/dit                    
         _outputs/lundquist/dit_sds_untrained_30k/checkpoint                    
         s/scalar_embedding_step_07920.safetensors                              
DEBUG    [rank 0] Removed optimizer state for older kept     dit_trainer.py:1444
         checkpoint:                                                            
         /local/disk/hramachandran/work/wh_work/windinet/dit                    
         _outputs/lundquist/dit_sds_untrained_30k/checkpoint                    
         s/model_weights_step_08040.state.pt                                    
[epoch 68] step=8160 train_loss=0.011955
[train] step=8161 loss=0.035153 lr=8.285e-06
[train] step=8162 loss=0.008762 lr=8.284e-06
[train] step=8163 loss=0.009521 lr=8.284e-06
[train] step=8164 loss=0.004411 lr=8.283e-06
[train] step=8165 loss=0.006989 lr=8.283e-06
[train] step=8166 loss=0.008897 lr=8.283e-06
[train] step=8167 loss=0.007504 lr=8.282e-06
[train] step=8168 loss=0.005238 lr=8.282e-06
[train] step=8169 loss=0.006333 lr=8.281e-06
[train] step=8170 loss=0.012717 lr=8.281e-06
[train] step=8171 loss=0.015700 lr=8.281e-06
[train] step=8172 loss=0.005546 lr=8.280e-06
[train] step=8173 loss=0.007496 lr=8.280e-06
[train] step=8174 loss=0.018550 lr=8.280e-06
[train] step=8175 loss=0.031385 lr=8.279e-06
[train] step=8176 loss=0.009665 lr=8.279e-06
[train] step=8177 loss=0.006204 lr=8.278e-06
[train] step=8178 loss=0.009794 lr=8.278e-06
[train] step=8179 loss=0.016117 lr=8.278e-06
[train] step=8180 loss=0.046442 lr=8.277e-06
[train] step=8181 loss=0.014313 lr=8.277e-06
[train] step=8182 loss=0.012895 lr=8.276e-06
[train] step=8183 loss=0.009013 lr=8.276e-06
[train] step=8184 loss=0.004331 lr=8.276e-06
[train] step=8185 loss=0.027781 lr=8.275e-06
[train] step=8186 loss=0.008928 lr=8.275e-06
[train] step=8187 loss=0.010847 lr=8.274e-06
[train] step=8188 loss=0.007843 lr=8.274e-06
[train] step=8189 loss=0.012362 lr=8.274e-06
[train] step=8190 loss=0.005473 lr=8.273e-06
[train] step=8191 loss=0.011964 lr=8.273e-06
[train] step=8192 loss=0.022958 lr=8.272e-06
[train] step=8193 loss=0.021050 lr=8.272e-06
[train] step=8194 loss=0.004846 lr=8.272e-06
[train] step=8195 loss=0.006801 lr=8.271e-06
[train] step=8196 loss=0.014015 lr=8.271e-06
[train] step=8197 loss=0.007591 lr=8.270e-06
[train] step=8198 loss=0.006587 lr=8.270e-06
[train] step=8199 loss=0.009059 lr=8.270e-06
[train] step=8200 loss=0.007410 lr=8.269e-06
[train] step=8201 loss=0.005184 lr=8.269e-06
[train] step=8202 loss=0.011698 lr=8.268e-06
[train] step=8203 loss=0.011812 lr=8.268e-06
[train] step=8204 loss=0.004130 lr=8.268e-06
[train] step=8205 loss=0.014405 lr=8.267e-06
[train] step=8206 loss=0.009066 lr=8.267e-06
[train] step=8207 loss=0.007367 lr=8.266e-06
[train] step=8208 loss=0.004896 lr=8.266e-06
[train] step=8209 loss=0.008979 lr=8.266e-06
[train] step=8210 loss=0.004594 lr=8.265e-06
[train] step=8211 loss=0.009697 lr=8.265e-06
[train] step=8212 loss=0.008450 lr=8.264e-06
[train] step=8213 loss=0.006883 lr=8.264e-06
[train] step=8214 loss=0.012750 lr=8.264e-06
[train] step=8215 loss=0.011402 lr=8.263e-06
[train] step=8216 loss=0.003850 lr=8.263e-06
[train] step=8217 loss=0.008691 lr=8.262e-06
[train] step=8218 loss=0.013092 lr=8.262e-06
[train] step=8219 loss=0.008493 lr=8.262e-06
[train] step=8220 loss=0.005347 lr=8.261e-06
[train] step=8221 loss=0.004884 lr=8.261e-06
[train] step=8222 loss=0.015517 lr=8.261e-06
[train] step=8223 loss=0.005433 lr=8.260e-06
[train] step=8224 loss=0.007754 lr=8.260e-06
[train] step=8225 loss=0.005425 lr=8.259e-06
[train] step=8226 loss=0.008788 lr=8.259e-06
[train] step=8227 loss=0.006987 lr=8.259e-06
[train] step=8228 loss=0.008497 lr=8.258e-06
[train] step=8229 loss=0.017380 lr=8.258e-06
[train] step=8230 loss=0.014034 lr=8.257e-06
[train] step=8231 loss=0.004370 lr=8.257e-06
[train] step=8232 loss=0.004146 lr=8.257e-06
[train] step=8233 loss=0.009176 lr=8.256e-06
[train] step=8234 loss=0.008546 lr=8.256e-06
[train] step=8235 loss=0.006356 lr=8.255e-06
[train] step=8236 loss=0.011097 lr=8.255e-06
[train] step=8237 loss=0.007141 lr=8.255e-06
[train] step=8238 loss=0.006969 lr=8.254e-06
[train] step=8239 loss=0.006466 lr=8.254e-06
[train] step=8240 loss=0.008863 lr=8.253e-06
[train] step=8241 loss=0.010548 lr=8.253e-06
[train] step=8242 loss=0.013267 lr=8.253e-06
[train] step=8243 loss=0.011739 lr=8.252e-06
[train] step=8244 loss=0.008017 lr=8.252e-06
[train] step=8245 loss=0.006408 lr=8.251e-06
[train] step=8246 loss=0.006517 lr=8.251e-06
[train] step=8247 loss=0.018895 lr=8.251e-06
[train] step=8248 loss=0.010152 lr=8.250e-06
[train] step=8249 loss=0.008126 lr=8.250e-06
[train] step=8250 loss=0.004633 lr=8.249e-06
[train] step=8251 loss=0.007572 lr=8.249e-06
[train] step=8252 loss=0.004910 lr=8.249e-06
[train] step=8253 loss=0.006903 lr=8.248e-06
[train] step=8254 loss=0.005259 lr=8.248e-06
[train] step=8255 loss=0.009838 lr=8.247e-06
[train] step=8256 loss=0.028678 lr=8.247e-06
[train] step=8257 loss=0.008216 lr=8.247e-06
[train] step=8258 loss=0.018254 lr=8.246e-06
[train] step=8259 loss=0.013205 lr=8.246e-06
[train] step=8260 loss=0.007401 lr=8.245e-06
[train] step=8261 loss=0.009880 lr=8.245e-06
[train] step=8262 loss=0.020331 lr=8.245e-06
[train] step=8263 loss=0.019439 lr=8.244e-06
[train] step=8264 loss=0.015208 lr=8.244e-06
[train] step=8265 loss=0.011332 lr=8.243e-06
[train] step=8266 loss=0.006477 lr=8.243e-06
[train] step=8267 loss=0.004722 lr=8.243e-06
[train] step=8268 loss=0.004430 lr=8.242e-06
[train] step=8269 loss=0.009340 lr=8.242e-06
[train] step=8270 loss=0.011602 lr=8.241e-06
[train] step=8271 loss=0.004846 lr=8.241e-06
[train] step=8272 loss=0.011763 lr=8.241e-06
[train] step=8273 loss=0.008522 lr=8.240e-06
[train] step=8274 loss=0.007430 lr=8.240e-06
[train] step=8275 loss=0.018883 lr=8.239e-06
[train] step=8276 loss=0.005806 lr=8.239e-06
[train] step=8277 loss=0.010585 lr=8.239e-06
[train] step=8278 loss=0.005264 lr=8.238e-06
[train] step=8279 loss=0.019364 lr=8.238e-06
[train] step=8280 loss=0.013027 lr=8.237e-06
INFO     [rank 0] Model weights for step 8280 saved in       dit_trainer.py:1288
         checkpoints/model_weights_step_08280.safetensors                       
INFO     [rank 0] Scalar embedding weights for step 8280     dit_trainer.py:1297
         saved                                                                  
INFO     [rank 0] Training state saved:                      dit_trainer.py:1416
         checkpoints/model_weights_step_08280.state.pt                          
DEBUG    [rank 0] Removed old checkpoint:                    dit_trainer.py:1429
         /local/disk/hramachandran/work/wh_work/windinet/dit                    
         _outputs/lundquist/dit_sds_untrained_30k/checkpoint                    
         s/model_weights_step_08040.safetensors                                 
DEBUG    [rank 0] Removed old checkpoint:                    dit_trainer.py:1429
         /local/disk/hramachandran/work/wh_work/windinet/dit                    
         _outputs/lundquist/dit_sds_untrained_30k/checkpoint                    
         s/scalar_embedding_step_08040.safetensors                              
DEBUG    [rank 0] Removed optimizer state for older kept     dit_trainer.py:1444
         checkpoint:                                                            
         /local/disk/hramachandran/work/wh_work/windinet/dit                    
         _outputs/lundquist/dit_sds_untrained_30k/checkpoint                    
         s/model_weights_step_08160.state.pt                                    
[epoch 69] step=8280 train_loss=0.010468
[train] step=8281 loss=0.007356 lr=8.237e-06
[train] step=8282 loss=0.006071 lr=8.237e-06
[train] step=8283 loss=0.006215 lr=8.236e-06
[train] step=8284 loss=0.010492 lr=8.236e-06
[train] step=8285 loss=0.017227 lr=8.235e-06
[train] step=8286 loss=0.006730 lr=8.235e-06
[train] step=8287 loss=0.008937 lr=8.235e-06
[train] step=8288 loss=0.023702 lr=8.234e-06
[train] step=8289 loss=0.004295 lr=8.234e-06
[train] step=8290 loss=0.018065 lr=8.233e-06
[train] step=8291 loss=0.024042 lr=8.233e-06
[train] step=8292 loss=0.007943 lr=8.233e-06
[train] step=8293 loss=0.007090 lr=8.232e-06
[train] step=8294 loss=0.006938 lr=8.232e-06
[train] step=8295 loss=0.014186 lr=8.231e-06
[train] step=8296 loss=0.016701 lr=8.231e-06
[train] step=8297 loss=0.004868 lr=8.231e-06
[train] step=8298 loss=0.007100 lr=8.230e-06
[train] step=8299 loss=0.005685 lr=8.230e-06
[train] step=8300 loss=0.015142 lr=8.229e-06
[train] step=8301 loss=0.006962 lr=8.229e-06
[train] step=8302 loss=0.009027 lr=8.229e-06
[train] step=8303 loss=0.016187 lr=8.228e-06
[train] step=8304 loss=0.073587 lr=8.228e-06
[train] step=8305 loss=0.008863 lr=8.227e-06
[train] step=8306 loss=0.007626 lr=8.227e-06
[train] step=8307 loss=0.008540 lr=8.227e-06
[train] step=8308 loss=0.009608 lr=8.226e-06
[train] step=8309 loss=0.007092 lr=8.226e-06
[train] step=8310 loss=0.018045 lr=8.225e-06
[train] step=8311 loss=0.007930 lr=8.225e-06
[train] step=8312 loss=0.007162 lr=8.225e-06
[train] step=8313 loss=0.010065 lr=8.224e-06
[train] step=8314 loss=0.005324 lr=8.224e-06
[train] step=8315 loss=0.004232 lr=8.223e-06
[train] step=8316 loss=0.013085 lr=8.223e-06
[train] step=8317 loss=0.004894 lr=8.223e-06
[train] step=8318 loss=0.028781 lr=8.222e-06
[train] step=8319 loss=0.007661 lr=8.222e-06
[train] step=8320 loss=0.015840 lr=8.221e-06
[train] step=8321 loss=0.009051 lr=8.221e-06
[train] step=8322 loss=0.022322 lr=8.221e-06
[train] step=8323 loss=0.005250 lr=8.220e-06
[train] step=8324 loss=0.005036 lr=8.220e-06
[train] step=8325 loss=0.005284 lr=8.219e-06
[train] step=8326 loss=0.019695 lr=8.219e-06
[train] step=8327 loss=0.008385 lr=8.219e-06
[train] step=8328 loss=0.013237 lr=8.218e-06
[train] step=8329 loss=0.019772 lr=8.218e-06
[train] step=8330 loss=0.007178 lr=8.217e-06
[train] step=8331 loss=0.010524 lr=8.217e-06
[train] step=8332 loss=0.010885 lr=8.217e-06
[train] step=8333 loss=0.005345 lr=8.216e-06
[train] step=8334 loss=0.011126 lr=8.216e-06
[train] step=8335 loss=0.006128 lr=8.215e-06
[train] step=8336 loss=0.018464 lr=8.215e-06
[train] step=8337 loss=0.027581 lr=8.215e-06
[train] step=8338 loss=0.008732 lr=8.214e-06
[train] step=8339 loss=0.007728 lr=8.214e-06
[train] step=8340 loss=0.005064 lr=8.213e-06
[train] step=8341 loss=0.021429 lr=8.213e-06
[train] step=8342 loss=0.011854 lr=8.213e-06
[train] step=8343 loss=0.003547 lr=8.212e-06
[train] step=8344 loss=0.012290 lr=8.212e-06
[train] step=8345 loss=0.020965 lr=8.211e-06
[train] step=8346 loss=0.015098 lr=8.211e-06
[train] step=8347 loss=0.007794 lr=8.211e-06
[train] step=8348 loss=0.007417 lr=8.210e-06
[train] step=8349 loss=0.021442 lr=8.210e-06
[train] step=8350 loss=0.008925 lr=8.209e-06
[train] step=8351 loss=0.009995 lr=8.209e-06
[train] step=8352 loss=0.007817 lr=8.209e-06
[train] step=8353 loss=0.009838 lr=8.208e-06
[train] step=8354 loss=0.008951 lr=8.208e-06
[train] step=8355 loss=0.022329 lr=8.207e-06
[train] step=8356 loss=0.011606 lr=8.207e-06
[train] step=8357 loss=0.005281 lr=8.207e-06
[train] step=8358 loss=0.006308 lr=8.206e-06
[train] step=8359 loss=0.009697 lr=8.206e-06
[train] step=8360 loss=0.003876 lr=8.205e-06
[train] step=8361 loss=0.024654 lr=8.205e-06
[train] step=8362 loss=0.008026 lr=8.205e-06
[train] step=8363 loss=0.010490 lr=8.204e-06
[train] step=8364 loss=0.009747 lr=8.204e-06
[train] step=8365 loss=0.008853 lr=8.203e-06
[train] step=8366 loss=0.007975 lr=8.203e-06
[train] step=8367 loss=0.013964 lr=8.203e-06
[train] step=8368 loss=0.005319 lr=8.202e-06
[train] step=8369 loss=0.003700 lr=8.202e-06
[train] step=8370 loss=0.018560 lr=8.201e-06
[train] step=8371 loss=0.010463 lr=8.201e-06
[train] step=8372 loss=0.020405 lr=8.201e-06
[train] step=8373 loss=0.012173 lr=8.200e-06
[train] step=8374 loss=0.024006 lr=8.200e-06
[train] step=8375 loss=0.006263 lr=8.199e-06
[train] step=8376 loss=0.007715 lr=8.199e-06
[train] step=8377 loss=0.005407 lr=8.199e-06
[train] step=8378 loss=0.013720 lr=8.198e-06
[train] step=8379 loss=0.008650 lr=8.198e-06
[train] step=8380 loss=0.006355 lr=8.197e-06
[train] step=8381 loss=0.005787 lr=8.197e-06
[train] step=8382 loss=0.007420 lr=8.197e-06
[train] step=8383 loss=0.004345 lr=8.196e-06
[train] step=8384 loss=0.008286 lr=8.196e-06
[train] step=8385 loss=0.013746 lr=8.195e-06
[train] step=8386 loss=0.003965 lr=8.195e-06
[train] step=8387 loss=0.016908 lr=8.195e-06
[train] step=8388 loss=0.006173 lr=8.194e-06
[train] step=8389 loss=0.010400 lr=8.194e-06
[train] step=8390 loss=0.010718 lr=8.193e-06
[train] step=8391 loss=0.010797 lr=8.193e-06
[train] step=8392 loss=0.040269 lr=8.193e-06
[train] step=8393 loss=0.012490 lr=8.192e-06
[train] step=8394 loss=0.020102 lr=8.192e-06
[train] step=8395 loss=0.049457 lr=8.191e-06
[train] step=8396 loss=0.003266 lr=8.191e-06
[train] step=8397 loss=0.004125 lr=8.191e-06
[train] step=8398 loss=0.010193 lr=8.190e-06
[train] step=8399 loss=0.011361 lr=8.190e-06
[train] step=8400 loss=0.008472 lr=8.189e-06
[val] step=8400 val_loss=0.012520
INFO     [rank 0] Model weights for step 8400 saved in       dit_trainer.py:1288
         checkpoints/model_weights_step_08400.safetensors                       
INFO     [rank 0] Scalar embedding weights for step 8400     dit_trainer.py:1297
         saved                                                                  
INFO     [rank 0] Training state saved:                      dit_trainer.py:1416
         checkpoints/model_weights_step_08400.state.pt                          
DEBUG    [rank 0] Removed old checkpoint:                    dit_trainer.py:1429
         /local/disk/hramachandran/work/wh_work/windinet/dit                    
         _outputs/lundquist/dit_sds_untrained_30k/checkpoint                    
         s/model_weights_step_08160.safetensors                                 
DEBUG    [rank 0] Removed old checkpoint:                    dit_trainer.py:1429
         /local/disk/hramachandran/work/wh_work/windinet/dit                    
         _outputs/lundquist/dit_sds_untrained_30k/checkpoint                    
         s/scalar_embedding_step_08160.safetensors                              
DEBUG    [rank 0] Removed optimizer state for older kept     dit_trainer.py:1444
         checkpoint:                                                            
         /local/disk/hramachandran/work/wh_work/windinet/dit                    
         _outputs/lundquist/dit_sds_untrained_30k/checkpoint                    
         s/model_weights_step_08280.state.pt                                    
[epoch 70] step=8400 train_loss=0.011932 val_loss=0.012520
[train] step=8401 loss=0.009164 lr=8.189e-06
[train] step=8402 loss=0.021563 lr=8.189e-06
[train] step=8403 loss=0.013278 lr=8.188e-06
[train] step=8404 loss=0.003935 lr=8.188e-06
[train] step=8405 loss=0.011521 lr=8.187e-06
[train] step=8406 loss=0.008451 lr=8.187e-06
[train] step=8407 loss=0.011136 lr=8.187e-06
[train] step=8408 loss=0.010718 lr=8.186e-06
[train] step=8409 loss=0.006748 lr=8.186e-06
[train] step=8410 loss=0.017079 lr=8.185e-06
[train] step=8411 loss=0.005140 lr=8.185e-06
[train] step=8412 loss=0.010460 lr=8.184e-06
[train] step=8413 loss=0.017130 lr=8.184e-06
[train] step=8414 loss=0.010971 lr=8.184e-06
[train] step=8415 loss=0.005361 lr=8.183e-06
[train] step=8416 loss=0.014355 lr=8.183e-06
[train] step=8417 loss=0.007254 lr=8.182e-06
[train] step=8418 loss=0.004765 lr=8.182e-06
[train] step=8419 loss=0.013470 lr=8.182e-06
[train] step=8420 loss=0.007870 lr=8.181e-06
[train] step=8421 loss=0.007608 lr=8.181e-06
[train] step=8422 loss=0.005403 lr=8.180e-06
[train] step=8423 loss=0.016058 lr=8.180e-06
[train] step=8424 loss=0.023305 lr=8.180e-06
[train] step=8425 loss=0.006973 lr=8.179e-06
[train] step=8426 loss=0.013428 lr=8.179e-06
[train] step=8427 loss=0.009431 lr=8.178e-06
[train] step=8428 loss=0.009598 lr=8.178e-06
[train] step=8429 loss=0.005831 lr=8.178e-06
[train] step=8430 loss=0.005372 lr=8.177e-06
[train] step=8431 loss=0.006205 lr=8.177e-06
[train] step=8432 loss=0.007994 lr=8.176e-06
[train] step=8433 loss=0.006121 lr=8.176e-06
[train] step=8434 loss=0.007612 lr=8.176e-06
[train] step=8435 loss=0.006310 lr=8.175e-06
[train] step=8436 loss=0.008615 lr=8.175e-06
[train] step=8437 loss=0.004471 lr=8.174e-06
[train] step=8438 loss=0.003999 lr=8.174e-06
[train] step=8439 loss=0.005902 lr=8.174e-06
[train] step=8440 loss=0.096923 lr=8.173e-06
[train] step=8441 loss=0.007293 lr=8.173e-06
[train] step=8442 loss=0.006165 lr=8.172e-06
[train] step=8443 loss=0.013110 lr=8.172e-06
[train] step=8444 loss=0.013290 lr=8.172e-06
[train] step=8445 loss=0.009538 lr=8.171e-06
[train] step=8446 loss=0.006638 lr=8.171e-06
[train] step=8447 loss=0.005496 lr=8.170e-06
[train] step=8448 loss=0.012692 lr=8.170e-06
[train] step=8449 loss=0.012649 lr=8.170e-06
[train] step=8450 loss=0.003684 lr=8.169e-06
[train] step=8451 loss=0.004669 lr=8.169e-06
[train] step=8452 loss=0.004594 lr=8.168e-06
[train] step=8453 loss=0.005916 lr=8.168e-06
[train] step=8454 loss=0.005648 lr=8.168e-06
[train] step=8455 loss=0.004245 lr=8.167e-06
[train] step=8456 loss=0.005679 lr=8.167e-06
[train] step=8457 loss=0.006320 lr=8.166e-06
[train] step=8458 loss=0.023382 lr=8.166e-06
[train] step=8459 loss=0.011006 lr=8.165e-06
[train] step=8460 loss=0.010909 lr=8.165e-06
[train] step=8461 loss=0.028089 lr=8.165e-06
[train] step=8462 loss=0.008159 lr=8.164e-06
[train] step=8463 loss=0.002553 lr=8.164e-06
[train] step=8464 loss=0.016023 lr=8.163e-06
[train] step=8465 loss=0.005097 lr=8.163e-06
[train] step=8466 loss=0.004963 lr=8.163e-06
[train] step=8467 loss=0.010677 lr=8.162e-06
[train] step=8468 loss=0.004711 lr=8.162e-06
[train] step=8469 loss=0.014111 lr=8.161e-06
[train] step=8470 loss=0.006912 lr=8.161e-06
[train] step=8471 loss=0.004882 lr=8.161e-06
[train] step=8472 loss=0.007644 lr=8.160e-06
[train] step=8473 loss=0.004540 lr=8.160e-06
[train] step=8474 loss=0.035533 lr=8.159e-06
[train] step=8475 loss=0.013097 lr=8.159e-06
[train] step=8476 loss=0.009468 lr=8.159e-06
[train] step=8477 loss=0.015543 lr=8.158e-06
[train] step=8478 loss=0.016398 lr=8.158e-06
[train] step=8479 loss=0.008601 lr=8.157e-06
[train] step=8480 loss=0.010764 lr=8.157e-06
[train] step=8481 loss=0.011964 lr=8.157e-06
[train] step=8482 loss=0.006557 lr=8.156e-06
[train] step=8483 loss=0.043925 lr=8.156e-06
[train] step=8484 loss=0.010802 lr=8.155e-06
[train] step=8485 loss=0.013846 lr=8.155e-06
[train] step=8486 loss=0.006733 lr=8.155e-06
[train] step=8487 loss=0.009314 lr=8.154e-06
[train] step=8488 loss=0.011494 lr=8.154e-06
[train] step=8489 loss=0.009339 lr=8.153e-06
[train] step=8490 loss=0.013863 lr=8.153e-06
[train] step=8491 loss=0.004448 lr=8.153e-06
[train] step=8492 loss=0.007231 lr=8.152e-06
[train] step=8493 loss=0.005218 lr=8.152e-06
[train] step=8494 loss=0.004527 lr=8.151e-06
[train] step=8495 loss=0.009667 lr=8.151e-06
[train] step=8496 loss=0.005816 lr=8.150e-06
[train] step=8497 loss=0.017209 lr=8.150e-06
[train] step=8498 loss=0.011563 lr=8.150e-06
[train] step=8499 loss=0.005379 lr=8.149e-06
[train] step=8500 loss=0.005536 lr=8.149e-06
[train] step=8501 loss=0.004873 lr=8.148e-06
[train] step=8502 loss=0.009617 lr=8.148e-06
[train] step=8503 loss=0.018098 lr=8.148e-06
[train] step=8504 loss=0.004878 lr=8.147e-06
[train] step=8505 loss=0.010639 lr=8.147e-06
[train] step=8506 loss=0.021250 lr=8.146e-06
[train] step=8507 loss=0.003981 lr=8.146e-06
[train] step=8508 loss=0.010393 lr=8.146e-06
[train] step=8509 loss=0.012018 lr=8.145e-06
[train] step=8510 loss=0.006484 lr=8.145e-06
[train] step=8511 loss=0.005538 lr=8.144e-06
[train] step=8512 loss=0.009137 lr=8.144e-06
[train] step=8513 loss=0.010972 lr=8.144e-06
[train] step=8514 loss=0.016024 lr=8.143e-06
[train] step=8515 loss=0.008219 lr=8.143e-06
[train] step=8516 loss=0.007043 lr=8.142e-06
[train] step=8517 loss=0.004638 lr=8.142e-06
[train] step=8518 loss=0.009083 lr=8.142e-06
[train] step=8519 loss=0.024078 lr=8.141e-06
[train] step=8520 loss=0.012019 lr=8.141e-06
INFO     [rank 0] Model weights for step 8520 saved in       dit_trainer.py:1288
         checkpoints/model_weights_step_08520.safetensors                       
INFO     [rank 0] Scalar embedding weights for step 8520     dit_trainer.py:1297
         saved                                                                  
INFO     [rank 0] Training state saved:                      dit_trainer.py:1416
         checkpoints/model_weights_step_08520.state.pt                          
DEBUG    [rank 0] Removed old checkpoint:                    dit_trainer.py:1429
         /local/disk/hramachandran/work/wh_work/windinet/dit                    
         _outputs/lundquist/dit_sds_untrained_30k/checkpoint                    
         s/model_weights_step_08280.safetensors                                 
DEBUG    [rank 0] Removed old checkpoint:                    dit_trainer.py:1429
         /local/disk/hramachandran/work/wh_work/windinet/dit                    
         _outputs/lundquist/dit_sds_untrained_30k/checkpoint                    
         s/scalar_embedding_step_08280.safetensors                              
DEBUG    [rank 0] Removed optimizer state for older kept     dit_trainer.py:1444
         checkpoint:                                                            
         /local/disk/hramachandran/work/wh_work/windinet/dit                    
         _outputs/lundquist/dit_sds_untrained_30k/checkpoint                    
         s/model_weights_step_08400.state.pt                                    
[epoch 71] step=8520 train_loss=0.010734
[train] step=8521 loss=0.006478 lr=8.140e-06
[train] step=8522 loss=0.009496 lr=8.140e-06
[train] step=8523 loss=0.005108 lr=8.140e-06
[train] step=8524 loss=0.013686 lr=8.139e-06
[train] step=8525 loss=0.007104 lr=8.139e-06
[train] step=8526 loss=0.005956 lr=8.138e-06
[train] step=8527 loss=0.006671 lr=8.138e-06
[train] step=8528 loss=0.010534 lr=8.137e-06
[train] step=8529 loss=0.021576 lr=8.137e-06
[train] step=8530 loss=0.010768 lr=8.137e-06
[train] step=8531 loss=0.015185 lr=8.136e-06
[train] step=8532 loss=0.006764 lr=8.136e-06
[train] step=8533 loss=0.003367 lr=8.135e-06
[train] step=8534 loss=0.007113 lr=8.135e-06
[train] step=8535 loss=0.041950 lr=8.135e-06
[train] step=8536 loss=0.009362 lr=8.134e-06
[train] step=8537 loss=0.010274 lr=8.134e-06
[train] step=8538 loss=0.019476 lr=8.133e-06
[train] step=8539 loss=0.005988 lr=8.133e-06
[train] step=8540 loss=0.008158 lr=8.133e-06
[train] step=8541 loss=0.007874 lr=8.132e-06
[train] step=8542 loss=0.012098 lr=8.132e-06
[train] step=8543 loss=0.008074 lr=8.131e-06
[train] step=8544 loss=0.004889 lr=8.131e-06
[train] step=8545 loss=0.015606 lr=8.131e-06
[train] step=8546 loss=0.030060 lr=8.130e-06
[train] step=8547 loss=0.014281 lr=8.130e-06
[train] step=8548 loss=0.015441 lr=8.129e-06
[train] step=8549 loss=0.009199 lr=8.129e-06
[train] step=8550 loss=0.011800 lr=8.128e-06
[train] step=8551 loss=0.008682 lr=8.128e-06
[train] step=8552 loss=0.005546 lr=8.128e-06
[train] step=8553 loss=0.006430 lr=8.127e-06
[train] step=8554 loss=0.007357 lr=8.127e-06
[train] step=8555 loss=0.008197 lr=8.126e-06
[train] step=8556 loss=0.013628 lr=8.126e-06
[train] step=8557 loss=0.008886 lr=8.126e-06
[train] step=8558 loss=0.003682 lr=8.125e-06
[train] step=8559 loss=0.013513 lr=8.125e-06
[train] step=8560 loss=0.009768 lr=8.124e-06
[train] step=8561 loss=0.049513 lr=8.124e-06
[train] step=8562 loss=0.018785 lr=8.124e-06
[train] step=8563 loss=0.031797 lr=8.123e-06
[train] step=8564 loss=0.003839 lr=8.123e-06
[train] step=8565 loss=0.005179 lr=8.122e-06
[train] step=8566 loss=0.011181 lr=8.122e-06
[train] step=8567 loss=0.014545 lr=8.122e-06
[train] step=8568 loss=0.007353 lr=8.121e-06
[train] step=8569 loss=0.009102 lr=8.121e-06
[train] step=8570 loss=0.007430 lr=8.120e-06
[train] step=8571 loss=0.047455 lr=8.120e-06
[train] step=8572 loss=0.004692 lr=8.120e-06
[train] step=8573 loss=0.010717 lr=8.119e-06
[train] step=8574 loss=0.008607 lr=8.119e-06
[train] step=8575 loss=0.009276 lr=8.118e-06
[train] step=8576 loss=0.006705 lr=8.118e-06
[train] step=8577 loss=0.031234 lr=8.117e-06
[train] step=8578 loss=0.008280 lr=8.117e-06
[train] step=8579 loss=0.006660 lr=8.117e-06
[train] step=8580 loss=0.011556 lr=8.116e-06
[train] step=8581 loss=0.005564 lr=8.116e-06
[train] step=8582 loss=0.009752 lr=8.115e-06
[train] step=8583 loss=0.008437 lr=8.115e-06
[train] step=8584 loss=0.021159 lr=8.115e-06
[train] step=8585 loss=0.006405 lr=8.114e-06
[train] step=8586 loss=0.005736 lr=8.114e-06
[train] step=8587 loss=0.024902 lr=8.113e-06
[train] step=8588 loss=0.003620 lr=8.113e-06
[train] step=8589 loss=0.006871 lr=8.113e-06
[train] step=8590 loss=0.009033 lr=8.112e-06
[train] step=8591 loss=0.006592 lr=8.112e-06
[train] step=8592 loss=0.004286 lr=8.111e-06
[train] step=8593 loss=0.018866 lr=8.111e-06
[train] step=8594 loss=0.007609 lr=8.111e-06
[train] step=8595 loss=0.018122 lr=8.110e-06
[train] step=8596 loss=0.002950 lr=8.110e-06
[train] step=8597 loss=0.006711 lr=8.109e-06
[train] step=8598 loss=0.015516 lr=8.109e-06
[train] step=8599 loss=0.033656 lr=8.108e-06
[train] step=8600 loss=0.089676 lr=8.108e-06
[train] step=8601 loss=0.009694 lr=8.108e-06
[train] step=8602 loss=0.011271 lr=8.107e-06
[train] step=8603 loss=0.016545 lr=8.107e-06
[train] step=8604 loss=0.036947 lr=8.106e-06
[train] step=8605 loss=0.012118 lr=8.106e-06
[train] step=8606 loss=0.008120 lr=8.106e-06
[train] step=8607 loss=0.006895 lr=8.105e-06
[train] step=8608 loss=0.003923 lr=8.105e-06
[train] step=8609 loss=0.007941 lr=8.104e-06
[train] step=8610 loss=0.008994 lr=8.104e-06
[train] step=8611 loss=0.007422 lr=8.104e-06
[train] step=8612 loss=0.010503 lr=8.103e-06
[train] step=8613 loss=0.007644 lr=8.103e-06
[train] step=8614 loss=0.005981 lr=8.102e-06
[train] step=8615 loss=0.005752 lr=8.102e-06
[train] step=8616 loss=0.007815 lr=8.101e-06
[train] step=8617 loss=0.005598 lr=8.101e-06
[train] step=8618 loss=0.007319 lr=8.101e-06
[train] step=8619 loss=0.024514 lr=8.100e-06
[train] step=8620 loss=0.009969 lr=8.100e-06
[train] step=8621 loss=0.005025 lr=8.099e-06
[train] step=8622 loss=0.010653 lr=8.099e-06
[train] step=8623 loss=0.006209 lr=8.099e-06
[train] step=8624 loss=0.022589 lr=8.098e-06
[train] step=8625 loss=0.017545 lr=8.098e-06
[train] step=8626 loss=0.007715 lr=8.097e-06
[train] step=8627 loss=0.003117 lr=8.097e-06
[train] step=8628 loss=0.009608 lr=8.097e-06
[train] step=8629 loss=0.005058 lr=8.096e-06
[train] step=8630 loss=0.010229 lr=8.096e-06
[train] step=8631 loss=0.021603 lr=8.095e-06
[train] step=8632 loss=0.004879 lr=8.095e-06
[train] step=8633 loss=0.006145 lr=8.094e-06
[train] step=8634 loss=0.004311 lr=8.094e-06
[train] step=8635 loss=0.007511 lr=8.094e-06
[train] step=8636 loss=0.010098 lr=8.093e-06
[train] step=8637 loss=0.007596 lr=8.093e-06
[train] step=8638 loss=0.017622 lr=8.092e-06
[train] step=8639 loss=0.011804 lr=8.092e-06
[train] step=8640 loss=0.010947 lr=8.092e-06
INFO     [rank 0] Model weights for step 8640 saved in       dit_trainer.py:1288
         checkpoints/model_weights_step_08640.safetensors                       
INFO     [rank 0] Scalar embedding weights for step 8640     dit_trainer.py:1297
         saved                                                                  
INFO     [rank 0] Training state saved:                      dit_trainer.py:1416
         checkpoints/model_weights_step_08640.state.pt                          
DEBUG    [rank 0] Removed old checkpoint:                    dit_trainer.py:1429
         /local/disk/hramachandran/work/wh_work/windinet/dit                    
         _outputs/lundquist/dit_sds_untrained_30k/checkpoint                    
         s/model_weights_step_08400.safetensors                                 
DEBUG    [rank 0] Removed old checkpoint:                    dit_trainer.py:1429
         /local/disk/hramachandran/work/wh_work/windinet/dit                    
         _outputs/lundquist/dit_sds_untrained_30k/checkpoint                    
         s/scalar_embedding_step_08400.safetensors                              
DEBUG    [rank 0] Removed optimizer state for older kept     dit_trainer.py:1444
         checkpoint:                                                            
         /local/disk/hramachandran/work/wh_work/windinet/dit                    
         _outputs/lundquist/dit_sds_untrained_30k/checkpoint                    
         s/model_weights_step_08520.state.pt                                    
[epoch 72] step=8640 train_loss=0.012214
[train] step=8641 loss=0.011930 lr=8.091e-06
[train] step=8642 loss=0.008712 lr=8.091e-06
[train] step=8643 loss=0.006728 lr=8.090e-06
[train] step=8644 loss=0.015414 lr=8.090e-06
[train] step=8645 loss=0.013296 lr=8.090e-06
[train] step=8646 loss=0.006110 lr=8.089e-06
[train] step=8647 loss=0.006235 lr=8.089e-06
[train] step=8648 loss=0.006256 lr=8.088e-06
[train] step=8649 loss=0.007554 lr=8.088e-06
[train] step=8650 loss=0.019180 lr=8.088e-06
[train] step=8651 loss=0.007075 lr=8.087e-06
[train] step=8652 loss=0.007782 lr=8.087e-06
[train] step=8653 loss=0.006004 lr=8.086e-06
[train] step=8654 loss=0.005521 lr=8.086e-06
[train] step=8655 loss=0.006725 lr=8.085e-06
[train] step=8656 loss=0.013069 lr=8.085e-06
[train] step=8657 loss=0.004841 lr=8.085e-06
[train] step=8658 loss=0.004130 lr=8.084e-06
[train] step=8659 loss=0.010151 lr=8.084e-06
[train] step=8660 loss=0.031714 lr=8.083e-06
[train] step=8661 loss=0.008466 lr=8.083e-06
[train] step=8662 loss=0.005203 lr=8.083e-06
[train] step=8663 loss=0.005071 lr=8.082e-06
[train] step=8664 loss=0.012295 lr=8.082e-06
[train] step=8665 loss=0.005050 lr=8.081e-06
[train] step=8666 loss=0.028481 lr=8.081e-06
[train] step=8667 loss=0.006663 lr=8.081e-06
[train] step=8668 loss=0.023531 lr=8.080e-06
[train] step=8669 loss=0.005256 lr=8.080e-06
[train] step=8670 loss=0.011713 lr=8.079e-06
[train] step=8671 loss=0.004880 lr=8.079e-06
[train] step=8672 loss=0.015971 lr=8.078e-06
[train] step=8673 loss=0.007306 lr=8.078e-06
[train] step=8674 loss=0.005967 lr=8.078e-06
[train] step=8675 loss=0.024404 lr=8.077e-06
[train] step=8676 loss=0.030991 lr=8.077e-06
[train] step=8677 loss=0.009687 lr=8.076e-06
[train] step=8678 loss=0.007619 lr=8.076e-06
[train] step=8679 loss=0.041535 lr=8.076e-06
[train] step=8680 loss=0.013807 lr=8.075e-06
[train] step=8681 loss=0.008473 lr=8.075e-06
[train] step=8682 loss=0.006959 lr=8.074e-06
[train] step=8683 loss=0.043423 lr=8.074e-06
[train] step=8684 loss=0.009570 lr=8.073e-06
[train] step=8685 loss=0.003509 lr=8.073e-06
[train] step=8686 loss=0.003694 lr=8.073e-06
[train] step=8687 loss=0.005767 lr=8.072e-06
[train] step=8688 loss=0.009116 lr=8.072e-06
[train] step=8689 loss=0.006016 lr=8.071e-06
[train] step=8690 loss=0.004078 lr=8.071e-06
[train] step=8691 loss=0.011087 lr=8.071e-06
[train] step=8692 loss=0.004165 lr=8.070e-06
[train] step=8693 loss=0.010714 lr=8.070e-06
[train] step=8694 loss=0.018861 lr=8.069e-06
[train] step=8695 loss=0.008966 lr=8.069e-06
[train] step=8696 loss=0.007836 lr=8.069e-06
[train] step=8697 loss=0.005663 lr=8.068e-06
[train] step=8698 loss=0.006952 lr=8.068e-06
[train] step=8699 loss=0.013992 lr=8.067e-06
[train] step=8700 loss=0.018852 lr=8.067e-06
[train] step=8701 loss=0.004571 lr=8.066e-06
[train] step=8702 loss=0.018143 lr=8.066e-06
[train] step=8703 loss=0.013761 lr=8.066e-06
[train] step=8704 loss=0.008406 lr=8.065e-06
[train] step=8705 loss=0.010716 lr=8.065e-06
[train] step=8706 loss=0.006159 lr=8.064e-06
[train] step=8707 loss=0.002228 lr=8.064e-06
[train] step=8708 loss=0.010817 lr=8.064e-06
[train] step=8709 loss=0.018600 lr=8.063e-06
[train] step=8710 loss=0.011731 lr=8.063e-06
[train] step=8711 loss=0.005492 lr=8.062e-06
[train] step=8712 loss=0.015393 lr=8.062e-06
[train] step=8713 loss=0.006255 lr=8.062e-06
[train] step=8714 loss=0.006887 lr=8.061e-06
[train] step=8715 loss=0.005891 lr=8.061e-06
[train] step=8716 loss=0.010430 lr=8.060e-06
[train] step=8717 loss=0.008640 lr=8.060e-06
[train] step=8718 loss=0.006214 lr=8.059e-06
[train] step=8719 loss=0.014391 lr=8.059e-06
[train] step=8720 loss=0.007390 lr=8.059e-06
[train] step=8721 loss=0.005698 lr=8.058e-06
[train] step=8722 loss=0.015009 lr=8.058e-06
[train] step=8723 loss=0.053937 lr=8.057e-06
[train] step=8724 loss=0.004354 lr=8.057e-06
[train] step=8725 loss=0.005913 lr=8.057e-06
[train] step=8726 loss=0.009700 lr=8.056e-06
[train] step=8727 loss=0.005003 lr=8.056e-06
[train] step=8728 loss=0.010655 lr=8.055e-06
[train] step=8729 loss=0.002986 lr=8.055e-06
[train] step=8730 loss=0.011420 lr=8.054e-06
[train] step=8731 loss=0.016321 lr=8.054e-06
[train] step=8732 loss=0.004947 lr=8.054e-06
[train] step=8733 loss=0.003829 lr=8.053e-06
[train] step=8734 loss=0.017102 lr=8.053e-06
[train] step=8735 loss=0.010980 lr=8.052e-06
[train] step=8736 loss=0.005891 lr=8.052e-06
[train] step=8737 loss=0.007993 lr=8.052e-06
[train] step=8738 loss=0.007957 lr=8.051e-06
[train] step=8739 loss=0.048636 lr=8.051e-06
[train] step=8740 loss=0.008912 lr=8.050e-06
[train] step=8741 loss=0.013694 lr=8.050e-06
[train] step=8742 loss=0.011485 lr=8.049e-06
[train] step=8743 loss=0.014216 lr=8.049e-06
[train] step=8744 loss=0.008241 lr=8.049e-06
[train] step=8745 loss=0.004871 lr=8.048e-06
[train] step=8746 loss=0.009829 lr=8.048e-06
[train] step=8747 loss=0.012429 lr=8.047e-06
[train] step=8748 loss=0.008201 lr=8.047e-06
[train] step=8749 loss=0.006051 lr=8.047e-06
[train] step=8750 loss=0.005744 lr=8.046e-06
[train] step=8751 loss=0.004744 lr=8.046e-06
[train] step=8752 loss=0.015157 lr=8.045e-06
[train] step=8753 loss=0.007310 lr=8.045e-06
[train] step=8754 loss=0.009496 lr=8.045e-06
[train] step=8755 loss=0.004749 lr=8.044e-06
[train] step=8756 loss=0.005390 lr=8.044e-06
[train] step=8757 loss=0.005495 lr=8.043e-06
[train] step=8758 loss=0.013351 lr=8.043e-06
[train] step=8759 loss=0.006542 lr=8.042e-06
[train] step=8760 loss=0.007865 lr=8.042e-06
INFO     [rank 0] Model weights for step 8760 saved in       dit_trainer.py:1288
         checkpoints/model_weights_step_08760.safetensors                       
INFO     [rank 0] Scalar embedding weights for step 8760     dit_trainer.py:1297
         saved                                                                  
INFO     [rank 0] Training state saved:                      dit_trainer.py:1416
         checkpoints/model_weights_step_08760.state.pt                          
DEBUG    [rank 0] Removed old checkpoint:                    dit_trainer.py:1429
         /local/disk/hramachandran/work/wh_work/windinet/dit                    
         _outputs/lundquist/dit_sds_untrained_30k/checkpoint                    
         s/model_weights_step_08520.safetensors                                 
DEBUG    [rank 0] Removed old checkpoint:                    dit_trainer.py:1429
         /local/disk/hramachandran/work/wh_work/windinet/dit                    
         _outputs/lundquist/dit_sds_untrained_30k/checkpoint                    
         s/scalar_embedding_step_08520.safetensors                              
DEBUG    [rank 0] Removed optimizer state for older kept     dit_trainer.py:1444
         checkpoint:                                                            
         /local/disk/hramachandran/work/wh_work/windinet/dit                    
         _outputs/lundquist/dit_sds_untrained_30k/checkpoint                    
         s/model_weights_step_08640.state.pt                                    
[epoch 73] step=8760 train_loss=0.010894
[train] step=8761 loss=0.006017 lr=8.042e-06
[train] step=8762 loss=0.003256 lr=8.041e-06
[train] step=8763 loss=0.019037 lr=8.041e-06
[train] step=8764 loss=0.016001 lr=8.040e-06
[train] step=8765 loss=0.012771 lr=8.040e-06
[train] step=8766 loss=0.005122 lr=8.040e-06
[train] step=8767 loss=0.021530 lr=8.039e-06
[train] step=8768 loss=0.013922 lr=8.039e-06
[train] step=8769 loss=0.005098 lr=8.038e-06
[train] step=8770 loss=0.012525 lr=8.038e-06
[train] step=8771 loss=0.004168 lr=8.037e-06
[train] step=8772 loss=0.018806 lr=8.037e-06
[train] step=8773 loss=0.006874 lr=8.037e-06
[train] step=8774 loss=0.003783 lr=8.036e-06
[train] step=8775 loss=0.006302 lr=8.036e-06
[train] step=8776 loss=0.010639 lr=8.035e-06
[train] step=8777 loss=0.019380 lr=8.035e-06
[train] step=8778 loss=0.009675 lr=8.035e-06
[train] step=8779 loss=0.006424 lr=8.034e-06
[train] step=8780 loss=0.008477 lr=8.034e-06
[train] step=8781 loss=0.010464 lr=8.033e-06
[train] step=8782 loss=0.021495 lr=8.033e-06
[train] step=8783 loss=0.011155 lr=8.032e-06
[train] step=8784 loss=0.010793 lr=8.032e-06
[train] step=8785 loss=0.004408 lr=8.032e-06
[train] step=8786 loss=0.005132 lr=8.031e-06
[train] step=8787 loss=0.010021 lr=8.031e-06
[train] step=8788 loss=0.009152 lr=8.030e-06
[train] step=8789 loss=0.016779 lr=8.030e-06
[train] step=8790 loss=0.010953 lr=8.030e-06
[train] step=8791 loss=0.022108 lr=8.029e-06
[train] step=8792 loss=0.010925 lr=8.029e-06
[train] step=8793 loss=0.015654 lr=8.028e-06
[train] step=8794 loss=0.017330 lr=8.028e-06
[train] step=8795 loss=0.003225 lr=8.027e-06
[train] step=8796 loss=0.003973 lr=8.027e-06
[train] step=8797 loss=0.004486 lr=8.027e-06
[train] step=8798 loss=0.011031 lr=8.026e-06
[train] step=8799 loss=0.008491 lr=8.026e-06
[train] step=8800 loss=0.007661 lr=8.025e-06
[train] step=8801 loss=0.007124 lr=8.025e-06
[train] step=8802 loss=0.005647 lr=8.025e-06
[train] step=8803 loss=0.009375 lr=8.024e-06
[train] step=8804 loss=0.007324 lr=8.024e-06
[train] step=8805 loss=0.011685 lr=8.023e-06
[train] step=8806 loss=0.018002 lr=8.023e-06
[train] step=8807 loss=0.005158 lr=8.022e-06
[train] step=8808 loss=0.005429 lr=8.022e-06
[train] step=8809 loss=0.007272 lr=8.022e-06
[train] step=8810 loss=0.040887 lr=8.021e-06
[train] step=8811 loss=0.013990 lr=8.021e-06
[train] step=8812 loss=0.014768 lr=8.020e-06
[train] step=8813 loss=0.006621 lr=8.020e-06
[train] step=8814 loss=0.011979 lr=8.020e-06
[train] step=8815 loss=0.008738 lr=8.019e-06
[train] step=8816 loss=0.010669 lr=8.019e-06
[train] step=8817 loss=0.020336 lr=8.018e-06
[train] step=8818 loss=0.004476 lr=8.018e-06
[train] step=8819 loss=0.004558 lr=8.017e-06
[train] step=8820 loss=0.008672 lr=8.017e-06
[train] step=8821 loss=0.005057 lr=8.017e-06
[train] step=8822 loss=0.008556 lr=8.016e-06
[train] step=8823 loss=0.010243 lr=8.016e-06
[train] step=8824 loss=0.012555 lr=8.015e-06
[train] step=8825 loss=0.003541 lr=8.015e-06
[train] step=8826 loss=0.007078 lr=8.015e-06
[train] step=8827 loss=0.005558 lr=8.014e-06
[train] step=8828 loss=0.005677 lr=8.014e-06
[train] step=8829 loss=0.005914 lr=8.013e-06
[train] step=8830 loss=0.007147 lr=8.013e-06
[train] step=8831 loss=0.006130 lr=8.012e-06
[train] step=8832 loss=0.028281 lr=8.012e-06
[train] step=8833 loss=0.031554 lr=8.012e-06
[train] step=8834 loss=0.025981 lr=8.011e-06
[train] step=8835 loss=0.026438 lr=8.011e-06
[train] step=8836 loss=0.006513 lr=8.010e-06
[train] step=8837 loss=0.005968 lr=8.010e-06
[train] step=8838 loss=0.006849 lr=8.010e-06
[train] step=8839 loss=0.021772 lr=8.009e-06
[train] step=8840 loss=0.006332 lr=8.009e-06
[train] step=8841 loss=0.005902 lr=8.008e-06
[train] step=8842 loss=0.014985 lr=8.008e-06
[train] step=8843 loss=0.006448 lr=8.007e-06
[train] step=8844 loss=0.013743 lr=8.007e-06
[train] step=8845 loss=0.007160 lr=8.007e-06
[train] step=8846 loss=0.005383 lr=8.006e-06
[train] step=8847 loss=0.003080 lr=8.006e-06
[train] step=8848 loss=0.007938 lr=8.005e-06
[train] step=8849 loss=0.006627 lr=8.005e-06
[train] step=8850 loss=0.004361 lr=8.005e-06
[train] step=8851 loss=0.009861 lr=8.004e-06
[train] step=8852 loss=0.004117 lr=8.004e-06
[train] step=8853 loss=0.008115 lr=8.003e-06
[train] step=8854 loss=0.007123 lr=8.003e-06
[train] step=8855 loss=0.009189 lr=8.002e-06
[train] step=8856 loss=0.007602 lr=8.002e-06
[train] step=8857 loss=0.012765 lr=8.002e-06
[train] step=8858 loss=0.006842 lr=8.001e-06
[train] step=8859 loss=0.008396 lr=8.001e-06
[train] step=8860 loss=0.008830 lr=8.000e-06
[train] step=8861 loss=0.009314 lr=8.000e-06
[train] step=8862 loss=0.012697 lr=7.999e-06
[train] step=8863 loss=0.004975 lr=7.999e-06
[train] step=8864 loss=0.010502 lr=7.999e-06
[train] step=8865 loss=0.018307 lr=7.998e-06
[train] step=8866 loss=0.003731 lr=7.998e-06
[train] step=8867 loss=0.008615 lr=7.997e-06
[train] step=8868 loss=0.005689 lr=7.997e-06
[train] step=8869 loss=0.007697 lr=7.997e-06
[train] step=8870 loss=0.007325 lr=7.996e-06
[train] step=8871 loss=0.005987 lr=7.996e-06
[train] step=8872 loss=0.010780 lr=7.995e-06
[train] step=8873 loss=0.014185 lr=7.995e-06
[train] step=8874 loss=0.004180 lr=7.994e-06
[train] step=8875 loss=0.005365 lr=7.994e-06
[train] step=8876 loss=0.005997 lr=7.994e-06
[train] step=8877 loss=0.008325 lr=7.993e-06
[train] step=8878 loss=0.010311 lr=7.993e-06
[train] step=8879 loss=0.018235 lr=7.992e-06
[train] step=8880 loss=0.006082 lr=7.992e-06
INFO     [rank 0] Model weights for step 8880 saved in       dit_trainer.py:1288
         checkpoints/model_weights_step_08880.safetensors                       
INFO     [rank 0] Scalar embedding weights for step 8880     dit_trainer.py:1297
         saved                                                                  
INFO     [rank 0] Training state saved:                      dit_trainer.py:1416
         checkpoints/model_weights_step_08880.state.pt                          
DEBUG    [rank 0] Removed old checkpoint:                    dit_trainer.py:1429
         /local/disk/hramachandran/work/wh_work/windinet/dit                    
         _outputs/lundquist/dit_sds_untrained_30k/checkpoint                    
         s/model_weights_step_08640.safetensors                                 
DEBUG    [rank 0] Removed old checkpoint:                    dit_trainer.py:1429
         /local/disk/hramachandran/work/wh_work/windinet/dit                    
         _outputs/lundquist/dit_sds_untrained_30k/checkpoint                    
         s/scalar_embedding_step_08640.safetensors                              
DEBUG    [rank 0] Removed optimizer state for older kept     dit_trainer.py:1444
         checkpoint:                                                            
         /local/disk/hramachandran/work/wh_work/windinet/dit                    
         _outputs/lundquist/dit_sds_untrained_30k/checkpoint                    
         s/model_weights_step_08760.state.pt                                    
[epoch 74] step=8880 train_loss=0.010195
[train] step=8881 loss=0.018196 lr=7.992e-06
[train] step=8882 loss=0.010367 lr=7.991e-06
[train] step=8883 loss=0.010321 lr=7.991e-06
[train] step=8884 loss=0.005384 lr=7.990e-06
[train] step=8885 loss=0.008194 lr=7.990e-06
[train] step=8886 loss=0.004754 lr=7.989e-06
[train] step=8887 loss=0.015872 lr=7.989e-06
[train] step=8888 loss=0.008150 lr=7.989e-06
[train] step=8889 loss=0.008854 lr=7.988e-06
[train] step=8890 loss=0.009928 lr=7.988e-06
[train] step=8891 loss=0.005132 lr=7.987e-06
[train] step=8892 loss=0.012351 lr=7.987e-06
[train] step=8893 loss=0.008643 lr=7.987e-06
[train] step=8894 loss=0.009958 lr=7.986e-06
[train] step=8895 loss=0.009182 lr=7.986e-06
[train] step=8896 loss=0.041945 lr=7.985e-06
[train] step=8897 loss=0.002978 lr=7.985e-06
[train] step=8898 loss=0.004421 lr=7.984e-06
[train] step=8899 loss=0.003930 lr=7.984e-06
[train] step=8900 loss=0.012755 lr=7.984e-06
[train] step=8901 loss=0.043194 lr=7.983e-06
[train] step=8902 loss=0.003213 lr=7.983e-06
[train] step=8903 loss=0.007751 lr=7.982e-06
[train] step=8904 loss=0.014806 lr=7.982e-06
[train] step=8905 loss=0.022595 lr=7.981e-06
[train] step=8906 loss=0.011344 lr=7.981e-06
[train] step=8907 loss=0.007626 lr=7.981e-06
[train] step=8908 loss=0.012799 lr=7.980e-06
[train] step=8909 loss=0.007792 lr=7.980e-06
[train] step=8910 loss=0.008448 lr=7.979e-06
[train] step=8911 loss=0.007764 lr=7.979e-06
[train] step=8912 loss=0.006638 lr=7.979e-06
[train] step=8913 loss=0.004021 lr=7.978e-06
[train] step=8914 loss=0.005422 lr=7.978e-06
[train] step=8915 loss=0.006577 lr=7.977e-06
[train] step=8916 loss=0.010499 lr=7.977e-06
[train] step=8917 loss=0.006593 lr=7.976e-06
[train] step=8918 loss=0.005558 lr=7.976e-06
[train] step=8919 loss=0.005384 lr=7.976e-06
[train] step=8920 loss=0.017574 lr=7.975e-06
[train] step=8921 loss=0.021518 lr=7.975e-06
[train] step=8922 loss=0.003086 lr=7.974e-06
[train] step=8923 loss=0.016926 lr=7.974e-06
[train] step=8924 loss=0.020246 lr=7.973e-06
[train] step=8925 loss=0.012270 lr=7.973e-06
[train] step=8926 loss=0.010475 lr=7.973e-06
[train] step=8927 loss=0.007816 lr=7.972e-06
[train] step=8928 loss=0.003391 lr=7.972e-06
[train] step=8929 loss=0.006921 lr=7.971e-06
[train] step=8930 loss=0.005357 lr=7.971e-06
[train] step=8931 loss=0.007951 lr=7.971e-06
[train] step=8932 loss=0.008186 lr=7.970e-06
[train] step=8933 loss=0.003899 lr=7.970e-06
[train] step=8934 loss=0.005274 lr=7.969e-06
[train] step=8935 loss=0.009504 lr=7.969e-06
[train] step=8936 loss=0.017610 lr=7.968e-06
[train] step=8937 loss=0.021689 lr=7.968e-06
[train] step=8938 loss=0.021416 lr=7.968e-06
[train] step=8939 loss=0.011158 lr=7.967e-06
[train] step=8940 loss=0.016385 lr=7.967e-06
[train] step=8941 loss=0.013276 lr=7.966e-06
[train] step=8942 loss=0.006144 lr=7.966e-06
[train] step=8943 loss=0.007946 lr=7.965e-06
[train] step=8944 loss=0.009782 lr=7.965e-06
[train] step=8945 loss=0.007627 lr=7.965e-06
[train] step=8946 loss=0.006254 lr=7.964e-06
[train] step=8947 loss=0.006447 lr=7.964e-06
[train] step=8948 loss=0.010296 lr=7.963e-06
[train] step=8949 loss=0.004445 lr=7.963e-06
[train] step=8950 loss=0.012343 lr=7.963e-06
[train] step=8951 loss=0.012941 lr=7.962e-06
[train] step=8952 loss=0.017581 lr=7.962e-06
[train] step=8953 loss=0.006879 lr=7.961e-06
[train] step=8954 loss=0.004756 lr=7.961e-06
[train] step=8955 loss=0.004607 lr=7.960e-06
[train] step=8956 loss=0.012591 lr=7.960e-06
[train] step=8957 loss=0.012908 lr=7.960e-06
[train] step=8958 loss=0.011055 lr=7.959e-06
[train] step=8959 loss=0.021231 lr=7.959e-06
[train] step=8960 loss=0.007951 lr=7.958e-06
[train] step=8961 loss=0.009289 lr=7.958e-06
[train] step=8962 loss=0.019516 lr=7.957e-06
[train] step=8963 loss=0.011753 lr=7.957e-06
[train] step=8964 loss=0.008401 lr=7.957e-06
[train] step=8965 loss=0.008499 lr=7.956e-06
[train] step=8966 loss=0.015727 lr=7.956e-06
[train] step=8967 loss=0.008309 lr=7.955e-06
[train] step=8968 loss=0.012029 lr=7.955e-06
[train] step=8969 loss=0.010532 lr=7.955e-06
[train] step=8970 loss=0.010952 lr=7.954e-06
[train] step=8971 loss=0.007483 lr=7.954e-06
[train] step=8972 loss=0.006561 lr=7.953e-06
[train] step=8973 loss=0.015856 lr=7.953e-06
[train] step=8974 loss=0.011933 lr=7.952e-06
[train] step=8975 loss=0.005674 lr=7.952e-06
[train] step=8976 loss=0.167599 lr=7.952e-06
[train] step=8977 loss=0.005600 lr=7.951e-06
[train] step=8978 loss=0.026018 lr=7.951e-06
[train] step=8979 loss=0.008710 lr=7.950e-06
[train] step=8980 loss=0.011384 lr=7.950e-06
[train] step=8981 loss=0.008568 lr=7.949e-06
[train] step=8982 loss=0.007531 lr=7.949e-06
[train] step=8983 loss=0.010838 lr=7.949e-06
[train] step=8984 loss=0.007202 lr=7.948e-06
[train] step=8985 loss=0.017514 lr=7.948e-06
[train] step=8986 loss=0.020039 lr=7.947e-06
[train] step=8987 loss=0.007604 lr=7.947e-06
[train] step=8988 loss=0.007120 lr=7.946e-06
[train] step=8989 loss=0.018346 lr=7.946e-06
[train] step=8990 loss=0.021098 lr=7.946e-06
[train] step=8991 loss=0.015924 lr=7.945e-06
[train] step=8992 loss=0.005802 lr=7.945e-06
[train] step=8993 loss=0.005905 lr=7.944e-06
[train] step=8994 loss=0.006020 lr=7.944e-06
[train] step=8995 loss=0.017182 lr=7.944e-06
[train] step=8996 loss=0.012471 lr=7.943e-06
[train] step=8997 loss=0.007747 lr=7.943e-06
[train] step=8998 loss=0.010262 lr=7.942e-06
[train] step=8999 loss=0.011137 lr=7.942e-06
[train] step=9000 loss=0.012502 lr=7.941e-06
[val] step=9000 val_loss=0.012500
INFO     [rank 0] Model weights for step 9000 saved in       dit_trainer.py:1288
         checkpoints/model_weights_step_09000.safetensors                       
INFO     [rank 0] Scalar embedding weights for step 9000     dit_trainer.py:1297
         saved                                                                  
INFO     [rank 0] Training state saved:                      dit_trainer.py:1416
         checkpoints/model_weights_step_09000.state.pt                          
DEBUG    [rank 0] Removed old checkpoint:                    dit_trainer.py:1429
         /local/disk/hramachandran/work/wh_work/windinet/dit                    
         _outputs/lundquist/dit_sds_untrained_30k/checkpoint                    
         s/model_weights_step_08760.safetensors                                 
DEBUG    [rank 0] Removed old checkpoint:                    dit_trainer.py:1429
         /local/disk/hramachandran/work/wh_work/windinet/dit                    
         _outputs/lundquist/dit_sds_untrained_30k/checkpoint                    
         s/scalar_embedding_step_08760.safetensors                              
DEBUG    [rank 0] Removed optimizer state for older kept     dit_trainer.py:1444
         checkpoint:                                                            
         /local/disk/hramachandran/work/wh_work/windinet/dit                    
         _outputs/lundquist/dit_sds_untrained_30k/checkpoint                    
         s/model_weights_step_08880.state.pt                                    
[epoch 75] step=9000 train_loss=0.012177 val_loss=0.012500
[train] step=9001 loss=0.007787 lr=7.941e-06
[train] step=9002 loss=0.004740 lr=7.941e-06
[train] step=9003 loss=0.010056 lr=7.940e-06
[train] step=9004 loss=0.008613 lr=7.940e-06
[train] step=9005 loss=0.028895 lr=7.939e-06
[train] step=9006 loss=0.005578 lr=7.939e-06
[train] step=9007 loss=0.008436 lr=7.938e-06
[train] step=9008 loss=0.005077 lr=7.938e-06
[train] step=9009 loss=0.010659 lr=7.938e-06
[train] step=9010 loss=0.008896 lr=7.937e-06
[train] step=9011 loss=0.006037 lr=7.937e-06
[train] step=9012 loss=0.007724 lr=7.936e-06
[train] step=9013 loss=0.008940 lr=7.936e-06
[train] step=9014 loss=0.005714 lr=7.935e-06
[train] step=9015 loss=0.005698 lr=7.935e-06
[train] step=9016 loss=0.020742 lr=7.935e-06
[train] step=9017 loss=0.009398 lr=7.934e-06
[train] step=9018 loss=0.006012 lr=7.934e-06
[train] step=9019 loss=0.015248 lr=7.933e-06
[train] step=9020 loss=0.014329 lr=7.933e-06
[train] step=9021 loss=0.008753 lr=7.933e-06
[train] step=9022 loss=0.003312 lr=7.932e-06
[train] step=9023 loss=0.006195 lr=7.932e-06
[train] step=9024 loss=0.006377 lr=7.931e-06
[train] step=9025 loss=0.012868 lr=7.931e-06
[train] step=9026 loss=0.004825 lr=7.930e-06
[train] step=9027 loss=0.005673 lr=7.930e-06
[train] step=9028 loss=0.005387 lr=7.930e-06
[train] step=9029 loss=0.013791 lr=7.929e-06
[train] step=9030 loss=0.004739 lr=7.929e-06
[train] step=9031 loss=0.011645 lr=7.928e-06
[train] step=9032 loss=0.014444 lr=7.928e-06
[train] step=9033 loss=0.014156 lr=7.927e-06
[train] step=9034 loss=0.019218 lr=7.927e-06
[train] step=9035 loss=0.006676 lr=7.927e-06
[train] step=9036 loss=0.035106 lr=7.926e-06
[train] step=9037 loss=0.004022 lr=7.926e-06
[train] step=9038 loss=0.005311 lr=7.925e-06
[train] step=9039 loss=0.035015 lr=7.925e-06
[train] step=9040 loss=0.008288 lr=7.924e-06
[train] step=9041 loss=0.008522 lr=7.924e-06
[train] step=9042 loss=0.006407 lr=7.924e-06
[train] step=9043 loss=0.021803 lr=7.923e-06
[train] step=9044 loss=0.006123 lr=7.923e-06
[train] step=9045 loss=0.007740 lr=7.922e-06
[train] step=9046 loss=0.008374 lr=7.922e-06
[train] step=9047 loss=0.013628 lr=7.921e-06
[train] step=9048 loss=0.028067 lr=7.921e-06
[train] step=9049 loss=0.020714 lr=7.921e-06
[train] step=9050 loss=0.008848 lr=7.920e-06
[train] step=9051 loss=0.003466 lr=7.920e-06
[train] step=9052 loss=0.006330 lr=7.919e-06
[train] step=9053 loss=0.005862 lr=7.919e-06
[train] step=9054 loss=0.004776 lr=7.919e-06
[train] step=9055 loss=0.006615 lr=7.918e-06
[train] step=9056 loss=0.013897 lr=7.918e-06
[train] step=9057 loss=0.006770 lr=7.917e-06
[train] step=9058 loss=0.005876 lr=7.917e-06
[train] step=9059 loss=0.012298 lr=7.916e-06
[train] step=9060 loss=0.013414 lr=7.916e-06
[train] step=9061 loss=0.005572 lr=7.916e-06
[train] step=9062 loss=0.003343 lr=7.915e-06
[train] step=9063 loss=0.011390 lr=7.915e-06
[train] step=9064 loss=0.009539 lr=7.914e-06
[train] step=9065 loss=0.008110 lr=7.914e-06
[train] step=9066 loss=0.007630 lr=7.913e-06
[train] step=9067 loss=0.020319 lr=7.913e-06
[train] step=9068 loss=0.005085 lr=7.913e-06
[train] step=9069 loss=0.006573 lr=7.912e-06
[train] step=9070 loss=0.007157 lr=7.912e-06
[train] step=9071 loss=0.006701 lr=7.911e-06
[train] step=9072 loss=0.011033 lr=7.911e-06
[train] step=9073 loss=0.008773 lr=7.910e-06
[train] step=9074 loss=0.017310 lr=7.910e-06
[train] step=9075 loss=0.002653 lr=7.910e-06
[train] step=9076 loss=0.006161 lr=7.909e-06
[train] step=9077 loss=0.010676 lr=7.909e-06
[train] step=9078 loss=0.006367 lr=7.908e-06
[train] step=9079 loss=0.008600 lr=7.908e-06
[train] step=9080 loss=0.006602 lr=7.907e-06
[train] step=9081 loss=0.028287 lr=7.907e-06
[train] step=9082 loss=0.007515 lr=7.907e-06
[train] step=9083 loss=0.004798 lr=7.906e-06
[train] step=9084 loss=0.007484 lr=7.906e-06
[train] step=9085 loss=0.012645 lr=7.905e-06
[train] step=9086 loss=0.010110 lr=7.905e-06
[train] step=9087 loss=0.032597 lr=7.904e-06
[train] step=9088 loss=0.015787 lr=7.904e-06
[train] step=9089 loss=0.014985 lr=7.904e-06
[train] step=9090 loss=0.014869 lr=7.903e-06
[train] step=9091 loss=0.003577 lr=7.903e-06
[train] step=9092 loss=0.029939 lr=7.902e-06
[train] step=9093 loss=0.005423 lr=7.902e-06
[train] step=9094 loss=0.009167 lr=7.901e-06
[train] step=9095 loss=0.007272 lr=7.901e-06
[train] step=9096 loss=0.008015 lr=7.901e-06
[train] step=9097 loss=0.007842 lr=7.900e-06
[train] step=9098 loss=0.006866 lr=7.900e-06
[train] step=9099 loss=0.006237 lr=7.899e-06
[train] step=9100 loss=0.013894 lr=7.899e-06
[train] step=9101 loss=0.012312 lr=7.899e-06
[train] step=9102 loss=0.003723 lr=7.898e-06
[train] step=9103 loss=0.007513 lr=7.898e-06
[train] step=9104 loss=0.006529 lr=7.897e-06
[train] step=9105 loss=0.006104 lr=7.897e-06
[train] step=9106 loss=0.013193 lr=7.896e-06
[train] step=9107 loss=0.008106 lr=7.896e-06
[train] step=9108 loss=0.008986 lr=7.896e-06
[train] step=9109 loss=0.007016 lr=7.895e-06
[train] step=9110 loss=0.019145 lr=7.895e-06
[train] step=9111 loss=0.007346 lr=7.894e-06
[train] step=9112 loss=0.009006 lr=7.894e-06
[train] step=9113 loss=0.007037 lr=7.893e-06
[train] step=9114 loss=0.010527 lr=7.893e-06
[train] step=9115 loss=0.025689 lr=7.893e-06
[train] step=9116 loss=0.056371 lr=7.892e-06
[train] step=9117 loss=0.005682 lr=7.892e-06
[train] step=9118 loss=0.012063 lr=7.891e-06
[train] step=9119 loss=0.005489 lr=7.891e-06
[train] step=9120 loss=0.007014 lr=7.890e-06
INFO     [rank 0] Model weights for step 9120 saved in       dit_trainer.py:1288
         checkpoints/model_weights_step_09120.safetensors                       
INFO     [rank 0] Scalar embedding weights for step 9120     dit_trainer.py:1297
         saved                                                                  
INFO     [rank 0] Training state saved:                      dit_trainer.py:1416
         checkpoints/model_weights_step_09120.state.pt                          
DEBUG    [rank 0] Removed old checkpoint:                    dit_trainer.py:1429
         /local/disk/hramachandran/work/wh_work/windinet/dit                    
         _outputs/lundquist/dit_sds_untrained_30k/checkpoint                    
         s/model_weights_step_08880.safetensors                                 
DEBUG    [rank 0] Removed old checkpoint:                    dit_trainer.py:1429
         /local/disk/hramachandran/work/wh_work/windinet/dit                    
         _outputs/lundquist/dit_sds_untrained_30k/checkpoint                    
         s/scalar_embedding_step_08880.safetensors                              
DEBUG    [rank 0] Removed optimizer state for older kept     dit_trainer.py:1444
         checkpoint:                                                            
         /local/disk/hramachandran/work/wh_work/windinet/dit                    
         _outputs/lundquist/dit_sds_untrained_30k/checkpoint                    
         s/model_weights_step_09000.state.pt                                    
[epoch 76] step=9120 train_loss=0.010793
[train] step=9121 loss=0.012081 lr=7.890e-06
[train] step=9122 loss=0.005454 lr=7.890e-06
[train] step=9123 loss=0.025656 lr=7.889e-06
[train] step=9124 loss=0.004153 lr=7.889e-06
[train] step=9125 loss=0.005294 lr=7.888e-06
[train] step=9126 loss=0.004902 lr=7.888e-06
[train] step=9127 loss=0.014915 lr=7.887e-06
[train] step=9128 loss=0.007369 lr=7.887e-06
[train] step=9129 loss=0.011700 lr=7.887e-06
[train] step=9130 loss=0.006741 lr=7.886e-06
[train] step=9131 loss=0.010196 lr=7.886e-06
[train] step=9132 loss=0.017866 lr=7.885e-06
[train] step=9133 loss=0.028544 lr=7.885e-06
[train] step=9134 loss=0.008251 lr=7.884e-06
[train] step=9135 loss=0.019562 lr=7.884e-06
[train] step=9136 loss=0.004580 lr=7.884e-06
[train] step=9137 loss=0.009502 lr=7.883e-06
[train] step=9138 loss=0.007174 lr=7.883e-06
[train] step=9139 loss=0.006364 lr=7.882e-06
[train] step=9140 loss=0.008977 lr=7.882e-06
[train] step=9141 loss=0.008449 lr=7.881e-06
[train] step=9142 loss=0.005792 lr=7.881e-06
[train] step=9143 loss=0.005412 lr=7.881e-06
[train] step=9144 loss=0.007962 lr=7.880e-06
[train] step=9145 loss=0.003780 lr=7.880e-06
[train] step=9146 loss=0.006655 lr=7.879e-06
[train] step=9147 loss=0.005728 lr=7.879e-06
[train] step=9148 loss=0.007478 lr=7.878e-06
[train] step=9149 loss=0.010722 lr=7.878e-06
[train] step=9150 loss=0.012546 lr=7.878e-06
[train] step=9151 loss=0.005803 lr=7.877e-06
[train] step=9152 loss=0.008111 lr=7.877e-06
[train] step=9153 loss=0.014901 lr=7.876e-06
[train] step=9154 loss=0.004651 lr=7.876e-06
[train] step=9155 loss=0.011140 lr=7.875e-06
[train] step=9156 loss=0.008765 lr=7.875e-06
[train] step=9157 loss=0.021142 lr=7.875e-06
[train] step=9158 loss=0.011866 lr=7.874e-06
[train] step=9159 loss=0.007581 lr=7.874e-06
[train] step=9160 loss=0.005887 lr=7.873e-06
[train] step=9161 loss=0.007835 lr=7.873e-06
[train] step=9162 loss=0.015096 lr=7.872e-06
[train] step=9163 loss=0.009537 lr=7.872e-06
[train] step=9164 loss=0.007259 lr=7.872e-06
[train] step=9165 loss=0.034592 lr=7.871e-06
[train] step=9166 loss=0.010763 lr=7.871e-06
[train] step=9167 loss=0.007292 lr=7.870e-06
[train] step=9168 loss=0.009124 lr=7.870e-06
[train] step=9169 loss=0.011973 lr=7.869e-06
[train] step=9170 loss=0.011164 lr=7.869e-06
[train] step=9171 loss=0.008126 lr=7.869e-06
[train] step=9172 loss=0.005885 lr=7.868e-06
[train] step=9173 loss=0.029010 lr=7.868e-06
[train] step=9174 loss=0.002589 lr=7.867e-06
[train] step=9175 loss=0.004027 lr=7.867e-06
[train] step=9176 loss=0.020290 lr=7.866e-06
[train] step=9177 loss=0.007257 lr=7.866e-06
[train] step=9178 loss=0.018801 lr=7.866e-06
[train] step=9179 loss=0.005447 lr=7.865e-06
[train] step=9180 loss=0.007515 lr=7.865e-06
[train] step=9181 loss=0.006553 lr=7.864e-06
[train] step=9182 loss=0.006475 lr=7.864e-06
[train] step=9183 loss=0.008999 lr=7.863e-06
[train] step=9184 loss=0.004219 lr=7.863e-06
[train] step=9185 loss=0.007055 lr=7.863e-06
[train] step=9186 loss=0.006007 lr=7.862e-06
[train] step=9187 loss=0.011133 lr=7.862e-06
[train] step=9188 loss=0.009197 lr=7.861e-06
[train] step=9189 loss=0.006626 lr=7.861e-06
[train] step=9190 loss=0.023677 lr=7.860e-06
[train] step=9191 loss=0.011858 lr=7.860e-06
[train] step=9192 loss=0.012881 lr=7.860e-06
[train] step=9193 loss=0.004098 lr=7.859e-06
[train] step=9194 loss=0.077955 lr=7.859e-06
[train] step=9195 loss=0.027253 lr=7.858e-06
[train] step=9196 loss=0.003244 lr=7.858e-06
[train] step=9197 loss=0.007307 lr=7.857e-06
[train] step=9198 loss=0.037522 lr=7.857e-06
[train] step=9199 loss=0.011203 lr=7.857e-06
[train] step=9200 loss=0.011730 lr=7.856e-06
[train] step=9201 loss=0.011115 lr=7.856e-06
[train] step=9202 loss=0.010932 lr=7.855e-06
[train] step=9203 loss=0.007278 lr=7.855e-06
[train] step=9204 loss=0.003936 lr=7.854e-06
[train] step=9205 loss=0.007235 lr=7.854e-06
[train] step=9206 loss=0.006069 lr=7.854e-06
[train] step=9207 loss=0.004796 lr=7.853e-06
[train] step=9208 loss=0.016317 lr=7.853e-06
[train] step=9209 loss=0.003985 lr=7.852e-06
[train] step=9210 loss=0.006663 lr=7.852e-06
[train] step=9211 loss=0.009185 lr=7.851e-06
[train] step=9212 loss=0.003130 lr=7.851e-06
[train] step=9213 loss=0.015290 lr=7.851e-06
[train] step=9214 loss=0.004594 lr=7.850e-06
[train] step=9215 loss=0.011713 lr=7.850e-06
[train] step=9216 loss=0.007500 lr=7.849e-06
[train] step=9217 loss=0.005037 lr=7.849e-06
[train] step=9218 loss=0.003145 lr=7.848e-06
[train] step=9219 loss=0.004305 lr=7.848e-06
[train] step=9220 loss=0.008723 lr=7.848e-06
[train] step=9221 loss=0.005155 lr=7.847e-06
[train] step=9222 loss=0.033444 lr=7.847e-06
[train] step=9223 loss=0.003575 lr=7.846e-06
[train] step=9224 loss=0.008331 lr=7.846e-06
[train] step=9225 loss=0.009336 lr=7.845e-06
[train] step=9226 loss=0.007185 lr=7.845e-06
[train] step=9227 loss=0.036903 lr=7.845e-06
[train] step=9228 loss=0.002239 lr=7.844e-06
[train] step=9229 loss=0.011688 lr=7.844e-06
[train] step=9230 loss=0.008840 lr=7.843e-06
[train] step=9231 loss=0.007763 lr=7.843e-06
[train] step=9232 loss=0.005099 lr=7.842e-06
[train] step=9233 loss=0.018696 lr=7.842e-06
[train] step=9234 loss=0.007966 lr=7.842e-06
[train] step=9235 loss=0.006790 lr=7.841e-06
[train] step=9236 loss=0.005023 lr=7.841e-06
[train] step=9237 loss=0.008258 lr=7.840e-06
[train] step=9238 loss=0.007014 lr=7.840e-06
[train] step=9239 loss=0.007224 lr=7.839e-06
[train] step=9240 loss=0.012714 lr=7.839e-06
INFO     [rank 0] Model weights for step 9240 saved in       dit_trainer.py:1288
         checkpoints/model_weights_step_09240.safetensors                       
INFO     [rank 0] Scalar embedding weights for step 9240     dit_trainer.py:1297
         saved                                                                  
INFO     [rank 0] Training state saved:                      dit_trainer.py:1416
         checkpoints/model_weights_step_09240.state.pt                          
DEBUG    [rank 0] Removed old checkpoint:                    dit_trainer.py:1429
         /local/disk/hramachandran/work/wh_work/windinet/dit                    
         _outputs/lundquist/dit_sds_untrained_30k/checkpoint                    
         s/model_weights_step_09000.safetensors                                 
DEBUG    [rank 0] Removed old checkpoint:                    dit_trainer.py:1429
         /local/disk/hramachandran/work/wh_work/windinet/dit                    
         _outputs/lundquist/dit_sds_untrained_30k/checkpoint                    
         s/scalar_embedding_step_09000.safetensors                              
DEBUG    [rank 0] Removed optimizer state for older kept     dit_trainer.py:1444
         checkpoint:                                                            
         /local/disk/hramachandran/work/wh_work/windinet/dit                    
         _outputs/lundquist/dit_sds_untrained_30k/checkpoint                    
         s/model_weights_step_09120.state.pt                                    
[epoch 77] step=9240 train_loss=0.010673
[train] step=9241 loss=0.008718 lr=7.839e-06
[train] step=9242 loss=0.008915 lr=7.838e-06
[train] step=9243 loss=0.007931 lr=7.838e-06
[train] step=9244 loss=0.015974 lr=7.837e-06
[train] step=9245 loss=0.002065 lr=7.837e-06
[train] step=9246 loss=0.008435 lr=7.836e-06
[train] step=9247 loss=0.017143 lr=7.836e-06
[train] step=9248 loss=0.005580 lr=7.835e-06
[train] step=9249 loss=0.011936 lr=7.835e-06
[train] step=9250 loss=0.005079 lr=7.835e-06
[train] step=9251 loss=0.007707 lr=7.834e-06
[train] step=9252 loss=0.016866 lr=7.834e-06
[train] step=9253 loss=0.008862 lr=7.833e-06
[train] step=9254 loss=0.007543 lr=7.833e-06
[train] step=9255 loss=0.016356 lr=7.832e-06
[train] step=9256 loss=0.006863 lr=7.832e-06
[train] step=9257 loss=0.009155 lr=7.832e-06
[train] step=9258 loss=0.008261 lr=7.831e-06
[train] step=9259 loss=0.004648 lr=7.831e-06
[train] step=9260 loss=0.011400 lr=7.830e-06
[train] step=9261 loss=0.007193 lr=7.830e-06
[train] step=9262 loss=0.018021 lr=7.829e-06
[train] step=9263 loss=0.010811 lr=7.829e-06
[train] step=9264 loss=0.018032 lr=7.829e-06
[train] step=9265 loss=0.011914 lr=7.828e-06
[train] step=9266 loss=0.009291 lr=7.828e-06
[train] step=9267 loss=0.019225 lr=7.827e-06
[train] step=9268 loss=0.008744 lr=7.827e-06
[train] step=9269 loss=0.008347 lr=7.826e-06
[train] step=9270 loss=0.006951 lr=7.826e-06
[train] step=9271 loss=0.009610 lr=7.826e-06
[train] step=9272 loss=0.012605 lr=7.825e-06
[train] step=9273 loss=0.007309 lr=7.825e-06
[train] step=9274 loss=0.004627 lr=7.824e-06
[train] step=9275 loss=0.004443 lr=7.824e-06
[train] step=9276 loss=0.006408 lr=7.823e-06
[train] step=9277 loss=0.019661 lr=7.823e-06
[train] step=9278 loss=0.009197 lr=7.823e-06
[train] step=9279 loss=0.007615 lr=7.822e-06
[train] step=9280 loss=0.006305 lr=7.822e-06
[train] step=9281 loss=0.030532 lr=7.821e-06
[train] step=9282 loss=0.011571 lr=7.821e-06
[train] step=9283 loss=0.005842 lr=7.820e-06
[train] step=9284 loss=0.024459 lr=7.820e-06
[train] step=9285 loss=0.003407 lr=7.820e-06
[train] step=9286 loss=0.011160 lr=7.819e-06
[train] step=9287 loss=0.011420 lr=7.819e-06
[train] step=9288 loss=0.032366 lr=7.818e-06
[train] step=9289 loss=0.006252 lr=7.818e-06
[train] step=9290 loss=0.005589 lr=7.817e-06
[train] step=9291 loss=0.003125 lr=7.817e-06
[train] step=9292 loss=0.018991 lr=7.816e-06
[train] step=9293 loss=0.012844 lr=7.816e-06
[train] step=9294 loss=0.014571 lr=7.816e-06
[train] step=9295 loss=0.030026 lr=7.815e-06
[train] step=9296 loss=0.007939 lr=7.815e-06
[train] step=9297 loss=0.004010 lr=7.814e-06
[train] step=9298 loss=0.012490 lr=7.814e-06
[train] step=9299 loss=0.008795 lr=7.813e-06
[train] step=9300 loss=0.008487 lr=7.813e-06
[train] step=9301 loss=0.005823 lr=7.813e-06
[train] step=9302 loss=0.004543 lr=7.812e-06
[train] step=9303 loss=0.009603 lr=7.812e-06
[train] step=9304 loss=0.007725 lr=7.811e-06
[train] step=9305 loss=0.004060 lr=7.811e-06
[train] step=9306 loss=0.012323 lr=7.810e-06
[train] step=9307 loss=0.005420 lr=7.810e-06
[train] step=9308 loss=0.002837 lr=7.810e-06
[train] step=9309 loss=0.002867 lr=7.809e-06
[train] step=9310 loss=0.004055 lr=7.809e-06
[train] step=9311 loss=0.015484 lr=7.808e-06
[train] step=9312 loss=0.009414 lr=7.808e-06
[train] step=9313 loss=0.016808 lr=7.807e-06
[train] step=9314 loss=0.005410 lr=7.807e-06
[train] step=9315 loss=0.011585 lr=7.807e-06
[train] step=9316 loss=0.011444 lr=7.806e-06
[train] step=9317 loss=0.005452 lr=7.806e-06
[train] step=9318 loss=0.008214 lr=7.805e-06
[train] step=9319 loss=0.007034 lr=7.805e-06
[train] step=9320 loss=0.012244 lr=7.804e-06
[train] step=9321 loss=0.008071 lr=7.804e-06
[train] step=9322 loss=0.005942 lr=7.804e-06
[train] step=9323 loss=0.008071 lr=7.803e-06
[train] step=9324 loss=0.005510 lr=7.803e-06
[train] step=9325 loss=0.022517 lr=7.802e-06
[train] step=9326 loss=0.006339 lr=7.802e-06
[train] step=9327 loss=0.005357 lr=7.801e-06
[train] step=9328 loss=0.012841 lr=7.801e-06
[train] step=9329 loss=0.005922 lr=7.800e-06
[train] step=9330 loss=0.004800 lr=7.800e-06
[train] step=9331 loss=0.010047 lr=7.800e-06
[train] step=9332 loss=0.004744 lr=7.799e-06
[train] step=9333 loss=0.038759 lr=7.799e-06
[train] step=9334 loss=0.006196 lr=7.798e-06
[train] step=9335 loss=0.013732 lr=7.798e-06
[train] step=9336 loss=0.018605 lr=7.797e-06
[train] step=9337 loss=0.004712 lr=7.797e-06
[train] step=9338 loss=0.004957 lr=7.797e-06
[train] step=9339 loss=0.006460 lr=7.796e-06
[train] step=9340 loss=0.006926 lr=7.796e-06
[train] step=9341 loss=0.011965 lr=7.795e-06
[train] step=9342 loss=0.008972 lr=7.795e-06
[train] step=9343 loss=0.004644 lr=7.794e-06
[train] step=9344 loss=0.006698 lr=7.794e-06
[train] step=9345 loss=0.004373 lr=7.794e-06
[train] step=9346 loss=0.013425 lr=7.793e-06
[train] step=9347 loss=0.046881 lr=7.793e-06
[train] step=9348 loss=0.008524 lr=7.792e-06
[train] step=9349 loss=0.005026 lr=7.792e-06
[train] step=9350 loss=0.007322 lr=7.791e-06
[train] step=9351 loss=0.017050 lr=7.791e-06
[train] step=9352 loss=0.015346 lr=7.791e-06
[train] step=9353 loss=0.021991 lr=7.790e-06
[train] step=9354 loss=0.011285 lr=7.790e-06
[train] step=9355 loss=0.011426 lr=7.789e-06
[train] step=9356 loss=0.006032 lr=7.789e-06
[train] step=9357 loss=0.003833 lr=7.788e-06
[train] step=9358 loss=0.014713 lr=7.788e-06
[train] step=9359 loss=0.010352 lr=7.787e-06
[train] step=9360 loss=0.007815 lr=7.787e-06
INFO     [rank 0] Model weights for step 9360 saved in       dit_trainer.py:1288
         checkpoints/model_weights_step_09360.safetensors                       
INFO     [rank 0] Scalar embedding weights for step 9360     dit_trainer.py:1297
         saved                                                                  
INFO     [rank 0] Training state saved:                      dit_trainer.py:1416
         checkpoints/model_weights_step_09360.state.pt                          
DEBUG    [rank 0] Removed old checkpoint:                    dit_trainer.py:1429
         /local/disk/hramachandran/work/wh_work/windinet/dit                    
         _outputs/lundquist/dit_sds_untrained_30k/checkpoint                    
         s/model_weights_step_09120.safetensors                                 
DEBUG    [rank 0] Removed old checkpoint:                    dit_trainer.py:1429
         /local/disk/hramachandran/work/wh_work/windinet/dit                    
         _outputs/lundquist/dit_sds_untrained_30k/checkpoint                    
         s/scalar_embedding_step_09120.safetensors                              
DEBUG    [rank 0] Removed optimizer state for older kept     dit_trainer.py:1444
         checkpoint:                                                            
         /local/disk/hramachandran/work/wh_work/windinet/dit                    
         _outputs/lundquist/dit_sds_untrained_30k/checkpoint                    
         s/model_weights_step_09240.state.pt                                    
[epoch 78] step=9360 train_loss=0.010542
[train] step=9361 loss=0.005810 lr=7.787e-06
[train] step=9362 loss=0.007727 lr=7.786e-06
[train] step=9363 loss=0.005743 lr=7.786e-06
[train] step=9364 loss=0.004911 lr=7.785e-06
[train] step=9365 loss=0.003953 lr=7.785e-06
[train] step=9366 loss=0.010000 lr=7.784e-06
[train] step=9367 loss=0.010568 lr=7.784e-06
[train] step=9368 loss=0.010716 lr=7.784e-06
[train] step=9369 loss=0.007644 lr=7.783e-06
[train] step=9370 loss=0.027019 lr=7.783e-06
[train] step=9371 loss=0.006395 lr=7.782e-06
[train] step=9372 loss=0.009116 lr=7.782e-06
[train] step=9373 loss=0.003559 lr=7.781e-06
[train] step=9374 loss=0.005585 lr=7.781e-06
[train] step=9375 loss=0.017428 lr=7.781e-06
[train] step=9376 loss=0.007629 lr=7.780e-06
[train] step=9377 loss=0.006373 lr=7.780e-06
[train] step=9378 loss=0.012707 lr=7.779e-06
[train] step=9379 loss=0.008848 lr=7.779e-06
[train] step=9380 loss=0.005694 lr=7.778e-06
[train] step=9381 loss=0.007101 lr=7.778e-06
[train] step=9382 loss=0.008963 lr=7.777e-06
[train] step=9383 loss=0.020768 lr=7.777e-06
[train] step=9384 loss=0.008964 lr=7.777e-06
[train] step=9385 loss=0.003245 lr=7.776e-06
[train] step=9386 loss=0.010363 lr=7.776e-06
[train] step=9387 loss=0.004554 lr=7.775e-06
[train] step=9388 loss=0.014320 lr=7.775e-06
[train] step=9389 loss=0.008481 lr=7.774e-06
[train] step=9390 loss=0.012652 lr=7.774e-06
[train] step=9391 loss=0.007352 lr=7.774e-06
[train] step=9392 loss=0.005161 lr=7.773e-06
[train] step=9393 loss=0.020873 lr=7.773e-06
[train] step=9394 loss=0.009560 lr=7.772e-06
[train] step=9395 loss=0.004518 lr=7.772e-06
[train] step=9396 loss=0.004640 lr=7.771e-06
[train] step=9397 loss=0.003377 lr=7.771e-06
[train] step=9398 loss=0.025643 lr=7.770e-06
[train] step=9399 loss=0.005891 lr=7.770e-06
[train] step=9400 loss=0.010151 lr=7.770e-06
[train] step=9401 loss=0.006738 lr=7.769e-06
[train] step=9402 loss=0.009647 lr=7.769e-06
[train] step=9403 loss=0.004530 lr=7.768e-06
[train] step=9404 loss=0.050333 lr=7.768e-06
[train] step=9405 loss=0.014681 lr=7.767e-06
[train] step=9406 loss=0.003613 lr=7.767e-06
[train] step=9407 loss=0.016565 lr=7.767e-06
[train] step=9408 loss=0.006234 lr=7.766e-06
[train] step=9409 loss=0.010903 lr=7.766e-06
[train] step=9410 loss=0.007224 lr=7.765e-06
[train] step=9411 loss=0.002443 lr=7.765e-06
[train] step=9412 loss=0.013641 lr=7.764e-06
[train] step=9413 loss=0.010190 lr=7.764e-06
[train] step=9414 loss=0.004492 lr=7.764e-06
[train] step=9415 loss=0.004791 lr=7.763e-06
[train] step=9416 loss=0.004262 lr=7.763e-06
[train] step=9417 loss=0.007190 lr=7.762e-06
[train] step=9418 loss=0.025029 lr=7.762e-06
[train] step=9419 loss=0.003443 lr=7.761e-06
[train] step=9420 loss=0.010168 lr=7.761e-06
[train] step=9421 loss=0.006007 lr=7.760e-06
[train] step=9422 loss=0.002093 lr=7.760e-06
[train] step=9423 loss=0.019953 lr=7.760e-06
[train] step=9424 loss=0.003142 lr=7.759e-06
[train] step=9425 loss=0.004671 lr=7.759e-06
[train] step=9426 loss=0.002107 lr=7.758e-06
[train] step=9427 loss=0.013787 lr=7.758e-06
[train] step=9428 loss=0.009086 lr=7.757e-06
[train] step=9429 loss=0.011481 lr=7.757e-06
[train] step=9430 loss=0.005982 lr=7.757e-06
[train] step=9431 loss=0.013061 lr=7.756e-06
[train] step=9432 loss=0.006060 lr=7.756e-06
[train] step=9433 loss=0.011687 lr=7.755e-06
[train] step=9434 loss=0.008213 lr=7.755e-06
[train] step=9435 loss=0.013263 lr=7.754e-06
[train] step=9436 loss=0.007238 lr=7.754e-06
[train] step=9437 loss=0.004942 lr=7.753e-06
[train] step=9438 loss=0.021155 lr=7.753e-06
[train] step=9439 loss=0.031515 lr=7.753e-06
[train] step=9440 loss=0.018273 lr=7.752e-06
[train] step=9441 loss=0.004683 lr=7.752e-06
[train] step=9442 loss=0.005970 lr=7.751e-06
[train] step=9443 loss=0.006554 lr=7.751e-06
[train] step=9444 loss=0.011822 lr=7.750e-06
[train] step=9445 loss=0.005857 lr=7.750e-06
[train] step=9446 loss=0.003497 lr=7.750e-06
[train] step=9447 loss=0.005966 lr=7.749e-06
[train] step=9448 loss=0.007781 lr=7.749e-06
[train] step=9449 loss=0.004732 lr=7.748e-06
[train] step=9450 loss=0.008219 lr=7.748e-06
[train] step=9451 loss=0.003318 lr=7.747e-06
[train] step=9452 loss=0.011091 lr=7.747e-06
[train] step=9453 loss=0.007215 lr=7.746e-06
[train] step=9454 loss=0.013501 lr=7.746e-06
[train] step=9455 loss=0.011462 lr=7.746e-06
[train] step=9456 loss=0.011980 lr=7.745e-06
[train] step=9457 loss=0.004404 lr=7.745e-06
[train] step=9458 loss=0.008913 lr=7.744e-06
[train] step=9459 loss=0.006001 lr=7.744e-06
[train] step=9460 loss=0.016310 lr=7.743e-06
[train] step=9461 loss=0.009841 lr=7.743e-06
[train] step=9462 loss=0.004659 lr=7.743e-06
[train] step=9463 loss=0.006448 lr=7.742e-06
[train] step=9464 loss=0.019833 lr=7.742e-06
[train] step=9465 loss=0.005155 lr=7.741e-06
[train] step=9466 loss=0.009651 lr=7.741e-06
[train] step=9467 loss=0.016876 lr=7.740e-06
[train] step=9468 loss=0.007733 lr=7.740e-06
[train] step=9469 loss=0.003785 lr=7.739e-06
[train] step=9470 loss=0.010265 lr=7.739e-06
[train] step=9471 loss=0.020073 lr=7.739e-06
[train] step=9472 loss=0.014466 lr=7.738e-06
[train] step=9473 loss=0.014043 lr=7.738e-06
[train] step=9474 loss=0.004770 lr=7.737e-06
[train] step=9475 loss=0.006787 lr=7.737e-06
[train] step=9476 loss=0.007792 lr=7.736e-06
[train] step=9477 loss=0.007081 lr=7.736e-06
[train] step=9478 loss=0.003692 lr=7.736e-06
[train] step=9479 loss=0.015792 lr=7.735e-06
[train] step=9480 loss=0.013697 lr=7.735e-06
INFO     [rank 0] Model weights for step 9480 saved in       dit_trainer.py:1288
         checkpoints/model_weights_step_09480.safetensors                       
INFO     [rank 0] Scalar embedding weights for step 9480     dit_trainer.py:1297
         saved                                                                  
INFO     [rank 0] Training state saved:                      dit_trainer.py:1416
         checkpoints/model_weights_step_09480.state.pt                          
DEBUG    [rank 0] Removed old checkpoint:                    dit_trainer.py:1429
         /local/disk/hramachandran/work/wh_work/windinet/dit                    
         _outputs/lundquist/dit_sds_untrained_30k/checkpoint                    
         s/model_weights_step_09240.safetensors                                 
DEBUG    [rank 0] Removed old checkpoint:                    dit_trainer.py:1429
         /local/disk/hramachandran/work/wh_work/windinet/dit                    
         _outputs/lundquist/dit_sds_untrained_30k/checkpoint                    
         s/scalar_embedding_step_09240.safetensors                              
DEBUG    [rank 0] Removed optimizer state for older kept     dit_trainer.py:1444
         checkpoint:                                                            
         /local/disk/hramachandran/work/wh_work/windinet/dit                    
         _outputs/lundquist/dit_sds_untrained_30k/checkpoint                    
         s/model_weights_step_09360.state.pt                                    
[epoch 79] step=9480 train_loss=0.009664
[train] step=9481 loss=0.074968 lr=7.734e-06
[train] step=9482 loss=0.006590 lr=7.734e-06
[train] step=9483 loss=0.004725 lr=7.733e-06
[train] step=9484 loss=0.005803 lr=7.733e-06
[train] step=9485 loss=0.033578 lr=7.732e-06
[train] step=9486 loss=0.006567 lr=7.732e-06
[train] step=9487 loss=0.009543 lr=7.732e-06
[train] step=9488 loss=0.004178 lr=7.731e-06
[train] step=9489 loss=0.012465 lr=7.731e-06
[train] step=9490 loss=0.016314 lr=7.730e-06
[train] step=9491 loss=0.005111 lr=7.730e-06
[train] step=9492 loss=0.005921 lr=7.729e-06
[train] step=9493 loss=0.007761 lr=7.729e-06
[train] step=9494 loss=0.016046 lr=7.729e-06
[train] step=9495 loss=0.004403 lr=7.728e-06
[train] step=9496 loss=0.027291 lr=7.728e-06
[train] step=9497 loss=0.020675 lr=7.727e-06
[train] step=9498 loss=0.008932 lr=7.727e-06
[train] step=9499 loss=0.006498 lr=7.726e-06
[train] step=9500 loss=0.008099 lr=7.726e-06
[train] step=9501 loss=0.018378 lr=7.725e-06
[train] step=9502 loss=0.010399 lr=7.725e-06
[train] step=9503 loss=0.004660 lr=7.725e-06
[train] step=9504 loss=0.006289 lr=7.724e-06
[train] step=9505 loss=0.009330 lr=7.724e-06
[train] step=9506 loss=0.023947 lr=7.723e-06
[train] step=9507 loss=0.004580 lr=7.723e-06
[train] step=9508 loss=0.006818 lr=7.722e-06
[train] step=9509 loss=0.004913 lr=7.722e-06
[train] step=9510 loss=0.009667 lr=7.722e-06
[train] step=9511 loss=0.017679 lr=7.721e-06
[train] step=9512 loss=0.005028 lr=7.721e-06
[train] step=9513 loss=0.024111 lr=7.720e-06
[train] step=9514 loss=0.014492 lr=7.720e-06
[train] step=9515 loss=0.009646 lr=7.719e-06
[train] step=9516 loss=0.039829 lr=7.719e-06
[train] step=9517 loss=0.004062 lr=7.718e-06
[train] step=9518 loss=0.005676 lr=7.718e-06
[train] step=9519 loss=0.009008 lr=7.718e-06
[train] step=9520 loss=0.005562 lr=7.717e-06
[train] step=9521 loss=0.014391 lr=7.717e-06
[train] step=9522 loss=0.010119 lr=7.716e-06
[train] step=9523 loss=0.006669 lr=7.716e-06
[train] step=9524 loss=0.009995 lr=7.715e-06
[train] step=9525 loss=0.011893 lr=7.715e-06
[train] step=9526 loss=0.008921 lr=7.714e-06
[train] step=9527 loss=0.006957 lr=7.714e-06
[train] step=9528 loss=0.004649 lr=7.714e-06
[train] step=9529 loss=0.004842 lr=7.713e-06
[train] step=9530 loss=0.018171 lr=7.713e-06
[train] step=9531 loss=0.008169 lr=7.712e-06
[train] step=9532 loss=0.005872 lr=7.712e-06
[train] step=9533 loss=0.004659 lr=7.711e-06
[train] step=9534 loss=0.005469 lr=7.711e-06
[train] step=9535 loss=0.029876 lr=7.711e-06
[train] step=9536 loss=0.010624 lr=7.710e-06
[train] step=9537 loss=0.016170 lr=7.710e-06
[train] step=9538 loss=0.003940 lr=7.709e-06
[train] step=9539 loss=0.008214 lr=7.709e-06
[train] step=9540 loss=0.018605 lr=7.708e-06
[train] step=9541 loss=0.008137 lr=7.708e-06
[train] step=9542 loss=0.017163 lr=7.707e-06
[train] step=9543 loss=0.006043 lr=7.707e-06
[train] step=9544 loss=0.013204 lr=7.707e-06
[train] step=9545 loss=0.013750 lr=7.706e-06
[train] step=9546 loss=0.004660 lr=7.706e-06
[train] step=9547 loss=0.006107 lr=7.705e-06
[train] step=9548 loss=0.016150 lr=7.705e-06
[train] step=9549 loss=0.009881 lr=7.704e-06
[train] step=9550 loss=0.009333 lr=7.704e-06
[train] step=9551 loss=0.010237 lr=7.704e-06
[train] step=9552 loss=0.004723 lr=7.703e-06
[train] step=9553 loss=0.004232 lr=7.703e-06
[train] step=9554 loss=0.004212 lr=7.702e-06
[train] step=9555 loss=0.004745 lr=7.702e-06
[train] step=9556 loss=0.007433 lr=7.701e-06
[train] step=9557 loss=0.008593 lr=7.701e-06
[train] step=9558 loss=0.006008 lr=7.700e-06
[train] step=9559 loss=0.014606 lr=7.700e-06
[train] step=9560 loss=0.003856 lr=7.700e-06
[train] step=9561 loss=0.009982 lr=7.699e-06
[train] step=9562 loss=0.009621 lr=7.699e-06
[train] step=9563 loss=0.004684 lr=7.698e-06
[train] step=9564 loss=0.004076 lr=7.698e-06
[train] step=9565 loss=0.020102 lr=7.697e-06
[train] step=9566 loss=0.007183 lr=7.697e-06
[train] step=9567 loss=0.009494 lr=7.696e-06
[train] step=9568 loss=0.017248 lr=7.696e-06
[train] step=9569 loss=0.015242 lr=7.696e-06
[train] step=9570 loss=0.007234 lr=7.695e-06
[train] step=9571 loss=0.013066 lr=7.695e-06
[train] step=9572 loss=0.006212 lr=7.694e-06
[train] step=9573 loss=0.005914 lr=7.694e-06
[train] step=9574 loss=0.005383 lr=7.693e-06
[train] step=9575 loss=0.003858 lr=7.693e-06
[train] step=9576 loss=0.015528 lr=7.692e-06
[train] step=9577 loss=0.004548 lr=7.692e-06
[train] step=9578 loss=0.018401 lr=7.692e-06
[train] step=9579 loss=0.016419 lr=7.691e-06
[train] step=9580 loss=0.011826 lr=7.691e-06
[train] step=9581 loss=0.011100 lr=7.690e-06
[train] step=9582 loss=0.005522 lr=7.690e-06
[train] step=9583 loss=0.012090 lr=7.689e-06
[train] step=9584 loss=0.006972 lr=7.689e-06
[train] step=9585 loss=0.025348 lr=7.689e-06
[train] step=9586 loss=0.007274 lr=7.688e-06
[train] step=9587 loss=0.007803 lr=7.688e-06
[train] step=9588 loss=0.007559 lr=7.687e-06
[train] step=9589 loss=0.004613 lr=7.687e-06
[train] step=9590 loss=0.008923 lr=7.686e-06
[train] step=9591 loss=0.006965 lr=7.686e-06
[train] step=9592 loss=0.006896 lr=7.685e-06
[train] step=9593 loss=0.005204 lr=7.685e-06
[train] step=9594 loss=0.044712 lr=7.685e-06
[train] step=9595 loss=0.005779 lr=7.684e-06
[train] step=9596 loss=0.004724 lr=7.684e-06
[train] step=9597 loss=0.009705 lr=7.683e-06
[train] step=9598 loss=0.005702 lr=7.683e-06
[train] step=9599 loss=0.016179 lr=7.682e-06
[train] step=9600 loss=0.012918 lr=7.682e-06
[val] step=9600 val_loss=0.013200
INFO     [rank 0] Model weights for step 9600 saved in       dit_trainer.py:1288
         checkpoints/model_weights_step_09600.safetensors                       
INFO     [rank 0] Scalar embedding weights for step 9600     dit_trainer.py:1297
         saved                                                                  
INFO     [rank 0] Training state saved:                      dit_trainer.py:1416
         checkpoints/model_weights_step_09600.state.pt                          
DEBUG    [rank 0] Removed old checkpoint:                    dit_trainer.py:1429
         /local/disk/hramachandran/work/wh_work/windinet/dit                    
         _outputs/lundquist/dit_sds_untrained_30k/checkpoint                    
         s/model_weights_step_09360.safetensors                                 
DEBUG    [rank 0] Removed old checkpoint:                    dit_trainer.py:1429
         /local/disk/hramachandran/work/wh_work/windinet/dit                    
         _outputs/lundquist/dit_sds_untrained_30k/checkpoint                    
         s/scalar_embedding_step_09360.safetensors                              
DEBUG    [rank 0] Removed optimizer state for older kept     dit_trainer.py:1444
         checkpoint:                                                            
         /local/disk/hramachandran/work/wh_work/windinet/dit                    
         _outputs/lundquist/dit_sds_untrained_30k/checkpoint                    
         s/model_weights_step_09480.state.pt                                    
[epoch 80] step=9600 train_loss=0.011030 val_loss=0.013200
[train] step=9601 loss=0.017597 lr=7.681e-06
[train] step=9602 loss=0.009870 lr=7.681e-06
[train] step=9603 loss=0.009923 lr=7.681e-06
[train] step=9604 loss=0.007619 lr=7.680e-06
[train] step=9605 loss=0.008970 lr=7.680e-06
[train] step=9606 loss=0.006723 lr=7.679e-06
[train] step=9607 loss=0.007646 lr=7.679e-06
[train] step=9608 loss=0.005105 lr=7.678e-06
[train] step=9609 loss=0.014473 lr=7.678e-06
[train] step=9610 loss=0.008836 lr=7.677e-06
[train] step=9611 loss=0.005123 lr=7.677e-06
[train] step=9612 loss=0.021772 lr=7.677e-06
[train] step=9613 loss=0.005729 lr=7.676e-06
[train] step=9614 loss=0.005806 lr=7.676e-06
[train] step=9615 loss=0.031444 lr=7.675e-06
[train] step=9616 loss=0.017158 lr=7.675e-06
[train] step=9617 loss=0.007319 lr=7.674e-06
[train] step=9618 loss=0.004453 lr=7.674e-06
[train] step=9619 loss=0.006196 lr=7.674e-06
[train] step=9620 loss=0.010757 lr=7.673e-06
[train] step=9621 loss=0.014979 lr=7.673e-06
[train] step=9622 loss=0.004643 lr=7.672e-06
[train] step=9623 loss=0.004706 lr=7.672e-06
[train] step=9624 loss=0.021011 lr=7.671e-06
[train] step=9625 loss=0.003120 lr=7.671e-06
[train] step=9626 loss=0.006111 lr=7.670e-06
[train] step=9627 loss=0.015061 lr=7.670e-06
[train] step=9628 loss=0.004385 lr=7.670e-06
[train] step=9629 loss=0.014107 lr=7.669e-06
[train] step=9630 loss=0.005512 lr=7.669e-06
[train] step=9631 loss=0.006818 lr=7.668e-06
[train] step=9632 loss=0.010046 lr=7.668e-06
[train] step=9633 loss=0.003829 lr=7.667e-06
[train] step=9634 loss=0.017151 lr=7.667e-06
[train] step=9635 loss=0.009897 lr=7.666e-06
[train] step=9636 loss=0.008547 lr=7.666e-06
[train] step=9637 loss=0.027006 lr=7.666e-06
[train] step=9638 loss=0.005608 lr=7.665e-06
[train] step=9639 loss=0.005022 lr=7.665e-06
[train] step=9640 loss=0.006715 lr=7.664e-06
[train] step=9641 loss=0.014847 lr=7.664e-06
[train] step=9642 loss=0.014850 lr=7.663e-06
[train] step=9643 loss=0.007548 lr=7.663e-06
[train] step=9644 loss=0.009878 lr=7.662e-06
[train] step=9645 loss=0.003139 lr=7.662e-06
[train] step=9646 loss=0.014921 lr=7.662e-06
[train] step=9647 loss=0.007167 lr=7.661e-06
[train] step=9648 loss=0.005090 lr=7.661e-06
[train] step=9649 loss=0.008027 lr=7.660e-06
[train] step=9650 loss=0.023887 lr=7.660e-06
[train] step=9651 loss=0.019877 lr=7.659e-06
[train] step=9652 loss=0.046662 lr=7.659e-06
[train] step=9653 loss=0.010323 lr=7.658e-06
[train] step=9654 loss=0.014717 lr=7.658e-06
[train] step=9655 loss=0.005608 lr=7.658e-06
[train] step=9656 loss=0.008398 lr=7.657e-06
[train] step=9657 loss=0.008902 lr=7.657e-06
[train] step=9658 loss=0.044041 lr=7.656e-06
[train] step=9659 loss=0.009692 lr=7.656e-06
[train] step=9660 loss=0.018748 lr=7.655e-06
[train] step=9661 loss=0.007971 lr=7.655e-06
[train] step=9662 loss=0.012388 lr=7.654e-06
[train] step=9663 loss=0.004945 lr=7.654e-06
[train] step=9664 loss=0.006503 lr=7.654e-06
[train] step=9665 loss=0.008870 lr=7.653e-06
[train] step=9666 loss=0.016485 lr=7.653e-06
[train] step=9667 loss=0.010399 lr=7.652e-06
[train] step=9668 loss=0.007052 lr=7.652e-06
[train] step=9669 loss=0.005846 lr=7.651e-06
[train] step=9670 loss=0.007897 lr=7.651e-06
[train] step=9671 loss=0.013824 lr=7.650e-06
[train] step=9672 loss=0.005009 lr=7.650e-06
[train] step=9673 loss=0.004157 lr=7.650e-06
[train] step=9674 loss=0.011212 lr=7.649e-06
[train] step=9675 loss=0.005809 lr=7.649e-06
[train] step=9676 loss=0.003156 lr=7.648e-06
[train] step=9677 loss=0.014119 lr=7.648e-06
[train] step=9678 loss=0.006469 lr=7.647e-06
[train] step=9679 loss=0.011011 lr=7.647e-06
[train] step=9680 loss=0.008633 lr=7.646e-06
[train] step=9681 loss=0.003078 lr=7.646e-06
[train] step=9682 loss=0.010579 lr=7.646e-06
[train] step=9683 loss=0.018721 lr=7.645e-06
[train] step=9684 loss=0.025438 lr=7.645e-06
[train] step=9685 loss=0.014256 lr=7.644e-06
[train] step=9686 loss=0.016370 lr=7.644e-06
[train] step=9687 loss=0.003353 lr=7.643e-06
[train] step=9688 loss=0.008405 lr=7.643e-06
[train] step=9689 loss=0.009118 lr=7.642e-06
[train] step=9690 loss=0.007530 lr=7.642e-06
[train] step=9691 loss=0.009514 lr=7.642e-06
[train] step=9692 loss=0.012679 lr=7.641e-06
[train] step=9693 loss=0.005867 lr=7.641e-06
[train] step=9694 loss=0.014335 lr=7.640e-06
[train] step=9695 loss=0.016698 lr=7.640e-06
[train] step=9696 loss=0.007295 lr=7.639e-06
[train] step=9697 loss=0.008162 lr=7.639e-06
[train] step=9698 loss=0.016054 lr=7.638e-06
[train] step=9699 loss=0.004160 lr=7.638e-06
[train] step=9700 loss=0.004063 lr=7.638e-06
[train] step=9701 loss=0.011857 lr=7.637e-06
[train] step=9702 loss=0.014953 lr=7.637e-06
[train] step=9703 loss=0.005268 lr=7.636e-06
[train] step=9704 loss=0.007319 lr=7.636e-06
[train] step=9705 loss=0.005257 lr=7.635e-06
[train] step=9706 loss=0.014154 lr=7.635e-06
[train] step=9707 loss=0.005717 lr=7.634e-06
[train] step=9708 loss=0.008466 lr=7.634e-06
[train] step=9709 loss=0.009281 lr=7.634e-06
[train] step=9710 loss=0.007598 lr=7.633e-06
[train] step=9711 loss=0.003763 lr=7.633e-06
[train] step=9712 loss=0.010131 lr=7.632e-06
[train] step=9713 loss=0.010778 lr=7.632e-06
[train] step=9714 loss=0.009322 lr=7.631e-06
[train] step=9715 loss=0.007339 lr=7.631e-06
[train] step=9716 loss=0.006334 lr=7.630e-06
[train] step=9717 loss=0.010143 lr=7.630e-06
[train] step=9718 loss=0.009475 lr=7.630e-06
[train] step=9719 loss=0.006422 lr=7.629e-06
[train] step=9720 loss=0.006668 lr=7.629e-06
INFO     [rank 0] Model weights for step 9720 saved in       dit_trainer.py:1288
         checkpoints/model_weights_step_09720.safetensors                       
INFO     [rank 0] Scalar embedding weights for step 9720     dit_trainer.py:1297
         saved                                                                  
INFO     [rank 0] Training state saved:                      dit_trainer.py:1416
         checkpoints/model_weights_step_09720.state.pt                          
DEBUG    [rank 0] Removed old checkpoint:                    dit_trainer.py:1429
         /local/disk/hramachandran/work/wh_work/windinet/dit                    
         _outputs/lundquist/dit_sds_untrained_30k/checkpoint                    
         s/model_weights_step_09480.safetensors                                 
DEBUG    [rank 0] Removed old checkpoint:                    dit_trainer.py:1429
         /local/disk/hramachandran/work/wh_work/windinet/dit                    
         _outputs/lundquist/dit_sds_untrained_30k/checkpoint                    
         s/scalar_embedding_step_09480.safetensors                              
DEBUG    [rank 0] Removed optimizer state for older kept     dit_trainer.py:1444
         checkpoint:                                                            
         /local/disk/hramachandran/work/wh_work/windinet/dit                    
         _outputs/lundquist/dit_sds_untrained_30k/checkpoint                    
         s/model_weights_step_09600.state.pt                                    
[epoch 81] step=9720 train_loss=0.010559
[train] step=9721 loss=0.003599 lr=7.628e-06
[train] step=9722 loss=0.008874 lr=7.628e-06
[train] step=9723 loss=0.011457 lr=7.627e-06
[train] step=9724 loss=0.009157 lr=7.627e-06
[train] step=9725 loss=0.005062 lr=7.626e-06
[train] step=9726 loss=0.005884 lr=7.626e-06
[train] step=9727 loss=0.020593 lr=7.626e-06
[train] step=9728 loss=0.005588 lr=7.625e-06
[train] step=9729 loss=0.007869 lr=7.625e-06
[train] step=9730 loss=0.003952 lr=7.624e-06
[train] step=9731 loss=0.007350 lr=7.624e-06
[train] step=9732 loss=0.015826 lr=7.623e-06
[train] step=9733 loss=0.008156 lr=7.623e-06
[train] step=9734 loss=0.012798 lr=7.622e-06
[train] step=9735 loss=0.018931 lr=7.622e-06
[train] step=9736 loss=0.007907 lr=7.622e-06
[train] step=9737 loss=0.002308 lr=7.621e-06
[train] step=9738 loss=0.006685 lr=7.621e-06
[train] step=9739 loss=0.010087 lr=7.620e-06
[train] step=9740 loss=0.004746 lr=7.620e-06
[train] step=9741 loss=0.005517 lr=7.619e-06
[train] step=9742 loss=0.008797 lr=7.619e-06
[train] step=9743 loss=0.004907 lr=7.618e-06
[train] step=9744 loss=0.019065 lr=7.618e-06
[train] step=9745 loss=0.004978 lr=7.618e-06
[train] step=9746 loss=0.014689 lr=7.617e-06
[train] step=9747 loss=0.006702 lr=7.617e-06
[train] step=9748 loss=0.003860 lr=7.616e-06
[train] step=9749 loss=0.005676 lr=7.616e-06
[train] step=9750 loss=0.006329 lr=7.615e-06
[train] step=9751 loss=0.013761 lr=7.615e-06
[train] step=9752 loss=0.010653 lr=7.614e-06
[train] step=9753 loss=0.012540 lr=7.614e-06
[train] step=9754 loss=0.008119 lr=7.614e-06
[train] step=9755 loss=0.006207 lr=7.613e-06
[train] step=9756 loss=0.004733 lr=7.613e-06
[train] step=9757 loss=0.007179 lr=7.612e-06
[train] step=9758 loss=0.012401 lr=7.612e-06
[train] step=9759 loss=0.006855 lr=7.611e-06
[train] step=9760 loss=0.005600 lr=7.611e-06
[train] step=9761 loss=0.019837 lr=7.610e-06
[train] step=9762 loss=0.008606 lr=7.610e-06
[train] step=9763 loss=0.022122 lr=7.610e-06
[train] step=9764 loss=0.013182 lr=7.609e-06
[train] step=9765 loss=0.003460 lr=7.609e-06
[train] step=9766 loss=0.007800 lr=7.608e-06
[train] step=9767 loss=0.013420 lr=7.608e-06
[train] step=9768 loss=0.006230 lr=7.607e-06
[train] step=9769 loss=0.011732 lr=7.607e-06
[train] step=9770 loss=0.006793 lr=7.606e-06
[train] step=9771 loss=0.014407 lr=7.606e-06
[train] step=9772 loss=0.006067 lr=7.606e-06
[train] step=9773 loss=0.007052 lr=7.605e-06
[train] step=9774 loss=0.008348 lr=7.605e-06
[train] step=9775 loss=0.011097 lr=7.604e-06
[train] step=9776 loss=0.004466 lr=7.604e-06
[train] step=9777 loss=0.006627 lr=7.603e-06
[train] step=9778 loss=0.008496 lr=7.603e-06
[train] step=9779 loss=0.018929 lr=7.602e-06
[train] step=9780 loss=0.003424 lr=7.602e-06
[train] step=9781 loss=0.007891 lr=7.601e-06
[train] step=9782 loss=0.007402 lr=7.601e-06
[train] step=9783 loss=0.059474 lr=7.601e-06
[train] step=9784 loss=0.007328 lr=7.600e-06
[train] step=9785 loss=0.008915 lr=7.600e-06
[train] step=9786 loss=0.008506 lr=7.599e-06
[train] step=9787 loss=0.009902 lr=7.599e-06
[train] step=9788 loss=0.008796 lr=7.598e-06
[train] step=9789 loss=0.024717 lr=7.598e-06
[train] step=9790 loss=0.007788 lr=7.597e-06
[train] step=9791 loss=0.016348 lr=7.597e-06
[train] step=9792 loss=0.014000 lr=7.597e-06
[train] step=9793 loss=0.012368 lr=7.596e-06
[train] step=9794 loss=0.005744 lr=7.596e-06
[train] step=9795 loss=0.004930 lr=7.595e-06
[train] step=9796 loss=0.015319 lr=7.595e-06
[train] step=9797 loss=0.005213 lr=7.594e-06
[train] step=9798 loss=0.005005 lr=7.594e-06
[train] step=9799 loss=0.005056 lr=7.593e-06
[train] step=9800 loss=0.008406 lr=7.593e-06
[train] step=9801 loss=0.012584 lr=7.593e-06
[train] step=9802 loss=0.022756 lr=7.592e-06
[train] step=9803 loss=0.005346 lr=7.592e-06
[train] step=9804 loss=0.011269 lr=7.591e-06
[train] step=9805 loss=0.005022 lr=7.591e-06
[train] step=9806 loss=0.005314 lr=7.590e-06
[train] step=9807 loss=0.006261 lr=7.590e-06
[train] step=9808 loss=0.012781 lr=7.589e-06
[train] step=9809 loss=0.016533 lr=7.589e-06
[train] step=9810 loss=0.005615 lr=7.589e-06
[train] step=9811 loss=0.005806 lr=7.588e-06
[train] step=9812 loss=0.005221 lr=7.588e-06
[train] step=9813 loss=0.016010 lr=7.587e-06
[train] step=9814 loss=0.008537 lr=7.587e-06
[train] step=9815 loss=0.013968 lr=7.586e-06
[train] step=9816 loss=0.003862 lr=7.586e-06
[train] step=9817 loss=0.007598 lr=7.585e-06
[train] step=9818 loss=0.016862 lr=7.585e-06
[train] step=9819 loss=0.002902 lr=7.584e-06
[train] step=9820 loss=0.010639 lr=7.584e-06
[train] step=9821 loss=0.029502 lr=7.584e-06
[train] step=9822 loss=0.006524 lr=7.583e-06
[train] step=9823 loss=0.003167 lr=7.583e-06
[train] step=9824 loss=0.003694 lr=7.582e-06
[train] step=9825 loss=0.021107 lr=7.582e-06
[train] step=9826 loss=0.014292 lr=7.581e-06
[train] step=9827 loss=0.007072 lr=7.581e-06
[train] step=9828 loss=0.004448 lr=7.580e-06
[train] step=9829 loss=0.005070 lr=7.580e-06
[train] step=9830 loss=0.003622 lr=7.580e-06
[train] step=9831 loss=0.007318 lr=7.579e-06
[train] step=9832 loss=0.008763 lr=7.579e-06
[train] step=9833 loss=0.008191 lr=7.578e-06
[train] step=9834 loss=0.047522 lr=7.578e-06
[train] step=9835 loss=0.008287 lr=7.577e-06
[train] step=9836 loss=0.006184 lr=7.577e-06
[train] step=9837 loss=0.007901 lr=7.576e-06
[train] step=9838 loss=0.011474 lr=7.576e-06
[train] step=9839 loss=0.003942 lr=7.576e-06
[train] step=9840 loss=0.003835 lr=7.575e-06
INFO     [rank 0] Model weights for step 9840 saved in       dit_trainer.py:1288
         checkpoints/model_weights_step_09840.safetensors                       
INFO     [rank 0] Scalar embedding weights for step 9840     dit_trainer.py:1297
         saved                                                                  
INFO     [rank 0] Training state saved:                      dit_trainer.py:1416
         checkpoints/model_weights_step_09840.state.pt                          
DEBUG    [rank 0] Removed old checkpoint:                    dit_trainer.py:1429
         /local/disk/hramachandran/work/wh_work/windinet/dit                    
         _outputs/lundquist/dit_sds_untrained_30k/checkpoint                    
         s/model_weights_step_09600.safetensors                                 
DEBUG    [rank 0] Removed old checkpoint:                    dit_trainer.py:1429
         /local/disk/hramachandran/work/wh_work/windinet/dit                    
         _outputs/lundquist/dit_sds_untrained_30k/checkpoint                    
         s/scalar_embedding_step_09600.safetensors                              
DEBUG    [rank 0] Removed optimizer state for older kept     dit_trainer.py:1444
         checkpoint:                                                            
         /local/disk/hramachandran/work/wh_work/windinet/dit                    
         _outputs/lundquist/dit_sds_untrained_30k/checkpoint                    
         s/model_weights_step_09720.state.pt                                    
[epoch 82] step=9840 train_loss=0.010002
[train] step=9841 loss=0.007486 lr=7.575e-06
[train] step=9842 loss=0.006905 lr=7.574e-06
[train] step=9843 loss=0.004745 lr=7.574e-06
[train] step=9844 loss=0.024697 lr=7.573e-06
[train] step=9845 loss=0.005038 lr=7.573e-06
[train] step=9846 loss=0.006928 lr=7.572e-06
[train] step=9847 loss=0.007579 lr=7.572e-06
[train] step=9848 loss=0.008218 lr=7.571e-06
[train] step=9849 loss=0.004607 lr=7.571e-06
[train] step=9850 loss=0.003603 lr=7.571e-06
[train] step=9851 loss=0.005530 lr=7.570e-06
[train] step=9852 loss=0.009436 lr=7.570e-06
[train] step=9853 loss=0.005048 lr=7.569e-06
[train] step=9854 loss=0.004460 lr=7.569e-06
[train] step=9855 loss=0.007358 lr=7.568e-06
[train] step=9856 loss=0.004006 lr=7.568e-06
[train] step=9857 loss=0.008088 lr=7.567e-06
[train] step=9858 loss=0.005071 lr=7.567e-06
[train] step=9859 loss=0.019295 lr=7.567e-06
[train] step=9860 loss=0.013696 lr=7.566e-06
[train] step=9861 loss=0.005959 lr=7.566e-06
[train] step=9862 loss=0.005113 lr=7.565e-06
[train] step=9863 loss=0.004503 lr=7.565e-06
[train] step=9864 loss=0.005673 lr=7.564e-06
[train] step=9865 loss=0.005098 lr=7.564e-06
[train] step=9866 loss=0.006031 lr=7.563e-06
[train] step=9867 loss=0.006379 lr=7.563e-06
[train] step=9868 loss=0.005473 lr=7.563e-06
[train] step=9869 loss=0.006074 lr=7.562e-06
[train] step=9870 loss=0.011289 lr=7.562e-06
[train] step=9871 loss=0.021700 lr=7.561e-06
[train] step=9872 loss=0.007871 lr=7.561e-06
[train] step=9873 loss=0.005019 lr=7.560e-06
[train] step=9874 loss=0.009279 lr=7.560e-06
[train] step=9875 loss=0.006079 lr=7.559e-06
[train] step=9876 loss=0.005548 lr=7.559e-06
[train] step=9877 loss=0.006679 lr=7.558e-06
[train] step=9878 loss=0.005819 lr=7.558e-06
[train] step=9879 loss=0.005151 lr=7.558e-06
[train] step=9880 loss=0.010674 lr=7.557e-06
[train] step=9881 loss=0.011169 lr=7.557e-06
[train] step=9882 loss=0.004549 lr=7.556e-06
[train] step=9883 loss=0.006961 lr=7.556e-06
[train] step=9884 loss=0.006352 lr=7.555e-06
[train] step=9885 loss=0.004092 lr=7.555e-06
[train] step=9886 loss=0.007135 lr=7.554e-06
[train] step=9887 loss=0.009281 lr=7.554e-06
[train] step=9888 loss=0.004193 lr=7.554e-06
[train] step=9889 loss=0.005478 lr=7.553e-06
[train] step=9890 loss=0.005299 lr=7.553e-06
[train] step=9891 loss=0.006347 lr=7.552e-06
[train] step=9892 loss=0.007031 lr=7.552e-06
[train] step=9893 loss=0.008287 lr=7.551e-06
[train] step=9894 loss=0.006476 lr=7.551e-06
[train] step=9895 loss=0.005894 lr=7.550e-06
[train] step=9896 loss=0.006464 lr=7.550e-06
[train] step=9897 loss=0.004440 lr=7.549e-06
[train] step=9898 loss=0.004293 lr=7.549e-06
[train] step=9899 loss=0.005991 lr=7.549e-06
[train] step=9900 loss=0.010397 lr=7.548e-06
[train] step=9901 loss=0.014354 lr=7.548e-06
[train] step=9902 loss=0.018838 lr=7.547e-06
[train] step=9903 loss=0.008638 lr=7.547e-06
[train] step=9904 loss=0.007934 lr=7.546e-06
[train] step=9905 loss=0.009548 lr=7.546e-06
[train] step=9906 loss=0.005451 lr=7.545e-06
[train] step=9907 loss=0.015736 lr=7.545e-06
[train] step=9908 loss=0.012478 lr=7.545e-06
[train] step=9909 loss=0.010991 lr=7.544e-06
[train] step=9910 loss=0.004982 lr=7.544e-06
[train] step=9911 loss=0.009430 lr=7.543e-06
[train] step=9912 loss=0.028583 lr=7.543e-06
[train] step=9913 loss=0.006827 lr=7.542e-06
[train] step=9914 loss=0.013943 lr=7.542e-06
[train] step=9915 loss=0.007580 lr=7.541e-06
[train] step=9916 loss=0.011424 lr=7.541e-06
[train] step=9917 loss=0.006432 lr=7.540e-06
[train] step=9918 loss=0.005888 lr=7.540e-06
[train] step=9919 loss=0.009153 lr=7.540e-06
[train] step=9920 loss=0.010462 lr=7.539e-06
[train] step=9921 loss=0.027242 lr=7.539e-06
[train] step=9922 loss=0.048461 lr=7.538e-06
[train] step=9923 loss=0.021499 lr=7.538e-06
[train] step=9924 loss=0.011970 lr=7.537e-06
[train] step=9925 loss=0.016053 lr=7.537e-06
[train] step=9926 loss=0.011400 lr=7.536e-06
[train] step=9927 loss=0.008465 lr=7.536e-06
[train] step=9928 loss=0.004901 lr=7.535e-06
[train] step=9929 loss=0.006004 lr=7.535e-06
[train] step=9930 loss=0.004129 lr=7.535e-06
[train] step=9931 loss=0.011947 lr=7.534e-06
[train] step=9932 loss=0.011216 lr=7.534e-06
[train] step=9933 loss=0.008510 lr=7.533e-06
[train] step=9934 loss=0.003189 lr=7.533e-06
[train] step=9935 loss=0.007796 lr=7.532e-06
[train] step=9936 loss=0.013046 lr=7.532e-06
[train] step=9937 loss=0.003652 lr=7.531e-06
[train] step=9938 loss=0.022532 lr=7.531e-06
[train] step=9939 loss=0.008739 lr=7.531e-06
[train] step=9940 loss=0.010825 lr=7.530e-06
[train] step=9941 loss=0.010530 lr=7.530e-06
[train] step=9942 loss=0.029579 lr=7.529e-06
[train] step=9943 loss=0.009706 lr=7.529e-06
[train] step=9944 loss=0.003060 lr=7.528e-06
[train] step=9945 loss=0.017026 lr=7.528e-06
[train] step=9946 loss=0.009414 lr=7.527e-06
[train] step=9947 loss=0.004060 lr=7.527e-06
[train] step=9948 loss=0.014477 lr=7.526e-06
[train] step=9949 loss=0.009297 lr=7.526e-06
[train] step=9950 loss=0.008147 lr=7.526e-06
[train] step=9951 loss=0.005077 lr=7.525e-06
[train] step=9952 loss=0.006272 lr=7.525e-06
[train] step=9953 loss=0.008377 lr=7.524e-06
[train] step=9954 loss=0.004204 lr=7.524e-06
[train] step=9955 loss=0.008102 lr=7.523e-06
[train] step=9956 loss=0.007077 lr=7.523e-06
[train] step=9957 loss=0.010322 lr=7.522e-06
[train] step=9958 loss=0.003441 lr=7.522e-06
[train] step=9959 loss=0.002390 lr=7.522e-06
[train] step=9960 loss=0.004458 lr=7.521e-06
INFO     [rank 0] Model weights for step 9960 saved in       dit_trainer.py:1288
         checkpoints/model_weights_step_09960.safetensors                       
INFO     [rank 0] Scalar embedding weights for step 9960     dit_trainer.py:1297
         saved                                                                  
INFO     [rank 0] Training state saved:                      dit_trainer.py:1416
         checkpoints/model_weights_step_09960.state.pt                          
DEBUG    [rank 0] Removed old checkpoint:                    dit_trainer.py:1429
         /local/disk/hramachandran/work/wh_work/windinet/dit                    
         _outputs/lundquist/dit_sds_untrained_30k/checkpoint                    
         s/model_weights_step_09720.safetensors                                 
DEBUG    [rank 0] Removed old checkpoint:                    dit_trainer.py:1429
         /local/disk/hramachandran/work/wh_work/windinet/dit                    
         _outputs/lundquist/dit_sds_untrained_30k/checkpoint                    
         s/scalar_embedding_step_09720.safetensors                              
DEBUG    [rank 0] Removed optimizer state for older kept     dit_trainer.py:1444
         checkpoint:                                                            
         /local/disk/hramachandran/work/wh_work/windinet/dit                    
         _outputs/lundquist/dit_sds_untrained_30k/checkpoint                    
         s/model_weights_step_09840.state.pt                                    
[epoch 83] step=9960 train_loss=0.009100
[train] step=9961 loss=0.007763 lr=7.521e-06
[train] step=9962 loss=0.019536 lr=7.520e-06
[train] step=9963 loss=0.005321 lr=7.520e-06
[train] step=9964 loss=0.039521 lr=7.519e-06
[train] step=9965 loss=0.021141 lr=7.519e-06
[train] step=9966 loss=0.014272 lr=7.518e-06
[train] step=9967 loss=0.006147 lr=7.518e-06
[train] step=9968 loss=0.005313 lr=7.517e-06
[train] step=9969 loss=0.004511 lr=7.517e-06
[train] step=9970 loss=0.008020 lr=7.517e-06
[train] step=9971 loss=0.013997 lr=7.516e-06
[train] step=9972 loss=0.009691 lr=7.516e-06
[train] step=9973 loss=0.004967 lr=7.515e-06
[train] step=9974 loss=0.004532 lr=7.515e-06
[train] step=9975 loss=0.024566 lr=7.514e-06
[train] step=9976 loss=0.016818 lr=7.514e-06
[train] step=9977 loss=0.007060 lr=7.513e-06
[train] step=9978 loss=0.006019 lr=7.513e-06
[train] step=9979 loss=0.010806 lr=7.512e-06
[train] step=9980 loss=0.003534 lr=7.512e-06
[train] step=9981 loss=0.005372 lr=7.512e-06
[train] step=9982 loss=0.009089 lr=7.511e-06
[train] step=9983 loss=0.005518 lr=7.511e-06
[train] step=9984 loss=0.009826 lr=7.510e-06
[train] step=9985 loss=0.022193 lr=7.510e-06
[train] step=9986 loss=0.004043 lr=7.509e-06
[train] step=9987 loss=0.010167 lr=7.509e-06
[train] step=9988 loss=0.005385 lr=7.508e-06
[train] step=9989 loss=0.012236 lr=7.508e-06
[train] step=9990 loss=0.005562 lr=7.507e-06
[train] step=9991 loss=0.020503 lr=7.507e-06
[train] step=9992 loss=0.006397 lr=7.507e-06
[train] step=9993 loss=0.015354 lr=7.506e-06
[train] step=9994 loss=0.005767 lr=7.506e-06
[train] step=9995 loss=0.005634 lr=7.505e-06
[train] step=9996 loss=0.006360 lr=7.505e-06
[train] step=9997 loss=0.005752 lr=7.504e-06
[train] step=9998 loss=0.011882 lr=7.504e-06
[train] step=9999 loss=0.014755 lr=7.503e-06
[train] step=10000 loss=0.009021 lr=7.503e-06
INFO     [rank 0] Saved DiT visualization panels for    dit_visualization.py:418
         step 10000 (3 samples x 4 frames);                                     
         latent_vrmse=0.07331 pixel_vrmse=0.44176 ->                            
         /local/disk/hramachandran/work/wh_work/windine                         
         t/dit_outputs/lundquist/dit_sds_untrained_30k/                         
         dit_vrmse_metrics.csv,                                                 
         /local/disk/hramachandran/work/wh_work/windine                         
         t/dit_outputs/lundquist/dit_sds_untrained_30k/                         
         dit_vrmse_curve.png                                                    
[train] step=10001 loss=0.020119 lr=7.503e-06
[train] step=10002 loss=0.004389 lr=7.502e-06
[train] step=10003 loss=0.013839 lr=7.502e-06
[train] step=10004 loss=0.005967 lr=7.501e-06
[train] step=10005 loss=0.008094 lr=7.501e-06
[train] step=10006 loss=0.005250 lr=7.500e-06
[train] step=10007 loss=0.003872 lr=7.500e-06
[train] step=10008 loss=0.037290 lr=7.499e-06
[train] step=10009 loss=0.008827 lr=7.499e-06
[train] step=10010 loss=0.010623 lr=7.498e-06
[train] step=10011 loss=0.007113 lr=7.498e-06
[train] step=10012 loss=0.006705 lr=7.498e-06
[train] step=10013 loss=0.011431 lr=7.497e-06
[train] step=10014 loss=0.006979 lr=7.497e-06
[train] step=10015 loss=0.005265 lr=7.496e-06
[train] step=10016 loss=0.006795 lr=7.496e-06
[train] step=10017 loss=0.018230 lr=7.495e-06
[train] step=10018 loss=0.019439 lr=7.495e-06
[train] step=10019 loss=0.003881 lr=7.494e-06
[train] step=10020 loss=0.005689 lr=7.494e-06
[train] step=10021 loss=0.006377 lr=7.493e-06
[train] step=10022 loss=0.010318 lr=7.493e-06
[train] step=10023 loss=0.006982 lr=7.493e-06
[train] step=10024 loss=0.010210 lr=7.492e-06
[train] step=10025 loss=0.007857 lr=7.492e-06
[train] step=10026 loss=0.015212 lr=7.491e-06
[train] step=10027 loss=0.032688 lr=7.491e-06
[train] step=10028 loss=0.008991 lr=7.490e-06
[train] step=10029 loss=0.008869 lr=7.490e-06
[train] step=10030 loss=0.009047 lr=7.489e-06
[train] step=10031 loss=0.009957 lr=7.489e-06
[train] step=10032 loss=0.007015 lr=7.488e-06
[train] step=10033 loss=0.007059 lr=7.488e-06
[train] step=10034 loss=0.003964 lr=7.488e-06
[train] step=10035 loss=0.005961 lr=7.487e-06
[train] step=10036 loss=0.005659 lr=7.487e-06
[train] step=10037 loss=0.006796 lr=7.486e-06
[train] step=10038 loss=0.008860 lr=7.486e-06
[train] step=10039 loss=0.008213 lr=7.485e-06
[train] step=10040 loss=0.008568 lr=7.485e-06
[train] step=10041 loss=0.006794 lr=7.484e-06
[train] step=10042 loss=0.005004 lr=7.484e-06
[train] step=10043 loss=0.005512 lr=7.483e-06
[train] step=10044 loss=0.005675 lr=7.483e-06
[train] step=10045 loss=0.016751 lr=7.483e-06
[train] step=10046 loss=0.006438 lr=7.482e-06
[train] step=10047 loss=0.005723 lr=7.482e-06
[train] step=10048 loss=0.007134 lr=7.481e-06
[train] step=10049 loss=0.005197 lr=7.481e-06
[train] step=10050 loss=0.026944 lr=7.480e-06
[train] step=10051 loss=0.004996 lr=7.480e-06
[train] step=10052 loss=0.010319 lr=7.479e-06
[train] step=10053 loss=0.032739 lr=7.479e-06
[train] step=10054 loss=0.007086 lr=7.478e-06
[train] step=10055 loss=0.004386 lr=7.478e-06
[train] step=10056 loss=0.005266 lr=7.478e-06
[train] step=10057 loss=0.008177 lr=7.477e-06
[train] step=10058 loss=0.007031 lr=7.477e-06
[train] step=10059 loss=0.006962 lr=7.476e-06
[train] step=10060 loss=0.006039 lr=7.476e-06
[train] step=10061 loss=0.003178 lr=7.475e-06
[train] step=10062 loss=0.061672 lr=7.475e-06
[train] step=10063 loss=0.008963 lr=7.474e-06
[train] step=10064 loss=0.015624 lr=7.474e-06
[train] step=10065 loss=0.015481 lr=7.473e-06
[train] step=10066 loss=0.016238 lr=7.473e-06
[train] step=10067 loss=0.007615 lr=7.473e-06
[train] step=10068 loss=0.015677 lr=7.472e-06
[train] step=10069 loss=0.007198 lr=7.472e-06
[train] step=10070 loss=0.011053 lr=7.471e-06
[train] step=10071 loss=0.005383 lr=7.471e-06
[train] step=10072 loss=0.011685 lr=7.470e-06
[train] step=10073 loss=0.011127 lr=7.470e-06
[train] step=10074 loss=0.013757 lr=7.469e-06
[train] step=10075 loss=0.013721 lr=7.469e-06
[train] step=10076 loss=0.005668 lr=7.468e-06
[train] step=10077 loss=0.010579 lr=7.468e-06
[train] step=10078 loss=0.004563 lr=7.468e-06
[train] step=10079 loss=0.017526 lr=7.467e-06
[train] step=10080 loss=0.008053 lr=7.467e-06
INFO     [rank 0] Model weights for step 10080 saved in      dit_trainer.py:1288
         checkpoints/model_weights_step_10080.safetensors                       
INFO     [rank 0] Scalar embedding weights for step 10080    dit_trainer.py:1297
         saved                                                                  
INFO     [rank 0] Training state saved:                      dit_trainer.py:1416
         checkpoints/model_weights_step_10080.state.pt                          
DEBUG    [rank 0] Removed old checkpoint:                    dit_trainer.py:1429
         /local/disk/hramachandran/work/wh_work/windinet/dit                    
         _outputs/lundquist/dit_sds_untrained_30k/checkpoint                    
         s/model_weights_step_09840.safetensors                                 
DEBUG    [rank 0] Removed old checkpoint:                    dit_trainer.py:1429
         /local/disk/hramachandran/work/wh_work/windinet/dit                    
         _outputs/lundquist/dit_sds_untrained_30k/checkpoint                    
         s/scalar_embedding_step_09840.safetensors                              
DEBUG    [rank 0] Removed optimizer state for older kept     dit_trainer.py:1444
         checkpoint:                                                            
         /local/disk/hramachandran/work/wh_work/windinet/dit                    
         _outputs/lundquist/dit_sds_untrained_30k/checkpoint                    
         s/model_weights_step_09960.state.pt                                    
[epoch 84] step=10080 train_loss=0.010567
[train] step=10081 loss=0.016499 lr=7.466e-06
[train] step=10082 loss=0.008680 lr=7.466e-06
[train] step=10083 loss=0.006463 lr=7.465e-06
[train] step=10084 loss=0.005834 lr=7.465e-06
[train] step=10085 loss=0.005877 lr=7.464e-06
[train] step=10086 loss=0.013127 lr=7.464e-06
[train] step=10087 loss=0.005430 lr=7.463e-06
[train] step=10088 loss=0.008907 lr=7.463e-06
[train] step=10089 loss=0.004569 lr=7.463e-06
[train] step=10090 loss=0.006665 lr=7.462e-06
[train] step=10091 loss=0.021525 lr=7.462e-06
[train] step=10092 loss=0.018609 lr=7.461e-06
[train] step=10093 loss=0.047586 lr=7.461e-06
[train] step=10094 loss=0.006370 lr=7.460e-06
[train] step=10095 loss=0.005349 lr=7.460e-06
[train] step=10096 loss=0.004319 lr=7.459e-06
[train] step=10097 loss=0.022845 lr=7.459e-06
[train] step=10098 loss=0.014303 lr=7.458e-06
[train] step=10099 loss=0.005051 lr=7.458e-06
[train] step=10100 loss=0.008803 lr=7.458e-06
[train] step=10101 loss=0.007711 lr=7.457e-06
[train] step=10102 loss=0.013022 lr=7.457e-06
[train] step=10103 loss=0.032786 lr=7.456e-06
[train] step=10104 loss=0.012319 lr=7.456e-06
[train] step=10105 loss=0.008286 lr=7.455e-06
[train] step=10106 loss=0.015121 lr=7.455e-06
[train] step=10107 loss=0.011464 lr=7.454e-06
[train] step=10108 loss=0.002699 lr=7.454e-06
[train] step=10109 loss=0.011284 lr=7.453e-06
[train] step=10110 loss=0.007847 lr=7.453e-06
[train] step=10111 loss=0.005519 lr=7.453e-06
[train] step=10112 loss=0.004177 lr=7.452e-06
[train] step=10113 loss=0.019131 lr=7.452e-06
[train] step=10114 loss=0.019728 lr=7.451e-06
[train] step=10115 loss=0.004326 lr=7.451e-06
[train] step=10116 loss=0.005706 lr=7.450e-06
[train] step=10117 loss=0.006403 lr=7.450e-06
[train] step=10118 loss=0.007957 lr=7.449e-06
[train] step=10119 loss=0.003432 lr=7.449e-06
[train] step=10120 loss=0.010701 lr=7.448e-06
[train] step=10121 loss=0.005589 lr=7.448e-06
[train] step=10122 loss=0.011397 lr=7.447e-06
[train] step=10123 loss=0.009315 lr=7.447e-06
[train] step=10124 loss=0.004872 lr=7.447e-06
[train] step=10125 loss=0.015880 lr=7.446e-06
[train] step=10126 loss=0.007791 lr=7.446e-06
[train] step=10127 loss=0.007764 lr=7.445e-06
[train] step=10128 loss=0.018145 lr=7.445e-06
[train] step=10129 loss=0.003855 lr=7.444e-06
[train] step=10130 loss=0.007240 lr=7.444e-06
[train] step=10131 loss=0.007039 lr=7.443e-06
[train] step=10132 loss=0.006931 lr=7.443e-06
[train] step=10133 loss=0.021937 lr=7.442e-06
[train] step=10134 loss=0.005241 lr=7.442e-06
[train] step=10135 loss=0.008695 lr=7.442e-06
[train] step=10136 loss=0.010244 lr=7.441e-06
[train] step=10137 loss=0.009218 lr=7.441e-06
[train] step=10138 loss=0.003868 lr=7.440e-06
[train] step=10139 loss=0.007513 lr=7.440e-06
[train] step=10140 loss=0.005819 lr=7.439e-06
[train] step=10141 loss=0.007147 lr=7.439e-06
[train] step=10142 loss=0.004194 lr=7.438e-06
[train] step=10143 loss=0.003998 lr=7.438e-06
[train] step=10144 loss=0.020003 lr=7.437e-06
[train] step=10145 loss=0.005518 lr=7.437e-06
[train] step=10146 loss=0.005441 lr=7.437e-06
[train] step=10147 loss=0.022850 lr=7.436e-06
[train] step=10148 loss=0.008285 lr=7.436e-06
[train] step=10149 loss=0.007652 lr=7.435e-06
[train] step=10150 loss=0.013935 lr=7.435e-06
[train] step=10151 loss=0.004954 lr=7.434e-06
[train] step=10152 loss=0.004921 lr=7.434e-06
[train] step=10153 loss=0.005913 lr=7.433e-06
[train] step=10154 loss=0.017351 lr=7.433e-06
[train] step=10155 loss=0.005264 lr=7.432e-06
[train] step=10156 loss=0.016600 lr=7.432e-06
[train] step=10157 loss=0.018298 lr=7.432e-06
[train] step=10158 loss=0.006856 lr=7.431e-06
[train] step=10159 loss=0.009431 lr=7.431e-06
[train] step=10160 loss=0.005712 lr=7.430e-06
[train] step=10161 loss=0.005748 lr=7.430e-06
[train] step=10162 loss=0.008000 lr=7.429e-06
[train] step=10163 loss=0.007183 lr=7.429e-06
[train] step=10164 loss=0.009130 lr=7.428e-06
[train] step=10165 loss=0.009563 lr=7.428e-06
[train] step=10166 loss=0.003817 lr=7.427e-06
[train] step=10167 loss=0.006149 lr=7.427e-06
[train] step=10168 loss=0.005237 lr=7.426e-06
[train] step=10169 loss=0.018937 lr=7.426e-06
[train] step=10170 loss=0.011295 lr=7.426e-06
[train] step=10171 loss=0.003312 lr=7.425e-06
[train] step=10172 loss=0.017328 lr=7.425e-06
[train] step=10173 loss=0.007277 lr=7.424e-06
[train] step=10174 loss=0.013590 lr=7.424e-06
[train] step=10175 loss=0.008660 lr=7.423e-06
[train] step=10176 loss=0.005052 lr=7.423e-06
[train] step=10177 loss=0.010570 lr=7.422e-06
[train] step=10178 loss=0.007172 lr=7.422e-06
[train] step=10179 loss=0.016694 lr=7.421e-06
[train] step=10180 loss=0.014427 lr=7.421e-06
[train] step=10181 loss=0.013447 lr=7.421e-06
[train] step=10182 loss=0.010058 lr=7.420e-06
[train] step=10183 loss=0.017290 lr=7.420e-06
[train] step=10184 loss=0.006881 lr=7.419e-06
[train] step=10185 loss=0.017622 lr=7.419e-06
[train] step=10186 loss=0.008014 lr=7.418e-06
[train] step=10187 loss=0.044685 lr=7.418e-06
[train] step=10188 loss=0.004579 lr=7.417e-06
[train] step=10189 loss=0.004060 lr=7.417e-06
[train] step=10190 loss=0.009883 lr=7.416e-06
[train] step=10191 loss=0.007125 lr=7.416e-06
[train] step=10192 loss=0.009900 lr=7.415e-06
[train] step=10193 loss=0.004009 lr=7.415e-06
[train] step=10194 loss=0.007212 lr=7.415e-06
[train] step=10195 loss=0.005569 lr=7.414e-06
[train] step=10196 loss=0.014033 lr=7.414e-06
[train] step=10197 loss=0.005191 lr=7.413e-06
[train] step=10198 loss=0.007829 lr=7.413e-06
[train] step=10199 loss=0.006655 lr=7.412e-06
[train] step=10200 loss=0.008711 lr=7.412e-06
[val] step=10200 val_loss=0.012437
INFO     [rank 0] Model weights for step 10200 saved in      dit_trainer.py:1288
         checkpoints/model_weights_step_10200.safetensors                       
INFO     [rank 0] Scalar embedding weights for step 10200    dit_trainer.py:1297
         saved                                                                  
INFO     [rank 0] Training state saved:                      dit_trainer.py:1416
         checkpoints/model_weights_step_10200.state.pt                          
INFO     [rank 0] New best checkpoint (step 10200,           dit_trainer.py:1320
         val_loss=0.012437):                                                    
         checkpoints/model_weights_best.safetensors                             
DEBUG    [rank 0] Removed old checkpoint:                    dit_trainer.py:1429
         /local/disk/hramachandran/work/wh_work/windinet/dit                    
         _outputs/lundquist/dit_sds_untrained_30k/checkpoint                    
         s/model_weights_step_09960.safetensors                                 
DEBUG    [rank 0] Removed old checkpoint:                    dit_trainer.py:1429
         /local/disk/hramachandran/work/wh_work/windinet/dit                    
         _outputs/lundquist/dit_sds_untrained_30k/checkpoint                    
         s/scalar_embedding_step_09960.safetensors                              
DEBUG    [rank 0] Removed optimizer state for older kept     dit_trainer.py:1444
         checkpoint:                                                            
         /local/disk/hramachandran/work/wh_work/windinet/dit                    
         _outputs/lundquist/dit_sds_untrained_30k/checkpoint                    
         s/model_weights_step_10080.state.pt                                    
[epoch 85] step=10200 train_loss=0.010170 val_loss=0.012437
[train] step=10201 loss=0.015979 lr=7.411e-06
[train] step=10202 loss=0.006816 lr=7.411e-06
[train] step=10203 loss=0.005791 lr=7.410e-06
[train] step=10204 loss=0.014639 lr=7.410e-06
[train] step=10205 loss=0.005985 lr=7.410e-06
[train] step=10206 loss=0.007967 lr=7.409e-06
[train] step=10207 loss=0.009817 lr=7.409e-06
[train] step=10208 loss=0.008758 lr=7.408e-06
[train] step=10209 loss=0.011964 lr=7.408e-06
[train] step=10210 loss=0.002854 lr=7.407e-06
[train] step=10211 loss=0.024965 lr=7.407e-06
[train] step=10212 loss=0.004688 lr=7.406e-06
[train] step=10213 loss=0.005781 lr=7.406e-06
[train] step=10214 loss=0.013324 lr=7.405e-06
[train] step=10215 loss=0.005388 lr=7.405e-06
[train] step=10216 loss=0.008884 lr=7.404e-06
[train] step=10217 loss=0.005921 lr=7.404e-06
[train] step=10218 loss=0.008795 lr=7.404e-06
[train] step=10219 loss=0.010697 lr=7.403e-06
[train] step=10220 loss=0.005244 lr=7.403e-06
[train] step=10221 loss=0.006041 lr=7.402e-06
[train] step=10222 loss=0.010002 lr=7.402e-06
[train] step=10223 loss=0.005753 lr=7.401e-06
[train] step=10224 loss=0.010380 lr=7.401e-06
[train] step=10225 loss=0.041885 lr=7.400e-06
[train] step=10226 loss=0.006916 lr=7.400e-06
[train] step=10227 loss=0.021454 lr=7.399e-06
[train] step=10228 loss=0.006263 lr=7.399e-06
[train] step=10229 loss=0.011236 lr=7.399e-06
[train] step=10230 loss=0.004329 lr=7.398e-06
[train] step=10231 loss=0.007624 lr=7.398e-06
[train] step=10232 loss=0.015439 lr=7.397e-06
[train] step=10233 loss=0.007552 lr=7.397e-06
[train] step=10234 loss=0.006712 lr=7.396e-06
[train] step=10235 loss=0.009448 lr=7.396e-06
[train] step=10236 loss=0.014063 lr=7.395e-06
[train] step=10237 loss=0.006190 lr=7.395e-06
[train] step=10238 loss=0.007484 lr=7.394e-06
[train] step=10239 loss=0.022868 lr=7.394e-06
[train] step=10240 loss=0.004278 lr=7.393e-06
[train] step=10241 loss=0.005133 lr=7.393e-06
[train] step=10242 loss=0.008465 lr=7.393e-06
[train] step=10243 loss=0.010183 lr=7.392e-06
[train] step=10244 loss=0.005296 lr=7.392e-06
[train] step=10245 loss=0.038079 lr=7.391e-06
[train] step=10246 loss=0.006531 lr=7.391e-06
[train] step=10247 loss=0.007023 lr=7.390e-06
[train] step=10248 loss=0.012822 lr=7.390e-06
[train] step=10249 loss=0.004902 lr=7.389e-06
[train] step=10250 loss=0.008897 lr=7.389e-06
[train] step=10251 loss=0.004959 lr=7.388e-06
[train] step=10252 loss=0.008966 lr=7.388e-06
[train] step=10253 loss=0.005174 lr=7.387e-06
[train] step=10254 loss=0.028117 lr=7.387e-06
[train] step=10255 loss=0.006655 lr=7.387e-06
[train] step=10256 loss=0.010697 lr=7.386e-06
[train] step=10257 loss=0.022143 lr=7.386e-06
[train] step=10258 loss=0.005834 lr=7.385e-06
[train] step=10259 loss=0.002516 lr=7.385e-06
[train] step=10260 loss=0.010128 lr=7.384e-06
[train] step=10261 loss=0.004562 lr=7.384e-06
[train] step=10262 loss=0.009283 lr=7.383e-06
[train] step=10263 loss=0.008226 lr=7.383e-06
[train] step=10264 loss=0.002418 lr=7.382e-06
[train] step=10265 loss=0.004662 lr=7.382e-06
[train] step=10266 loss=0.003245 lr=7.382e-06
[train] step=10267 loss=0.015372 lr=7.381e-06
[train] step=10268 loss=0.028968 lr=7.381e-06
[train] step=10269 loss=0.011562 lr=7.380e-06
[train] step=10270 loss=0.002790 lr=7.380e-06
[train] step=10271 loss=0.008895 lr=7.379e-06
[train] step=10272 loss=0.005663 lr=7.379e-06
[train] step=10273 loss=0.004803 lr=7.378e-06
[train] step=10274 loss=0.010403 lr=7.378e-06
[train] step=10275 loss=0.014683 lr=7.377e-06
[train] step=10276 loss=0.005520 lr=7.377e-06
[train] step=10277 loss=0.007070 lr=7.376e-06
[train] step=10278 loss=0.003271 lr=7.376e-06
[train] step=10279 loss=0.005468 lr=7.376e-06
[train] step=10280 loss=0.019706 lr=7.375e-06
[train] step=10281 loss=0.018260 lr=7.375e-06
[train] step=10282 loss=0.012513 lr=7.374e-06
[train] step=10283 loss=0.005250 lr=7.374e-06
[train] step=10284 loss=0.004620 lr=7.373e-06
[train] step=10285 loss=0.010031 lr=7.373e-06
[train] step=10286 loss=0.006641 lr=7.372e-06
[train] step=10287 loss=0.013433 lr=7.372e-06
[train] step=10288 loss=0.005836 lr=7.371e-06
[train] step=10289 loss=0.006101 lr=7.371e-06
[train] step=10290 loss=0.008838 lr=7.370e-06
[train] step=10291 loss=0.005721 lr=7.370e-06
[train] step=10292 loss=0.014192 lr=7.370e-06
[train] step=10293 loss=0.020088 lr=7.369e-06
[train] step=10294 loss=0.012001 lr=7.369e-06
[train] step=10295 loss=0.007597 lr=7.368e-06
[train] step=10296 loss=0.021177 lr=7.368e-06
[train] step=10297 loss=0.013066 lr=7.367e-06
[train] step=10298 loss=0.006025 lr=7.367e-06
[train] step=10299 loss=0.036018 lr=7.366e-06
[train] step=10300 loss=0.011219 lr=7.366e-06
[train] step=10301 loss=0.010002 lr=7.365e-06
[train] step=10302 loss=0.011737 lr=7.365e-06
[train] step=10303 loss=0.008136 lr=7.364e-06
[train] step=10304 loss=0.006433 lr=7.364e-06
[train] step=10305 loss=0.011176 lr=7.364e-06
[train] step=10306 loss=0.005472 lr=7.363e-06
[train] step=10307 loss=0.008204 lr=7.363e-06
[train] step=10308 loss=0.006036 lr=7.362e-06
[train] step=10309 loss=0.004663 lr=7.362e-06
[train] step=10310 loss=0.008624 lr=7.361e-06
[train] step=10311 loss=0.018207 lr=7.361e-06
[train] step=10312 loss=0.008370 lr=7.360e-06
[train] step=10313 loss=0.012037 lr=7.360e-06
[train] step=10314 loss=0.016887 lr=7.359e-06
[train] step=10315 loss=0.002802 lr=7.359e-06
[train] step=10316 loss=0.006894 lr=7.358e-06
[train] step=10317 loss=0.012409 lr=7.358e-06
[train] step=10318 loss=0.004876 lr=7.358e-06
[train] step=10319 loss=0.006497 lr=7.357e-06
[train] step=10320 loss=0.018824 lr=7.357e-06
INFO     [rank 0] Model weights for step 10320 saved in      dit_trainer.py:1288
         checkpoints/model_weights_step_10320.safetensors                       
INFO     [rank 0] Scalar embedding weights for step 10320    dit_trainer.py:1297
         saved                                                                  
INFO     [rank 0] Training state saved:                      dit_trainer.py:1416
         checkpoints/model_weights_step_10320.state.pt                          
DEBUG    [rank 0] Removed old checkpoint:                    dit_trainer.py:1429
         /local/disk/hramachandran/work/wh_work/windinet/dit                    
         _outputs/lundquist/dit_sds_untrained_30k/checkpoint                    
         s/model_weights_step_10080.safetensors                                 
DEBUG    [rank 0] Removed old checkpoint:                    dit_trainer.py:1429
         /local/disk/hramachandran/work/wh_work/windinet/dit                    
         _outputs/lundquist/dit_sds_untrained_30k/checkpoint                    
         s/scalar_embedding_step_10080.safetensors                              
DEBUG    [rank 0] Removed optimizer state for older kept     dit_trainer.py:1444
         checkpoint:                                                            
         /local/disk/hramachandran/work/wh_work/windinet/dit                    
         _outputs/lundquist/dit_sds_untrained_30k/checkpoint                    
         s/model_weights_step_10200.state.pt                                    
[epoch 86] step=10320 train_loss=0.010134
[train] step=10321 loss=0.006222 lr=7.356e-06
[train] step=10322 loss=0.005175 lr=7.356e-06
[train] step=10323 loss=0.010087 lr=7.355e-06
[train] step=10324 loss=0.006635 lr=7.355e-06
[train] step=10325 loss=0.017465 lr=7.354e-06
[train] step=10326 loss=0.006489 lr=7.354e-06
[train] step=10327 loss=0.002832 lr=7.353e-06
[train] step=10328 loss=0.004664 lr=7.353e-06
[train] step=10329 loss=0.014516 lr=7.352e-06
[train] step=10330 loss=0.046734 lr=7.352e-06
[train] step=10331 loss=0.013276 lr=7.352e-06
[train] step=10332 loss=0.004351 lr=7.351e-06
[train] step=10333 loss=0.011818 lr=7.351e-06
[train] step=10334 loss=0.008029 lr=7.350e-06
[train] step=10335 loss=0.006807 lr=7.350e-06
[train] step=10336 loss=0.007665 lr=7.349e-06
[train] step=10337 loss=0.007135 lr=7.349e-06
[train] step=10338 loss=0.005408 lr=7.348e-06
[train] step=10339 loss=0.007196 lr=7.348e-06
[train] step=10340 loss=0.004878 lr=7.347e-06
[train] step=10341 loss=0.009065 lr=7.347e-06
[train] step=10342 loss=0.006171 lr=7.346e-06
[train] step=10343 loss=0.012054 lr=7.346e-06
[train] step=10344 loss=0.003429 lr=7.346e-06
[train] step=10345 loss=0.005984 lr=7.345e-06
[train] step=10346 loss=0.006237 lr=7.345e-06
[train] step=10347 loss=0.010214 lr=7.344e-06
[train] step=10348 loss=0.010099 lr=7.344e-06
[train] step=10349 loss=0.008517 lr=7.343e-06
[train] step=10350 loss=0.008655 lr=7.343e-06
[train] step=10351 loss=0.006041 lr=7.342e-06
[train] step=10352 loss=0.007146 lr=7.342e-06
[train] step=10353 loss=0.009765 lr=7.341e-06
[train] step=10354 loss=0.013282 lr=7.341e-06
[train] step=10355 loss=0.004961 lr=7.340e-06
[train] step=10356 loss=0.020067 lr=7.340e-06
[train] step=10357 loss=0.007336 lr=7.340e-06
[train] step=10358 loss=0.005373 lr=7.339e-06
[train] step=10359 loss=0.005597 lr=7.339e-06
[train] step=10360 loss=0.007216 lr=7.338e-06
[train] step=10361 loss=0.009806 lr=7.338e-06
[train] step=10362 loss=0.011535 lr=7.337e-06
[train] step=10363 loss=0.005273 lr=7.337e-06
[train] step=10364 loss=0.007118 lr=7.336e-06
[train] step=10365 loss=0.005729 lr=7.336e-06
[train] step=10366 loss=0.009647 lr=7.335e-06
[train] step=10367 loss=0.015434 lr=7.335e-06
[train] step=10368 loss=0.005396 lr=7.334e-06
[train] step=10369 loss=0.005844 lr=7.334e-06
[train] step=10370 loss=0.004237 lr=7.334e-06
[train] step=10371 loss=0.008421 lr=7.333e-06
[train] step=10372 loss=0.004883 lr=7.333e-06
[train] step=10373 loss=0.031916 lr=7.332e-06
[train] step=10374 loss=0.013462 lr=7.332e-06
[train] step=10375 loss=0.006127 lr=7.331e-06
[train] step=10376 loss=0.008237 lr=7.331e-06
[train] step=10377 loss=0.008762 lr=7.330e-06
[train] step=10378 loss=0.014403 lr=7.330e-06
[train] step=10379 loss=0.004378 lr=7.329e-06
[train] step=10380 loss=0.005082 lr=7.329e-06
[train] step=10381 loss=0.003461 lr=7.328e-06
[train] step=10382 loss=0.005044 lr=7.328e-06
[train] step=10383 loss=0.005913 lr=7.328e-06
[train] step=10384 loss=0.005769 lr=7.327e-06
[train] step=10385 loss=0.006623 lr=7.327e-06
[train] step=10386 loss=0.009632 lr=7.326e-06
[train] step=10387 loss=0.003942 lr=7.326e-06
[train] step=10388 loss=0.009849 lr=7.325e-06
[train] step=10389 loss=0.007246 lr=7.325e-06
[train] step=10390 loss=0.014375 lr=7.324e-06
[train] step=10391 loss=0.005130 lr=7.324e-06
[train] step=10392 loss=0.006906 lr=7.323e-06
[train] step=10393 loss=0.019060 lr=7.323e-06
[train] step=10394 loss=0.009286 lr=7.322e-06
[train] step=10395 loss=0.003309 lr=7.322e-06
[train] step=10396 loss=0.009689 lr=7.321e-06
[train] step=10397 loss=0.018116 lr=7.321e-06
[train] step=10398 loss=0.035541 lr=7.321e-06
[train] step=10399 loss=0.008074 lr=7.320e-06
[train] step=10400 loss=0.010496 lr=7.320e-06
[train] step=10401 loss=0.010528 lr=7.319e-06
[train] step=10402 loss=0.009225 lr=7.319e-06
[train] step=10403 loss=0.026791 lr=7.318e-06
[train] step=10404 loss=0.007870 lr=7.318e-06
[train] step=10405 loss=0.004264 lr=7.317e-06
[train] step=10406 loss=0.005149 lr=7.317e-06
[train] step=10407 loss=0.039055 lr=7.316e-06
[train] step=10408 loss=0.007176 lr=7.316e-06
[train] step=10409 loss=0.009716 lr=7.315e-06
[train] step=10410 loss=0.032157 lr=7.315e-06
[train] step=10411 loss=0.006101 lr=7.315e-06
[train] step=10412 loss=0.007251 lr=7.314e-06
[train] step=10413 loss=0.009027 lr=7.314e-06
[train] step=10414 loss=0.014016 lr=7.313e-06
[train] step=10415 loss=0.015293 lr=7.313e-06
[train] step=10416 loss=0.007804 lr=7.312e-06
[train] step=10417 loss=0.008974 lr=7.312e-06
[train] step=10418 loss=0.006453 lr=7.311e-06
[train] step=10419 loss=0.009524 lr=7.311e-06
[train] step=10420 loss=0.009110 lr=7.310e-06
[train] step=10421 loss=0.009966 lr=7.310e-06
[train] step=10422 loss=0.007274 lr=7.309e-06
[train] step=10423 loss=0.005679 lr=7.309e-06
[train] step=10424 loss=0.004238 lr=7.308e-06
[train] step=10425 loss=0.007247 lr=7.308e-06
[train] step=10426 loss=0.008047 lr=7.308e-06
[train] step=10427 loss=0.018238 lr=7.307e-06
[train] step=10428 loss=0.016435 lr=7.307e-06
[train] step=10429 loss=0.011500 lr=7.306e-06
[train] step=10430 loss=0.004563 lr=7.306e-06
[train] step=10431 loss=0.003481 lr=7.305e-06
[train] step=10432 loss=0.015668 lr=7.305e-06
[train] step=10433 loss=0.007585 lr=7.304e-06
[train] step=10434 loss=0.006612 lr=7.304e-06
[train] step=10435 loss=0.007209 lr=7.303e-06
[train] step=10436 loss=0.043766 lr=7.303e-06
[train] step=10437 loss=0.008286 lr=7.302e-06
[train] step=10438 loss=0.003861 lr=7.302e-06
[train] step=10439 loss=0.010737 lr=7.302e-06
[train] step=10440 loss=0.007000 lr=7.301e-06
INFO     [rank 0] Model weights for step 10440 saved in      dit_trainer.py:1288
         checkpoints/model_weights_step_10440.safetensors                       
INFO     [rank 0] Scalar embedding weights for step 10440    dit_trainer.py:1297
         saved                                                                  
INFO     [rank 0] Training state saved:                      dit_trainer.py:1416
         checkpoints/model_weights_step_10440.state.pt                          
DEBUG    [rank 0] Removed old checkpoint:                    dit_trainer.py:1429
         /local/disk/hramachandran/work/wh_work/windinet/dit                    
         _outputs/lundquist/dit_sds_untrained_30k/checkpoint                    
         s/model_weights_step_10200.safetensors                                 
DEBUG    [rank 0] Removed old checkpoint:                    dit_trainer.py:1429
         /local/disk/hramachandran/work/wh_work/windinet/dit                    
         _outputs/lundquist/dit_sds_untrained_30k/checkpoint                    
         s/scalar_embedding_step_10200.safetensors                              
DEBUG    [rank 0] Removed optimizer state for older kept     dit_trainer.py:1444
         checkpoint:                                                            
         /local/disk/hramachandran/work/wh_work/windinet/dit                    
         _outputs/lundquist/dit_sds_untrained_30k/checkpoint                    
         s/model_weights_step_10320.state.pt                                    
[epoch 87] step=10440 train_loss=0.010104
[train] step=10441 loss=0.007107 lr=7.301e-06
[train] step=10442 loss=0.007267 lr=7.300e-06
[train] step=10443 loss=0.003599 lr=7.300e-06
[train] step=10444 loss=0.009270 lr=7.299e-06
[train] step=10445 loss=0.043387 lr=7.299e-06
[train] step=10446 loss=0.031670 lr=7.298e-06
[train] step=10447 loss=0.040317 lr=7.298e-06
[train] step=10448 loss=0.008423 lr=7.297e-06
[train] step=10449 loss=0.008713 lr=7.297e-06
[train] step=10450 loss=0.003815 lr=7.296e-06
[train] step=10451 loss=0.004703 lr=7.296e-06
[train] step=10452 loss=0.006594 lr=7.295e-06
[train] step=10453 loss=0.007651 lr=7.295e-06
[train] step=10454 loss=0.007884 lr=7.295e-06
[train] step=10455 loss=0.007184 lr=7.294e-06
[train] step=10456 loss=0.008392 lr=7.294e-06
[train] step=10457 loss=0.017134 lr=7.293e-06
[train] step=10458 loss=0.030099 lr=7.293e-06
[train] step=10459 loss=0.009378 lr=7.292e-06
[train] step=10460 loss=0.007080 lr=7.292e-06
[train] step=10461 loss=0.006875 lr=7.291e-06
[train] step=10462 loss=0.005265 lr=7.291e-06
[train] step=10463 loss=0.006864 lr=7.290e-06
[train] step=10464 loss=0.005426 lr=7.290e-06
[train] step=10465 loss=0.009763 lr=7.289e-06
[train] step=10466 loss=0.013905 lr=7.289e-06
[train] step=10467 loss=0.006862 lr=7.289e-06
[train] step=10468 loss=0.013885 lr=7.288e-06
[train] step=10469 loss=0.006857 lr=7.288e-06
[train] step=10470 loss=0.004675 lr=7.287e-06
[train] step=10471 loss=0.004275 lr=7.287e-06
[train] step=10472 loss=0.011726 lr=7.286e-06
[train] step=10473 loss=0.003475 lr=7.286e-06
[train] step=10474 loss=0.012082 lr=7.285e-06
[train] step=10475 loss=0.017536 lr=7.285e-06
[train] step=10476 loss=0.009007 lr=7.284e-06
[train] step=10477 loss=0.003802 lr=7.284e-06
[train] step=10478 loss=0.012939 lr=7.283e-06
[train] step=10479 loss=0.013746 lr=7.283e-06
[train] step=10480 loss=0.003886 lr=7.282e-06
[train] step=10481 loss=0.014260 lr=7.282e-06
[train] step=10482 loss=0.006383 lr=7.282e-06
[train] step=10483 loss=0.003422 lr=7.281e-06
[train] step=10484 loss=0.003825 lr=7.281e-06
[train] step=10485 loss=0.011785 lr=7.280e-06
[train] step=10486 loss=0.028285 lr=7.280e-06
[train] step=10487 loss=0.012879 lr=7.279e-06
[train] step=10488 loss=0.011369 lr=7.279e-06
[train] step=10489 loss=0.012566 lr=7.278e-06
[train] step=10490 loss=0.006509 lr=7.278e-06
[train] step=10491 loss=0.008070 lr=7.277e-06
[train] step=10492 loss=0.007711 lr=7.277e-06
[train] step=10493 loss=0.006130 lr=7.276e-06
[train] step=10494 loss=0.008076 lr=7.276e-06
[train] step=10495 loss=0.018736 lr=7.275e-06
[train] step=10496 loss=0.006473 lr=7.275e-06
[train] step=10497 loss=0.009881 lr=7.275e-06
[train] step=10498 loss=0.005978 lr=7.274e-06
[train] step=10499 loss=0.008066 lr=7.274e-06
[train] step=10500 loss=0.005338 lr=7.273e-06
[train] step=10501 loss=0.008341 lr=7.273e-06
[train] step=10502 loss=0.008761 lr=7.272e-06
[train] step=10503 loss=0.003290 lr=7.272e-06
[train] step=10504 loss=0.020362 lr=7.271e-06
[train] step=10505 loss=0.006811 lr=7.271e-06
[train] step=10506 loss=0.007248 lr=7.270e-06
[train] step=10507 loss=0.003991 lr=7.270e-06
[train] step=10508 loss=0.027907 lr=7.269e-06
[train] step=10509 loss=0.008072 lr=7.269e-06
[train] step=10510 loss=0.004819 lr=7.268e-06
[train] step=10511 loss=0.009354 lr=7.268e-06
[train] step=10512 loss=0.003534 lr=7.268e-06
[train] step=10513 loss=0.004539 lr=7.267e-06
[train] step=10514 loss=0.008150 lr=7.267e-06
[train] step=10515 loss=0.003834 lr=7.266e-06
[train] step=10516 loss=0.010830 lr=7.266e-06
[train] step=10517 loss=0.019569 lr=7.265e-06
[train] step=10518 loss=0.024183 lr=7.265e-06
[train] step=10519 loss=0.016276 lr=7.264e-06
[train] step=10520 loss=0.007230 lr=7.264e-06
[train] step=10521 loss=0.010896 lr=7.263e-06
[train] step=10522 loss=0.005558 lr=7.263e-06
[train] step=10523 loss=0.009931 lr=7.262e-06
[train] step=10524 loss=0.007268 lr=7.262e-06
[train] step=10525 loss=0.004559 lr=7.261e-06
[train] step=10526 loss=0.021833 lr=7.261e-06
[train] step=10527 loss=0.005573 lr=7.261e-06
[train] step=10528 loss=0.008810 lr=7.260e-06
[train] step=10529 loss=0.011385 lr=7.260e-06
[train] step=10530 loss=0.006866 lr=7.259e-06
[train] step=10531 loss=0.002629 lr=7.259e-06
[train] step=10532 loss=0.004378 lr=7.258e-06
[train] step=10533 loss=0.008087 lr=7.258e-06
[train] step=10534 loss=0.015823 lr=7.257e-06
[train] step=10535 loss=0.007403 lr=7.257e-06
[train] step=10536 loss=0.017005 lr=7.256e-06
[train] step=10537 loss=0.012661 lr=7.256e-06
[train] step=10538 loss=0.008340 lr=7.255e-06
[train] step=10539 loss=0.015319 lr=7.255e-06
[train] step=10540 loss=0.028121 lr=7.254e-06
[train] step=10541 loss=0.004839 lr=7.254e-06
[train] step=10542 loss=0.032026 lr=7.254e-06
[train] step=10543 loss=0.012069 lr=7.253e-06
[train] step=10544 loss=0.005000 lr=7.253e-06
[train] step=10545 loss=0.005367 lr=7.252e-06
[train] step=10546 loss=0.016983 lr=7.252e-06
[train] step=10547 loss=0.003954 lr=7.251e-06
[train] step=10548 loss=0.005617 lr=7.251e-06
[train] step=10549 loss=0.017856 lr=7.250e-06
[train] step=10550 loss=0.004933 lr=7.250e-06
[train] step=10551 loss=0.006588 lr=7.249e-06
[train] step=10552 loss=0.008383 lr=7.249e-06
[train] step=10553 loss=0.008694 lr=7.248e-06
[train] step=10554 loss=0.018048 lr=7.248e-06
[train] step=10555 loss=0.009587 lr=7.247e-06
[train] step=10556 loss=0.005023 lr=7.247e-06
[train] step=10557 loss=0.006365 lr=7.247e-06
[train] step=10558 loss=0.004578 lr=7.246e-06
[train] step=10559 loss=0.016030 lr=7.246e-06
[train] step=10560 loss=0.010992 lr=7.245e-06
INFO     [rank 0] Model weights for step 10560 saved in      dit_trainer.py:1288
         checkpoints/model_weights_step_10560.safetensors                       
INFO     [rank 0] Scalar embedding weights for step 10560    dit_trainer.py:1297
         saved                                                                  
INFO     [rank 0] Training state saved:                      dit_trainer.py:1416
         checkpoints/model_weights_step_10560.state.pt                          
DEBUG    [rank 0] Removed old checkpoint:                    dit_trainer.py:1429
         /local/disk/hramachandran/work/wh_work/windinet/dit                    
         _outputs/lundquist/dit_sds_untrained_30k/checkpoint                    
         s/model_weights_step_10320.safetensors                                 
DEBUG    [rank 0] Removed old checkpoint:                    dit_trainer.py:1429
         /local/disk/hramachandran/work/wh_work/windinet/dit                    
         _outputs/lundquist/dit_sds_untrained_30k/checkpoint                    
         s/scalar_embedding_step_10320.safetensors                              
DEBUG    [rank 0] Removed optimizer state for older kept     dit_trainer.py:1444
         checkpoint:                                                            
         /local/disk/hramachandran/work/wh_work/windinet/dit                    
         _outputs/lundquist/dit_sds_untrained_30k/checkpoint                    
         s/model_weights_step_10440.state.pt                                    
[epoch 88] step=10560 train_loss=0.010473
[train] step=10561 loss=0.004339 lr=7.245e-06
[train] step=10562 loss=0.008373 lr=7.244e-06
[train] step=10563 loss=0.004384 lr=7.244e-06
[train] step=10564 loss=0.006767 lr=7.243e-06
[train] step=10565 loss=0.007671 lr=7.243e-06
[train] step=10566 loss=0.017508 lr=7.242e-06
[train] step=10567 loss=0.007067 lr=7.242e-06
[train] step=10568 loss=0.005297 lr=7.241e-06
[train] step=10569 loss=0.018956 lr=7.241e-06
[train] step=10570 loss=0.007516 lr=7.240e-06
[train] step=10571 loss=0.008659 lr=7.240e-06
[train] step=10572 loss=0.003444 lr=7.240e-06
[train] step=10573 loss=0.012469 lr=7.239e-06
[train] step=10574 loss=0.009803 lr=7.239e-06
[train] step=10575 loss=0.007890 lr=7.238e-06
[train] step=10576 loss=0.012791 lr=7.238e-06
[train] step=10577 loss=0.007067 lr=7.237e-06
[train] step=10578 loss=0.005378 lr=7.237e-06
[train] step=10579 loss=0.004528 lr=7.236e-06
[train] step=10580 loss=0.006074 lr=7.236e-06
[train] step=10581 loss=0.006559 lr=7.235e-06
[train] step=10582 loss=0.003929 lr=7.235e-06
[train] step=10583 loss=0.009323 lr=7.234e-06
[train] step=10584 loss=0.005256 lr=7.234e-06
[train] step=10585 loss=0.006291 lr=7.233e-06
[train] step=10586 loss=0.022041 lr=7.233e-06
[train] step=10587 loss=0.003165 lr=7.233e-06
[train] step=10588 loss=0.007661 lr=7.232e-06
[train] step=10589 loss=0.007202 lr=7.232e-06
[train] step=10590 loss=0.006917 lr=7.231e-06
[train] step=10591 loss=0.004397 lr=7.231e-06
[train] step=10592 loss=0.011968 lr=7.230e-06
[train] step=10593 loss=0.006517 lr=7.230e-06
[train] step=10594 loss=0.009374 lr=7.229e-06
[train] step=10595 loss=0.005640 lr=7.229e-06
[train] step=10596 loss=0.010168 lr=7.228e-06
[train] step=10597 loss=0.011245 lr=7.228e-06
[train] step=10598 loss=0.019189 lr=7.227e-06
[train] step=10599 loss=0.014010 lr=7.227e-06
[train] step=10600 loss=0.013958 lr=7.226e-06
[train] step=10601 loss=0.006286 lr=7.226e-06
[train] step=10602 loss=0.005783 lr=7.225e-06
[train] step=10603 loss=0.009245 lr=7.225e-06
[train] step=10604 loss=0.010734 lr=7.225e-06
[train] step=10605 loss=0.014317 lr=7.224e-06
[train] step=10606 loss=0.009332 lr=7.224e-06
[train] step=10607 loss=0.010440 lr=7.223e-06
[train] step=10608 loss=0.011280 lr=7.223e-06
[train] step=10609 loss=0.007703 lr=7.222e-06
[train] step=10610 loss=0.004252 lr=7.222e-06
[train] step=10611 loss=0.005203 lr=7.221e-06
[train] step=10612 loss=0.005188 lr=7.221e-06
[train] step=10613 loss=0.007935 lr=7.220e-06
[train] step=10614 loss=0.006662 lr=7.220e-06
[train] step=10615 loss=0.012453 lr=7.219e-06
[train] step=10616 loss=0.007810 lr=7.219e-06
[train] step=10617 loss=0.007965 lr=7.218e-06
[train] step=10618 loss=0.018930 lr=7.218e-06
[train] step=10619 loss=0.055664 lr=7.218e-06
[train] step=10620 loss=0.014538 lr=7.217e-06
[train] step=10621 loss=0.007195 lr=7.217e-06
[train] step=10622 loss=0.003564 lr=7.216e-06
[train] step=10623 loss=0.009105 lr=7.216e-06
[train] step=10624 loss=0.008963 lr=7.215e-06
[train] step=10625 loss=0.008245 lr=7.215e-06
[train] step=10626 loss=0.007711 lr=7.214e-06
[train] step=10627 loss=0.010911 lr=7.214e-06
[train] step=10628 loss=0.002494 lr=7.213e-06
[train] step=10629 loss=0.012398 lr=7.213e-06
[train] step=10630 loss=0.014034 lr=7.212e-06
[train] step=10631 loss=0.015198 lr=7.212e-06
[train] step=10632 loss=0.018182 lr=7.211e-06
[train] step=10633 loss=0.007013 lr=7.211e-06
[train] step=10634 loss=0.005502 lr=7.210e-06
[train] step=10635 loss=0.006723 lr=7.210e-06
[train] step=10636 loss=0.003648 lr=7.210e-06
[train] step=10637 loss=0.005944 lr=7.209e-06
[train] step=10638 loss=0.006212 lr=7.209e-06
[train] step=10639 loss=0.012111 lr=7.208e-06
[train] step=10640 loss=0.008785 lr=7.208e-06
[train] step=10641 loss=0.005265 lr=7.207e-06
[train] step=10642 loss=0.009200 lr=7.207e-06
[train] step=10643 loss=0.006010 lr=7.206e-06
[train] step=10644 loss=0.010280 lr=7.206e-06
[train] step=10645 loss=0.004627 lr=7.205e-06
[train] step=10646 loss=0.007482 lr=7.205e-06
[train] step=10647 loss=0.007664 lr=7.204e-06
[train] step=10648 loss=0.012352 lr=7.204e-06
[train] step=10649 loss=0.010318 lr=7.203e-06
[train] step=10650 loss=0.005783 lr=7.203e-06
[train] step=10651 loss=0.010180 lr=7.202e-06
[train] step=10652 loss=0.006064 lr=7.202e-06
[train] step=10653 loss=0.005849 lr=7.202e-06
[train] step=10654 loss=0.016053 lr=7.201e-06
[train] step=10655 loss=0.006555 lr=7.201e-06
[train] step=10656 loss=0.015801 lr=7.200e-06
[train] step=10657 loss=0.007421 lr=7.200e-06
[train] step=10658 loss=0.008754 lr=7.199e-06
[train] step=10659 loss=0.008687 lr=7.199e-06
[train] step=10660 loss=0.007377 lr=7.198e-06
[train] step=10661 loss=0.030986 lr=7.198e-06
[train] step=10662 loss=0.013826 lr=7.197e-06
[train] step=10663 loss=0.004899 lr=7.197e-06
[train] step=10664 loss=0.012719 lr=7.196e-06
[train] step=10665 loss=0.016156 lr=7.196e-06
[train] step=10666 loss=0.015263 lr=7.195e-06
[train] step=10667 loss=0.004023 lr=7.195e-06
[train] step=10668 loss=0.003284 lr=7.195e-06
[train] step=10669 loss=0.005005 lr=7.194e-06
[train] step=10670 loss=0.003712 lr=7.194e-06
[train] step=10671 loss=0.002316 lr=7.193e-06
[train] step=10672 loss=0.017987 lr=7.193e-06
[train] step=10673 loss=0.010614 lr=7.192e-06
[train] step=10674 loss=0.006275 lr=7.192e-06
[train] step=10675 loss=0.012931 lr=7.191e-06
[train] step=10676 loss=0.003743 lr=7.191e-06
[train] step=10677 loss=0.009584 lr=7.190e-06
[train] step=10678 loss=0.006252 lr=7.190e-06
[train] step=10679 loss=0.005495 lr=7.189e-06
[train] step=10680 loss=0.006953 lr=7.189e-06
INFO     [rank 0] Model weights for step 10680 saved in      dit_trainer.py:1288
         checkpoints/model_weights_step_10680.safetensors                       
INFO     [rank 0] Scalar embedding weights for step 10680    dit_trainer.py:1297
         saved                                                                  
INFO     [rank 0] Training state saved:                      dit_trainer.py:1416
         checkpoints/model_weights_step_10680.state.pt                          
DEBUG    [rank 0] Removed old checkpoint:                    dit_trainer.py:1429
         /local/disk/hramachandran/work/wh_work/windinet/dit                    
         _outputs/lundquist/dit_sds_untrained_30k/checkpoint                    
         s/model_weights_step_10440.safetensors                                 
DEBUG    [rank 0] Removed old checkpoint:                    dit_trainer.py:1429
         /local/disk/hramachandran/work/wh_work/windinet/dit                    
         _outputs/lundquist/dit_sds_untrained_30k/checkpoint                    
         s/scalar_embedding_step_10440.safetensors                              
DEBUG    [rank 0] Removed optimizer state for older kept     dit_trainer.py:1444
         checkpoint:                                                            
         /local/disk/hramachandran/work/wh_work/windinet/dit                    
         _outputs/lundquist/dit_sds_untrained_30k/checkpoint                    
         s/model_weights_step_10560.state.pt                                    
[epoch 89] step=10680 train_loss=0.009369
[train] step=10681 loss=0.010602 lr=7.188e-06
[train] step=10682 loss=0.008140 lr=7.188e-06
[train] step=10683 loss=0.005884 lr=7.187e-06
[train] step=10684 loss=0.006962 lr=7.187e-06
[train] step=10685 loss=0.007642 lr=7.187e-06
[train] step=10686 loss=0.007524 lr=7.186e-06
[train] step=10687 loss=0.008378 lr=7.186e-06
[train] step=10688 loss=0.003792 lr=7.185e-06
[train] step=10689 loss=0.003117 lr=7.185e-06
[train] step=10690 loss=0.010363 lr=7.184e-06
[train] step=10691 loss=0.004045 lr=7.184e-06
[train] step=10692 loss=0.005833 lr=7.183e-06
[train] step=10693 loss=0.005305 lr=7.183e-06
[train] step=10694 loss=0.015750 lr=7.182e-06
[train] step=10695 loss=0.011961 lr=7.182e-06
[train] step=10696 loss=0.019957 lr=7.181e-06
[train] step=10697 loss=0.005861 lr=7.181e-06
[train] step=10698 loss=0.022772 lr=7.180e-06
[train] step=10699 loss=0.004118 lr=7.180e-06
[train] step=10700 loss=0.008739 lr=7.179e-06
[train] step=10701 loss=0.009245 lr=7.179e-06
[train] step=10702 loss=0.015948 lr=7.179e-06
[train] step=10703 loss=0.012973 lr=7.178e-06
[train] step=10704 loss=0.015756 lr=7.178e-06
[train] step=10705 loss=0.008593 lr=7.177e-06
[train] step=10706 loss=0.007131 lr=7.177e-06
[train] step=10707 loss=0.004527 lr=7.176e-06
[train] step=10708 loss=0.005688 lr=7.176e-06
[train] step=10709 loss=0.016285 lr=7.175e-06
[train] step=10710 loss=0.003619 lr=7.175e-06
[train] step=10711 loss=0.008230 lr=7.174e-06
[train] step=10712 loss=0.021616 lr=7.174e-06
[train] step=10713 loss=0.068965 lr=7.173e-06
[train] step=10714 loss=0.012417 lr=7.173e-06
[train] step=10715 loss=0.004893 lr=7.172e-06
[train] step=10716 loss=0.005229 lr=7.172e-06
[train] step=10717 loss=0.014581 lr=7.171e-06
[train] step=10718 loss=0.007765 lr=7.171e-06
[train] step=10719 loss=0.007695 lr=7.170e-06
[train] step=10720 loss=0.012181 lr=7.170e-06
[train] step=10721 loss=0.012177 lr=7.170e-06
[train] step=10722 loss=0.005348 lr=7.169e-06
[train] step=10723 loss=0.005553 lr=7.169e-06
[train] step=10724 loss=0.008675 lr=7.168e-06
[train] step=10725 loss=0.004503 lr=7.168e-06
[train] step=10726 loss=0.006786 lr=7.167e-06
[train] step=10727 loss=0.010126 lr=7.167e-06
[train] step=10728 loss=0.009326 lr=7.166e-06
[train] step=10729 loss=0.007341 lr=7.166e-06
[train] step=10730 loss=0.005792 lr=7.165e-06
[train] step=10731 loss=0.014367 lr=7.165e-06
[train] step=10732 loss=0.020405 lr=7.164e-06
[train] step=10733 loss=0.011466 lr=7.164e-06
[train] step=10734 loss=0.011603 lr=7.163e-06
[train] step=10735 loss=0.011482 lr=7.163e-06
[train] step=10736 loss=0.005741 lr=7.162e-06
[train] step=10737 loss=0.005073 lr=7.162e-06
[train] step=10738 loss=0.013215 lr=7.162e-06
[train] step=10739 loss=0.013296 lr=7.161e-06
[train] step=10740 loss=0.006743 lr=7.161e-06
[train] step=10741 loss=0.007309 lr=7.160e-06
[train] step=10742 loss=0.010067 lr=7.160e-06
[train] step=10743 loss=0.013023 lr=7.159e-06
[train] step=10744 loss=0.004694 lr=7.159e-06
[train] step=10745 loss=0.018699 lr=7.158e-06
[train] step=10746 loss=0.007147 lr=7.158e-06
[train] step=10747 loss=0.005704 lr=7.157e-06
[train] step=10748 loss=0.010126 lr=7.157e-06
[train] step=10749 loss=0.011175 lr=7.156e-06
[train] step=10750 loss=0.004955 lr=7.156e-06
[train] step=10751 loss=0.009973 lr=7.155e-06
[train] step=10752 loss=0.003840 lr=7.155e-06
[train] step=10753 loss=0.023236 lr=7.154e-06
[train] step=10754 loss=0.005841 lr=7.154e-06
[train] step=10755 loss=0.005951 lr=7.154e-06
[train] step=10756 loss=0.011910 lr=7.153e-06
[train] step=10757 loss=0.009640 lr=7.153e-06
[train] step=10758 loss=0.006784 lr=7.152e-06
[train] step=10759 loss=0.013926 lr=7.152e-06
[train] step=10760 loss=0.010171 lr=7.151e-06
[train] step=10761 loss=0.005638 lr=7.151e-06
[train] step=10762 loss=0.006310 lr=7.150e-06
[train] step=10763 loss=0.007629 lr=7.150e-06
[train] step=10764 loss=0.021018 lr=7.149e-06
[train] step=10765 loss=0.016622 lr=7.149e-06
[train] step=10766 loss=0.014336 lr=7.148e-06
[train] step=10767 loss=0.007879 lr=7.148e-06
[train] step=10768 loss=0.008539 lr=7.147e-06
[train] step=10769 loss=0.005172 lr=7.147e-06
[train] step=10770 loss=0.005501 lr=7.146e-06
[train] step=10771 loss=0.041794 lr=7.146e-06
[train] step=10772 loss=0.019494 lr=7.145e-06
[train] step=10773 loss=0.006702 lr=7.145e-06
[train] step=10774 loss=0.004657 lr=7.145e-06
[train] step=10775 loss=0.006643 lr=7.144e-06
[train] step=10776 loss=0.007519 lr=7.144e-06
[train] step=10777 loss=0.009432 lr=7.143e-06
[train] step=10778 loss=0.007652 lr=7.143e-06
[train] step=10779 loss=0.003144 lr=7.142e-06
[train] step=10780 loss=0.004510 lr=7.142e-06
[train] step=10781 loss=0.005035 lr=7.141e-06
[train] step=10782 loss=0.004740 lr=7.141e-06
[train] step=10783 loss=0.008369 lr=7.140e-06
[train] step=10784 loss=0.004058 lr=7.140e-06
[train] step=10785 loss=0.023798 lr=7.139e-06
[train] step=10786 loss=0.007890 lr=7.139e-06
[train] step=10787 loss=0.008455 lr=7.138e-06
[train] step=10788 loss=0.020525 lr=7.138e-06
[train] step=10789 loss=0.007136 lr=7.137e-06
[train] step=10790 loss=0.007533 lr=7.137e-06
[train] step=10791 loss=0.013632 lr=7.136e-06
[train] step=10792 loss=0.012099 lr=7.136e-06
[train] step=10793 loss=0.008039 lr=7.136e-06
[train] step=10794 loss=0.004295 lr=7.135e-06
[train] step=10795 loss=0.009817 lr=7.135e-06
[train] step=10796 loss=0.015394 lr=7.134e-06
[train] step=10797 loss=0.007547 lr=7.134e-06
[train] step=10798 loss=0.007597 lr=7.133e-06
[train] step=10799 loss=0.002027 lr=7.133e-06
[train] step=10800 loss=0.006231 lr=7.132e-06
[val] step=10800 val_loss=0.012515
INFO     [rank 0] Model weights for step 10800 saved in      dit_trainer.py:1288
         checkpoints/model_weights_step_10800.safetensors                       
INFO     [rank 0] Scalar embedding weights for step 10800    dit_trainer.py:1297
         saved                                                                  
INFO     [rank 0] Training state saved:                      dit_trainer.py:1416
         checkpoints/model_weights_step_10800.state.pt                          
DEBUG    [rank 0] Removed old checkpoint:                    dit_trainer.py:1429
         /local/disk/hramachandran/work/wh_work/windinet/dit                    
         _outputs/lundquist/dit_sds_untrained_30k/checkpoint                    
         s/model_weights_step_10560.safetensors                                 
DEBUG    [rank 0] Removed old checkpoint:                    dit_trainer.py:1429
         /local/disk/hramachandran/work/wh_work/windinet/dit                    
         _outputs/lundquist/dit_sds_untrained_30k/checkpoint                    
         s/scalar_embedding_step_10560.safetensors                              
DEBUG    [rank 0] Removed optimizer state for older kept     dit_trainer.py:1444
         checkpoint:                                                            
         /local/disk/hramachandran/work/wh_work/windinet/dit                    
         _outputs/lundquist/dit_sds_untrained_30k/checkpoint                    
         s/model_weights_step_10680.state.pt                                    
[epoch 90] step=10800 train_loss=0.010153 val_loss=0.012515
[train] step=10801 loss=0.010851 lr=7.132e-06
[train] step=10802 loss=0.009782 lr=7.131e-06
[train] step=10803 loss=0.014194 lr=7.131e-06
[train] step=10804 loss=0.020107 lr=7.130e-06
[train] step=10805 loss=0.006589 lr=7.130e-06
[train] step=10806 loss=0.005614 lr=7.129e-06
[train] step=10807 loss=0.017354 lr=7.129e-06
[train] step=10808 loss=0.007164 lr=7.128e-06
[train] step=10809 loss=0.008524 lr=7.128e-06
[train] step=10810 loss=0.005989 lr=7.128e-06
[train] step=10811 loss=0.007852 lr=7.127e-06
[train] step=10812 loss=0.031591 lr=7.127e-06
[train] step=10813 loss=0.026838 lr=7.126e-06
[train] step=10814 loss=0.015188 lr=7.126e-06
[train] step=10815 loss=0.005784 lr=7.125e-06
[train] step=10816 loss=0.004641 lr=7.125e-06
[train] step=10817 loss=0.007723 lr=7.124e-06
[train] step=10818 loss=0.014366 lr=7.124e-06
[train] step=10819 loss=0.008545 lr=7.123e-06
[train] step=10820 loss=0.027974 lr=7.123e-06
[train] step=10821 loss=0.004686 lr=7.122e-06
[train] step=10822 loss=0.016522 lr=7.122e-06
[train] step=10823 loss=0.007512 lr=7.121e-06
[train] step=10824 loss=0.013425 lr=7.121e-06
[train] step=10825 loss=0.009938 lr=7.120e-06
[train] step=10826 loss=0.008104 lr=7.120e-06
[train] step=10827 loss=0.017222 lr=7.119e-06
[train] step=10828 loss=0.008553 lr=7.119e-06
[train] step=10829 loss=0.006952 lr=7.119e-06
[train] step=10830 loss=0.007841 lr=7.118e-06
[train] step=10831 loss=0.004943 lr=7.118e-06
[train] step=10832 loss=0.008403 lr=7.117e-06
[train] step=10833 loss=0.007734 lr=7.117e-06
[train] step=10834 loss=0.006553 lr=7.116e-06
[train] step=10835 loss=0.007111 lr=7.116e-06
[train] step=10836 loss=0.005526 lr=7.115e-06
[train] step=10837 loss=0.005068 lr=7.115e-06
[train] step=10838 loss=0.003680 lr=7.114e-06
[train] step=10839 loss=0.008438 lr=7.114e-06
[train] step=10840 loss=0.012535 lr=7.113e-06
[train] step=10841 loss=0.015773 lr=7.113e-06
[train] step=10842 loss=0.014559 lr=7.112e-06
[train] step=10843 loss=0.010241 lr=7.112e-06
[train] step=10844 loss=0.008685 lr=7.111e-06
[train] step=10845 loss=0.027746 lr=7.111e-06
[train] step=10846 loss=0.005562 lr=7.110e-06
[train] step=10847 loss=0.011206 lr=7.110e-06
[train] step=10848 loss=0.010183 lr=7.109e-06
[train] step=10849 loss=0.012292 lr=7.109e-06
[train] step=10850 loss=0.019029 lr=7.109e-06
[train] step=10851 loss=0.005888 lr=7.108e-06
[train] step=10852 loss=0.006226 lr=7.108e-06
[train] step=10853 loss=0.004795 lr=7.107e-06
[train] step=10854 loss=0.005978 lr=7.107e-06
[train] step=10855 loss=0.007814 lr=7.106e-06
[train] step=10856 loss=0.007604 lr=7.106e-06
[train] step=10857 loss=0.009933 lr=7.105e-06
[train] step=10858 loss=0.013160 lr=7.105e-06
[train] step=10859 loss=0.005504 lr=7.104e-06
[train] step=10860 loss=0.010160 lr=7.104e-06
[train] step=10861 loss=0.008335 lr=7.103e-06
[train] step=10862 loss=0.005608 lr=7.103e-06
[train] step=10863 loss=0.004649 lr=7.102e-06
[train] step=10864 loss=0.004233 lr=7.102e-06
[train] step=10865 loss=0.008309 lr=7.101e-06
[train] step=10866 loss=0.011078 lr=7.101e-06
[train] step=10867 loss=0.004079 lr=7.100e-06
[train] step=10868 loss=0.006960 lr=7.100e-06
[train] step=10869 loss=0.016281 lr=7.100e-06
[train] step=10870 loss=0.005480 lr=7.099e-06
[train] step=10871 loss=0.003194 lr=7.099e-06
[train] step=10872 loss=0.005603 lr=7.098e-06
[train] step=10873 loss=0.017569 lr=7.098e-06
[train] step=10874 loss=0.012131 lr=7.097e-06
[train] step=10875 loss=0.018547 lr=7.097e-06
[train] step=10876 loss=0.013691 lr=7.096e-06
[train] step=10877 loss=0.022613 lr=7.096e-06
[train] step=10878 loss=0.004484 lr=7.095e-06
[train] step=10879 loss=0.009660 lr=7.095e-06
[train] step=10880 loss=0.005836 lr=7.094e-06
[train] step=10881 loss=0.004762 lr=7.094e-06
[train] step=10882 loss=0.003840 lr=7.093e-06
[train] step=10883 loss=0.004463 lr=7.093e-06
[train] step=10884 loss=0.003025 lr=7.092e-06
[train] step=10885 loss=0.009154 lr=7.092e-06
[train] step=10886 loss=0.047733 lr=7.091e-06
[train] step=10887 loss=0.013560 lr=7.091e-06
[train] step=10888 loss=0.007527 lr=7.091e-06
[train] step=10889 loss=0.012477 lr=7.090e-06
[train] step=10890 loss=0.008184 lr=7.090e-06
[train] step=10891 loss=0.003337 lr=7.089e-06
[train] step=10892 loss=0.006441 lr=7.089e-06
[train] step=10893 loss=0.008421 lr=7.088e-06
[train] step=10894 loss=0.009977 lr=7.088e-06
[train] step=10895 loss=0.014923 lr=7.087e-06
[train] step=10896 loss=0.008148 lr=7.087e-06
[train] step=10897 loss=0.004643 lr=7.086e-06
[train] step=10898 loss=0.028956 lr=7.086e-06
[train] step=10899 loss=0.003537 lr=7.085e-06
[train] step=10900 loss=0.005604 lr=7.085e-06
[train] step=10901 loss=0.004575 lr=7.084e-06
[train] step=10902 loss=0.002733 lr=7.084e-06
[train] step=10903 loss=0.005914 lr=7.083e-06
[train] step=10904 loss=0.009552 lr=7.083e-06
[train] step=10905 loss=0.009455 lr=7.082e-06
[train] step=10906 loss=0.014787 lr=7.082e-06
[train] step=10907 loss=0.008523 lr=7.081e-06
[train] step=10908 loss=0.016939 lr=7.081e-06
[train] step=10909 loss=0.007682 lr=7.081e-06
[train] step=10910 loss=0.016114 lr=7.080e-06
[train] step=10911 loss=0.005203 lr=7.080e-06
[train] step=10912 loss=0.007764 lr=7.079e-06
[train] step=10913 loss=0.004989 lr=7.079e-06
[train] step=10914 loss=0.004718 lr=7.078e-06
[train] step=10915 loss=0.006282 lr=7.078e-06
[train] step=10916 loss=0.006532 lr=7.077e-06
[train] step=10917 loss=0.006900 lr=7.077e-06
[train] step=10918 loss=0.015631 lr=7.076e-06
[train] step=10919 loss=0.009130 lr=7.076e-06
[train] step=10920 loss=0.008939 lr=7.075e-06
INFO     [rank 0] Model weights for step 10920 saved in      dit_trainer.py:1288
         checkpoints/model_weights_step_10920.safetensors                       
INFO     [rank 0] Scalar embedding weights for step 10920    dit_trainer.py:1297
         saved                                                                  
INFO     [rank 0] Training state saved:                      dit_trainer.py:1416
         checkpoints/model_weights_step_10920.state.pt                          
DEBUG    [rank 0] Removed old checkpoint:                    dit_trainer.py:1429
         /local/disk/hramachandran/work/wh_work/windinet/dit                    
         _outputs/lundquist/dit_sds_untrained_30k/checkpoint                    
         s/model_weights_step_10680.safetensors                                 
DEBUG    [rank 0] Removed old checkpoint:                    dit_trainer.py:1429
         /local/disk/hramachandran/work/wh_work/windinet/dit                    
         _outputs/lundquist/dit_sds_untrained_30k/checkpoint                    
         s/scalar_embedding_step_10680.safetensors                              
DEBUG    [rank 0] Removed optimizer state for older kept     dit_trainer.py:1444
         checkpoint:                                                            
         /local/disk/hramachandran/work/wh_work/windinet/dit                    
         _outputs/lundquist/dit_sds_untrained_30k/checkpoint                    
         s/model_weights_step_10800.state.pt                                    
[epoch 91] step=10920 train_loss=0.010054
[train] step=10921 loss=0.008130 lr=7.075e-06
[train] step=10922 loss=0.008337 lr=7.074e-06
[train] step=10923 loss=0.004542 lr=7.074e-06
[train] step=10924 loss=0.006051 lr=7.073e-06
[train] step=10925 loss=0.003948 lr=7.073e-06
[train] step=10926 loss=0.005348 lr=7.072e-06
[train] step=10927 loss=0.005150 lr=7.072e-06
[train] step=10928 loss=0.014033 lr=7.071e-06
[train] step=10929 loss=0.006177 lr=7.071e-06
[train] step=10930 loss=0.012491 lr=7.071e-06
[train] step=10931 loss=0.009377 lr=7.070e-06
[train] step=10932 loss=0.005673 lr=7.070e-06
[train] step=10933 loss=0.005619 lr=7.069e-06
[train] step=10934 loss=0.006347 lr=7.069e-06
[train] step=10935 loss=0.040183 lr=7.068e-06
[train] step=10936 loss=0.026581 lr=7.068e-06
[train] step=10937 loss=0.007049 lr=7.067e-06
[train] step=10938 loss=0.045136 lr=7.067e-06
[train] step=10939 loss=0.009742 lr=7.066e-06
[train] step=10940 loss=0.009959 lr=7.066e-06
[train] step=10941 loss=0.011792 lr=7.065e-06
[train] step=10942 loss=0.004071 lr=7.065e-06
[train] step=10943 loss=0.022636 lr=7.064e-06
[train] step=10944 loss=0.004679 lr=7.064e-06
[train] step=10945 loss=0.004464 lr=7.063e-06
[train] step=10946 loss=0.004059 lr=7.063e-06
[train] step=10947 loss=0.002681 lr=7.062e-06
[train] step=10948 loss=0.007313 lr=7.062e-06
[train] step=10949 loss=0.012646 lr=7.061e-06
[train] step=10950 loss=0.005905 lr=7.061e-06
[train] step=10951 loss=0.010020 lr=7.061e-06
[train] step=10952 loss=0.055432 lr=7.060e-06
[train] step=10953 loss=0.017679 lr=7.060e-06
[train] step=10954 loss=0.006073 lr=7.059e-06
[train] step=10955 loss=0.028179 lr=7.059e-06
[train] step=10956 loss=0.006892 lr=7.058e-06
[train] step=10957 loss=0.005814 lr=7.058e-06
[train] step=10958 loss=0.010947 lr=7.057e-06
[train] step=10959 loss=0.005170 lr=7.057e-06
[train] step=10960 loss=0.005421 lr=7.056e-06
[train] step=10961 loss=0.005944 lr=7.056e-06
[train] step=10962 loss=0.008821 lr=7.055e-06
[train] step=10963 loss=0.008375 lr=7.055e-06
[train] step=10964 loss=0.004038 lr=7.054e-06
[train] step=10965 loss=0.005690 lr=7.054e-06
[train] step=10966 loss=0.016935 lr=7.053e-06
[train] step=10967 loss=0.007836 lr=7.053e-06
[train] step=10968 loss=0.012655 lr=7.052e-06
[train] step=10969 loss=0.037124 lr=7.052e-06
[train] step=10970 loss=0.003212 lr=7.051e-06
[train] step=10971 loss=0.004953 lr=7.051e-06
[train] step=10972 loss=0.011273 lr=7.050e-06
[train] step=10973 loss=0.007208 lr=7.050e-06
[train] step=10974 loss=0.003904 lr=7.050e-06
[train] step=10975 loss=0.003993 lr=7.049e-06
[train] step=10976 loss=0.015834 lr=7.049e-06
[train] step=10977 loss=0.028448 lr=7.048e-06
[train] step=10978 loss=0.013110 lr=7.048e-06
[train] step=10979 loss=0.011921 lr=7.047e-06
[train] step=10980 loss=0.004624 lr=7.047e-06
[train] step=10981 loss=0.006290 lr=7.046e-06
[train] step=10982 loss=0.014248 lr=7.046e-06
[train] step=10983 loss=0.013625 lr=7.045e-06
[train] step=10984 loss=0.004255 lr=7.045e-06
[train] step=10985 loss=0.005079 lr=7.044e-06
[train] step=10986 loss=0.005555 lr=7.044e-06
[train] step=10987 loss=0.005400 lr=7.043e-06
[train] step=10988 loss=0.015697 lr=7.043e-06
[train] step=10989 loss=0.009165 lr=7.042e-06
[train] step=10990 loss=0.075668 lr=7.042e-06
[train] step=10991 loss=0.008733 lr=7.041e-06
[train] step=10992 loss=0.008849 lr=7.041e-06
[train] step=10993 loss=0.008217 lr=7.040e-06
[train] step=10994 loss=0.010321 lr=7.040e-06
[train] step=10995 loss=0.006230 lr=7.040e-06
[train] step=10996 loss=0.013980 lr=7.039e-06
[train] step=10997 loss=0.006449 lr=7.039e-06
[train] step=10998 loss=0.004563 lr=7.038e-06
[train] step=10999 loss=0.007169 lr=7.038e-06
[train] step=11000 loss=0.004322 lr=7.037e-06
[train] step=11001 loss=0.003250 lr=7.037e-06
[train] step=11002 loss=0.003595 lr=7.036e-06
[train] step=11003 loss=0.008613 lr=7.036e-06
[train] step=11004 loss=0.008219 lr=7.035e-06
[train] step=11005 loss=0.011647 lr=7.035e-06
[train] step=11006 loss=0.005232 lr=7.034e-06
[train] step=11007 loss=0.005510 lr=7.034e-06
[train] step=11008 loss=0.005762 lr=7.033e-06
[train] step=11009 loss=0.007734 lr=7.033e-06
[train] step=11010 loss=0.013931 lr=7.032e-06
[train] step=11011 loss=0.023304 lr=7.032e-06
[train] step=11012 loss=0.007439 lr=7.031e-06
[train] step=11013 loss=0.012537 lr=7.031e-06
[train] step=11014 loss=0.005756 lr=7.030e-06
[train] step=11015 loss=0.008801 lr=7.030e-06
[train] step=11016 loss=0.004694 lr=7.029e-06
[train] step=11017 loss=0.003448 lr=7.029e-06
[train] step=11018 loss=0.004927 lr=7.029e-06
[train] step=11019 loss=0.004855 lr=7.028e-06
[train] step=11020 loss=0.002878 lr=7.028e-06
[train] step=11021 loss=0.004389 lr=7.027e-06
[train] step=11022 loss=0.015252 lr=7.027e-06
[train] step=11023 loss=0.018332 lr=7.026e-06
[train] step=11024 loss=0.009508 lr=7.026e-06
[train] step=11025 loss=0.003862 lr=7.025e-06
[train] step=11026 loss=0.010980 lr=7.025e-06
[train] step=11027 loss=0.006094 lr=7.024e-06
[train] step=11028 loss=0.011766 lr=7.024e-06
[train] step=11029 loss=0.010671 lr=7.023e-06
[train] step=11030 loss=0.002356 lr=7.023e-06
[train] step=11031 loss=0.011241 lr=7.022e-06
[train] step=11032 loss=0.010041 lr=7.022e-06
[train] step=11033 loss=0.004859 lr=7.021e-06
[train] step=11034 loss=0.009097 lr=7.021e-06
[train] step=11035 loss=0.012099 lr=7.020e-06
[train] step=11036 loss=0.009396 lr=7.020e-06
[train] step=11037 loss=0.005872 lr=7.019e-06
[train] step=11038 loss=0.006150 lr=7.019e-06
[train] step=11039 loss=0.009121 lr=7.018e-06
[train] step=11040 loss=0.005820 lr=7.018e-06
INFO     [rank 0] Model weights for step 11040 saved in      dit_trainer.py:1288
         checkpoints/model_weights_step_11040.safetensors                       
INFO     [rank 0] Scalar embedding weights for step 11040    dit_trainer.py:1297
         saved                                                                  
INFO     [rank 0] Training state saved:                      dit_trainer.py:1416
         checkpoints/model_weights_step_11040.state.pt                          
DEBUG    [rank 0] Removed old checkpoint:                    dit_trainer.py:1429
         /local/disk/hramachandran/work/wh_work/windinet/dit                    
         _outputs/lundquist/dit_sds_untrained_30k/checkpoint                    
         s/model_weights_step_10800.safetensors                                 
DEBUG    [rank 0] Removed old checkpoint:                    dit_trainer.py:1429
         /local/disk/hramachandran/work/wh_work/windinet/dit                    
         _outputs/lundquist/dit_sds_untrained_30k/checkpoint                    
         s/scalar_embedding_step_10800.safetensors                              
DEBUG    [rank 0] Removed optimizer state for older kept     dit_trainer.py:1444
         checkpoint:                                                            
         /local/disk/hramachandran/work/wh_work/windinet/dit                    
         _outputs/lundquist/dit_sds_untrained_30k/checkpoint                    
         s/model_weights_step_10920.state.pt                                    
[epoch 92] step=11040 train_loss=0.010447
[train] step=11041 loss=0.011401 lr=7.018e-06
[train] step=11042 loss=0.015162 lr=7.017e-06
[train] step=11043 loss=0.004574 lr=7.017e-06
[train] step=11044 loss=0.006326 lr=7.016e-06
[train] step=11045 loss=0.007160 lr=7.016e-06
[train] step=11046 loss=0.007832 lr=7.015e-06
[train] step=11047 loss=0.011965 lr=7.015e-06
[train] step=11048 loss=0.011952 lr=7.014e-06
[train] step=11049 loss=0.009331 lr=7.014e-06
[train] step=11050 loss=0.006179 lr=7.013e-06
[train] step=11051 loss=0.015765 lr=7.013e-06
[train] step=11052 loss=0.008810 lr=7.012e-06
[train] step=11053 loss=0.011892 lr=7.012e-06
[train] step=11054 loss=0.007683 lr=7.011e-06
[train] step=11055 loss=0.005570 lr=7.011e-06
[train] step=11056 loss=0.004352 lr=7.010e-06
[train] step=11057 loss=0.005952 lr=7.010e-06
[train] step=11058 loss=0.008377 lr=7.009e-06
[train] step=11059 loss=0.007917 lr=7.009e-06
[train] step=11060 loss=0.005350 lr=7.008e-06
[train] step=11061 loss=0.006049 lr=7.008e-06
[train] step=11062 loss=0.009752 lr=7.007e-06
[train] step=11063 loss=0.009389 lr=7.007e-06
[train] step=11064 loss=0.006879 lr=7.007e-06
[train] step=11065 loss=0.004488 lr=7.006e-06
[train] step=11066 loss=0.020344 lr=7.006e-06
[train] step=11067 loss=0.004858 lr=7.005e-06
[train] step=11068 loss=0.008760 lr=7.005e-06
[train] step=11069 loss=0.003698 lr=7.004e-06
[train] step=11070 loss=0.008106 lr=7.004e-06
[train] step=11071 loss=0.008831 lr=7.003e-06
[train] step=11072 loss=0.007956 lr=7.003e-06
[train] step=11073 loss=0.005184 lr=7.002e-06
[train] step=11074 loss=0.016748 lr=7.002e-06
[train] step=11075 loss=0.018216 lr=7.001e-06
[train] step=11076 loss=0.007710 lr=7.001e-06
[train] step=11077 loss=0.007973 lr=7.000e-06
[train] step=11078 loss=0.025737 lr=7.000e-06
[train] step=11079 loss=0.004995 lr=6.999e-06
[train] step=11080 loss=0.007335 lr=6.999e-06
[train] step=11081 loss=0.002088 lr=6.998e-06
[train] step=11082 loss=0.009476 lr=6.998e-06
[train] step=11083 loss=0.042731 lr=6.997e-06
[train] step=11084 loss=0.008556 lr=6.997e-06
[train] step=11085 loss=0.005679 lr=6.996e-06
[train] step=11086 loss=0.004097 lr=6.996e-06
[train] step=11087 loss=0.004048 lr=6.995e-06
[train] step=11088 loss=0.008181 lr=6.995e-06
[train] step=11089 loss=0.004859 lr=6.995e-06
[train] step=11090 loss=0.019570 lr=6.994e-06
[train] step=11091 loss=0.004379 lr=6.994e-06
[train] step=11092 loss=0.004477 lr=6.993e-06
[train] step=11093 loss=0.008696 lr=6.993e-06
[train] step=11094 loss=0.005864 lr=6.992e-06
[train] step=11095 loss=0.005282 lr=6.992e-06
[train] step=11096 loss=0.008254 lr=6.991e-06
[train] step=11097 loss=0.006372 lr=6.991e-06
[train] step=11098 loss=0.005718 lr=6.990e-06
[train] step=11099 loss=0.004887 lr=6.990e-06
[train] step=11100 loss=0.005989 lr=6.989e-06
[train] step=11101 loss=0.006673 lr=6.989e-06
[train] step=11102 loss=0.007265 lr=6.988e-06
[train] step=11103 loss=0.003061 lr=6.988e-06
[train] step=11104 loss=0.013873 lr=6.987e-06
[train] step=11105 loss=0.008264 lr=6.987e-06
[train] step=11106 loss=0.007790 lr=6.986e-06
[train] step=11107 loss=0.016275 lr=6.986e-06
[train] step=11108 loss=0.004122 lr=6.985e-06
[train] step=11109 loss=0.011973 lr=6.985e-06
[train] step=11110 loss=0.003643 lr=6.984e-06
[train] step=11111 loss=0.003024 lr=6.984e-06
[train] step=11112 loss=0.007709 lr=6.983e-06
[train] step=11113 loss=0.006527 lr=6.983e-06
[train] step=11114 loss=0.008081 lr=6.983e-06
[train] step=11115 loss=0.007571 lr=6.982e-06
[train] step=11116 loss=0.006861 lr=6.982e-06
[train] step=11117 loss=0.007015 lr=6.981e-06
[train] step=11118 loss=0.005067 lr=6.981e-06
[train] step=11119 loss=0.004911 lr=6.980e-06
[train] step=11120 loss=0.017770 lr=6.980e-06
[train] step=11121 loss=0.006308 lr=6.979e-06
[train] step=11122 loss=0.003565 lr=6.979e-06
[train] step=11123 loss=0.009783 lr=6.978e-06
[train] step=11124 loss=0.006597 lr=6.978e-06
[train] step=11125 loss=0.011920 lr=6.977e-06
[train] step=11126 loss=0.003320 lr=6.977e-06
[train] step=11127 loss=0.019693 lr=6.976e-06
[train] step=11128 loss=0.009111 lr=6.976e-06
[train] step=11129 loss=0.007464 lr=6.975e-06
[train] step=11130 loss=0.012124 lr=6.975e-06
[train] step=11131 loss=0.007592 lr=6.974e-06
[train] step=11132 loss=0.004968 lr=6.974e-06
[train] step=11133 loss=0.005788 lr=6.973e-06
[train] step=11134 loss=0.009559 lr=6.973e-06
[train] step=11135 loss=0.023460 lr=6.972e-06
[train] step=11136 loss=0.011213 lr=6.972e-06
[train] step=11137 loss=0.005164 lr=6.971e-06
[train] step=11138 loss=0.005425 lr=6.971e-06
[train] step=11139 loss=0.004009 lr=6.970e-06
[train] step=11140 loss=0.007822 lr=6.970e-06
[train] step=11141 loss=0.006507 lr=6.970e-06
[train] step=11142 loss=0.006569 lr=6.969e-06
[train] step=11143 loss=0.019556 lr=6.969e-06
[train] step=11144 loss=0.008420 lr=6.968e-06
[train] step=11145 loss=0.039527 lr=6.968e-06
[train] step=11146 loss=0.013215 lr=6.967e-06
[train] step=11147 loss=0.008597 lr=6.967e-06
[train] step=11148 loss=0.004591 lr=6.966e-06
[train] step=11149 loss=0.006385 lr=6.966e-06
[train] step=11150 loss=0.005959 lr=6.965e-06
[train] step=11151 loss=0.013499 lr=6.965e-06
[train] step=11152 loss=0.010684 lr=6.964e-06
[train] step=11153 loss=0.008582 lr=6.964e-06
[train] step=11154 loss=0.021689 lr=6.963e-06
[train] step=11155 loss=0.007146 lr=6.963e-06
[train] step=11156 loss=0.007897 lr=6.962e-06
[train] step=11157 loss=0.008569 lr=6.962e-06
[train] step=11158 loss=0.006664 lr=6.961e-06
[train] step=11159 loss=0.004884 lr=6.961e-06
[train] step=11160 loss=0.025328 lr=6.960e-06
INFO     [rank 0] Model weights for step 11160 saved in      dit_trainer.py:1288
         checkpoints/model_weights_step_11160.safetensors                       
INFO     [rank 0] Scalar embedding weights for step 11160    dit_trainer.py:1297
         saved                                                                  
INFO     [rank 0] Training state saved:                      dit_trainer.py:1416
         checkpoints/model_weights_step_11160.state.pt                          
DEBUG    [rank 0] Removed old checkpoint:                    dit_trainer.py:1429
         /local/disk/hramachandran/work/wh_work/windinet/dit                    
         _outputs/lundquist/dit_sds_untrained_30k/checkpoint                    
         s/model_weights_step_10920.safetensors                                 
DEBUG    [rank 0] Removed old checkpoint:                    dit_trainer.py:1429
         /local/disk/hramachandran/work/wh_work/windinet/dit                    
         _outputs/lundquist/dit_sds_untrained_30k/checkpoint                    
         s/scalar_embedding_step_10920.safetensors                              
DEBUG    [rank 0] Removed optimizer state for older kept     dit_trainer.py:1444
         checkpoint:                                                            
         /local/disk/hramachandran/work/wh_work/windinet/dit                    
         _outputs/lundquist/dit_sds_untrained_30k/checkpoint                    
         s/model_weights_step_11040.state.pt                                    
[epoch 93] step=11160 train_loss=0.009024
[train] step=11161 loss=0.146609 lr=6.960e-06
[train] step=11162 loss=0.019625 lr=6.959e-06
[train] step=11163 loss=0.007248 lr=6.959e-06
[train] step=11164 loss=0.010311 lr=6.958e-06
[train] step=11165 loss=0.008147 lr=6.958e-06
[train] step=11166 loss=0.005298 lr=6.958e-06
[train] step=11167 loss=0.009596 lr=6.957e-06
[train] step=11168 loss=0.017379 lr=6.957e-06
[train] step=11169 loss=0.004813 lr=6.956e-06
[train] step=11170 loss=0.007373 lr=6.956e-06
[train] step=11171 loss=0.008118 lr=6.955e-06
[train] step=11172 loss=0.010847 lr=6.955e-06
[train] step=11173 loss=0.008849 lr=6.954e-06
[train] step=11174 loss=0.015601 lr=6.954e-06
[train] step=11175 loss=0.005279 lr=6.953e-06
[train] step=11176 loss=0.004616 lr=6.953e-06
[train] step=11177 loss=0.011121 lr=6.952e-06
[train] step=11178 loss=0.012679 lr=6.952e-06
[train] step=11179 loss=0.005545 lr=6.951e-06
[train] step=11180 loss=0.012675 lr=6.951e-06
[train] step=11181 loss=0.044207 lr=6.950e-06
[train] step=11182 loss=0.010859 lr=6.950e-06
[train] step=11183 loss=0.004830 lr=6.949e-06
[train] step=11184 loss=0.007960 lr=6.949e-06
[train] step=11185 loss=0.004674 lr=6.948e-06
[train] step=11186 loss=0.009798 lr=6.948e-06
[train] step=11187 loss=0.004380 lr=6.947e-06
[train] step=11188 loss=0.010774 lr=6.947e-06
[train] step=11189 loss=0.014025 lr=6.946e-06
[train] step=11190 loss=0.015104 lr=6.946e-06
[train] step=11191 loss=0.006308 lr=6.945e-06
[train] step=11192 loss=0.009461 lr=6.945e-06
[train] step=11193 loss=0.005187 lr=6.944e-06
[train] step=11194 loss=0.007211 lr=6.944e-06
[train] step=11195 loss=0.009064 lr=6.944e-06
[train] step=11196 loss=0.005297 lr=6.943e-06
[train] step=11197 loss=0.010000 lr=6.943e-06
[train] step=11198 loss=0.011224 lr=6.942e-06
[train] step=11199 loss=0.015236 lr=6.942e-06
[train] step=11200 loss=0.009316 lr=6.941e-06
[train] step=11201 loss=0.008176 lr=6.941e-06
[train] step=11202 loss=0.007299 lr=6.940e-06
[train] step=11203 loss=0.010181 lr=6.940e-06
[train] step=11204 loss=0.007801 lr=6.939e-06
[train] step=11205 loss=0.002840 lr=6.939e-06
[train] step=11206 loss=0.008250 lr=6.938e-06
[train] step=11207 loss=0.007050 lr=6.938e-06
[train] step=11208 loss=0.004678 lr=6.937e-06
[train] step=11209 loss=0.030209 lr=6.937e-06
[train] step=11210 loss=0.008064 lr=6.936e-06
[train] step=11211 loss=0.035832 lr=6.936e-06
[train] step=11212 loss=0.016455 lr=6.935e-06
[train] step=11213 loss=0.014886 lr=6.935e-06
[train] step=11214 loss=0.004965 lr=6.934e-06
[train] step=11215 loss=0.088746 lr=6.934e-06
[train] step=11216 loss=0.008580 lr=6.933e-06
[train] step=11217 loss=0.005755 lr=6.933e-06
[train] step=11218 loss=0.004818 lr=6.932e-06
[train] step=11219 loss=0.023092 lr=6.932e-06
[train] step=11220 loss=0.006188 lr=6.931e-06
[train] step=11221 loss=0.007415 lr=6.931e-06
[train] step=11222 loss=0.005921 lr=6.931e-06
[train] step=11223 loss=0.011432 lr=6.930e-06
[train] step=11224 loss=0.009701 lr=6.930e-06
[train] step=11225 loss=0.003667 lr=6.929e-06
[train] step=11226 loss=0.003220 lr=6.929e-06
[train] step=11227 loss=0.003336 lr=6.928e-06
[train] step=11228 loss=0.009349 lr=6.928e-06
[train] step=11229 loss=0.004264 lr=6.927e-06
[train] step=11230 loss=0.004290 lr=6.927e-06
[train] step=11231 loss=0.003126 lr=6.926e-06
[train] step=11232 loss=0.081380 lr=6.926e-06
[train] step=11233 loss=0.021127 lr=6.925e-06
[train] step=11234 loss=0.009729 lr=6.925e-06
[train] step=11235 loss=0.003824 lr=6.924e-06
[train] step=11236 loss=0.005958 lr=6.924e-06
[train] step=11237 loss=0.044699 lr=6.923e-06
[train] step=11238 loss=0.005825 lr=6.923e-06
[train] step=11239 loss=0.011583 lr=6.922e-06
[train] step=11240 loss=0.006834 lr=6.922e-06
[train] step=11241 loss=0.003954 lr=6.921e-06
[train] step=11242 loss=0.010170 lr=6.921e-06
[train] step=11243 loss=0.012965 lr=6.920e-06
[train] step=11244 loss=0.013562 lr=6.920e-06
[train] step=11245 loss=0.010528 lr=6.919e-06
[train] step=11246 loss=0.005946 lr=6.919e-06
[train] step=11247 loss=0.007847 lr=6.918e-06
[train] step=11248 loss=0.006751 lr=6.918e-06
[train] step=11249 loss=0.015865 lr=6.917e-06
[train] step=11250 loss=0.008124 lr=6.917e-06
[train] step=11251 loss=0.020998 lr=6.917e-06
[train] step=11252 loss=0.012099 lr=6.916e-06
[train] step=11253 loss=0.009528 lr=6.916e-06
[train] step=11254 loss=0.012678 lr=6.915e-06
[train] step=11255 loss=0.004448 lr=6.915e-06
[train] step=11256 loss=0.004252 lr=6.914e-06
[train] step=11257 loss=0.005181 lr=6.914e-06
[train] step=11258 loss=0.004660 lr=6.913e-06
[train] step=11259 loss=0.008139 lr=6.913e-06
[train] step=11260 loss=0.007271 lr=6.912e-06
[train] step=11261 loss=0.008644 lr=6.912e-06
[train] step=11262 loss=0.010752 lr=6.911e-06
[train] step=11263 loss=0.016291 lr=6.911e-06
[train] step=11264 loss=0.007768 lr=6.910e-06
[train] step=11265 loss=0.012697 lr=6.910e-06
[train] step=11266 loss=0.017345 lr=6.909e-06
[train] step=11267 loss=0.007601 lr=6.909e-06
[train] step=11268 loss=0.011764 lr=6.908e-06
[train] step=11269 loss=0.005360 lr=6.908e-06
[train] step=11270 loss=0.008121 lr=6.907e-06
[train] step=11271 loss=0.007378 lr=6.907e-06
[train] step=11272 loss=0.004588 lr=6.906e-06
[train] step=11273 loss=0.005154 lr=6.906e-06
[train] step=11274 loss=0.014694 lr=6.905e-06
[train] step=11275 loss=0.008570 lr=6.905e-06
[train] step=11276 loss=0.006490 lr=6.904e-06
[train] step=11277 loss=0.020418 lr=6.904e-06
[train] step=11278 loss=0.007920 lr=6.903e-06
[train] step=11279 loss=0.003339 lr=6.903e-06
[train] step=11280 loss=0.003794 lr=6.902e-06
INFO     [rank 0] Model weights for step 11280 saved in      dit_trainer.py:1288
         checkpoints/model_weights_step_11280.safetensors                       
INFO     [rank 0] Scalar embedding weights for step 11280    dit_trainer.py:1297
         saved                                                                  
INFO     [rank 0] Training state saved:                      dit_trainer.py:1416
         checkpoints/model_weights_step_11280.state.pt                          
DEBUG    [rank 0] Removed old checkpoint:                    dit_trainer.py:1429
         /local/disk/hramachandran/work/wh_work/windinet/dit                    
         _outputs/lundquist/dit_sds_untrained_30k/checkpoint                    
         s/model_weights_step_11040.safetensors                                 
DEBUG    [rank 0] Removed old checkpoint:                    dit_trainer.py:1429
         /local/disk/hramachandran/work/wh_work/windinet/dit                    
         _outputs/lundquist/dit_sds_untrained_30k/checkpoint                    
         s/scalar_embedding_step_11040.safetensors                              
DEBUG    [rank 0] Removed optimizer state for older kept     dit_trainer.py:1444
         checkpoint:                                                            
         /local/disk/hramachandran/work/wh_work/windinet/dit                    
         _outputs/lundquist/dit_sds_untrained_30k/checkpoint                    
         s/model_weights_step_11160.state.pt                                    
[epoch 94] step=11280 train_loss=0.012520
[train] step=11281 loss=0.003611 lr=6.902e-06
[train] step=11282 loss=0.010950 lr=6.902e-06
[train] step=11283 loss=0.010610 lr=6.901e-06
[train] step=11284 loss=0.005625 lr=6.901e-06
[train] step=11285 loss=0.004224 lr=6.900e-06
[train] step=11286 loss=0.057505 lr=6.900e-06
[train] step=11287 loss=0.009999 lr=6.899e-06
[train] step=11288 loss=0.005016 lr=6.899e-06
[train] step=11289 loss=0.028019 lr=6.898e-06
[train] step=11290 loss=0.008200 lr=6.898e-06
[train] step=11291 loss=0.006363 lr=6.897e-06
[train] step=11292 loss=0.013461 lr=6.897e-06
[train] step=11293 loss=0.005658 lr=6.896e-06
[train] step=11294 loss=0.007147 lr=6.896e-06
[train] step=11295 loss=0.016320 lr=6.895e-06
[train] step=11296 loss=0.008999 lr=6.895e-06
[train] step=11297 loss=0.020473 lr=6.894e-06
[train] step=11298 loss=0.011744 lr=6.894e-06
[train] step=11299 loss=0.023213 lr=6.893e-06
[train] step=11300 loss=0.006849 lr=6.893e-06
[train] step=11301 loss=0.013642 lr=6.892e-06
[train] step=11302 loss=0.008465 lr=6.892e-06
[train] step=11303 loss=0.012441 lr=6.891e-06
[train] step=11304 loss=0.005835 lr=6.891e-06
[train] step=11305 loss=0.004072 lr=6.890e-06
[train] step=11306 loss=0.007947 lr=6.890e-06
[train] step=11307 loss=0.009191 lr=6.889e-06
[train] step=11308 loss=0.004560 lr=6.889e-06
[train] step=11309 loss=0.008223 lr=6.888e-06
[train] step=11310 loss=0.005516 lr=6.888e-06
[train] step=11311 loss=0.006377 lr=6.887e-06
[train] step=11312 loss=0.005507 lr=6.887e-06
[train] step=11313 loss=0.005776 lr=6.887e-06
[train] step=11314 loss=0.013641 lr=6.886e-06
[train] step=11315 loss=0.005511 lr=6.886e-06
[train] step=11316 loss=0.005573 lr=6.885e-06
[train] step=11317 loss=0.010732 lr=6.885e-06
[train] step=11318 loss=0.009228 lr=6.884e-06
[train] step=11319 loss=0.011672 lr=6.884e-06
[train] step=11320 loss=0.006866 lr=6.883e-06
[train] step=11321 loss=0.017667 lr=6.883e-06
[train] step=11322 loss=0.004992 lr=6.882e-06
[train] step=11323 loss=0.013565 lr=6.882e-06
[train] step=11324 loss=0.005948 lr=6.881e-06
[train] step=11325 loss=0.004099 lr=6.881e-06
[train] step=11326 loss=0.005018 lr=6.880e-06
[train] step=11327 loss=0.010154 lr=6.880e-06
[train] step=11328 loss=0.005009 lr=6.879e-06
[train] step=11329 loss=0.015348 lr=6.879e-06
[train] step=11330 loss=0.012044 lr=6.878e-06
[train] step=11331 loss=0.007882 lr=6.878e-06
[train] step=11332 loss=0.004790 lr=6.877e-06
[train] step=11333 loss=0.008036 lr=6.877e-06
[train] step=11334 loss=0.005855 lr=6.876e-06
[train] step=11335 loss=0.015902 lr=6.876e-06
[train] step=11336 loss=0.004090 lr=6.875e-06
[train] step=11337 loss=0.005613 lr=6.875e-06
[train] step=11338 loss=0.003927 lr=6.874e-06
[train] step=11339 loss=0.058575 lr=6.874e-06
[train] step=11340 loss=0.011328 lr=6.873e-06
[train] step=11341 loss=0.007959 lr=6.873e-06
[train] step=11342 loss=0.006018 lr=6.872e-06
[train] step=11343 loss=0.007011 lr=6.872e-06
[train] step=11344 loss=0.013836 lr=6.871e-06
[train] step=11345 loss=0.007119 lr=6.871e-06
[train] step=11346 loss=0.006957 lr=6.871e-06
[train] step=11347 loss=0.003576 lr=6.870e-06
[train] step=11348 loss=0.005411 lr=6.870e-06
[train] step=11349 loss=0.005092 lr=6.869e-06
[train] step=11350 loss=0.007333 lr=6.869e-06
[train] step=11351 loss=0.004855 lr=6.868e-06
[train] step=11352 loss=0.012232 lr=6.868e-06
[train] step=11353 loss=0.011052 lr=6.867e-06
[train] step=11354 loss=0.006145 lr=6.867e-06
[train] step=11355 loss=0.004199 lr=6.866e-06
[train] step=11356 loss=0.036735 lr=6.866e-06
[train] step=11357 loss=0.007837 lr=6.865e-06
[train] step=11358 loss=0.006002 lr=6.865e-06
[train] step=11359 loss=0.006575 lr=6.864e-06
[train] step=11360 loss=0.005544 lr=6.864e-06
[train] step=11361 loss=0.007490 lr=6.863e-06
[train] step=11362 loss=0.004356 lr=6.863e-06
[train] step=11363 loss=0.008957 lr=6.862e-06
[train] step=11364 loss=0.040895 lr=6.862e-06
[train] step=11365 loss=0.013893 lr=6.861e-06
[train] step=11366 loss=0.008399 lr=6.861e-06
[train] step=11367 loss=0.004086 lr=6.860e-06
[train] step=11368 loss=0.025443 lr=6.860e-06
[train] step=11369 loss=0.008990 lr=6.859e-06
[train] step=11370 loss=0.009270 lr=6.859e-06
[train] step=11371 loss=0.005006 lr=6.858e-06
[train] step=11372 loss=0.005232 lr=6.858e-06
[train] step=11373 loss=0.009452 lr=6.857e-06
[train] step=11374 loss=0.002790 lr=6.857e-06
[train] step=11375 loss=0.008950 lr=6.856e-06
[train] step=11376 loss=0.018173 lr=6.856e-06
[train] step=11377 loss=0.008195 lr=6.855e-06
[train] step=11378 loss=0.006218 lr=6.855e-06
[train] step=11379 loss=0.005395 lr=6.854e-06
[train] step=11380 loss=0.043944 lr=6.854e-06
[train] step=11381 loss=0.006629 lr=6.854e-06
[train] step=11382 loss=0.008487 lr=6.853e-06
[train] step=11383 loss=0.005854 lr=6.853e-06
[train] step=11384 loss=0.007503 lr=6.852e-06
[train] step=11385 loss=0.005483 lr=6.852e-06
[train] step=11386 loss=0.009049 lr=6.851e-06
[train] step=11387 loss=0.004957 lr=6.851e-06
[train] step=11388 loss=0.015970 lr=6.850e-06
[train] step=11389 loss=0.006931 lr=6.850e-06
[train] step=11390 loss=0.006021 lr=6.849e-06
[train] step=11391 loss=0.005034 lr=6.849e-06
[train] step=11392 loss=0.005172 lr=6.848e-06
[train] step=11393 loss=0.015972 lr=6.848e-06
[train] step=11394 loss=0.019528 lr=6.847e-06
[train] step=11395 loss=0.007288 lr=6.847e-06
[train] step=11396 loss=0.007081 lr=6.846e-06
[train] step=11397 loss=0.006430 lr=6.846e-06
[train] step=11398 loss=0.014912 lr=6.845e-06
[train] step=11399 loss=0.003458 lr=6.845e-06
[train] step=11400 loss=0.004757 lr=6.844e-06
[val] step=11400 val_loss=0.012473
INFO     [rank 0] Model weights for step 11400 saved in      dit_trainer.py:1288
         checkpoints/model_weights_step_11400.safetensors                       
INFO     [rank 0] Scalar embedding weights for step 11400    dit_trainer.py:1297
         saved                                                                  
INFO     [rank 0] Training state saved:                      dit_trainer.py:1416
         checkpoints/model_weights_step_11400.state.pt                          
DEBUG    [rank 0] Removed old checkpoint:                    dit_trainer.py:1429
         /local/disk/hramachandran/work/wh_work/windinet/dit                    
         _outputs/lundquist/dit_sds_untrained_30k/checkpoint                    
         s/model_weights_step_11160.safetensors                                 
DEBUG    [rank 0] Removed old checkpoint:                    dit_trainer.py:1429
         /local/disk/hramachandran/work/wh_work/windinet/dit                    
         _outputs/lundquist/dit_sds_untrained_30k/checkpoint                    
         s/scalar_embedding_step_11160.safetensors                              
DEBUG    [rank 0] Removed optimizer state for older kept     dit_trainer.py:1444
         checkpoint:                                                            
         /local/disk/hramachandran/work/wh_work/windinet/dit                    
         _outputs/lundquist/dit_sds_untrained_30k/checkpoint                    
         s/model_weights_step_11280.state.pt                                    
[epoch 95] step=11400 train_loss=0.010223 val_loss=0.012473
[train] step=11401 loss=0.026816 lr=6.844e-06
[train] step=11402 loss=0.017216 lr=6.843e-06
[train] step=11403 loss=0.007239 lr=6.843e-06
[train] step=11404 loss=0.005265 lr=6.842e-06
[train] step=11405 loss=0.005342 lr=6.842e-06
[train] step=11406 loss=0.004634 lr=6.841e-06
[train] step=11407 loss=0.008620 lr=6.841e-06
[train] step=11408 loss=0.007446 lr=6.840e-06
[train] step=11409 loss=0.004582 lr=6.840e-06
[train] step=11410 loss=0.004898 lr=6.839e-06
[train] step=11411 loss=0.008735 lr=6.839e-06
[train] step=11412 loss=0.023333 lr=6.838e-06
[train] step=11413 loss=0.009491 lr=6.838e-06
[train] step=11414 loss=0.003651 lr=6.837e-06
[train] step=11415 loss=0.017232 lr=6.837e-06
[train] step=11416 loss=0.003982 lr=6.836e-06
[train] step=11417 loss=0.006971 lr=6.836e-06
[train] step=11418 loss=0.006629 lr=6.836e-06
[train] step=11419 loss=0.007237 lr=6.835e-06
[train] step=11420 loss=0.012562 lr=6.835e-06
[train] step=11421 loss=0.007359 lr=6.834e-06
[train] step=11422 loss=0.004136 lr=6.834e-06
[train] step=11423 loss=0.009435 lr=6.833e-06
[train] step=11424 loss=0.009259 lr=6.833e-06
[train] step=11425 loss=0.010463 lr=6.832e-06
[train] step=11426 loss=0.011146 lr=6.832e-06
[train] step=11427 loss=0.003873 lr=6.831e-06
[train] step=11428 loss=0.012901 lr=6.831e-06
[train] step=11429 loss=0.003595 lr=6.830e-06
[train] step=11430 loss=0.047334 lr=6.830e-06
[train] step=11431 loss=0.008317 lr=6.829e-06
[train] step=11432 loss=0.009264 lr=6.829e-06
[train] step=11433 loss=0.003913 lr=6.828e-06
[train] step=11434 loss=0.008275 lr=6.828e-06
[train] step=11435 loss=0.004647 lr=6.827e-06
[train] step=11436 loss=0.009581 lr=6.827e-06
[train] step=11437 loss=0.003455 lr=6.826e-06
[train] step=11438 loss=0.007259 lr=6.826e-06
[train] step=11439 loss=0.011520 lr=6.825e-06
[train] step=11440 loss=0.004019 lr=6.825e-06
[train] step=11441 loss=0.013901 lr=6.824e-06
[train] step=11442 loss=0.007480 lr=6.824e-06
[train] step=11443 loss=0.004079 lr=6.823e-06
[train] step=11444 loss=0.013714 lr=6.823e-06
[train] step=11445 loss=0.009223 lr=6.822e-06
[train] step=11446 loss=0.003483 lr=6.822e-06
[train] step=11447 loss=0.010873 lr=6.821e-06
[train] step=11448 loss=0.005428 lr=6.821e-06
[train] step=11449 loss=0.016888 lr=6.820e-06
[train] step=11450 loss=0.010021 lr=6.820e-06
[train] step=11451 loss=0.006584 lr=6.819e-06
[train] step=11452 loss=0.009893 lr=6.819e-06
[train] step=11453 loss=0.008227 lr=6.818e-06
[train] step=11454 loss=0.007274 lr=6.818e-06
[train] step=11455 loss=0.012538 lr=6.817e-06
[train] step=11456 loss=0.012960 lr=6.817e-06
[train] step=11457 loss=0.025459 lr=6.817e-06
[train] step=11458 loss=0.011354 lr=6.816e-06
[train] step=11459 loss=0.004256 lr=6.816e-06
[train] step=11460 loss=0.004840 lr=6.815e-06
[train] step=11461 loss=0.007970 lr=6.815e-06
[train] step=11462 loss=0.009068 lr=6.814e-06
[train] step=11463 loss=0.007087 lr=6.814e-06
[train] step=11464 loss=0.045605 lr=6.813e-06
[train] step=11465 loss=0.005586 lr=6.813e-06
[train] step=11466 loss=0.006024 lr=6.812e-06
[train] step=11467 loss=0.005229 lr=6.812e-06
[train] step=11468 loss=0.005540 lr=6.811e-06
[train] step=11469 loss=0.003610 lr=6.811e-06
[train] step=11470 loss=0.006218 lr=6.810e-06
[train] step=11471 loss=0.005943 lr=6.810e-06
[train] step=11472 loss=0.010232 lr=6.809e-06
[train] step=11473 loss=0.005044 lr=6.809e-06
[train] step=11474 loss=0.005265 lr=6.808e-06
[train] step=11475 loss=0.008762 lr=6.808e-06
[train] step=11476 loss=0.010367 lr=6.807e-06
[train] step=11477 loss=0.003447 lr=6.807e-06
[train] step=11478 loss=0.006045 lr=6.806e-06
[train] step=11479 loss=0.007916 lr=6.806e-06
[train] step=11480 loss=0.008077 lr=6.805e-06
[train] step=11481 loss=0.005029 lr=6.805e-06
[train] step=11482 loss=0.005262 lr=6.804e-06
[train] step=11483 loss=0.008254 lr=6.804e-06
[train] step=11484 loss=0.007894 lr=6.803e-06
[train] step=11485 loss=0.008447 lr=6.803e-06
[train] step=11486 loss=0.008658 lr=6.802e-06
[train] step=11487 loss=0.008584 lr=6.802e-06
[train] step=11488 loss=0.005378 lr=6.801e-06
[train] step=11489 loss=0.004211 lr=6.801e-06
[train] step=11490 loss=0.009019 lr=6.800e-06
[train] step=11491 loss=0.006292 lr=6.800e-06
[train] step=11492 loss=0.018204 lr=6.799e-06
[train] step=11493 loss=0.010644 lr=6.799e-06
[train] step=11494 loss=0.004808 lr=6.798e-06
[train] step=11495 loss=0.004570 lr=6.798e-06
[train] step=11496 loss=0.003539 lr=6.797e-06
[train] step=11497 loss=0.014682 lr=6.797e-06
[train] step=11498 loss=0.007548 lr=6.797e-06
[train] step=11499 loss=0.005259 lr=6.796e-06
[train] step=11500 loss=0.006645 lr=6.796e-06
[train] step=11501 loss=0.012462 lr=6.795e-06
[train] step=11502 loss=0.009647 lr=6.795e-06
[train] step=11503 loss=0.018959 lr=6.794e-06
[train] step=11504 loss=0.005359 lr=6.794e-06
[train] step=11505 loss=0.006952 lr=6.793e-06
[train] step=11506 loss=0.009426 lr=6.793e-06
[train] step=11507 loss=0.007784 lr=6.792e-06
[train] step=11508 loss=0.005655 lr=6.792e-06
[train] step=11509 loss=0.008235 lr=6.791e-06
[train] step=11510 loss=0.013796 lr=6.791e-06
[train] step=11511 loss=0.010852 lr=6.790e-06
[train] step=11512 loss=0.009602 lr=6.790e-06
[train] step=11513 loss=0.005818 lr=6.789e-06
[train] step=11514 loss=0.010338 lr=6.789e-06
[train] step=11515 loss=0.008417 lr=6.788e-06
[train] step=11516 loss=0.011973 lr=6.788e-06
[train] step=11517 loss=0.014427 lr=6.787e-06
[train] step=11518 loss=0.009413 lr=6.787e-06
[train] step=11519 loss=0.006446 lr=6.786e-06
[train] step=11520 loss=0.009580 lr=6.786e-06
INFO     [rank 0] Model weights for step 11520 saved in      dit_trainer.py:1288
         checkpoints/model_weights_step_11520.safetensors                       
INFO     [rank 0] Scalar embedding weights for step 11520    dit_trainer.py:1297
         saved                                                                  
INFO     [rank 0] Training state saved:                      dit_trainer.py:1416
         checkpoints/model_weights_step_11520.state.pt                          
DEBUG    [rank 0] Removed old checkpoint:                    dit_trainer.py:1429
         /local/disk/hramachandran/work/wh_work/windinet/dit                    
         _outputs/lundquist/dit_sds_untrained_30k/checkpoint                    
         s/model_weights_step_11280.safetensors                                 
DEBUG    [rank 0] Removed old checkpoint:                    dit_trainer.py:1429
         /local/disk/hramachandran/work/wh_work/windinet/dit                    
         _outputs/lundquist/dit_sds_untrained_30k/checkpoint                    
         s/scalar_embedding_step_11280.safetensors                              
DEBUG    [rank 0] Removed optimizer state for older kept     dit_trainer.py:1444
         checkpoint:                                                            
         /local/disk/hramachandran/work/wh_work/windinet/dit                    
         _outputs/lundquist/dit_sds_untrained_30k/checkpoint                    
         s/model_weights_step_11400.state.pt                                    
[epoch 96] step=11520 train_loss=0.009137
[train] step=11521 loss=0.007701 lr=6.785e-06
[train] step=11522 loss=0.004082 lr=6.785e-06
[train] step=11523 loss=0.005645 lr=6.784e-06
[train] step=11524 loss=0.094585 lr=6.784e-06
[train] step=11525 loss=0.007233 lr=6.783e-06
[train] step=11526 loss=0.010740 lr=6.783e-06
[train] step=11527 loss=0.041375 lr=6.782e-06
[train] step=11528 loss=0.006101 lr=6.782e-06
[train] step=11529 loss=0.008899 lr=6.781e-06
[train] step=11530 loss=0.006435 lr=6.781e-06
[train] step=11531 loss=0.008839 lr=6.780e-06
[train] step=11532 loss=0.006866 lr=6.780e-06
[train] step=11533 loss=0.003849 lr=6.779e-06
[train] step=11534 loss=0.012724 lr=6.779e-06
[train] step=11535 loss=0.004258 lr=6.778e-06
[train] step=11536 loss=0.004894 lr=6.778e-06
[train] step=11537 loss=0.002689 lr=6.777e-06
[train] step=11538 loss=0.012882 lr=6.777e-06
[train] step=11539 loss=0.004109 lr=6.776e-06
[train] step=11540 loss=0.007658 lr=6.776e-06
[train] step=11541 loss=0.004045 lr=6.775e-06
[train] step=11542 loss=0.014813 lr=6.775e-06
[train] step=11543 loss=0.005038 lr=6.775e-06
[train] step=11544 loss=0.006341 lr=6.774e-06
[train] step=11545 loss=0.004166 lr=6.774e-06
[train] step=11546 loss=0.094651 lr=6.773e-06
[train] step=11547 loss=0.005920 lr=6.773e-06
[train] step=11548 loss=0.009219 lr=6.772e-06
[train] step=11549 loss=0.011497 lr=6.772e-06
[train] step=11550 loss=0.004587 lr=6.771e-06
[train] step=11551 loss=0.005027 lr=6.771e-06
[train] step=11552 loss=0.010855 lr=6.770e-06
[train] step=11553 loss=0.006592 lr=6.770e-06
[train] step=11554 loss=0.004029 lr=6.769e-06
[train] step=11555 loss=0.006567 lr=6.769e-06
[train] step=11556 loss=0.013544 lr=6.768e-06
[train] step=11557 loss=0.007228 lr=6.768e-06
[train] step=11558 loss=0.003573 lr=6.767e-06
[train] step=11559 loss=0.014460 lr=6.767e-06
[train] step=11560 loss=0.003978 lr=6.766e-06
[train] step=11561 loss=0.005464 lr=6.766e-06
[train] step=11562 loss=0.006787 lr=6.765e-06
[train] step=11563 loss=0.007653 lr=6.765e-06
[train] step=11564 loss=0.003924 lr=6.764e-06
[train] step=11565 loss=0.003977 lr=6.764e-06
[train] step=11566 loss=0.005168 lr=6.763e-06
[train] step=11567 loss=0.007157 lr=6.763e-06
[train] step=11568 loss=0.010582 lr=6.762e-06
[train] step=11569 loss=0.006810 lr=6.762e-06
[train] step=11570 loss=0.004629 lr=6.761e-06
[train] step=11571 loss=0.006549 lr=6.761e-06
[train] step=11572 loss=0.008123 lr=6.760e-06
[train] step=11573 loss=0.005195 lr=6.760e-06
[train] step=11574 loss=0.007646 lr=6.759e-06
[train] step=11575 loss=0.003260 lr=6.759e-06
[train] step=11576 loss=0.016819 lr=6.758e-06
[train] step=11577 loss=0.006144 lr=6.758e-06
[train] step=11578 loss=0.006799 lr=6.757e-06
[train] step=11579 loss=0.005036 lr=6.757e-06
[train] step=11580 loss=0.007427 lr=6.756e-06
[train] step=11581 loss=0.005465 lr=6.756e-06
[train] step=11582 loss=0.007966 lr=6.755e-06
[train] step=11583 loss=0.005253 lr=6.755e-06
[train] step=11584 loss=0.004312 lr=6.754e-06
[train] step=11585 loss=0.003169 lr=6.754e-06
[train] step=11586 loss=0.005438 lr=6.753e-06
[train] step=11587 loss=0.010526 lr=6.753e-06
[train] step=11588 loss=0.005127 lr=6.752e-06
[train] step=11589 loss=0.003684 lr=6.752e-06
[train] step=11590 loss=0.008525 lr=6.752e-06
[train] step=11591 loss=0.007180 lr=6.751e-06
[train] step=11592 loss=0.005613 lr=6.751e-06
[train] step=11593 loss=0.010043 lr=6.750e-06
[train] step=11594 loss=0.007712 lr=6.750e-06
[train] step=11595 loss=0.005108 lr=6.749e-06
[train] step=11596 loss=0.003852 lr=6.749e-06
[train] step=11597 loss=0.006399 lr=6.748e-06
[train] step=11598 loss=0.007057 lr=6.748e-06
[train] step=11599 loss=0.006277 lr=6.747e-06
[train] step=11600 loss=0.006299 lr=6.747e-06
[train] step=11601 loss=0.005542 lr=6.746e-06
[train] step=11602 loss=0.011979 lr=6.746e-06
[train] step=11603 loss=0.019900 lr=6.745e-06
[train] step=11604 loss=0.011162 lr=6.745e-06
[train] step=11605 loss=0.005171 lr=6.744e-06
[train] step=11606 loss=0.004901 lr=6.744e-06
[train] step=11607 loss=0.004900 lr=6.743e-06
[train] step=11608 loss=0.008220 lr=6.743e-06
[train] step=11609 loss=0.019365 lr=6.742e-06
[train] step=11610 loss=0.010648 lr=6.742e-06
[train] step=11611 loss=0.011843 lr=6.741e-06
[train] step=11612 loss=0.003061 lr=6.741e-06
[train] step=11613 loss=0.005705 lr=6.740e-06
[train] step=11614 loss=0.007499 lr=6.740e-06
[train] step=11615 loss=0.003309 lr=6.739e-06
[train] step=11616 loss=0.015084 lr=6.739e-06
[train] step=11617 loss=0.005251 lr=6.738e-06
[train] step=11618 loss=0.008795 lr=6.738e-06
[train] step=11619 loss=0.005226 lr=6.737e-06
[train] step=11620 loss=0.012080 lr=6.737e-06
[train] step=11621 loss=0.002954 lr=6.736e-06
[train] step=11622 loss=0.030179 lr=6.736e-06
[train] step=11623 loss=0.004582 lr=6.735e-06
[train] step=11624 loss=0.007171 lr=6.735e-06
[train] step=11625 loss=0.018496 lr=6.734e-06
[train] step=11626 loss=0.008552 lr=6.734e-06
[train] step=11627 loss=0.006927 lr=6.733e-06
[train] step=11628 loss=0.009641 lr=6.733e-06
[train] step=11629 loss=0.015209 lr=6.732e-06
[train] step=11630 loss=0.010428 lr=6.732e-06
[train] step=11631 loss=0.012871 lr=6.731e-06
[train] step=11632 loss=0.040855 lr=6.731e-06
[train] step=11633 loss=0.024849 lr=6.730e-06
[train] step=11634 loss=0.004622 lr=6.730e-06
[train] step=11635 loss=0.005151 lr=6.729e-06
[train] step=11636 loss=0.016875 lr=6.729e-06
[train] step=11637 loss=0.011878 lr=6.728e-06
[train] step=11638 loss=0.004778 lr=6.728e-06
[train] step=11639 loss=0.004857 lr=6.727e-06
[train] step=11640 loss=0.008629 lr=6.727e-06
INFO     [rank 0] Model weights for step 11640 saved in      dit_trainer.py:1288
         checkpoints/model_weights_step_11640.safetensors                       
INFO     [rank 0] Scalar embedding weights for step 11640    dit_trainer.py:1297
         saved                                                                  
INFO     [rank 0] Training state saved:                      dit_trainer.py:1416
         checkpoints/model_weights_step_11640.state.pt                          
DEBUG    [rank 0] Removed old checkpoint:                    dit_trainer.py:1429
         /local/disk/hramachandran/work/wh_work/windinet/dit                    
         _outputs/lundquist/dit_sds_untrained_30k/checkpoint                    
         s/model_weights_step_11400.safetensors                                 
DEBUG    [rank 0] Removed old checkpoint:                    dit_trainer.py:1429
         /local/disk/hramachandran/work/wh_work/windinet/dit                    
         _outputs/lundquist/dit_sds_untrained_30k/checkpoint                    
         s/scalar_embedding_step_11400.safetensors                              
DEBUG    [rank 0] Removed optimizer state for older kept     dit_trainer.py:1444
         checkpoint:                                                            
         /local/disk/hramachandran/work/wh_work/windinet/dit                    
         _outputs/lundquist/dit_sds_untrained_30k/checkpoint                    
         s/model_weights_step_11520.state.pt                                    
[epoch 97] step=11640 train_loss=0.009900
[train] step=11641 loss=0.005682 lr=6.726e-06
[train] step=11642 loss=0.018255 lr=6.726e-06
[train] step=11643 loss=0.016901 lr=6.726e-06
[train] step=11644 loss=0.012420 lr=6.725e-06
[train] step=11645 loss=0.024884 lr=6.725e-06
[train] step=11646 loss=0.007184 lr=6.724e-06
[train] step=11647 loss=0.006711 lr=6.724e-06
[train] step=11648 loss=0.010707 lr=6.723e-06
[train] step=11649 loss=0.007125 lr=6.723e-06
[train] step=11650 loss=0.007223 lr=6.722e-06
[train] step=11651 loss=0.008898 lr=6.722e-06
[train] step=11652 loss=0.004271 lr=6.721e-06
[train] step=11653 loss=0.005972 lr=6.721e-06
[train] step=11654 loss=0.010048 lr=6.720e-06
[train] step=11655 loss=0.004894 lr=6.720e-06
[train] step=11656 loss=0.005937 lr=6.719e-06
[train] step=11657 loss=0.005083 lr=6.719e-06
[train] step=11658 loss=0.022841 lr=6.718e-06
[train] step=11659 loss=0.005694 lr=6.718e-06
[train] step=11660 loss=0.008024 lr=6.717e-06
[train] step=11661 loss=0.003802 lr=6.717e-06
[train] step=11662 loss=0.007164 lr=6.716e-06
[train] step=11663 loss=0.008815 lr=6.716e-06
[train] step=11664 loss=0.005713 lr=6.715e-06
[train] step=11665 loss=0.015607 lr=6.715e-06
[train] step=11666 loss=0.026396 lr=6.714e-06
[train] step=11667 loss=0.003228 lr=6.714e-06
[train] step=11668 loss=0.010845 lr=6.713e-06
[train] step=11669 loss=0.004272 lr=6.713e-06
[train] step=11670 loss=0.008666 lr=6.712e-06
[train] step=11671 loss=0.007978 lr=6.712e-06
[train] step=11672 loss=0.003307 lr=6.711e-06
[train] step=11673 loss=0.008984 lr=6.711e-06
[train] step=11674 loss=0.012328 lr=6.710e-06
[train] step=11675 loss=0.012594 lr=6.710e-06
[train] step=11676 loss=0.019525 lr=6.709e-06
[train] step=11677 loss=0.006628 lr=6.709e-06
[train] step=11678 loss=0.012226 lr=6.708e-06
[train] step=11679 loss=0.027333 lr=6.708e-06
[train] step=11680 loss=0.010544 lr=6.707e-06
[train] step=11681 loss=0.016976 lr=6.707e-06
[train] step=11682 loss=0.015486 lr=6.706e-06
[train] step=11683 loss=0.006685 lr=6.706e-06
[train] step=11684 loss=0.004037 lr=6.705e-06
[train] step=11685 loss=0.004614 lr=6.705e-06
[train] step=11686 loss=0.003726 lr=6.704e-06
[train] step=11687 loss=0.008983 lr=6.704e-06
[train] step=11688 loss=0.007394 lr=6.703e-06
[train] step=11689 loss=0.004132 lr=6.703e-06
[train] step=11690 loss=0.003954 lr=6.702e-06
[train] step=11691 loss=0.015651 lr=6.702e-06
[train] step=11692 loss=0.005603 lr=6.701e-06
[train] step=11693 loss=0.005093 lr=6.701e-06
[train] step=11694 loss=0.003340 lr=6.700e-06
[train] step=11695 loss=0.004902 lr=6.700e-06
[train] step=11696 loss=0.004645 lr=6.699e-06
[train] step=11697 loss=0.003855 lr=6.699e-06
[train] step=11698 loss=0.005225 lr=6.698e-06
[train] step=11699 loss=0.006131 lr=6.698e-06
[train] step=11700 loss=0.020612 lr=6.697e-06
[train] step=11701 loss=0.010314 lr=6.697e-06
[train] step=11702 loss=0.009793 lr=6.697e-06
[train] step=11703 loss=0.010884 lr=6.696e-06
[train] step=11704 loss=0.016400 lr=6.696e-06
[train] step=11705 loss=0.006275 lr=6.695e-06
[train] step=11706 loss=0.010404 lr=6.695e-06
[train] step=11707 loss=0.006483 lr=6.694e-06
[train] step=11708 loss=0.008403 lr=6.694e-06
[train] step=11709 loss=0.007650 lr=6.693e-06
[train] step=11710 loss=0.008749 lr=6.693e-06
[train] step=11711 loss=0.005292 lr=6.692e-06
[train] step=11712 loss=0.004661 lr=6.692e-06
[train] step=11713 loss=0.010701 lr=6.691e-06
[train] step=11714 loss=0.006474 lr=6.691e-06
[train] step=11715 loss=0.009848 lr=6.690e-06
[train] step=11716 loss=0.021232 lr=6.690e-06
[train] step=11717 loss=0.009313 lr=6.689e-06
[train] step=11718 loss=0.007731 lr=6.689e-06
[train] step=11719 loss=0.022142 lr=6.688e-06
[train] step=11720 loss=0.004710 lr=6.688e-06
[train] step=11721 loss=0.013520 lr=6.687e-06
[train] step=11722 loss=0.004342 lr=6.687e-06
[train] step=11723 loss=0.009197 lr=6.686e-06
[train] step=11724 loss=0.005597 lr=6.686e-06
[train] step=11725 loss=0.008719 lr=6.685e-06
[train] step=11726 loss=0.004602 lr=6.685e-06
[train] step=11727 loss=0.004172 lr=6.684e-06
[train] step=11728 loss=0.008779 lr=6.684e-06
[train] step=11729 loss=0.010906 lr=6.683e-06
[train] step=11730 loss=0.010723 lr=6.683e-06
[train] step=11731 loss=0.023048 lr=6.682e-06
[train] step=11732 loss=0.003095 lr=6.682e-06
[train] step=11733 loss=0.006108 lr=6.681e-06
[train] step=11734 loss=0.004262 lr=6.681e-06
[train] step=11735 loss=0.004008 lr=6.680e-06
[train] step=11736 loss=0.014699 lr=6.680e-06
[train] step=11737 loss=0.007057 lr=6.679e-06
[train] step=11738 loss=0.005731 lr=6.679e-06
[train] step=11739 loss=0.005694 lr=6.678e-06
[train] step=11740 loss=0.006855 lr=6.678e-06
[train] step=11741 loss=0.012034 lr=6.677e-06
[train] step=11742 loss=0.004548 lr=6.677e-06
[train] step=11743 loss=0.006112 lr=6.676e-06
[train] step=11744 loss=0.011118 lr=6.676e-06
[train] step=11745 loss=0.010161 lr=6.675e-06
[train] step=11746 loss=0.006241 lr=6.675e-06
[train] step=11747 loss=0.007544 lr=6.674e-06
[train] step=11748 loss=0.007218 lr=6.674e-06
[train] step=11749 loss=0.001737 lr=6.673e-06
[train] step=11750 loss=0.011008 lr=6.673e-06
[train] step=11751 loss=0.005227 lr=6.672e-06
[train] step=11752 loss=0.010265 lr=6.672e-06
[train] step=11753 loss=0.014071 lr=6.671e-06
[train] step=11754 loss=0.005362 lr=6.671e-06
[train] step=11755 loss=0.015583 lr=6.670e-06
[train] step=11756 loss=0.003697 lr=6.670e-06
[train] step=11757 loss=0.005557 lr=6.669e-06
[train] step=11758 loss=0.004255 lr=6.669e-06
[train] step=11759 loss=0.015180 lr=6.668e-06
[train] step=11760 loss=0.004690 lr=6.668e-06
INFO     [rank 0] Model weights for step 11760 saved in      dit_trainer.py:1288
         checkpoints/model_weights_step_11760.safetensors                       
INFO     [rank 0] Scalar embedding weights for step 11760    dit_trainer.py:1297
         saved                                                                  
INFO     [rank 0] Training state saved:                      dit_trainer.py:1416
         checkpoints/model_weights_step_11760.state.pt                          
DEBUG    [rank 0] Removed old checkpoint:                    dit_trainer.py:1429
         /local/disk/hramachandran/work/wh_work/windinet/dit                    
         _outputs/lundquist/dit_sds_untrained_30k/checkpoint                    
         s/model_weights_step_11520.safetensors                                 
DEBUG    [rank 0] Removed old checkpoint:                    dit_trainer.py:1429
         /local/disk/hramachandran/work/wh_work/windinet/dit                    
         _outputs/lundquist/dit_sds_untrained_30k/checkpoint                    
         s/scalar_embedding_step_11520.safetensors                              
DEBUG    [rank 0] Removed optimizer state for older kept     dit_trainer.py:1444
         checkpoint:                                                            
         /local/disk/hramachandran/work/wh_work/windinet/dit                    
         _outputs/lundquist/dit_sds_untrained_30k/checkpoint                    
         s/model_weights_step_11640.state.pt                                    
[epoch 98] step=11760 train_loss=0.009082
[train] step=11761 loss=0.011761 lr=6.667e-06
[train] step=11762 loss=0.006204 lr=6.667e-06
[train] step=11763 loss=0.014097 lr=6.666e-06
[train] step=11764 loss=0.006537 lr=6.666e-06
[train] step=11765 loss=0.004398 lr=6.665e-06
[train] step=11766 loss=0.013694 lr=6.665e-06
[train] step=11767 loss=0.026137 lr=6.664e-06
[train] step=11768 loss=0.007048 lr=6.664e-06
[train] step=11769 loss=0.008852 lr=6.663e-06
[train] step=11770 loss=0.024309 lr=6.663e-06
[train] step=11771 loss=0.014634 lr=6.663e-06
[train] step=11772 loss=0.016471 lr=6.662e-06
[train] step=11773 loss=0.009066 lr=6.662e-06
[train] step=11774 loss=0.009551 lr=6.661e-06
[train] step=11775 loss=0.022867 lr=6.661e-06
[train] step=11776 loss=0.006780 lr=6.660e-06
[train] step=11777 loss=0.004827 lr=6.660e-06
[train] step=11778 loss=0.007111 lr=6.659e-06
[train] step=11779 loss=0.022531 lr=6.659e-06
[train] step=11780 loss=0.004647 lr=6.658e-06
[train] step=11781 loss=0.036044 lr=6.658e-06
[train] step=11782 loss=0.010406 lr=6.657e-06
[train] step=11783 loss=0.088093 lr=6.657e-06
[train] step=11784 loss=0.016983 lr=6.656e-06
[train] step=11785 loss=0.007669 lr=6.656e-06
[train] step=11786 loss=0.005436 lr=6.655e-06
[train] step=11787 loss=0.002684 lr=6.655e-06
[train] step=11788 loss=0.005347 lr=6.654e-06
[train] step=11789 loss=0.009247 lr=6.654e-06
[train] step=11790 loss=0.009927 lr=6.653e-06
[train] step=11791 loss=0.003664 lr=6.653e-06
[train] step=11792 loss=0.012432 lr=6.652e-06
[train] step=11793 loss=0.004276 lr=6.652e-06
[train] step=11794 loss=0.015684 lr=6.651e-06
[train] step=11795 loss=0.005072 lr=6.651e-06
[train] step=11796 loss=0.004220 lr=6.650e-06
[train] step=11797 loss=0.012917 lr=6.650e-06
[train] step=11798 loss=0.016666 lr=6.649e-06
[train] step=11799 loss=0.004892 lr=6.649e-06
[train] step=11800 loss=0.004208 lr=6.648e-06
[train] step=11801 loss=0.020987 lr=6.648e-06
[train] step=11802 loss=0.006228 lr=6.647e-06
[train] step=11803 loss=0.005959 lr=6.647e-06
[train] step=11804 loss=0.006774 lr=6.646e-06
[train] step=11805 loss=0.008366 lr=6.646e-06
[train] step=11806 loss=0.009664 lr=6.645e-06
[train] step=11807 loss=0.004746 lr=6.645e-06
[train] step=11808 loss=0.006679 lr=6.644e-06
[train] step=11809 loss=0.008778 lr=6.644e-06
[train] step=11810 loss=0.015425 lr=6.643e-06
[train] step=11811 loss=0.009407 lr=6.643e-06
[train] step=11812 loss=0.005911 lr=6.642e-06
[train] step=11813 loss=0.003468 lr=6.642e-06
[train] step=11814 loss=0.004476 lr=6.641e-06
[train] step=11815 loss=0.002581 lr=6.641e-06
[train] step=11816 loss=0.009266 lr=6.640e-06
[train] step=11817 loss=0.007241 lr=6.640e-06
[train] step=11818 loss=0.016839 lr=6.639e-06
[train] step=11819 loss=0.013775 lr=6.639e-06
[train] step=11820 loss=0.012574 lr=6.638e-06
[train] step=11821 loss=0.015544 lr=6.638e-06
[train] step=11822 loss=0.018905 lr=6.637e-06
[train] step=11823 loss=0.003510 lr=6.637e-06
[train] step=11824 loss=0.011425 lr=6.636e-06
[train] step=11825 loss=0.024727 lr=6.636e-06
[train] step=11826 loss=0.005504 lr=6.635e-06
[train] step=11827 loss=0.004457 lr=6.635e-06
[train] step=11828 loss=0.008253 lr=6.634e-06
[train] step=11829 loss=0.010716 lr=6.634e-06
[train] step=11830 loss=0.007531 lr=6.633e-06
[train] step=11831 loss=0.005208 lr=6.633e-06
[train] step=11832 loss=0.030997 lr=6.632e-06
[train] step=11833 loss=0.006910 lr=6.632e-06
[train] step=11834 loss=0.023191 lr=6.631e-06
[train] step=11835 loss=0.012214 lr=6.631e-06
[train] step=11836 loss=0.004303 lr=6.630e-06
[train] step=11837 loss=0.016850 lr=6.630e-06
[train] step=11838 loss=0.012875 lr=6.629e-06
[train] step=11839 loss=0.003174 lr=6.629e-06
[train] step=11840 loss=0.054874 lr=6.628e-06
[train] step=11841 loss=0.015603 lr=6.628e-06
[train] step=11842 loss=0.016054 lr=6.627e-06
[train] step=11843 loss=0.010738 lr=6.627e-06
[train] step=11844 loss=0.003540 lr=6.626e-06
[train] step=11845 loss=0.025640 lr=6.626e-06
[train] step=11846 loss=0.009281 lr=6.625e-06
[train] step=11847 loss=0.006966 lr=6.625e-06
[train] step=11848 loss=0.006028 lr=6.624e-06
[train] step=11849 loss=0.009251 lr=6.624e-06
[train] step=11850 loss=0.005944 lr=6.623e-06
[train] step=11851 loss=0.005899 lr=6.623e-06
[train] step=11852 loss=0.008487 lr=6.622e-06
[train] step=11853 loss=0.006043 lr=6.622e-06
[train] step=11854 loss=0.010582 lr=6.621e-06
[train] step=11855 loss=0.011285 lr=6.621e-06
[train] step=11856 loss=0.009271 lr=6.620e-06
[train] step=11857 loss=0.024707 lr=6.620e-06
[train] step=11858 loss=0.005975 lr=6.620e-06
[train] step=11859 loss=0.004236 lr=6.619e-06
[train] step=11860 loss=0.007813 lr=6.619e-06
[train] step=11861 loss=0.005062 lr=6.618e-06
[train] step=11862 loss=0.005235 lr=6.618e-06
[train] step=11863 loss=0.007566 lr=6.617e-06
[train] step=11864 loss=0.005827 lr=6.617e-06
[train] step=11865 loss=0.003799 lr=6.616e-06
[train] step=11866 loss=0.006169 lr=6.616e-06
[train] step=11867 loss=0.005393 lr=6.615e-06
[train] step=11868 loss=0.014893 lr=6.615e-06
[train] step=11869 loss=0.019515 lr=6.614e-06
[train] step=11870 loss=0.011029 lr=6.614e-06
[train] step=11871 loss=0.012797 lr=6.613e-06
[train] step=11872 loss=0.021054 lr=6.613e-06
[train] step=11873 loss=0.006453 lr=6.612e-06
[train] step=11874 loss=0.011044 lr=6.612e-06
[train] step=11875 loss=0.006718 lr=6.611e-06
[train] step=11876 loss=0.005310 lr=6.611e-06
[train] step=11877 loss=0.004580 lr=6.610e-06
[train] step=11878 loss=0.003861 lr=6.610e-06
[train] step=11879 loss=0.013262 lr=6.609e-06
[train] step=11880 loss=0.008851 lr=6.609e-06
INFO     [rank 0] Model weights for step 11880 saved in      dit_trainer.py:1288
         checkpoints/model_weights_step_11880.safetensors                       
INFO     [rank 0] Scalar embedding weights for step 11880    dit_trainer.py:1297
         saved                                                                  
INFO     [rank 0] Training state saved:                      dit_trainer.py:1416
         checkpoints/model_weights_step_11880.state.pt                          
DEBUG    [rank 0] Removed old checkpoint:                    dit_trainer.py:1429
         /local/disk/hramachandran/work/wh_work/windinet/dit                    
         _outputs/lundquist/dit_sds_untrained_30k/checkpoint                    
         s/model_weights_step_11640.safetensors                                 
DEBUG    [rank 0] Removed old checkpoint:                    dit_trainer.py:1429
         /local/disk/hramachandran/work/wh_work/windinet/dit                    
         _outputs/lundquist/dit_sds_untrained_30k/checkpoint                    
         s/scalar_embedding_step_11640.safetensors                              
DEBUG    [rank 0] Removed optimizer state for older kept     dit_trainer.py:1444
         checkpoint:                                                            
         /local/disk/hramachandran/work/wh_work/windinet/dit                    
         _outputs/lundquist/dit_sds_untrained_30k/checkpoint                    
         s/model_weights_step_11760.state.pt                                    
[epoch 99] step=11880 train_loss=0.011294
[train] step=11881 loss=0.004328 lr=6.608e-06
[train] step=11882 loss=0.030761 lr=6.608e-06
[train] step=11883 loss=0.009400 lr=6.607e-06
[train] step=11884 loss=0.006863 lr=6.607e-06
[train] step=11885 loss=0.003954 lr=6.606e-06
[train] step=11886 loss=0.004351 lr=6.606e-06
[train] step=11887 loss=0.004883 lr=6.605e-06
[train] step=11888 loss=0.007972 lr=6.605e-06
[train] step=11889 loss=0.004803 lr=6.604e-06
[train] step=11890 loss=0.022111 lr=6.604e-06
[train] step=11891 loss=0.012032 lr=6.603e-06
[train] step=11892 loss=0.006105 lr=6.603e-06
[train] step=11893 loss=0.003963 lr=6.602e-06
[train] step=11894 loss=0.012348 lr=6.602e-06
[train] step=11895 loss=0.006598 lr=6.601e-06
[train] step=11896 loss=0.008572 lr=6.601e-06
[train] step=11897 loss=0.006166 lr=6.600e-06
[train] step=11898 loss=0.008562 lr=6.600e-06
[train] step=11899 loss=0.011281 lr=6.599e-06
[train] step=11900 loss=0.009379 lr=6.599e-06
[train] step=11901 loss=0.008588 lr=6.598e-06
[train] step=11902 loss=0.009393 lr=6.598e-06
[train] step=11903 loss=0.009688 lr=6.597e-06
[train] step=11904 loss=0.007925 lr=6.597e-06
[train] step=11905 loss=0.007974 lr=6.596e-06
[train] step=11906 loss=0.003965 lr=6.596e-06
[train] step=11907 loss=0.007748 lr=6.595e-06
[train] step=11908 loss=0.020908 lr=6.595e-06
[train] step=11909 loss=0.014731 lr=6.594e-06
[train] step=11910 loss=0.006807 lr=6.594e-06
[train] step=11911 loss=0.011874 lr=6.593e-06
[train] step=11912 loss=0.004584 lr=6.593e-06
[train] step=11913 loss=0.004593 lr=6.592e-06
[train] step=11914 loss=0.005210 lr=6.592e-06
[train] step=11915 loss=0.007330 lr=6.591e-06
[train] step=11916 loss=0.043147 lr=6.591e-06
[train] step=11917 loss=0.005060 lr=6.590e-06
[train] step=11918 loss=0.004044 lr=6.590e-06
[train] step=11919 loss=0.021856 lr=6.589e-06
[train] step=11920 loss=0.012049 lr=6.589e-06
[train] step=11921 loss=0.010152 lr=6.588e-06
[train] step=11922 loss=0.013608 lr=6.588e-06
[train] step=11923 loss=0.004978 lr=6.587e-06
[train] step=11924 loss=0.009643 lr=6.587e-06
[train] step=11925 loss=0.004145 lr=6.586e-06
[train] step=11926 loss=0.004392 lr=6.586e-06
[train] step=11927 loss=0.008979 lr=6.585e-06
[train] step=11928 loss=0.006101 lr=6.585e-06
[train] step=11929 loss=0.004299 lr=6.584e-06
[train] step=11930 loss=0.004995 lr=6.584e-06
[train] step=11931 loss=0.006835 lr=6.583e-06
[train] step=11932 loss=0.003297 lr=6.583e-06
[train] step=11933 loss=0.008402 lr=6.582e-06
[train] step=11934 loss=0.016060 lr=6.582e-06
[train] step=11935 loss=0.004350 lr=6.581e-06
[train] step=11936 loss=0.006821 lr=6.581e-06
[train] step=11937 loss=0.005992 lr=6.580e-06
[train] step=11938 loss=0.005868 lr=6.580e-06
[train] step=11939 loss=0.013784 lr=6.579e-06
[train] step=11940 loss=0.004158 lr=6.579e-06
[train] step=11941 loss=0.002515 lr=6.578e-06
[train] step=11942 loss=0.004428 lr=6.578e-06
[train] step=11943 loss=0.012681 lr=6.577e-06
[train] step=11944 loss=0.011330 lr=6.577e-06
[train] step=11945 loss=0.007558 lr=6.576e-06
[train] step=11946 loss=0.016563 lr=6.576e-06
[train] step=11947 loss=0.010799 lr=6.575e-06
[train] step=11948 loss=0.009563 lr=6.575e-06
[train] step=11949 loss=0.003226 lr=6.574e-06
[train] step=11950 loss=0.012969 lr=6.574e-06
[train] step=11951 loss=0.008888 lr=6.573e-06
[train] step=11952 loss=0.003193 lr=6.573e-06
[train] step=11953 loss=0.006187 lr=6.572e-06
[train] step=11954 loss=0.011356 lr=6.572e-06
[train] step=11955 loss=0.011838 lr=6.571e-06
[train] step=11956 loss=0.008412 lr=6.571e-06
[train] step=11957 loss=0.022470 lr=6.570e-06
[train] step=11958 loss=0.010297 lr=6.570e-06
[train] step=11959 loss=0.005856 lr=6.569e-06
[train] step=11960 loss=0.026251 lr=6.569e-06
[train] step=11961 loss=0.009114 lr=6.568e-06
[train] step=11962 loss=0.009863 lr=6.568e-06
[train] step=11963 loss=0.009242 lr=6.567e-06
[train] step=11964 loss=0.004323 lr=6.567e-06
[train] step=11965 loss=0.004327 lr=6.566e-06
[train] step=11966 loss=0.008375 lr=6.566e-06
[train] step=11967 loss=0.003572 lr=6.565e-06
[train] step=11968 loss=0.013225 lr=6.565e-06
[train] step=11969 loss=0.007003 lr=6.564e-06
[train] step=11970 loss=0.004336 lr=6.564e-06
[train] step=11971 loss=0.029209 lr=6.563e-06
[train] step=11972 loss=0.015663 lr=6.563e-06
[train] step=11973 loss=0.005189 lr=6.562e-06
[train] step=11974 loss=0.014785 lr=6.562e-06
[train] step=11975 loss=0.004186 lr=6.561e-06
[train] step=11976 loss=0.013694 lr=6.561e-06
[train] step=11977 loss=0.009998 lr=6.560e-06
[train] step=11978 loss=0.002724 lr=6.560e-06
[train] step=11979 loss=0.018343 lr=6.559e-06
[train] step=11980 loss=0.028086 lr=6.559e-06
[train] step=11981 loss=0.003362 lr=6.558e-06
[train] step=11982 loss=0.007362 lr=6.558e-06
[train] step=11983 loss=0.004552 lr=6.557e-06
[train] step=11984 loss=0.006200 lr=6.557e-06
[train] step=11985 loss=0.010719 lr=6.556e-06
[train] step=11986 loss=0.009067 lr=6.556e-06
[train] step=11987 loss=0.009014 lr=6.556e-06
[train] step=11988 loss=0.004233 lr=6.555e-06
[train] step=11989 loss=0.005106 lr=6.555e-06
[train] step=11990 loss=0.004802 lr=6.554e-06
[train] step=11991 loss=0.009668 lr=6.554e-06
[train] step=11992 loss=0.005978 lr=6.553e-06
[train] step=11993 loss=0.004031 lr=6.553e-06
[train] step=11994 loss=0.009328 lr=6.552e-06
[train] step=11995 loss=0.010016 lr=6.552e-06
[train] step=11996 loss=0.018877 lr=6.551e-06
[train] step=11997 loss=0.015862 lr=6.551e-06
[train] step=11998 loss=0.013482 lr=6.550e-06
[train] step=11999 loss=0.009814 lr=6.550e-06
[train] step=12000 loss=0.010611 lr=6.549e-06
[val] step=12000 val_loss=0.012590
INFO     [rank 0] Model weights for step 12000 saved in      dit_trainer.py:1288
         checkpoints/model_weights_step_12000.safetensors                       
INFO     [rank 0] Scalar embedding weights for step 12000    dit_trainer.py:1297
         saved                                                                  
INFO     [rank 0] Training state saved:                      dit_trainer.py:1416
         checkpoints/model_weights_step_12000.state.pt                          
DEBUG    [rank 0] Removed old checkpoint:                    dit_trainer.py:1429
         /local/disk/hramachandran/work/wh_work/windinet/dit                    
         _outputs/lundquist/dit_sds_untrained_30k/checkpoint                    
         s/model_weights_step_11760.safetensors                                 
DEBUG    [rank 0] Removed old checkpoint:                    dit_trainer.py:1429
         /local/disk/hramachandran/work/wh_work/windinet/dit                    
         _outputs/lundquist/dit_sds_untrained_30k/checkpoint                    
         s/scalar_embedding_step_11760.safetensors                              
DEBUG    [rank 0] Removed optimizer state for older kept     dit_trainer.py:1444
         checkpoint:                                                            
         /local/disk/hramachandran/work/wh_work/windinet/dit                    
         _outputs/lundquist/dit_sds_untrained_30k/checkpoint                    
         s/model_weights_step_11880.state.pt                                    
INFO     [rank 0] Saved DiT visualization panels for    dit_visualization.py:418
         step 12000 (3 samples x 4 frames);                                     
         latent_vrmse=0.07062 pixel_vrmse=0.42728 ->                            
         /local/disk/hramachandran/work/wh_work/windine                         
         t/dit_outputs/lundquist/dit_sds_untrained_30k/                         
         dit_vrmse_metrics.csv,                                                 
         /local/disk/hramachandran/work/wh_work/windine                         
         t/dit_outputs/lundquist/dit_sds_untrained_30k/                         
         dit_vrmse_curve.png                                                    
[epoch 100] step=12000 train_loss=0.009506 val_loss=0.012590
[train] step=12001 loss=0.006285 lr=6.549e-06
[train] step=12002 loss=0.007756 lr=6.548e-06
[train] step=12003 loss=0.011595 lr=6.548e-06
[train] step=12004 loss=0.019532 lr=6.547e-06
[train] step=12005 loss=0.016348 lr=6.547e-06
[train] step=12006 loss=0.014664 lr=6.546e-06
[train] step=12007 loss=0.005333 lr=6.546e-06
[train] step=12008 loss=0.008504 lr=6.545e-06
[train] step=12009 loss=0.007508 lr=6.545e-06
[train] step=12010 loss=0.011703 lr=6.544e-06
[train] step=12011 loss=0.005147 lr=6.544e-06
[train] step=12012 loss=0.007492 lr=6.543e-06
[train] step=12013 loss=0.006970 lr=6.543e-06
[train] step=12014 loss=0.004024 lr=6.542e-06
[train] step=12015 loss=0.005496 lr=6.542e-06
[train] step=12016 loss=0.006333 lr=6.541e-06
[train] step=12017 loss=0.004408 lr=6.541e-06
[train] step=12018 loss=0.008303 lr=6.540e-06
[train] step=12019 loss=0.009663 lr=6.540e-06
[train] step=12020 loss=0.034534 lr=6.539e-06
[train] step=12021 loss=0.005522 lr=6.539e-06
[train] step=12022 loss=0.008795 lr=6.538e-06
[train] step=12023 loss=0.003916 lr=6.538e-06
[train] step=12024 loss=0.005588 lr=6.537e-06
[train] step=12025 loss=0.009363 lr=6.537e-06
[train] step=12026 loss=0.020587 lr=6.536e-06
[train] step=12027 loss=0.004856 lr=6.536e-06
[train] step=12028 loss=0.004819 lr=6.535e-06
[train] step=12029 loss=0.006006 lr=6.535e-06
[train] step=12030 loss=0.006476 lr=6.534e-06
[train] step=12031 loss=0.009928 lr=6.534e-06
[train] step=12032 loss=0.006673 lr=6.533e-06
[train] step=12033 loss=0.013889 lr=6.533e-06
[train] step=12034 loss=0.006071 lr=6.532e-06
[train] step=12035 loss=0.024621 lr=6.532e-06
[train] step=12036 loss=0.010779 lr=6.531e-06
[train] step=12037 loss=0.003240 lr=6.531e-06
[train] step=12038 loss=0.006687 lr=6.530e-06
[train] step=12039 loss=0.010065 lr=6.530e-06
[train] step=12040 loss=0.009335 lr=6.529e-06
[train] step=12041 loss=0.006457 lr=6.529e-06
[train] step=12042 loss=0.020450 lr=6.528e-06
[train] step=12043 loss=0.014408 lr=6.528e-06
[train] step=12044 loss=0.025807 lr=6.527e-06
[train] step=12045 loss=0.005114 lr=6.527e-06
[train] step=12046 loss=0.026781 lr=6.526e-06
[train] step=12047 loss=0.003116 lr=6.526e-06
[train] step=12048 loss=0.006350 lr=6.525e-06
[train] step=12049 loss=0.014203 lr=6.525e-06
[train] step=12050 loss=0.011273 lr=6.524e-06
[train] step=12051 loss=0.003154 lr=6.524e-06
[train] step=12052 loss=0.016536 lr=6.523e-06
[train] step=12053 loss=0.005753 lr=6.523e-06
[train] step=12054 loss=0.004420 lr=6.522e-06
[train] step=12055 loss=0.007017 lr=6.522e-06
[train] step=12056 loss=0.007734 lr=6.521e-06
[train] step=12057 loss=0.008370 lr=6.521e-06
[train] step=12058 loss=0.006613 lr=6.520e-06
[train] step=12059 loss=0.006058 lr=6.520e-06
[train] step=12060 loss=0.011796 lr=6.519e-06
[train] step=12061 loss=0.002752 lr=6.519e-06
[train] step=12062 loss=0.003447 lr=6.518e-06
[train] step=12063 loss=0.014005 lr=6.518e-06
[train] step=12064 loss=0.003677 lr=6.517e-06
[train] step=12065 loss=0.007444 lr=6.517e-06
[train] step=12066 loss=0.003849 lr=6.516e-06
[train] step=12067 loss=0.004533 lr=6.516e-06
[train] step=12068 loss=0.004802 lr=6.515e-06
[train] step=12069 loss=0.005276 lr=6.515e-06
[train] step=12070 loss=0.003254 lr=6.514e-06
[train] step=12071 loss=0.008433 lr=6.514e-06
[train] step=12072 loss=0.008787 lr=6.513e-06
[train] step=12073 loss=0.007724 lr=6.513e-06
[train] step=12074 loss=0.002961 lr=6.512e-06
[train] step=12075 loss=0.006130 lr=6.512e-06
[train] step=12076 loss=0.007869 lr=6.511e-06
[train] step=12077 loss=0.003559 lr=6.511e-06
[train] step=12078 loss=0.005970 lr=6.510e-06
[train] step=12079 loss=0.005760 lr=6.510e-06
[train] step=12080 loss=0.006405 lr=6.509e-06
[train] step=12081 loss=0.002697 lr=6.509e-06
[train] step=12082 loss=0.004198 lr=6.508e-06
[train] step=12083 loss=0.010049 lr=6.508e-06
[train] step=12084 loss=0.019490 lr=6.507e-06
[train] step=12085 loss=0.007103 lr=6.507e-06
[train] step=12086 loss=0.007061 lr=6.506e-06
[train] step=12087 loss=0.005408 lr=6.506e-06
[train] step=12088 loss=0.007871 lr=6.505e-06
[train] step=12089 loss=0.024448 lr=6.505e-06
[train] step=12090 loss=0.004834 lr=6.504e-06
[train] step=12091 loss=0.006909 lr=6.504e-06
[train] step=12092 loss=0.018394 lr=6.503e-06
[train] step=12093 loss=0.002603 lr=6.503e-06
[train] step=12094 loss=0.008249 lr=6.502e-06
[train] step=12095 loss=0.004490 lr=6.502e-06
[train] step=12096 loss=0.010215 lr=6.501e-06
[train] step=12097 loss=0.004177 lr=6.501e-06
[train] step=12098 loss=0.008483 lr=6.500e-06
[train] step=12099 loss=0.008958 lr=6.500e-06
[train] step=12100 loss=0.005697 lr=6.499e-06
[train] step=12101 loss=0.004392 lr=6.499e-06
[train] step=12102 loss=0.005194 lr=6.498e-06
[train] step=12103 loss=0.021000 lr=6.498e-06
[train] step=12104 loss=0.005200 lr=6.497e-06
[train] step=12105 loss=0.008027 lr=6.497e-06
[train] step=12106 loss=0.007777 lr=6.496e-06
[train] step=12107 loss=0.002983 lr=6.496e-06
[train] step=12108 loss=0.009899 lr=6.495e-06
[train] step=12109 loss=0.016706 lr=6.495e-06
[train] step=12110 loss=0.006043 lr=6.494e-06
[train] step=12111 loss=0.006069 lr=6.494e-06
[train] step=12112 loss=0.005109 lr=6.493e-06
[train] step=12113 loss=0.012198 lr=6.493e-06
[train] step=12114 loss=0.010513 lr=6.492e-06
[train] step=12115 loss=0.009851 lr=6.492e-06
[train] step=12116 loss=0.012958 lr=6.491e-06
[train] step=12117 loss=0.021601 lr=6.491e-06
[train] step=12118 loss=0.005738 lr=6.490e-06
[train] step=12119 loss=0.004267 lr=6.490e-06
[train] step=12120 loss=0.004163 lr=6.489e-06
INFO     [rank 0] Model weights for step 12120 saved in      dit_trainer.py:1288
         checkpoints/model_weights_step_12120.safetensors                       
INFO     [rank 0] Scalar embedding weights for step 12120    dit_trainer.py:1297
         saved                                                                  
INFO     [rank 0] Training state saved:                      dit_trainer.py:1416
         checkpoints/model_weights_step_12120.state.pt                          
DEBUG    [rank 0] Removed old checkpoint:                    dit_trainer.py:1429
         /local/disk/hramachandran/work/wh_work/windinet/dit                    
         _outputs/lundquist/dit_sds_untrained_30k/checkpoint                    
         s/model_weights_step_11880.safetensors                                 
DEBUG    [rank 0] Removed old checkpoint:                    dit_trainer.py:1429
         /local/disk/hramachandran/work/wh_work/windinet/dit                    
         _outputs/lundquist/dit_sds_untrained_30k/checkpoint                    
         s/scalar_embedding_step_11880.safetensors                              
DEBUG    [rank 0] Removed optimizer state for older kept     dit_trainer.py:1444
         checkpoint:                                                            
         /local/disk/hramachandran/work/wh_work/windinet/dit                    
         _outputs/lundquist/dit_sds_untrained_30k/checkpoint                    
         s/model_weights_step_12000.state.pt                                    
[epoch 101] step=12120 train_loss=0.008869
[train] step=12121 loss=0.016615 lr=6.489e-06
[train] step=12122 loss=0.009903 lr=6.488e-06
[train] step=12123 loss=0.024575 lr=6.488e-06
[train] step=12124 loss=0.004737 lr=6.487e-06
[train] step=12125 loss=0.011152 lr=6.487e-06
[train] step=12126 loss=0.005725 lr=6.486e-06
[train] step=12127 loss=0.006062 lr=6.486e-06
[train] step=12128 loss=0.005230 lr=6.485e-06
[train] step=12129 loss=0.020774 lr=6.485e-06
[train] step=12130 loss=0.007515 lr=6.484e-06
[train] step=12131 loss=0.005136 lr=6.484e-06
[train] step=12132 loss=0.005135 lr=6.483e-06
[train] step=12133 loss=0.005959 lr=6.483e-06
[train] step=12134 loss=0.016825 lr=6.482e-06
[train] step=12135 loss=0.003688 lr=6.482e-06
[train] step=12136 loss=0.009121 lr=6.481e-06
[train] step=12137 loss=0.006622 lr=6.481e-06
[train] step=12138 loss=0.011478 lr=6.480e-06
[train] step=12139 loss=0.004139 lr=6.480e-06
[train] step=12140 loss=0.004188 lr=6.479e-06
[train] step=12141 loss=0.009164 lr=6.479e-06
[train] step=12142 loss=0.004820 lr=6.478e-06
[train] step=12143 loss=0.004173 lr=6.478e-06
[train] step=12144 loss=0.007267 lr=6.477e-06
[train] step=12145 loss=0.008833 lr=6.477e-06
[train] step=12146 loss=0.008641 lr=6.476e-06
[train] step=12147 loss=0.011095 lr=6.476e-06
[train] step=12148 loss=0.007985 lr=6.475e-06
[train] step=12149 loss=0.003090 lr=6.475e-06
[train] step=12150 loss=0.005089 lr=6.474e-06
[train] step=12151 loss=0.007352 lr=6.474e-06
[train] step=12152 loss=0.007165 lr=6.473e-06
[train] step=12153 loss=0.006917 lr=6.473e-06
[train] step=12154 loss=0.008127 lr=6.472e-06
[train] step=12155 loss=0.027806 lr=6.472e-06
[train] step=12156 loss=0.005775 lr=6.471e-06
[train] step=12157 loss=0.003881 lr=6.471e-06
[train] step=12158 loss=0.023682 lr=6.470e-06
[train] step=12159 loss=0.005949 lr=6.470e-06
[train] step=12160 loss=0.004124 lr=6.469e-06
[train] step=12161 loss=0.004069 lr=6.469e-06
[train] step=12162 loss=0.007033 lr=6.468e-06
[train] step=12163 loss=0.014928 lr=6.468e-06
[train] step=12164 loss=0.005445 lr=6.467e-06
[train] step=12165 loss=0.009107 lr=6.467e-06
[train] step=12166 loss=0.006011 lr=6.466e-06
[train] step=12167 loss=0.021563 lr=6.466e-06
[train] step=12168 loss=0.013178 lr=6.465e-06
[train] step=12169 loss=0.002942 lr=6.465e-06
[train] step=12170 loss=0.016154 lr=6.464e-06
[train] step=12171 loss=0.007523 lr=6.464e-06
[train] step=12172 loss=0.007037 lr=6.463e-06
[train] step=12173 loss=0.005737 lr=6.463e-06
[train] step=12174 loss=0.010832 lr=6.462e-06
[train] step=12175 loss=0.007348 lr=6.462e-06
[train] step=12176 loss=0.008318 lr=6.461e-06
[train] step=12177 loss=0.008028 lr=6.461e-06
[train] step=12178 loss=0.011183 lr=6.460e-06
[train] step=12179 loss=0.006975 lr=6.460e-06
[train] step=12180 loss=0.029644 lr=6.459e-06
[train] step=12181 loss=0.002615 lr=6.459e-06
[train] step=12182 loss=0.012494 lr=6.458e-06
[train] step=12183 loss=0.004269 lr=6.458e-06
[train] step=12184 loss=0.005130 lr=6.457e-06
[train] step=12185 loss=0.008275 lr=6.457e-06
[train] step=12186 loss=0.008787 lr=6.456e-06
[train] step=12187 loss=0.004526 lr=6.456e-06
[train] step=12188 loss=0.007953 lr=6.455e-06
[train] step=12189 loss=0.010714 lr=6.455e-06
[train] step=12190 loss=0.004040 lr=6.454e-06
[train] step=12191 loss=0.004191 lr=6.454e-06
[train] step=12192 loss=0.005329 lr=6.453e-06
[train] step=12193 loss=0.003372 lr=6.453e-06
[train] step=12194 loss=0.009047 lr=6.452e-06
[train] step=12195 loss=0.058857 lr=6.452e-06
[train] step=12196 loss=0.011403 lr=6.451e-06
[train] step=12197 loss=0.009359 lr=6.451e-06
[train] step=12198 loss=0.024228 lr=6.450e-06
[train] step=12199 loss=0.015566 lr=6.450e-06
[train] step=12200 loss=0.006538 lr=6.449e-06
[train] step=12201 loss=0.003233 lr=6.449e-06
[train] step=12202 loss=0.004064 lr=6.448e-06
[train] step=12203 loss=0.010379 lr=6.448e-06
[train] step=12204 loss=0.003959 lr=6.447e-06
[train] step=12205 loss=0.005912 lr=6.447e-06
[train] step=12206 loss=0.003174 lr=6.446e-06
[train] step=12207 loss=0.006306 lr=6.446e-06
[train] step=12208 loss=0.021082 lr=6.445e-06
[train] step=12209 loss=0.007953 lr=6.445e-06
[train] step=12210 loss=0.003917 lr=6.444e-06
[train] step=12211 loss=0.012761 lr=6.444e-06
[train] step=12212 loss=0.003850 lr=6.443e-06
[train] step=12213 loss=0.008037 lr=6.443e-06
[train] step=12214 loss=0.019099 lr=6.442e-06
[train] step=12215 loss=0.004963 lr=6.442e-06
[train] step=12216 loss=0.006004 lr=6.441e-06
[train] step=12217 loss=0.011989 lr=6.441e-06
[train] step=12218 loss=0.012325 lr=6.440e-06
[train] step=12219 loss=0.004671 lr=6.440e-06
[train] step=12220 loss=0.017357 lr=6.439e-06
[train] step=12221 loss=0.005191 lr=6.439e-06
[train] step=12222 loss=0.010220 lr=6.438e-06
[train] step=12223 loss=0.019394 lr=6.438e-06
[train] step=12224 loss=0.003579 lr=6.437e-06
[train] step=12225 loss=0.009738 lr=6.437e-06
[train] step=12226 loss=0.006182 lr=6.436e-06
[train] step=12227 loss=0.009078 lr=6.436e-06
[train] step=12228 loss=0.015348 lr=6.435e-06
[train] step=12229 loss=0.005744 lr=6.435e-06
[train] step=12230 loss=0.006783 lr=6.434e-06
[train] step=12231 loss=0.004456 lr=6.434e-06
[train] step=12232 loss=0.005419 lr=6.433e-06
[train] step=12233 loss=0.007530 lr=6.433e-06
[train] step=12234 loss=0.010091 lr=6.432e-06
[train] step=12235 loss=0.004309 lr=6.432e-06
[train] step=12236 loss=0.005522 lr=6.431e-06
[train] step=12237 loss=0.018752 lr=6.431e-06
[train] step=12238 loss=0.007376 lr=6.430e-06
[train] step=12239 loss=0.017178 lr=6.430e-06
[train] step=12240 loss=0.009138 lr=6.429e-06
INFO     [rank 0] Model weights for step 12240 saved in      dit_trainer.py:1288
         checkpoints/model_weights_step_12240.safetensors                       
INFO     [rank 0] Scalar embedding weights for step 12240    dit_trainer.py:1297
         saved                                                                  
INFO     [rank 0] Training state saved:                      dit_trainer.py:1416
         checkpoints/model_weights_step_12240.state.pt                          
DEBUG    [rank 0] Removed old checkpoint:                    dit_trainer.py:1429
         /local/disk/hramachandran/work/wh_work/windinet/dit                    
         _outputs/lundquist/dit_sds_untrained_30k/checkpoint                    
         s/model_weights_step_12000.safetensors                                 
DEBUG    [rank 0] Removed old checkpoint:                    dit_trainer.py:1429
         /local/disk/hramachandran/work/wh_work/windinet/dit                    
         _outputs/lundquist/dit_sds_untrained_30k/checkpoint                    
         s/scalar_embedding_step_12000.safetensors                              
DEBUG    [rank 0] Removed optimizer state for older kept     dit_trainer.py:1444
         checkpoint:                                                            
         /local/disk/hramachandran/work/wh_work/windinet/dit                    
         _outputs/lundquist/dit_sds_untrained_30k/checkpoint                    
         s/model_weights_step_12120.state.pt                                    
[epoch 102] step=12240 train_loss=0.009353
[train] step=12241 loss=0.010698 lr=6.429e-06
[train] step=12242 loss=0.005666 lr=6.428e-06
[train] step=12243 loss=0.008545 lr=6.428e-06
[train] step=12244 loss=0.004437 lr=6.427e-06
[train] step=12245 loss=0.007917 lr=6.427e-06
[train] step=12246 loss=0.005834 lr=6.426e-06
[train] step=12247 loss=0.013152 lr=6.426e-06
[train] step=12248 loss=0.004619 lr=6.425e-06
[train] step=12249 loss=0.006336 lr=6.425e-06
[train] step=12250 loss=0.008822 lr=6.424e-06
[train] step=12251 loss=0.012897 lr=6.424e-06
[train] step=12252 loss=0.006097 lr=6.423e-06
[train] step=12253 loss=0.003985 lr=6.423e-06
[train] step=12254 loss=0.052671 lr=6.422e-06
[train] step=12255 loss=0.009449 lr=6.422e-06
[train] step=12256 loss=0.005277 lr=6.421e-06
[train] step=12257 loss=0.024008 lr=6.421e-06
[train] step=12258 loss=0.010593 lr=6.420e-06
[train] step=12259 loss=0.013472 lr=6.420e-06
[train] step=12260 loss=0.004899 lr=6.419e-06
[train] step=12261 loss=0.005983 lr=6.419e-06
[train] step=12262 loss=0.010994 lr=6.418e-06
[train] step=12263 loss=0.005675 lr=6.418e-06
[train] step=12264 loss=0.008356 lr=6.417e-06
[train] step=12265 loss=0.003627 lr=6.417e-06
[train] step=12266 loss=0.002838 lr=6.416e-06
[train] step=12267 loss=0.005808 lr=6.416e-06
[train] step=12268 loss=0.006778 lr=6.415e-06
[train] step=12269 loss=0.020046 lr=6.415e-06
[train] step=12270 loss=0.004398 lr=6.414e-06
[train] step=12271 loss=0.007776 lr=6.414e-06
[train] step=12272 loss=0.006362 lr=6.413e-06
[train] step=12273 loss=0.005629 lr=6.413e-06
[train] step=12274 loss=0.022863 lr=6.412e-06
[train] step=12275 loss=0.006941 lr=6.412e-06
[train] step=12276 loss=0.007579 lr=6.411e-06
[train] step=12277 loss=0.003709 lr=6.411e-06
[train] step=12278 loss=0.004634 lr=6.410e-06
[train] step=12279 loss=0.006631 lr=6.410e-06
[train] step=12280 loss=0.006227 lr=6.409e-06
[train] step=12281 loss=0.005784 lr=6.409e-06
[train] step=12282 loss=0.004276 lr=6.408e-06
[train] step=12283 loss=0.007748 lr=6.408e-06
[train] step=12284 loss=0.024414 lr=6.407e-06
[train] step=12285 loss=0.004788 lr=6.407e-06
[train] step=12286 loss=0.005201 lr=6.406e-06
[train] step=12287 loss=0.004980 lr=6.406e-06
[train] step=12288 loss=0.019736 lr=6.405e-06
[train] step=12289 loss=0.011016 lr=6.405e-06
[train] step=12290 loss=0.006233 lr=6.404e-06
[train] step=12291 loss=0.015635 lr=6.404e-06
[train] step=12292 loss=0.006596 lr=6.403e-06
[train] step=12293 loss=0.008344 lr=6.403e-06
[train] step=12294 loss=0.005117 lr=6.402e-06
[train] step=12295 loss=0.006399 lr=6.402e-06
[train] step=12296 loss=0.006491 lr=6.401e-06
[train] step=12297 loss=0.004469 lr=6.401e-06
[train] step=12298 loss=0.005683 lr=6.400e-06
[train] step=12299 loss=0.013413 lr=6.400e-06
[train] step=12300 loss=0.011098 lr=6.399e-06
[train] step=12301 loss=0.009764 lr=6.399e-06
[train] step=12302 loss=0.014197 lr=6.398e-06
[train] step=12303 loss=0.006435 lr=6.398e-06
[train] step=12304 loss=0.003658 lr=6.397e-06
[train] step=12305 loss=0.009509 lr=6.397e-06
[train] step=12306 loss=0.008180 lr=6.396e-06
[train] step=12307 loss=0.003180 lr=6.396e-06
[train] step=12308 loss=0.004219 lr=6.395e-06
[train] step=12309 loss=0.010679 lr=6.395e-06
[train] step=12310 loss=0.008380 lr=6.394e-06
[train] step=12311 loss=0.007285 lr=6.394e-06
[train] step=12312 loss=0.006953 lr=6.393e-06
[train] step=12313 loss=0.004031 lr=6.393e-06
[train] step=12314 loss=0.007423 lr=6.392e-06
[train] step=12315 loss=0.008598 lr=6.392e-06
[train] step=12316 loss=0.008692 lr=6.391e-06
[train] step=12317 loss=0.012679 lr=6.391e-06
[train] step=12318 loss=0.010483 lr=6.390e-06
[train] step=12319 loss=0.007222 lr=6.390e-06
[train] step=12320 loss=0.009667 lr=6.389e-06
[train] step=12321 loss=0.003389 lr=6.389e-06
[train] step=12322 loss=0.005506 lr=6.388e-06
[train] step=12323 loss=0.005986 lr=6.388e-06
[train] step=12324 loss=0.010644 lr=6.387e-06
[train] step=12325 loss=0.004188 lr=6.387e-06
[train] step=12326 loss=0.010250 lr=6.386e-06
[train] step=12327 loss=0.006344 lr=6.385e-06
[train] step=12328 loss=0.004747 lr=6.385e-06
[train] step=12329 loss=0.003820 lr=6.384e-06
[train] step=12330 loss=0.021897 lr=6.384e-06
[train] step=12331 loss=0.006565 lr=6.383e-06
[train] step=12332 loss=0.006038 lr=6.383e-06
[train] step=12333 loss=0.004059 lr=6.382e-06
[train] step=12334 loss=0.009318 lr=6.382e-06
[train] step=12335 loss=0.004289 lr=6.381e-06
[train] step=12336 loss=0.002917 lr=6.381e-06
[train] step=12337 loss=0.028112 lr=6.380e-06
[train] step=12338 loss=0.002582 lr=6.380e-06
[train] step=12339 loss=0.009279 lr=6.379e-06
[train] step=12340 loss=0.004598 lr=6.379e-06
[train] step=12341 loss=0.004831 lr=6.378e-06
[train] step=12342 loss=0.004229 lr=6.378e-06
[train] step=12343 loss=0.007697 lr=6.377e-06
[train] step=12344 loss=0.007151 lr=6.377e-06
[train] step=12345 loss=0.002973 lr=6.376e-06
[train] step=12346 loss=0.012455 lr=6.376e-06
[train] step=12347 loss=0.010759 lr=6.375e-06
[train] step=12348 loss=0.019509 lr=6.375e-06
[train] step=12349 loss=0.003963 lr=6.374e-06
[train] step=12350 loss=0.013713 lr=6.374e-06
[train] step=12351 loss=0.024353 lr=6.373e-06
[train] step=12352 loss=0.008610 lr=6.373e-06
[train] step=12353 loss=0.023354 lr=6.372e-06
[train] step=12354 loss=0.004661 lr=6.372e-06
[train] step=12355 loss=0.048818 lr=6.371e-06
[train] step=12356 loss=0.004720 lr=6.371e-06
[train] step=12357 loss=0.004182 lr=6.370e-06
[train] step=12358 loss=0.009088 lr=6.370e-06
[train] step=12359 loss=0.005202 lr=6.369e-06
[train] step=12360 loss=0.006485 lr=6.369e-06
INFO     [rank 0] Model weights for step 12360 saved in      dit_trainer.py:1288
         checkpoints/model_weights_step_12360.safetensors                       
INFO     [rank 0] Scalar embedding weights for step 12360    dit_trainer.py:1297
         saved                                                                  
INFO     [rank 0] Training state saved:                      dit_trainer.py:1416
         checkpoints/model_weights_step_12360.state.pt                          
DEBUG    [rank 0] Removed old checkpoint:                    dit_trainer.py:1429
         /local/disk/hramachandran/work/wh_work/windinet/dit                    
         _outputs/lundquist/dit_sds_untrained_30k/checkpoint                    
         s/model_weights_step_12120.safetensors                                 
DEBUG    [rank 0] Removed old checkpoint:                    dit_trainer.py:1429
         /local/disk/hramachandran/work/wh_work/windinet/dit                    
         _outputs/lundquist/dit_sds_untrained_30k/checkpoint                    
         s/scalar_embedding_step_12120.safetensors                              
DEBUG    [rank 0] Removed optimizer state for older kept     dit_trainer.py:1444
         checkpoint:                                                            
         /local/disk/hramachandran/work/wh_work/windinet/dit                    
         _outputs/lundquist/dit_sds_untrained_30k/checkpoint                    
         s/model_weights_step_12240.state.pt                                    
[epoch 103] step=12360 train_loss=0.009123
[train] step=12361 loss=0.003096 lr=6.368e-06
[train] step=12362 loss=0.005963 lr=6.368e-06
[train] step=12363 loss=0.009864 lr=6.367e-06
[train] step=12364 loss=0.003513 lr=6.367e-06
[train] step=12365 loss=0.006865 lr=6.366e-06
[train] step=12366 loss=0.005880 lr=6.366e-06
[train] step=12367 loss=0.010834 lr=6.365e-06
[train] step=12368 loss=0.010622 lr=6.365e-06
[train] step=12369 loss=0.003733 lr=6.364e-06
[train] step=12370 loss=0.003030 lr=6.364e-06
[train] step=12371 loss=0.008063 lr=6.363e-06
[train] step=12372 loss=0.005392 lr=6.363e-06
[train] step=12373 loss=0.007765 lr=6.362e-06
[train] step=12374 loss=0.003693 lr=6.362e-06
[train] step=12375 loss=0.011166 lr=6.361e-06
[train] step=12376 loss=0.003473 lr=6.361e-06
[train] step=12377 loss=0.006592 lr=6.360e-06
[train] step=12378 loss=0.005185 lr=6.360e-06
[train] step=12379 loss=0.005071 lr=6.359e-06
[train] step=12380 loss=0.003289 lr=6.359e-06
[train] step=12381 loss=0.009860 lr=6.358e-06
[train] step=12382 loss=0.012417 lr=6.358e-06
[train] step=12383 loss=0.003870 lr=6.357e-06
[train] step=12384 loss=0.004726 lr=6.357e-06
[train] step=12385 loss=0.010458 lr=6.356e-06
[train] step=12386 loss=0.006078 lr=6.356e-06
[train] step=12387 loss=0.007746 lr=6.355e-06
[train] step=12388 loss=0.007476 lr=6.355e-06
[train] step=12389 loss=0.003756 lr=6.354e-06
[train] step=12390 loss=0.010796 lr=6.354e-06
[train] step=12391 loss=0.005743 lr=6.353e-06
[train] step=12392 loss=0.007617 lr=6.353e-06
[train] step=12393 loss=0.014626 lr=6.352e-06
[train] step=12394 loss=0.009970 lr=6.352e-06
[train] step=12395 loss=0.013688 lr=6.351e-06
[train] step=12396 loss=0.010277 lr=6.351e-06
[train] step=12397 loss=0.007270 lr=6.350e-06
[train] step=12398 loss=0.020237 lr=6.350e-06
[train] step=12399 loss=0.005133 lr=6.349e-06
[train] step=12400 loss=0.010556 lr=6.349e-06
[train] step=12401 loss=0.007009 lr=6.348e-06
[train] step=12402 loss=0.005525 lr=6.348e-06
[train] step=12403 loss=0.010420 lr=6.347e-06
[train] step=12404 loss=0.005872 lr=6.347e-06
[train] step=12405 loss=0.013801 lr=6.346e-06
[train] step=12406 loss=0.003216 lr=6.346e-06
[train] step=12407 loss=0.003562 lr=6.345e-06
[train] step=12408 loss=0.005428 lr=6.345e-06
[train] step=12409 loss=0.007610 lr=6.344e-06
[train] step=12410 loss=0.003312 lr=6.344e-06
[train] step=12411 loss=0.011437 lr=6.343e-06
[train] step=12412 loss=0.009150 lr=6.343e-06
[train] step=12413 loss=0.019292 lr=6.342e-06
[train] step=12414 loss=0.009545 lr=6.342e-06
[train] step=12415 loss=0.006863 lr=6.341e-06
[train] step=12416 loss=0.004762 lr=6.341e-06
[train] step=12417 loss=0.011600 lr=6.340e-06
[train] step=12418 loss=0.024084 lr=6.340e-06
[train] step=12419 loss=0.008586 lr=6.339e-06
[train] step=12420 loss=0.011538 lr=6.339e-06
[train] step=12421 loss=0.006286 lr=6.338e-06
[train] step=12422 loss=0.009358 lr=6.338e-06
[train] step=12423 loss=0.005664 lr=6.337e-06
[train] step=12424 loss=0.004779 lr=6.337e-06
[train] step=12425 loss=0.007993 lr=6.336e-06
[train] step=12426 loss=0.002573 lr=6.336e-06
[train] step=12427 loss=0.013301 lr=6.335e-06
[train] step=12428 loss=0.003067 lr=6.335e-06
[train] step=12429 loss=0.006585 lr=6.334e-06
[train] step=12430 loss=0.004625 lr=6.334e-06
[train] step=12431 loss=0.004508 lr=6.333e-06
[train] step=12432 loss=0.009600 lr=6.333e-06
[train] step=12433 loss=0.014591 lr=6.332e-06
[train] step=12434 loss=0.003104 lr=6.332e-06
[train] step=12435 loss=0.003913 lr=6.331e-06
[train] step=12436 loss=0.006353 lr=6.331e-06
[train] step=12437 loss=0.011776 lr=6.330e-06
[train] step=12438 loss=0.027207 lr=6.330e-06
[train] step=12439 loss=0.005729 lr=6.329e-06
[train] step=12440 loss=0.002868 lr=6.329e-06
[train] step=12441 loss=0.041748 lr=6.328e-06
[train] step=12442 loss=0.006685 lr=6.328e-06
[train] step=12443 loss=0.005170 lr=6.327e-06
[train] step=12444 loss=0.007877 lr=6.327e-06
[train] step=12445 loss=0.004226 lr=6.326e-06
[train] step=12446 loss=0.005245 lr=6.326e-06
[train] step=12447 loss=0.025236 lr=6.325e-06
[train] step=12448 loss=0.004623 lr=6.325e-06
[train] step=12449 loss=0.021619 lr=6.324e-06
[train] step=12450 loss=0.016713 lr=6.324e-06
[train] step=12451 loss=0.006443 lr=6.323e-06
[train] step=12452 loss=0.017393 lr=6.323e-06
[train] step=12453 loss=0.040894 lr=6.322e-06
[train] step=12454 loss=0.006328 lr=6.322e-06
[train] step=12455 loss=0.006731 lr=6.321e-06
[train] step=12456 loss=0.010124 lr=6.321e-06
[train] step=12457 loss=0.005516 lr=6.320e-06
[train] step=12458 loss=0.007632 lr=6.320e-06
[train] step=12459 loss=0.005793 lr=6.319e-06
[train] step=12460 loss=0.011955 lr=6.319e-06
[train] step=12461 loss=0.005101 lr=6.318e-06
[train] step=12462 loss=0.006816 lr=6.317e-06
[train] step=12463 loss=0.012010 lr=6.317e-06
[train] step=12464 loss=0.006150 lr=6.316e-06
[train] step=12465 loss=0.004079 lr=6.316e-06
[train] step=12466 loss=0.030518 lr=6.315e-06
[train] step=12467 loss=0.018980 lr=6.315e-06
[train] step=12468 loss=0.013971 lr=6.314e-06
[train] step=12469 loss=0.010353 lr=6.314e-06
[train] step=12470 loss=0.004217 lr=6.313e-06
[train] step=12471 loss=0.004951 lr=6.313e-06
[train] step=12472 loss=0.003936 lr=6.312e-06
[train] step=12473 loss=0.005069 lr=6.312e-06
[train] step=12474 loss=0.003917 lr=6.311e-06
[train] step=12475 loss=0.003737 lr=6.311e-06
[train] step=12476 loss=0.003791 lr=6.310e-06
[train] step=12477 loss=0.006600 lr=6.310e-06
[train] step=12478 loss=0.004540 lr=6.309e-06
[train] step=12479 loss=0.008113 lr=6.309e-06
[train] step=12480 loss=0.010985 lr=6.308e-06
INFO     [rank 0] Model weights for step 12480 saved in      dit_trainer.py:1288
         checkpoints/model_weights_step_12480.safetensors                       
INFO     [rank 0] Scalar embedding weights for step 12480    dit_trainer.py:1297
         saved                                                                  
INFO     [rank 0] Training state saved:                      dit_trainer.py:1416
         checkpoints/model_weights_step_12480.state.pt                          
DEBUG    [rank 0] Removed old checkpoint:                    dit_trainer.py:1429
         /local/disk/hramachandran/work/wh_work/windinet/dit                    
         _outputs/lundquist/dit_sds_untrained_30k/checkpoint                    
         s/model_weights_step_12240.safetensors                                 
DEBUG    [rank 0] Removed old checkpoint:                    dit_trainer.py:1429
         /local/disk/hramachandran/work/wh_work/windinet/dit                    
         _outputs/lundquist/dit_sds_untrained_30k/checkpoint                    
         s/scalar_embedding_step_12240.safetensors                              
DEBUG    [rank 0] Removed optimizer state for older kept     dit_trainer.py:1444
         checkpoint:                                                            
         /local/disk/hramachandran/work/wh_work/windinet/dit                    
         _outputs/lundquist/dit_sds_untrained_30k/checkpoint                    
         s/model_weights_step_12360.state.pt                                    
[epoch 104] step=12480 train_loss=0.008860
[train] step=12481 loss=0.006076 lr=6.308e-06
[train] step=12482 loss=0.008438 lr=6.307e-06
[train] step=12483 loss=0.013063 lr=6.307e-06
[train] step=12484 loss=0.021098 lr=6.306e-06
[train] step=12485 loss=0.018206 lr=6.306e-06
[train] step=12486 loss=0.006627 lr=6.305e-06
[train] step=12487 loss=0.007834 lr=6.305e-06
[train] step=12488 loss=0.005390 lr=6.304e-06
[train] step=12489 loss=0.010309 lr=6.304e-06
[train] step=12490 loss=0.005417 lr=6.303e-06
[train] step=12491 loss=0.005329 lr=6.303e-06
[train] step=12492 loss=0.009383 lr=6.302e-06
[train] step=12493 loss=0.013875 lr=6.302e-06
[train] step=12494 loss=0.009492 lr=6.301e-06
[train] step=12495 loss=0.009651 lr=6.301e-06
[train] step=12496 loss=0.008240 lr=6.300e-06
[train] step=12497 loss=0.007167 lr=6.300e-06
[train] step=12498 loss=0.005029 lr=6.299e-06
[train] step=12499 loss=0.005574 lr=6.299e-06
[train] step=12500 loss=0.008275 lr=6.298e-06
[train] step=12501 loss=0.004283 lr=6.298e-06
[train] step=12502 loss=0.009569 lr=6.297e-06
[train] step=12503 loss=0.007217 lr=6.297e-06
[train] step=12504 loss=0.006296 lr=6.296e-06
[train] step=12505 loss=0.012875 lr=6.296e-06
[train] step=12506 loss=0.006896 lr=6.295e-06
[train] step=12507 loss=0.029918 lr=6.295e-06
[train] step=12508 loss=0.032292 lr=6.294e-06
[train] step=12509 loss=0.007870 lr=6.294e-06
[train] step=12510 loss=0.007891 lr=6.293e-06
[train] step=12511 loss=0.011346 lr=6.293e-06
[train] step=12512 loss=0.020621 lr=6.292e-06
[train] step=12513 loss=0.006083 lr=6.292e-06
[train] step=12514 loss=0.005068 lr=6.291e-06
[train] step=12515 loss=0.009038 lr=6.291e-06
[train] step=12516 loss=0.005887 lr=6.290e-06
[train] step=12517 loss=0.011980 lr=6.290e-06
[train] step=12518 loss=0.006651 lr=6.289e-06
[train] step=12519 loss=0.021451 lr=6.289e-06
[train] step=12520 loss=0.018840 lr=6.288e-06
[train] step=12521 loss=0.018601 lr=6.288e-06
[train] step=12522 loss=0.007725 lr=6.287e-06
[train] step=12523 loss=0.010606 lr=6.287e-06
[train] step=12524 loss=0.015426 lr=6.286e-06
[train] step=12525 loss=0.006207 lr=6.286e-06
[train] step=12526 loss=0.021925 lr=6.285e-06
[train] step=12527 loss=0.018205 lr=6.285e-06
[train] step=12528 loss=0.005636 lr=6.284e-06
[train] step=12529 loss=0.003029 lr=6.284e-06
[train] step=12530 loss=0.006338 lr=6.283e-06
[train] step=12531 loss=0.005577 lr=6.283e-06
[train] step=12532 loss=0.017721 lr=6.282e-06
[train] step=12533 loss=0.007337 lr=6.282e-06
[train] step=12534 loss=0.025884 lr=6.281e-06
[train] step=12535 loss=0.003163 lr=6.281e-06
[train] step=12536 loss=0.011719 lr=6.280e-06
[train] step=12537 loss=0.003035 lr=6.280e-06
[train] step=12538 loss=0.016356 lr=6.279e-06
[train] step=12539 loss=0.012312 lr=6.279e-06
[train] step=12540 loss=0.010409 lr=6.278e-06
[train] step=12541 loss=0.003409 lr=6.278e-06
[train] step=12542 loss=0.005026 lr=6.277e-06
[train] step=12543 loss=0.003028 lr=6.277e-06
[train] step=12544 loss=0.015426 lr=6.276e-06
[train] step=12545 loss=0.019215 lr=6.276e-06
[train] step=12546 loss=0.007083 lr=6.275e-06
[train] step=12547 loss=0.003732 lr=6.275e-06
[train] step=12548 loss=0.003421 lr=6.274e-06
[train] step=12549 loss=0.007221 lr=6.274e-06
[train] step=12550 loss=0.007395 lr=6.273e-06
[train] step=12551 loss=0.017709 lr=6.273e-06
[train] step=12552 loss=0.006611 lr=6.272e-06
[train] step=12553 loss=0.011164 lr=6.272e-06
[train] step=12554 loss=0.010606 lr=6.271e-06
[train] step=12555 loss=0.006084 lr=6.270e-06
[train] step=12556 loss=0.006635 lr=6.270e-06
[train] step=12557 loss=0.004536 lr=6.269e-06
[train] step=12558 loss=0.005460 lr=6.269e-06
[train] step=12559 loss=0.006218 lr=6.268e-06
[train] step=12560 loss=0.005074 lr=6.268e-06
[train] step=12561 loss=0.008741 lr=6.267e-06
[train] step=12562 loss=0.011364 lr=6.267e-06
[train] step=12563 loss=0.009154 lr=6.266e-06
[train] step=12564 loss=0.009863 lr=6.266e-06
[train] step=12565 loss=0.011214 lr=6.265e-06
[train] step=12566 loss=0.005432 lr=6.265e-06
[train] step=12567 loss=0.008092 lr=6.264e-06
[train] step=12568 loss=0.005410 lr=6.264e-06
[train] step=12569 loss=0.005823 lr=6.263e-06
[train] step=12570 loss=0.004510 lr=6.263e-06
[train] step=12571 loss=0.007859 lr=6.262e-06
[train] step=12572 loss=0.004096 lr=6.262e-06
[train] step=12573 loss=0.008924 lr=6.261e-06
[train] step=12574 loss=0.011295 lr=6.261e-06
[train] step=12575 loss=0.005011 lr=6.260e-06
[train] step=12576 loss=0.002644 lr=6.260e-06
[train] step=12577 loss=0.005174 lr=6.259e-06
[train] step=12578 loss=0.006399 lr=6.259e-06
[train] step=12579 loss=0.007383 lr=6.258e-06
[train] step=12580 loss=0.008507 lr=6.258e-06
[train] step=12581 loss=0.006836 lr=6.257e-06
[train] step=12582 loss=0.019686 lr=6.257e-06
[train] step=12583 loss=0.012783 lr=6.256e-06
[train] step=12584 loss=0.003711 lr=6.256e-06
[train] step=12585 loss=0.002704 lr=6.255e-06
[train] step=12586 loss=0.008092 lr=6.255e-06
[train] step=12587 loss=0.004649 lr=6.254e-06
[train] step=12588 loss=0.006966 lr=6.254e-06
[train] step=12589 loss=0.009980 lr=6.253e-06
[train] step=12590 loss=0.009592 lr=6.253e-06
[train] step=12591 loss=0.005176 lr=6.252e-06
[train] step=12592 loss=0.012830 lr=6.252e-06
[train] step=12593 loss=0.009875 lr=6.251e-06
[train] step=12594 loss=0.013178 lr=6.251e-06
[train] step=12595 loss=0.004532 lr=6.250e-06
[train] step=12596 loss=0.003910 lr=6.250e-06
[train] step=12597 loss=0.005499 lr=6.249e-06
[train] step=12598 loss=0.007821 lr=6.249e-06
[train] step=12599 loss=0.005346 lr=6.248e-06
[train] step=12600 loss=0.012706 lr=6.248e-06
[val] step=12600 val_loss=0.012807
INFO     [rank 0] Model weights for step 12600 saved in      dit_trainer.py:1288
         checkpoints/model_weights_step_12600.safetensors                       
INFO     [rank 0] Scalar embedding weights for step 12600    dit_trainer.py:1297
         saved                                                                  
INFO     [rank 0] Training state saved:                      dit_trainer.py:1416
         checkpoints/model_weights_step_12600.state.pt                          
DEBUG    [rank 0] Removed old checkpoint:                    dit_trainer.py:1429
         /local/disk/hramachandran/work/wh_work/windinet/dit                    
         _outputs/lundquist/dit_sds_untrained_30k/checkpoint                    
         s/model_weights_step_12360.safetensors                                 
DEBUG    [rank 0] Removed old checkpoint:                    dit_trainer.py:1429
         /local/disk/hramachandran/work/wh_work/windinet/dit                    
         _outputs/lundquist/dit_sds_untrained_30k/checkpoint                    
         s/scalar_embedding_step_12360.safetensors                              
DEBUG    [rank 0] Removed optimizer state for older kept     dit_trainer.py:1444
         checkpoint:                                                            
         /local/disk/hramachandran/work/wh_work/windinet/dit                    
         _outputs/lundquist/dit_sds_untrained_30k/checkpoint                    
         s/model_weights_step_12480.state.pt                                    
[epoch 105] step=12600 train_loss=0.009332 val_loss=0.012807
[train] step=12601 loss=0.010987 lr=6.247e-06
[train] step=12602 loss=0.011130 lr=6.247e-06
[train] step=12603 loss=0.005702 lr=6.246e-06
[train] step=12604 loss=0.007855 lr=6.246e-06
[train] step=12605 loss=0.009146 lr=6.245e-06
[train] step=12606 loss=0.004640 lr=6.245e-06
[train] step=12607 loss=0.018688 lr=6.244e-06
[train] step=12608 loss=0.005186 lr=6.244e-06
[train] step=12609 loss=0.007205 lr=6.243e-06
[train] step=12610 loss=0.041290 lr=6.243e-06
[train] step=12611 loss=0.014200 lr=6.242e-06
[train] step=12612 loss=0.004293 lr=6.242e-06
[train] step=12613 loss=0.004035 lr=6.241e-06
[train] step=12614 loss=0.009178 lr=6.241e-06
[train] step=12615 loss=0.008650 lr=6.240e-06
[train] step=12616 loss=0.010571 lr=6.240e-06
[train] step=12617 loss=0.006504 lr=6.239e-06
[train] step=12618 loss=0.004288 lr=6.239e-06
[train] step=12619 loss=0.004473 lr=6.238e-06
[train] step=12620 loss=0.005897 lr=6.238e-06
[train] step=12621 loss=0.013024 lr=6.237e-06
[train] step=12622 loss=0.010419 lr=6.237e-06
[train] step=12623 loss=0.006759 lr=6.236e-06
[train] step=12624 loss=0.004240 lr=6.236e-06
[train] step=12625 loss=0.003638 lr=6.235e-06
[train] step=12626 loss=0.006471 lr=6.235e-06
[train] step=12627 loss=0.003954 lr=6.234e-06
[train] step=12628 loss=0.002862 lr=6.234e-06
[train] step=12629 loss=0.003279 lr=6.233e-06
[train] step=12630 loss=0.004168 lr=6.233e-06
[train] step=12631 loss=0.011305 lr=6.232e-06
[train] step=12632 loss=0.011560 lr=6.231e-06
[train] step=12633 loss=0.003824 lr=6.231e-06
[train] step=12634 loss=0.012841 lr=6.230e-06
[train] step=12635 loss=0.015502 lr=6.230e-06
[train] step=12636 loss=0.029019 lr=6.229e-06
[train] step=12637 loss=0.004440 lr=6.229e-06
[train] step=12638 loss=0.006361 lr=6.228e-06
[train] step=12639 loss=0.012351 lr=6.228e-06
[train] step=12640 loss=0.006150 lr=6.227e-06
[train] step=12641 loss=0.003791 lr=6.227e-06
[train] step=12642 loss=0.004609 lr=6.226e-06
[train] step=12643 loss=0.005825 lr=6.226e-06
[train] step=12644 loss=0.005300 lr=6.225e-06
[train] step=12645 loss=0.003323 lr=6.225e-06
[train] step=12646 loss=0.004795 lr=6.224e-06
[train] step=12647 loss=0.008900 lr=6.224e-06
[train] step=12648 loss=0.003422 lr=6.223e-06
[train] step=12649 loss=0.008020 lr=6.223e-06
[train] step=12650 loss=0.005061 lr=6.222e-06
[train] step=12651 loss=0.021840 lr=6.222e-06
[train] step=12652 loss=0.006684 lr=6.221e-06
[train] step=12653 loss=0.007627 lr=6.221e-06
[train] step=12654 loss=0.014419 lr=6.220e-06
[train] step=12655 loss=0.011484 lr=6.220e-06
[train] step=12656 loss=0.008716 lr=6.219e-06
[train] step=12657 loss=0.011884 lr=6.219e-06
[train] step=12658 loss=0.008615 lr=6.218e-06
[train] step=12659 loss=0.014324 lr=6.218e-06
[train] step=12660 loss=0.010291 lr=6.217e-06
[train] step=12661 loss=0.012460 lr=6.217e-06
[train] step=12662 loss=0.005729 lr=6.216e-06
[train] step=12663 loss=0.012345 lr=6.216e-06
[train] step=12664 loss=0.013227 lr=6.215e-06
[train] step=12665 loss=0.003803 lr=6.215e-06
[train] step=12666 loss=0.008243 lr=6.214e-06
[train] step=12667 loss=0.008586 lr=6.214e-06
[train] step=12668 loss=0.004893 lr=6.213e-06
[train] step=12669 loss=0.010528 lr=6.213e-06
[train] step=12670 loss=0.017807 lr=6.212e-06
[train] step=12671 loss=0.015720 lr=6.212e-06
[train] step=12672 loss=0.009070 lr=6.211e-06
[train] step=12673 loss=0.023834 lr=6.211e-06
[train] step=12674 loss=0.006845 lr=6.210e-06
[train] step=12675 loss=0.005002 lr=6.210e-06
[train] step=12676 loss=0.005907 lr=6.209e-06
[train] step=12677 loss=0.004398 lr=6.209e-06
[train] step=12678 loss=0.004205 lr=6.208e-06
[train] step=12679 loss=0.008009 lr=6.208e-06
[train] step=12680 loss=0.015482 lr=6.207e-06
[train] step=12681 loss=0.004533 lr=6.207e-06
[train] step=12682 loss=0.008225 lr=6.206e-06
[train] step=12683 loss=0.007501 lr=6.206e-06
[train] step=12684 loss=0.022201 lr=6.205e-06
[train] step=12685 loss=0.022251 lr=6.205e-06
[train] step=12686 loss=0.006246 lr=6.204e-06
[train] step=12687 loss=0.004001 lr=6.204e-06
[train] step=12688 loss=0.008676 lr=6.203e-06
[train] step=12689 loss=0.005878 lr=6.203e-06
[train] step=12690 loss=0.004144 lr=6.202e-06
[train] step=12691 loss=0.007128 lr=6.202e-06
[train] step=12692 loss=0.010324 lr=6.201e-06
[train] step=12693 loss=0.004910 lr=6.201e-06
[train] step=12694 loss=0.006071 lr=6.200e-06
[train] step=12695 loss=0.006186 lr=6.200e-06
[train] step=12696 loss=0.007792 lr=6.199e-06
[train] step=12697 loss=0.008378 lr=6.199e-06
[train] step=12698 loss=0.007567 lr=6.198e-06
[train] step=12699 loss=0.011890 lr=6.197e-06
[train] step=12700 loss=0.014131 lr=6.197e-06
[train] step=12701 loss=0.005307 lr=6.196e-06
[train] step=12702 loss=0.009877 lr=6.196e-06
[train] step=12703 loss=0.004207 lr=6.195e-06
[train] step=12704 loss=0.007893 lr=6.195e-06
[train] step=12705 loss=0.004189 lr=6.194e-06
[train] step=12706 loss=0.005555 lr=6.194e-06
[train] step=12707 loss=0.007226 lr=6.193e-06
[train] step=12708 loss=0.004043 lr=6.193e-06
[train] step=12709 loss=0.009185 lr=6.192e-06
[train] step=12710 loss=0.006201 lr=6.192e-06
[train] step=12711 loss=0.004083 lr=6.191e-06
[train] step=12712 loss=0.014575 lr=6.191e-06
[train] step=12713 loss=0.014690 lr=6.190e-06
[train] step=12714 loss=0.025750 lr=6.190e-06
[train] step=12715 loss=0.007891 lr=6.189e-06
[train] step=12716 loss=0.004856 lr=6.189e-06
[train] step=12717 loss=0.018015 lr=6.188e-06
[train] step=12718 loss=0.006190 lr=6.188e-06
[train] step=12719 loss=0.004144 lr=6.187e-06
[train] step=12720 loss=0.005349 lr=6.187e-06
INFO     [rank 0] Model weights for step 12720 saved in      dit_trainer.py:1288
         checkpoints/model_weights_step_12720.safetensors                       
INFO     [rank 0] Scalar embedding weights for step 12720    dit_trainer.py:1297
         saved                                                                  
INFO     [rank 0] Training state saved:                      dit_trainer.py:1416
         checkpoints/model_weights_step_12720.state.pt                          
DEBUG    [rank 0] Removed old checkpoint:                    dit_trainer.py:1429
         /local/disk/hramachandran/work/wh_work/windinet/dit                    
         _outputs/lundquist/dit_sds_untrained_30k/checkpoint                    
         s/model_weights_step_12480.safetensors                                 
DEBUG    [rank 0] Removed old checkpoint:                    dit_trainer.py:1429
         /local/disk/hramachandran/work/wh_work/windinet/dit                    
         _outputs/lundquist/dit_sds_untrained_30k/checkpoint                    
         s/scalar_embedding_step_12480.safetensors                              
DEBUG    [rank 0] Removed optimizer state for older kept     dit_trainer.py:1444
         checkpoint:                                                            
         /local/disk/hramachandran/work/wh_work/windinet/dit                    
         _outputs/lundquist/dit_sds_untrained_30k/checkpoint                    
         s/model_weights_step_12600.state.pt                                    
[epoch 106] step=12720 train_loss=0.009048
[train] step=12721 loss=0.022475 lr=6.186e-06
[train] step=12722 loss=0.010007 lr=6.186e-06
[train] step=12723 loss=0.003206 lr=6.185e-06
[train] step=12724 loss=0.005207 lr=6.185e-06
[train] step=12725 loss=0.008297 lr=6.184e-06
[train] step=12726 loss=0.005839 lr=6.184e-06
[train] step=12727 loss=0.009539 lr=6.183e-06
[train] step=12728 loss=0.008733 lr=6.183e-06
[train] step=12729 loss=0.011869 lr=6.182e-06
[train] step=12730 loss=0.005149 lr=6.182e-06
[train] step=12731 loss=0.067267 lr=6.181e-06
[train] step=12732 loss=0.003795 lr=6.181e-06
[train] step=12733 loss=0.010562 lr=6.180e-06
[train] step=12734 loss=0.002453 lr=6.180e-06
[train] step=12735 loss=0.020055 lr=6.179e-06
[train] step=12736 loss=0.005002 lr=6.179e-06
[train] step=12737 loss=0.004652 lr=6.178e-06
[train] step=12738 loss=0.024373 lr=6.178e-06
[train] step=12739 loss=0.005861 lr=6.177e-06
[train] step=12740 loss=0.003259 lr=6.177e-06
[train] step=12741 loss=0.014202 lr=6.176e-06
[train] step=12742 loss=0.005336 lr=6.176e-06
[train] step=12743 loss=0.003393 lr=6.175e-06
[train] step=12744 loss=0.010136 lr=6.175e-06
[train] step=12745 loss=0.007277 lr=6.174e-06
[train] step=12746 loss=0.014911 lr=6.174e-06
[train] step=12747 loss=0.004091 lr=6.173e-06
[train] step=12748 loss=0.004994 lr=6.173e-06
[train] step=12749 loss=0.013275 lr=6.172e-06
[train] step=12750 loss=0.007765 lr=6.172e-06
[train] step=12751 loss=0.003445 lr=6.171e-06
[train] step=12752 loss=0.004750 lr=6.171e-06
[train] step=12753 loss=0.006862 lr=6.170e-06
[train] step=12754 loss=0.061305 lr=6.170e-06
[train] step=12755 loss=0.008267 lr=6.169e-06
[train] step=12756 loss=0.003381 lr=6.169e-06
[train] step=12757 loss=0.005798 lr=6.168e-06
[train] step=12758 loss=0.015778 lr=6.167e-06
[train] step=12759 loss=0.004549 lr=6.167e-06
[train] step=12760 loss=0.010357 lr=6.166e-06
[train] step=12761 loss=0.003593 lr=6.166e-06
[train] step=12762 loss=0.006770 lr=6.165e-06
[train] step=12763 loss=0.005063 lr=6.165e-06
[train] step=12764 loss=0.002793 lr=6.164e-06
[train] step=12765 loss=0.006759 lr=6.164e-06
[train] step=12766 loss=0.008335 lr=6.163e-06
[train] step=12767 loss=0.008796 lr=6.163e-06
[train] step=12768 loss=0.014671 lr=6.162e-06
[train] step=12769 loss=0.006409 lr=6.162e-06
[train] step=12770 loss=0.008976 lr=6.161e-06
[train] step=12771 loss=0.005874 lr=6.161e-06
[train] step=12772 loss=0.005147 lr=6.160e-06
[train] step=12773 loss=0.004163 lr=6.160e-06
[train] step=12774 loss=0.004198 lr=6.159e-06
[train] step=12775 loss=0.006566 lr=6.159e-06
[train] step=12776 loss=0.003389 lr=6.158e-06
[train] step=12777 loss=0.008915 lr=6.158e-06
[train] step=12778 loss=0.010383 lr=6.157e-06
[train] step=12779 loss=0.005956 lr=6.157e-06
[train] step=12780 loss=0.004986 lr=6.156e-06
[train] step=12781 loss=0.003999 lr=6.156e-06
[train] step=12782 loss=0.006985 lr=6.155e-06
[train] step=12783 loss=0.008379 lr=6.155e-06
[train] step=12784 loss=0.010964 lr=6.154e-06
[train] step=12785 loss=0.041918 lr=6.154e-06
[train] step=12786 loss=0.006660 lr=6.153e-06
[train] step=12787 loss=0.004211 lr=6.153e-06
[train] step=12788 loss=0.005985 lr=6.152e-06
[train] step=12789 loss=0.006838 lr=6.152e-06
[train] step=12790 loss=0.010678 lr=6.151e-06
[train] step=12791 loss=0.005977 lr=6.151e-06
[train] step=12792 loss=0.011429 lr=6.150e-06
[train] step=12793 loss=0.021968 lr=6.150e-06
[train] step=12794 loss=0.004158 lr=6.149e-06
[train] step=12795 loss=0.006333 lr=6.149e-06
[train] step=12796 loss=0.005705 lr=6.148e-06
[train] step=12797 loss=0.012794 lr=6.148e-06
[train] step=12798 loss=0.015343 lr=6.147e-06
[train] step=12799 loss=0.006843 lr=6.147e-06
[train] step=12800 loss=0.008102 lr=6.146e-06
[train] step=12801 loss=0.008660 lr=6.146e-06
[train] step=12802 loss=0.011572 lr=6.145e-06
[train] step=12803 loss=0.011558 lr=6.145e-06
[train] step=12804 loss=0.013410 lr=6.144e-06
[train] step=12805 loss=0.004660 lr=6.144e-06
[train] step=12806 loss=0.006043 lr=6.143e-06
[train] step=12807 loss=0.018013 lr=6.143e-06
[train] step=12808 loss=0.005274 lr=6.142e-06
[train] step=12809 loss=0.010486 lr=6.142e-06
[train] step=12810 loss=0.007366 lr=6.141e-06
[train] step=12811 loss=0.003803 lr=6.141e-06
[train] step=12812 loss=0.007358 lr=6.140e-06
[train] step=12813 loss=0.008618 lr=6.140e-06
[train] step=12814 loss=0.033594 lr=6.139e-06
[train] step=12815 loss=0.005135 lr=6.138e-06
[train] step=12816 loss=0.005401 lr=6.138e-06
[train] step=12817 loss=0.006826 lr=6.137e-06
[train] step=12818 loss=0.005067 lr=6.137e-06
[train] step=12819 loss=0.006995 lr=6.136e-06
[train] step=12820 loss=0.003868 lr=6.136e-06
[train] step=12821 loss=0.003772 lr=6.135e-06
[train] step=12822 loss=0.006504 lr=6.135e-06
[train] step=12823 loss=0.003876 lr=6.134e-06
[train] step=12824 loss=0.008565 lr=6.134e-06
[train] step=12825 loss=0.007115 lr=6.133e-06
[train] step=12826 loss=0.022082 lr=6.133e-06
[train] step=12827 loss=0.008306 lr=6.132e-06
[train] step=12828 loss=0.005264 lr=6.132e-06
[train] step=12829 loss=0.008627 lr=6.131e-06
[train] step=12830 loss=0.007652 lr=6.131e-06
[train] step=12831 loss=0.010605 lr=6.130e-06
[train] step=12832 loss=0.005024 lr=6.130e-06
[train] step=12833 loss=0.005048 lr=6.129e-06
[train] step=12834 loss=0.015741 lr=6.129e-06
[train] step=12835 loss=0.004976 lr=6.128e-06
[train] step=12836 loss=0.019111 lr=6.128e-06
[train] step=12837 loss=0.010607 lr=6.127e-06
[train] step=12838 loss=0.013465 lr=6.127e-06
[train] step=12839 loss=0.003610 lr=6.126e-06
[train] step=12840 loss=0.006540 lr=6.126e-06
INFO     [rank 0] Model weights for step 12840 saved in      dit_trainer.py:1288
         checkpoints/model_weights_step_12840.safetensors                       
INFO     [rank 0] Scalar embedding weights for step 12840    dit_trainer.py:1297
         saved                                                                  
INFO     [rank 0] Training state saved:                      dit_trainer.py:1416
         checkpoints/model_weights_step_12840.state.pt                          
DEBUG    [rank 0] Removed old checkpoint:                    dit_trainer.py:1429
         /local/disk/hramachandran/work/wh_work/windinet/dit                    
         _outputs/lundquist/dit_sds_untrained_30k/checkpoint                    
         s/model_weights_step_12600.safetensors                                 
DEBUG    [rank 0] Removed old checkpoint:                    dit_trainer.py:1429
         /local/disk/hramachandran/work/wh_work/windinet/dit                    
         _outputs/lundquist/dit_sds_untrained_30k/checkpoint                    
         s/scalar_embedding_step_12600.safetensors                              
DEBUG    [rank 0] Removed optimizer state for older kept     dit_trainer.py:1444
         checkpoint:                                                            
         /local/disk/hramachandran/work/wh_work/windinet/dit                    
         _outputs/lundquist/dit_sds_untrained_30k/checkpoint                    
         s/model_weights_step_12720.state.pt                                    
[epoch 107] step=12840 train_loss=0.009529
[train] step=12841 loss=0.008488 lr=6.125e-06
[train] step=12842 loss=0.018430 lr=6.125e-06
[train] step=12843 loss=0.016159 lr=6.124e-06
[train] step=12844 loss=0.020657 lr=6.124e-06
[train] step=12845 loss=0.004175 lr=6.123e-06
[train] step=12846 loss=0.008410 lr=6.123e-06
[train] step=12847 loss=0.005793 lr=6.122e-06
[train] step=12848 loss=0.025242 lr=6.122e-06
[train] step=12849 loss=0.005526 lr=6.121e-06
[train] step=12850 loss=0.004090 lr=6.121e-06
[train] step=12851 loss=0.014757 lr=6.120e-06
[train] step=12852 loss=0.018677 lr=6.120e-06
[train] step=12853 loss=0.005987 lr=6.119e-06
[train] step=12854 loss=0.013028 lr=6.119e-06
[train] step=12855 loss=0.006883 lr=6.118e-06
[train] step=12856 loss=0.013476 lr=6.118e-06
[train] step=12857 loss=0.004795 lr=6.117e-06
[train] step=12858 loss=0.003256 lr=6.117e-06
[train] step=12859 loss=0.005143 lr=6.116e-06
[train] step=12860 loss=0.005717 lr=6.116e-06
[train] step=12861 loss=0.007878 lr=6.115e-06
[train] step=12862 loss=0.005853 lr=6.115e-06
[train] step=12863 loss=0.014802 lr=6.114e-06
[train] step=12864 loss=0.004933 lr=6.114e-06
[train] step=12865 loss=0.005326 lr=6.113e-06
[train] step=12866 loss=0.022208 lr=6.112e-06
[train] step=12867 loss=0.005626 lr=6.112e-06
[train] step=12868 loss=0.004478 lr=6.111e-06
[train] step=12869 loss=0.005500 lr=6.111e-06
[train] step=12870 loss=0.004161 lr=6.110e-06
[train] step=12871 loss=0.006419 lr=6.110e-06
[train] step=12872 loss=0.007083 lr=6.109e-06
[train] step=12873 loss=0.027931 lr=6.109e-06
[train] step=12874 loss=0.014591 lr=6.108e-06
[train] step=12875 loss=0.003233 lr=6.108e-06
[train] step=12876 loss=0.004303 lr=6.107e-06
[train] step=12877 loss=0.004065 lr=6.107e-06
[train] step=12878 loss=0.003356 lr=6.106e-06
[train] step=12879 loss=0.008872 lr=6.106e-06
[train] step=12880 loss=0.002705 lr=6.105e-06
[train] step=12881 loss=0.008875 lr=6.105e-06
[train] step=12882 loss=0.015746 lr=6.104e-06
[train] step=12883 loss=0.002794 lr=6.104e-06
[train] step=12884 loss=0.005485 lr=6.103e-06
[train] step=12885 loss=0.005286 lr=6.103e-06
[train] step=12886 loss=0.003292 lr=6.102e-06
[train] step=12887 loss=0.011170 lr=6.102e-06
[train] step=12888 loss=0.008344 lr=6.101e-06
[train] step=12889 loss=0.009358 lr=6.101e-06
[train] step=12890 loss=0.003655 lr=6.100e-06
[train] step=12891 loss=0.013966 lr=6.100e-06
[train] step=12892 loss=0.019086 lr=6.099e-06
[train] step=12893 loss=0.004002 lr=6.099e-06
[train] step=12894 loss=0.007402 lr=6.098e-06
[train] step=12895 loss=0.005294 lr=6.098e-06
[train] step=12896 loss=0.005850 lr=6.097e-06
[train] step=12897 loss=0.009914 lr=6.097e-06
[train] step=12898 loss=0.014730 lr=6.096e-06
[train] step=12899 loss=0.004981 lr=6.096e-06
[train] step=12900 loss=0.003430 lr=6.095e-06
[train] step=12901 loss=0.005116 lr=6.095e-06
[train] step=12902 loss=0.032008 lr=6.094e-06
[train] step=12903 loss=0.027966 lr=6.094e-06
[train] step=12904 loss=0.006808 lr=6.093e-06
[train] step=12905 loss=0.003834 lr=6.093e-06
[train] step=12906 loss=0.003908 lr=6.092e-06
[train] step=12907 loss=0.035923 lr=6.092e-06
[train] step=12908 loss=0.004517 lr=6.091e-06
[train] step=12909 loss=0.008909 lr=6.091e-06
[train] step=12910 loss=0.007705 lr=6.090e-06
[train] step=12911 loss=0.003933 lr=6.090e-06
[train] step=12912 loss=0.023883 lr=6.089e-06
[train] step=12913 loss=0.005492 lr=6.088e-06
[train] step=12914 loss=0.010428 lr=6.088e-06
[train] step=12915 loss=0.004865 lr=6.087e-06
[train] step=12916 loss=0.004694 lr=6.087e-06
[train] step=12917 loss=0.007607 lr=6.086e-06
[train] step=12918 loss=0.006474 lr=6.086e-06
[train] step=12919 loss=0.005474 lr=6.085e-06
[train] step=12920 loss=0.004028 lr=6.085e-06
[train] step=12921 loss=0.005171 lr=6.084e-06
[train] step=12922 loss=0.005894 lr=6.084e-06
[train] step=12923 loss=0.009439 lr=6.083e-06
[train] step=12924 loss=0.002532 lr=6.083e-06
[train] step=12925 loss=0.007515 lr=6.082e-06
[train] step=12926 loss=0.011732 lr=6.082e-06
[train] step=12927 loss=0.013808 lr=6.081e-06
[train] step=12928 loss=0.018758 lr=6.081e-06
[train] step=12929 loss=0.002851 lr=6.080e-06
[train] step=12930 loss=0.007227 lr=6.080e-06
[train] step=12931 loss=0.006556 lr=6.079e-06
[train] step=12932 loss=0.017978 lr=6.079e-06
[train] step=12933 loss=0.003915 lr=6.078e-06
[train] step=12934 loss=0.004614 lr=6.078e-06
[train] step=12935 loss=0.008596 lr=6.077e-06
[train] step=12936 loss=0.003185 lr=6.077e-06
[train] step=12937 loss=0.007357 lr=6.076e-06
[train] step=12938 loss=0.007725 lr=6.076e-06
[train] step=12939 loss=0.003780 lr=6.075e-06
[train] step=12940 loss=0.009806 lr=6.075e-06
[train] step=12941 loss=0.008381 lr=6.074e-06
[train] step=12942 loss=0.004187 lr=6.074e-06
[train] step=12943 loss=0.009049 lr=6.073e-06
[train] step=12944 loss=0.009595 lr=6.073e-06
[train] step=12945 loss=0.012347 lr=6.072e-06
[train] step=12946 loss=0.013773 lr=6.072e-06
[train] step=12947 loss=0.007994 lr=6.071e-06
[train] step=12948 loss=0.009275 lr=6.071e-06
[train] step=12949 loss=0.015593 lr=6.070e-06
[train] step=12950 loss=0.006056 lr=6.070e-06
[train] step=12951 loss=0.005699 lr=6.069e-06
[train] step=12952 loss=0.008063 lr=6.069e-06
[train] step=12953 loss=0.007762 lr=6.068e-06
[train] step=12954 loss=0.003636 lr=6.068e-06
[train] step=12955 loss=0.005587 lr=6.067e-06
[train] step=12956 loss=0.008580 lr=6.067e-06
[train] step=12957 loss=0.039126 lr=6.066e-06
[train] step=12958 loss=0.011196 lr=6.066e-06
[train] step=12959 loss=0.016189 lr=6.065e-06
[train] step=12960 loss=0.010645 lr=6.064e-06
INFO     [rank 0] Model weights for step 12960 saved in      dit_trainer.py:1288
         checkpoints/model_weights_step_12960.safetensors                       
INFO     [rank 0] Scalar embedding weights for step 12960    dit_trainer.py:1297
         saved                                                                  
INFO     [rank 0] Training state saved:                      dit_trainer.py:1416
         checkpoints/model_weights_step_12960.state.pt                          
DEBUG    [rank 0] Removed old checkpoint:                    dit_trainer.py:1429
         /local/disk/hramachandran/work/wh_work/windinet/dit                    
         _outputs/lundquist/dit_sds_untrained_30k/checkpoint                    
         s/model_weights_step_12720.safetensors                                 
DEBUG    [rank 0] Removed old checkpoint:                    dit_trainer.py:1429
         /local/disk/hramachandran/work/wh_work/windinet/dit                    
         _outputs/lundquist/dit_sds_untrained_30k/checkpoint                    
         s/scalar_embedding_step_12720.safetensors                              
DEBUG    [rank 0] Removed optimizer state for older kept     dit_trainer.py:1444
         checkpoint:                                                            
         /local/disk/hramachandran/work/wh_work/windinet/dit                    
         _outputs/lundquist/dit_sds_untrained_30k/checkpoint                    
         s/model_weights_step_12840.state.pt                                    
[epoch 108] step=12960 train_loss=0.009294
[train] step=12961 loss=0.005084 lr=6.064e-06
[train] step=12962 loss=0.002392 lr=6.063e-06
[train] step=12963 loss=0.033252 lr=6.063e-06
[train] step=12964 loss=0.008315 lr=6.062e-06
[train] step=12965 loss=0.005348 lr=6.062e-06
[train] step=12966 loss=0.003349 lr=6.061e-06
[train] step=12967 loss=0.006948 lr=6.061e-06
[train] step=12968 loss=0.010557 lr=6.060e-06
[train] step=12969 loss=0.004155 lr=6.060e-06
[train] step=12970 loss=0.008823 lr=6.059e-06
[train] step=12971 loss=0.004795 lr=6.059e-06
[train] step=12972 loss=0.007343 lr=6.058e-06
[train] step=12973 loss=0.007816 lr=6.058e-06
[train] step=12974 loss=0.006355 lr=6.057e-06
[train] step=12975 loss=0.009367 lr=6.057e-06
[train] step=12976 loss=0.004607 lr=6.056e-06
[train] step=12977 loss=0.009713 lr=6.056e-06
[train] step=12978 loss=0.005011 lr=6.055e-06
[train] step=12979 loss=0.008552 lr=6.055e-06
[train] step=12980 loss=0.002146 lr=6.054e-06
[train] step=12981 loss=0.029390 lr=6.054e-06
[train] step=12982 loss=0.006969 lr=6.053e-06
[train] step=12983 loss=0.014911 lr=6.053e-06
[train] step=12984 loss=0.005272 lr=6.052e-06
[train] step=12985 loss=0.004703 lr=6.052e-06
[train] step=12986 loss=0.006054 lr=6.051e-06
[train] step=12987 loss=0.005245 lr=6.051e-06
[train] step=12988 loss=0.016894 lr=6.050e-06
[train] step=12989 loss=0.003525 lr=6.050e-06
[train] step=12990 loss=0.015854 lr=6.049e-06
[train] step=12991 loss=0.005624 lr=6.049e-06
[train] step=12992 loss=0.006029 lr=6.048e-06
[train] step=12993 loss=0.018603 lr=6.048e-06
[train] step=12994 loss=0.039331 lr=6.047e-06
[train] step=12995 loss=0.009560 lr=6.047e-06
[train] step=12996 loss=0.007190 lr=6.046e-06
[train] step=12997 loss=0.011912 lr=6.046e-06
[train] step=12998 loss=0.003624 lr=6.045e-06
[train] step=12999 loss=0.004973 lr=6.045e-06
[train] step=13000 loss=0.004515 lr=6.044e-06
[train] step=13001 loss=0.007603 lr=6.044e-06
[train] step=13002 loss=0.007526 lr=6.043e-06
[train] step=13003 loss=0.002999 lr=6.042e-06
[train] step=13004 loss=0.005341 lr=6.042e-06
[train] step=13005 loss=0.003334 lr=6.041e-06
[train] step=13006 loss=0.007668 lr=6.041e-06
[train] step=13007 loss=0.003697 lr=6.040e-06
[train] step=13008 loss=0.006148 lr=6.040e-06
[train] step=13009 loss=0.007576 lr=6.039e-06
[train] step=13010 loss=0.023173 lr=6.039e-06
[train] step=13011 loss=0.008885 lr=6.038e-06
[train] step=13012 loss=0.012125 lr=6.038e-06
[train] step=13013 loss=0.007599 lr=6.037e-06
[train] step=13014 loss=0.004874 lr=6.037e-06
[train] step=13015 loss=0.013602 lr=6.036e-06
[train] step=13016 loss=0.016493 lr=6.036e-06
[train] step=13017 loss=0.012110 lr=6.035e-06
[train] step=13018 loss=0.024538 lr=6.035e-06
[train] step=13019 loss=0.003985 lr=6.034e-06
[train] step=13020 loss=0.006152 lr=6.034e-06
[train] step=13021 loss=0.006264 lr=6.033e-06
[train] step=13022 loss=0.012543 lr=6.033e-06
[train] step=13023 loss=0.003665 lr=6.032e-06
[train] step=13024 loss=0.006599 lr=6.032e-06
[train] step=13025 loss=0.004035 lr=6.031e-06
[train] step=13026 loss=0.004396 lr=6.031e-06
[train] step=13027 loss=0.039889 lr=6.030e-06
[train] step=13028 loss=0.010104 lr=6.030e-06
[train] step=13029 loss=0.007715 lr=6.029e-06
[train] step=13030 loss=0.005716 lr=6.029e-06
[train] step=13031 loss=0.006355 lr=6.028e-06
[train] step=13032 loss=0.004596 lr=6.028e-06
[train] step=13033 loss=0.008565 lr=6.027e-06
[train] step=13034 loss=0.004118 lr=6.027e-06
[train] step=13035 loss=0.002139 lr=6.026e-06
[train] step=13036 loss=0.009482 lr=6.026e-06
[train] step=13037 loss=0.021804 lr=6.025e-06
[train] step=13038 loss=0.005579 lr=6.025e-06
[train] step=13039 loss=0.038149 lr=6.024e-06
[train] step=13040 loss=0.010289 lr=6.024e-06
[train] step=13041 loss=0.007660 lr=6.023e-06
[train] step=13042 loss=0.008408 lr=6.023e-06
[train] step=13043 loss=0.089986 lr=6.022e-06
[train] step=13044 loss=0.011109 lr=6.022e-06
[train] step=13045 loss=0.003593 lr=6.021e-06
[train] step=13046 loss=0.012608 lr=6.020e-06
[train] step=13047 loss=0.009329 lr=6.020e-06
[train] step=13048 loss=0.016718 lr=6.019e-06
[train] step=13049 loss=0.003649 lr=6.019e-06
[train] step=13050 loss=0.008039 lr=6.018e-06
[train] step=13051 loss=0.006099 lr=6.018e-06
[train] step=13052 loss=0.012696 lr=6.017e-06
[train] step=13053 loss=0.005609 lr=6.017e-06
[train] step=13054 loss=0.005843 lr=6.016e-06
[train] step=13055 loss=0.003502 lr=6.016e-06
[train] step=13056 loss=0.003578 lr=6.015e-06
[train] step=13057 loss=0.006864 lr=6.015e-06
[train] step=13058 loss=0.007044 lr=6.014e-06
[train] step=13059 loss=0.010126 lr=6.014e-06
[train] step=13060 loss=0.004301 lr=6.013e-06
[train] step=13061 loss=0.006119 lr=6.013e-06
[train] step=13062 loss=0.040233 lr=6.012e-06
[train] step=13063 loss=0.014124 lr=6.012e-06
[train] step=13064 loss=0.007265 lr=6.011e-06
[train] step=13065 loss=0.002783 lr=6.011e-06
[train] step=13066 loss=0.015591 lr=6.010e-06
[train] step=13067 loss=0.011352 lr=6.010e-06
[train] step=13068 loss=0.006717 lr=6.009e-06
[train] step=13069 loss=0.007359 lr=6.009e-06
[train] step=13070 loss=0.005462 lr=6.008e-06
[train] step=13071 loss=0.005734 lr=6.008e-06
[train] step=13072 loss=0.006641 lr=6.007e-06
[train] step=13073 loss=0.005954 lr=6.007e-06
[train] step=13074 loss=0.004276 lr=6.006e-06
[train] step=13075 loss=0.052876 lr=6.006e-06
[train] step=13076 loss=0.011911 lr=6.005e-06
[train] step=13077 loss=0.002871 lr=6.005e-06
[train] step=13078 loss=0.004397 lr=6.004e-06
[train] step=13079 loss=0.005847 lr=6.004e-06
[train] step=13080 loss=0.004125 lr=6.003e-06
INFO     [rank 0] Model weights for step 13080 saved in      dit_trainer.py:1288
         checkpoints/model_weights_step_13080.safetensors                       
INFO     [rank 0] Scalar embedding weights for step 13080    dit_trainer.py:1297
         saved                                                                  
INFO     [rank 0] Training state saved:                      dit_trainer.py:1416
         checkpoints/model_weights_step_13080.state.pt                          
DEBUG    [rank 0] Removed old checkpoint:                    dit_trainer.py:1429
         /local/disk/hramachandran/work/wh_work/windinet/dit                    
         _outputs/lundquist/dit_sds_untrained_30k/checkpoint                    
         s/model_weights_step_12840.safetensors                                 
DEBUG    [rank 0] Removed old checkpoint:                    dit_trainer.py:1429
         /local/disk/hramachandran/work/wh_work/windinet/dit                    
         _outputs/lundquist/dit_sds_untrained_30k/checkpoint                    
         s/scalar_embedding_step_12840.safetensors                              
DEBUG    [rank 0] Removed optimizer state for older kept     dit_trainer.py:1444
         checkpoint:                                                            
         /local/disk/hramachandran/work/wh_work/windinet/dit                    
         _outputs/lundquist/dit_sds_untrained_30k/checkpoint                    
         s/model_weights_step_12960.state.pt                                    
[epoch 109] step=13080 train_loss=0.010304
[train] step=13081 loss=0.004785 lr=6.003e-06
[train] step=13082 loss=0.005482 lr=6.002e-06
[train] step=13083 loss=0.012940 lr=6.002e-06
[train] step=13084 loss=0.005313 lr=6.001e-06
[train] step=13085 loss=0.005064 lr=6.001e-06
[train] step=13086 loss=0.006898 lr=6.000e-06
[train] step=13087 loss=0.007985 lr=5.999e-06
[train] step=13088 loss=0.009042 lr=5.999e-06
[train] step=13089 loss=0.005684 lr=5.998e-06
[train] step=13090 loss=0.005953 lr=5.998e-06
[train] step=13091 loss=0.005319 lr=5.997e-06
[train] step=13092 loss=0.006565 lr=5.997e-06
[train] step=13093 loss=0.008823 lr=5.996e-06
[train] step=13094 loss=0.004709 lr=5.996e-06
[train] step=13095 loss=0.004235 lr=5.995e-06
[train] step=13096 loss=0.004653 lr=5.995e-06
[train] step=13097 loss=0.006449 lr=5.994e-06
[train] step=13098 loss=0.004493 lr=5.994e-06
[train] step=13099 loss=0.004442 lr=5.993e-06
[train] step=13100 loss=0.011407 lr=5.993e-06
[train] step=13101 loss=0.015315 lr=5.992e-06
[train] step=13102 loss=0.006151 lr=5.992e-06
[train] step=13103 loss=0.004878 lr=5.991e-06
[train] step=13104 loss=0.032221 lr=5.991e-06
[train] step=13105 loss=0.005660 lr=5.990e-06
[train] step=13106 loss=0.019946 lr=5.990e-06
[train] step=13107 loss=0.010400 lr=5.989e-06
[train] step=13108 loss=0.004709 lr=5.989e-06
[train] step=13109 loss=0.004625 lr=5.988e-06
[train] step=13110 loss=0.003790 lr=5.988e-06
[train] step=13111 loss=0.004764 lr=5.987e-06
[train] step=13112 loss=0.007570 lr=5.987e-06
[train] step=13113 loss=0.013333 lr=5.986e-06
[train] step=13114 loss=0.010294 lr=5.986e-06
[train] step=13115 loss=0.007730 lr=5.985e-06
[train] step=13116 loss=0.006477 lr=5.985e-06
[train] step=13117 loss=0.004870 lr=5.984e-06
[train] step=13118 loss=0.006178 lr=5.984e-06
[train] step=13119 loss=0.018049 lr=5.983e-06
[train] step=13120 loss=0.007478 lr=5.983e-06
[train] step=13121 loss=0.022642 lr=5.982e-06
[train] step=13122 loss=0.007690 lr=5.982e-06
[train] step=13123 loss=0.007811 lr=5.981e-06
[train] step=13124 loss=0.005619 lr=5.981e-06
[train] step=13125 loss=0.010731 lr=5.980e-06
[train] step=13126 loss=0.002709 lr=5.979e-06
[train] step=13127 loss=0.004771 lr=5.979e-06
[train] step=13128 loss=0.005334 lr=5.978e-06
[train] step=13129 loss=0.003494 lr=5.978e-06
[train] step=13130 loss=0.003955 lr=5.977e-06
[train] step=13131 loss=0.012461 lr=5.977e-06
[train] step=13132 loss=0.014159 lr=5.976e-06
[train] step=13133 loss=0.005092 lr=5.976e-06
[train] step=13134 loss=0.014419 lr=5.975e-06
[train] step=13135 loss=0.003537 lr=5.975e-06
[train] step=13136 loss=0.012035 lr=5.974e-06
[train] step=13137 loss=0.007884 lr=5.974e-06
[train] step=13138 loss=0.004017 lr=5.973e-06
[train] step=13139 loss=0.005780 lr=5.973e-06
[train] step=13140 loss=0.004686 lr=5.972e-06
[train] step=13141 loss=0.004640 lr=5.972e-06
[train] step=13142 loss=0.003907 lr=5.971e-06
[train] step=13143 loss=0.004500 lr=5.971e-06
[train] step=13144 loss=0.005382 lr=5.970e-06
[train] step=13145 loss=0.007412 lr=5.970e-06
[train] step=13146 loss=0.010838 lr=5.969e-06
[train] step=13147 loss=0.008046 lr=5.969e-06
[train] step=13148 loss=0.006461 lr=5.968e-06
[train] step=13149 loss=0.009258 lr=5.968e-06
[train] step=13150 loss=0.017377 lr=5.967e-06
[train] step=13151 loss=0.021022 lr=5.967e-06
[train] step=13152 loss=0.003958 lr=5.966e-06
[train] step=13153 loss=0.005075 lr=5.966e-06
[train] step=13154 loss=0.006611 lr=5.965e-06
[train] step=13155 loss=0.010649 lr=5.965e-06
[train] step=13156 loss=0.008344 lr=5.964e-06
[train] step=13157 loss=0.004159 lr=5.964e-06
[train] step=13158 loss=0.008400 lr=5.963e-06
[train] step=13159 loss=0.008782 lr=5.963e-06
[train] step=13160 loss=0.003886 lr=5.962e-06
[train] step=13161 loss=0.012832 lr=5.962e-06
[train] step=13162 loss=0.007500 lr=5.961e-06
[train] step=13163 loss=0.003941 lr=5.960e-06
[train] step=13164 loss=0.006848 lr=5.960e-06
[train] step=13165 loss=0.011321 lr=5.959e-06
[train] step=13166 loss=0.012242 lr=5.959e-06
[train] step=13167 loss=0.004897 lr=5.958e-06
[train] step=13168 loss=0.002615 lr=5.958e-06
[train] step=13169 loss=0.007543 lr=5.957e-06
[train] step=13170 loss=0.008893 lr=5.957e-06
[train] step=13171 loss=0.009640 lr=5.956e-06
[train] step=13172 loss=0.010195 lr=5.956e-06
[train] step=13173 loss=0.017063 lr=5.955e-06
[train] step=13174 loss=0.014323 lr=5.955e-06
[train] step=13175 loss=0.007954 lr=5.954e-06
[train] step=13176 loss=0.004366 lr=5.954e-06
[train] step=13177 loss=0.015194 lr=5.953e-06
[train] step=13178 loss=0.023457 lr=5.953e-06
[train] step=13179 loss=0.035727 lr=5.952e-06
[train] step=13180 loss=0.007813 lr=5.952e-06
[train] step=13181 loss=0.016822 lr=5.951e-06
[train] step=13182 loss=0.008214 lr=5.951e-06
[train] step=13183 loss=0.003949 lr=5.950e-06
[train] step=13184 loss=0.001982 lr=5.950e-06
[train] step=13185 loss=0.011669 lr=5.949e-06
[train] step=13186 loss=0.004008 lr=5.949e-06
[train] step=13187 loss=0.004369 lr=5.948e-06
[train] step=13188 loss=0.005736 lr=5.948e-06
[train] step=13189 loss=0.008179 lr=5.947e-06
[train] step=13190 loss=0.006394 lr=5.947e-06
[train] step=13191 loss=0.004866 lr=5.946e-06
[train] step=13192 loss=0.002589 lr=5.946e-06
[train] step=13193 loss=0.005145 lr=5.945e-06
[train] step=13194 loss=0.083734 lr=5.945e-06
[train] step=13195 loss=0.019540 lr=5.944e-06
[train] step=13196 loss=0.004783 lr=5.944e-06
[train] step=13197 loss=0.003511 lr=5.943e-06
[train] step=13198 loss=0.023450 lr=5.943e-06
[train] step=13199 loss=0.007763 lr=5.942e-06
[train] step=13200 loss=0.017486 lr=5.941e-06
[val] step=13200 val_loss=0.012818
INFO     [rank 0] Model weights for step 13200 saved in      dit_trainer.py:1288
         checkpoints/model_weights_step_13200.safetensors                       
INFO     [rank 0] Scalar embedding weights for step 13200    dit_trainer.py:1297
         saved                                                                  
INFO     [rank 0] Training state saved:                      dit_trainer.py:1416
         checkpoints/model_weights_step_13200.state.pt                          
DEBUG    [rank 0] Removed old checkpoint:                    dit_trainer.py:1429
         /local/disk/hramachandran/work/wh_work/windinet/dit                    
         _outputs/lundquist/dit_sds_untrained_30k/checkpoint                    
         s/model_weights_step_12960.safetensors                                 
DEBUG    [rank 0] Removed old checkpoint:                    dit_trainer.py:1429
         /local/disk/hramachandran/work/wh_work/windinet/dit                    
         _outputs/lundquist/dit_sds_untrained_30k/checkpoint                    
         s/scalar_embedding_step_12960.safetensors                              
DEBUG    [rank 0] Removed optimizer state for older kept     dit_trainer.py:1444
         checkpoint:                                                            
         /local/disk/hramachandran/work/wh_work/windinet/dit                    
         _outputs/lundquist/dit_sds_untrained_30k/checkpoint                    
         s/model_weights_step_13080.state.pt                                    
[epoch 110] step=13200 train_loss=0.009145 val_loss=0.012818
[train] step=13201 loss=0.008040 lr=5.941e-06
[train] step=13202 loss=0.008934 lr=5.940e-06
[train] step=13203 loss=0.002621 lr=5.940e-06
[train] step=13204 loss=0.004571 lr=5.939e-06
[train] step=13205 loss=0.011532 lr=5.939e-06
[train] step=13206 loss=0.006898 lr=5.938e-06
[train] step=13207 loss=0.012351 lr=5.938e-06
[train] step=13208 loss=0.009499 lr=5.937e-06
[train] step=13209 loss=0.008608 lr=5.937e-06
[train] step=13210 loss=0.004502 lr=5.936e-06
[train] step=13211 loss=0.005846 lr=5.936e-06
[train] step=13212 loss=0.026780 lr=5.935e-06
[train] step=13213 loss=0.009052 lr=5.935e-06
[train] step=13214 loss=0.008166 lr=5.934e-06
[train] step=13215 loss=0.003100 lr=5.934e-06
[train] step=13216 loss=0.034972 lr=5.933e-06
[train] step=13217 loss=0.009349 lr=5.933e-06
[train] step=13218 loss=0.004275 lr=5.932e-06
[train] step=13219 loss=0.010645 lr=5.932e-06
[train] step=13220 loss=0.029743 lr=5.931e-06
[train] step=13221 loss=0.005195 lr=5.931e-06
[train] step=13222 loss=0.007732 lr=5.930e-06
[train] step=13223 loss=0.003405 lr=5.930e-06
[train] step=13224 loss=0.009338 lr=5.929e-06
[train] step=13225 loss=0.006785 lr=5.929e-06
[train] step=13226 loss=0.006762 lr=5.928e-06
[train] step=13227 loss=0.006423 lr=5.928e-06
[train] step=13228 loss=0.013099 lr=5.927e-06
[train] step=13229 loss=0.004250 lr=5.927e-06
[train] step=13230 loss=0.002935 lr=5.926e-06
[train] step=13231 loss=0.008972 lr=5.926e-06
[train] step=13232 loss=0.009343 lr=5.925e-06
[train] step=13233 loss=0.006265 lr=5.925e-06
[train] step=13234 loss=0.009457 lr=5.924e-06
[train] step=13235 loss=0.005582 lr=5.923e-06
[train] step=13236 loss=0.011256 lr=5.923e-06
[train] step=13237 loss=0.013313 lr=5.922e-06
[train] step=13238 loss=0.006765 lr=5.922e-06
[train] step=13239 loss=0.010058 lr=5.921e-06
[train] step=13240 loss=0.009882 lr=5.921e-06
[train] step=13241 loss=0.005446 lr=5.920e-06
[train] step=13242 loss=0.005539 lr=5.920e-06
[train] step=13243 loss=0.007777 lr=5.919e-06
[train] step=13244 loss=0.006671 lr=5.919e-06
[train] step=13245 loss=0.005207 lr=5.918e-06
[train] step=13246 loss=0.003979 lr=5.918e-06
[train] step=13247 loss=0.003745 lr=5.917e-06
[train] step=13248 loss=0.008754 lr=5.917e-06
[train] step=13249 loss=0.002655 lr=5.916e-06
[train] step=13250 loss=0.004828 lr=5.916e-06
[train] step=13251 loss=0.005734 lr=5.915e-06
[train] step=13252 loss=0.011311 lr=5.915e-06
[train] step=13253 loss=0.006065 lr=5.914e-06
[train] step=13254 loss=0.007041 lr=5.914e-06
[train] step=13255 loss=0.007397 lr=5.913e-06
[train] step=13256 loss=0.003821 lr=5.913e-06
[train] step=13257 loss=0.003916 lr=5.912e-06
[train] step=13258 loss=0.009215 lr=5.912e-06
[train] step=13259 loss=0.003152 lr=5.911e-06
[train] step=13260 loss=0.003110 lr=5.911e-06
[train] step=13261 loss=0.003080 lr=5.910e-06
[train] step=13262 loss=0.010091 lr=5.910e-06
[train] step=13263 loss=0.007423 lr=5.909e-06
[train] step=13264 loss=0.009190 lr=5.909e-06
[train] step=13265 loss=0.009469 lr=5.908e-06
[train] step=13266 loss=0.005122 lr=5.908e-06
[train] step=13267 loss=0.017216 lr=5.907e-06
[train] step=13268 loss=0.006394 lr=5.907e-06
[train] step=13269 loss=0.020477 lr=5.906e-06
[train] step=13270 loss=0.013994 lr=5.905e-06
[train] step=13271 loss=0.010732 lr=5.905e-06
[train] step=13272 loss=0.005165 lr=5.904e-06
[train] step=13273 loss=0.005964 lr=5.904e-06
[train] step=13274 loss=0.011820 lr=5.903e-06
[train] step=13275 loss=0.009064 lr=5.903e-06
[train] step=13276 loss=0.009886 lr=5.902e-06
[train] step=13277 loss=0.007769 lr=5.902e-06
[train] step=13278 loss=0.007472 lr=5.901e-06
[train] step=13279 loss=0.026030 lr=5.901e-06
[train] step=13280 loss=0.018190 lr=5.900e-06
[train] step=13281 loss=0.006845 lr=5.900e-06
[train] step=13282 loss=0.003949 lr=5.899e-06
[train] step=13283 loss=0.012583 lr=5.899e-06
[train] step=13284 loss=0.003170 lr=5.898e-06
[train] step=13285 loss=0.011739 lr=5.898e-06
[train] step=13286 loss=0.009469 lr=5.897e-06
[train] step=13287 loss=0.002554 lr=5.897e-06
[train] step=13288 loss=0.005558 lr=5.896e-06
[train] step=13289 loss=0.004139 lr=5.896e-06
[train] step=13290 loss=0.032248 lr=5.895e-06
[train] step=13291 loss=0.005520 lr=5.895e-06
[train] step=13292 loss=0.007463 lr=5.894e-06
[train] step=13293 loss=0.012076 lr=5.894e-06
[train] step=13294 loss=0.008449 lr=5.893e-06
[train] step=13295 loss=0.013745 lr=5.893e-06
[train] step=13296 loss=0.013935 lr=5.892e-06
[train] step=13297 loss=0.009351 lr=5.892e-06
[train] step=13298 loss=0.004673 lr=5.891e-06
[train] step=13299 loss=0.008051 lr=5.891e-06
[train] step=13300 loss=0.004707 lr=5.890e-06
[train] step=13301 loss=0.013378 lr=5.890e-06
[train] step=13302 loss=0.005351 lr=5.889e-06
[train] step=13303 loss=0.005018 lr=5.889e-06
[train] step=13304 loss=0.007329 lr=5.888e-06
[train] step=13305 loss=0.004184 lr=5.887e-06
[train] step=13306 loss=0.011971 lr=5.887e-06
[train] step=13307 loss=0.004915 lr=5.886e-06
[train] step=13308 loss=0.027530 lr=5.886e-06
[train] step=13309 loss=0.023133 lr=5.885e-06
[train] step=13310 loss=0.005774 lr=5.885e-06
[train] step=13311 loss=0.014461 lr=5.884e-06
[train] step=13312 loss=0.005103 lr=5.884e-06
[train] step=13313 loss=0.003370 lr=5.883e-06
[train] step=13314 loss=0.005439 lr=5.883e-06
[train] step=13315 loss=0.004675 lr=5.882e-06
[train] step=13316 loss=0.019678 lr=5.882e-06
[train] step=13317 loss=0.010632 lr=5.881e-06
[train] step=13318 loss=0.004796 lr=5.881e-06
[train] step=13319 loss=0.003637 lr=5.880e-06
[train] step=13320 loss=0.007769 lr=5.880e-06
INFO     [rank 0] Model weights for step 13320 saved in      dit_trainer.py:1288
         checkpoints/model_weights_step_13320.safetensors                       
INFO     [rank 0] Scalar embedding weights for step 13320    dit_trainer.py:1297
         saved                                                                  
INFO     [rank 0] Training state saved:                      dit_trainer.py:1416
         checkpoints/model_weights_step_13320.state.pt                          
DEBUG    [rank 0] Removed old checkpoint:                    dit_trainer.py:1429
         /local/disk/hramachandran/work/wh_work/windinet/dit                    
         _outputs/lundquist/dit_sds_untrained_30k/checkpoint                    
         s/model_weights_step_13080.safetensors                                 
DEBUG    [rank 0] Removed old checkpoint:                    dit_trainer.py:1429
         /local/disk/hramachandran/work/wh_work/windinet/dit                    
         _outputs/lundquist/dit_sds_untrained_30k/checkpoint                    
         s/scalar_embedding_step_13080.safetensors                              
DEBUG    [rank 0] Removed optimizer state for older kept     dit_trainer.py:1444
         checkpoint:                                                            
         /local/disk/hramachandran/work/wh_work/windinet/dit                    
         _outputs/lundquist/dit_sds_untrained_30k/checkpoint                    
         s/model_weights_step_13200.state.pt                                    
[epoch 111] step=13320 train_loss=0.009036
[train] step=13321 loss=0.022140 lr=5.879e-06
[train] step=13322 loss=0.004733 lr=5.879e-06
[train] step=13323 loss=0.003758 lr=5.878e-06
[train] step=13324 loss=0.013593 lr=5.878e-06
[train] step=13325 loss=0.005504 lr=5.877e-06
[train] step=13326 loss=0.010412 lr=5.877e-06
[train] step=13327 loss=0.004872 lr=5.876e-06
[train] step=13328 loss=0.005605 lr=5.876e-06
[train] step=13329 loss=0.004414 lr=5.875e-06
[train] step=13330 loss=0.007242 lr=5.875e-06
[train] step=13331 loss=0.005580 lr=5.874e-06
[train] step=13332 loss=0.012020 lr=5.874e-06
[train] step=13333 loss=0.005082 lr=5.873e-06
[train] step=13334 loss=0.020674 lr=5.873e-06
[train] step=13335 loss=0.005857 lr=5.872e-06
[train] step=13336 loss=0.003718 lr=5.872e-06
[train] step=13337 loss=0.002859 lr=5.871e-06
[train] step=13338 loss=0.004557 lr=5.870e-06
[train] step=13339 loss=0.005717 lr=5.870e-06
[train] step=13340 loss=0.003894 lr=5.869e-06
[train] step=13341 loss=0.004850 lr=5.869e-06
[train] step=13342 loss=0.006220 lr=5.868e-06
[train] step=13343 loss=0.009258 lr=5.868e-06
[train] step=13344 loss=0.005872 lr=5.867e-06
[train] step=13345 loss=0.013479 lr=5.867e-06
[train] step=13346 loss=0.014007 lr=5.866e-06
[train] step=13347 loss=0.003433 lr=5.866e-06
[train] step=13348 loss=0.007826 lr=5.865e-06
[train] step=13349 loss=0.004105 lr=5.865e-06
[train] step=13350 loss=0.004333 lr=5.864e-06
[train] step=13351 loss=0.006333 lr=5.864e-06
[train] step=13352 loss=0.007214 lr=5.863e-06
[train] step=13353 loss=0.017278 lr=5.863e-06
[train] step=13354 loss=0.004852 lr=5.862e-06
[train] step=13355 loss=0.003842 lr=5.862e-06
[train] step=13356 loss=0.012369 lr=5.861e-06
[train] step=13357 loss=0.002630 lr=5.861e-06
[train] step=13358 loss=0.004689 lr=5.860e-06
[train] step=13359 loss=0.053028 lr=5.860e-06
[train] step=13360 loss=0.019470 lr=5.859e-06
[train] step=13361 loss=0.013798 lr=5.859e-06
[train] step=13362 loss=0.005789 lr=5.858e-06
[train] step=13363 loss=0.009965 lr=5.858e-06
[train] step=13364 loss=0.003954 lr=5.857e-06
[train] step=13365 loss=0.006768 lr=5.857e-06
[train] step=13366 loss=0.005583 lr=5.856e-06
[train] step=13367 loss=0.004472 lr=5.856e-06
[train] step=13368 loss=0.008096 lr=5.855e-06
[train] step=13369 loss=0.004524 lr=5.855e-06
[train] step=13370 loss=0.005228 lr=5.854e-06
[train] step=13371 loss=0.004810 lr=5.853e-06
[train] step=13372 loss=0.005258 lr=5.853e-06
[train] step=13373 loss=0.005888 lr=5.852e-06
[train] step=13374 loss=0.004539 lr=5.852e-06
[train] step=13375 loss=0.004113 lr=5.851e-06
[train] step=13376 loss=0.008492 lr=5.851e-06
[train] step=13377 loss=0.005022 lr=5.850e-06
[train] step=13378 loss=0.009883 lr=5.850e-06
[train] step=13379 loss=0.012810 lr=5.849e-06
[train] step=13380 loss=0.005091 lr=5.849e-06
[train] step=13381 loss=0.028062 lr=5.848e-06
[train] step=13382 loss=0.005962 lr=5.848e-06
[train] step=13383 loss=0.009133 lr=5.847e-06
[train] step=13384 loss=0.018919 lr=5.847e-06
[train] step=13385 loss=0.003760 lr=5.846e-06
[train] step=13386 loss=0.006025 lr=5.846e-06
[train] step=13387 loss=0.009892 lr=5.845e-06
[train] step=13388 loss=0.004873 lr=5.845e-06
[train] step=13389 loss=0.012903 lr=5.844e-06
[train] step=13390 loss=0.008252 lr=5.844e-06
[train] step=13391 loss=0.005553 lr=5.843e-06
[train] step=13392 loss=0.013160 lr=5.843e-06
[train] step=13393 loss=0.004474 lr=5.842e-06
[train] step=13394 loss=0.003759 lr=5.842e-06
[train] step=13395 loss=0.003536 lr=5.841e-06
[train] step=13396 loss=0.018271 lr=5.841e-06
[train] step=13397 loss=0.025185 lr=5.840e-06
[train] step=13398 loss=0.010224 lr=5.840e-06
[train] step=13399 loss=0.010310 lr=5.839e-06
[train] step=13400 loss=0.005758 lr=5.839e-06
[train] step=13401 loss=0.011595 lr=5.838e-06
[train] step=13402 loss=0.010825 lr=5.837e-06
[train] step=13403 loss=0.005118 lr=5.837e-06
[train] step=13404 loss=0.004396 lr=5.836e-06
[train] step=13405 loss=0.004398 lr=5.836e-06
[train] step=13406 loss=0.004441 lr=5.835e-06
[train] step=13407 loss=0.012615 lr=5.835e-06
[train] step=13408 loss=0.008172 lr=5.834e-06
[train] step=13409 loss=0.003897 lr=5.834e-06
[train] step=13410 loss=0.004849 lr=5.833e-06
[train] step=13411 loss=0.003869 lr=5.833e-06
[train] step=13412 loss=0.005497 lr=5.832e-06
[train] step=13413 loss=0.006796 lr=5.832e-06
[train] step=13414 loss=0.004864 lr=5.831e-06
[train] step=13415 loss=0.011206 lr=5.831e-06
[train] step=13416 loss=0.005311 lr=5.830e-06
[train] step=13417 loss=0.005893 lr=5.830e-06
[train] step=13418 loss=0.007712 lr=5.829e-06
[train] step=13419 loss=0.006691 lr=5.829e-06
[train] step=13420 loss=0.005391 lr=5.828e-06
[train] step=13421 loss=0.004966 lr=5.828e-06
[train] step=13422 loss=0.002907 lr=5.827e-06
[train] step=13423 loss=0.007077 lr=5.827e-06
[train] step=13424 loss=0.023146 lr=5.826e-06
[train] step=13425 loss=0.005496 lr=5.826e-06
[train] step=13426 loss=0.006222 lr=5.825e-06
[train] step=13427 loss=0.007444 lr=5.825e-06
[train] step=13428 loss=0.006775 lr=5.824e-06
[train] step=13429 loss=0.016457 lr=5.824e-06
[train] step=13430 loss=0.003205 lr=5.823e-06
[train] step=13431 loss=0.010102 lr=5.823e-06
[train] step=13432 loss=0.010387 lr=5.822e-06
[train] step=13433 loss=0.002268 lr=5.822e-06
[train] step=13434 loss=0.011113 lr=5.821e-06
[train] step=13435 loss=0.010123 lr=5.820e-06
[train] step=13436 loss=0.003111 lr=5.820e-06
[train] step=13437 loss=0.012963 lr=5.819e-06
[train] step=13438 loss=0.003183 lr=5.819e-06
[train] step=13439 loss=0.007000 lr=5.818e-06
[train] step=13440 loss=0.015559 lr=5.818e-06
INFO     [rank 0] Model weights for step 13440 saved in      dit_trainer.py:1288
         checkpoints/model_weights_step_13440.safetensors                       
INFO     [rank 0] Scalar embedding weights for step 13440    dit_trainer.py:1297
         saved                                                                  
INFO     [rank 0] Training state saved:                      dit_trainer.py:1416
         checkpoints/model_weights_step_13440.state.pt                          
DEBUG    [rank 0] Removed old checkpoint:                    dit_trainer.py:1429
         /local/disk/hramachandran/work/wh_work/windinet/dit                    
         _outputs/lundquist/dit_sds_untrained_30k/checkpoint                    
         s/model_weights_step_13200.safetensors                                 
DEBUG    [rank 0] Removed old checkpoint:                    dit_trainer.py:1429
         /local/disk/hramachandran/work/wh_work/windinet/dit                    
         _outputs/lundquist/dit_sds_untrained_30k/checkpoint                    
         s/scalar_embedding_step_13200.safetensors                              
DEBUG    [rank 0] Removed optimizer state for older kept     dit_trainer.py:1444
         checkpoint:                                                            
         /local/disk/hramachandran/work/wh_work/windinet/dit                    
         _outputs/lundquist/dit_sds_untrained_30k/checkpoint                    
         s/model_weights_step_13320.state.pt                                    
[epoch 112] step=13440 train_loss=0.008289
[train] step=13441 loss=0.002851 lr=5.817e-06
[train] step=13442 loss=0.010004 lr=5.817e-06
[train] step=13443 loss=0.008400 lr=5.816e-06
[train] step=13444 loss=0.004684 lr=5.816e-06
[train] step=13445 loss=0.005881 lr=5.815e-06
[train] step=13446 loss=0.009044 lr=5.815e-06
[train] step=13447 loss=0.003734 lr=5.814e-06
[train] step=13448 loss=0.005504 lr=5.814e-06
[train] step=13449 loss=0.004260 lr=5.813e-06
[train] step=13450 loss=0.007460 lr=5.813e-06
[train] step=13451 loss=0.006428 lr=5.812e-06
[train] step=13452 loss=0.003532 lr=5.812e-06
[train] step=13453 loss=0.010148 lr=5.811e-06
[train] step=13454 loss=0.006770 lr=5.811e-06
[train] step=13455 loss=0.003930 lr=5.810e-06
[train] step=13456 loss=0.005712 lr=5.810e-06
[train] step=13457 loss=0.006324 lr=5.809e-06
[train] step=13458 loss=0.004832 lr=5.809e-06
[train] step=13459 loss=0.006312 lr=5.808e-06
[train] step=13460 loss=0.007758 lr=5.808e-06
[train] step=13461 loss=0.012097 lr=5.807e-06
[train] step=13462 loss=0.007855 lr=5.807e-06
[train] step=13463 loss=0.002957 lr=5.806e-06
[train] step=13464 loss=0.005945 lr=5.805e-06
[train] step=13465 loss=0.013211 lr=5.805e-06
[train] step=13466 loss=0.026768 lr=5.804e-06
[train] step=13467 loss=0.004558 lr=5.804e-06
[train] step=13468 loss=0.006991 lr=5.803e-06
[train] step=13469 loss=0.010193 lr=5.803e-06
[train] step=13470 loss=0.003808 lr=5.802e-06
[train] step=13471 loss=0.010159 lr=5.802e-06
[train] step=13472 loss=0.007927 lr=5.801e-06
[train] step=13473 loss=0.004688 lr=5.801e-06
[train] step=13474 loss=0.009918 lr=5.800e-06
[train] step=13475 loss=0.005720 lr=5.800e-06
[train] step=13476 loss=0.010581 lr=5.799e-06
[train] step=13477 loss=0.010772 lr=5.799e-06
[train] step=13478 loss=0.015923 lr=5.798e-06
[train] step=13479 loss=0.004153 lr=5.798e-06
[train] step=13480 loss=0.009127 lr=5.797e-06
[train] step=13481 loss=0.003617 lr=5.797e-06
[train] step=13482 loss=0.004869 lr=5.796e-06
[train] step=13483 loss=0.008769 lr=5.796e-06
[train] step=13484 loss=0.009355 lr=5.795e-06
[train] step=13485 loss=0.003844 lr=5.795e-06
[train] step=13486 loss=0.017454 lr=5.794e-06
[train] step=13487 loss=0.004403 lr=5.794e-06
[train] step=13488 loss=0.002620 lr=5.793e-06
[train] step=13489 loss=0.007437 lr=5.793e-06
[train] step=13490 loss=0.005354 lr=5.792e-06
[train] step=13491 loss=0.012697 lr=5.792e-06
[train] step=13492 loss=0.007373 lr=5.791e-06
[train] step=13493 loss=0.018489 lr=5.791e-06
[train] step=13494 loss=0.006100 lr=5.790e-06
[train] step=13495 loss=0.004159 lr=5.789e-06
[train] step=13496 loss=0.004219 lr=5.789e-06
[train] step=13497 loss=0.005980 lr=5.788e-06
[train] step=13498 loss=0.005344 lr=5.788e-06
[train] step=13499 loss=0.008088 lr=5.787e-06
[train] step=13500 loss=0.004996 lr=5.787e-06
[train] step=13501 loss=0.004279 lr=5.786e-06
[train] step=13502 loss=0.025374 lr=5.786e-06
[train] step=13503 loss=0.003445 lr=5.785e-06
[train] step=13504 loss=0.012282 lr=5.785e-06
[train] step=13505 loss=0.004242 lr=5.784e-06
[train] step=13506 loss=0.005389 lr=5.784e-06
[train] step=13507 loss=0.004209 lr=5.783e-06
[train] step=13508 loss=0.003963 lr=5.783e-06
[train] step=13509 loss=0.005605 lr=5.782e-06
[train] step=13510 loss=0.006027 lr=5.782e-06
[train] step=13511 loss=0.008084 lr=5.781e-06
[train] step=13512 loss=0.002769 lr=5.781e-06
[train] step=13513 loss=0.030757 lr=5.780e-06
[train] step=13514 loss=0.006913 lr=5.780e-06
[train] step=13515 loss=0.006209 lr=5.779e-06
[train] step=13516 loss=0.007000 lr=5.779e-06
[train] step=13517 loss=0.004941 lr=5.778e-06
[train] step=13518 loss=0.005142 lr=5.778e-06
[train] step=13519 loss=0.004855 lr=5.777e-06
[train] step=13520 loss=0.004046 lr=5.777e-06
[train] step=13521 loss=0.007355 lr=5.776e-06
[train] step=13522 loss=0.007514 lr=5.776e-06
[train] step=13523 loss=0.009596 lr=5.775e-06
[train] step=13524 loss=0.005518 lr=5.775e-06
[train] step=13525 loss=0.007861 lr=5.774e-06
[train] step=13526 loss=0.006117 lr=5.773e-06
[train] step=13527 loss=0.018017 lr=5.773e-06
[train] step=13528 loss=0.003678 lr=5.772e-06
[train] step=13529 loss=0.010302 lr=5.772e-06
[train] step=13530 loss=0.003474 lr=5.771e-06
[train] step=13531 loss=0.002403 lr=5.771e-06
[train] step=13532 loss=0.006736 lr=5.770e-06
[train] step=13533 loss=0.004400 lr=5.770e-06
[train] step=13534 loss=0.002869 lr=5.769e-06
[train] step=13535 loss=0.006596 lr=5.769e-06
[train] step=13536 loss=0.002699 lr=5.768e-06
[train] step=13537 loss=0.015924 lr=5.768e-06
[train] step=13538 loss=0.008136 lr=5.767e-06
[train] step=13539 loss=0.006888 lr=5.767e-06
[train] step=13540 loss=0.004687 lr=5.766e-06
[train] step=13541 loss=0.004855 lr=5.766e-06
[train] step=13542 loss=0.012593 lr=5.765e-06
[train] step=13543 loss=0.007941 lr=5.765e-06
[train] step=13544 loss=0.009013 lr=5.764e-06
[train] step=13545 loss=0.006446 lr=5.764e-06
[train] step=13546 loss=0.005111 lr=5.763e-06
[train] step=13547 loss=0.009235 lr=5.763e-06
[train] step=13548 loss=0.003910 lr=5.762e-06
[train] step=13549 loss=0.002576 lr=5.762e-06
[train] step=13550 loss=0.006381 lr=5.761e-06
[train] step=13551 loss=0.004076 lr=5.761e-06
[train] step=13552 loss=0.008733 lr=5.760e-06
[train] step=13553 loss=0.011336 lr=5.760e-06
[train] step=13554 loss=0.007082 lr=5.759e-06
[train] step=13555 loss=0.005239 lr=5.758e-06
[train] step=13556 loss=0.006274 lr=5.758e-06
[train] step=13557 loss=0.008328 lr=5.757e-06
[train] step=13558 loss=0.004515 lr=5.757e-06
[train] step=13559 loss=0.005261 lr=5.756e-06
[train] step=13560 loss=0.012808 lr=5.756e-06
INFO     [rank 0] Model weights for step 13560 saved in      dit_trainer.py:1288
         checkpoints/model_weights_step_13560.safetensors                       
INFO     [rank 0] Scalar embedding weights for step 13560    dit_trainer.py:1297
         saved                                                                  
INFO     [rank 0] Training state saved:                      dit_trainer.py:1416
         checkpoints/model_weights_step_13560.state.pt                          
DEBUG    [rank 0] Removed old checkpoint:                    dit_trainer.py:1429
         /local/disk/hramachandran/work/wh_work/windinet/dit                    
         _outputs/lundquist/dit_sds_untrained_30k/checkpoint                    
         s/model_weights_step_13320.safetensors                                 
DEBUG    [rank 0] Removed old checkpoint:                    dit_trainer.py:1429
         /local/disk/hramachandran/work/wh_work/windinet/dit                    
         _outputs/lundquist/dit_sds_untrained_30k/checkpoint                    
         s/scalar_embedding_step_13320.safetensors                              
DEBUG    [rank 0] Removed optimizer state for older kept     dit_trainer.py:1444
         checkpoint:                                                            
         /local/disk/hramachandran/work/wh_work/windinet/dit                    
         _outputs/lundquist/dit_sds_untrained_30k/checkpoint                    
         s/model_weights_step_13440.state.pt                                    
[epoch 113] step=13560 train_loss=0.007440
[train] step=13561 loss=0.008696 lr=5.755e-06
[train] step=13562 loss=0.015132 lr=5.755e-06
[train] step=13563 loss=0.011127 lr=5.754e-06
[train] step=13564 loss=0.006060 lr=5.754e-06
[train] step=13565 loss=0.004319 lr=5.753e-06
[train] step=13566 loss=0.007272 lr=5.753e-06
[train] step=13567 loss=0.005832 lr=5.752e-06
[train] step=13568 loss=0.009675 lr=5.752e-06
[train] step=13569 loss=0.007063 lr=5.751e-06
[train] step=13570 loss=0.002997 lr=5.751e-06
[train] step=13571 loss=0.005124 lr=5.750e-06
[train] step=13572 loss=0.007329 lr=5.750e-06
[train] step=13573 loss=0.004899 lr=5.749e-06
[train] step=13574 loss=0.011650 lr=5.749e-06
[train] step=13575 loss=0.003555 lr=5.748e-06
[train] step=13576 loss=0.009510 lr=5.748e-06
[train] step=13577 loss=0.004334 lr=5.747e-06
[train] step=13578 loss=0.004338 lr=5.747e-06
[train] step=13579 loss=0.006752 lr=5.746e-06
[train] step=13580 loss=0.004308 lr=5.746e-06
[train] step=13581 loss=0.020829 lr=5.745e-06
[train] step=13582 loss=0.006849 lr=5.745e-06
[train] step=13583 loss=0.006735 lr=5.744e-06
[train] step=13584 loss=0.003137 lr=5.743e-06
[train] step=13585 loss=0.005692 lr=5.743e-06
[train] step=13586 loss=0.003789 lr=5.742e-06
[train] step=13587 loss=0.008694 lr=5.742e-06
[train] step=13588 loss=0.002831 lr=5.741e-06
[train] step=13589 loss=0.010935 lr=5.741e-06
[train] step=13590 loss=0.004168 lr=5.740e-06
[train] step=13591 loss=0.006591 lr=5.740e-06
[train] step=13592 loss=0.016770 lr=5.739e-06
[train] step=13593 loss=0.004164 lr=5.739e-06
[train] step=13594 loss=0.007878 lr=5.738e-06
[train] step=13595 loss=0.005361 lr=5.738e-06
[train] step=13596 loss=0.014381 lr=5.737e-06
[train] step=13597 loss=0.004162 lr=5.737e-06
[train] step=13598 loss=0.007383 lr=5.736e-06
[train] step=13599 loss=0.008151 lr=5.736e-06
[train] step=13600 loss=0.005137 lr=5.735e-06
[train] step=13601 loss=0.008929 lr=5.735e-06
[train] step=13602 loss=0.006063 lr=5.734e-06
[train] step=13603 loss=0.007018 lr=5.734e-06
[train] step=13604 loss=0.005312 lr=5.733e-06
[train] step=13605 loss=0.010955 lr=5.733e-06
[train] step=13606 loss=0.004805 lr=5.732e-06
[train] step=13607 loss=0.009468 lr=5.732e-06
[train] step=13608 loss=0.010613 lr=5.731e-06
[train] step=13609 loss=0.007204 lr=5.731e-06
[train] step=13610 loss=0.001900 lr=5.730e-06
[train] step=13611 loss=0.004365 lr=5.730e-06
[train] step=13612 loss=0.009929 lr=5.729e-06
[train] step=13613 loss=0.007846 lr=5.728e-06
[train] step=13614 loss=0.013183 lr=5.728e-06
[train] step=13615 loss=0.004151 lr=5.727e-06
[train] step=13616 loss=0.019076 lr=5.727e-06
[train] step=13617 loss=0.017651 lr=5.726e-06
[train] step=13618 loss=0.005208 lr=5.726e-06
[train] step=13619 loss=0.005939 lr=5.725e-06
[train] step=13620 loss=0.036706 lr=5.725e-06
[train] step=13621 loss=0.006583 lr=5.724e-06
[train] step=13622 loss=0.013722 lr=5.724e-06
[train] step=13623 loss=0.003427 lr=5.723e-06
[train] step=13624 loss=0.011601 lr=5.723e-06
[train] step=13625 loss=0.007388 lr=5.722e-06
[train] step=13626 loss=0.012095 lr=5.722e-06
[train] step=13627 loss=0.009270 lr=5.721e-06
[train] step=13628 loss=0.006820 lr=5.721e-06
[train] step=13629 loss=0.004699 lr=5.720e-06
[train] step=13630 loss=0.003652 lr=5.720e-06
[train] step=13631 loss=0.004576 lr=5.719e-06
[train] step=13632 loss=0.007993 lr=5.719e-06
[train] step=13633 loss=0.005703 lr=5.718e-06
[train] step=13634 loss=0.004802 lr=5.718e-06
[train] step=13635 loss=0.004330 lr=5.717e-06
[train] step=13636 loss=0.006652 lr=5.717e-06
[train] step=13637 loss=0.015396 lr=5.716e-06
[train] step=13638 loss=0.013895 lr=5.716e-06
[train] step=13639 loss=0.012027 lr=5.715e-06
[train] step=13640 loss=0.009517 lr=5.714e-06
[train] step=13641 loss=0.003634 lr=5.714e-06
[train] step=13642 loss=0.006110 lr=5.713e-06
[train] step=13643 loss=0.005638 lr=5.713e-06
[train] step=13644 loss=0.010268 lr=5.712e-06
[train] step=13645 loss=0.011614 lr=5.712e-06
[train] step=13646 loss=0.003141 lr=5.711e-06
[train] step=13647 loss=0.005497 lr=5.711e-06
[train] step=13648 loss=0.006491 lr=5.710e-06
[train] step=13649 loss=0.013836 lr=5.710e-06
[train] step=13650 loss=0.012902 lr=5.709e-06
[train] step=13651 loss=0.002705 lr=5.709e-06
[train] step=13652 loss=0.005988 lr=5.708e-06
[train] step=13653 loss=0.009461 lr=5.708e-06
[train] step=13654 loss=0.019309 lr=5.707e-06
[train] step=13655 loss=0.003853 lr=5.707e-06
[train] step=13656 loss=0.005781 lr=5.706e-06
[train] step=13657 loss=0.042459 lr=5.706e-06
[train] step=13658 loss=0.006868 lr=5.705e-06
[train] step=13659 loss=0.005696 lr=5.705e-06
[train] step=13660 loss=0.007179 lr=5.704e-06
[train] step=13661 loss=0.008273 lr=5.704e-06
[train] step=13662 loss=0.017978 lr=5.703e-06
[train] step=13663 loss=0.003921 lr=5.703e-06
[train] step=13664 loss=0.014641 lr=5.702e-06
[train] step=13665 loss=0.005825 lr=5.702e-06
[train] step=13666 loss=0.008017 lr=5.701e-06
[train] step=13667 loss=0.003307 lr=5.701e-06
[train] step=13668 loss=0.005254 lr=5.700e-06
[train] step=13669 loss=0.004410 lr=5.699e-06
[train] step=13670 loss=0.011906 lr=5.699e-06
[train] step=13671 loss=0.007468 lr=5.698e-06
[train] step=13672 loss=0.003361 lr=5.698e-06
[train] step=13673 loss=0.006728 lr=5.697e-06
[train] step=13674 loss=0.002669 lr=5.697e-06
[train] step=13675 loss=0.006638 lr=5.696e-06
[train] step=13676 loss=0.010604 lr=5.696e-06
[train] step=13677 loss=0.011014 lr=5.695e-06
[train] step=13678 loss=0.018585 lr=5.695e-06
[train] step=13679 loss=0.006449 lr=5.694e-06
[train] step=13680 loss=0.011194 lr=5.694e-06
INFO     [rank 0] Model weights for step 13680 saved in      dit_trainer.py:1288
         checkpoints/model_weights_step_13680.safetensors                       
INFO     [rank 0] Scalar embedding weights for step 13680    dit_trainer.py:1297
         saved                                                                  
INFO     [rank 0] Training state saved:                      dit_trainer.py:1416
         checkpoints/model_weights_step_13680.state.pt                          
DEBUG    [rank 0] Removed old checkpoint:                    dit_trainer.py:1429
         /local/disk/hramachandran/work/wh_work/windinet/dit                    
         _outputs/lundquist/dit_sds_untrained_30k/checkpoint                    
         s/model_weights_step_13440.safetensors                                 
DEBUG    [rank 0] Removed old checkpoint:                    dit_trainer.py:1429
         /local/disk/hramachandran/work/wh_work/windinet/dit                    
         _outputs/lundquist/dit_sds_untrained_30k/checkpoint                    
         s/scalar_embedding_step_13440.safetensors                              
DEBUG    [rank 0] Removed optimizer state for older kept     dit_trainer.py:1444
         checkpoint:                                                            
         /local/disk/hramachandran/work/wh_work/windinet/dit                    
         _outputs/lundquist/dit_sds_untrained_30k/checkpoint                    
         s/model_weights_step_13560.state.pt                                    
[epoch 114] step=13680 train_loss=0.008436
[train] step=13681 loss=0.009113 lr=5.693e-06
[train] step=13682 loss=0.033045 lr=5.693e-06
[train] step=13683 loss=0.005960 lr=5.692e-06
[train] step=13684 loss=0.015097 lr=5.692e-06
[train] step=13685 loss=0.004526 lr=5.691e-06
[train] step=13686 loss=0.003630 lr=5.691e-06
[train] step=13687 loss=0.007584 lr=5.690e-06
[train] step=13688 loss=0.018999 lr=5.690e-06
[train] step=13689 loss=0.004784 lr=5.689e-06
[train] step=13690 loss=0.010869 lr=5.689e-06
[train] step=13691 loss=0.008877 lr=5.688e-06
[train] step=13692 loss=0.006364 lr=5.688e-06
[train] step=13693 loss=0.006463 lr=5.687e-06
[train] step=13694 loss=0.009670 lr=5.687e-06
[train] step=13695 loss=0.003761 lr=5.686e-06
[train] step=13696 loss=0.005024 lr=5.685e-06
[train] step=13697 loss=0.005375 lr=5.685e-06
[train] step=13698 loss=0.004469 lr=5.684e-06
[train] step=13699 loss=0.007868 lr=5.684e-06
[train] step=13700 loss=0.009636 lr=5.683e-06
[train] step=13701 loss=0.007711 lr=5.683e-06
[train] step=13702 loss=0.004807 lr=5.682e-06
[train] step=13703 loss=0.004795 lr=5.682e-06
[train] step=13704 loss=0.008312 lr=5.681e-06
[train] step=13705 loss=0.004112 lr=5.681e-06
[train] step=13706 loss=0.003586 lr=5.680e-06
[train] step=13707 loss=0.004491 lr=5.680e-06
[train] step=13708 loss=0.005920 lr=5.679e-06
[train] step=13709 loss=0.005061 lr=5.679e-06
[train] step=13710 loss=0.011738 lr=5.678e-06
[train] step=13711 loss=0.003868 lr=5.678e-06
[train] step=13712 loss=0.028577 lr=5.677e-06
[train] step=13713 loss=0.004294 lr=5.677e-06
[train] step=13714 loss=0.006865 lr=5.676e-06
[train] step=13715 loss=0.002269 lr=5.676e-06
[train] step=13716 loss=0.010480 lr=5.675e-06
[train] step=13717 loss=0.006335 lr=5.675e-06
[train] step=13718 loss=0.007072 lr=5.674e-06
[train] step=13719 loss=0.002583 lr=5.674e-06
[train] step=13720 loss=0.008625 lr=5.673e-06
[train] step=13721 loss=0.007276 lr=5.673e-06
[train] step=13722 loss=0.005351 lr=5.672e-06
[train] step=13723 loss=0.003793 lr=5.671e-06
[train] step=13724 loss=0.007094 lr=5.671e-06
[train] step=13725 loss=0.011220 lr=5.670e-06
[train] step=13726 loss=0.006576 lr=5.670e-06
[train] step=13727 loss=0.015110 lr=5.669e-06
[train] step=13728 loss=0.004934 lr=5.669e-06
[train] step=13729 loss=0.006249 lr=5.668e-06
[train] step=13730 loss=0.009061 lr=5.668e-06
[train] step=13731 loss=0.003138 lr=5.667e-06
[train] step=13732 loss=0.009444 lr=5.667e-06
[train] step=13733 loss=0.005981 lr=5.666e-06
[train] step=13734 loss=0.008379 lr=5.666e-06
[train] step=13735 loss=0.014371 lr=5.665e-06
[train] step=13736 loss=0.004368 lr=5.665e-06
[train] step=13737 loss=0.007506 lr=5.664e-06
[train] step=13738 loss=0.007528 lr=5.664e-06
[train] step=13739 loss=0.004609 lr=5.663e-06
[train] step=13740 loss=0.003933 lr=5.663e-06
[train] step=13741 loss=0.007334 lr=5.662e-06
[train] step=13742 loss=0.004855 lr=5.662e-06
[train] step=13743 loss=0.006792 lr=5.661e-06
[train] step=13744 loss=0.007353 lr=5.661e-06
[train] step=13745 loss=0.006213 lr=5.660e-06
[train] step=13746 loss=0.004844 lr=5.660e-06
[train] step=13747 loss=0.009884 lr=5.659e-06
[train] step=13748 loss=0.010102 lr=5.659e-06
[train] step=13749 loss=0.004248 lr=5.658e-06
[train] step=13750 loss=0.009058 lr=5.657e-06
[train] step=13751 loss=0.004498 lr=5.657e-06
[train] step=13752 loss=0.007662 lr=5.656e-06
[train] step=13753 loss=0.008161 lr=5.656e-06
[train] step=13754 loss=0.007078 lr=5.655e-06
[train] step=13755 loss=0.005928 lr=5.655e-06
[train] step=13756 loss=0.031453 lr=5.654e-06
[train] step=13757 loss=0.021788 lr=5.654e-06
[train] step=13758 loss=0.005966 lr=5.653e-06
[train] step=13759 loss=0.014846 lr=5.653e-06
[train] step=13760 loss=0.003115 lr=5.652e-06
[train] step=13761 loss=0.004216 lr=5.652e-06
[train] step=13762 loss=0.003691 lr=5.651e-06
[train] step=13763 loss=0.009161 lr=5.651e-06
[train] step=13764 loss=0.005372 lr=5.650e-06
[train] step=13765 loss=0.006888 lr=5.650e-06
[train] step=13766 loss=0.010800 lr=5.649e-06
[train] step=13767 loss=0.011612 lr=5.649e-06
[train] step=13768 loss=0.009616 lr=5.648e-06
[train] step=13769 loss=0.007200 lr=5.648e-06
[train] step=13770 loss=0.005475 lr=5.647e-06
[train] step=13771 loss=0.009334 lr=5.647e-06
[train] step=13772 loss=0.006953 lr=5.646e-06
[train] step=13773 loss=0.013209 lr=5.646e-06
[train] step=13774 loss=0.008928 lr=5.645e-06
[train] step=13775 loss=0.009259 lr=5.645e-06
[train] step=13776 loss=0.009501 lr=5.644e-06
[train] step=13777 loss=0.006113 lr=5.643e-06
[train] step=13778 loss=0.003925 lr=5.643e-06
[train] step=13779 loss=0.008533 lr=5.642e-06
[train] step=13780 loss=0.007453 lr=5.642e-06
[train] step=13781 loss=0.006978 lr=5.641e-06
[train] step=13782 loss=0.019170 lr=5.641e-06
[train] step=13783 loss=0.014334 lr=5.640e-06
[train] step=13784 loss=0.007017 lr=5.640e-06
[train] step=13785 loss=0.007797 lr=5.639e-06
[train] step=13786 loss=0.009495 lr=5.639e-06
[train] step=13787 loss=0.008033 lr=5.638e-06
[train] step=13788 loss=0.006151 lr=5.638e-06
[train] step=13789 loss=0.006004 lr=5.637e-06
[train] step=13790 loss=0.005936 lr=5.637e-06
[train] step=13791 loss=0.003686 lr=5.636e-06
[train] step=13792 loss=0.008428 lr=5.636e-06
[train] step=13793 loss=0.005447 lr=5.635e-06
[train] step=13794 loss=0.005812 lr=5.635e-06
[train] step=13795 loss=0.008199 lr=5.634e-06
[train] step=13796 loss=0.011141 lr=5.634e-06
[train] step=13797 loss=0.047197 lr=5.633e-06
[train] step=13798 loss=0.013088 lr=5.633e-06
[train] step=13799 loss=0.004842 lr=5.632e-06
[train] step=13800 loss=0.016995 lr=5.632e-06
[val] step=13800 val_loss=0.012927
INFO     [rank 0] Model weights for step 13800 saved in      dit_trainer.py:1288
         checkpoints/model_weights_step_13800.safetensors                       
INFO     [rank 0] Scalar embedding weights for step 13800    dit_trainer.py:1297
         saved                                                                  
INFO     [rank 0] Training state saved:                      dit_trainer.py:1416
         checkpoints/model_weights_step_13800.state.pt                          
DEBUG    [rank 0] Removed old checkpoint:                    dit_trainer.py:1429
         /local/disk/hramachandran/work/wh_work/windinet/dit                    
         _outputs/lundquist/dit_sds_untrained_30k/checkpoint                    
         s/model_weights_step_13560.safetensors                                 
DEBUG    [rank 0] Removed old checkpoint:                    dit_trainer.py:1429
         /local/disk/hramachandran/work/wh_work/windinet/dit                    
         _outputs/lundquist/dit_sds_untrained_30k/checkpoint                    
         s/scalar_embedding_step_13560.safetensors                              
DEBUG    [rank 0] Removed optimizer state for older kept     dit_trainer.py:1444
         checkpoint:                                                            
         /local/disk/hramachandran/work/wh_work/windinet/dit                    
         _outputs/lundquist/dit_sds_untrained_30k/checkpoint                    
         s/model_weights_step_13680.state.pt                                    
[epoch 115] step=13800 train_loss=0.008474 val_loss=0.012927
[train] step=13801 loss=0.012795 lr=5.631e-06
[train] step=13802 loss=0.007092 lr=5.631e-06
[train] step=13803 loss=0.015003 lr=5.630e-06
[train] step=13804 loss=0.003798 lr=5.629e-06
[train] step=13805 loss=0.004148 lr=5.629e-06
[train] step=13806 loss=0.005124 lr=5.628e-06
[train] step=13807 loss=0.007230 lr=5.628e-06
[train] step=13808 loss=0.005029 lr=5.627e-06
[train] step=13809 loss=0.009323 lr=5.627e-06
[train] step=13810 loss=0.005538 lr=5.626e-06
[train] step=13811 loss=0.011722 lr=5.626e-06
[train] step=13812 loss=0.004113 lr=5.625e-06
[train] step=13813 loss=0.003202 lr=5.625e-06
[train] step=13814 loss=0.003602 lr=5.624e-06
[train] step=13815 loss=0.008259 lr=5.624e-06
[train] step=13816 loss=0.010210 lr=5.623e-06
[train] step=13817 loss=0.004634 lr=5.623e-06
[train] step=13818 loss=0.019397 lr=5.622e-06
[train] step=13819 loss=0.022804 lr=5.622e-06
[train] step=13820 loss=0.007399 lr=5.621e-06
[train] step=13821 loss=0.014981 lr=5.621e-06
[train] step=13822 loss=0.027408 lr=5.620e-06
[train] step=13823 loss=0.002824 lr=5.620e-06
[train] step=13824 loss=0.005549 lr=5.619e-06
[train] step=13825 loss=0.004124 lr=5.619e-06
[train] step=13826 loss=0.003869 lr=5.618e-06
[train] step=13827 loss=0.003520 lr=5.618e-06
[train] step=13828 loss=0.006074 lr=5.617e-06
[train] step=13829 loss=0.013842 lr=5.617e-06
[train] step=13830 loss=0.004962 lr=5.616e-06
[train] step=13831 loss=0.011667 lr=5.615e-06
[train] step=13832 loss=0.010036 lr=5.615e-06
[train] step=13833 loss=0.005265 lr=5.614e-06
[train] step=13834 loss=0.010417 lr=5.614e-06
[train] step=13835 loss=0.010106 lr=5.613e-06
[train] step=13836 loss=0.052396 lr=5.613e-06
[train] step=13837 loss=0.009662 lr=5.612e-06
[train] step=13838 loss=0.003521 lr=5.612e-06
[train] step=13839 loss=0.004218 lr=5.611e-06
[train] step=13840 loss=0.004087 lr=5.611e-06
[train] step=13841 loss=0.008226 lr=5.610e-06
[train] step=13842 loss=0.006301 lr=5.610e-06
[train] step=13843 loss=0.007433 lr=5.609e-06
[train] step=13844 loss=0.014645 lr=5.609e-06
[train] step=13845 loss=0.007448 lr=5.608e-06
[train] step=13846 loss=0.004843 lr=5.608e-06
[train] step=13847 loss=0.003818 lr=5.607e-06
[train] step=13848 loss=0.009486 lr=5.607e-06
[train] step=13849 loss=0.003954 lr=5.606e-06
[train] step=13850 loss=0.014962 lr=5.606e-06
[train] step=13851 loss=0.005503 lr=5.605e-06
[train] step=13852 loss=0.011887 lr=5.605e-06
[train] step=13853 loss=0.005450 lr=5.604e-06
[train] step=13854 loss=0.009378 lr=5.604e-06
[train] step=13855 loss=0.009879 lr=5.603e-06
[train] step=13856 loss=0.008543 lr=5.602e-06
[train] step=13857 loss=0.015757 lr=5.602e-06
[train] step=13858 loss=0.008426 lr=5.601e-06
[train] step=13859 loss=0.019663 lr=5.601e-06
[train] step=13860 loss=0.003439 lr=5.600e-06
[train] step=13861 loss=0.005040 lr=5.600e-06
[train] step=13862 loss=0.007765 lr=5.599e-06
[train] step=13863 loss=0.006209 lr=5.599e-06
[train] step=13864 loss=0.007156 lr=5.598e-06
[train] step=13865 loss=0.007412 lr=5.598e-06
[train] step=13866 loss=0.017119 lr=5.597e-06
[train] step=13867 loss=0.016963 lr=5.597e-06
[train] step=13868 loss=0.009489 lr=5.596e-06
[train] step=13869 loss=0.004780 lr=5.596e-06
[train] step=13870 loss=0.010296 lr=5.595e-06
[train] step=13871 loss=0.005464 lr=5.595e-06
[train] step=13872 loss=0.006686 lr=5.594e-06
[train] step=13873 loss=0.007368 lr=5.594e-06
[train] step=13874 loss=0.006854 lr=5.593e-06
[train] step=13875 loss=0.002489 lr=5.593e-06
[train] step=13876 loss=0.004206 lr=5.592e-06
[train] step=13877 loss=0.005530 lr=5.592e-06
[train] step=13878 loss=0.004273 lr=5.591e-06
[train] step=13879 loss=0.005106 lr=5.591e-06
[train] step=13880 loss=0.025703 lr=5.590e-06
[train] step=13881 loss=0.004416 lr=5.590e-06
[train] step=13882 loss=0.008729 lr=5.589e-06
[train] step=13883 loss=0.003701 lr=5.588e-06
[train] step=13884 loss=0.012149 lr=5.588e-06
[train] step=13885 loss=0.004411 lr=5.587e-06
[train] step=13886 loss=0.047412 lr=5.587e-06
[train] step=13887 loss=0.008875 lr=5.586e-06
[train] step=13888 loss=0.009981 lr=5.586e-06
[train] step=13889 loss=0.005574 lr=5.585e-06
[train] step=13890 loss=0.012202 lr=5.585e-06
[train] step=13891 loss=0.005479 lr=5.584e-06
[train] step=13892 loss=0.006121 lr=5.584e-06
[train] step=13893 loss=0.019941 lr=5.583e-06
[train] step=13894 loss=0.002915 lr=5.583e-06
[train] step=13895 loss=0.006907 lr=5.582e-06
[train] step=13896 loss=0.003849 lr=5.582e-06
[train] step=13897 loss=0.006014 lr=5.581e-06
[train] step=13898 loss=0.016445 lr=5.581e-06
[train] step=13899 loss=0.007091 lr=5.580e-06
[train] step=13900 loss=0.011474 lr=5.580e-06
[train] step=13901 loss=0.010894 lr=5.579e-06
[train] step=13902 loss=0.003799 lr=5.579e-06
[train] step=13903 loss=0.004691 lr=5.578e-06
[train] step=13904 loss=0.025536 lr=5.578e-06
[train] step=13905 loss=0.001574 lr=5.577e-06
[train] step=13906 loss=0.009516 lr=5.577e-06
[train] step=13907 loss=0.012844 lr=5.576e-06
[train] step=13908 loss=0.015473 lr=5.575e-06
[train] step=13909 loss=0.004060 lr=5.575e-06
[train] step=13910 loss=0.015738 lr=5.574e-06
[train] step=13911 loss=0.006162 lr=5.574e-06
[train] step=13912 loss=0.007335 lr=5.573e-06
[train] step=13913 loss=0.002725 lr=5.573e-06
[train] step=13914 loss=0.007089 lr=5.572e-06
[train] step=13915 loss=0.007351 lr=5.572e-06
[train] step=13916 loss=0.009668 lr=5.571e-06
[train] step=13917 loss=0.004223 lr=5.571e-06
[train] step=13918 loss=0.004212 lr=5.570e-06
[train] step=13919 loss=0.004636 lr=5.570e-06
[train] step=13920 loss=0.002912 lr=5.569e-06
INFO     [rank 0] Model weights for step 13920 saved in      dit_trainer.py:1288
         checkpoints/model_weights_step_13920.safetensors                       
INFO     [rank 0] Scalar embedding weights for step 13920    dit_trainer.py:1297
         saved                                                                  
INFO     [rank 0] Training state saved:                      dit_trainer.py:1416
         checkpoints/model_weights_step_13920.state.pt                          
DEBUG    [rank 0] Removed old checkpoint:                    dit_trainer.py:1429
         /local/disk/hramachandran/work/wh_work/windinet/dit                    
         _outputs/lundquist/dit_sds_untrained_30k/checkpoint                    
         s/model_weights_step_13680.safetensors                                 
DEBUG    [rank 0] Removed old checkpoint:                    dit_trainer.py:1429
         /local/disk/hramachandran/work/wh_work/windinet/dit                    
         _outputs/lundquist/dit_sds_untrained_30k/checkpoint                    
         s/scalar_embedding_step_13680.safetensors                              
DEBUG    [rank 0] Removed optimizer state for older kept     dit_trainer.py:1444
         checkpoint:                                                            
         /local/disk/hramachandran/work/wh_work/windinet/dit                    
         _outputs/lundquist/dit_sds_untrained_30k/checkpoint                    
         s/model_weights_step_13800.state.pt                                    
[epoch 116] step=13920 train_loss=0.009184
[train] step=13921 loss=0.002546 lr=5.569e-06
[train] step=13922 loss=0.006696 lr=5.568e-06
[train] step=13923 loss=0.005247 lr=5.568e-06
[train] step=13924 loss=0.006559 lr=5.567e-06
[train] step=13925 loss=0.010732 lr=5.567e-06
[train] step=13926 loss=0.012021 lr=5.566e-06
[train] step=13927 loss=0.009692 lr=5.566e-06
[train] step=13928 loss=0.015559 lr=5.565e-06
[train] step=13929 loss=0.003965 lr=5.565e-06
[train] step=13930 loss=0.006078 lr=5.564e-06
[train] step=13931 loss=0.002398 lr=5.564e-06
[train] step=13932 loss=0.005348 lr=5.563e-06
[train] step=13933 loss=0.010628 lr=5.562e-06
[train] step=13934 loss=0.011580 lr=5.562e-06
[train] step=13935 loss=0.005471 lr=5.561e-06
[train] step=13936 loss=0.005863 lr=5.561e-06
[train] step=13937 loss=0.004638 lr=5.560e-06
[train] step=13938 loss=0.004451 lr=5.560e-06
[train] step=13939 loss=0.017102 lr=5.559e-06
[train] step=13940 loss=0.004677 lr=5.559e-06
[train] step=13941 loss=0.005815 lr=5.558e-06
[train] step=13942 loss=0.003140 lr=5.558e-06
[train] step=13943 loss=0.013238 lr=5.557e-06
[train] step=13944 loss=0.023749 lr=5.557e-06
[train] step=13945 loss=0.005989 lr=5.556e-06
[train] step=13946 loss=0.003571 lr=5.556e-06
[train] step=13947 loss=0.019524 lr=5.555e-06
[train] step=13948 loss=0.014422 lr=5.555e-06
[train] step=13949 loss=0.006778 lr=5.554e-06
[train] step=13950 loss=0.006443 lr=5.554e-06
[train] step=13951 loss=0.004244 lr=5.553e-06
[train] step=13952 loss=0.008756 lr=5.553e-06
[train] step=13953 loss=0.005930 lr=5.552e-06
[train] step=13954 loss=0.010026 lr=5.552e-06
[train] step=13955 loss=0.004514 lr=5.551e-06
[train] step=13956 loss=0.005883 lr=5.551e-06
[train] step=13957 loss=0.004523 lr=5.550e-06
[train] step=13958 loss=0.004155 lr=5.549e-06
[train] step=13959 loss=0.016494 lr=5.549e-06
[train] step=13960 loss=0.004647 lr=5.548e-06
[train] step=13961 loss=0.007505 lr=5.548e-06
[train] step=13962 loss=0.006145 lr=5.547e-06
[train] step=13963 loss=0.004477 lr=5.547e-06
[train] step=13964 loss=0.021752 lr=5.546e-06
[train] step=13965 loss=0.003874 lr=5.546e-06
[train] step=13966 loss=0.006942 lr=5.545e-06
[train] step=13967 loss=0.008554 lr=5.545e-06
[train] step=13968 loss=0.004142 lr=5.544e-06
[train] step=13969 loss=0.009180 lr=5.544e-06
[train] step=13970 loss=0.003619 lr=5.543e-06
[train] step=13971 loss=0.006304 lr=5.543e-06
[train] step=13972 loss=0.003527 lr=5.542e-06
[train] step=13973 loss=0.005226 lr=5.542e-06
[train] step=13974 loss=0.010159 lr=5.541e-06
[train] step=13975 loss=0.017103 lr=5.541e-06
[train] step=13976 loss=0.004569 lr=5.540e-06
[train] step=13977 loss=0.011986 lr=5.540e-06
[train] step=13978 loss=0.007995 lr=5.539e-06
[train] step=13979 loss=0.029469 lr=5.539e-06
[train] step=13980 loss=0.004793 lr=5.538e-06
[train] step=13981 loss=0.008586 lr=5.538e-06
[train] step=13982 loss=0.013654 lr=5.537e-06
[train] step=13983 loss=0.004288 lr=5.536e-06
[train] step=13984 loss=0.009830 lr=5.536e-06
[train] step=13985 loss=0.001852 lr=5.535e-06
[train] step=13986 loss=0.005418 lr=5.535e-06
[train] step=13987 loss=0.005760 lr=5.534e-06
[train] step=13988 loss=0.010978 lr=5.534e-06
[train] step=13989 loss=0.003950 lr=5.533e-06
[train] step=13990 loss=0.004091 lr=5.533e-06
[train] step=13991 loss=0.008506 lr=5.532e-06
[train] step=13992 loss=0.008188 lr=5.532e-06
[train] step=13993 loss=0.002714 lr=5.531e-06
[train] step=13994 loss=0.002876 lr=5.531e-06
[train] step=13995 loss=0.009585 lr=5.530e-06
[train] step=13996 loss=0.008435 lr=5.530e-06
[train] step=13997 loss=0.008928 lr=5.529e-06
[train] step=13998 loss=0.003409 lr=5.529e-06
[train] step=13999 loss=0.004195 lr=5.528e-06
[train] step=14000 loss=0.011358 lr=5.528e-06
INFO     [rank 0] Saved DiT visualization panels for    dit_visualization.py:418
         step 14000 (3 samples x 4 frames);                                     
         latent_vrmse=0.07126 pixel_vrmse=0.43646 ->                            
         /local/disk/hramachandran/work/wh_work/windine                         
         t/dit_outputs/lundquist/dit_sds_untrained_30k/                         
         dit_vrmse_metrics.csv,                                                 
         /local/disk/hramachandran/work/wh_work/windine                         
         t/dit_outputs/lundquist/dit_sds_untrained_30k/                         
         dit_vrmse_curve.png                                                    
[train] step=14001 loss=0.011491 lr=5.527e-06
[train] step=14002 loss=0.005216 lr=5.527e-06
[train] step=14003 loss=0.017271 lr=5.526e-06
[train] step=14004 loss=0.015713 lr=5.526e-06
[train] step=14005 loss=0.006884 lr=5.525e-06
[train] step=14006 loss=0.003013 lr=5.525e-06
[train] step=14007 loss=0.010971 lr=5.524e-06
[train] step=14008 loss=0.008287 lr=5.523e-06
[train] step=14009 loss=0.010994 lr=5.523e-06
[train] step=14010 loss=0.007129 lr=5.522e-06
[train] step=14011 loss=0.009070 lr=5.522e-06
[train] step=14012 loss=0.010527 lr=5.521e-06
[train] step=14013 loss=0.008497 lr=5.521e-06
[train] step=14014 loss=0.005881 lr=5.520e-06
[train] step=14015 loss=0.011604 lr=5.520e-06
[train] step=14016 loss=0.007356 lr=5.519e-06
[train] step=14017 loss=0.004100 lr=5.519e-06
[train] step=14018 loss=0.010295 lr=5.518e-06
[train] step=14019 loss=0.003038 lr=5.518e-06
[train] step=14020 loss=0.004516 lr=5.517e-06
[train] step=14021 loss=0.006608 lr=5.517e-06
[train] step=14022 loss=0.008338 lr=5.516e-06
[train] step=14023 loss=0.018115 lr=5.516e-06
[train] step=14024 loss=0.014711 lr=5.515e-06
[train] step=14025 loss=0.075934 lr=5.515e-06
[train] step=14026 loss=0.011818 lr=5.514e-06
[train] step=14027 loss=0.004824 lr=5.514e-06
[train] step=14028 loss=0.004137 lr=5.513e-06
[train] step=14029 loss=0.004570 lr=5.513e-06
[train] step=14030 loss=0.008524 lr=5.512e-06
[train] step=14031 loss=0.003627 lr=5.512e-06
[train] step=14032 loss=0.014227 lr=5.511e-06
[train] step=14033 loss=0.013415 lr=5.510e-06
[train] step=14034 loss=0.009961 lr=5.510e-06
[train] step=14035 loss=0.002880 lr=5.509e-06
[train] step=14036 loss=0.005939 lr=5.509e-06
[train] step=14037 loss=0.004837 lr=5.508e-06
[train] step=14038 loss=0.010383 lr=5.508e-06
[train] step=14039 loss=0.007718 lr=5.507e-06
[train] step=14040 loss=0.011185 lr=5.507e-06
INFO     [rank 0] Model weights for step 14040 saved in      dit_trainer.py:1288
         checkpoints/model_weights_step_14040.safetensors                       
INFO     [rank 0] Scalar embedding weights for step 14040    dit_trainer.py:1297
         saved                                                                  
INFO     [rank 0] Training state saved:                      dit_trainer.py:1416
         checkpoints/model_weights_step_14040.state.pt                          
DEBUG    [rank 0] Removed old checkpoint:                    dit_trainer.py:1429
         /local/disk/hramachandran/work/wh_work/windinet/dit                    
         _outputs/lundquist/dit_sds_untrained_30k/checkpoint                    
         s/model_weights_step_13800.safetensors                                 
DEBUG    [rank 0] Removed old checkpoint:                    dit_trainer.py:1429
         /local/disk/hramachandran/work/wh_work/windinet/dit                    
         _outputs/lundquist/dit_sds_untrained_30k/checkpoint                    
         s/scalar_embedding_step_13800.safetensors                              
DEBUG    [rank 0] Removed optimizer state for older kept     dit_trainer.py:1444
         checkpoint:                                                            
         /local/disk/hramachandran/work/wh_work/windinet/dit                    
         _outputs/lundquist/dit_sds_untrained_30k/checkpoint                    
         s/model_weights_step_13920.state.pt                                    
[epoch 117] step=14040 train_loss=0.008686
[train] step=14041 loss=0.007826 lr=5.506e-06
[train] step=14042 loss=0.004465 lr=5.506e-06
[train] step=14043 loss=0.013073 lr=5.505e-06
[train] step=14044 loss=0.004738 lr=5.505e-06
[train] step=14045 loss=0.003041 lr=5.504e-06
[train] step=14046 loss=0.011594 lr=5.504e-06
[train] step=14047 loss=0.006884 lr=5.503e-06
[train] step=14048 loss=0.010943 lr=5.503e-06
[train] step=14049 loss=0.008256 lr=5.502e-06
[train] step=14050 loss=0.004742 lr=5.502e-06
[train] step=14051 loss=0.037620 lr=5.501e-06
[train] step=14052 loss=0.009228 lr=5.501e-06
[train] step=14053 loss=0.006665 lr=5.500e-06
[train] step=14054 loss=0.004307 lr=5.500e-06
[train] step=14055 loss=0.004766 lr=5.499e-06
[train] step=14056 loss=0.004337 lr=5.498e-06
[train] step=14057 loss=0.008604 lr=5.498e-06
[train] step=14058 loss=0.011241 lr=5.497e-06
[train] step=14059 loss=0.005347 lr=5.497e-06
[train] step=14060 loss=0.007706 lr=5.496e-06
[train] step=14061 loss=0.002896 lr=5.496e-06
[train] step=14062 loss=0.017623 lr=5.495e-06
[train] step=14063 loss=0.008695 lr=5.495e-06
[train] step=14064 loss=0.005643 lr=5.494e-06
[train] step=14065 loss=0.004483 lr=5.494e-06
[train] step=14066 loss=0.007693 lr=5.493e-06
[train] step=14067 loss=0.007792 lr=5.493e-06
[train] step=14068 loss=0.010185 lr=5.492e-06
[train] step=14069 loss=0.007134 lr=5.492e-06
[train] step=14070 loss=0.007081 lr=5.491e-06
[train] step=14071 loss=0.016895 lr=5.491e-06
[train] step=14072 loss=0.008323 lr=5.490e-06
[train] step=14073 loss=0.003402 lr=5.490e-06
[train] step=14074 loss=0.005497 lr=5.489e-06
[train] step=14075 loss=0.005519 lr=5.489e-06
[train] step=14076 loss=0.010455 lr=5.488e-06
[train] step=14077 loss=0.008581 lr=5.488e-06
[train] step=14078 loss=0.003278 lr=5.487e-06
[train] step=14079 loss=0.013055 lr=5.487e-06
[train] step=14080 loss=0.005805 lr=5.486e-06
[train] step=14081 loss=0.007443 lr=5.485e-06
[train] step=14082 loss=0.004149 lr=5.485e-06
[train] step=14083 loss=0.005496 lr=5.484e-06
[train] step=14084 loss=0.006851 lr=5.484e-06
[train] step=14085 loss=0.018286 lr=5.483e-06
[train] step=14086 loss=0.002961 lr=5.483e-06
[train] step=14087 loss=0.006910 lr=5.482e-06
[train] step=14088 loss=0.005737 lr=5.482e-06
[train] step=14089 loss=0.015107 lr=5.481e-06
[train] step=14090 loss=0.008572 lr=5.481e-06
[train] step=14091 loss=0.002951 lr=5.480e-06
[train] step=14092 loss=0.021617 lr=5.480e-06
[train] step=14093 loss=0.007620 lr=5.479e-06
[train] step=14094 loss=0.003877 lr=5.479e-06
[train] step=14095 loss=0.004017 lr=5.478e-06
[train] step=14096 loss=0.006481 lr=5.478e-06
[train] step=14097 loss=0.003431 lr=5.477e-06
[train] step=14098 loss=0.005709 lr=5.477e-06
[train] step=14099 loss=0.002494 lr=5.476e-06
[train] step=14100 loss=0.014545 lr=5.476e-06
[train] step=14101 loss=0.003887 lr=5.475e-06
[train] step=14102 loss=0.011591 lr=5.475e-06
[train] step=14103 loss=0.003245 lr=5.474e-06
[train] step=14104 loss=0.007672 lr=5.474e-06
[train] step=14105 loss=0.070454 lr=5.473e-06
[train] step=14106 loss=0.011078 lr=5.472e-06
[train] step=14107 loss=0.005268 lr=5.472e-06
[train] step=14108 loss=0.007849 lr=5.471e-06
[train] step=14109 loss=0.003637 lr=5.471e-06
[train] step=14110 loss=0.006174 lr=5.470e-06
[train] step=14111 loss=0.026454 lr=5.470e-06
[train] step=14112 loss=0.009828 lr=5.469e-06
[train] step=14113 loss=0.006476 lr=5.469e-06
[train] step=14114 loss=0.004445 lr=5.468e-06
[train] step=14115 loss=0.004914 lr=5.468e-06
[train] step=14116 loss=0.011646 lr=5.467e-06
[train] step=14117 loss=0.004154 lr=5.467e-06
[train] step=14118 loss=0.008529 lr=5.466e-06
[train] step=14119 loss=0.005646 lr=5.466e-06
[train] step=14120 loss=0.008134 lr=5.465e-06
[train] step=14121 loss=0.003096 lr=5.465e-06
[train] step=14122 loss=0.007581 lr=5.464e-06
[train] step=14123 loss=0.004787 lr=5.464e-06
[train] step=14124 loss=0.003349 lr=5.463e-06
[train] step=14125 loss=0.008891 lr=5.463e-06
[train] step=14126 loss=0.011294 lr=5.462e-06
[train] step=14127 loss=0.012201 lr=5.462e-06
[train] step=14128 loss=0.005304 lr=5.461e-06
[train] step=14129 loss=0.005252 lr=5.460e-06
[train] step=14130 loss=0.008707 lr=5.460e-06
[train] step=14131 loss=0.004867 lr=5.459e-06
[train] step=14132 loss=0.007063 lr=5.459e-06
[train] step=14133 loss=0.003812 lr=5.458e-06
[train] step=14134 loss=0.008976 lr=5.458e-06
[train] step=14135 loss=0.005303 lr=5.457e-06
[train] step=14136 loss=0.020442 lr=5.457e-06
[train] step=14137 loss=0.016978 lr=5.456e-06
[train] step=14138 loss=0.015863 lr=5.456e-06
[train] step=14139 loss=0.004717 lr=5.455e-06
[train] step=14140 loss=0.003804 lr=5.455e-06
[train] step=14141 loss=0.007273 lr=5.454e-06
[train] step=14142 loss=0.002526 lr=5.454e-06
[train] step=14143 loss=0.003400 lr=5.453e-06
[train] step=14144 loss=0.005729 lr=5.453e-06
[train] step=14145 loss=0.005994 lr=5.452e-06
[train] step=14146 loss=0.006467 lr=5.452e-06
[train] step=14147 loss=0.005312 lr=5.451e-06
[train] step=14148 loss=0.006610 lr=5.451e-06
[train] step=14149 loss=0.007705 lr=5.450e-06
[train] step=14150 loss=0.006083 lr=5.450e-06
[train] step=14151 loss=0.007563 lr=5.449e-06
[train] step=14152 loss=0.012810 lr=5.449e-06
[train] step=14153 loss=0.005747 lr=5.448e-06
[train] step=14154 loss=0.006586 lr=5.447e-06
[train] step=14155 loss=0.006786 lr=5.447e-06
[train] step=14156 loss=0.016613 lr=5.446e-06
[train] step=14157 loss=0.009684 lr=5.446e-06
[train] step=14158 loss=0.008493 lr=5.445e-06
[train] step=14159 loss=0.004547 lr=5.445e-06
[train] step=14160 loss=0.008350 lr=5.444e-06
INFO     [rank 0] Model weights for step 14160 saved in      dit_trainer.py:1288
         checkpoints/model_weights_step_14160.safetensors                       
INFO     [rank 0] Scalar embedding weights for step 14160    dit_trainer.py:1297
         saved                                                                  
INFO     [rank 0] Training state saved:                      dit_trainer.py:1416
         checkpoints/model_weights_step_14160.state.pt                          
DEBUG    [rank 0] Removed old checkpoint:                    dit_trainer.py:1429
         /local/disk/hramachandran/work/wh_work/windinet/dit                    
         _outputs/lundquist/dit_sds_untrained_30k/checkpoint                    
         s/model_weights_step_13920.safetensors                                 
DEBUG    [rank 0] Removed old checkpoint:                    dit_trainer.py:1429
         /local/disk/hramachandran/work/wh_work/windinet/dit                    
         _outputs/lundquist/dit_sds_untrained_30k/checkpoint                    
         s/scalar_embedding_step_13920.safetensors                              
DEBUG    [rank 0] Removed optimizer state for older kept     dit_trainer.py:1444
         checkpoint:                                                            
         /local/disk/hramachandran/work/wh_work/windinet/dit                    
         _outputs/lundquist/dit_sds_untrained_30k/checkpoint                    
         s/model_weights_step_14040.state.pt                                    
[epoch 118] step=14160 train_loss=0.008501
[train] step=14161 loss=0.022906 lr=5.444e-06
[train] step=14162 loss=0.007224 lr=5.443e-06
[train] step=14163 loss=0.003955 lr=5.443e-06
[train] step=14164 loss=0.010436 lr=5.442e-06
[train] step=14165 loss=0.004746 lr=5.442e-06
[train] step=14166 loss=0.016756 lr=5.441e-06
[train] step=14167 loss=0.005461 lr=5.441e-06
[train] step=14168 loss=0.005974 lr=5.440e-06
[train] step=14169 loss=0.026803 lr=5.440e-06
[train] step=14170 loss=0.007832 lr=5.439e-06
[train] step=14171 loss=0.005456 lr=5.439e-06
[train] step=14172 loss=0.007075 lr=5.438e-06
[train] step=14173 loss=0.006919 lr=5.438e-06
[train] step=14174 loss=0.006080 lr=5.437e-06
[train] step=14175 loss=0.007800 lr=5.437e-06
[train] step=14176 loss=0.004833 lr=5.436e-06
[train] step=14177 loss=0.006372 lr=5.435e-06
[train] step=14178 loss=0.004153 lr=5.435e-06
[train] step=14179 loss=0.025787 lr=5.434e-06
[train] step=14180 loss=0.008293 lr=5.434e-06
[train] step=14181 loss=0.005402 lr=5.433e-06
[train] step=14182 loss=0.003157 lr=5.433e-06
[train] step=14183 loss=0.004718 lr=5.432e-06
[train] step=14184 loss=0.003494 lr=5.432e-06
[train] step=14185 loss=0.012079 lr=5.431e-06
[train] step=14186 loss=0.003308 lr=5.431e-06
[train] step=14187 loss=0.005028 lr=5.430e-06
[train] step=14188 loss=0.004939 lr=5.430e-06
[train] step=14189 loss=0.006962 lr=5.429e-06
[train] step=14190 loss=0.013337 lr=5.429e-06
[train] step=14191 loss=0.010503 lr=5.428e-06
[train] step=14192 loss=0.007465 lr=5.428e-06
[train] step=14193 loss=0.004063 lr=5.427e-06
[train] step=14194 loss=0.004361 lr=5.427e-06
[train] step=14195 loss=0.011712 lr=5.426e-06
[train] step=14196 loss=0.045789 lr=5.426e-06
[train] step=14197 loss=0.002838 lr=5.425e-06
[train] step=14198 loss=0.007517 lr=5.425e-06
[train] step=14199 loss=0.014608 lr=5.424e-06
[train] step=14200 loss=0.002271 lr=5.423e-06
[train] step=14201 loss=0.012447 lr=5.423e-06
[train] step=14202 loss=0.004158 lr=5.422e-06
[train] step=14203 loss=0.005157 lr=5.422e-06
[train] step=14204 loss=0.005828 lr=5.421e-06
[train] step=14205 loss=0.018386 lr=5.421e-06
[train] step=14206 loss=0.028256 lr=5.420e-06
[train] step=14207 loss=0.003392 lr=5.420e-06
[train] step=14208 loss=0.006263 lr=5.419e-06
[train] step=14209 loss=0.004289 lr=5.419e-06
[train] step=14210 loss=0.005187 lr=5.418e-06
[train] step=14211 loss=0.005727 lr=5.418e-06
[train] step=14212 loss=0.007314 lr=5.417e-06
[train] step=14213 loss=0.004109 lr=5.417e-06
[train] step=14214 loss=0.004174 lr=5.416e-06
[train] step=14215 loss=0.006959 lr=5.416e-06
[train] step=14216 loss=0.007762 lr=5.415e-06
[train] step=14217 loss=0.013000 lr=5.415e-06
[train] step=14218 loss=0.006146 lr=5.414e-06
[train] step=14219 loss=0.018845 lr=5.414e-06
[train] step=14220 loss=0.005705 lr=5.413e-06
[train] step=14221 loss=0.008056 lr=5.413e-06
[train] step=14222 loss=0.003189 lr=5.412e-06
[train] step=14223 loss=0.002991 lr=5.412e-06
[train] step=14224 loss=0.005915 lr=5.411e-06
[train] step=14225 loss=0.005786 lr=5.410e-06
[train] step=14226 loss=0.022778 lr=5.410e-06
[train] step=14227 loss=0.006273 lr=5.409e-06
[train] step=14228 loss=0.006795 lr=5.409e-06
[train] step=14229 loss=0.005616 lr=5.408e-06
[train] step=14230 loss=0.003605 lr=5.408e-06
[train] step=14231 loss=0.003588 lr=5.407e-06
[train] step=14232 loss=0.009032 lr=5.407e-06
[train] step=14233 loss=0.013508 lr=5.406e-06
[train] step=14234 loss=0.011372 lr=5.406e-06
[train] step=14235 loss=0.002867 lr=5.405e-06
[train] step=14236 loss=0.005521 lr=5.405e-06
[train] step=14237 loss=0.008800 lr=5.404e-06
[train] step=14238 loss=0.005258 lr=5.404e-06
[train] step=14239 loss=0.015541 lr=5.403e-06
[train] step=14240 loss=0.005161 lr=5.403e-06
[train] step=14241 loss=0.004008 lr=5.402e-06
[train] step=14242 loss=0.004333 lr=5.402e-06
[train] step=14243 loss=0.005187 lr=5.401e-06
[train] step=14244 loss=0.005387 lr=5.401e-06
[train] step=14245 loss=0.004308 lr=5.400e-06
[train] step=14246 loss=0.006604 lr=5.400e-06
[train] step=14247 loss=0.004949 lr=5.399e-06
[train] step=14248 loss=0.005628 lr=5.398e-06
[train] step=14249 loss=0.011166 lr=5.398e-06
[train] step=14250 loss=0.006685 lr=5.397e-06
[train] step=14251 loss=0.004924 lr=5.397e-06
[train] step=14252 loss=0.007358 lr=5.396e-06
[train] step=14253 loss=0.004905 lr=5.396e-06
[train] step=14254 loss=0.002972 lr=5.395e-06
[train] step=14255 loss=0.018915 lr=5.395e-06
[train] step=14256 loss=0.006933 lr=5.394e-06
[train] step=14257 loss=0.003378 lr=5.394e-06
[train] step=14258 loss=0.002752 lr=5.393e-06
[train] step=14259 loss=0.006812 lr=5.393e-06
[train] step=14260 loss=0.010667 lr=5.392e-06
[train] step=14261 loss=0.004910 lr=5.392e-06
[train] step=14262 loss=0.003806 lr=5.391e-06
[train] step=14263 loss=0.005717 lr=5.391e-06
[train] step=14264 loss=0.002435 lr=5.390e-06
[train] step=14265 loss=0.014265 lr=5.390e-06
[train] step=14266 loss=0.003099 lr=5.389e-06
[train] step=14267 loss=0.006707 lr=5.389e-06
[train] step=14268 loss=0.017188 lr=5.388e-06
[train] step=14269 loss=0.001959 lr=5.388e-06
[train] step=14270 loss=0.015358 lr=5.387e-06
[train] step=14271 loss=0.003275 lr=5.386e-06
[train] step=14272 loss=0.012533 lr=5.386e-06
[train] step=14273 loss=0.014326 lr=5.385e-06
[train] step=14274 loss=0.005819 lr=5.385e-06
[train] step=14275 loss=0.009576 lr=5.384e-06
[train] step=14276 loss=0.004388 lr=5.384e-06
[train] step=14277 loss=0.004930 lr=5.383e-06
[train] step=14278 loss=0.005248 lr=5.383e-06
[train] step=14279 loss=0.008021 lr=5.382e-06
[train] step=14280 loss=0.005433 lr=5.382e-06
INFO     [rank 0] Model weights for step 14280 saved in      dit_trainer.py:1288
         checkpoints/model_weights_step_14280.safetensors                       
INFO     [rank 0] Scalar embedding weights for step 14280    dit_trainer.py:1297
         saved                                                                  
INFO     [rank 0] Training state saved:                      dit_trainer.py:1416
         checkpoints/model_weights_step_14280.state.pt                          
DEBUG    [rank 0] Removed old checkpoint:                    dit_trainer.py:1429
         /local/disk/hramachandran/work/wh_work/windinet/dit                    
         _outputs/lundquist/dit_sds_untrained_30k/checkpoint                    
         s/model_weights_step_14040.safetensors                                 
DEBUG    [rank 0] Removed old checkpoint:                    dit_trainer.py:1429
         /local/disk/hramachandran/work/wh_work/windinet/dit                    
         _outputs/lundquist/dit_sds_untrained_30k/checkpoint                    
         s/scalar_embedding_step_14040.safetensors                              
DEBUG    [rank 0] Removed optimizer state for older kept     dit_trainer.py:1444
         checkpoint:                                                            
         /local/disk/hramachandran/work/wh_work/windinet/dit                    
         _outputs/lundquist/dit_sds_untrained_30k/checkpoint                    
         s/model_weights_step_14160.state.pt                                    
[epoch 119] step=14280 train_loss=0.008108
[train] step=14281 loss=0.015372 lr=5.381e-06
[train] step=14282 loss=0.006438 lr=5.381e-06
[train] step=14283 loss=0.007547 lr=5.380e-06
[train] step=14284 loss=0.009167 lr=5.380e-06
[train] step=14285 loss=0.005904 lr=5.379e-06
[train] step=14286 loss=0.008902 lr=5.379e-06
[train] step=14287 loss=0.002919 lr=5.378e-06
[train] step=14288 loss=0.010131 lr=5.378e-06
[train] step=14289 loss=0.005942 lr=5.377e-06
[train] step=14290 loss=0.004917 lr=5.377e-06
[train] step=14291 loss=0.004390 lr=5.376e-06
[train] step=14292 loss=0.003856 lr=5.376e-06
[train] step=14293 loss=0.004682 lr=5.375e-06
[train] step=14294 loss=0.005269 lr=5.374e-06
[train] step=14295 loss=0.005907 lr=5.374e-06
[train] step=14296 loss=0.009875 lr=5.373e-06
[train] step=14297 loss=0.006737 lr=5.373e-06
[train] step=14298 loss=0.009121 lr=5.372e-06
[train] step=14299 loss=0.006278 lr=5.372e-06
[train] step=14300 loss=0.005874 lr=5.371e-06
[train] step=14301 loss=0.005446 lr=5.371e-06
[train] step=14302 loss=0.009770 lr=5.370e-06
[train] step=14303 loss=0.005607 lr=5.370e-06
[train] step=14304 loss=0.009709 lr=5.369e-06
[train] step=14305 loss=0.005207 lr=5.369e-06
[train] step=14306 loss=0.010222 lr=5.368e-06
[train] step=14307 loss=0.008083 lr=5.368e-06
[train] step=14308 loss=0.004268 lr=5.367e-06
[train] step=14309 loss=0.002544 lr=5.367e-06
[train] step=14310 loss=0.006747 lr=5.366e-06
[train] step=14311 loss=0.013427 lr=5.366e-06
[train] step=14312 loss=0.005250 lr=5.365e-06
[train] step=14313 loss=0.004349 lr=5.365e-06
[train] step=14314 loss=0.002761 lr=5.364e-06
[train] step=14315 loss=0.007063 lr=5.364e-06
[train] step=14316 loss=0.006108 lr=5.363e-06
[train] step=14317 loss=0.008223 lr=5.362e-06
[train] step=14318 loss=0.013579 lr=5.362e-06
[train] step=14319 loss=0.018097 lr=5.361e-06
[train] step=14320 loss=0.004936 lr=5.361e-06
[train] step=14321 loss=0.004008 lr=5.360e-06
[train] step=14322 loss=0.006984 lr=5.360e-06
[train] step=14323 loss=0.003533 lr=5.359e-06
[train] step=14324 loss=0.007016 lr=5.359e-06
[train] step=14325 loss=0.007632 lr=5.358e-06
[train] step=14326 loss=0.007328 lr=5.358e-06
[train] step=14327 loss=0.013795 lr=5.357e-06
[train] step=14328 loss=0.005136 lr=5.357e-06
[train] step=14329 loss=0.004718 lr=5.356e-06
[train] step=14330 loss=0.010277 lr=5.356e-06
[train] step=14331 loss=0.004857 lr=5.355e-06
[train] step=14332 loss=0.003272 lr=5.355e-06
[train] step=14333 loss=0.004477 lr=5.354e-06
[train] step=14334 loss=0.025684 lr=5.354e-06
[train] step=14335 loss=0.002641 lr=5.353e-06
[train] step=14336 loss=0.008045 lr=5.353e-06
[train] step=14337 loss=0.005924 lr=5.352e-06
[train] step=14338 loss=0.005622 lr=5.352e-06
[train] step=14339 loss=0.008393 lr=5.351e-06
[train] step=14340 loss=0.014112 lr=5.350e-06
[train] step=14341 loss=0.010417 lr=5.350e-06
[train] step=14342 loss=0.006868 lr=5.349e-06
[train] step=14343 loss=0.004936 lr=5.349e-06
[train] step=14344 loss=0.020460 lr=5.348e-06
[train] step=14345 loss=0.007392 lr=5.348e-06
[train] step=14346 loss=0.020099 lr=5.347e-06
[train] step=14347 loss=0.009276 lr=5.347e-06
[train] step=14348 loss=0.005153 lr=5.346e-06
[train] step=14349 loss=0.006347 lr=5.346e-06
[train] step=14350 loss=0.004519 lr=5.345e-06
[train] step=14351 loss=0.004688 lr=5.345e-06
[train] step=14352 loss=0.005799 lr=5.344e-06
[train] step=14353 loss=0.030831 lr=5.344e-06
[train] step=14354 loss=0.004665 lr=5.343e-06
[train] step=14355 loss=0.008296 lr=5.343e-06
[train] step=14356 loss=0.008605 lr=5.342e-06
[train] step=14357 loss=0.006002 lr=5.342e-06
[train] step=14358 loss=0.005116 lr=5.341e-06
[train] step=14359 loss=0.011106 lr=5.341e-06
[train] step=14360 loss=0.006330 lr=5.340e-06
[train] step=14361 loss=0.020331 lr=5.340e-06
[train] step=14362 loss=0.005525 lr=5.339e-06
[train] step=14363 loss=0.005783 lr=5.338e-06
[train] step=14364 loss=0.007733 lr=5.338e-06
[train] step=14365 loss=0.014179 lr=5.337e-06
[train] step=14366 loss=0.006940 lr=5.337e-06
[train] step=14367 loss=0.003062 lr=5.336e-06
[train] step=14368 loss=0.004778 lr=5.336e-06
[train] step=14369 loss=0.008146 lr=5.335e-06
[train] step=14370 loss=0.017314 lr=5.335e-06
[train] step=14371 loss=0.005472 lr=5.334e-06
[train] step=14372 loss=0.008414 lr=5.334e-06
[train] step=14373 loss=0.002972 lr=5.333e-06
[train] step=14374 loss=0.004767 lr=5.333e-06
[train] step=14375 loss=0.004732 lr=5.332e-06
[train] step=14376 loss=0.005420 lr=5.332e-06
[train] step=14377 loss=0.013186 lr=5.331e-06
[train] step=14378 loss=0.013689 lr=5.331e-06
[train] step=14379 loss=0.004699 lr=5.330e-06
[train] step=14380 loss=0.011428 lr=5.330e-06
[train] step=14381 loss=0.006321 lr=5.329e-06
[train] step=14382 loss=0.006396 lr=5.329e-06
[train] step=14383 loss=0.004454 lr=5.328e-06
[train] step=14384 loss=0.003640 lr=5.328e-06
[train] step=14385 loss=0.012358 lr=5.327e-06
[train] step=14386 loss=0.030803 lr=5.326e-06
[train] step=14387 loss=0.001809 lr=5.326e-06
[train] step=14388 loss=0.082964 lr=5.325e-06
[train] step=14389 loss=0.009745 lr=5.325e-06
[train] step=14390 loss=0.004205 lr=5.324e-06
[train] step=14391 loss=0.003409 lr=5.324e-06
[train] step=14392 loss=0.003755 lr=5.323e-06
[train] step=14393 loss=0.009733 lr=5.323e-06
[train] step=14394 loss=0.007032 lr=5.322e-06
[train] step=14395 loss=0.010592 lr=5.322e-06
[train] step=14396 loss=0.009257 lr=5.321e-06
[train] step=14397 loss=0.004468 lr=5.321e-06
[train] step=14398 loss=0.006415 lr=5.320e-06
[train] step=14399 loss=0.007268 lr=5.320e-06
[train] step=14400 loss=0.004381 lr=5.319e-06
[val] step=14400 val_loss=0.013081
INFO     [rank 0] Model weights for step 14400 saved in      dit_trainer.py:1288
         checkpoints/model_weights_step_14400.safetensors                       
INFO     [rank 0] Scalar embedding weights for step 14400    dit_trainer.py:1297
         saved                                                                  
INFO     [rank 0] Training state saved:                      dit_trainer.py:1416
         checkpoints/model_weights_step_14400.state.pt                          
DEBUG    [rank 0] Removed old checkpoint:                    dit_trainer.py:1429
         /local/disk/hramachandran/work/wh_work/windinet/dit                    
         _outputs/lundquist/dit_sds_untrained_30k/checkpoint                    
         s/model_weights_step_14160.safetensors                                 
DEBUG    [rank 0] Removed old checkpoint:                    dit_trainer.py:1429
         /local/disk/hramachandran/work/wh_work/windinet/dit                    
         _outputs/lundquist/dit_sds_untrained_30k/checkpoint                    
         s/scalar_embedding_step_14160.safetensors                              
DEBUG    [rank 0] Removed optimizer state for older kept     dit_trainer.py:1444
         checkpoint:                                                            
         /local/disk/hramachandran/work/wh_work/windinet/dit                    
         _outputs/lundquist/dit_sds_untrained_30k/checkpoint                    
         s/model_weights_step_14280.state.pt                                    
[epoch 120] step=14400 train_loss=0.008580 val_loss=0.013081
[train] step=14401 loss=0.003380 lr=5.319e-06
[train] step=14402 loss=0.004932 lr=5.318e-06
[train] step=14403 loss=0.004305 lr=5.318e-06
[train] step=14404 loss=0.003710 lr=5.317e-06
[train] step=14405 loss=0.003873 lr=5.317e-06
[train] step=14406 loss=0.010877 lr=5.316e-06
[train] step=14407 loss=0.004916 lr=5.316e-06
[train] step=14408 loss=0.007313 lr=5.315e-06
[train] step=14409 loss=0.006171 lr=5.314e-06
[train] step=14410 loss=0.007148 lr=5.314e-06
[train] step=14411 loss=0.004651 lr=5.313e-06
[train] step=14412 loss=0.019603 lr=5.313e-06
[train] step=14413 loss=0.006437 lr=5.312e-06
[train] step=14414 loss=0.009615 lr=5.312e-06
[train] step=14415 loss=0.007088 lr=5.311e-06
[train] step=14416 loss=0.014474 lr=5.311e-06
[train] step=14417 loss=0.019130 lr=5.310e-06
[train] step=14418 loss=0.004870 lr=5.310e-06
[train] step=14419 loss=0.008388 lr=5.309e-06
[train] step=14420 loss=0.006632 lr=5.309e-06
[train] step=14421 loss=0.005327 lr=5.308e-06
[train] step=14422 loss=0.006152 lr=5.308e-06
[train] step=14423 loss=0.017252 lr=5.307e-06
[train] step=14424 loss=0.013538 lr=5.307e-06
[train] step=14425 loss=0.019993 lr=5.306e-06
[train] step=14426 loss=0.004775 lr=5.306e-06
[train] step=14427 loss=0.024778 lr=5.305e-06
[train] step=14428 loss=0.010758 lr=5.305e-06
[train] step=14429 loss=0.008310 lr=5.304e-06
[train] step=14430 loss=0.012816 lr=5.303e-06
[train] step=14431 loss=0.013046 lr=5.303e-06
[train] step=14432 loss=0.002947 lr=5.302e-06
[train] step=14433 loss=0.008601 lr=5.302e-06
[train] step=14434 loss=0.006200 lr=5.301e-06
[train] step=14435 loss=0.003288 lr=5.301e-06
[train] step=14436 loss=0.005766 lr=5.300e-06
[train] step=14437 loss=0.013660 lr=5.300e-06
[train] step=14438 loss=0.003420 lr=5.299e-06
[train] step=14439 loss=0.012509 lr=5.299e-06
[train] step=14440 loss=0.014653 lr=5.298e-06
[train] step=14441 loss=0.007159 lr=5.298e-06
[train] step=14442 loss=0.004510 lr=5.297e-06
[train] step=14443 loss=0.015486 lr=5.297e-06
[train] step=14444 loss=0.006005 lr=5.296e-06
[train] step=14445 loss=0.005584 lr=5.296e-06
[train] step=14446 loss=0.006482 lr=5.295e-06
[train] step=14447 loss=0.006167 lr=5.295e-06
[train] step=14448 loss=0.007916 lr=5.294e-06
[train] step=14449 loss=0.004852 lr=5.294e-06
[train] step=14450 loss=0.010793 lr=5.293e-06
[train] step=14451 loss=0.021978 lr=5.293e-06
[train] step=14452 loss=0.002645 lr=5.292e-06
[train] step=14453 loss=0.007876 lr=5.291e-06
[train] step=14454 loss=0.003486 lr=5.291e-06
[train] step=14455 loss=0.010449 lr=5.290e-06
[train] step=14456 loss=0.004500 lr=5.290e-06
[train] step=14457 loss=0.009617 lr=5.289e-06
[train] step=14458 loss=0.008220 lr=5.289e-06
[train] step=14459 loss=0.015051 lr=5.288e-06
[train] step=14460 loss=0.006200 lr=5.288e-06
[train] step=14461 loss=0.005159 lr=5.287e-06
[train] step=14462 loss=0.005666 lr=5.287e-06
[train] step=14463 loss=0.014795 lr=5.286e-06
[train] step=14464 loss=0.006667 lr=5.286e-06
[train] step=14465 loss=0.012109 lr=5.285e-06
[train] step=14466 loss=0.003652 lr=5.285e-06
[train] step=14467 loss=0.010893 lr=5.284e-06
[train] step=14468 loss=0.011883 lr=5.284e-06
[train] step=14469 loss=0.022732 lr=5.283e-06
[train] step=14470 loss=0.004069 lr=5.283e-06
[train] step=14471 loss=0.010977 lr=5.282e-06
[train] step=14472 loss=0.004001 lr=5.282e-06
[train] step=14473 loss=0.004729 lr=5.281e-06
[train] step=14474 loss=0.004549 lr=5.281e-06
[train] step=14475 loss=0.011935 lr=5.280e-06
[train] step=14476 loss=0.009181 lr=5.279e-06
[train] step=14477 loss=0.005659 lr=5.279e-06
[train] step=14478 loss=0.005128 lr=5.278e-06
[train] step=14479 loss=0.008607 lr=5.278e-06
[train] step=14480 loss=0.009153 lr=5.277e-06
[train] step=14481 loss=0.005271 lr=5.277e-06
[train] step=14482 loss=0.006758 lr=5.276e-06
[train] step=14483 loss=0.004807 lr=5.276e-06
[train] step=14484 loss=0.007382 lr=5.275e-06
[train] step=14485 loss=0.006441 lr=5.275e-06
[train] step=14486 loss=0.006341 lr=5.274e-06
[train] step=14487 loss=0.012387 lr=5.274e-06
[train] step=14488 loss=0.008183 lr=5.273e-06
[train] step=14489 loss=0.005048 lr=5.273e-06
[train] step=14490 loss=0.004567 lr=5.272e-06
[train] step=14491 loss=0.009729 lr=5.272e-06
[train] step=14492 loss=0.007322 lr=5.271e-06
[train] step=14493 loss=0.005791 lr=5.271e-06
[train] step=14494 loss=0.006552 lr=5.270e-06
[train] step=14495 loss=0.012302 lr=5.270e-06
[train] step=14496 loss=0.005368 lr=5.269e-06
[train] step=14497 loss=0.003147 lr=5.269e-06
[train] step=14498 loss=0.004105 lr=5.268e-06
[train] step=14499 loss=0.016621 lr=5.267e-06
[train] step=14500 loss=0.006489 lr=5.267e-06
[train] step=14501 loss=0.007882 lr=5.266e-06
[train] step=14502 loss=0.006736 lr=5.266e-06
[train] step=14503 loss=0.007618 lr=5.265e-06
[train] step=14504 loss=0.017559 lr=5.265e-06
[train] step=14505 loss=0.004634 lr=5.264e-06
[train] step=14506 loss=0.007664 lr=5.264e-06
[train] step=14507 loss=0.006938 lr=5.263e-06
[train] step=14508 loss=0.010295 lr=5.263e-06
[train] step=14509 loss=0.004936 lr=5.262e-06
[train] step=14510 loss=0.004588 lr=5.262e-06
[train] step=14511 loss=0.009323 lr=5.261e-06
[train] step=14512 loss=0.020256 lr=5.261e-06
[train] step=14513 loss=0.009166 lr=5.260e-06
[train] step=14514 loss=0.009587 lr=5.260e-06
[train] step=14515 loss=0.009089 lr=5.259e-06
[train] step=14516 loss=0.005655 lr=5.259e-06
[train] step=14517 loss=0.004321 lr=5.258e-06
[train] step=14518 loss=0.007397 lr=5.258e-06
[train] step=14519 loss=0.006798 lr=5.257e-06
[train] step=14520 loss=0.004413 lr=5.256e-06
INFO     [rank 0] Model weights for step 14520 saved in      dit_trainer.py:1288
         checkpoints/model_weights_step_14520.safetensors                       
INFO     [rank 0] Scalar embedding weights for step 14520    dit_trainer.py:1297
         saved                                                                  
INFO     [rank 0] Training state saved:                      dit_trainer.py:1416
         checkpoints/model_weights_step_14520.state.pt                          
DEBUG    [rank 0] Removed old checkpoint:                    dit_trainer.py:1429
         /local/disk/hramachandran/work/wh_work/windinet/dit                    
         _outputs/lundquist/dit_sds_untrained_30k/checkpoint                    
         s/model_weights_step_14280.safetensors                                 
DEBUG    [rank 0] Removed old checkpoint:                    dit_trainer.py:1429
         /local/disk/hramachandran/work/wh_work/windinet/dit                    
         _outputs/lundquist/dit_sds_untrained_30k/checkpoint                    
         s/scalar_embedding_step_14280.safetensors                              
DEBUG    [rank 0] Removed optimizer state for older kept     dit_trainer.py:1444
         checkpoint:                                                            
         /local/disk/hramachandran/work/wh_work/windinet/dit                    
         _outputs/lundquist/dit_sds_untrained_30k/checkpoint                    
         s/model_weights_step_14400.state.pt                                    
[epoch 121] step=14520 train_loss=0.008427
[train] step=14521 loss=0.010263 lr=5.256e-06
[train] step=14522 loss=0.004645 lr=5.255e-06
[train] step=14523 loss=0.005598 lr=5.255e-06
[train] step=14524 loss=0.015584 lr=5.254e-06
[train] step=14525 loss=0.010938 lr=5.254e-06
[train] step=14526 loss=0.008047 lr=5.253e-06
[train] step=14527 loss=0.007794 lr=5.253e-06
[train] step=14528 loss=0.003383 lr=5.252e-06
[train] step=14529 loss=0.002777 lr=5.252e-06
[train] step=14530 loss=0.005074 lr=5.251e-06
[train] step=14531 loss=0.002782 lr=5.251e-06
[train] step=14532 loss=0.016938 lr=5.250e-06
[train] step=14533 loss=0.007585 lr=5.250e-06
[train] step=14534 loss=0.005314 lr=5.249e-06
[train] step=14535 loss=0.027461 lr=5.249e-06
[train] step=14536 loss=0.008421 lr=5.248e-06
[train] step=14537 loss=0.003849 lr=5.248e-06
[train] step=14538 loss=0.005767 lr=5.247e-06
[train] step=14539 loss=0.010368 lr=5.247e-06
[train] step=14540 loss=0.005334 lr=5.246e-06
[train] step=14541 loss=0.010361 lr=5.246e-06
[train] step=14542 loss=0.008644 lr=5.245e-06
[train] step=14543 loss=0.013797 lr=5.244e-06
[train] step=14544 loss=0.010375 lr=5.244e-06
[train] step=14545 loss=0.002817 lr=5.243e-06
[train] step=14546 loss=0.010014 lr=5.243e-06
[train] step=14547 loss=0.007423 lr=5.242e-06
[train] step=14548 loss=0.004487 lr=5.242e-06
[train] step=14549 loss=0.007441 lr=5.241e-06
[train] step=14550 loss=0.012625 lr=5.241e-06
[train] step=14551 loss=0.005233 lr=5.240e-06
[train] step=14552 loss=0.013323 lr=5.240e-06
[train] step=14553 loss=0.010520 lr=5.239e-06
[train] step=14554 loss=0.006794 lr=5.239e-06
[train] step=14555 loss=0.007702 lr=5.238e-06
[train] step=14556 loss=0.006904 lr=5.238e-06
[train] step=14557 loss=0.005646 lr=5.237e-06
[train] step=14558 loss=0.005232 lr=5.237e-06
[train] step=14559 loss=0.007823 lr=5.236e-06
[train] step=14560 loss=0.003801 lr=5.236e-06
[train] step=14561 loss=0.002988 lr=5.235e-06
[train] step=14562 loss=0.004672 lr=5.235e-06
[train] step=14563 loss=0.003362 lr=5.234e-06
[train] step=14564 loss=0.008724 lr=5.234e-06
[train] step=14565 loss=0.011263 lr=5.233e-06
[train] step=14566 loss=0.058294 lr=5.232e-06
[train] step=14567 loss=0.004863 lr=5.232e-06
[train] step=14568 loss=0.003685 lr=5.231e-06
[train] step=14569 loss=0.003509 lr=5.231e-06
[train] step=14570 loss=0.006903 lr=5.230e-06
[train] step=14571 loss=0.012967 lr=5.230e-06
[train] step=14572 loss=0.001951 lr=5.229e-06
[train] step=14573 loss=0.003574 lr=5.229e-06
[train] step=14574 loss=0.015222 lr=5.228e-06
[train] step=14575 loss=0.006028 lr=5.228e-06
[train] step=14576 loss=0.012159 lr=5.227e-06
[train] step=14577 loss=0.023050 lr=5.227e-06
[train] step=14578 loss=0.006586 lr=5.226e-06
[train] step=14579 loss=0.003305 lr=5.226e-06
[train] step=14580 loss=0.007127 lr=5.225e-06
[train] step=14581 loss=0.006024 lr=5.225e-06
[train] step=14582 loss=0.012202 lr=5.224e-06
[train] step=14583 loss=0.005488 lr=5.224e-06
[train] step=14584 loss=0.008885 lr=5.223e-06
[train] step=14585 loss=0.004091 lr=5.223e-06
[train] step=14586 loss=0.004937 lr=5.222e-06
[train] step=14587 loss=0.008803 lr=5.221e-06
[train] step=14588 loss=0.009169 lr=5.221e-06
[train] step=14589 loss=0.008480 lr=5.220e-06
[train] step=14590 loss=0.002833 lr=5.220e-06
[train] step=14591 loss=0.005127 lr=5.219e-06
[train] step=14592 loss=0.006028 lr=5.219e-06
[train] step=14593 loss=0.007789 lr=5.218e-06
[train] step=14594 loss=0.013235 lr=5.218e-06
[train] step=14595 loss=0.008832 lr=5.217e-06
[train] step=14596 loss=0.004256 lr=5.217e-06
[train] step=14597 loss=0.005607 lr=5.216e-06
[train] step=14598 loss=0.004937 lr=5.216e-06
[train] step=14599 loss=0.007197 lr=5.215e-06
[train] step=14600 loss=0.010734 lr=5.215e-06
[train] step=14601 loss=0.005371 lr=5.214e-06
[train] step=14602 loss=0.003040 lr=5.214e-06
[train] step=14603 loss=0.012668 lr=5.213e-06
[train] step=14604 loss=0.002975 lr=5.213e-06
[train] step=14605 loss=0.003684 lr=5.212e-06
[train] step=14606 loss=0.008551 lr=5.212e-06
[train] step=14607 loss=0.037379 lr=5.211e-06
[train] step=14608 loss=0.005970 lr=5.211e-06
[train] step=14609 loss=0.005548 lr=5.210e-06
[train] step=14610 loss=0.004327 lr=5.209e-06
[train] step=14611 loss=0.011073 lr=5.209e-06
[train] step=14612 loss=0.011646 lr=5.208e-06
[train] step=14613 loss=0.018737 lr=5.208e-06
[train] step=14614 loss=0.010185 lr=5.207e-06
[train] step=14615 loss=0.005354 lr=5.207e-06
[train] step=14616 loss=0.014512 lr=5.206e-06
[train] step=14617 loss=0.004329 lr=5.206e-06
[train] step=14618 loss=0.010445 lr=5.205e-06
[train] step=14619 loss=0.004809 lr=5.205e-06
[train] step=14620 loss=0.009272 lr=5.204e-06
[train] step=14621 loss=0.008974 lr=5.204e-06
[train] step=14622 loss=0.006009 lr=5.203e-06
[train] step=14623 loss=0.006139 lr=5.203e-06
[train] step=14624 loss=0.006099 lr=5.202e-06
[train] step=14625 loss=0.002785 lr=5.202e-06
[train] step=14626 loss=0.003976 lr=5.201e-06
[train] step=14627 loss=0.007205 lr=5.201e-06
[train] step=14628 loss=0.008974 lr=5.200e-06
[train] step=14629 loss=0.018589 lr=5.200e-06
[train] step=14630 loss=0.030902 lr=5.199e-06
[train] step=14631 loss=0.009547 lr=5.198e-06
[train] step=14632 loss=0.005669 lr=5.198e-06
[train] step=14633 loss=0.024194 lr=5.197e-06
[train] step=14634 loss=0.004552 lr=5.197e-06
[train] step=14635 loss=0.004401 lr=5.196e-06
[train] step=14636 loss=0.005893 lr=5.196e-06
[train] step=14637 loss=0.011576 lr=5.195e-06
[train] step=14638 loss=0.006476 lr=5.195e-06
[train] step=14639 loss=0.003685 lr=5.194e-06
[train] step=14640 loss=0.005483 lr=5.194e-06
INFO     [rank 0] Model weights for step 14640 saved in      dit_trainer.py:1288
         checkpoints/model_weights_step_14640.safetensors                       
INFO     [rank 0] Scalar embedding weights for step 14640    dit_trainer.py:1297
         saved                                                                  
INFO     [rank 0] Training state saved:                      dit_trainer.py:1416
         checkpoints/model_weights_step_14640.state.pt                          
DEBUG    [rank 0] Removed old checkpoint:                    dit_trainer.py:1429
         /local/disk/hramachandran/work/wh_work/windinet/dit                    
         _outputs/lundquist/dit_sds_untrained_30k/checkpoint                    
         s/model_weights_step_14400.safetensors                                 
DEBUG    [rank 0] Removed old checkpoint:                    dit_trainer.py:1429
         /local/disk/hramachandran/work/wh_work/windinet/dit                    
         _outputs/lundquist/dit_sds_untrained_30k/checkpoint                    
         s/scalar_embedding_step_14400.safetensors                              
DEBUG    [rank 0] Removed optimizer state for older kept     dit_trainer.py:1444
         checkpoint:                                                            
         /local/disk/hramachandran/work/wh_work/windinet/dit                    
         _outputs/lundquist/dit_sds_untrained_30k/checkpoint                    
         s/model_weights_step_14520.state.pt                                    
[epoch 122] step=14640 train_loss=0.008698
[train] step=14641 loss=0.009092 lr=5.193e-06
[train] step=14642 loss=0.009741 lr=5.193e-06
[train] step=14643 loss=0.031192 lr=5.192e-06
[train] step=14644 loss=0.005398 lr=5.192e-06
[train] step=14645 loss=0.013042 lr=5.191e-06
[train] step=14646 loss=0.008444 lr=5.191e-06
[train] step=14647 loss=0.008344 lr=5.190e-06
[train] step=14648 loss=0.005482 lr=5.190e-06
[train] step=14649 loss=0.015052 lr=5.189e-06
[train] step=14650 loss=0.006059 lr=5.189e-06
[train] step=14651 loss=0.004566 lr=5.188e-06
[train] step=14652 loss=0.003419 lr=5.188e-06
[train] step=14653 loss=0.005219 lr=5.187e-06
[train] step=14654 loss=0.004913 lr=5.186e-06
[train] step=14655 loss=0.008923 lr=5.186e-06
[train] step=14656 loss=0.016460 lr=5.185e-06
[train] step=14657 loss=0.009102 lr=5.185e-06
[train] step=14658 loss=0.006250 lr=5.184e-06
[train] step=14659 loss=0.013852 lr=5.184e-06
[train] step=14660 loss=0.007632 lr=5.183e-06
[train] step=14661 loss=0.003745 lr=5.183e-06
[train] step=14662 loss=0.003650 lr=5.182e-06
[train] step=14663 loss=0.009193 lr=5.182e-06
[train] step=14664 loss=0.005326 lr=5.181e-06
[train] step=14665 loss=0.004567 lr=5.181e-06
[train] step=14666 loss=0.007464 lr=5.180e-06
[train] step=14667 loss=0.004132 lr=5.180e-06
[train] step=14668 loss=0.006956 lr=5.179e-06
[train] step=14669 loss=0.007741 lr=5.179e-06
[train] step=14670 loss=0.003764 lr=5.178e-06
[train] step=14671 loss=0.008834 lr=5.178e-06
[train] step=14672 loss=0.008582 lr=5.177e-06
[train] step=14673 loss=0.001947 lr=5.177e-06
[train] step=14674 loss=0.006382 lr=5.176e-06
[train] step=14675 loss=0.006520 lr=5.175e-06
[train] step=14676 loss=0.002748 lr=5.175e-06
[train] step=14677 loss=0.040787 lr=5.174e-06
[train] step=14678 loss=0.003968 lr=5.174e-06
[train] step=14679 loss=0.004179 lr=5.173e-06
[train] step=14680 loss=0.008818 lr=5.173e-06
[train] step=14681 loss=0.009647 lr=5.172e-06
[train] step=14682 loss=0.004345 lr=5.172e-06
[train] step=14683 loss=0.004730 lr=5.171e-06
[train] step=14684 loss=0.005606 lr=5.171e-06
[train] step=14685 loss=0.003247 lr=5.170e-06
[train] step=14686 loss=0.007909 lr=5.170e-06
[train] step=14687 loss=0.005258 lr=5.169e-06
[train] step=14688 loss=0.014502 lr=5.169e-06
[train] step=14689 loss=0.016301 lr=5.168e-06
[train] step=14690 loss=0.006828 lr=5.168e-06
[train] step=14691 loss=0.008197 lr=5.167e-06
[train] step=14692 loss=0.004969 lr=5.167e-06
[train] step=14693 loss=0.006189 lr=5.166e-06
[train] step=14694 loss=0.009838 lr=5.166e-06
[train] step=14695 loss=0.005745 lr=5.165e-06
[train] step=14696 loss=0.006323 lr=5.165e-06
[train] step=14697 loss=0.004027 lr=5.164e-06
[train] step=14698 loss=0.011150 lr=5.163e-06
[train] step=14699 loss=0.005038 lr=5.163e-06
[train] step=14700 loss=0.005765 lr=5.162e-06
[train] step=14701 loss=0.002788 lr=5.162e-06
[train] step=14702 loss=0.005820 lr=5.161e-06
[train] step=14703 loss=0.015367 lr=5.161e-06
[train] step=14704 loss=0.005702 lr=5.160e-06
[train] step=14705 loss=0.006372 lr=5.160e-06
[train] step=14706 loss=0.010164 lr=5.159e-06
[train] step=14707 loss=0.003363 lr=5.159e-06
[train] step=14708 loss=0.006918 lr=5.158e-06
[train] step=14709 loss=0.004004 lr=5.158e-06
[train] step=14710 loss=0.004467 lr=5.157e-06
[train] step=14711 loss=0.002720 lr=5.157e-06
[train] step=14712 loss=0.008058 lr=5.156e-06
[train] step=14713 loss=0.018700 lr=5.156e-06
[train] step=14714 loss=0.006517 lr=5.155e-06
[train] step=14715 loss=0.016921 lr=5.155e-06
[train] step=14716 loss=0.011150 lr=5.154e-06
[train] step=14717 loss=0.004898 lr=5.154e-06
[train] step=14718 loss=0.005045 lr=5.153e-06
[train] step=14719 loss=0.020226 lr=5.152e-06
[train] step=14720 loss=0.002929 lr=5.152e-06
[train] step=14721 loss=0.018609 lr=5.151e-06
[train] step=14722 loss=0.005008 lr=5.151e-06
[train] step=14723 loss=0.011826 lr=5.150e-06
[train] step=14724 loss=0.004768 lr=5.150e-06
[train] step=14725 loss=0.003095 lr=5.149e-06
[train] step=14726 loss=0.016936 lr=5.149e-06
[train] step=14727 loss=0.004514 lr=5.148e-06
[train] step=14728 loss=0.003955 lr=5.148e-06
[train] step=14729 loss=0.018249 lr=5.147e-06
[train] step=14730 loss=0.003563 lr=5.147e-06
[train] step=14731 loss=0.005846 lr=5.146e-06
[train] step=14732 loss=0.008964 lr=5.146e-06
[train] step=14733 loss=0.004455 lr=5.145e-06
[train] step=14734 loss=0.004780 lr=5.145e-06
[train] step=14735 loss=0.012570 lr=5.144e-06
[train] step=14736 loss=0.004266 lr=5.144e-06
[train] step=14737 loss=0.016834 lr=5.143e-06
[train] step=14738 loss=0.008068 lr=5.143e-06
[train] step=14739 loss=0.005181 lr=5.142e-06
[train] step=14740 loss=0.011186 lr=5.142e-06
[train] step=14741 loss=0.021499 lr=5.141e-06
[train] step=14742 loss=0.006854 lr=5.140e-06
[train] step=14743 loss=0.017271 lr=5.140e-06
[train] step=14744 loss=0.009632 lr=5.139e-06
[train] step=14745 loss=0.007952 lr=5.139e-06
[train] step=14746 loss=0.003681 lr=5.138e-06
[train] step=14747 loss=0.023902 lr=5.138e-06
[train] step=14748 loss=0.034072 lr=5.137e-06
[train] step=14749 loss=0.007015 lr=5.137e-06
[train] step=14750 loss=0.007243 lr=5.136e-06
[train] step=14751 loss=0.004323 lr=5.136e-06
[train] step=14752 loss=0.014746 lr=5.135e-06
[train] step=14753 loss=0.003693 lr=5.135e-06
[train] step=14754 loss=0.004426 lr=5.134e-06
[train] step=14755 loss=0.003603 lr=5.134e-06
[train] step=14756 loss=0.018436 lr=5.133e-06
[train] step=14757 loss=0.007544 lr=5.133e-06
[train] step=14758 loss=0.007526 lr=5.132e-06
[train] step=14759 loss=0.008550 lr=5.132e-06
[train] step=14760 loss=0.006063 lr=5.131e-06
INFO     [rank 0] Model weights for step 14760 saved in      dit_trainer.py:1288
         checkpoints/model_weights_step_14760.safetensors                       
INFO     [rank 0] Scalar embedding weights for step 14760    dit_trainer.py:1297
         saved                                                                  
INFO     [rank 0] Training state saved:                      dit_trainer.py:1416
         checkpoints/model_weights_step_14760.state.pt                          
DEBUG    [rank 0] Removed old checkpoint:                    dit_trainer.py:1429
         /local/disk/hramachandran/work/wh_work/windinet/dit                    
         _outputs/lundquist/dit_sds_untrained_30k/checkpoint                    
         s/model_weights_step_14520.safetensors                                 
DEBUG    [rank 0] Removed old checkpoint:                    dit_trainer.py:1429
         /local/disk/hramachandran/work/wh_work/windinet/dit                    
         _outputs/lundquist/dit_sds_untrained_30k/checkpoint                    
         s/scalar_embedding_step_14520.safetensors                              
DEBUG    [rank 0] Removed optimizer state for older kept     dit_trainer.py:1444
         checkpoint:                                                            
         /local/disk/hramachandran/work/wh_work/windinet/dit                    
         _outputs/lundquist/dit_sds_untrained_30k/checkpoint                    
         s/model_weights_step_14640.state.pt                                    
[epoch 123] step=14760 train_loss=0.008661
[train] step=14761 loss=0.003854 lr=5.131e-06
[train] step=14762 loss=0.004135 lr=5.130e-06
[train] step=14763 loss=0.005158 lr=5.129e-06
[train] step=14764 loss=0.005910 lr=5.129e-06
[train] step=14765 loss=0.008687 lr=5.128e-06
[train] step=14766 loss=0.006901 lr=5.128e-06
[train] step=14767 loss=0.003632 lr=5.127e-06
[train] step=14768 loss=0.001855 lr=5.127e-06
[train] step=14769 loss=0.010709 lr=5.126e-06
[train] step=14770 loss=0.009073 lr=5.126e-06
[train] step=14771 loss=0.002525 lr=5.125e-06
[train] step=14772 loss=0.002721 lr=5.125e-06
[train] step=14773 loss=0.005942 lr=5.124e-06
[train] step=14774 loss=0.018901 lr=5.124e-06
[train] step=14775 loss=0.016424 lr=5.123e-06
[train] step=14776 loss=0.007590 lr=5.123e-06
[train] step=14777 loss=0.003439 lr=5.122e-06
[train] step=14778 loss=0.005841 lr=5.122e-06
[train] step=14779 loss=0.005410 lr=5.121e-06
[train] step=14780 loss=0.008459 lr=5.121e-06
[train] step=14781 loss=0.005655 lr=5.120e-06
[train] step=14782 loss=0.004522 lr=5.120e-06
[train] step=14783 loss=0.003422 lr=5.119e-06
[train] step=14784 loss=0.006810 lr=5.118e-06
[train] step=14785 loss=0.004943 lr=5.118e-06
[train] step=14786 loss=0.007084 lr=5.117e-06
[train] step=14787 loss=0.005785 lr=5.117e-06
[train] step=14788 loss=0.008539 lr=5.116e-06
[train] step=14789 loss=0.005368 lr=5.116e-06
[train] step=14790 loss=0.011310 lr=5.115e-06
[train] step=14791 loss=0.004763 lr=5.115e-06
[train] step=14792 loss=0.006956 lr=5.114e-06
[train] step=14793 loss=0.007248 lr=5.114e-06
[train] step=14794 loss=0.004218 lr=5.113e-06
[train] step=14795 loss=0.005450 lr=5.113e-06
[train] step=14796 loss=0.006524 lr=5.112e-06
[train] step=14797 loss=0.003334 lr=5.112e-06
[train] step=14798 loss=0.173677 lr=5.111e-06
[train] step=14799 loss=0.006034 lr=5.111e-06
[train] step=14800 loss=0.002194 lr=5.110e-06
[train] step=14801 loss=0.012409 lr=5.110e-06
[train] step=14802 loss=0.005891 lr=5.109e-06
[train] step=14803 loss=0.023231 lr=5.109e-06
[train] step=14804 loss=0.013364 lr=5.108e-06
[train] step=14805 loss=0.002479 lr=5.108e-06
[train] step=14806 loss=0.031232 lr=5.107e-06
[train] step=14807 loss=0.003423 lr=5.106e-06
[train] step=14808 loss=0.007649 lr=5.106e-06
[train] step=14809 loss=0.006092 lr=5.105e-06
[train] step=14810 loss=0.003546 lr=5.105e-06
[train] step=14811 loss=0.006183 lr=5.104e-06
[train] step=14812 loss=0.007666 lr=5.104e-06
[train] step=14813 loss=0.015318 lr=5.103e-06
[train] step=14814 loss=0.014806 lr=5.103e-06
[train] step=14815 loss=0.007601 lr=5.102e-06
[train] step=14816 loss=0.004451 lr=5.102e-06
[train] step=14817 loss=0.017571 lr=5.101e-06
[train] step=14818 loss=0.011258 lr=5.101e-06
[train] step=14819 loss=0.005868 lr=5.100e-06
[train] step=14820 loss=0.003731 lr=5.100e-06
[train] step=14821 loss=0.006609 lr=5.099e-06
[train] step=14822 loss=0.007307 lr=5.099e-06
[train] step=14823 loss=0.006847 lr=5.098e-06
[train] step=14824 loss=0.004360 lr=5.098e-06
[train] step=14825 loss=0.003511 lr=5.097e-06
[train] step=14826 loss=0.013220 lr=5.097e-06
[train] step=14827 loss=0.012077 lr=5.096e-06
[train] step=14828 loss=0.008867 lr=5.095e-06
[train] step=14829 loss=0.007820 lr=5.095e-06
[train] step=14830 loss=0.005940 lr=5.094e-06
[train] step=14831 loss=0.003124 lr=5.094e-06
[train] step=14832 loss=0.017201 lr=5.093e-06
[train] step=14833 loss=0.005852 lr=5.093e-06
[train] step=14834 loss=0.004125 lr=5.092e-06
[train] step=14835 loss=0.013508 lr=5.092e-06
[train] step=14836 loss=0.013409 lr=5.091e-06
[train] step=14837 loss=0.003246 lr=5.091e-06
[train] step=14838 loss=0.003598 lr=5.090e-06
[train] step=14839 loss=0.005577 lr=5.090e-06
[train] step=14840 loss=0.007776 lr=5.089e-06
[train] step=14841 loss=0.015747 lr=5.089e-06
[train] step=14842 loss=0.007328 lr=5.088e-06
[train] step=14843 loss=0.018084 lr=5.088e-06
[train] step=14844 loss=0.009883 lr=5.087e-06
[train] step=14845 loss=0.002380 lr=5.087e-06
[train] step=14846 loss=0.004313 lr=5.086e-06
[train] step=14847 loss=0.007277 lr=5.086e-06
[train] step=14848 loss=0.003337 lr=5.085e-06
[train] step=14849 loss=0.026910 lr=5.085e-06
[train] step=14850 loss=0.010293 lr=5.084e-06
[train] step=14851 loss=0.011328 lr=5.083e-06
[train] step=14852 loss=0.016653 lr=5.083e-06
[train] step=14853 loss=0.012449 lr=5.082e-06
[train] step=14854 loss=0.023691 lr=5.082e-06
[train] step=14855 loss=0.008990 lr=5.081e-06
[train] step=14856 loss=0.003531 lr=5.081e-06
[train] step=14857 loss=0.009045 lr=5.080e-06
[train] step=14858 loss=0.004465 lr=5.080e-06
[train] step=14859 loss=0.004480 lr=5.079e-06
[train] step=14860 loss=0.008157 lr=5.079e-06
[train] step=14861 loss=0.004674 lr=5.078e-06
[train] step=14862 loss=0.008664 lr=5.078e-06
[train] step=14863 loss=0.008412 lr=5.077e-06
[train] step=14864 loss=0.005799 lr=5.077e-06
[train] step=14865 loss=0.002966 lr=5.076e-06
[train] step=14866 loss=0.004838 lr=5.076e-06
[train] step=14867 loss=0.003293 lr=5.075e-06
[train] step=14868 loss=0.003098 lr=5.075e-06
[train] step=14869 loss=0.009762 lr=5.074e-06
[train] step=14870 loss=0.002840 lr=5.074e-06
[train] step=14871 loss=0.004561 lr=5.073e-06
[train] step=14872 loss=0.003806 lr=5.072e-06
[train] step=14873 loss=0.010242 lr=5.072e-06
[train] step=14874 loss=0.022194 lr=5.071e-06
[train] step=14875 loss=0.005930 lr=5.071e-06
[train] step=14876 loss=0.008382 lr=5.070e-06
[train] step=14877 loss=0.003851 lr=5.070e-06
[train] step=14878 loss=0.003239 lr=5.069e-06
[train] step=14879 loss=0.005358 lr=5.069e-06
[train] step=14880 loss=0.004906 lr=5.068e-06
INFO     [rank 0] Model weights for step 14880 saved in      dit_trainer.py:1288
         checkpoints/model_weights_step_14880.safetensors                       
INFO     [rank 0] Scalar embedding weights for step 14880    dit_trainer.py:1297
         saved                                                                  
INFO     [rank 0] Training state saved:                      dit_trainer.py:1416
         checkpoints/model_weights_step_14880.state.pt                          
DEBUG    [rank 0] Removed old checkpoint:                    dit_trainer.py:1429
         /local/disk/hramachandran/work/wh_work/windinet/dit                    
         _outputs/lundquist/dit_sds_untrained_30k/checkpoint                    
         s/model_weights_step_14640.safetensors                                 
DEBUG    [rank 0] Removed old checkpoint:                    dit_trainer.py:1429
         /local/disk/hramachandran/work/wh_work/windinet/dit                    
         _outputs/lundquist/dit_sds_untrained_30k/checkpoint                    
         s/scalar_embedding_step_14640.safetensors                              
DEBUG    [rank 0] Removed optimizer state for older kept     dit_trainer.py:1444
         checkpoint:                                                            
         /local/disk/hramachandran/work/wh_work/windinet/dit                    
         _outputs/lundquist/dit_sds_untrained_30k/checkpoint                    
         s/model_weights_step_14760.state.pt                                    
[epoch 124] step=14880 train_loss=0.009292
[train] step=14881 loss=0.005584 lr=5.068e-06
[train] step=14882 loss=0.003564 lr=5.067e-06
[train] step=14883 loss=0.006809 lr=5.067e-06
[train] step=14884 loss=0.011059 lr=5.066e-06
[train] step=14885 loss=0.005182 lr=5.066e-06
[train] step=14886 loss=0.004713 lr=5.065e-06
[train] step=14887 loss=0.010127 lr=5.065e-06
[train] step=14888 loss=0.004328 lr=5.064e-06
[train] step=14889 loss=0.002899 lr=5.064e-06
[train] step=14890 loss=0.003544 lr=5.063e-06
[train] step=14891 loss=0.011276 lr=5.063e-06
[train] step=14892 loss=0.006855 lr=5.062e-06
[train] step=14893 loss=0.011075 lr=5.061e-06
[train] step=14894 loss=0.011443 lr=5.061e-06
[train] step=14895 loss=0.012126 lr=5.060e-06
[train] step=14896 loss=0.004434 lr=5.060e-06
[train] step=14897 loss=0.007776 lr=5.059e-06
[train] step=14898 loss=0.019261 lr=5.059e-06
[train] step=14899 loss=0.013952 lr=5.058e-06
[train] step=14900 loss=0.013693 lr=5.058e-06
[train] step=14901 loss=0.016550 lr=5.057e-06
[train] step=14902 loss=0.006795 lr=5.057e-06
[train] step=14903 loss=0.006979 lr=5.056e-06
[train] step=14904 loss=0.004717 lr=5.056e-06
[train] step=14905 loss=0.009718 lr=5.055e-06
[train] step=14906 loss=0.004596 lr=5.055e-06
[train] step=14907 loss=0.005149 lr=5.054e-06
[train] step=14908 loss=0.004327 lr=5.054e-06
[train] step=14909 loss=0.007477 lr=5.053e-06
[train] step=14910 loss=0.004153 lr=5.053e-06
[train] step=14911 loss=0.003817 lr=5.052e-06
[train] step=14912 loss=0.005509 lr=5.052e-06
[train] step=14913 loss=0.010390 lr=5.051e-06
[train] step=14914 loss=0.013720 lr=5.051e-06
[train] step=14915 loss=0.006548 lr=5.050e-06
[train] step=14916 loss=0.003781 lr=5.049e-06
[train] step=14917 loss=0.016848 lr=5.049e-06
[train] step=14918 loss=0.017881 lr=5.048e-06
[train] step=14919 loss=0.006338 lr=5.048e-06
[train] step=14920 loss=0.004691 lr=5.047e-06
[train] step=14921 loss=0.007638 lr=5.047e-06
[train] step=14922 loss=0.012193 lr=5.046e-06
[train] step=14923 loss=0.014756 lr=5.046e-06
[train] step=14924 loss=0.007321 lr=5.045e-06
[train] step=14925 loss=0.001860 lr=5.045e-06
[train] step=14926 loss=0.006643 lr=5.044e-06
[train] step=14927 loss=0.004272 lr=5.044e-06
[train] step=14928 loss=0.002896 lr=5.043e-06
[train] step=14929 loss=0.003750 lr=5.043e-06
[train] step=14930 loss=0.009936 lr=5.042e-06
[train] step=14931 loss=0.015665 lr=5.042e-06
[train] step=14932 loss=0.009481 lr=5.041e-06
[train] step=14933 loss=0.008707 lr=5.041e-06
[train] step=14934 loss=0.007594 lr=5.040e-06
[train] step=14935 loss=0.003744 lr=5.040e-06
[train] step=14936 loss=0.004956 lr=5.039e-06
[train] step=14937 loss=0.003776 lr=5.038e-06
[train] step=14938 loss=0.003781 lr=5.038e-06
[train] step=14939 loss=0.009189 lr=5.037e-06
[train] step=14940 loss=0.006467 lr=5.037e-06
[train] step=14941 loss=0.014045 lr=5.036e-06
[train] step=14942 loss=0.040984 lr=5.036e-06
[train] step=14943 loss=0.004622 lr=5.035e-06
[train] step=14944 loss=0.006784 lr=5.035e-06
[train] step=14945 loss=0.006065 lr=5.034e-06
[train] step=14946 loss=0.005131 lr=5.034e-06
[train] step=14947 loss=0.003483 lr=5.033e-06
[train] step=14948 loss=0.002621 lr=5.033e-06
[train] step=14949 loss=0.006456 lr=5.032e-06
[train] step=14950 loss=0.023987 lr=5.032e-06
[train] step=14951 loss=0.004660 lr=5.031e-06
[train] step=14952 loss=0.009224 lr=5.031e-06
[train] step=14953 loss=0.004102 lr=5.030e-06
[train] step=14954 loss=0.009779 lr=5.030e-06
[train] step=14955 loss=0.006490 lr=5.029e-06
[train] step=14956 loss=0.024930 lr=5.029e-06
[train] step=14957 loss=0.005740 lr=5.028e-06
[train] step=14958 loss=0.015332 lr=5.027e-06
[train] step=14959 loss=0.003764 lr=5.027e-06
[train] step=14960 loss=0.013127 lr=5.026e-06
[train] step=14961 loss=0.021046 lr=5.026e-06
[train] step=14962 loss=0.007903 lr=5.025e-06
[train] step=14963 loss=0.006670 lr=5.025e-06
[train] step=14964 loss=0.003705 lr=5.024e-06
[train] step=14965 loss=0.004369 lr=5.024e-06
[train] step=14966 loss=0.003481 lr=5.023e-06
[train] step=14967 loss=0.021143 lr=5.023e-06
[train] step=14968 loss=0.009628 lr=5.022e-06
[train] step=14969 loss=0.007167 lr=5.022e-06
[train] step=14970 loss=0.004373 lr=5.021e-06
[train] step=14971 loss=0.005812 lr=5.021e-06
[train] step=14972 loss=0.009982 lr=5.020e-06
[train] step=14973 loss=0.021536 lr=5.020e-06
[train] step=14974 loss=0.018277 lr=5.019e-06
[train] step=14975 loss=0.008654 lr=5.019e-06
[train] step=14976 loss=0.004484 lr=5.018e-06
[train] step=14977 loss=0.004416 lr=5.018e-06
[train] step=14978 loss=0.010373 lr=5.017e-06
[train] step=14979 loss=0.006777 lr=5.017e-06
[train] step=14980 loss=0.004274 lr=5.016e-06
[train] step=14981 loss=0.002602 lr=5.015e-06
[train] step=14982 loss=0.013034 lr=5.015e-06
[train] step=14983 loss=0.005059 lr=5.014e-06
[train] step=14984 loss=0.017437 lr=5.014e-06
[train] step=14985 loss=0.002002 lr=5.013e-06
[train] step=14986 loss=0.004313 lr=5.013e-06
[train] step=14987 loss=0.016497 lr=5.012e-06
[train] step=14988 loss=0.007560 lr=5.012e-06
[train] step=14989 loss=0.022604 lr=5.011e-06
[train] step=14990 loss=0.003921 lr=5.011e-06
[train] step=14991 loss=0.010252 lr=5.010e-06
[train] step=14992 loss=0.016641 lr=5.010e-06
[train] step=14993 loss=0.008709 lr=5.009e-06
[train] step=14994 loss=0.009845 lr=5.009e-06
[train] step=14995 loss=0.004398 lr=5.008e-06
[train] step=14996 loss=0.003924 lr=5.008e-06
[train] step=14997 loss=0.004083 lr=5.007e-06
[train] step=14998 loss=0.009946 lr=5.007e-06
[train] step=14999 loss=0.004715 lr=5.006e-06
[train] step=15000 loss=0.005525 lr=5.006e-06
[val] step=15000 val_loss=0.013123
INFO     [rank 0] Model weights for step 15000 saved in      dit_trainer.py:1288
         checkpoints/model_weights_step_15000.safetensors                       
INFO     [rank 0] Scalar embedding weights for step 15000    dit_trainer.py:1297
         saved                                                                  
INFO     [rank 0] Training state saved:                      dit_trainer.py:1416
         checkpoints/model_weights_step_15000.state.pt                          
DEBUG    [rank 0] Removed old checkpoint:                    dit_trainer.py:1429
         /local/disk/hramachandran/work/wh_work/windinet/dit                    
         _outputs/lundquist/dit_sds_untrained_30k/checkpoint                    
         s/model_weights_step_14760.safetensors                                 
DEBUG    [rank 0] Removed old checkpoint:                    dit_trainer.py:1429
         /local/disk/hramachandran/work/wh_work/windinet/dit                    
         _outputs/lundquist/dit_sds_untrained_30k/checkpoint                    
         s/scalar_embedding_step_14760.safetensors                              
DEBUG    [rank 0] Removed optimizer state for older kept     dit_trainer.py:1444
         checkpoint:                                                            
         /local/disk/hramachandran/work/wh_work/windinet/dit                    
         _outputs/lundquist/dit_sds_untrained_30k/checkpoint                    
         s/model_weights_step_14880.state.pt                                    
[epoch 125] step=15000 train_loss=0.008685 val_loss=0.013123
[train] step=15001 loss=0.012577 lr=5.005e-06
[train] step=15002 loss=0.004599 lr=5.004e-06
[train] step=15003 loss=0.003849 lr=5.004e-06
[train] step=15004 loss=0.011009 lr=5.003e-06
[train] step=15005 loss=0.005480 lr=5.003e-06
[train] step=15006 loss=0.002203 lr=5.002e-06
[train] step=15007 loss=0.003603 lr=5.002e-06
[train] step=15008 loss=0.011362 lr=5.001e-06
[train] step=15009 loss=0.002411 lr=5.001e-06
[train] step=15010 loss=0.008080 lr=5.000e-06
[train] step=15011 loss=0.009771 lr=5.000e-06
[train] step=15012 loss=0.004133 lr=4.999e-06
[train] step=15013 loss=0.003229 lr=4.999e-06
[train] step=15014 loss=0.011260 lr=4.998e-06
[train] step=15015 loss=0.007952 lr=4.998e-06
[train] step=15016 loss=0.009081 lr=4.997e-06
[train] step=15017 loss=0.006244 lr=4.997e-06
[train] step=15018 loss=0.001905 lr=4.996e-06
[train] step=15019 loss=0.003707 lr=4.996e-06
[train] step=15020 loss=0.006447 lr=4.995e-06
[train] step=15021 loss=0.004752 lr=4.995e-06
[train] step=15022 loss=0.008238 lr=4.994e-06
[train] step=15023 loss=0.003155 lr=4.993e-06
[train] step=15024 loss=0.006461 lr=4.993e-06
[train] step=15025 loss=0.011507 lr=4.992e-06
[train] step=15026 loss=0.007054 lr=4.992e-06
[train] step=15027 loss=0.004738 lr=4.991e-06
[train] step=15028 loss=0.006260 lr=4.991e-06
[train] step=15029 loss=0.004813 lr=4.990e-06
[train] step=15030 loss=0.005966 lr=4.990e-06
[train] step=15031 loss=0.003540 lr=4.989e-06
[train] step=15032 loss=0.005723 lr=4.989e-06
[train] step=15033 loss=0.005228 lr=4.988e-06
[train] step=15034 loss=0.005763 lr=4.988e-06
[train] step=15035 loss=0.002394 lr=4.987e-06
[train] step=15036 loss=0.010954 lr=4.987e-06
[train] step=15037 loss=0.006584 lr=4.986e-06
[train] step=15038 loss=0.008715 lr=4.986e-06
[train] step=15039 loss=0.004700 lr=4.985e-06
[train] step=15040 loss=0.008650 lr=4.985e-06
[train] step=15041 loss=0.028835 lr=4.984e-06
[train] step=15042 loss=0.005856 lr=4.984e-06
[train] step=15043 loss=0.027067 lr=4.983e-06
[train] step=15044 loss=0.012195 lr=4.983e-06
[train] step=15045 loss=0.007319 lr=4.982e-06
[train] step=15046 loss=0.006882 lr=4.981e-06
[train] step=15047 loss=0.003807 lr=4.981e-06
[train] step=15048 loss=0.012538 lr=4.980e-06
[train] step=15049 loss=0.013843 lr=4.980e-06
[train] step=15050 loss=0.004789 lr=4.979e-06
[train] step=15051 loss=0.004673 lr=4.979e-06
[train] step=15052 loss=0.011202 lr=4.978e-06
[train] step=15053 loss=0.014082 lr=4.978e-06
[train] step=15054 loss=0.004161 lr=4.977e-06
[train] step=15055 loss=0.041823 lr=4.977e-06
[train] step=15056 loss=0.003745 lr=4.976e-06
[train] step=15057 loss=0.004068 lr=4.976e-06
[train] step=15058 loss=0.005131 lr=4.975e-06
[train] step=15059 loss=0.016384 lr=4.975e-06
[train] step=15060 loss=0.008977 lr=4.974e-06
[train] step=15061 loss=0.007844 lr=4.974e-06
[train] step=15062 loss=0.004415 lr=4.973e-06
[train] step=15063 loss=0.013279 lr=4.973e-06
[train] step=15064 loss=0.008939 lr=4.972e-06
[train] step=15065 loss=0.056583 lr=4.972e-06
[train] step=15066 loss=0.003703 lr=4.971e-06
[train] step=15067 loss=0.004724 lr=4.970e-06
[train] step=15068 loss=0.004052 lr=4.970e-06
[train] step=15069 loss=0.007002 lr=4.969e-06
[train] step=15070 loss=0.004990 lr=4.969e-06
[train] step=15071 loss=0.005574 lr=4.968e-06
[train] step=15072 loss=0.007391 lr=4.968e-06
[train] step=15073 loss=0.042949 lr=4.967e-06
[train] step=15074 loss=0.004219 lr=4.967e-06
[train] step=15075 loss=0.003607 lr=4.966e-06
[train] step=15076 loss=0.007792 lr=4.966e-06
[train] step=15077 loss=0.016929 lr=4.965e-06
[train] step=15078 loss=0.007942 lr=4.965e-06
[train] step=15079 loss=0.011228 lr=4.964e-06
[train] step=15080 loss=0.010585 lr=4.964e-06
[train] step=15081 loss=0.009609 lr=4.963e-06
[train] step=15082 loss=0.004698 lr=4.963e-06
[train] step=15083 loss=0.004129 lr=4.962e-06
[train] step=15084 loss=0.009841 lr=4.962e-06
[train] step=15085 loss=0.006384 lr=4.961e-06
[train] step=15086 loss=0.012474 lr=4.961e-06
[train] step=15087 loss=0.004861 lr=4.960e-06
[train] step=15088 loss=0.016325 lr=4.959e-06
[train] step=15089 loss=0.006184 lr=4.959e-06
[train] step=15090 loss=0.003612 lr=4.958e-06
[train] step=15091 loss=0.018259 lr=4.958e-06
[train] step=15092 loss=0.048745 lr=4.957e-06
[train] step=15093 loss=0.005988 lr=4.957e-06
[train] step=15094 loss=0.009941 lr=4.956e-06
[train] step=15095 loss=0.009532 lr=4.956e-06
[train] step=15096 loss=0.004472 lr=4.955e-06
[train] step=15097 loss=0.007020 lr=4.955e-06
[train] step=15098 loss=0.010419 lr=4.954e-06
[train] step=15099 loss=0.003437 lr=4.954e-06
[train] step=15100 loss=0.003924 lr=4.953e-06
[train] step=15101 loss=0.006246 lr=4.953e-06
[train] step=15102 loss=0.021714 lr=4.952e-06
[train] step=15103 loss=0.018585 lr=4.952e-06
[train] step=15104 loss=0.005627 lr=4.951e-06
[train] step=15105 loss=0.003595 lr=4.951e-06
[train] step=15106 loss=0.002933 lr=4.950e-06
[train] step=15107 loss=0.004152 lr=4.950e-06
[train] step=15108 loss=0.016053 lr=4.949e-06
[train] step=15109 loss=0.002920 lr=4.949e-06
[train] step=15110 loss=0.003778 lr=4.948e-06
[train] step=15111 loss=0.003675 lr=4.947e-06
[train] step=15112 loss=0.005910 lr=4.947e-06
[train] step=15113 loss=0.002716 lr=4.946e-06
[train] step=15114 loss=0.018578 lr=4.946e-06
[train] step=15115 loss=0.032598 lr=4.945e-06
[train] step=15116 loss=0.010863 lr=4.945e-06
[train] step=15117 loss=0.004930 lr=4.944e-06
[train] step=15118 loss=0.004343 lr=4.944e-06
[train] step=15119 loss=0.004475 lr=4.943e-06
[train] step=15120 loss=0.008069 lr=4.943e-06
INFO     [rank 0] Model weights for step 15120 saved in      dit_trainer.py:1288
         checkpoints/model_weights_step_15120.safetensors                       
INFO     [rank 0] Scalar embedding weights for step 15120    dit_trainer.py:1297
         saved                                                                  
INFO     [rank 0] Training state saved:                      dit_trainer.py:1416
         checkpoints/model_weights_step_15120.state.pt                          
DEBUG    [rank 0] Removed old checkpoint:                    dit_trainer.py:1429
         /local/disk/hramachandran/work/wh_work/windinet/dit                    
         _outputs/lundquist/dit_sds_untrained_30k/checkpoint                    
         s/model_weights_step_14880.safetensors                                 
DEBUG    [rank 0] Removed old checkpoint:                    dit_trainer.py:1429
         /local/disk/hramachandran/work/wh_work/windinet/dit                    
         _outputs/lundquist/dit_sds_untrained_30k/checkpoint                    
         s/scalar_embedding_step_14880.safetensors                              
DEBUG    [rank 0] Removed optimizer state for older kept     dit_trainer.py:1444
         checkpoint:                                                            
         /local/disk/hramachandran/work/wh_work/windinet/dit                    
         _outputs/lundquist/dit_sds_untrained_30k/checkpoint                    
         s/model_weights_step_15000.state.pt                                    
[epoch 126] step=15120 train_loss=0.009202
[train] step=15121 loss=0.006580 lr=4.942e-06
[train] step=15122 loss=0.005078 lr=4.942e-06
[train] step=15123 loss=0.012792 lr=4.941e-06
[train] step=15124 loss=0.004130 lr=4.941e-06
[train] step=15125 loss=0.006903 lr=4.940e-06
[train] step=15126 loss=0.008382 lr=4.940e-06
[train] step=15127 loss=0.004164 lr=4.939e-06
[train] step=15128 loss=0.010721 lr=4.939e-06
[train] step=15129 loss=0.005773 lr=4.938e-06
[train] step=15130 loss=0.002667 lr=4.938e-06
[train] step=15131 loss=0.002969 lr=4.937e-06
[train] step=15132 loss=0.009000 lr=4.936e-06
[train] step=15133 loss=0.003747 lr=4.936e-06
[train] step=15134 loss=0.009896 lr=4.935e-06
[train] step=15135 loss=0.005008 lr=4.935e-06
[train] step=15136 loss=0.002896 lr=4.934e-06
[train] step=15137 loss=0.008754 lr=4.934e-06
[train] step=15138 loss=0.010984 lr=4.933e-06
[train] step=15139 loss=0.004387 lr=4.933e-06
[train] step=15140 loss=0.003947 lr=4.932e-06
[train] step=15141 loss=0.005524 lr=4.932e-06
[train] step=15142 loss=0.006110 lr=4.931e-06
[train] step=15143 loss=0.004845 lr=4.931e-06
[train] step=15144 loss=0.012622 lr=4.930e-06
[train] step=15145 loss=0.007284 lr=4.930e-06
[train] step=15146 loss=0.003668 lr=4.929e-06
[train] step=15147 loss=0.003497 lr=4.929e-06
[train] step=15148 loss=0.005235 lr=4.928e-06
[train] step=15149 loss=0.007637 lr=4.928e-06
[train] step=15150 loss=0.004745 lr=4.927e-06
[train] step=15151 loss=0.007241 lr=4.927e-06
[train] step=15152 loss=0.003854 lr=4.926e-06
[train] step=15153 loss=0.015561 lr=4.925e-06
[train] step=15154 loss=0.010305 lr=4.925e-06
[train] step=15155 loss=0.006702 lr=4.924e-06
[train] step=15156 loss=0.005551 lr=4.924e-06
[train] step=15157 loss=0.015840 lr=4.923e-06
[train] step=15158 loss=0.007163 lr=4.923e-06
[train] step=15159 loss=0.007432 lr=4.922e-06
[train] step=15160 loss=0.005615 lr=4.922e-06
[train] step=15161 loss=0.008357 lr=4.921e-06
[train] step=15162 loss=0.010844 lr=4.921e-06
[train] step=15163 loss=0.007219 lr=4.920e-06
[train] step=15164 loss=0.003318 lr=4.920e-06
[train] step=15165 loss=0.005444 lr=4.919e-06
[train] step=15166 loss=0.003372 lr=4.919e-06
[train] step=15167 loss=0.003892 lr=4.918e-06
[train] step=15168 loss=0.006928 lr=4.918e-06
[train] step=15169 loss=0.005894 lr=4.917e-06
[train] step=15170 loss=0.005621 lr=4.917e-06
[train] step=15171 loss=0.004019 lr=4.916e-06
[train] step=15172 loss=0.008585 lr=4.916e-06
[train] step=15173 loss=0.005090 lr=4.915e-06
[train] step=15174 loss=0.013368 lr=4.915e-06
[train] step=15175 loss=0.002298 lr=4.914e-06
[train] step=15176 loss=0.004326 lr=4.913e-06
[train] step=15177 loss=0.003923 lr=4.913e-06
[train] step=15178 loss=0.002933 lr=4.912e-06
[train] step=15179 loss=0.004645 lr=4.912e-06
[train] step=15180 loss=0.009654 lr=4.911e-06
[train] step=15181 loss=0.003459 lr=4.911e-06
[train] step=15182 loss=0.009361 lr=4.910e-06
[train] step=15183 loss=0.009791 lr=4.910e-06
[train] step=15184 loss=0.003877 lr=4.909e-06
[train] step=15185 loss=0.006749 lr=4.909e-06
[train] step=15186 loss=0.011788 lr=4.908e-06
[train] step=15187 loss=0.003654 lr=4.908e-06
[train] step=15188 loss=0.007459 lr=4.907e-06
[train] step=15189 loss=0.011213 lr=4.907e-06
[train] step=15190 loss=0.007135 lr=4.906e-06
[train] step=15191 loss=0.008215 lr=4.906e-06
[train] step=15192 loss=0.002133 lr=4.905e-06
[train] step=15193 loss=0.005795 lr=4.905e-06
[train] step=15194 loss=0.013055 lr=4.904e-06
[train] step=15195 loss=0.010395 lr=4.904e-06
[train] step=15196 loss=0.007940 lr=4.903e-06
[train] step=15197 loss=0.008077 lr=4.902e-06
[train] step=15198 loss=0.006401 lr=4.902e-06
[train] step=15199 loss=0.010865 lr=4.901e-06
[train] step=15200 loss=0.008384 lr=4.901e-06
[train] step=15201 loss=0.011976 lr=4.900e-06
[train] step=15202 loss=0.006620 lr=4.900e-06
[train] step=15203 loss=0.004997 lr=4.899e-06
[train] step=15204 loss=0.009290 lr=4.899e-06
[train] step=15205 loss=0.004600 lr=4.898e-06
[train] step=15206 loss=0.002301 lr=4.898e-06
[train] step=15207 loss=0.004335 lr=4.897e-06
[train] step=15208 loss=0.029530 lr=4.897e-06
[train] step=15209 loss=0.003866 lr=4.896e-06
[train] step=15210 loss=0.017371 lr=4.896e-06
[train] step=15211 loss=0.012007 lr=4.895e-06
[train] step=15212 loss=0.005068 lr=4.895e-06
[train] step=15213 loss=0.006877 lr=4.894e-06
[train] step=15214 loss=0.003319 lr=4.894e-06
[train] step=15215 loss=0.004383 lr=4.893e-06
[train] step=15216 loss=0.004569 lr=4.893e-06
[train] step=15217 loss=0.004269 lr=4.892e-06
[train] step=15218 loss=0.002150 lr=4.892e-06
[train] step=15219 loss=0.002256 lr=4.891e-06
[train] step=15220 loss=0.004501 lr=4.890e-06
[train] step=15221 loss=0.006640 lr=4.890e-06
[train] step=15222 loss=0.004389 lr=4.889e-06
[train] step=15223 loss=0.005609 lr=4.889e-06
[train] step=15224 loss=0.006149 lr=4.888e-06
[train] step=15225 loss=0.008733 lr=4.888e-06
[train] step=15226 loss=0.006584 lr=4.887e-06
[train] step=15227 loss=0.006752 lr=4.887e-06
[train] step=15228 loss=0.009032 lr=4.886e-06
[train] step=15229 loss=0.004479 lr=4.886e-06
[train] step=15230 loss=0.009136 lr=4.885e-06
[train] step=15231 loss=0.010673 lr=4.885e-06
[train] step=15232 loss=0.007316 lr=4.884e-06
[train] step=15233 loss=0.007323 lr=4.884e-06
[train] step=15234 loss=0.012512 lr=4.883e-06
[train] step=15235 loss=0.006194 lr=4.883e-06
[train] step=15236 loss=0.006949 lr=4.882e-06
[train] step=15237 loss=0.005027 lr=4.882e-06
[train] step=15238 loss=0.007166 lr=4.881e-06
[train] step=15239 loss=0.023337 lr=4.881e-06
[train] step=15240 loss=0.039880 lr=4.880e-06
INFO     [rank 0] Model weights for step 15240 saved in      dit_trainer.py:1288
         checkpoints/model_weights_step_15240.safetensors                       
INFO     [rank 0] Scalar embedding weights for step 15240    dit_trainer.py:1297
         saved                                                                  
INFO     [rank 0] Training state saved:                      dit_trainer.py:1416
         checkpoints/model_weights_step_15240.state.pt                          
DEBUG    [rank 0] Removed old checkpoint:                    dit_trainer.py:1429
         /local/disk/hramachandran/work/wh_work/windinet/dit                    
         _outputs/lundquist/dit_sds_untrained_30k/checkpoint                    
         s/model_weights_step_15000.safetensors                                 
DEBUG    [rank 0] Removed old checkpoint:                    dit_trainer.py:1429
         /local/disk/hramachandran/work/wh_work/windinet/dit                    
         _outputs/lundquist/dit_sds_untrained_30k/checkpoint                    
         s/scalar_embedding_step_15000.safetensors                              
DEBUG    [rank 0] Removed optimizer state for older kept     dit_trainer.py:1444
         checkpoint:                                                            
         /local/disk/hramachandran/work/wh_work/windinet/dit                    
         _outputs/lundquist/dit_sds_untrained_30k/checkpoint                    
         s/model_weights_step_15120.state.pt                                    
[epoch 127] step=15240 train_loss=0.007142
[train] step=15241 loss=0.010854 lr=4.879e-06
[train] step=15242 loss=0.013439 lr=4.879e-06
[train] step=15243 loss=0.007934 lr=4.878e-06
[train] step=15244 loss=0.006171 lr=4.878e-06
[train] step=15245 loss=0.007101 lr=4.877e-06
[train] step=15246 loss=0.013111 lr=4.877e-06
[train] step=15247 loss=0.014857 lr=4.876e-06
[train] step=15248 loss=0.003479 lr=4.876e-06
[train] step=15249 loss=0.003990 lr=4.875e-06
[train] step=15250 loss=0.002750 lr=4.875e-06
[train] step=15251 loss=0.007611 lr=4.874e-06
[train] step=15252 loss=0.006097 lr=4.874e-06
[train] step=15253 loss=0.003878 lr=4.873e-06
[train] step=15254 loss=0.005145 lr=4.873e-06
[train] step=15255 loss=0.008922 lr=4.872e-06
[train] step=15256 loss=0.006694 lr=4.872e-06
[train] step=15257 loss=0.004212 lr=4.871e-06
[train] step=15258 loss=0.018779 lr=4.871e-06
[train] step=15259 loss=0.006568 lr=4.870e-06
[train] step=15260 loss=0.017141 lr=4.870e-06
[train] step=15261 loss=0.007699 lr=4.869e-06
[train] step=15262 loss=0.003088 lr=4.868e-06
[train] step=15263 loss=0.003198 lr=4.868e-06
[train] step=15264 loss=0.004703 lr=4.867e-06
[train] step=15265 loss=0.003594 lr=4.867e-06
[train] step=15266 loss=0.004129 lr=4.866e-06
[train] step=15267 loss=0.005395 lr=4.866e-06
[train] step=15268 loss=0.005993 lr=4.865e-06
[train] step=15269 loss=0.006950 lr=4.865e-06
[train] step=15270 loss=0.005690 lr=4.864e-06
[train] step=15271 loss=0.002480 lr=4.864e-06
[train] step=15272 loss=0.005438 lr=4.863e-06
[train] step=15273 loss=0.004223 lr=4.863e-06
[train] step=15274 loss=0.007473 lr=4.862e-06
[train] step=15275 loss=0.005327 lr=4.862e-06
[train] step=15276 loss=0.026543 lr=4.861e-06
[train] step=15277 loss=0.005596 lr=4.861e-06
[train] step=15278 loss=0.003075 lr=4.860e-06
[train] step=15279 loss=0.004466 lr=4.860e-06
[train] step=15280 loss=0.026052 lr=4.859e-06
[train] step=15281 loss=0.002757 lr=4.859e-06
[train] step=15282 loss=0.003797 lr=4.858e-06
[train] step=15283 loss=0.004833 lr=4.858e-06
[train] step=15284 loss=0.002793 lr=4.857e-06
[train] step=15285 loss=0.011219 lr=4.856e-06
[train] step=15286 loss=0.004250 lr=4.856e-06
[train] step=15287 loss=0.004686 lr=4.855e-06
[train] step=15288 loss=0.007572 lr=4.855e-06
[train] step=15289 loss=0.015485 lr=4.854e-06
[train] step=15290 loss=0.006393 lr=4.854e-06
[train] step=15291 loss=0.004691 lr=4.853e-06
[train] step=15292 loss=0.005405 lr=4.853e-06
[train] step=15293 loss=0.005494 lr=4.852e-06
[train] step=15294 loss=0.005620 lr=4.852e-06
[train] step=15295 loss=0.005371 lr=4.851e-06
[train] step=15296 loss=0.010273 lr=4.851e-06
[train] step=15297 loss=0.005091 lr=4.850e-06
[train] step=15298 loss=0.007581 lr=4.850e-06
[train] step=15299 loss=0.003962 lr=4.849e-06
[train] step=15300 loss=0.004579 lr=4.849e-06
[train] step=15301 loss=0.008442 lr=4.848e-06
[train] step=15302 loss=0.005558 lr=4.848e-06
[train] step=15303 loss=0.002327 lr=4.847e-06
[train] step=15304 loss=0.005403 lr=4.847e-06
[train] step=15305 loss=0.010923 lr=4.846e-06
[train] step=15306 loss=0.016160 lr=4.845e-06
[train] step=15307 loss=0.005866 lr=4.845e-06
[train] step=15308 loss=0.016497 lr=4.844e-06
[train] step=15309 loss=0.003267 lr=4.844e-06
[train] step=15310 loss=0.006464 lr=4.843e-06
[train] step=15311 loss=0.014327 lr=4.843e-06
[train] step=15312 loss=0.011989 lr=4.842e-06
[train] step=15313 loss=0.004539 lr=4.842e-06
[train] step=15314 loss=0.010760 lr=4.841e-06
[train] step=15315 loss=0.016684 lr=4.841e-06
[train] step=15316 loss=0.004171 lr=4.840e-06
[train] step=15317 loss=0.005260 lr=4.840e-06
[train] step=15318 loss=0.006395 lr=4.839e-06
[train] step=15319 loss=0.003641 lr=4.839e-06
[train] step=15320 loss=0.003755 lr=4.838e-06
[train] step=15321 loss=0.013647 lr=4.838e-06
[train] step=15322 loss=0.005463 lr=4.837e-06
[train] step=15323 loss=0.006294 lr=4.837e-06
[train] step=15324 loss=0.004797 lr=4.836e-06
[train] step=15325 loss=0.013299 lr=4.836e-06
[train] step=15326 loss=0.007535 lr=4.835e-06
[train] step=15327 loss=0.003739 lr=4.835e-06
[train] step=15328 loss=0.007984 lr=4.834e-06
[train] step=15329 loss=0.021751 lr=4.833e-06
[train] step=15330 loss=0.007179 lr=4.833e-06
[train] step=15331 loss=0.004868 lr=4.832e-06
[train] step=15332 loss=0.004626 lr=4.832e-06
[train] step=15333 loss=0.006984 lr=4.831e-06
[train] step=15334 loss=0.006859 lr=4.831e-06
[train] step=15335 loss=0.006101 lr=4.830e-06
[train] step=15336 loss=0.002271 lr=4.830e-06
[train] step=15337 loss=0.004330 lr=4.829e-06
[train] step=15338 loss=0.002366 lr=4.829e-06
[train] step=15339 loss=0.003992 lr=4.828e-06
[train] step=15340 loss=0.016103 lr=4.828e-06
[train] step=15341 loss=0.004976 lr=4.827e-06
[train] step=15342 loss=0.006433 lr=4.827e-06
[train] step=15343 loss=0.005156 lr=4.826e-06
[train] step=15344 loss=0.010048 lr=4.826e-06
[train] step=15345 loss=0.005516 lr=4.825e-06
[train] step=15346 loss=0.005512 lr=4.825e-06
[train] step=15347 loss=0.002670 lr=4.824e-06
[train] step=15348 loss=0.009114 lr=4.824e-06
[train] step=15349 loss=0.002775 lr=4.823e-06
[train] step=15350 loss=0.008285 lr=4.822e-06
[train] step=15351 loss=0.004051 lr=4.822e-06
[train] step=15352 loss=0.010869 lr=4.821e-06
[train] step=15353 loss=0.004699 lr=4.821e-06
[train] step=15354 loss=0.022341 lr=4.820e-06
[train] step=15355 loss=0.007126 lr=4.820e-06
[train] step=15356 loss=0.007346 lr=4.819e-06
[train] step=15357 loss=0.005766 lr=4.819e-06
[train] step=15358 loss=0.006278 lr=4.818e-06
[train] step=15359 loss=0.008604 lr=4.818e-06
[train] step=15360 loss=0.002889 lr=4.817e-06
INFO     [rank 0] Model weights for step 15360 saved in      dit_trainer.py:1288
         checkpoints/model_weights_step_15360.safetensors                       
INFO     [rank 0] Scalar embedding weights for step 15360    dit_trainer.py:1297
         saved                                                                  
INFO     [rank 0] Training state saved:                      dit_trainer.py:1416
         checkpoints/model_weights_step_15360.state.pt                          
DEBUG    [rank 0] Removed old checkpoint:                    dit_trainer.py:1429
         /local/disk/hramachandran/work/wh_work/windinet/dit                    
         _outputs/lundquist/dit_sds_untrained_30k/checkpoint                    
         s/model_weights_step_15120.safetensors                                 
DEBUG    [rank 0] Removed old checkpoint:                    dit_trainer.py:1429
         /local/disk/hramachandran/work/wh_work/windinet/dit                    
         _outputs/lundquist/dit_sds_untrained_30k/checkpoint                    
         s/scalar_embedding_step_15120.safetensors                              
DEBUG    [rank 0] Removed optimizer state for older kept     dit_trainer.py:1444
         checkpoint:                                                            
         /local/disk/hramachandran/work/wh_work/windinet/dit                    
         _outputs/lundquist/dit_sds_untrained_30k/checkpoint                    
         s/model_weights_step_15240.state.pt                                    
[epoch 128] step=15360 train_loss=0.007681
[train] step=15361 loss=0.007547 lr=4.817e-06
[train] step=15362 loss=0.011970 lr=4.816e-06
[train] step=15363 loss=0.003096 lr=4.816e-06
[train] step=15364 loss=0.005850 lr=4.815e-06
[train] step=15365 loss=0.004364 lr=4.815e-06
[train] step=15366 loss=0.005121 lr=4.814e-06
[train] step=15367 loss=0.006933 lr=4.814e-06
[train] step=15368 loss=0.004600 lr=4.813e-06
[train] step=15369 loss=0.010976 lr=4.813e-06
[train] step=15370 loss=0.017572 lr=4.812e-06
[train] step=15371 loss=0.008040 lr=4.812e-06
[train] step=15372 loss=0.005956 lr=4.811e-06
[train] step=15373 loss=0.005519 lr=4.810e-06
[train] step=15374 loss=0.004031 lr=4.810e-06
[train] step=15375 loss=0.002122 lr=4.809e-06
[train] step=15376 loss=0.004106 lr=4.809e-06
[train] step=15377 loss=0.005239 lr=4.808e-06
[train] step=15378 loss=0.007722 lr=4.808e-06
[train] step=15379 loss=0.002612 lr=4.807e-06
[train] step=15380 loss=0.004989 lr=4.807e-06
[train] step=15381 loss=0.014667 lr=4.806e-06
[train] step=15382 loss=0.004993 lr=4.806e-06
[train] step=15383 loss=0.004118 lr=4.805e-06
[train] step=15384 loss=0.006361 lr=4.805e-06
[train] step=15385 loss=0.016090 lr=4.804e-06
[train] step=15386 loss=0.005043 lr=4.804e-06
[train] step=15387 loss=0.003771 lr=4.803e-06
[train] step=15388 loss=0.019598 lr=4.803e-06
[train] step=15389 loss=0.005572 lr=4.802e-06
[train] step=15390 loss=0.022245 lr=4.802e-06
[train] step=15391 loss=0.010146 lr=4.801e-06
[train] step=15392 loss=0.018403 lr=4.801e-06
[train] step=15393 loss=0.004165 lr=4.800e-06
[train] step=15394 loss=0.005730 lr=4.799e-06
[train] step=15395 loss=0.006601 lr=4.799e-06
[train] step=15396 loss=0.004919 lr=4.798e-06
[train] step=15397 loss=0.026877 lr=4.798e-06
[train] step=15398 loss=0.008233 lr=4.797e-06
[train] step=15399 loss=0.004248 lr=4.797e-06
[train] step=15400 loss=0.008405 lr=4.796e-06
[train] step=15401 loss=0.005404 lr=4.796e-06
[train] step=15402 loss=0.003520 lr=4.795e-06
[train] step=15403 loss=0.007109 lr=4.795e-06
[train] step=15404 loss=0.007536 lr=4.794e-06
[train] step=15405 loss=0.022910 lr=4.794e-06
[train] step=15406 loss=0.003095 lr=4.793e-06
[train] step=15407 loss=0.009168 lr=4.793e-06
[train] step=15408 loss=0.004485 lr=4.792e-06
[train] step=15409 loss=0.005859 lr=4.792e-06
[train] step=15410 loss=0.006252 lr=4.791e-06
[train] step=15411 loss=0.009245 lr=4.791e-06
[train] step=15412 loss=0.007065 lr=4.790e-06
[train] step=15413 loss=0.025802 lr=4.790e-06
[train] step=15414 loss=0.012181 lr=4.789e-06
[train] step=15415 loss=0.004198 lr=4.789e-06
[train] step=15416 loss=0.007731 lr=4.788e-06
[train] step=15417 loss=0.006958 lr=4.787e-06
[train] step=15418 loss=0.004003 lr=4.787e-06
[train] step=15419 loss=0.003666 lr=4.786e-06
[train] step=15420 loss=0.008104 lr=4.786e-06
[train] step=15421 loss=0.007350 lr=4.785e-06
[train] step=15422 loss=0.008107 lr=4.785e-06
[train] step=15423 loss=0.008173 lr=4.784e-06
[train] step=15424 loss=0.004438 lr=4.784e-06
[train] step=15425 loss=0.018156 lr=4.783e-06
[train] step=15426 loss=0.004857 lr=4.783e-06
[train] step=15427 loss=0.004399 lr=4.782e-06
[train] step=15428 loss=0.010418 lr=4.782e-06
[train] step=15429 loss=0.005462 lr=4.781e-06
[train] step=15430 loss=0.007998 lr=4.781e-06
[train] step=15431 loss=0.004106 lr=4.780e-06
[train] step=15432 loss=0.006329 lr=4.780e-06
[train] step=15433 loss=0.006751 lr=4.779e-06
[train] step=15434 loss=0.006792 lr=4.779e-06
[train] step=15435 loss=0.015405 lr=4.778e-06
[train] step=15436 loss=0.004542 lr=4.778e-06
[train] step=15437 loss=0.008522 lr=4.777e-06
[train] step=15438 loss=0.011402 lr=4.776e-06
[train] step=15439 loss=0.003974 lr=4.776e-06
[train] step=15440 loss=0.009303 lr=4.775e-06
[train] step=15441 loss=0.008036 lr=4.775e-06
[train] step=15442 loss=0.009535 lr=4.774e-06
[train] step=15443 loss=0.008539 lr=4.774e-06
[train] step=15444 loss=0.005302 lr=4.773e-06
[train] step=15445 loss=0.004526 lr=4.773e-06
[train] step=15446 loss=0.004564 lr=4.772e-06
[train] step=15447 loss=0.005543 lr=4.772e-06
[train] step=15448 loss=0.006424 lr=4.771e-06
[train] step=15449 loss=0.003619 lr=4.771e-06
[train] step=15450 loss=0.005497 lr=4.770e-06
[train] step=15451 loss=0.012367 lr=4.770e-06
[train] step=15452 loss=0.006434 lr=4.769e-06
[train] step=15453 loss=0.004405 lr=4.769e-06
[train] step=15454 loss=0.005487 lr=4.768e-06
[train] step=15455 loss=0.004107 lr=4.768e-06
[train] step=15456 loss=0.014207 lr=4.767e-06
[train] step=15457 loss=0.006319 lr=4.767e-06
[train] step=15458 loss=0.008760 lr=4.766e-06
[train] step=15459 loss=0.004415 lr=4.766e-06
[train] step=15460 loss=0.008033 lr=4.765e-06
[train] step=15461 loss=0.005340 lr=4.764e-06
[train] step=15462 loss=0.004295 lr=4.764e-06
[train] step=15463 loss=0.009354 lr=4.763e-06
[train] step=15464 loss=0.005992 lr=4.763e-06
[train] step=15465 loss=0.005652 lr=4.762e-06
[train] step=15466 loss=0.008493 lr=4.762e-06
[train] step=15467 loss=0.010131 lr=4.761e-06
[train] step=15468 loss=0.005601 lr=4.761e-06
[train] step=15469 loss=0.006348 lr=4.760e-06
[train] step=15470 loss=0.005817 lr=4.760e-06
[train] step=15471 loss=0.004891 lr=4.759e-06
[train] step=15472 loss=0.010336 lr=4.759e-06
[train] step=15473 loss=0.001417 lr=4.758e-06
[train] step=15474 loss=0.004898 lr=4.758e-06
[train] step=15475 loss=0.009233 lr=4.757e-06
[train] step=15476 loss=0.007266 lr=4.757e-06
[train] step=15477 loss=0.003585 lr=4.756e-06
[train] step=15478 loss=0.013003 lr=4.756e-06
[train] step=15479 loss=0.004359 lr=4.755e-06
[train] step=15480 loss=0.005032 lr=4.755e-06
INFO     [rank 0] Model weights for step 15480 saved in      dit_trainer.py:1288
         checkpoints/model_weights_step_15480.safetensors                       
INFO     [rank 0] Scalar embedding weights for step 15480    dit_trainer.py:1297
         saved                                                                  
INFO     [rank 0] Training state saved:                      dit_trainer.py:1416
         checkpoints/model_weights_step_15480.state.pt                          
DEBUG    [rank 0] Removed old checkpoint:                    dit_trainer.py:1429
         /local/disk/hramachandran/work/wh_work/windinet/dit                    
         _outputs/lundquist/dit_sds_untrained_30k/checkpoint                    
         s/model_weights_step_15240.safetensors                                 
DEBUG    [rank 0] Removed old checkpoint:                    dit_trainer.py:1429
         /local/disk/hramachandran/work/wh_work/windinet/dit                    
         _outputs/lundquist/dit_sds_untrained_30k/checkpoint                    
         s/scalar_embedding_step_15240.safetensors                              
DEBUG    [rank 0] Removed optimizer state for older kept     dit_trainer.py:1444
         checkpoint:                                                            
         /local/disk/hramachandran/work/wh_work/windinet/dit                    
         _outputs/lundquist/dit_sds_untrained_30k/checkpoint                    
         s/model_weights_step_15360.state.pt                                    
[epoch 129] step=15480 train_loss=0.007620
[train] step=15481 loss=0.007927 lr=4.754e-06
[train] step=15482 loss=0.006427 lr=4.754e-06
[train] step=15483 loss=0.006901 lr=4.753e-06
[train] step=15484 loss=0.002667 lr=4.752e-06
[train] step=15485 loss=0.008559 lr=4.752e-06
[train] step=15486 loss=0.006469 lr=4.751e-06
[train] step=15487 loss=0.005727 lr=4.751e-06
[train] step=15488 loss=0.010631 lr=4.750e-06
[train] step=15489 loss=0.008637 lr=4.750e-06
[train] step=15490 loss=0.004577 lr=4.749e-06
[train] step=15491 loss=0.008656 lr=4.749e-06
[train] step=15492 loss=0.008137 lr=4.748e-06
[train] step=15493 loss=0.008629 lr=4.748e-06
[train] step=15494 loss=0.006298 lr=4.747e-06
[train] step=15495 loss=0.018894 lr=4.747e-06
[train] step=15496 loss=0.005581 lr=4.746e-06
[train] step=15497 loss=0.018666 lr=4.746e-06
[train] step=15498 loss=0.006064 lr=4.745e-06
[train] step=15499 loss=0.004400 lr=4.745e-06
[train] step=15500 loss=0.006251 lr=4.744e-06
[train] step=15501 loss=0.007079 lr=4.744e-06
[train] step=15502 loss=0.004043 lr=4.743e-06
[train] step=15503 loss=0.006932 lr=4.743e-06
[train] step=15504 loss=0.008352 lr=4.742e-06
[train] step=15505 loss=0.003957 lr=4.741e-06
[train] step=15506 loss=0.005094 lr=4.741e-06
[train] step=15507 loss=0.002798 lr=4.740e-06
[train] step=15508 loss=0.006681 lr=4.740e-06
[train] step=15509 loss=0.045658 lr=4.739e-06
[train] step=15510 loss=0.003040 lr=4.739e-06
[train] step=15511 loss=0.010499 lr=4.738e-06
[train] step=15512 loss=0.003400 lr=4.738e-06
[train] step=15513 loss=0.003249 lr=4.737e-06
[train] step=15514 loss=0.005934 lr=4.737e-06
[train] step=15515 loss=0.007084 lr=4.736e-06
[train] step=15516 loss=0.003969 lr=4.736e-06
[train] step=15517 loss=0.008447 lr=4.735e-06
[train] step=15518 loss=0.018297 lr=4.735e-06
[train] step=15519 loss=0.008337 lr=4.734e-06
[train] step=15520 loss=0.006608 lr=4.734e-06
[train] step=15521 loss=0.003560 lr=4.733e-06
[train] step=15522 loss=0.019793 lr=4.733e-06
[train] step=15523 loss=0.003446 lr=4.732e-06
[train] step=15524 loss=0.004779 lr=4.732e-06
[train] step=15525 loss=0.003750 lr=4.731e-06
[train] step=15526 loss=0.006478 lr=4.731e-06
[train] step=15527 loss=0.007918 lr=4.730e-06
[train] step=15528 loss=0.007220 lr=4.729e-06
[train] step=15529 loss=0.004370 lr=4.729e-06
[train] step=15530 loss=0.003939 lr=4.728e-06
[train] step=15531 loss=0.003991 lr=4.728e-06
[train] step=15532 loss=0.014199 lr=4.727e-06
[train] step=15533 loss=0.010631 lr=4.727e-06
[train] step=15534 loss=0.008525 lr=4.726e-06
[train] step=15535 loss=0.003735 lr=4.726e-06
[train] step=15536 loss=0.003938 lr=4.725e-06
[train] step=15537 loss=0.009396 lr=4.725e-06
[train] step=15538 loss=0.005912 lr=4.724e-06
[train] step=15539 loss=0.010295 lr=4.724e-06
[train] step=15540 loss=0.003713 lr=4.723e-06
[train] step=15541 loss=0.003717 lr=4.723e-06
[train] step=15542 loss=0.019411 lr=4.722e-06
[train] step=15543 loss=0.006447 lr=4.722e-06
[train] step=15544 loss=0.006169 lr=4.721e-06
[train] step=15545 loss=0.005373 lr=4.721e-06
[train] step=15546 loss=0.003323 lr=4.720e-06
[train] step=15547 loss=0.006209 lr=4.720e-06
[train] step=15548 loss=0.011350 lr=4.719e-06
[train] step=15549 loss=0.014376 lr=4.719e-06
[train] step=15550 loss=0.025674 lr=4.718e-06
[train] step=15551 loss=0.003474 lr=4.717e-06
[train] step=15552 loss=0.007613 lr=4.717e-06
[train] step=15553 loss=0.006547 lr=4.716e-06
[train] step=15554 loss=0.006460 lr=4.716e-06
[train] step=15555 loss=0.012629 lr=4.715e-06
[train] step=15556 loss=0.004023 lr=4.715e-06
[train] step=15557 loss=0.005177 lr=4.714e-06
[train] step=15558 loss=0.003500 lr=4.714e-06
[train] step=15559 loss=0.005958 lr=4.713e-06
[train] step=15560 loss=0.004239 lr=4.713e-06
[train] step=15561 loss=0.007135 lr=4.712e-06
[train] step=15562 loss=0.005276 lr=4.712e-06
[train] step=15563 loss=0.004633 lr=4.711e-06
[train] step=15564 loss=0.006963 lr=4.711e-06
[train] step=15565 loss=0.006804 lr=4.710e-06
[train] step=15566 loss=0.006938 lr=4.710e-06
[train] step=15567 loss=0.006685 lr=4.709e-06
[train] step=15568 loss=0.005490 lr=4.709e-06
[train] step=15569 loss=0.015268 lr=4.708e-06
[train] step=15570 loss=0.011703 lr=4.708e-06
[train] step=15571 loss=0.008615 lr=4.707e-06
[train] step=15572 loss=0.006735 lr=4.707e-06
[train] step=15573 loss=0.006478 lr=4.706e-06
[train] step=15574 loss=0.009455 lr=4.705e-06
[train] step=15575 loss=0.013246 lr=4.705e-06
[train] step=15576 loss=0.004981 lr=4.704e-06
[train] step=15577 loss=0.004963 lr=4.704e-06
[train] step=15578 loss=0.009220 lr=4.703e-06
[train] step=15579 loss=0.013327 lr=4.703e-06
[train] step=15580 loss=0.004151 lr=4.702e-06
[train] step=15581 loss=0.007171 lr=4.702e-06
[train] step=15582 loss=0.003663 lr=4.701e-06
[train] step=15583 loss=0.019338 lr=4.701e-06
[train] step=15584 loss=0.035879 lr=4.700e-06
[train] step=15585 loss=0.005400 lr=4.700e-06
[train] step=15586 loss=0.024530 lr=4.699e-06
[train] step=15587 loss=0.004413 lr=4.699e-06
[train] step=15588 loss=0.003894 lr=4.698e-06
[train] step=15589 loss=0.007186 lr=4.698e-06
[train] step=15590 loss=0.004455 lr=4.697e-06
[train] step=15591 loss=0.004231 lr=4.697e-06
[train] step=15592 loss=0.015196 lr=4.696e-06
[train] step=15593 loss=0.006917 lr=4.696e-06
[train] step=15594 loss=0.006331 lr=4.695e-06
[train] step=15595 loss=0.009432 lr=4.694e-06
[train] step=15596 loss=0.007345 lr=4.694e-06
[train] step=15597 loss=0.002678 lr=4.693e-06
[train] step=15598 loss=0.008893 lr=4.693e-06
[train] step=15599 loss=0.004206 lr=4.692e-06
[train] step=15600 loss=0.002590 lr=4.692e-06
[val] step=15600 val_loss=0.013148
INFO     [rank 0] Model weights for step 15600 saved in      dit_trainer.py:1288
         checkpoints/model_weights_step_15600.safetensors                       
INFO     [rank 0] Scalar embedding weights for step 15600    dit_trainer.py:1297
         saved                                                                  
INFO     [rank 0] Training state saved:                      dit_trainer.py:1416
         checkpoints/model_weights_step_15600.state.pt                          
DEBUG    [rank 0] Removed old checkpoint:                    dit_trainer.py:1429
         /local/disk/hramachandran/work/wh_work/windinet/dit                    
         _outputs/lundquist/dit_sds_untrained_30k/checkpoint                    
         s/model_weights_step_15360.safetensors                                 
DEBUG    [rank 0] Removed old checkpoint:                    dit_trainer.py:1429
         /local/disk/hramachandran/work/wh_work/windinet/dit                    
         _outputs/lundquist/dit_sds_untrained_30k/checkpoint                    
         s/scalar_embedding_step_15360.safetensors                              
DEBUG    [rank 0] Removed optimizer state for older kept     dit_trainer.py:1444
         checkpoint:                                                            
         /local/disk/hramachandran/work/wh_work/windinet/dit                    
         _outputs/lundquist/dit_sds_untrained_30k/checkpoint                    
         s/model_weights_step_15480.state.pt                                    
[epoch 130] step=15600 train_loss=0.008126 val_loss=0.013148
[train] step=15601 loss=0.004396 lr=4.691e-06
[train] step=15602 loss=0.003634 lr=4.691e-06
[train] step=15603 loss=0.005950 lr=4.690e-06
[train] step=15604 loss=0.005279 lr=4.690e-06
[train] step=15605 loss=0.004250 lr=4.689e-06
[train] step=15606 loss=0.015747 lr=4.689e-06
[train] step=15607 loss=0.010521 lr=4.688e-06
[train] step=15608 loss=0.004689 lr=4.688e-06
[train] step=15609 loss=0.002627 lr=4.687e-06
[train] step=15610 loss=0.010106 lr=4.687e-06
[train] step=15611 loss=0.010735 lr=4.686e-06
[train] step=15612 loss=0.013806 lr=4.686e-06
[train] step=15613 loss=0.007086 lr=4.685e-06
[train] step=15614 loss=0.008372 lr=4.685e-06
[train] step=15615 loss=0.010132 lr=4.684e-06
[train] step=15616 loss=0.004063 lr=4.684e-06
[train] step=15617 loss=0.003935 lr=4.683e-06
[train] step=15618 loss=0.018248 lr=4.682e-06
[train] step=15619 loss=0.004132 lr=4.682e-06
[train] step=15620 loss=0.002438 lr=4.681e-06
[train] step=15621 loss=0.008920 lr=4.681e-06
[train] step=15622 loss=0.003960 lr=4.680e-06
[train] step=15623 loss=0.005530 lr=4.680e-06
[train] step=15624 loss=0.003493 lr=4.679e-06
[train] step=15625 loss=0.005090 lr=4.679e-06
[train] step=15626 loss=0.004261 lr=4.678e-06
[train] step=15627 loss=0.014015 lr=4.678e-06
[train] step=15628 loss=0.011776 lr=4.677e-06
[train] step=15629 loss=0.005230 lr=4.677e-06
[train] step=15630 loss=0.013364 lr=4.676e-06
[train] step=15631 loss=0.003153 lr=4.676e-06
[train] step=15632 loss=0.013276 lr=4.675e-06
[train] step=15633 loss=0.009222 lr=4.675e-06
[train] step=15634 loss=0.025724 lr=4.674e-06
[train] step=15635 loss=0.005607 lr=4.674e-06
[train] step=15636 loss=0.008262 lr=4.673e-06
[train] step=15637 loss=0.020155 lr=4.673e-06
[train] step=15638 loss=0.003620 lr=4.672e-06
[train] step=15639 loss=0.005023 lr=4.672e-06
[train] step=15640 loss=0.003872 lr=4.671e-06
[train] step=15641 loss=0.023044 lr=4.670e-06
[train] step=15642 loss=0.004872 lr=4.670e-06
[train] step=15643 loss=0.006656 lr=4.669e-06
[train] step=15644 loss=0.004889 lr=4.669e-06
[train] step=15645 loss=0.007530 lr=4.668e-06
[train] step=15646 loss=0.003346 lr=4.668e-06
[train] step=15647 loss=0.006152 lr=4.667e-06
[train] step=15648 loss=0.009626 lr=4.667e-06
[train] step=15649 loss=0.007557 lr=4.666e-06
[train] step=15650 loss=0.003778 lr=4.666e-06
[train] step=15651 loss=0.002646 lr=4.665e-06
[train] step=15652 loss=0.006659 lr=4.665e-06
[train] step=15653 loss=0.005866 lr=4.664e-06
[train] step=15654 loss=0.005884 lr=4.664e-06
[train] step=15655 loss=0.004718 lr=4.663e-06
[train] step=15656 loss=0.003963 lr=4.663e-06
[train] step=15657 loss=0.009675 lr=4.662e-06
[train] step=15658 loss=0.005780 lr=4.662e-06
[train] step=15659 loss=0.009022 lr=4.661e-06
[train] step=15660 loss=0.010481 lr=4.661e-06
[train] step=15661 loss=0.002685 lr=4.660e-06
[train] step=15662 loss=0.008145 lr=4.660e-06
[train] step=15663 loss=0.005690 lr=4.659e-06
[train] step=15664 loss=0.005799 lr=4.658e-06
[train] step=15665 loss=0.005487 lr=4.658e-06
[train] step=15666 loss=0.006703 lr=4.657e-06
[train] step=15667 loss=0.006342 lr=4.657e-06
[train] step=15668 loss=0.017969 lr=4.656e-06
[train] step=15669 loss=0.004460 lr=4.656e-06
[train] step=15670 loss=0.008751 lr=4.655e-06
[train] step=15671 loss=0.008670 lr=4.655e-06
[train] step=15672 loss=0.005021 lr=4.654e-06
[train] step=15673 loss=0.003960 lr=4.654e-06
[train] step=15674 loss=0.007900 lr=4.653e-06
[train] step=15675 loss=0.004718 lr=4.653e-06
[train] step=15676 loss=0.004532 lr=4.652e-06
[train] step=15677 loss=0.013081 lr=4.652e-06
[train] step=15678 loss=0.010631 lr=4.651e-06
[train] step=15679 loss=0.004510 lr=4.651e-06
[train] step=15680 loss=0.003551 lr=4.650e-06
[train] step=15681 loss=0.006055 lr=4.650e-06
[train] step=15682 loss=0.005618 lr=4.649e-06
[train] step=15683 loss=0.005139 lr=4.649e-06
[train] step=15684 loss=0.004673 lr=4.648e-06
[train] step=15685 loss=0.002856 lr=4.648e-06
[train] step=15686 loss=0.010736 lr=4.647e-06
[train] step=15687 loss=0.002898 lr=4.646e-06
[train] step=15688 loss=0.005464 lr=4.646e-06
[train] step=15689 loss=0.011144 lr=4.645e-06
[train] step=15690 loss=0.007884 lr=4.645e-06
[train] step=15691 loss=0.004807 lr=4.644e-06
[train] step=15692 loss=0.008590 lr=4.644e-06
[train] step=15693 loss=0.011816 lr=4.643e-06
[train] step=15694 loss=0.005341 lr=4.643e-06
[train] step=15695 loss=0.006957 lr=4.642e-06
[train] step=15696 loss=0.005816 lr=4.642e-06
[train] step=15697 loss=0.005145 lr=4.641e-06
[train] step=15698 loss=0.009923 lr=4.641e-06
[train] step=15699 loss=0.002690 lr=4.640e-06
[train] step=15700 loss=0.003714 lr=4.640e-06
[train] step=15701 loss=0.006790 lr=4.639e-06
[train] step=15702 loss=0.003102 lr=4.639e-06
[train] step=15703 loss=0.003609 lr=4.638e-06
[train] step=15704 loss=0.014220 lr=4.638e-06
[train] step=15705 loss=0.008542 lr=4.637e-06
[train] step=15706 loss=0.002234 lr=4.637e-06
[train] step=15707 loss=0.006464 lr=4.636e-06
[train] step=15708 loss=0.004460 lr=4.636e-06
[train] step=15709 loss=0.003675 lr=4.635e-06
[train] step=15710 loss=0.004659 lr=4.634e-06
[train] step=15711 loss=0.015399 lr=4.634e-06
[train] step=15712 loss=0.021560 lr=4.633e-06
[train] step=15713 loss=0.004646 lr=4.633e-06
[train] step=15714 loss=0.027611 lr=4.632e-06
[train] step=15715 loss=0.006846 lr=4.632e-06
[train] step=15716 loss=0.019249 lr=4.631e-06
[train] step=15717 loss=0.004606 lr=4.631e-06
[train] step=15718 loss=0.005047 lr=4.630e-06
[train] step=15719 loss=0.004988 lr=4.630e-06
[train] step=15720 loss=0.013064 lr=4.629e-06
INFO     [rank 0] Model weights for step 15720 saved in      dit_trainer.py:1288
         checkpoints/model_weights_step_15720.safetensors                       
INFO     [rank 0] Scalar embedding weights for step 15720    dit_trainer.py:1297
         saved                                                                  
INFO     [rank 0] Training state saved:                      dit_trainer.py:1416
         checkpoints/model_weights_step_15720.state.pt                          
DEBUG    [rank 0] Removed old checkpoint:                    dit_trainer.py:1429
         /local/disk/hramachandran/work/wh_work/windinet/dit                    
         _outputs/lundquist/dit_sds_untrained_30k/checkpoint                    
         s/model_weights_step_15480.safetensors                                 
DEBUG    [rank 0] Removed old checkpoint:                    dit_trainer.py:1429
         /local/disk/hramachandran/work/wh_work/windinet/dit                    
         _outputs/lundquist/dit_sds_untrained_30k/checkpoint                    
         s/scalar_embedding_step_15480.safetensors                              
DEBUG    [rank 0] Removed optimizer state for older kept     dit_trainer.py:1444
         checkpoint:                                                            
         /local/disk/hramachandran/work/wh_work/windinet/dit                    
         _outputs/lundquist/dit_sds_untrained_30k/checkpoint                    
         s/model_weights_step_15600.state.pt                                    
[epoch 131] step=15720 train_loss=0.007517
[train] step=15721 loss=0.026025 lr=4.629e-06
[train] step=15722 loss=0.002485 lr=4.628e-06
[train] step=15723 loss=0.005571 lr=4.628e-06
[train] step=15724 loss=0.004391 lr=4.627e-06
[train] step=15725 loss=0.004407 lr=4.627e-06
[train] step=15726 loss=0.005544 lr=4.626e-06
[train] step=15727 loss=0.004313 lr=4.626e-06
[train] step=15728 loss=0.004375 lr=4.625e-06
[train] step=15729 loss=0.021108 lr=4.625e-06
[train] step=15730 loss=0.004307 lr=4.624e-06
[train] step=15731 loss=0.005339 lr=4.624e-06
[train] step=15732 loss=0.002531 lr=4.623e-06
[train] step=15733 loss=0.036417 lr=4.622e-06
[train] step=15734 loss=0.006247 lr=4.622e-06
[train] step=15735 loss=0.012702 lr=4.621e-06
[train] step=15736 loss=0.005898 lr=4.621e-06
[train] step=15737 loss=0.005655 lr=4.620e-06
[train] step=15738 loss=0.006440 lr=4.620e-06
[train] step=15739 loss=0.003617 lr=4.619e-06
[train] step=15740 loss=0.006175 lr=4.619e-06
[train] step=15741 loss=0.001759 lr=4.618e-06
[train] step=15742 loss=0.007317 lr=4.618e-06
[train] step=15743 loss=0.009991 lr=4.617e-06
[train] step=15744 loss=0.026844 lr=4.617e-06
[train] step=15745 loss=0.005169 lr=4.616e-06
[train] step=15746 loss=0.005901 lr=4.616e-06
[train] step=15747 loss=0.005120 lr=4.615e-06
[train] step=15748 loss=0.005025 lr=4.615e-06
[train] step=15749 loss=0.004658 lr=4.614e-06
[train] step=15750 loss=0.005199 lr=4.614e-06
[train] step=15751 loss=0.003096 lr=4.613e-06
[train] step=15752 loss=0.008355 lr=4.613e-06
[train] step=15753 loss=0.007313 lr=4.612e-06
[train] step=15754 loss=0.003781 lr=4.612e-06
[train] step=15755 loss=0.003140 lr=4.611e-06
[train] step=15756 loss=0.003899 lr=4.610e-06
[train] step=15757 loss=0.005287 lr=4.610e-06
[train] step=15758 loss=0.006317 lr=4.609e-06
[train] step=15759 loss=0.010640 lr=4.609e-06
[train] step=15760 loss=0.036145 lr=4.608e-06
[train] step=15761 loss=0.010586 lr=4.608e-06
[train] step=15762 loss=0.024581 lr=4.607e-06
[train] step=15763 loss=0.031177 lr=4.607e-06
[train] step=15764 loss=0.024388 lr=4.606e-06
[train] step=15765 loss=0.003370 lr=4.606e-06
[train] step=15766 loss=0.008373 lr=4.605e-06
[train] step=15767 loss=0.008780 lr=4.605e-06
[train] step=15768 loss=0.007255 lr=4.604e-06
[train] step=15769 loss=0.006408 lr=4.604e-06
[train] step=15770 loss=0.003174 lr=4.603e-06
[train] step=15771 loss=0.003217 lr=4.603e-06
[train] step=15772 loss=0.002083 lr=4.602e-06
[train] step=15773 loss=0.004081 lr=4.602e-06
[train] step=15774 loss=0.005499 lr=4.601e-06
[train] step=15775 loss=0.004266 lr=4.601e-06
[train] step=15776 loss=0.021244 lr=4.600e-06
[train] step=15777 loss=0.006228 lr=4.600e-06
[train] step=15778 loss=0.003766 lr=4.599e-06
[train] step=15779 loss=0.006470 lr=4.598e-06
[train] step=15780 loss=0.004574 lr=4.598e-06
[train] step=15781 loss=0.006676 lr=4.597e-06
[train] step=15782 loss=0.005050 lr=4.597e-06
[train] step=15783 loss=0.008811 lr=4.596e-06
[train] step=15784 loss=0.003891 lr=4.596e-06
[train] step=15785 loss=0.010741 lr=4.595e-06
[train] step=15786 loss=0.012512 lr=4.595e-06
[train] step=15787 loss=0.009984 lr=4.594e-06
[train] step=15788 loss=0.005455 lr=4.594e-06
[train] step=15789 loss=0.003428 lr=4.593e-06
[train] step=15790 loss=0.010828 lr=4.593e-06
[train] step=15791 loss=0.003206 lr=4.592e-06
[train] step=15792 loss=0.010534 lr=4.592e-06
[train] step=15793 loss=0.006975 lr=4.591e-06
[train] step=15794 loss=0.003838 lr=4.591e-06
[train] step=15795 loss=0.013277 lr=4.590e-06
[train] step=15796 loss=0.011009 lr=4.590e-06
[train] step=15797 loss=0.005099 lr=4.589e-06
[train] step=15798 loss=0.005074 lr=4.589e-06
[train] step=15799 loss=0.005640 lr=4.588e-06
[train] step=15800 loss=0.014501 lr=4.588e-06
[train] step=15801 loss=0.004364 lr=4.587e-06
[train] step=15802 loss=0.004086 lr=4.587e-06
[train] step=15803 loss=0.003586 lr=4.586e-06
[train] step=15804 loss=0.004872 lr=4.585e-06
[train] step=15805 loss=0.008880 lr=4.585e-06
[train] step=15806 loss=0.002705 lr=4.584e-06
[train] step=15807 loss=0.035907 lr=4.584e-06
[train] step=15808 loss=0.003931 lr=4.583e-06
[train] step=15809 loss=0.006860 lr=4.583e-06
[train] step=15810 loss=0.007553 lr=4.582e-06
[train] step=15811 loss=0.007543 lr=4.582e-06
[train] step=15812 loss=0.003846 lr=4.581e-06
[train] step=15813 loss=0.014855 lr=4.581e-06
[train] step=15814 loss=0.011816 lr=4.580e-06
[train] step=15815 loss=0.003039 lr=4.580e-06
[train] step=15816 loss=0.004771 lr=4.579e-06
[train] step=15817 loss=0.003869 lr=4.579e-06
[train] step=15818 loss=0.008813 lr=4.578e-06
[train] step=15819 loss=0.003291 lr=4.578e-06
[train] step=15820 loss=0.004805 lr=4.577e-06
[train] step=15821 loss=0.003589 lr=4.577e-06
[train] step=15822 loss=0.006180 lr=4.576e-06
[train] step=15823 loss=0.003467 lr=4.576e-06
[train] step=15824 loss=0.006122 lr=4.575e-06
[train] step=15825 loss=0.002913 lr=4.575e-06
[train] step=15826 loss=0.003959 lr=4.574e-06
[train] step=15827 loss=0.006013 lr=4.573e-06
[train] step=15828 loss=0.019185 lr=4.573e-06
[train] step=15829 loss=0.006582 lr=4.572e-06
[train] step=15830 loss=0.045937 lr=4.572e-06
[train] step=15831 loss=0.015391 lr=4.571e-06
[train] step=15832 loss=0.008903 lr=4.571e-06
[train] step=15833 loss=0.003304 lr=4.570e-06
[train] step=15834 loss=0.003743 lr=4.570e-06
[train] step=15835 loss=0.003685 lr=4.569e-06
[train] step=15836 loss=0.002785 lr=4.569e-06
[train] step=15837 loss=0.003224 lr=4.568e-06
[train] step=15838 loss=0.003523 lr=4.568e-06
[train] step=15839 loss=0.007944 lr=4.567e-06
[train] step=15840 loss=0.007577 lr=4.567e-06
INFO     [rank 0] Model weights for step 15840 saved in      dit_trainer.py:1288
         checkpoints/model_weights_step_15840.safetensors                       
INFO     [rank 0] Scalar embedding weights for step 15840    dit_trainer.py:1297
         saved                                                                  
INFO     [rank 0] Training state saved:                      dit_trainer.py:1416
         checkpoints/model_weights_step_15840.state.pt                          
DEBUG    [rank 0] Removed old checkpoint:                    dit_trainer.py:1429
         /local/disk/hramachandran/work/wh_work/windinet/dit                    
         _outputs/lundquist/dit_sds_untrained_30k/checkpoint                    
         s/model_weights_step_15600.safetensors                                 
DEBUG    [rank 0] Removed old checkpoint:                    dit_trainer.py:1429
         /local/disk/hramachandran/work/wh_work/windinet/dit                    
         _outputs/lundquist/dit_sds_untrained_30k/checkpoint                    
         s/scalar_embedding_step_15600.safetensors                              
DEBUG    [rank 0] Removed optimizer state for older kept     dit_trainer.py:1444
         checkpoint:                                                            
         /local/disk/hramachandran/work/wh_work/windinet/dit                    
         _outputs/lundquist/dit_sds_untrained_30k/checkpoint                    
         s/model_weights_step_15720.state.pt                                    
[epoch 132] step=15840 train_loss=0.008362
[train] step=15841 loss=0.006978 lr=4.566e-06
[train] step=15842 loss=0.015677 lr=4.566e-06
[train] step=15843 loss=0.003401 lr=4.565e-06
[train] step=15844 loss=0.003941 lr=4.565e-06
[train] step=15845 loss=0.002811 lr=4.564e-06
[train] step=15846 loss=0.005004 lr=4.564e-06
[train] step=15847 loss=0.007402 lr=4.563e-06
[train] step=15848 loss=0.013616 lr=4.563e-06
[train] step=15849 loss=0.003293 lr=4.562e-06
[train] step=15850 loss=0.003661 lr=4.561e-06
[train] step=15851 loss=0.004693 lr=4.561e-06
[train] step=15852 loss=0.002900 lr=4.560e-06
[train] step=15853 loss=0.004236 lr=4.560e-06
[train] step=15854 loss=0.002876 lr=4.559e-06
[train] step=15855 loss=0.006301 lr=4.559e-06
[train] step=15856 loss=0.019184 lr=4.558e-06
[train] step=15857 loss=0.003481 lr=4.558e-06
[train] step=15858 loss=0.002743 lr=4.557e-06
[train] step=15859 loss=0.004535 lr=4.557e-06
[train] step=15860 loss=0.010350 lr=4.556e-06
[train] step=15861 loss=0.008462 lr=4.556e-06
[train] step=15862 loss=0.006563 lr=4.555e-06
[train] step=15863 loss=0.002161 lr=4.555e-06
[train] step=15864 loss=0.013242 lr=4.554e-06
[train] step=15865 loss=0.010724 lr=4.554e-06
[train] step=15866 loss=0.009315 lr=4.553e-06
[train] step=15867 loss=0.002621 lr=4.553e-06
[train] step=15868 loss=0.004631 lr=4.552e-06
[train] step=15869 loss=0.013517 lr=4.552e-06
[train] step=15870 loss=0.006143 lr=4.551e-06
[train] step=15871 loss=0.005536 lr=4.551e-06
[train] step=15872 loss=0.013956 lr=4.550e-06
[train] step=15873 loss=0.004224 lr=4.550e-06
[train] step=15874 loss=0.004030 lr=4.549e-06
[train] step=15875 loss=0.011360 lr=4.548e-06
[train] step=15876 loss=0.006272 lr=4.548e-06
[train] step=15877 loss=0.005220 lr=4.547e-06
[train] step=15878 loss=0.007730 lr=4.547e-06
[train] step=15879 loss=0.012092 lr=4.546e-06
[train] step=15880 loss=0.005298 lr=4.546e-06
[train] step=15881 loss=0.007195 lr=4.545e-06
[train] step=15882 loss=0.005690 lr=4.545e-06
[train] step=15883 loss=0.004523 lr=4.544e-06
[train] step=15884 loss=0.011115 lr=4.544e-06
[train] step=15885 loss=0.003957 lr=4.543e-06
[train] step=15886 loss=0.004725 lr=4.543e-06
[train] step=15887 loss=0.010532 lr=4.542e-06
[train] step=15888 loss=0.007925 lr=4.542e-06
[train] step=15889 loss=0.022413 lr=4.541e-06
[train] step=15890 loss=0.010083 lr=4.541e-06
[train] step=15891 loss=0.006067 lr=4.540e-06
[train] step=15892 loss=0.005480 lr=4.540e-06
[train] step=15893 loss=0.003852 lr=4.539e-06
[train] step=15894 loss=0.033431 lr=4.539e-06
[train] step=15895 loss=0.005898 lr=4.538e-06
[train] step=15896 loss=0.009143 lr=4.538e-06
[train] step=15897 loss=0.003149 lr=4.537e-06
[train] step=15898 loss=0.004984 lr=4.536e-06
[train] step=15899 loss=0.006254 lr=4.536e-06
[train] step=15900 loss=0.004177 lr=4.535e-06
[train] step=15901 loss=0.003891 lr=4.535e-06
[train] step=15902 loss=0.026535 lr=4.534e-06
[train] step=15903 loss=0.014450 lr=4.534e-06
[train] step=15904 loss=0.006049 lr=4.533e-06
[train] step=15905 loss=0.003629 lr=4.533e-06
[train] step=15906 loss=0.011285 lr=4.532e-06
[train] step=15907 loss=0.005220 lr=4.532e-06
[train] step=15908 loss=0.016165 lr=4.531e-06
[train] step=15909 loss=0.009485 lr=4.531e-06
[train] step=15910 loss=0.010562 lr=4.530e-06
[train] step=15911 loss=0.008177 lr=4.530e-06
[train] step=15912 loss=0.010061 lr=4.529e-06
[train] step=15913 loss=0.003237 lr=4.529e-06
[train] step=15914 loss=0.004542 lr=4.528e-06
[train] step=15915 loss=0.004209 lr=4.528e-06
[train] step=15916 loss=0.008035 lr=4.527e-06
[train] step=15917 loss=0.005468 lr=4.527e-06
[train] step=15918 loss=0.004936 lr=4.526e-06
[train] step=15919 loss=0.009411 lr=4.526e-06
[train] step=15920 loss=0.010047 lr=4.525e-06
[train] step=15921 loss=0.006121 lr=4.525e-06
[train] step=15922 loss=0.013586 lr=4.524e-06
[train] step=15923 loss=0.008913 lr=4.523e-06
[train] step=15924 loss=0.006462 lr=4.523e-06
slurmstepd: error: *** JOB 23073 ON localhost CANCELLED AT 2026-09-21T22:33:59 DUE TO TIME LIMIT ***
[train] step=15925 loss=0.007494 lr=4.522e-06
[train] step=15926 loss=0.011711 lr=4.522e-06
[train] step=15927 loss=0.005482 lr=4.521e-06
[train] step=15928 loss=0.006262 lr=4.521e-06
[train] step=15929 loss=0.002864 lr=4.520e-06
[train] step=15930 loss=0.009223 lr=4.520e-06
[train] step=15931 loss=0.006681 lr=4.519e-06
[train] step=15932 loss=0.004647 lr=4.519e-06
[train] step=15933 loss=0.003108 lr=4.518e-06
[train] step=15934 loss=0.004197 lr=4.518e-06
[train] step=15935 loss=0.004478 lr=4.517e-06
[train] step=15936 loss=0.002562 lr=4.517e-06
[train] step=15937 loss=0.014406 lr=4.516e-06
permission denied while trying to connect to the Docker daemon socket at unix:///var/run/docker.sock: Get "http://%2Fvar%2Frun%2Fdocker.sock/v1.24/containers/json?filters=%7B%22label%22%3A%7B%22slurm_job_id%3D23073%22%3Atrue%7D%7D": dial unix /var/run/docker.sock: connect: permission denied
