job=23167 node=lundquist gpus=0,1
start_time=2026-09-22T09:46:34+02:00
PREPROCESSED_NAME: finetune_vae_whole_structure_baseline_ep20_sds_untrained
BASE_CONFIG: configs/dit/train_dit_lundquist_sds_untrained_30k_resume.yaml
preprocessed_data_root=dit_preprocessed/finetune_vae_whole_structure_baseline_ep20_sds_untrained output_dir=dit_outputs/lundquist/dit_sds_untrained_30k
MAIN_PROCESS_PORT: 42187
                             Training Configuration                             
┏━━━━━━━━━━━━━━━━━━━━━━━━━━━━━━━━━━━━━━┳━━━━━━━━━━━━━━━━━━━━━━━━━━━━━━━━━━━━━━━┓
┃ Parameter                            ┃ Value                                 ┃
┡━━━━━━━━━━━━━━━━━━━━━━━━━━━━━━━━━━━━━━╇━━━━━━━━━━━━━━━━━━━━━━━━━━━━━━━━━━━━━━━┩
│ model.model_source                   │ LTXV_2B_0.9.6_DEV                     │
│ model.load_checkpoint                │ dit_outputs/lundquist/dit_sds_untrai… │
│ conditioning.first_frame_conditioni… │ 1.0                                   │
│ lora.enabled                         │ False                                 │
│ lora.rank                            │ 16                                    │
│ lora.alpha                           │ 16                                    │
│ lora.dropout                         │ 0.0                                   │
│ lora.target_modules                  │ to_q, to_k, to_v, to_out.0            │
│ scalar_conditioning.enabled          │ True                                  │
│ scalar_conditioning.scalar_names     │ gamma                                 │
│ scalar_conditioning.scalar_ranges    │ {'gamma': (1.0, 2.0)}                 │
│ scalar_conditioning.embedding_dim    │ 4096                                  │
│ scalar_conditioning.num_tokens_per_… │ 4                                     │
│ scalar_conditioning.fourier_features │ 64                                    │
│ scalar_conditioning.mlp_hidden_dim   │ 256                                   │
│ scalar_conditioning.dropout          │ 0.1                                   │
│ optimization.learning_rate           │ 1e-05                                 │
│ optimization.steps                   │ 30000                                 │
│ optimization.batch_size              │ 4                                     │
│ optimization.gradient_accumulation_… │ 4                                     │
│ optimization.max_grad_norm           │ 1.0                                   │
│ optimization.optimizer_type          │ adamw                                 │
│ optimization.scheduler_type          │ cosine                                │
│ optimization.scheduler_params        │ {'eta_min': 1e-08}                    │
│ optimization.enable_gradient_checkp… │ True                                  │
│ acceleration.mixed_precision_mode    │ bf16                                  │
│ acceleration.compile_with_inductor   │ False                                 │
│ acceleration.compilation_mode        │ reduce-overhead                       │
│ data.preprocessed_data_root          │ dit_preprocessed/finetune_vae_whole_… │
│ data.num_dataloader_workers          │ 4                                     │
│ validation.data_root                 │ dit_preprocessed/finetune_vae_whole_… │
│ validation.interval                  │ 600                                   │
│ validation.max_samples               │ 0                                     │
│ checkpoints.interval                 │ 120                                   │
│ checkpoints.keep_last_n              │ 2                                     │
│ checkpoints.save_best_only           │ False                                 │
│ checkpoints.best_metric              │ val_total_loss                        │
│ checkpoints.save_last_state          │ True                                  │
│ checkpoints.save_epochs              │                                       │
│ flow_matching.timestep_sampling_mode │ shifted_logit_normal                  │
│ flow_matching.timestep_sampling_par… │ {}                                    │
│ visualization.enabled                │ True                                  │
│ visualization.interval               │ 2000                                  │
│ visualization.num_samples            │ 3                                     │
│ visualization.frame_numbers          │ 25, 50, 75, 100                       │
│ visualization.num_inference_steps    │ 20                                    │
│ visualization.dpi                    │ 150                                   │
│ wandb.enabled                        │ False                                 │
│ wandb.project                        │ shockwavenet                          │
│ wandb.entity                         │ None                                  │
│ wandb.tags                           │ cfd, full, 2b, scalar-only,           │
│                                      │ lundquist, 128res, sds-vae,           │
│                                      │ sds-untrained-...                     │
│ seed                                 │ 42                                    │
│ output_dir                           │ /local/disk/hramachandran/work/wh_wo… │
│ resume_weights_only                  │ False                                 │
└──────────────────────────────────────┴───────────────────────────────────────┘
INFO     [rank 0] Distributed training enabled with 2        dit_trainer.py:1472
         processes                                                              
INFO     [rank 0] Global batch size: 32                      dit_trainer.py:1478
/local/disk/hramachandran/miniconda/envs/windinet/lib/python3.10/site-packages/huggingface_hub/utils/_validators.py:205: UserWarning: The `local_dir_use_symlinks` argument is deprecated and ignored in `hf_hub_download`. Downloading to a local directory does not use symlinks anymore.
  warnings.warn(
/local/disk/hramachandran/miniconda/envs/windinet/lib/python3.10/site-packages/huggingface_hub/utils/_validators.py:205: UserWarning: The `local_dir_use_symlinks` argument is deprecated and ignored in `hf_hub_download`. Downloading to a local directory does not use symlinks anymore.
  warnings.warn(
INFO     [rank 0] HTTP Request: HEAD                             _client.py:1025
         https://huggingface.co/Lightricks/LTX-Video-0.9.5/resol                
         ve/main/vae/config.json "HTTP/1.1 307 Temporary                        
         Redirect"                                                              
INFO     [rank 0] HTTP Request: HEAD                             _client.py:1025
         https://huggingface.co/api/resolve-cache/models/Lightri                
         cks/LTX-Video-0.9.5/e58e28c39631af4d1468ee57a853764e11c                
         1d37e/vae%2Fconfig.json "HTTP/1.1 200 OK"                              
INFO     [rank 1] HTTP Request: HEAD                             _client.py:1025
         https://huggingface.co/Lightricks/LTX-Video-0.9.5/resol                
         ve/main/vae/config.json "HTTP/1.1 307 Temporary                        
         Redirect"                                                              
INFO     [rank 1] HTTP Request: HEAD                             _client.py:1025
         https://huggingface.co/api/resolve-cache/models/Lightri                
         cks/LTX-Video-0.9.5/e58e28c39631af4d1468ee57a853764e11c                
         1d37e/vae%2Fconfig.json "HTTP/1.1 200 OK"                              
INFO     [rank 0] HTTP Request: HEAD                             _client.py:1025
         https://huggingface.co/Lightricks/LTX-Video-0.9.5/resol                
         ve/e58e28c39631af4d1468ee57a853764e11c1d37e/vae/diffusi                
         on_pytorch_model.safetensors.index.json "HTTP/1.1 404                  
         Not Found"                                                             
INFO     [rank 1] HTTP Request: HEAD                             _client.py:1025
         https://huggingface.co/Lightricks/LTX-Video-0.9.5/resol                
         ve/e58e28c39631af4d1468ee57a853764e11c1d37e/vae/diffusi                
         on_pytorch_model.safetensors.index.json "HTTP/1.1 404                  
         Not Found"                                                             
INFO     [rank 0] HTTP Request: HEAD                             _client.py:1025
         https://huggingface.co/Lightricks/LTX-Video-0.9.5/resol                
         ve/main/scheduler/scheduler_config.json "HTTP/1.1 307                  
         Temporary Redirect"                                                    
INFO     [rank 0] HTTP Request: HEAD                             _client.py:1025
         https://huggingface.co/api/resolve-cache/models/Lightri                
         cks/LTX-Video-0.9.5/e58e28c39631af4d1468ee57a853764e11c                
         1d37e/scheduler%2Fscheduler_config.json "HTTP/1.1 200                  
         OK"                                                                    
INFO     [rank 1] HTTP Request: HEAD                             _client.py:1025
         https://huggingface.co/Lightricks/LTX-Video-0.9.5/resol                
         ve/main/scheduler/scheduler_config.json "HTTP/1.1 307                  
         Temporary Redirect"                                                    
INFO     [rank 1] HTTP Request: HEAD                             _client.py:1025
         https://huggingface.co/api/resolve-cache/models/Lightri                
         cks/LTX-Video-0.9.5/e58e28c39631af4d1468ee57a853764e11c                
         1d37e/scheduler%2Fscheduler_config.json "HTTP/1.1 200                  
         OK"                                                                    
INFO     [rank 0] HTTP Request: HEAD                             _client.py:1025
         https://huggingface.co/Lightricks/LTX-Video/resolve/mai                
         n/ltxv-2b-0.9.6-dev-04-25.safetensors "HTTP/1.1 302                    
         Found"                                                                 
INFO     [rank 1] HTTP Request: HEAD                             _client.py:1025
         https://huggingface.co/Lightricks/LTX-Video/resolve/mai                
         n/ltxv-2b-0.9.6-dev-04-25.safetensors "HTTP/1.1 302                    
         Found"                                                                 
INFO     [rank 0] HTTP Request: HEAD                             _client.py:1025
         https://huggingface.co/Lightricks/LTX-Video-0.9.5/resol                
         ve/main/transformer/config.json "HTTP/1.1 307 Temporary                
         Redirect"                                                              
INFO     [rank 0] HTTP Request: HEAD                             _client.py:1025
         https://huggingface.co/api/resolve-cache/models/Lightri                
         cks/LTX-Video-0.9.5/e58e28c39631af4d1468ee57a853764e11c                
         1d37e/transformer%2Fconfig.json "HTTP/1.1 200 OK"                      
INFO     [rank 1] HTTP Request: HEAD                             _client.py:1025
         https://huggingface.co/Lightricks/LTX-Video-0.9.5/resol                
         ve/main/transformer/config.json "HTTP/1.1 307 Temporary                
         Redirect"                                                              
INFO     [rank 1] HTTP Request: HEAD                             _client.py:1025
         https://huggingface.co/api/resolve-cache/models/Lightri                
         cks/LTX-Video-0.9.5/e58e28c39631af4d1468ee57a853764e11c                
         1d37e/transformer%2Fconfig.json "HTTP/1.1 200 OK"                      
INFO     [rank 0] Initializing scalar embeddings for:         dit_trainer.py:867
         ['gamma']                                                              
DEBUG    [rank 0] Scalar embedding params: 4,310,528          dit_trainer.py:894
DEBUG    [rank 0] Total trainable params count: 1,927,696,000 dit_trainer.py:898
INFO     [rank 0] Loading checkpoint from                     dit_trainer.py:915
         dit_outputs/lundquist/dit_sds_untrained_30k/checkpoi                   
         nts/model_weights_step_15840.safetensors                               
INFO     [rank 0] Loading scalar embedding from               dit_trainer.py:922
         dit_outputs/lundquist/dit_sds_untrained_30k/checkpoi                   
         nts/scalar_embedding_step_15840.safetensors                            
INFO     [rank 0] Loaded training state from                  dit_trainer.py:962
         dit_outputs/lundquist/dit_sds_untrained_30k/checkpoi                   
         nts/model_weights_step_15840.state.pt: resuming at                     
         global_step 15840                                                      
DEBUG    [rank 0] Process 0 using seed: 42                    dit_trainer.py:389
DEBUG    [rank 0] Loaded dataset with 3,825 samples from     dit_trainer.py:1115
         sources: ['latents', 'scalars']                                        
INFO     [rank 0] Validation split: 675 samples from         dit_trainer.py:1198
         dit_preprocessed/finetune_vae_whole_structure_basel                    
         ine_ep20_sds_untrained/val                                             
INFO     [rank 0] Training configuration saved to:           dit_trainer.py:1464
         training_config.yaml                                                   
INFO     [rank 0] Training on latents from VAE               dit_trainer.py:1159
         /local/disk/hramachandran/work/wh_work/windinet/fin                    
         etune_vae_outputs/lundquist/finetune_vae_whole_stru                    
         cture_baseline_ep20_sds_untrained/checkpoints/vae_s                    
         hockwave_best.safetensors (fingerprint                                 
         6fade32db7d8f184); recorded in                                         
         latent_provenance.json                                                 
INFO     [rank 0] Starting training...                        dit_trainer.py:410
INFO     [rank 0] Resuming training at global_step 15840      dit_trainer.py:439
[train] step=15841 loss=0.003592 lr=4.566e-06
[train] step=15842 loss=0.010227 lr=4.566e-06
[train] step=15843 loss=0.006120 lr=4.565e-06
[train] step=15844 loss=0.012063 lr=4.565e-06
[train] step=15845 loss=0.003932 lr=4.564e-06
[train] step=15846 loss=0.006323 lr=4.564e-06
[train] step=15847 loss=0.004648 lr=4.563e-06
[train] step=15848 loss=0.005563 lr=4.563e-06
[train] step=15849 loss=0.003977 lr=4.562e-06
[train] step=15850 loss=0.005474 lr=4.561e-06
[train] step=15851 loss=0.004652 lr=4.561e-06
[train] step=15852 loss=0.020050 lr=4.560e-06
[train] step=15853 loss=0.012690 lr=4.560e-06
[train] step=15854 loss=0.004267 lr=4.559e-06
[train] step=15855 loss=0.005633 lr=4.559e-06
[train] step=15856 loss=0.008790 lr=4.558e-06
[train] step=15857 loss=0.005803 lr=4.558e-06
[train] step=15858 loss=0.004313 lr=4.557e-06
[train] step=15859 loss=0.005196 lr=4.557e-06
[train] step=15860 loss=0.005801 lr=4.556e-06
[train] step=15861 loss=0.008316 lr=4.556e-06
[train] step=15862 loss=0.009134 lr=4.555e-06
[train] step=15863 loss=0.013396 lr=4.555e-06
[train] step=15864 loss=0.012963 lr=4.554e-06
[train] step=15865 loss=0.006924 lr=4.554e-06
[train] step=15866 loss=0.003871 lr=4.553e-06
[train] step=15867 loss=0.003890 lr=4.553e-06
[train] step=15868 loss=0.005921 lr=4.552e-06
[train] step=15869 loss=0.006067 lr=4.552e-06
[train] step=15870 loss=0.005861 lr=4.551e-06
[train] step=15871 loss=0.010111 lr=4.551e-06
[train] step=15872 loss=0.005395 lr=4.550e-06
[train] step=15873 loss=0.005977 lr=4.550e-06
[train] step=15874 loss=0.005043 lr=4.549e-06
[train] step=15875 loss=0.013714 lr=4.548e-06
[train] step=15876 loss=0.008343 lr=4.548e-06
[train] step=15877 loss=0.011790 lr=4.547e-06
[train] step=15878 loss=0.006831 lr=4.547e-06
[train] step=15879 loss=0.016328 lr=4.546e-06
[train] step=15880 loss=0.005774 lr=4.546e-06
[train] step=15881 loss=0.006426 lr=4.545e-06
[train] step=15882 loss=0.004030 lr=4.545e-06
[train] step=15883 loss=0.006522 lr=4.544e-06
[train] step=15884 loss=0.006339 lr=4.544e-06
[train] step=15885 loss=0.004684 lr=4.543e-06
[train] step=15886 loss=0.004196 lr=4.543e-06
[train] step=15887 loss=0.010706 lr=4.542e-06
[train] step=15888 loss=0.004629 lr=4.542e-06
[train] step=15889 loss=0.009463 lr=4.541e-06
[train] step=15890 loss=0.006061 lr=4.541e-06
[train] step=15891 loss=0.007271 lr=4.540e-06
[train] step=15892 loss=0.005001 lr=4.540e-06
[train] step=15893 loss=0.010640 lr=4.539e-06
[train] step=15894 loss=0.024898 lr=4.539e-06
[train] step=15895 loss=0.004140 lr=4.538e-06
[train] step=15896 loss=0.023006 lr=4.538e-06
[train] step=15897 loss=0.005384 lr=4.537e-06
[train] step=15898 loss=0.007226 lr=4.536e-06
[train] step=15899 loss=0.006663 lr=4.536e-06
[train] step=15900 loss=0.004345 lr=4.535e-06
[train] step=15901 loss=0.007608 lr=4.535e-06
[train] step=15902 loss=0.016268 lr=4.534e-06
[train] step=15903 loss=0.006504 lr=4.534e-06
[train] step=15904 loss=0.007146 lr=4.533e-06
[train] step=15905 loss=0.003487 lr=4.533e-06
[train] step=15906 loss=0.009969 lr=4.532e-06
[train] step=15907 loss=0.004313 lr=4.532e-06
[train] step=15908 loss=0.006355 lr=4.531e-06
[train] step=15909 loss=0.020902 lr=4.531e-06
[train] step=15910 loss=0.012679 lr=4.530e-06
[train] step=15911 loss=0.007077 lr=4.530e-06
[train] step=15912 loss=0.009698 lr=4.529e-06
[train] step=15913 loss=0.005290 lr=4.529e-06
[train] step=15914 loss=0.008679 lr=4.528e-06
[train] step=15915 loss=0.011910 lr=4.528e-06
[train] step=15916 loss=0.002651 lr=4.527e-06
[train] step=15917 loss=0.005695 lr=4.527e-06
[train] step=15918 loss=0.009313 lr=4.526e-06
[train] step=15919 loss=0.008566 lr=4.526e-06
[train] step=15920 loss=0.013344 lr=4.525e-06
[train] step=15921 loss=0.005498 lr=4.525e-06
[train] step=15922 loss=0.008151 lr=4.524e-06
[train] step=15923 loss=0.004538 lr=4.523e-06
[train] step=15924 loss=0.005331 lr=4.523e-06
[train] step=15925 loss=0.008427 lr=4.522e-06
[train] step=15926 loss=0.004389 lr=4.522e-06
[train] step=15927 loss=0.006323 lr=4.521e-06
[train] step=15928 loss=0.004152 lr=4.521e-06
[train] step=15929 loss=0.003894 lr=4.520e-06
[train] step=15930 loss=0.007275 lr=4.520e-06
[train] step=15931 loss=0.007353 lr=4.519e-06
[train] step=15932 loss=0.003451 lr=4.519e-06
[train] step=15933 loss=0.004137 lr=4.518e-06
[train] step=15934 loss=0.012271 lr=4.518e-06
[train] step=15935 loss=0.003421 lr=4.517e-06
[train] step=15936 loss=0.007513 lr=4.517e-06
[train] step=15937 loss=0.005909 lr=4.516e-06
[train] step=15938 loss=0.005071 lr=4.516e-06
[train] step=15939 loss=0.003999 lr=4.515e-06
[train] step=15940 loss=0.008940 lr=4.515e-06
[train] step=15941 loss=0.009356 lr=4.514e-06
[train] step=15942 loss=0.024987 lr=4.514e-06
[train] step=15943 loss=0.013907 lr=4.513e-06
[train] step=15944 loss=0.008607 lr=4.513e-06
[train] step=15945 loss=0.005210 lr=4.512e-06
[train] step=15946 loss=0.004849 lr=4.512e-06
[train] step=15947 loss=0.006908 lr=4.511e-06
[train] step=15948 loss=0.004455 lr=4.510e-06
[train] step=15949 loss=0.003161 lr=4.510e-06
[train] step=15950 loss=0.006359 lr=4.509e-06
[train] step=15951 loss=0.003318 lr=4.509e-06
[train] step=15952 loss=0.011305 lr=4.508e-06
[train] step=15953 loss=0.006006 lr=4.508e-06
[train] step=15954 loss=0.016766 lr=4.507e-06
[train] step=15955 loss=0.007721 lr=4.507e-06
[train] step=15956 loss=0.009045 lr=4.506e-06
[train] step=15957 loss=0.007749 lr=4.506e-06
[train] step=15958 loss=0.017419 lr=4.505e-06
[train] step=15959 loss=0.006529 lr=4.505e-06
[train] step=15960 loss=0.011305 lr=4.504e-06
INFO     [rank 0] Model weights for step 15960 saved in      dit_trainer.py:1288
         checkpoints/model_weights_step_15960.safetensors                       
INFO     [rank 0] Scalar embedding weights for step 15960    dit_trainer.py:1297
         saved                                                                  
INFO     [rank 0] Training state saved:                      dit_trainer.py:1416
         checkpoints/model_weights_step_15960.state.pt                          
[epoch 133] step=15960 train_loss=0.007879
[train] step=15961 loss=0.011511 lr=4.504e-06
[train] step=15962 loss=0.011318 lr=4.503e-06
[train] step=15963 loss=0.010298 lr=4.503e-06
[train] step=15964 loss=0.007186 lr=4.502e-06
[train] step=15965 loss=0.004424 lr=4.502e-06
[train] step=15966 loss=0.003746 lr=4.501e-06
[train] step=15967 loss=0.003999 lr=4.501e-06
[train] step=15968 loss=0.011588 lr=4.500e-06
[train] step=15969 loss=0.020719 lr=4.500e-06
[train] step=15970 loss=0.009077 lr=4.499e-06
[train] step=15971 loss=0.005992 lr=4.498e-06
[train] step=15972 loss=0.004077 lr=4.498e-06
[train] step=15973 loss=0.004156 lr=4.497e-06
[train] step=15974 loss=0.006738 lr=4.497e-06
[train] step=15975 loss=0.008215 lr=4.496e-06
[train] step=15976 loss=0.013262 lr=4.496e-06
[train] step=15977 loss=0.006777 lr=4.495e-06
[train] step=15978 loss=0.015175 lr=4.495e-06
[train] step=15979 loss=0.013898 lr=4.494e-06
[train] step=15980 loss=0.021805 lr=4.494e-06
[train] step=15981 loss=0.010750 lr=4.493e-06
[train] step=15982 loss=0.003907 lr=4.493e-06
[train] step=15983 loss=0.004522 lr=4.492e-06
[train] step=15984 loss=0.015359 lr=4.492e-06
[train] step=15985 loss=0.013969 lr=4.491e-06
[train] step=15986 loss=0.008184 lr=4.491e-06
[train] step=15987 loss=0.014153 lr=4.490e-06
[train] step=15988 loss=0.005127 lr=4.490e-06
[train] step=15989 loss=0.035494 lr=4.489e-06
[train] step=15990 loss=0.009880 lr=4.489e-06
[train] step=15991 loss=0.009989 lr=4.488e-06
[train] step=15992 loss=0.017140 lr=4.488e-06
[train] step=15993 loss=0.004889 lr=4.487e-06
[train] step=15994 loss=0.007606 lr=4.487e-06
[train] step=15995 loss=0.018688 lr=4.486e-06
[train] step=15996 loss=0.008487 lr=4.485e-06
[train] step=15997 loss=0.013767 lr=4.485e-06
[train] step=15998 loss=0.004825 lr=4.484e-06
[train] step=15999 loss=0.004889 lr=4.484e-06
[train] step=16000 loss=0.003732 lr=4.483e-06
INFO     [rank 0] DiT visualization fixed on 3 samples  dit_visualization.py:249
         from                                                                   
         /local/disk/hramachandran/work/wh_work/windine                         
         t/euler_mq_dataset/128x128_ds/train.h5:                                
         ['0000_gamma1.1299999952',                                             
         '2159_gamma1.3650000095',                                              
         '4498_gamma1.7599999905']                                              
INFO     [rank 0] Loading DiT-visualization VAE from    dit_visualization.py:254
         /local/disk/hramachandran/work/wh_work/windine                         
         t/finetune_vae_outputs/lundquist/finetune_vae_                         
         whole_structure_baseline_ep20_sds_untrained/ch                         
         eckpoints/vae_shockwave_best.safetensors                               
/local/disk/hramachandran/miniconda/envs/windinet/lib/python3.10/site-packages/huggingface_hub/utils/_validators.py:205: UserWarning: The `local_dir_use_symlinks` argument is deprecated and ignored in `hf_hub_download`. Downloading to a local directory does not use symlinks anymore.
  warnings.warn(
INFO     [rank 0] HTTP Request: HEAD                             _client.py:1025
         https://huggingface.co/Lightricks/LTX-Video-0.9.5/resol                
         ve/main/vae/config.json "HTTP/1.1 307 Temporary                        
         Redirect"                                                              
INFO     [rank 0] HTTP Request: HEAD                             _client.py:1025
         https://huggingface.co/api/resolve-cache/models/Lightri                
         cks/LTX-Video-0.9.5/e58e28c39631af4d1468ee57a853764e11c                
         1d37e/vae%2Fconfig.json "HTTP/1.1 200 OK"                              
INFO     [rank 0] HTTP Request: HEAD                             _client.py:1025
         https://huggingface.co/Lightricks/LTX-Video-0.9.5/resol                
         ve/e58e28c39631af4d1468ee57a853764e11c1d37e/vae/diffusi                
         on_pytorch_model.safetensors.index.json "HTTP/1.1 404                  
         Not Found"                                                             
[windinet] loaded inflated VAE checkpoint: /local/disk/hramachandran/work/wh_work/windinet/finetune_vae_outputs/lundquist/finetune_vae_whole_structure_baseline_ep20_sds_untrained/checkpoints/vae_shockwave_best.safetensors (epoch=19, step=2261)
INFO     [rank 0] Saved DiT visualization panels for    dit_visualization.py:418
         step 16000 (3 samples x 4 frames);                                     
         latent_vrmse=0.07192 pixel_vrmse=0.43904 ->                            
         /local/disk/hramachandran/work/wh_work/windine                         
         t/dit_outputs/lundquist/dit_sds_untrained_30k/                         
         dit_vrmse_metrics.csv,                                                 
         /local/disk/hramachandran/work/wh_work/windine                         
         t/dit_outputs/lundquist/dit_sds_untrained_30k/                         
         dit_vrmse_curve.png                                                    
[train] step=16001 loss=0.010945 lr=4.483e-06
[train] step=16002 loss=0.014545 lr=4.482e-06
[train] step=16003 loss=0.011160 lr=4.482e-06
[train] step=16004 loss=0.006389 lr=4.481e-06
[train] step=16005 loss=0.006905 lr=4.481e-06
[train] step=16006 loss=0.003842 lr=4.480e-06
[train] step=16007 loss=0.002330 lr=4.480e-06
[train] step=16008 loss=0.003003 lr=4.479e-06
[train] step=16009 loss=0.029351 lr=4.479e-06
[train] step=16010 loss=0.009544 lr=4.478e-06
[train] step=16011 loss=0.010270 lr=4.478e-06
[train] step=16012 loss=0.012016 lr=4.477e-06
[train] step=16013 loss=0.011381 lr=4.477e-06
[train] step=16014 loss=0.005818 lr=4.476e-06
[train] step=16015 loss=0.004078 lr=4.476e-06
[train] step=16016 loss=0.006611 lr=4.475e-06
[train] step=16017 loss=0.006479 lr=4.475e-06
[train] step=16018 loss=0.004034 lr=4.474e-06
[train] step=16019 loss=0.005443 lr=4.474e-06
[train] step=16020 loss=0.005771 lr=4.473e-06
[train] step=16021 loss=0.018198 lr=4.472e-06
[train] step=16022 loss=0.012174 lr=4.472e-06
[train] step=16023 loss=0.011031 lr=4.471e-06
[train] step=16024 loss=0.018845 lr=4.471e-06
[train] step=16025 loss=0.010145 lr=4.470e-06
[train] step=16026 loss=0.004599 lr=4.470e-06
[train] step=16027 loss=0.010499 lr=4.469e-06
[train] step=16028 loss=0.003767 lr=4.469e-06
[train] step=16029 loss=0.033600 lr=4.468e-06
[train] step=16030 loss=0.006814 lr=4.468e-06
[train] step=16031 loss=0.009247 lr=4.467e-06
[train] step=16032 loss=0.011172 lr=4.467e-06
[train] step=16033 loss=0.005814 lr=4.466e-06
[train] step=16034 loss=0.010898 lr=4.466e-06
[train] step=16035 loss=0.010665 lr=4.465e-06
[train] step=16036 loss=0.011574 lr=4.465e-06
[train] step=16037 loss=0.014660 lr=4.464e-06
[train] step=16038 loss=0.010201 lr=4.464e-06
[train] step=16039 loss=0.007500 lr=4.463e-06
[train] step=16040 loss=0.008363 lr=4.463e-06
[train] step=16041 loss=0.005490 lr=4.462e-06
[train] step=16042 loss=0.003223 lr=4.462e-06
[train] step=16043 loss=0.008285 lr=4.461e-06
[train] step=16044 loss=0.005123 lr=4.461e-06
[train] step=16045 loss=0.006769 lr=4.460e-06
[train] step=16046 loss=0.006547 lr=4.459e-06
[train] step=16047 loss=0.010702 lr=4.459e-06
[train] step=16048 loss=0.004889 lr=4.458e-06
[train] step=16049 loss=0.013384 lr=4.458e-06
[train] step=16050 loss=0.006896 lr=4.457e-06
[train] step=16051 loss=0.004769 lr=4.457e-06
[train] step=16052 loss=0.005113 lr=4.456e-06
[train] step=16053 loss=0.005914 lr=4.456e-06
[train] step=16054 loss=0.005014 lr=4.455e-06
[train] step=16055 loss=0.014276 lr=4.455e-06
[train] step=16056 loss=0.014782 lr=4.454e-06
[train] step=16057 loss=0.005161 lr=4.454e-06
[train] step=16058 loss=0.003858 lr=4.453e-06
[train] step=16059 loss=0.005199 lr=4.453e-06
[train] step=16060 loss=0.011331 lr=4.452e-06
[train] step=16061 loss=0.021311 lr=4.452e-06
[train] step=16062 loss=0.007912 lr=4.451e-06
[train] step=16063 loss=0.005647 lr=4.451e-06
[train] step=16064 loss=0.005293 lr=4.450e-06
[train] step=16065 loss=0.005303 lr=4.450e-06
[train] step=16066 loss=0.007222 lr=4.449e-06
[train] step=16067 loss=0.015567 lr=4.449e-06
[train] step=16068 loss=0.007107 lr=4.448e-06
[train] step=16069 loss=0.006973 lr=4.448e-06
[train] step=16070 loss=0.008795 lr=4.447e-06
[train] step=16071 loss=0.038153 lr=4.446e-06
[train] step=16072 loss=0.009491 lr=4.446e-06
[train] step=16073 loss=0.006156 lr=4.445e-06
[train] step=16074 loss=0.005173 lr=4.445e-06
[train] step=16075 loss=0.003877 lr=4.444e-06
[train] step=16076 loss=0.006565 lr=4.444e-06
[train] step=16077 loss=0.005747 lr=4.443e-06
[train] step=16078 loss=0.003533 lr=4.443e-06
[train] step=16079 loss=0.010744 lr=4.442e-06
[train] step=16080 loss=0.004722 lr=4.442e-06
INFO     [rank 0] Model weights for step 16080 saved in      dit_trainer.py:1288
         checkpoints/model_weights_step_16080.safetensors                       
INFO     [rank 0] Scalar embedding weights for step 16080    dit_trainer.py:1297
         saved                                                                  
INFO     [rank 0] Training state saved:                      dit_trainer.py:1416
         checkpoints/model_weights_step_16080.state.pt                          
DEBUG    [rank 0] Removed optimizer state for older kept     dit_trainer.py:1444
         checkpoint:                                                            
         /local/disk/hramachandran/work/wh_work/windinet/dit                    
         _outputs/lundquist/dit_sds_untrained_30k/checkpoint                    
         s/model_weights_step_15960.state.pt                                    
[epoch 134] step=16080 train_loss=0.009563
[train] step=16081 loss=0.013310 lr=4.441e-06
[train] step=16082 loss=0.004977 lr=4.441e-06
[train] step=16083 loss=0.013487 lr=4.440e-06
[train] step=16084 loss=0.005250 lr=4.440e-06
[train] step=16085 loss=0.005634 lr=4.439e-06
[train] step=16086 loss=0.006335 lr=4.439e-06
[train] step=16087 loss=0.006740 lr=4.438e-06
[train] step=16088 loss=0.008018 lr=4.438e-06
[train] step=16089 loss=0.007771 lr=4.437e-06
[train] step=16090 loss=0.006018 lr=4.437e-06
[train] step=16091 loss=0.003737 lr=4.436e-06
[train] step=16092 loss=0.006685 lr=4.436e-06
[train] step=16093 loss=0.008071 lr=4.435e-06
[train] step=16094 loss=0.013475 lr=4.435e-06
[train] step=16095 loss=0.009646 lr=4.434e-06
[train] step=16096 loss=0.018273 lr=4.433e-06
[train] step=16097 loss=0.004682 lr=4.433e-06
[train] step=16098 loss=0.007774 lr=4.432e-06
[train] step=16099 loss=0.009731 lr=4.432e-06
[train] step=16100 loss=0.009054 lr=4.431e-06
[train] step=16101 loss=0.003903 lr=4.431e-06
[train] step=16102 loss=0.007722 lr=4.430e-06
[train] step=16103 loss=0.013370 lr=4.430e-06
[train] step=16104 loss=0.011223 lr=4.429e-06
[train] step=16105 loss=0.004382 lr=4.429e-06
[train] step=16106 loss=0.006240 lr=4.428e-06
[train] step=16107 loss=0.004783 lr=4.428e-06
[train] step=16108 loss=0.013935 lr=4.427e-06
[train] step=16109 loss=0.005537 lr=4.427e-06
[train] step=16110 loss=0.009016 lr=4.426e-06
[train] step=16111 loss=0.007766 lr=4.426e-06
[train] step=16112 loss=0.011314 lr=4.425e-06
[train] step=16113 loss=0.002063 lr=4.425e-06
[train] step=16114 loss=0.003374 lr=4.424e-06
[train] step=16115 loss=0.008047 lr=4.424e-06
[train] step=16116 loss=0.002505 lr=4.423e-06
[train] step=16117 loss=0.011784 lr=4.423e-06
[train] step=16118 loss=0.005529 lr=4.422e-06
[train] step=16119 loss=0.009056 lr=4.422e-06
[train] step=16120 loss=0.013195 lr=4.421e-06
[train] step=16121 loss=0.010760 lr=4.420e-06
[train] step=16122 loss=0.004646 lr=4.420e-06
[train] step=16123 loss=0.014106 lr=4.419e-06
[train] step=16124 loss=0.004887 lr=4.419e-06
[train] step=16125 loss=0.003981 lr=4.418e-06
[train] step=16126 loss=0.007962 lr=4.418e-06
[train] step=16127 loss=0.006952 lr=4.417e-06
[train] step=16128 loss=0.004306 lr=4.417e-06
[train] step=16129 loss=0.005236 lr=4.416e-06
[train] step=16130 loss=0.015847 lr=4.416e-06
[train] step=16131 loss=0.004768 lr=4.415e-06
[train] step=16132 loss=0.006848 lr=4.415e-06
[train] step=16133 loss=0.004840 lr=4.414e-06
[train] step=16134 loss=0.005719 lr=4.414e-06
[train] step=16135 loss=0.007117 lr=4.413e-06
[train] step=16136 loss=0.008714 lr=4.413e-06
[train] step=16137 loss=0.017501 lr=4.412e-06
[train] step=16138 loss=0.003921 lr=4.412e-06
[train] step=16139 loss=0.008776 lr=4.411e-06
[train] step=16140 loss=0.004747 lr=4.411e-06
[train] step=16141 loss=0.004839 lr=4.410e-06
[train] step=16142 loss=0.004360 lr=4.410e-06
[train] step=16143 loss=0.009235 lr=4.409e-06
[train] step=16144 loss=0.005557 lr=4.409e-06
[train] step=16145 loss=0.005180 lr=4.408e-06
[train] step=16146 loss=0.007153 lr=4.408e-06
[train] step=16147 loss=0.005038 lr=4.407e-06
[train] step=16148 loss=0.010616 lr=4.406e-06
[train] step=16149 loss=0.004572 lr=4.406e-06
[train] step=16150 loss=0.013157 lr=4.405e-06
[train] step=16151 loss=0.004849 lr=4.405e-06
[train] step=16152 loss=0.007207 lr=4.404e-06
[train] step=16153 loss=0.006359 lr=4.404e-06
[train] step=16154 loss=0.006848 lr=4.403e-06
[train] step=16155 loss=0.013865 lr=4.403e-06
[train] step=16156 loss=0.008911 lr=4.402e-06
[train] step=16157 loss=0.011316 lr=4.402e-06
[train] step=16158 loss=0.009325 lr=4.401e-06
[train] step=16159 loss=0.003579 lr=4.401e-06
[train] step=16160 loss=0.009122 lr=4.400e-06
[train] step=16161 loss=0.014885 lr=4.400e-06
[train] step=16162 loss=0.004812 lr=4.399e-06
[train] step=16163 loss=0.007816 lr=4.399e-06
[train] step=16164 loss=0.004380 lr=4.398e-06
[train] step=16165 loss=0.011426 lr=4.398e-06
[train] step=16166 loss=0.008422 lr=4.397e-06
[train] step=16167 loss=0.007843 lr=4.397e-06
[train] step=16168 loss=0.023985 lr=4.396e-06
[train] step=16169 loss=0.005740 lr=4.396e-06
[train] step=16170 loss=0.004553 lr=4.395e-06
[train] step=16171 loss=0.004606 lr=4.395e-06
[train] step=16172 loss=0.005040 lr=4.394e-06
[train] step=16173 loss=0.003592 lr=4.393e-06
[train] step=16174 loss=0.003594 lr=4.393e-06
[train] step=16175 loss=0.003776 lr=4.392e-06
[train] step=16176 loss=0.008335 lr=4.392e-06
[train] step=16177 loss=0.006074 lr=4.391e-06
[train] step=16178 loss=0.004980 lr=4.391e-06
[train] step=16179 loss=0.013996 lr=4.390e-06
[train] step=16180 loss=0.008750 lr=4.390e-06
[train] step=16181 loss=0.011363 lr=4.389e-06
[train] step=16182 loss=0.006542 lr=4.389e-06
[train] step=16183 loss=0.003219 lr=4.388e-06
[train] step=16184 loss=0.005806 lr=4.388e-06
[train] step=16185 loss=0.018611 lr=4.387e-06
[train] step=16186 loss=0.003526 lr=4.387e-06
[train] step=16187 loss=0.003266 lr=4.386e-06
[train] step=16188 loss=0.016004 lr=4.386e-06
[train] step=16189 loss=0.008986 lr=4.385e-06
[train] step=16190 loss=0.005565 lr=4.385e-06
[train] step=16191 loss=0.006493 lr=4.384e-06
[train] step=16192 loss=0.004003 lr=4.384e-06
[train] step=16193 loss=0.023933 lr=4.383e-06
[train] step=16194 loss=0.006020 lr=4.383e-06
[train] step=16195 loss=0.026311 lr=4.382e-06
[train] step=16196 loss=0.015898 lr=4.382e-06
[train] step=16197 loss=0.004094 lr=4.381e-06
[train] step=16198 loss=0.002021 lr=4.381e-06
[train] step=16199 loss=0.012751 lr=4.380e-06
[train] step=16200 loss=0.010625 lr=4.379e-06
[val] step=16200 val_loss=0.013141
INFO     [rank 0] Model weights for step 16200 saved in      dit_trainer.py:1288
         checkpoints/model_weights_step_16200.safetensors                       
INFO     [rank 0] Scalar embedding weights for step 16200    dit_trainer.py:1297
         saved                                                                  
INFO     [rank 0] Training state saved:                      dit_trainer.py:1416
         checkpoints/model_weights_step_16200.state.pt                          
INFO     [rank 0] New best checkpoint (step 16200,           dit_trainer.py:1320
         val_loss=0.013141):                                                    
         checkpoints/model_weights_best.safetensors                             
DEBUG    [rank 0] Removed old checkpoint:                    dit_trainer.py:1429
         /local/disk/hramachandran/work/wh_work/windinet/dit                    
         _outputs/lundquist/dit_sds_untrained_30k/checkpoint                    
         s/model_weights_step_15960.safetensors                                 
DEBUG    [rank 0] Removed old checkpoint:                    dit_trainer.py:1429
         /local/disk/hramachandran/work/wh_work/windinet/dit                    
         _outputs/lundquist/dit_sds_untrained_30k/checkpoint                    
         s/scalar_embedding_step_15960.safetensors                              
DEBUG    [rank 0] Removed optimizer state for older kept     dit_trainer.py:1444
         checkpoint:                                                            
         /local/disk/hramachandran/work/wh_work/windinet/dit                    
         _outputs/lundquist/dit_sds_untrained_30k/checkpoint                    
         s/model_weights_step_16080.state.pt                                    
[epoch 135] step=16200 train_loss=0.008099 val_loss=0.013141
[train] step=16201 loss=0.004380 lr=4.379e-06
[train] step=16202 loss=0.009811 lr=4.378e-06
[train] step=16203 loss=0.022501 lr=4.378e-06
[train] step=16204 loss=0.010495 lr=4.377e-06
[train] step=16205 loss=0.006837 lr=4.377e-06
[train] step=16206 loss=0.004685 lr=4.376e-06
[train] step=16207 loss=0.002777 lr=4.376e-06
[train] step=16208 loss=0.010629 lr=4.375e-06
[train] step=16209 loss=0.004188 lr=4.375e-06
[train] step=16210 loss=0.005083 lr=4.374e-06
[train] step=16211 loss=0.007903 lr=4.374e-06
[train] step=16212 loss=0.002941 lr=4.373e-06
[train] step=16213 loss=0.005007 lr=4.373e-06
[train] step=16214 loss=0.003819 lr=4.372e-06
[train] step=16215 loss=0.003179 lr=4.372e-06
[train] step=16216 loss=0.007146 lr=4.371e-06
[train] step=16217 loss=0.002415 lr=4.371e-06
[train] step=16218 loss=0.002873 lr=4.370e-06
[train] step=16219 loss=0.004179 lr=4.370e-06
[train] step=16220 loss=0.006232 lr=4.369e-06
[train] step=16221 loss=0.006580 lr=4.369e-06
[train] step=16222 loss=0.006990 lr=4.368e-06
[train] step=16223 loss=0.004989 lr=4.368e-06
[train] step=16224 loss=0.008592 lr=4.367e-06
[train] step=16225 loss=0.007228 lr=4.367e-06
[train] step=16226 loss=0.004082 lr=4.366e-06
[train] step=16227 loss=0.012736 lr=4.365e-06
[train] step=16228 loss=0.007522 lr=4.365e-06
[train] step=16229 loss=0.004024 lr=4.364e-06
[train] step=16230 loss=0.006908 lr=4.364e-06
[train] step=16231 loss=0.011414 lr=4.363e-06
[train] step=16232 loss=0.010812 lr=4.363e-06
[train] step=16233 loss=0.004730 lr=4.362e-06
[train] step=16234 loss=0.004871 lr=4.362e-06
[train] step=16235 loss=0.008633 lr=4.361e-06
[train] step=16236 loss=0.008931 lr=4.361e-06
[train] step=16237 loss=0.011029 lr=4.360e-06
[train] step=16238 loss=0.006766 lr=4.360e-06
[train] step=16239 loss=0.012212 lr=4.359e-06
[train] step=16240 loss=0.008407 lr=4.359e-06
[train] step=16241 loss=0.005558 lr=4.358e-06
[train] step=16242 loss=0.005109 lr=4.358e-06
[train] step=16243 loss=0.003682 lr=4.357e-06
[train] step=16244 loss=0.004700 lr=4.357e-06
[train] step=16245 loss=0.006460 lr=4.356e-06
[train] step=16246 loss=0.006943 lr=4.356e-06
[train] step=16247 loss=0.003264 lr=4.355e-06
[train] step=16248 loss=0.002871 lr=4.355e-06
[train] step=16249 loss=0.004332 lr=4.354e-06
[train] step=16250 loss=0.010297 lr=4.354e-06
[train] step=16251 loss=0.004137 lr=4.353e-06
[train] step=16252 loss=0.006807 lr=4.353e-06
[train] step=16253 loss=0.004611 lr=4.352e-06
[train] step=16254 loss=0.006021 lr=4.351e-06
[train] step=16255 loss=0.011103 lr=4.351e-06
[train] step=16256 loss=0.008374 lr=4.350e-06
[train] step=16257 loss=0.008016 lr=4.350e-06
[train] step=16258 loss=0.004663 lr=4.349e-06
[train] step=16259 loss=0.041926 lr=4.349e-06
[train] step=16260 loss=0.008648 lr=4.348e-06
[train] step=16261 loss=0.003989 lr=4.348e-06
[train] step=16262 loss=0.015619 lr=4.347e-06
[train] step=16263 loss=0.004786 lr=4.347e-06
[train] step=16264 loss=0.005139 lr=4.346e-06
[train] step=16265 loss=0.007090 lr=4.346e-06
[train] step=16266 loss=0.004610 lr=4.345e-06
[train] step=16267 loss=0.007218 lr=4.345e-06
[train] step=16268 loss=0.005943 lr=4.344e-06
[train] step=16269 loss=0.005205 lr=4.344e-06
[train] step=16270 loss=0.005286 lr=4.343e-06
[train] step=16271 loss=0.006070 lr=4.343e-06
[train] step=16272 loss=0.006959 lr=4.342e-06
[train] step=16273 loss=0.004954 lr=4.342e-06
[train] step=16274 loss=0.023034 lr=4.341e-06
[train] step=16275 loss=0.005178 lr=4.341e-06
[train] step=16276 loss=0.011957 lr=4.340e-06
[train] step=16277 loss=0.012591 lr=4.340e-06
[train] step=16278 loss=0.006993 lr=4.339e-06
[train] step=16279 loss=0.003618 lr=4.339e-06
[train] step=16280 loss=0.004444 lr=4.338e-06
[train] step=16281 loss=0.007245 lr=4.337e-06
[train] step=16282 loss=0.003347 lr=4.337e-06
[train] step=16283 loss=0.004027 lr=4.336e-06
[train] step=16284 loss=0.005740 lr=4.336e-06
[train] step=16285 loss=0.004982 lr=4.335e-06
[train] step=16286 loss=0.008445 lr=4.335e-06
[train] step=16287 loss=0.005083 lr=4.334e-06
[train] step=16288 loss=0.010508 lr=4.334e-06
[train] step=16289 loss=0.007058 lr=4.333e-06
[train] step=16290 loss=0.005269 lr=4.333e-06
[train] step=16291 loss=0.003918 lr=4.332e-06
[train] step=16292 loss=0.034343 lr=4.332e-06
[train] step=16293 loss=0.013364 lr=4.331e-06
[train] step=16294 loss=0.006514 lr=4.331e-06
[train] step=16295 loss=0.005286 lr=4.330e-06
[train] step=16296 loss=0.006014 lr=4.330e-06
[train] step=16297 loss=0.023005 lr=4.329e-06
[train] step=16298 loss=0.011571 lr=4.329e-06
[train] step=16299 loss=0.004971 lr=4.328e-06
[train] step=16300 loss=0.009345 lr=4.328e-06
[train] step=16301 loss=0.004030 lr=4.327e-06
[train] step=16302 loss=0.005908 lr=4.327e-06
[train] step=16303 loss=0.006098 lr=4.326e-06
[train] step=16304 loss=0.010175 lr=4.326e-06
[train] step=16305 loss=0.012845 lr=4.325e-06
[train] step=16306 loss=0.008887 lr=4.325e-06
[train] step=16307 loss=0.008068 lr=4.324e-06
[train] step=16308 loss=0.007454 lr=4.323e-06
[train] step=16309 loss=0.004930 lr=4.323e-06
[train] step=16310 loss=0.007240 lr=4.322e-06
[train] step=16311 loss=0.004706 lr=4.322e-06
[train] step=16312 loss=0.006013 lr=4.321e-06
[train] step=16313 loss=0.005041 lr=4.321e-06
[train] step=16314 loss=0.010557 lr=4.320e-06
[train] step=16315 loss=0.005815 lr=4.320e-06
[train] step=16316 loss=0.015042 lr=4.319e-06
[train] step=16317 loss=0.004294 lr=4.319e-06
[train] step=16318 loss=0.003220 lr=4.318e-06
[train] step=16319 loss=0.027637 lr=4.318e-06
[train] step=16320 loss=0.004251 lr=4.317e-06
INFO     [rank 0] Model weights for step 16320 saved in      dit_trainer.py:1288
         checkpoints/model_weights_step_16320.safetensors                       
INFO     [rank 0] Scalar embedding weights for step 16320    dit_trainer.py:1297
         saved                                                                  
INFO     [rank 0] Training state saved:                      dit_trainer.py:1416
         checkpoints/model_weights_step_16320.state.pt                          
DEBUG    [rank 0] Removed old checkpoint:                    dit_trainer.py:1429
         /local/disk/hramachandran/work/wh_work/windinet/dit                    
         _outputs/lundquist/dit_sds_untrained_30k/checkpoint                    
         s/model_weights_step_16080.safetensors                                 
DEBUG    [rank 0] Removed old checkpoint:                    dit_trainer.py:1429
         /local/disk/hramachandran/work/wh_work/windinet/dit                    
         _outputs/lundquist/dit_sds_untrained_30k/checkpoint                    
         s/scalar_embedding_step_16080.safetensors                              
DEBUG    [rank 0] Removed optimizer state for older kept     dit_trainer.py:1444
         checkpoint:                                                            
         /local/disk/hramachandran/work/wh_work/windinet/dit                    
         _outputs/lundquist/dit_sds_untrained_30k/checkpoint                    
         s/model_weights_step_16200.state.pt                                    
[epoch 136] step=16320 train_loss=0.007845
[train] step=16321 loss=0.003488 lr=4.317e-06
[train] step=16322 loss=0.007052 lr=4.316e-06
[train] step=16323 loss=0.003920 lr=4.316e-06
[train] step=16324 loss=0.002326 lr=4.315e-06
[train] step=16325 loss=0.006150 lr=4.315e-06
[train] step=16326 loss=0.005202 lr=4.314e-06
[train] step=16327 loss=0.003012 lr=4.314e-06
[train] step=16328 loss=0.018475 lr=4.313e-06
[train] step=16329 loss=0.003168 lr=4.313e-06
[train] step=16330 loss=0.007434 lr=4.312e-06
[train] step=16331 loss=0.006152 lr=4.312e-06
[train] step=16332 loss=0.008392 lr=4.311e-06
[train] step=16333 loss=0.004896 lr=4.311e-06
[train] step=16334 loss=0.004680 lr=4.310e-06
[train] step=16335 loss=0.007629 lr=4.309e-06
[train] step=16336 loss=0.027146 lr=4.309e-06
[train] step=16337 loss=0.007069 lr=4.308e-06
[train] step=16338 loss=0.006154 lr=4.308e-06
[train] step=16339 loss=0.009943 lr=4.307e-06
[train] step=16340 loss=0.008824 lr=4.307e-06
[train] step=16341 loss=0.011533 lr=4.306e-06
[train] step=16342 loss=0.012775 lr=4.306e-06
[train] step=16343 loss=0.005278 lr=4.305e-06
[train] step=16344 loss=0.009079 lr=4.305e-06
[train] step=16345 loss=0.010948 lr=4.304e-06
[train] step=16346 loss=0.003461 lr=4.304e-06
[train] step=16347 loss=0.007556 lr=4.303e-06
[train] step=16348 loss=0.013550 lr=4.303e-06
[train] step=16349 loss=0.023015 lr=4.302e-06
[train] step=16350 loss=0.004179 lr=4.302e-06
[train] step=16351 loss=0.003496 lr=4.301e-06
[train] step=16352 loss=0.003709 lr=4.301e-06
[train] step=16353 loss=0.006196 lr=4.300e-06
[train] step=16354 loss=0.008833 lr=4.300e-06
[train] step=16355 loss=0.012819 lr=4.299e-06
[train] step=16356 loss=0.012581 lr=4.299e-06
[train] step=16357 loss=0.013166 lr=4.298e-06
[train] step=16358 loss=0.007335 lr=4.298e-06
[train] step=16359 loss=0.010191 lr=4.297e-06
[train] step=16360 loss=0.005596 lr=4.297e-06
[train] step=16361 loss=0.004758 lr=4.296e-06
[train] step=16362 loss=0.012824 lr=4.296e-06
[train] step=16363 loss=0.005423 lr=4.295e-06
[train] step=16364 loss=0.003034 lr=4.294e-06
[train] step=16365 loss=0.006151 lr=4.294e-06
[train] step=16366 loss=0.016433 lr=4.293e-06
[train] step=16367 loss=0.007652 lr=4.293e-06
[train] step=16368 loss=0.032599 lr=4.292e-06
[train] step=16369 loss=0.006220 lr=4.292e-06
[train] step=16370 loss=0.005957 lr=4.291e-06
[train] step=16371 loss=0.006362 lr=4.291e-06
[train] step=16372 loss=0.013114 lr=4.290e-06
[train] step=16373 loss=0.009902 lr=4.290e-06
[train] step=16374 loss=0.011195 lr=4.289e-06
[train] step=16375 loss=0.004632 lr=4.289e-06
[train] step=16376 loss=0.005088 lr=4.288e-06
[train] step=16377 loss=0.005422 lr=4.288e-06
[train] step=16378 loss=0.011101 lr=4.287e-06
[train] step=16379 loss=0.009745 lr=4.287e-06
[train] step=16380 loss=0.004767 lr=4.286e-06
[train] step=16381 loss=0.017265 lr=4.286e-06
[train] step=16382 loss=0.007540 lr=4.285e-06
[train] step=16383 loss=0.030022 lr=4.285e-06
[train] step=16384 loss=0.003124 lr=4.284e-06
[train] step=16385 loss=0.005712 lr=4.284e-06
[train] step=16386 loss=0.005613 lr=4.283e-06
[train] step=16387 loss=0.008895 lr=4.283e-06
[train] step=16388 loss=0.008946 lr=4.282e-06
[train] step=16389 loss=0.002877 lr=4.282e-06
[train] step=16390 loss=0.007157 lr=4.281e-06
[train] step=16391 loss=0.003557 lr=4.280e-06
[train] step=16392 loss=0.016613 lr=4.280e-06
[train] step=16393 loss=0.003731 lr=4.279e-06
[train] step=16394 loss=0.005592 lr=4.279e-06
[train] step=16395 loss=0.008924 lr=4.278e-06
[train] step=16396 loss=0.003818 lr=4.278e-06
[train] step=16397 loss=0.003751 lr=4.277e-06
[train] step=16398 loss=0.003615 lr=4.277e-06
[train] step=16399 loss=0.006240 lr=4.276e-06
[train] step=16400 loss=0.006014 lr=4.276e-06
[train] step=16401 loss=0.004200 lr=4.275e-06
[train] step=16402 loss=0.012917 lr=4.275e-06
[train] step=16403 loss=0.005295 lr=4.274e-06
[train] step=16404 loss=0.006290 lr=4.274e-06
[train] step=16405 loss=0.004456 lr=4.273e-06
[train] step=16406 loss=0.013369 lr=4.273e-06
[train] step=16407 loss=0.008403 lr=4.272e-06
[train] step=16408 loss=0.007387 lr=4.272e-06
[train] step=16409 loss=0.011007 lr=4.271e-06
[train] step=16410 loss=0.007128 lr=4.271e-06
[train] step=16411 loss=0.009513 lr=4.270e-06
[train] step=16412 loss=0.006659 lr=4.270e-06
[train] step=16413 loss=0.006079 lr=4.269e-06
[train] step=16414 loss=0.016895 lr=4.269e-06
[train] step=16415 loss=0.006913 lr=4.268e-06
[train] step=16416 loss=0.003842 lr=4.268e-06
[train] step=16417 loss=0.003960 lr=4.267e-06
[train] step=16418 loss=0.014350 lr=4.267e-06
[train] step=16419 loss=0.005975 lr=4.266e-06
[train] step=16420 loss=0.005932 lr=4.265e-06
[train] step=16421 loss=0.011098 lr=4.265e-06
[train] step=16422 loss=0.006057 lr=4.264e-06
[train] step=16423 loss=0.011810 lr=4.264e-06
[train] step=16424 loss=0.011474 lr=4.263e-06
[train] step=16425 loss=0.016519 lr=4.263e-06
[train] step=16426 loss=0.003505 lr=4.262e-06
[train] step=16427 loss=0.007314 lr=4.262e-06
[train] step=16428 loss=0.008404 lr=4.261e-06
[train] step=16429 loss=0.008381 lr=4.261e-06
[train] step=16430 loss=0.006077 lr=4.260e-06
[train] step=16431 loss=0.019920 lr=4.260e-06
[train] step=16432 loss=0.001802 lr=4.259e-06
[train] step=16433 loss=0.006195 lr=4.259e-06
[train] step=16434 loss=0.003954 lr=4.258e-06
[train] step=16435 loss=0.007131 lr=4.258e-06
[train] step=16436 loss=0.004234 lr=4.257e-06
[train] step=16437 loss=0.006669 lr=4.257e-06
[train] step=16438 loss=0.006529 lr=4.256e-06
[train] step=16439 loss=0.005037 lr=4.256e-06
[train] step=16440 loss=0.015380 lr=4.255e-06
INFO     [rank 0] Model weights for step 16440 saved in      dit_trainer.py:1288
         checkpoints/model_weights_step_16440.safetensors                       
INFO     [rank 0] Scalar embedding weights for step 16440    dit_trainer.py:1297
         saved                                                                  
INFO     [rank 0] Training state saved:                      dit_trainer.py:1416
         checkpoints/model_weights_step_16440.state.pt                          
DEBUG    [rank 0] Removed old checkpoint:                    dit_trainer.py:1429
         /local/disk/hramachandran/work/wh_work/windinet/dit                    
         _outputs/lundquist/dit_sds_untrained_30k/checkpoint                    
         s/model_weights_step_16200.safetensors                                 
DEBUG    [rank 0] Removed old checkpoint:                    dit_trainer.py:1429
         /local/disk/hramachandran/work/wh_work/windinet/dit                    
         _outputs/lundquist/dit_sds_untrained_30k/checkpoint                    
         s/scalar_embedding_step_16200.safetensors                              
DEBUG    [rank 0] Removed optimizer state for older kept     dit_trainer.py:1444
         checkpoint:                                                            
         /local/disk/hramachandran/work/wh_work/windinet/dit                    
         _outputs/lundquist/dit_sds_untrained_30k/checkpoint                    
         s/model_weights_step_16320.state.pt                                    
[epoch 137] step=16440 train_loss=0.008289
[train] step=16441 loss=0.004913 lr=4.255e-06
[train] step=16442 loss=0.010970 lr=4.254e-06
[train] step=16443 loss=0.004415 lr=4.254e-06
[train] step=16444 loss=0.006920 lr=4.253e-06
[train] step=16445 loss=0.002662 lr=4.253e-06
[train] step=16446 loss=0.005151 lr=4.252e-06
[train] step=16447 loss=0.005108 lr=4.252e-06
[train] step=16448 loss=0.008041 lr=4.251e-06
[train] step=16449 loss=0.019410 lr=4.250e-06
[train] step=16450 loss=0.009189 lr=4.250e-06
[train] step=16451 loss=0.005950 lr=4.249e-06
[train] step=16452 loss=0.005652 lr=4.249e-06
[train] step=16453 loss=0.007830 lr=4.248e-06
[train] step=16454 loss=0.003361 lr=4.248e-06
[train] step=16455 loss=0.005359 lr=4.247e-06
[train] step=16456 loss=0.019853 lr=4.247e-06
[train] step=16457 loss=0.013284 lr=4.246e-06
[train] step=16458 loss=0.002671 lr=4.246e-06
[train] step=16459 loss=0.006370 lr=4.245e-06
[train] step=16460 loss=0.008248 lr=4.245e-06
[train] step=16461 loss=0.005925 lr=4.244e-06
[train] step=16462 loss=0.009020 lr=4.244e-06
[train] step=16463 loss=0.005878 lr=4.243e-06
[train] step=16464 loss=0.005702 lr=4.243e-06
[train] step=16465 loss=0.004766 lr=4.242e-06
[train] step=16466 loss=0.010846 lr=4.242e-06
[train] step=16467 loss=0.003639 lr=4.241e-06
[train] step=16468 loss=0.023998 lr=4.241e-06
[train] step=16469 loss=0.004241 lr=4.240e-06
[train] step=16470 loss=0.006468 lr=4.240e-06
[train] step=16471 loss=0.004481 lr=4.239e-06
[train] step=16472 loss=0.006475 lr=4.239e-06
[train] step=16473 loss=0.014333 lr=4.238e-06
[train] step=16474 loss=0.005962 lr=4.238e-06
[train] step=16475 loss=0.012268 lr=4.237e-06
[train] step=16476 loss=0.011792 lr=4.237e-06
[train] step=16477 loss=0.005411 lr=4.236e-06
[train] step=16478 loss=0.008162 lr=4.235e-06
[train] step=16479 loss=0.007509 lr=4.235e-06
[train] step=16480 loss=0.007270 lr=4.234e-06
[train] step=16481 loss=0.002937 lr=4.234e-06
[train] step=16482 loss=0.005964 lr=4.233e-06
[train] step=16483 loss=0.013379 lr=4.233e-06
[train] step=16484 loss=0.009021 lr=4.232e-06
[train] step=16485 loss=0.011845 lr=4.232e-06
[train] step=16486 loss=0.017225 lr=4.231e-06
[train] step=16487 loss=0.010491 lr=4.231e-06
[train] step=16488 loss=0.004570 lr=4.230e-06
[train] step=16489 loss=0.007584 lr=4.230e-06
[train] step=16490 loss=0.004495 lr=4.229e-06
[train] step=16491 loss=0.005276 lr=4.229e-06
[train] step=16492 loss=0.009577 lr=4.228e-06
[train] step=16493 loss=0.007243 lr=4.228e-06
[train] step=16494 loss=0.002614 lr=4.227e-06
[train] step=16495 loss=0.010803 lr=4.227e-06
[train] step=16496 loss=0.010659 lr=4.226e-06
[train] step=16497 loss=0.003762 lr=4.226e-06
[train] step=16498 loss=0.025963 lr=4.225e-06
[train] step=16499 loss=0.004403 lr=4.225e-06
[train] step=16500 loss=0.010701 lr=4.224e-06
[train] step=16501 loss=0.008091 lr=4.224e-06
[train] step=16502 loss=0.002836 lr=4.223e-06
[train] step=16503 loss=0.004609 lr=4.223e-06
[train] step=16504 loss=0.003501 lr=4.222e-06
[train] step=16505 loss=0.006565 lr=4.222e-06
[train] step=16506 loss=0.008937 lr=4.221e-06
[train] step=16507 loss=0.006854 lr=4.221e-06
[train] step=16508 loss=0.003309 lr=4.220e-06
[train] step=16509 loss=0.007362 lr=4.219e-06
[train] step=16510 loss=0.002396 lr=4.219e-06
[train] step=16511 loss=0.004806 lr=4.218e-06
[train] step=16512 loss=0.006512 lr=4.218e-06
[train] step=16513 loss=0.004520 lr=4.217e-06
[train] step=16514 loss=0.006347 lr=4.217e-06
[train] step=16515 loss=0.007143 lr=4.216e-06
[train] step=16516 loss=0.014636 lr=4.216e-06
[train] step=16517 loss=0.009365 lr=4.215e-06
[train] step=16518 loss=0.006664 lr=4.215e-06
[train] step=16519 loss=0.005472 lr=4.214e-06
[train] step=16520 loss=0.005636 lr=4.214e-06
[train] step=16521 loss=0.004978 lr=4.213e-06
[train] step=16522 loss=0.004884 lr=4.213e-06
[train] step=16523 loss=0.039840 lr=4.212e-06
[train] step=16524 loss=0.007631 lr=4.212e-06
[train] step=16525 loss=0.004808 lr=4.211e-06
[train] step=16526 loss=0.004345 lr=4.211e-06
[train] step=16527 loss=0.005719 lr=4.210e-06
[train] step=16528 loss=0.006101 lr=4.210e-06
[train] step=16529 loss=0.028918 lr=4.209e-06
[train] step=16530 loss=0.005842 lr=4.209e-06
[train] step=16531 loss=0.011253 lr=4.208e-06
[train] step=16532 loss=0.004519 lr=4.208e-06
[train] step=16533 loss=0.008899 lr=4.207e-06
[train] step=16534 loss=0.007419 lr=4.207e-06
[train] step=16535 loss=0.009128 lr=4.206e-06
[train] step=16536 loss=0.013150 lr=4.206e-06
[train] step=16537 loss=0.021939 lr=4.205e-06
[train] step=16538 loss=0.005965 lr=4.205e-06
[train] step=16539 loss=0.019403 lr=4.204e-06
[train] step=16540 loss=0.004086 lr=4.203e-06
[train] step=16541 loss=0.004409 lr=4.203e-06
[train] step=16542 loss=0.007244 lr=4.202e-06
[train] step=16543 loss=0.010515 lr=4.202e-06
[train] step=16544 loss=0.004095 lr=4.201e-06
[train] step=16545 loss=0.008419 lr=4.201e-06
[train] step=16546 loss=0.007805 lr=4.200e-06
[train] step=16547 loss=0.004495 lr=4.200e-06
[train] step=16548 loss=0.005088 lr=4.199e-06
[train] step=16549 loss=0.007254 lr=4.199e-06
[train] step=16550 loss=0.010480 lr=4.198e-06
[train] step=16551 loss=0.003796 lr=4.198e-06
[train] step=16552 loss=0.009003 lr=4.197e-06
[train] step=16553 loss=0.003664 lr=4.197e-06
[train] step=16554 loss=0.004655 lr=4.196e-06
[train] step=16555 loss=0.006005 lr=4.196e-06
[train] step=16556 loss=0.008926 lr=4.195e-06
[train] step=16557 loss=0.004717 lr=4.195e-06
[train] step=16558 loss=0.010765 lr=4.194e-06
[train] step=16559 loss=0.018241 lr=4.194e-06
[train] step=16560 loss=0.014942 lr=4.193e-06
INFO     [rank 0] Model weights for step 16560 saved in      dit_trainer.py:1288
         checkpoints/model_weights_step_16560.safetensors                       
INFO     [rank 0] Scalar embedding weights for step 16560    dit_trainer.py:1297
         saved                                                                  
INFO     [rank 0] Training state saved:                      dit_trainer.py:1416
         checkpoints/model_weights_step_16560.state.pt                          
DEBUG    [rank 0] Removed old checkpoint:                    dit_trainer.py:1429
         /local/disk/hramachandran/work/wh_work/windinet/dit                    
         _outputs/lundquist/dit_sds_untrained_30k/checkpoint                    
         s/model_weights_step_16320.safetensors                                 
DEBUG    [rank 0] Removed old checkpoint:                    dit_trainer.py:1429
         /local/disk/hramachandran/work/wh_work/windinet/dit                    
         _outputs/lundquist/dit_sds_untrained_30k/checkpoint                    
         s/scalar_embedding_step_16320.safetensors                              
DEBUG    [rank 0] Removed optimizer state for older kept     dit_trainer.py:1444
         checkpoint:                                                            
         /local/disk/hramachandran/work/wh_work/windinet/dit                    
         _outputs/lundquist/dit_sds_untrained_30k/checkpoint                    
         s/model_weights_step_16440.state.pt                                    
[epoch 138] step=16560 train_loss=0.008311
[train] step=16561 loss=0.007095 lr=4.193e-06
[train] step=16562 loss=0.005786 lr=4.192e-06
[train] step=16563 loss=0.004173 lr=4.192e-06
[train] step=16564 loss=0.005751 lr=4.191e-06
[train] step=16565 loss=0.004008 lr=4.191e-06
[train] step=16566 loss=0.013277 lr=4.190e-06
[train] step=16567 loss=0.005050 lr=4.190e-06
[train] step=16568 loss=0.007546 lr=4.189e-06
[train] step=16569 loss=0.005074 lr=4.188e-06
[train] step=16570 loss=0.003771 lr=4.188e-06
[train] step=16571 loss=0.007846 lr=4.187e-06
[train] step=16572 loss=0.007486 lr=4.187e-06
[train] step=16573 loss=0.012139 lr=4.186e-06
[train] step=16574 loss=0.007302 lr=4.186e-06
[train] step=16575 loss=0.006942 lr=4.185e-06
[train] step=16576 loss=0.006848 lr=4.185e-06
[train] step=16577 loss=0.005823 lr=4.184e-06
[train] step=16578 loss=0.007224 lr=4.184e-06
[train] step=16579 loss=0.005979 lr=4.183e-06
[train] step=16580 loss=0.006124 lr=4.183e-06
[train] step=16581 loss=0.003761 lr=4.182e-06
[train] step=16582 loss=0.010690 lr=4.182e-06
[train] step=16583 loss=0.008656 lr=4.181e-06
[train] step=16584 loss=0.009828 lr=4.181e-06
[train] step=16585 loss=0.006359 lr=4.180e-06
[train] step=16586 loss=0.006124 lr=4.180e-06
[train] step=16587 loss=0.003727 lr=4.179e-06
[train] step=16588 loss=0.010988 lr=4.179e-06
[train] step=16589 loss=0.024232 lr=4.178e-06
[train] step=16590 loss=0.005009 lr=4.178e-06
[train] step=16591 loss=0.006689 lr=4.177e-06
[train] step=16592 loss=0.006027 lr=4.177e-06
[train] step=16593 loss=0.003872 lr=4.176e-06
[train] step=16594 loss=0.004345 lr=4.176e-06
[train] step=16595 loss=0.003300 lr=4.175e-06
[train] step=16596 loss=0.004811 lr=4.175e-06
[train] step=16597 loss=0.007836 lr=4.174e-06
[train] step=16598 loss=0.003355 lr=4.174e-06
[train] step=16599 loss=0.004046 lr=4.173e-06
[train] step=16600 loss=0.008223 lr=4.173e-06
[train] step=16601 loss=0.015660 lr=4.172e-06
[train] step=16602 loss=0.007131 lr=4.171e-06
[train] step=16603 loss=0.005967 lr=4.171e-06
[train] step=16604 loss=0.007081 lr=4.170e-06
[train] step=16605 loss=0.008324 lr=4.170e-06
[train] step=16606 loss=0.027293 lr=4.169e-06
[train] step=16607 loss=0.004775 lr=4.169e-06
[train] step=16608 loss=0.007527 lr=4.168e-06
[train] step=16609 loss=0.004555 lr=4.168e-06
[train] step=16610 loss=0.006646 lr=4.167e-06
[train] step=16611 loss=0.006796 lr=4.167e-06
[train] step=16612 loss=0.008378 lr=4.166e-06
[train] step=16613 loss=0.005473 lr=4.166e-06
[train] step=16614 loss=0.004533 lr=4.165e-06
[train] step=16615 loss=0.005306 lr=4.165e-06
[train] step=16616 loss=0.008530 lr=4.164e-06
[train] step=16617 loss=0.005687 lr=4.164e-06
[train] step=16618 loss=0.010661 lr=4.163e-06
[train] step=16619 loss=0.005431 lr=4.163e-06
[train] step=16620 loss=0.009150 lr=4.162e-06
[train] step=16621 loss=0.005107 lr=4.162e-06
[train] step=16622 loss=0.003807 lr=4.161e-06
[train] step=16623 loss=0.004373 lr=4.161e-06
[train] step=16624 loss=0.005115 lr=4.160e-06
[train] step=16625 loss=0.005454 lr=4.160e-06
[train] step=16626 loss=0.003470 lr=4.159e-06
[train] step=16627 loss=0.015529 lr=4.159e-06
[train] step=16628 loss=0.005536 lr=4.158e-06
[train] step=16629 loss=0.014263 lr=4.158e-06
[train] step=16630 loss=0.004012 lr=4.157e-06
[train] step=16631 loss=0.007019 lr=4.157e-06
[train] step=16632 loss=0.008610 lr=4.156e-06
[train] step=16633 loss=0.005203 lr=4.155e-06
[train] step=16634 loss=0.005398 lr=4.155e-06
[train] step=16635 loss=0.009836 lr=4.154e-06
[train] step=16636 loss=0.011232 lr=4.154e-06
[train] step=16637 loss=0.003028 lr=4.153e-06
[train] step=16638 loss=0.007940 lr=4.153e-06
[train] step=16639 loss=0.017007 lr=4.152e-06
[train] step=16640 loss=0.007953 lr=4.152e-06
[train] step=16641 loss=0.005960 lr=4.151e-06
[train] step=16642 loss=0.003897 lr=4.151e-06
[train] step=16643 loss=0.008966 lr=4.150e-06
[train] step=16644 loss=0.003786 lr=4.150e-06
[train] step=16645 loss=0.009529 lr=4.149e-06
[train] step=16646 loss=0.004919 lr=4.149e-06
[train] step=16647 loss=0.006102 lr=4.148e-06
[train] step=16648 loss=0.005866 lr=4.148e-06
[train] step=16649 loss=0.007787 lr=4.147e-06
[train] step=16650 loss=0.036666 lr=4.147e-06
[train] step=16651 loss=0.002347 lr=4.146e-06
[train] step=16652 loss=0.007720 lr=4.146e-06
[train] step=16653 loss=0.004351 lr=4.145e-06
[train] step=16654 loss=0.005273 lr=4.145e-06
[train] step=16655 loss=0.003271 lr=4.144e-06
[train] step=16656 loss=0.004342 lr=4.144e-06
[train] step=16657 loss=0.005033 lr=4.143e-06
[train] step=16658 loss=0.003380 lr=4.143e-06
[train] step=16659 loss=0.012574 lr=4.142e-06
[train] step=16660 loss=0.011484 lr=4.142e-06
[train] step=16661 loss=0.008483 lr=4.141e-06
[train] step=16662 loss=0.011568 lr=4.141e-06
[train] step=16663 loss=0.005471 lr=4.140e-06
[train] step=16664 loss=0.005038 lr=4.140e-06
[train] step=16665 loss=0.005412 lr=4.139e-06
[train] step=16666 loss=0.006695 lr=4.138e-06
[train] step=16667 loss=0.001977 lr=4.138e-06
[train] step=16668 loss=0.005813 lr=4.137e-06
[train] step=16669 loss=0.006519 lr=4.137e-06
[train] step=16670 loss=0.005386 lr=4.136e-06
[train] step=16671 loss=0.013153 lr=4.136e-06
[train] step=16672 loss=0.007284 lr=4.135e-06
[train] step=16673 loss=0.005912 lr=4.135e-06
[train] step=16674 loss=0.005493 lr=4.134e-06
[train] step=16675 loss=0.013272 lr=4.134e-06
[train] step=16676 loss=0.020418 lr=4.133e-06
[train] step=16677 loss=0.009555 lr=4.133e-06
[train] step=16678 loss=0.007378 lr=4.132e-06
[train] step=16679 loss=0.007680 lr=4.132e-06
[train] step=16680 loss=0.009324 lr=4.131e-06
INFO     [rank 0] Model weights for step 16680 saved in      dit_trainer.py:1288
         checkpoints/model_weights_step_16680.safetensors                       
INFO     [rank 0] Scalar embedding weights for step 16680    dit_trainer.py:1297
         saved                                                                  
INFO     [rank 0] Training state saved:                      dit_trainer.py:1416
         checkpoints/model_weights_step_16680.state.pt                          
DEBUG    [rank 0] Removed old checkpoint:                    dit_trainer.py:1429
         /local/disk/hramachandran/work/wh_work/windinet/dit                    
         _outputs/lundquist/dit_sds_untrained_30k/checkpoint                    
         s/model_weights_step_16440.safetensors                                 
DEBUG    [rank 0] Removed old checkpoint:                    dit_trainer.py:1429
         /local/disk/hramachandran/work/wh_work/windinet/dit                    
         _outputs/lundquist/dit_sds_untrained_30k/checkpoint                    
         s/scalar_embedding_step_16440.safetensors                              
DEBUG    [rank 0] Removed optimizer state for older kept     dit_trainer.py:1444
         checkpoint:                                                            
         /local/disk/hramachandran/work/wh_work/windinet/dit                    
         _outputs/lundquist/dit_sds_untrained_30k/checkpoint                    
         s/model_weights_step_16560.state.pt                                    
[epoch 139] step=16680 train_loss=0.007605
[train] step=16681 loss=0.010817 lr=4.131e-06
[train] step=16682 loss=0.019257 lr=4.130e-06
[train] step=16683 loss=0.005430 lr=4.130e-06
[train] step=16684 loss=0.009169 lr=4.129e-06
[train] step=16685 loss=0.003407 lr=4.129e-06
[train] step=16686 loss=0.006758 lr=4.128e-06
[train] step=16687 loss=0.015267 lr=4.128e-06
[train] step=16688 loss=0.003527 lr=4.127e-06
[train] step=16689 loss=0.006554 lr=4.127e-06
[train] step=16690 loss=0.003583 lr=4.126e-06
[train] step=16691 loss=0.007741 lr=4.126e-06
[train] step=16692 loss=0.006234 lr=4.125e-06
[train] step=16693 loss=0.008353 lr=4.125e-06
[train] step=16694 loss=0.006700 lr=4.124e-06
[train] step=16695 loss=0.005629 lr=4.124e-06
[train] step=16696 loss=0.012964 lr=4.123e-06
[train] step=16697 loss=0.004632 lr=4.123e-06
[train] step=16698 loss=0.006540 lr=4.122e-06
[train] step=16699 loss=0.003890 lr=4.121e-06
[train] step=16700 loss=0.006571 lr=4.121e-06
[train] step=16701 loss=0.003512 lr=4.120e-06
[train] step=16702 loss=0.009423 lr=4.120e-06
[train] step=16703 loss=0.028181 lr=4.119e-06
[train] step=16704 loss=0.009566 lr=4.119e-06
[train] step=16705 loss=0.006585 lr=4.118e-06
[train] step=16706 loss=0.005871 lr=4.118e-06
[train] step=16707 loss=0.002663 lr=4.117e-06
[train] step=16708 loss=0.006196 lr=4.117e-06
[train] step=16709 loss=0.005280 lr=4.116e-06
[train] step=16710 loss=0.006498 lr=4.116e-06
[train] step=16711 loss=0.004160 lr=4.115e-06
[train] step=16712 loss=0.016208 lr=4.115e-06
[train] step=16713 loss=0.006866 lr=4.114e-06
[train] step=16714 loss=0.006372 lr=4.114e-06
[train] step=16715 loss=0.003641 lr=4.113e-06
[train] step=16716 loss=0.005178 lr=4.113e-06
[train] step=16717 loss=0.008650 lr=4.112e-06
[train] step=16718 loss=0.006654 lr=4.112e-06
[train] step=16719 loss=0.011236 lr=4.111e-06
[train] step=16720 loss=0.009725 lr=4.111e-06
[train] step=16721 loss=0.004481 lr=4.110e-06
[train] step=16722 loss=0.006816 lr=4.110e-06
[train] step=16723 loss=0.018095 lr=4.109e-06
[train] step=16724 loss=0.004038 lr=4.109e-06
[train] step=16725 loss=0.004425 lr=4.108e-06
[train] step=16726 loss=0.007678 lr=4.108e-06
[train] step=16727 loss=0.005952 lr=4.107e-06
[train] step=16728 loss=0.012021 lr=4.107e-06
[train] step=16729 loss=0.004010 lr=4.106e-06
[train] step=16730 loss=0.012500 lr=4.106e-06
[train] step=16731 loss=0.006450 lr=4.105e-06
[train] step=16732 loss=0.002942 lr=4.105e-06
[train] step=16733 loss=0.003617 lr=4.104e-06
[train] step=16734 loss=0.007230 lr=4.103e-06
[train] step=16735 loss=0.008917 lr=4.103e-06
[train] step=16736 loss=0.009721 lr=4.102e-06
[train] step=16737 loss=0.009418 lr=4.102e-06
[train] step=16738 loss=0.003356 lr=4.101e-06
[train] step=16739 loss=0.014957 lr=4.101e-06
[train] step=16740 loss=0.004851 lr=4.100e-06
[train] step=16741 loss=0.007291 lr=4.100e-06
[train] step=16742 loss=0.008012 lr=4.099e-06
[train] step=16743 loss=0.002280 lr=4.099e-06
[train] step=16744 loss=0.004277 lr=4.098e-06
[train] step=16745 loss=0.016847 lr=4.098e-06
[train] step=16746 loss=0.014692 lr=4.097e-06
[train] step=16747 loss=0.006440 lr=4.097e-06
[train] step=16748 loss=0.004291 lr=4.096e-06
[train] step=16749 loss=0.005783 lr=4.096e-06
[train] step=16750 loss=0.004211 lr=4.095e-06
[train] step=16751 loss=0.004677 lr=4.095e-06
[train] step=16752 loss=0.011457 lr=4.094e-06
[train] step=16753 loss=0.012606 lr=4.094e-06
[train] step=16754 loss=0.007757 lr=4.093e-06
[train] step=16755 loss=0.008565 lr=4.093e-06
[train] step=16756 loss=0.009569 lr=4.092e-06
[train] step=16757 loss=0.003317 lr=4.092e-06
[train] step=16758 loss=0.003213 lr=4.091e-06
[train] step=16759 loss=0.009056 lr=4.091e-06
[train] step=16760 loss=0.014705 lr=4.090e-06
[train] step=16761 loss=0.005805 lr=4.090e-06
[train] step=16762 loss=0.008259 lr=4.089e-06
[train] step=16763 loss=0.008284 lr=4.089e-06
[train] step=16764 loss=0.015160 lr=4.088e-06
[train] step=16765 loss=0.009146 lr=4.088e-06
[train] step=16766 loss=0.002144 lr=4.087e-06
[train] step=16767 loss=0.003570 lr=4.087e-06
[train] step=16768 loss=0.011701 lr=4.086e-06
[train] step=16769 loss=0.020495 lr=4.085e-06
[train] step=16770 loss=0.009415 lr=4.085e-06
[train] step=16771 loss=0.009664 lr=4.084e-06
[train] step=16772 loss=0.002423 lr=4.084e-06
[train] step=16773 loss=0.008990 lr=4.083e-06
[train] step=16774 loss=0.006227 lr=4.083e-06
[train] step=16775 loss=0.009844 lr=4.082e-06
[train] step=16776 loss=0.007184 lr=4.082e-06
[train] step=16777 loss=0.007964 lr=4.081e-06
[train] step=16778 loss=0.048580 lr=4.081e-06
[train] step=16779 loss=0.004490 lr=4.080e-06
[train] step=16780 loss=0.004099 lr=4.080e-06
[train] step=16781 loss=0.010069 lr=4.079e-06
[train] step=16782 loss=0.009657 lr=4.079e-06
[train] step=16783 loss=0.002790 lr=4.078e-06
[train] step=16784 loss=0.007259 lr=4.078e-06
[train] step=16785 loss=0.006281 lr=4.077e-06
[train] step=16786 loss=0.005039 lr=4.077e-06
[train] step=16787 loss=0.011822 lr=4.076e-06
[train] step=16788 loss=0.007315 lr=4.076e-06
[train] step=16789 loss=0.004267 lr=4.075e-06
[train] step=16790 loss=0.005021 lr=4.075e-06
[train] step=16791 loss=0.008445 lr=4.074e-06
[train] step=16792 loss=0.006137 lr=4.074e-06
[train] step=16793 loss=0.004502 lr=4.073e-06
[train] step=16794 loss=0.008343 lr=4.073e-06
[train] step=16795 loss=0.004988 lr=4.072e-06
[train] step=16796 loss=0.005634 lr=4.072e-06
[train] step=16797 loss=0.005969 lr=4.071e-06
[train] step=16798 loss=0.012018 lr=4.071e-06
[train] step=16799 loss=0.004314 lr=4.070e-06
[train] step=16800 loss=0.004246 lr=4.070e-06
[val] step=16800 val_loss=0.013317
INFO     [rank 0] Model weights for step 16800 saved in      dit_trainer.py:1288
         checkpoints/model_weights_step_16800.safetensors                       
INFO     [rank 0] Scalar embedding weights for step 16800    dit_trainer.py:1297
         saved                                                                  
INFO     [rank 0] Training state saved:                      dit_trainer.py:1416
         checkpoints/model_weights_step_16800.state.pt                          
DEBUG    [rank 0] Removed old checkpoint:                    dit_trainer.py:1429
         /local/disk/hramachandran/work/wh_work/windinet/dit                    
         _outputs/lundquist/dit_sds_untrained_30k/checkpoint                    
         s/model_weights_step_16560.safetensors                                 
DEBUG    [rank 0] Removed old checkpoint:                    dit_trainer.py:1429
         /local/disk/hramachandran/work/wh_work/windinet/dit                    
         _outputs/lundquist/dit_sds_untrained_30k/checkpoint                    
         s/scalar_embedding_step_16560.safetensors                              
DEBUG    [rank 0] Removed optimizer state for older kept     dit_trainer.py:1444
         checkpoint:                                                            
         /local/disk/hramachandran/work/wh_work/windinet/dit                    
         _outputs/lundquist/dit_sds_untrained_30k/checkpoint                    
         s/model_weights_step_16680.state.pt                                    
[epoch 140] step=16800 train_loss=0.008072 val_loss=0.013317
[train] step=16801 loss=0.005542 lr=4.069e-06
[train] step=16802 loss=0.006707 lr=4.069e-06
[train] step=16803 loss=0.006540 lr=4.068e-06
[train] step=16804 loss=0.006199 lr=4.067e-06
[train] step=16805 loss=0.007607 lr=4.067e-06
[train] step=16806 loss=0.004007 lr=4.066e-06
[train] step=16807 loss=0.006194 lr=4.066e-06
[train] step=16808 loss=0.008058 lr=4.065e-06
[train] step=16809 loss=0.005158 lr=4.065e-06
[train] step=16810 loss=0.006399 lr=4.064e-06
[train] step=16811 loss=0.003401 lr=4.064e-06
[train] step=16812 loss=0.005783 lr=4.063e-06
[train] step=16813 loss=0.003563 lr=4.063e-06
[train] step=16814 loss=0.006381 lr=4.062e-06
[train] step=16815 loss=0.004157 lr=4.062e-06
[train] step=16816 loss=0.005496 lr=4.061e-06
[train] step=16817 loss=0.002637 lr=4.061e-06
[train] step=16818 loss=0.003795 lr=4.060e-06
[train] step=16819 loss=0.004416 lr=4.060e-06
[train] step=16820 loss=0.007754 lr=4.059e-06
[train] step=16821 loss=0.029693 lr=4.059e-06
[train] step=16822 loss=0.005177 lr=4.058e-06
[train] step=16823 loss=0.004153 lr=4.058e-06
[train] step=16824 loss=0.006225 lr=4.057e-06
[train] step=16825 loss=0.003743 lr=4.057e-06
[train] step=16826 loss=0.003053 lr=4.056e-06
[train] step=16827 loss=0.006844 lr=4.056e-06
[train] step=16828 loss=0.010060 lr=4.055e-06
[train] step=16829 loss=0.007062 lr=4.055e-06
[train] step=16830 loss=0.005207 lr=4.054e-06
[train] step=16831 loss=0.003918 lr=4.054e-06
[train] step=16832 loss=0.011192 lr=4.053e-06
[train] step=16833 loss=0.004595 lr=4.053e-06
[train] step=16834 loss=0.004456 lr=4.052e-06
[train] step=16835 loss=0.004837 lr=4.052e-06
[train] step=16836 loss=0.005753 lr=4.051e-06
[train] step=16837 loss=0.003628 lr=4.051e-06
[train] step=16838 loss=0.006406 lr=4.050e-06
[train] step=16839 loss=0.008206 lr=4.050e-06
[train] step=16840 loss=0.015460 lr=4.049e-06
[train] step=16841 loss=0.003036 lr=4.048e-06
[train] step=16842 loss=0.005029 lr=4.048e-06
[train] step=16843 loss=0.012163 lr=4.047e-06
[train] step=16844 loss=0.004032 lr=4.047e-06
[train] step=16845 loss=0.004451 lr=4.046e-06
[train] step=16846 loss=0.004207 lr=4.046e-06
[train] step=16847 loss=0.008706 lr=4.045e-06
[train] step=16848 loss=0.009461 lr=4.045e-06
[train] step=16849 loss=0.005891 lr=4.044e-06
[train] step=16850 loss=0.006709 lr=4.044e-06
[train] step=16851 loss=0.004631 lr=4.043e-06
[train] step=16852 loss=0.003147 lr=4.043e-06
[train] step=16853 loss=0.004536 lr=4.042e-06
[train] step=16854 loss=0.012923 lr=4.042e-06
[train] step=16855 loss=0.004117 lr=4.041e-06
[train] step=16856 loss=0.018497 lr=4.041e-06
[train] step=16857 loss=0.005933 lr=4.040e-06
[train] step=16858 loss=0.005593 lr=4.040e-06
[train] step=16859 loss=0.006194 lr=4.039e-06
[train] step=16860 loss=0.006277 lr=4.039e-06
[train] step=16861 loss=0.005658 lr=4.038e-06
[train] step=16862 loss=0.004988 lr=4.038e-06
[train] step=16863 loss=0.008705 lr=4.037e-06
[train] step=16864 loss=0.005849 lr=4.037e-06
[train] step=16865 loss=0.009190 lr=4.036e-06
[train] step=16866 loss=0.005034 lr=4.036e-06
[train] step=16867 loss=0.005685 lr=4.035e-06
[train] step=16868 loss=0.005355 lr=4.035e-06
[train] step=16869 loss=0.004958 lr=4.034e-06
[train] step=16870 loss=0.010431 lr=4.034e-06
[train] step=16871 loss=0.005140 lr=4.033e-06
[train] step=16872 loss=0.006350 lr=4.033e-06
[train] step=16873 loss=0.003385 lr=4.032e-06
[train] step=16874 loss=0.005631 lr=4.032e-06
[train] step=16875 loss=0.002439 lr=4.031e-06
[train] step=16876 loss=0.003243 lr=4.031e-06
[train] step=16877 loss=0.005877 lr=4.030e-06
[train] step=16878 loss=0.004989 lr=4.029e-06
[train] step=16879 loss=0.003029 lr=4.029e-06
[train] step=16880 loss=0.006863 lr=4.028e-06
[train] step=16881 loss=0.008363 lr=4.028e-06
[train] step=16882 loss=0.007383 lr=4.027e-06
[train] step=16883 loss=0.006001 lr=4.027e-06
[train] step=16884 loss=0.006126 lr=4.026e-06
[train] step=16885 loss=0.005042 lr=4.026e-06
[train] step=16886 loss=0.010746 lr=4.025e-06
[train] step=16887 loss=0.005857 lr=4.025e-06
[train] step=16888 loss=0.007182 lr=4.024e-06
[train] step=16889 loss=0.004670 lr=4.024e-06
[train] step=16890 loss=0.006759 lr=4.023e-06
[train] step=16891 loss=0.004502 lr=4.023e-06
[train] step=16892 loss=0.006490 lr=4.022e-06
[train] step=16893 loss=0.003175 lr=4.022e-06
[train] step=16894 loss=0.006759 lr=4.021e-06
[train] step=16895 loss=0.004966 lr=4.021e-06
[train] step=16896 loss=0.006439 lr=4.020e-06
[train] step=16897 loss=0.007295 lr=4.020e-06
[train] step=16898 loss=0.004232 lr=4.019e-06
[train] step=16899 loss=0.007516 lr=4.019e-06
[train] step=16900 loss=0.004421 lr=4.018e-06
[train] step=16901 loss=0.003635 lr=4.018e-06
[train] step=16902 loss=0.006087 lr=4.017e-06
[train] step=16903 loss=0.006371 lr=4.017e-06
[train] step=16904 loss=0.006870 lr=4.016e-06
[train] step=16905 loss=0.008220 lr=4.016e-06
[train] step=16906 loss=0.005320 lr=4.015e-06
[train] step=16907 loss=0.003381 lr=4.015e-06
[train] step=16908 loss=0.006103 lr=4.014e-06
[train] step=16909 loss=0.003673 lr=4.014e-06
[train] step=16910 loss=0.007207 lr=4.013e-06
[train] step=16911 loss=0.003589 lr=4.013e-06
[train] step=16912 loss=0.004678 lr=4.012e-06
[train] step=16913 loss=0.004801 lr=4.012e-06
[train] step=16914 loss=0.009339 lr=4.011e-06
[train] step=16915 loss=0.016018 lr=4.011e-06
[train] step=16916 loss=0.005577 lr=4.010e-06
[train] step=16917 loss=0.003867 lr=4.009e-06
[train] step=16918 loss=0.003546 lr=4.009e-06
[train] step=16919 loss=0.010785 lr=4.008e-06
[train] step=16920 loss=0.013724 lr=4.008e-06
INFO     [rank 0] Model weights for step 16920 saved in      dit_trainer.py:1288
         checkpoints/model_weights_step_16920.safetensors                       
INFO     [rank 0] Scalar embedding weights for step 16920    dit_trainer.py:1297
         saved                                                                  
INFO     [rank 0] Training state saved:                      dit_trainer.py:1416
         checkpoints/model_weights_step_16920.state.pt                          
DEBUG    [rank 0] Removed old checkpoint:                    dit_trainer.py:1429
         /local/disk/hramachandran/work/wh_work/windinet/dit                    
         _outputs/lundquist/dit_sds_untrained_30k/checkpoint                    
         s/model_weights_step_16680.safetensors                                 
DEBUG    [rank 0] Removed old checkpoint:                    dit_trainer.py:1429
         /local/disk/hramachandran/work/wh_work/windinet/dit                    
         _outputs/lundquist/dit_sds_untrained_30k/checkpoint                    
         s/scalar_embedding_step_16680.safetensors                              
DEBUG    [rank 0] Removed optimizer state for older kept     dit_trainer.py:1444
         checkpoint:                                                            
         /local/disk/hramachandran/work/wh_work/windinet/dit                    
         _outputs/lundquist/dit_sds_untrained_30k/checkpoint                    
         s/model_weights_step_16800.state.pt                                    
[epoch 141] step=16920 train_loss=0.006292
[train] step=16921 loss=0.008483 lr=4.007e-06
[train] step=16922 loss=0.015116 lr=4.007e-06
[train] step=16923 loss=0.004343 lr=4.006e-06
[train] step=16924 loss=0.004707 lr=4.006e-06
[train] step=16925 loss=0.007966 lr=4.005e-06
[train] step=16926 loss=0.004720 lr=4.005e-06
[train] step=16927 loss=0.004295 lr=4.004e-06
[train] step=16928 loss=0.010034 lr=4.004e-06
[train] step=16929 loss=0.007023 lr=4.003e-06
[train] step=16930 loss=0.002432 lr=4.003e-06
[train] step=16931 loss=0.008902 lr=4.002e-06
[train] step=16932 loss=0.019639 lr=4.002e-06
[train] step=16933 loss=0.005854 lr=4.001e-06
[train] step=16934 loss=0.004751 lr=4.001e-06
[train] step=16935 loss=0.023155 lr=4.000e-06
[train] step=16936 loss=0.017335 lr=4.000e-06
[train] step=16937 loss=0.003383 lr=3.999e-06
[train] step=16938 loss=0.005640 lr=3.999e-06
[train] step=16939 loss=0.006641 lr=3.998e-06
[train] step=16940 loss=0.007319 lr=3.998e-06
[train] step=16941 loss=0.010160 lr=3.997e-06
[train] step=16942 loss=0.007252 lr=3.997e-06
[train] step=16943 loss=0.003275 lr=3.996e-06
[train] step=16944 loss=0.006906 lr=3.996e-06
[train] step=16945 loss=0.007106 lr=3.995e-06
[train] step=16946 loss=0.022107 lr=3.995e-06
[train] step=16947 loss=0.017414 lr=3.994e-06
[train] step=16948 loss=0.003183 lr=3.994e-06
[train] step=16949 loss=0.013130 lr=3.993e-06
[train] step=16950 loss=0.005614 lr=3.993e-06
[train] step=16951 loss=0.006867 lr=3.992e-06
[train] step=16952 loss=0.005701 lr=3.992e-06
[train] step=16953 loss=0.045434 lr=3.991e-06
[train] step=16954 loss=0.005714 lr=3.991e-06
[train] step=16955 loss=0.006815 lr=3.990e-06
[train] step=16956 loss=0.002539 lr=3.990e-06
[train] step=16957 loss=0.008556 lr=3.989e-06
[train] step=16958 loss=0.004305 lr=3.988e-06
[train] step=16959 loss=0.008782 lr=3.988e-06
[train] step=16960 loss=0.011695 lr=3.987e-06
[train] step=16961 loss=0.009906 lr=3.987e-06
[train] step=16962 loss=0.008866 lr=3.986e-06
[train] step=16963 loss=0.006208 lr=3.986e-06
[train] step=16964 loss=0.026295 lr=3.985e-06
[train] step=16965 loss=0.008839 lr=3.985e-06
[train] step=16966 loss=0.006079 lr=3.984e-06
[train] step=16967 loss=0.003587 lr=3.984e-06
[train] step=16968 loss=0.007243 lr=3.983e-06
[train] step=16969 loss=0.005345 lr=3.983e-06
[train] step=16970 loss=0.008798 lr=3.982e-06
[train] step=16971 loss=0.003210 lr=3.982e-06
[train] step=16972 loss=0.009783 lr=3.981e-06
[train] step=16973 loss=0.008773 lr=3.981e-06
[train] step=16974 loss=0.005995 lr=3.980e-06
[train] step=16975 loss=0.004583 lr=3.980e-06
[train] step=16976 loss=0.008474 lr=3.979e-06
[train] step=16977 loss=0.013791 lr=3.979e-06
[train] step=16978 loss=0.003759 lr=3.978e-06
[train] step=16979 loss=0.005121 lr=3.978e-06
[train] step=16980 loss=0.005201 lr=3.977e-06
[train] step=16981 loss=0.004847 lr=3.977e-06
[train] step=16982 loss=0.015444 lr=3.976e-06
[train] step=16983 loss=0.015919 lr=3.976e-06
[train] step=16984 loss=0.006256 lr=3.975e-06
[train] step=16985 loss=0.003106 lr=3.975e-06
[train] step=16986 loss=0.005251 lr=3.974e-06
[train] step=16987 loss=0.003974 lr=3.974e-06
[train] step=16988 loss=0.008701 lr=3.973e-06
[train] step=16989 loss=0.004800 lr=3.973e-06
[train] step=16990 loss=0.004542 lr=3.972e-06
[train] step=16991 loss=0.005853 lr=3.972e-06
[train] step=16992 loss=0.013337 lr=3.971e-06
[train] step=16993 loss=0.008261 lr=3.971e-06
[train] step=16994 loss=0.007022 lr=3.970e-06
[train] step=16995 loss=0.005705 lr=3.970e-06
[train] step=16996 loss=0.009991 lr=3.969e-06
[train] step=16997 loss=0.004953 lr=3.969e-06
[train] step=16998 loss=0.003916 lr=3.968e-06
[train] step=16999 loss=0.010640 lr=3.968e-06
[train] step=17000 loss=0.004922 lr=3.967e-06
[train] step=17001 loss=0.004559 lr=3.966e-06
[train] step=17002 loss=0.003959 lr=3.966e-06
[train] step=17003 loss=0.005515 lr=3.965e-06
[train] step=17004 loss=0.006458 lr=3.965e-06
[train] step=17005 loss=0.010229 lr=3.964e-06
[train] step=17006 loss=0.008120 lr=3.964e-06
[train] step=17007 loss=0.003990 lr=3.963e-06
[train] step=17008 loss=0.006134 lr=3.963e-06
[train] step=17009 loss=0.013856 lr=3.962e-06
[train] step=17010 loss=0.011250 lr=3.962e-06
[train] step=17011 loss=0.002611 lr=3.961e-06
[train] step=17012 loss=0.009291 lr=3.961e-06
[train] step=17013 loss=0.005051 lr=3.960e-06
[train] step=17014 loss=0.005584 lr=3.960e-06
[train] step=17015 loss=0.048274 lr=3.959e-06
[train] step=17016 loss=0.028318 lr=3.959e-06
[train] step=17017 loss=0.004961 lr=3.958e-06
[train] step=17018 loss=0.006304 lr=3.958e-06
[train] step=17019 loss=0.015123 lr=3.957e-06
[train] step=17020 loss=0.005109 lr=3.957e-06
[train] step=17021 loss=0.014070 lr=3.956e-06
[train] step=17022 loss=0.015402 lr=3.956e-06
[train] step=17023 loss=0.009461 lr=3.955e-06
[train] step=17024 loss=0.025861 lr=3.955e-06
[train] step=17025 loss=0.018163 lr=3.954e-06
[train] step=17026 loss=0.006858 lr=3.954e-06
[train] step=17027 loss=0.039346 lr=3.953e-06
[train] step=17028 loss=0.004216 lr=3.953e-06
[train] step=17029 loss=0.006066 lr=3.952e-06
[train] step=17030 loss=0.004256 lr=3.952e-06
[train] step=17031 loss=0.017753 lr=3.951e-06
[train] step=17032 loss=0.007593 lr=3.951e-06
[train] step=17033 loss=0.012046 lr=3.950e-06
[train] step=17034 loss=0.034152 lr=3.950e-06
[train] step=17035 loss=0.006064 lr=3.949e-06
[train] step=17036 loss=0.004314 lr=3.949e-06
[train] step=17037 loss=0.007381 lr=3.948e-06
[train] step=17038 loss=0.017961 lr=3.948e-06
[train] step=17039 loss=0.005792 lr=3.947e-06
[train] step=17040 loss=0.003873 lr=3.947e-06
INFO     [rank 0] Model weights for step 17040 saved in      dit_trainer.py:1288
         checkpoints/model_weights_step_17040.safetensors                       
INFO     [rank 0] Scalar embedding weights for step 17040    dit_trainer.py:1297
         saved                                                                  
INFO     [rank 0] Training state saved:                      dit_trainer.py:1416
         checkpoints/model_weights_step_17040.state.pt                          
DEBUG    [rank 0] Removed old checkpoint:                    dit_trainer.py:1429
         /local/disk/hramachandran/work/wh_work/windinet/dit                    
         _outputs/lundquist/dit_sds_untrained_30k/checkpoint                    
         s/model_weights_step_16800.safetensors                                 
DEBUG    [rank 0] Removed old checkpoint:                    dit_trainer.py:1429
         /local/disk/hramachandran/work/wh_work/windinet/dit                    
         _outputs/lundquist/dit_sds_untrained_30k/checkpoint                    
         s/scalar_embedding_step_16800.safetensors                              
DEBUG    [rank 0] Removed optimizer state for older kept     dit_trainer.py:1444
         checkpoint:                                                            
         /local/disk/hramachandran/work/wh_work/windinet/dit                    
         _outputs/lundquist/dit_sds_untrained_30k/checkpoint                    
         s/model_weights_step_16920.state.pt                                    
[epoch 142] step=17040 train_loss=0.009640
[train] step=17041 loss=0.003747 lr=3.946e-06
[train] step=17042 loss=0.003611 lr=3.946e-06
[train] step=17043 loss=0.006094 lr=3.945e-06
[train] step=17044 loss=0.006969 lr=3.944e-06
[train] step=17045 loss=0.005548 lr=3.944e-06
[train] step=17046 loss=0.004022 lr=3.943e-06
[train] step=17047 loss=0.006634 lr=3.943e-06
[train] step=17048 loss=0.005532 lr=3.942e-06
[train] step=17049 loss=0.016198 lr=3.942e-06
[train] step=17050 loss=0.019297 lr=3.941e-06
[train] step=17051 loss=0.006323 lr=3.941e-06
[train] step=17052 loss=0.005215 lr=3.940e-06
[train] step=17053 loss=0.010746 lr=3.940e-06
[train] step=17054 loss=0.011930 lr=3.939e-06
[train] step=17055 loss=0.005655 lr=3.939e-06
[train] step=17056 loss=0.006808 lr=3.938e-06
[train] step=17057 loss=0.006257 lr=3.938e-06
[train] step=17058 loss=0.010891 lr=3.937e-06
[train] step=17059 loss=0.007001 lr=3.937e-06
[train] step=17060 loss=0.009599 lr=3.936e-06
[train] step=17061 loss=0.006388 lr=3.936e-06
[train] step=17062 loss=0.010305 lr=3.935e-06
[train] step=17063 loss=0.006903 lr=3.935e-06
[train] step=17064 loss=0.009671 lr=3.934e-06
[train] step=17065 loss=0.003343 lr=3.934e-06
[train] step=17066 loss=0.005671 lr=3.933e-06
[train] step=17067 loss=0.006115 lr=3.933e-06
[train] step=17068 loss=0.006766 lr=3.932e-06
[train] step=17069 loss=0.011579 lr=3.932e-06
[train] step=17070 loss=0.002957 lr=3.931e-06
[train] step=17071 loss=0.009894 lr=3.931e-06
[train] step=17072 loss=0.003492 lr=3.930e-06
[train] step=17073 loss=0.007035 lr=3.930e-06
[train] step=17074 loss=0.005116 lr=3.929e-06
[train] step=17075 loss=0.003496 lr=3.929e-06
[train] step=17076 loss=0.036201 lr=3.928e-06
[train] step=17077 loss=0.003942 lr=3.928e-06
[train] step=17078 loss=0.017726 lr=3.927e-06
[train] step=17079 loss=0.006582 lr=3.927e-06
[train] step=17080 loss=0.004200 lr=3.926e-06
[train] step=17081 loss=0.007297 lr=3.926e-06
[train] step=17082 loss=0.008202 lr=3.925e-06
[train] step=17083 loss=0.005830 lr=3.925e-06
[train] step=17084 loss=0.004320 lr=3.924e-06
[train] step=17085 loss=0.005416 lr=3.924e-06
[train] step=17086 loss=0.004854 lr=3.923e-06
[train] step=17087 loss=0.006976 lr=3.923e-06
[train] step=17088 loss=0.009029 lr=3.922e-06
[train] step=17089 loss=0.006334 lr=3.922e-06
[train] step=17090 loss=0.008363 lr=3.921e-06
[train] step=17091 loss=0.003978 lr=3.920e-06
[train] step=17092 loss=0.006651 lr=3.920e-06
[train] step=17093 loss=0.006919 lr=3.919e-06
[train] step=17094 loss=0.008272 lr=3.919e-06
[train] step=17095 loss=0.037957 lr=3.918e-06
[train] step=17096 loss=0.010643 lr=3.918e-06
[train] step=17097 loss=0.003660 lr=3.917e-06
[train] step=17098 loss=0.006716 lr=3.917e-06
[train] step=17099 loss=0.006701 lr=3.916e-06
[train] step=17100 loss=0.005207 lr=3.916e-06
[train] step=17101 loss=0.009739 lr=3.915e-06
[train] step=17102 loss=0.004783 lr=3.915e-06
[train] step=17103 loss=0.004371 lr=3.914e-06
[train] step=17104 loss=0.016846 lr=3.914e-06
[train] step=17105 loss=0.005902 lr=3.913e-06
[train] step=17106 loss=0.007419 lr=3.913e-06
[train] step=17107 loss=0.009662 lr=3.912e-06
[train] step=17108 loss=0.005722 lr=3.912e-06
[train] step=17109 loss=0.026847 lr=3.911e-06
[train] step=17110 loss=0.006394 lr=3.911e-06
[train] step=17111 loss=0.002560 lr=3.910e-06
[train] step=17112 loss=0.004554 lr=3.910e-06
[train] step=17113 loss=0.006646 lr=3.909e-06
[train] step=17114 loss=0.008258 lr=3.909e-06
[train] step=17115 loss=0.004822 lr=3.908e-06
[train] step=17116 loss=0.006724 lr=3.908e-06
[train] step=17117 loss=0.005067 lr=3.907e-06
[train] step=17118 loss=0.006030 lr=3.907e-06
[train] step=17119 loss=0.007372 lr=3.906e-06
[train] step=17120 loss=0.004698 lr=3.906e-06
[train] step=17121 loss=0.006953 lr=3.905e-06
[train] step=17122 loss=0.004419 lr=3.905e-06
[train] step=17123 loss=0.018697 lr=3.904e-06
[train] step=17124 loss=0.003348 lr=3.904e-06
[train] step=17125 loss=0.010512 lr=3.903e-06
[train] step=17126 loss=0.005878 lr=3.903e-06
[train] step=17127 loss=0.014413 lr=3.902e-06
[train] step=17128 loss=0.006888 lr=3.902e-06
[train] step=17129 loss=0.004591 lr=3.901e-06
[train] step=17130 loss=0.004666 lr=3.901e-06
[train] step=17131 loss=0.004367 lr=3.900e-06
[train] step=17132 loss=0.005160 lr=3.900e-06
[train] step=17133 loss=0.006392 lr=3.899e-06
[train] step=17134 loss=0.007911 lr=3.899e-06
[train] step=17135 loss=0.019665 lr=3.898e-06
[train] step=17136 loss=0.012997 lr=3.898e-06
[train] step=17137 loss=0.016987 lr=3.897e-06
[train] step=17138 loss=0.005648 lr=3.896e-06
[train] step=17139 loss=0.007517 lr=3.896e-06
[train] step=17140 loss=0.011491 lr=3.895e-06
[train] step=17141 loss=0.007400 lr=3.895e-06
[train] step=17142 loss=0.008352 lr=3.894e-06
[train] step=17143 loss=0.005169 lr=3.894e-06
[train] step=17144 loss=0.009999 lr=3.893e-06
[train] step=17145 loss=0.007408 lr=3.893e-06
[train] step=17146 loss=0.006563 lr=3.892e-06
[train] step=17147 loss=0.012006 lr=3.892e-06
[train] step=17148 loss=0.005012 lr=3.891e-06
[train] step=17149 loss=0.007591 lr=3.891e-06
[train] step=17150 loss=0.007054 lr=3.890e-06
[train] step=17151 loss=0.003289 lr=3.890e-06
[train] step=17152 loss=0.014813 lr=3.889e-06
[train] step=17153 loss=0.003544 lr=3.889e-06
[train] step=17154 loss=0.005547 lr=3.888e-06
[train] step=17155 loss=0.005501 lr=3.888e-06
[train] step=17156 loss=0.015310 lr=3.887e-06
[train] step=17157 loss=0.002699 lr=3.887e-06
[train] step=17158 loss=0.004976 lr=3.886e-06
[train] step=17159 loss=0.008548 lr=3.886e-06
[train] step=17160 loss=0.003541 lr=3.885e-06
INFO     [rank 0] Model weights for step 17160 saved in      dit_trainer.py:1288
         checkpoints/model_weights_step_17160.safetensors                       
INFO     [rank 0] Scalar embedding weights for step 17160    dit_trainer.py:1297
         saved                                                                  
INFO     [rank 0] Training state saved:                      dit_trainer.py:1416
         checkpoints/model_weights_step_17160.state.pt                          
DEBUG    [rank 0] Removed old checkpoint:                    dit_trainer.py:1429
         /local/disk/hramachandran/work/wh_work/windinet/dit                    
         _outputs/lundquist/dit_sds_untrained_30k/checkpoint                    
         s/model_weights_step_16920.safetensors                                 
DEBUG    [rank 0] Removed old checkpoint:                    dit_trainer.py:1429
         /local/disk/hramachandran/work/wh_work/windinet/dit                    
         _outputs/lundquist/dit_sds_untrained_30k/checkpoint                    
         s/scalar_embedding_step_16920.safetensors                              
DEBUG    [rank 0] Removed optimizer state for older kept     dit_trainer.py:1444
         checkpoint:                                                            
         /local/disk/hramachandran/work/wh_work/windinet/dit                    
         _outputs/lundquist/dit_sds_untrained_30k/checkpoint                    
         s/model_weights_step_17040.state.pt                                    
[epoch 143] step=17160 train_loss=0.008053
[train] step=17161 loss=0.004552 lr=3.885e-06
[train] step=17162 loss=0.010659 lr=3.884e-06
[train] step=17163 loss=0.008240 lr=3.884e-06
[train] step=17164 loss=0.004666 lr=3.883e-06
[train] step=17165 loss=0.005251 lr=3.883e-06
[train] step=17166 loss=0.008513 lr=3.882e-06
[train] step=17167 loss=0.006252 lr=3.882e-06
[train] step=17168 loss=0.007820 lr=3.881e-06
[train] step=17169 loss=0.006648 lr=3.881e-06
[train] step=17170 loss=0.003884 lr=3.880e-06
[train] step=17171 loss=0.018823 lr=3.880e-06
[train] step=17172 loss=0.008625 lr=3.879e-06
[train] step=17173 loss=0.005492 lr=3.879e-06
[train] step=17174 loss=0.002869 lr=3.878e-06
[train] step=17175 loss=0.004239 lr=3.878e-06
[train] step=17176 loss=0.005811 lr=3.877e-06
[train] step=17177 loss=0.007057 lr=3.877e-06
[train] step=17178 loss=0.005980 lr=3.876e-06
[train] step=17179 loss=0.004339 lr=3.876e-06
[train] step=17180 loss=0.003257 lr=3.875e-06
[train] step=17181 loss=0.005587 lr=3.875e-06
[train] step=17182 loss=0.004626 lr=3.874e-06
[train] step=17183 loss=0.012311 lr=3.874e-06
[train] step=17184 loss=0.018695 lr=3.873e-06
[train] step=17185 loss=0.014035 lr=3.873e-06
[train] step=17186 loss=0.005888 lr=3.872e-06
[train] step=17187 loss=0.009009 lr=3.872e-06
[train] step=17188 loss=0.005005 lr=3.871e-06
[train] step=17189 loss=0.006162 lr=3.870e-06
[train] step=17190 loss=0.007408 lr=3.870e-06
[train] step=17191 loss=0.013029 lr=3.869e-06
[train] step=17192 loss=0.014294 lr=3.869e-06
[train] step=17193 loss=0.007740 lr=3.868e-06
[train] step=17194 loss=0.005550 lr=3.868e-06
[train] step=17195 loss=0.005910 lr=3.867e-06
[train] step=17196 loss=0.004553 lr=3.867e-06
[train] step=17197 loss=0.006419 lr=3.866e-06
[train] step=17198 loss=0.005866 lr=3.866e-06
[train] step=17199 loss=0.013324 lr=3.865e-06
[train] step=17200 loss=0.009463 lr=3.865e-06
[train] step=17201 loss=0.004852 lr=3.864e-06
[train] step=17202 loss=0.019918 lr=3.864e-06
[train] step=17203 loss=0.009099 lr=3.863e-06
[train] step=17204 loss=0.006050 lr=3.863e-06
[train] step=17205 loss=0.004234 lr=3.862e-06
[train] step=17206 loss=0.008010 lr=3.862e-06
[train] step=17207 loss=0.004374 lr=3.861e-06
[train] step=17208 loss=0.005204 lr=3.861e-06
[train] step=17209 loss=0.007755 lr=3.860e-06
[train] step=17210 loss=0.008750 lr=3.860e-06
[train] step=17211 loss=0.012557 lr=3.859e-06
[train] step=17212 loss=0.007011 lr=3.859e-06
[train] step=17213 loss=0.005179 lr=3.858e-06
[train] step=17214 loss=0.007623 lr=3.858e-06
[train] step=17215 loss=0.005180 lr=3.857e-06
[train] step=17216 loss=0.007569 lr=3.857e-06
[train] step=17217 loss=0.004436 lr=3.856e-06
[train] step=17218 loss=0.007492 lr=3.856e-06
[train] step=17219 loss=0.005490 lr=3.855e-06
[train] step=17220 loss=0.006533 lr=3.855e-06
[train] step=17221 loss=0.008182 lr=3.854e-06
[train] step=17222 loss=0.004264 lr=3.854e-06
[train] step=17223 loss=0.004844 lr=3.853e-06
[train] step=17224 loss=0.024806 lr=3.853e-06
[train] step=17225 loss=0.006121 lr=3.852e-06
[train] step=17226 loss=0.002790 lr=3.852e-06
[train] step=17227 loss=0.007824 lr=3.851e-06
[train] step=17228 loss=0.003941 lr=3.851e-06
[train] step=17229 loss=0.006650 lr=3.850e-06
[train] step=17230 loss=0.002835 lr=3.850e-06
[train] step=17231 loss=0.005624 lr=3.849e-06
[train] step=17232 loss=0.009169 lr=3.849e-06
[train] step=17233 loss=0.004641 lr=3.848e-06
[train] step=17234 loss=0.009716 lr=3.848e-06
[train] step=17235 loss=0.006062 lr=3.847e-06
[train] step=17236 loss=0.006219 lr=3.847e-06
[train] step=17237 loss=0.011042 lr=3.846e-06
[train] step=17238 loss=0.005018 lr=3.846e-06
[train] step=17239 loss=0.005719 lr=3.845e-06
[train] step=17240 loss=0.004529 lr=3.845e-06
[train] step=17241 loss=0.003785 lr=3.844e-06
[train] step=17242 loss=0.006035 lr=3.844e-06
[train] step=17243 loss=0.010355 lr=3.843e-06
[train] step=17244 loss=0.003354 lr=3.843e-06
[train] step=17245 loss=0.004609 lr=3.842e-06
[train] step=17246 loss=0.005243 lr=3.841e-06
[train] step=17247 loss=0.007511 lr=3.841e-06
[train] step=17248 loss=0.016054 lr=3.840e-06
[train] step=17249 loss=0.007229 lr=3.840e-06
[train] step=17250 loss=0.004338 lr=3.839e-06
[train] step=17251 loss=0.011926 lr=3.839e-06
[train] step=17252 loss=0.008773 lr=3.838e-06
[train] step=17253 loss=0.006186 lr=3.838e-06
[train] step=17254 loss=0.008355 lr=3.837e-06
[train] step=17255 loss=0.004385 lr=3.837e-06
[train] step=17256 loss=0.019007 lr=3.836e-06
[train] step=17257 loss=0.011443 lr=3.836e-06
[train] step=17258 loss=0.004343 lr=3.835e-06
[train] step=17259 loss=0.013807 lr=3.835e-06
[train] step=17260 loss=0.006501 lr=3.834e-06
[train] step=17261 loss=0.004666 lr=3.834e-06
[train] step=17262 loss=0.004232 lr=3.833e-06
[train] step=17263 loss=0.004946 lr=3.833e-06
[train] step=17264 loss=0.005427 lr=3.832e-06
[train] step=17265 loss=0.005432 lr=3.832e-06
[train] step=17266 loss=0.003346 lr=3.831e-06
[train] step=17267 loss=0.004801 lr=3.831e-06
[train] step=17268 loss=0.005063 lr=3.830e-06
[train] step=17269 loss=0.011247 lr=3.830e-06
[train] step=17270 loss=0.006712 lr=3.829e-06
[train] step=17271 loss=0.005656 lr=3.829e-06
[train] step=17272 loss=0.004475 lr=3.828e-06
[train] step=17273 loss=0.004073 lr=3.828e-06
[train] step=17274 loss=0.012419 lr=3.827e-06
[train] step=17275 loss=0.004181 lr=3.827e-06
[train] step=17276 loss=0.013494 lr=3.826e-06
[train] step=17277 loss=0.005138 lr=3.826e-06
[train] step=17278 loss=0.005088 lr=3.825e-06
[train] step=17279 loss=0.007390 lr=3.825e-06
[train] step=17280 loss=0.011123 lr=3.824e-06
INFO     [rank 0] Model weights for step 17280 saved in      dit_trainer.py:1288
         checkpoints/model_weights_step_17280.safetensors                       
INFO     [rank 0] Scalar embedding weights for step 17280    dit_trainer.py:1297
         saved                                                                  
INFO     [rank 0] Training state saved:                      dit_trainer.py:1416
         checkpoints/model_weights_step_17280.state.pt                          
DEBUG    [rank 0] Removed old checkpoint:                    dit_trainer.py:1429
         /local/disk/hramachandran/work/wh_work/windinet/dit                    
         _outputs/lundquist/dit_sds_untrained_30k/checkpoint                    
         s/model_weights_step_17040.safetensors                                 
DEBUG    [rank 0] Removed old checkpoint:                    dit_trainer.py:1429
         /local/disk/hramachandran/work/wh_work/windinet/dit                    
         _outputs/lundquist/dit_sds_untrained_30k/checkpoint                    
         s/scalar_embedding_step_17040.safetensors                              
DEBUG    [rank 0] Removed optimizer state for older kept     dit_trainer.py:1444
         checkpoint:                                                            
         /local/disk/hramachandran/work/wh_work/windinet/dit                    
         _outputs/lundquist/dit_sds_untrained_30k/checkpoint                    
         s/model_weights_step_17160.state.pt                                    
[epoch 144] step=17280 train_loss=0.007331
[train] step=17281 loss=0.005887 lr=3.824e-06
[train] step=17282 loss=0.011789 lr=3.823e-06
[train] step=17283 loss=0.009050 lr=3.823e-06
[train] step=17284 loss=0.005523 lr=3.822e-06
[train] step=17285 loss=0.017221 lr=3.822e-06
[train] step=17286 loss=0.008658 lr=3.821e-06
[train] step=17287 loss=0.005695 lr=3.821e-06
[train] step=17288 loss=0.005561 lr=3.820e-06
[train] step=17289 loss=0.004383 lr=3.820e-06
[train] step=17290 loss=0.005838 lr=3.819e-06
[train] step=17291 loss=0.005914 lr=3.819e-06
[train] step=17292 loss=0.008066 lr=3.818e-06
[train] step=17293 loss=0.006990 lr=3.818e-06
[train] step=17294 loss=0.005012 lr=3.817e-06
[train] step=17295 loss=0.003284 lr=3.817e-06
[train] step=17296 loss=0.007070 lr=3.816e-06
[train] step=17297 loss=0.009820 lr=3.816e-06
[train] step=17298 loss=0.011589 lr=3.815e-06
[train] step=17299 loss=0.006998 lr=3.815e-06
[train] step=17300 loss=0.006191 lr=3.814e-06
[train] step=17301 loss=0.002859 lr=3.814e-06
[train] step=17302 loss=0.005619 lr=3.813e-06
[train] step=17303 loss=0.006723 lr=3.813e-06
[train] step=17304 loss=0.003752 lr=3.812e-06
[train] step=17305 loss=0.007804 lr=3.811e-06
[train] step=17306 loss=0.010451 lr=3.811e-06
[train] step=17307 loss=0.002661 lr=3.810e-06
[train] step=17308 loss=0.006161 lr=3.810e-06
[train] step=17309 loss=0.005905 lr=3.809e-06
[train] step=17310 loss=0.004153 lr=3.809e-06
[train] step=17311 loss=0.008197 lr=3.808e-06
[train] step=17312 loss=0.006328 lr=3.808e-06
[train] step=17313 loss=0.006545 lr=3.807e-06
[train] step=17314 loss=0.008287 lr=3.807e-06
[train] step=17315 loss=0.007813 lr=3.806e-06
[train] step=17316 loss=0.010480 lr=3.806e-06
[train] step=17317 loss=0.005486 lr=3.805e-06
[train] step=17318 loss=0.005634 lr=3.805e-06
[train] step=17319 loss=0.007589 lr=3.804e-06
[train] step=17320 loss=0.003944 lr=3.804e-06
[train] step=17321 loss=0.003251 lr=3.803e-06
[train] step=17322 loss=0.011476 lr=3.803e-06
[train] step=17323 loss=0.006483 lr=3.802e-06
[train] step=17324 loss=0.003823 lr=3.802e-06
[train] step=17325 loss=0.002694 lr=3.801e-06
[train] step=17326 loss=0.009292 lr=3.801e-06
[train] step=17327 loss=0.008480 lr=3.800e-06
[train] step=17328 loss=0.005632 lr=3.800e-06
[train] step=17329 loss=0.038164 lr=3.799e-06
[train] step=17330 loss=0.003672 lr=3.799e-06
[train] step=17331 loss=0.002458 lr=3.798e-06
[train] step=17332 loss=0.004363 lr=3.798e-06
[train] step=17333 loss=0.008250 lr=3.797e-06
[train] step=17334 loss=0.013768 lr=3.797e-06
[train] step=17335 loss=0.004319 lr=3.796e-06
[train] step=17336 loss=0.007388 lr=3.796e-06
[train] step=17337 loss=0.006297 lr=3.795e-06
[train] step=17338 loss=0.005057 lr=3.795e-06
[train] step=17339 loss=0.003298 lr=3.794e-06
[train] step=17340 loss=0.006376 lr=3.794e-06
[train] step=17341 loss=0.006887 lr=3.793e-06
[train] step=17342 loss=0.004391 lr=3.793e-06
[train] step=17343 loss=0.010461 lr=3.792e-06
[train] step=17344 loss=0.004012 lr=3.792e-06
[train] step=17345 loss=0.003525 lr=3.791e-06
[train] step=17346 loss=0.004639 lr=3.791e-06
[train] step=17347 loss=0.003315 lr=3.790e-06
[train] step=17348 loss=0.004878 lr=3.790e-06
[train] step=17349 loss=0.004857 lr=3.789e-06
[train] step=17350 loss=0.008301 lr=3.789e-06
[train] step=17351 loss=0.006959 lr=3.788e-06
[train] step=17352 loss=0.004693 lr=3.788e-06
[train] step=17353 loss=0.006208 lr=3.787e-06
[train] step=17354 loss=0.004232 lr=3.787e-06
[train] step=17355 loss=0.008921 lr=3.786e-06
[train] step=17356 loss=0.004180 lr=3.786e-06
[train] step=17357 loss=0.011119 lr=3.785e-06
[train] step=17358 loss=0.003848 lr=3.785e-06
[train] step=17359 loss=0.017043 lr=3.784e-06
[train] step=17360 loss=0.009125 lr=3.784e-06
[train] step=17361 loss=0.005455 lr=3.783e-06
[train] step=17362 loss=0.004180 lr=3.783e-06
[train] step=17363 loss=0.003937 lr=3.782e-06
[train] step=17364 loss=0.004310 lr=3.782e-06
[train] step=17365 loss=0.005201 lr=3.781e-06
[train] step=17366 loss=0.004538 lr=3.781e-06
[train] step=17367 loss=0.005249 lr=3.780e-06
[train] step=17368 loss=0.006689 lr=3.780e-06
[train] step=17369 loss=0.005838 lr=3.779e-06
[train] step=17370 loss=0.006690 lr=3.779e-06
[train] step=17371 loss=0.003340 lr=3.778e-06
[train] step=17372 loss=0.005167 lr=3.777e-06
[train] step=17373 loss=0.007946 lr=3.777e-06
[train] step=17374 loss=0.009946 lr=3.776e-06
[train] step=17375 loss=0.007729 lr=3.776e-06
[train] step=17376 loss=0.008723 lr=3.775e-06
[train] step=17377 loss=0.010214 lr=3.775e-06
[train] step=17378 loss=0.006643 lr=3.774e-06
[train] step=17379 loss=0.006171 lr=3.774e-06
[train] step=17380 loss=0.011441 lr=3.773e-06
[train] step=17381 loss=0.005783 lr=3.773e-06
[train] step=17382 loss=0.008540 lr=3.772e-06
[train] step=17383 loss=0.005839 lr=3.772e-06
[train] step=17384 loss=0.009355 lr=3.771e-06
[train] step=17385 loss=0.005861 lr=3.771e-06
[train] step=17386 loss=0.008357 lr=3.770e-06
[train] step=17387 loss=0.005295 lr=3.770e-06
[train] step=17388 loss=0.007673 lr=3.769e-06
[train] step=17389 loss=0.010127 lr=3.769e-06
[train] step=17390 loss=0.003885 lr=3.768e-06
[train] step=17391 loss=0.002435 lr=3.768e-06
[train] step=17392 loss=0.009577 lr=3.767e-06
[train] step=17393 loss=0.005311 lr=3.767e-06
[train] step=17394 loss=0.006329 lr=3.766e-06
[train] step=17395 loss=0.007239 lr=3.766e-06
[train] step=17396 loss=0.008414 lr=3.765e-06
[train] step=17397 loss=0.003036 lr=3.765e-06
[train] step=17398 loss=0.006913 lr=3.764e-06
[train] step=17399 loss=0.007246 lr=3.764e-06
[train] step=17400 loss=0.016036 lr=3.763e-06
[val] step=17400 val_loss=0.013375
INFO     [rank 0] Model weights for step 17400 saved in      dit_trainer.py:1288
         checkpoints/model_weights_step_17400.safetensors                       
INFO     [rank 0] Scalar embedding weights for step 17400    dit_trainer.py:1297
         saved                                                                  
INFO     [rank 0] Training state saved:                      dit_trainer.py:1416
         checkpoints/model_weights_step_17400.state.pt                          
DEBUG    [rank 0] Removed old checkpoint:                    dit_trainer.py:1429
         /local/disk/hramachandran/work/wh_work/windinet/dit                    
         _outputs/lundquist/dit_sds_untrained_30k/checkpoint                    
         s/model_weights_step_17160.safetensors                                 
DEBUG    [rank 0] Removed old checkpoint:                    dit_trainer.py:1429
         /local/disk/hramachandran/work/wh_work/windinet/dit                    
         _outputs/lundquist/dit_sds_untrained_30k/checkpoint                    
         s/scalar_embedding_step_17160.safetensors                              
DEBUG    [rank 0] Removed optimizer state for older kept     dit_trainer.py:1444
         checkpoint:                                                            
         /local/disk/hramachandran/work/wh_work/windinet/dit                    
         _outputs/lundquist/dit_sds_untrained_30k/checkpoint                    
         s/model_weights_step_17280.state.pt                                    
[epoch 145] step=17400 train_loss=0.006923 val_loss=0.013375
[train] step=17401 loss=0.012682 lr=3.763e-06
[train] step=17402 loss=0.007529 lr=3.762e-06
[train] step=17403 loss=0.004519 lr=3.762e-06
[train] step=17404 loss=0.017766 lr=3.761e-06
[train] step=17405 loss=0.012262 lr=3.761e-06
[train] step=17406 loss=0.008500 lr=3.760e-06
[train] step=17407 loss=0.014291 lr=3.760e-06
[train] step=17408 loss=0.002717 lr=3.759e-06
[train] step=17409 loss=0.005412 lr=3.759e-06
[train] step=17410 loss=0.006683 lr=3.758e-06
[train] step=17411 loss=0.003637 lr=3.758e-06
[train] step=17412 loss=0.009124 lr=3.757e-06
[train] step=17413 loss=0.006294 lr=3.757e-06
[train] step=17414 loss=0.004425 lr=3.756e-06
[train] step=17415 loss=0.010238 lr=3.756e-06
[train] step=17416 loss=0.003350 lr=3.755e-06
[train] step=17417 loss=0.017945 lr=3.755e-06
[train] step=17418 loss=0.003342 lr=3.754e-06
[train] step=17419 loss=0.004323 lr=3.754e-06
[train] step=17420 loss=0.005651 lr=3.753e-06
[train] step=17421 loss=0.017655 lr=3.753e-06
[train] step=17422 loss=0.003866 lr=3.752e-06
[train] step=17423 loss=0.006379 lr=3.752e-06
[train] step=17424 loss=0.005933 lr=3.751e-06
[train] step=17425 loss=0.013772 lr=3.751e-06
[train] step=17426 loss=0.018359 lr=3.750e-06
[train] step=17427 loss=0.003997 lr=3.750e-06
[train] step=17428 loss=0.056301 lr=3.749e-06
[train] step=17429 loss=0.007573 lr=3.749e-06
[train] step=17430 loss=0.005837 lr=3.748e-06
[train] step=17431 loss=0.010310 lr=3.748e-06
[train] step=17432 loss=0.004435 lr=3.747e-06
[train] step=17433 loss=0.005508 lr=3.747e-06
[train] step=17434 loss=0.005287 lr=3.746e-06
[train] step=17435 loss=0.007917 lr=3.746e-06
[train] step=17436 loss=0.007976 lr=3.745e-06
[train] step=17437 loss=0.002496 lr=3.745e-06
[train] step=17438 loss=0.008929 lr=3.744e-06
[train] step=17439 loss=0.008629 lr=3.744e-06
[train] step=17440 loss=0.005248 lr=3.743e-06
[train] step=17441 loss=0.003516 lr=3.743e-06
[train] step=17442 loss=0.007271 lr=3.742e-06
[train] step=17443 loss=0.006735 lr=3.742e-06
[train] step=17444 loss=0.005667 lr=3.741e-06
[train] step=17445 loss=0.007507 lr=3.741e-06
[train] step=17446 loss=0.004436 lr=3.740e-06
[train] step=17447 loss=0.004613 lr=3.740e-06
[train] step=17448 loss=0.004869 lr=3.739e-06
[train] step=17449 loss=0.007233 lr=3.738e-06
[train] step=17450 loss=0.006796 lr=3.738e-06
[train] step=17451 loss=0.003294 lr=3.737e-06
[train] step=17452 loss=0.007696 lr=3.737e-06
[train] step=17453 loss=0.019054 lr=3.736e-06
[train] step=17454 loss=0.004327 lr=3.736e-06
[train] step=17455 loss=0.006973 lr=3.735e-06
[train] step=17456 loss=0.004501 lr=3.735e-06
[train] step=17457 loss=0.009530 lr=3.734e-06
[train] step=17458 loss=0.005605 lr=3.734e-06
[train] step=17459 loss=0.011383 lr=3.733e-06
[train] step=17460 loss=0.013027 lr=3.733e-06
[train] step=17461 loss=0.004597 lr=3.732e-06
[train] step=17462 loss=0.006543 lr=3.732e-06
[train] step=17463 loss=0.007707 lr=3.731e-06
[train] step=17464 loss=0.006414 lr=3.731e-06
[train] step=17465 loss=0.026595 lr=3.730e-06
[train] step=17466 loss=0.004858 lr=3.730e-06
[train] step=17467 loss=0.007868 lr=3.729e-06
[train] step=17468 loss=0.006195 lr=3.729e-06
[train] step=17469 loss=0.003724 lr=3.728e-06
[train] step=17470 loss=0.003435 lr=3.728e-06
[train] step=17471 loss=0.003508 lr=3.727e-06
[train] step=17472 loss=0.005652 lr=3.727e-06
[train] step=17473 loss=0.016544 lr=3.726e-06
[train] step=17474 loss=0.003965 lr=3.726e-06
[train] step=17475 loss=0.009778 lr=3.725e-06
[train] step=17476 loss=0.005648 lr=3.725e-06
[train] step=17477 loss=0.005778 lr=3.724e-06
[train] step=17478 loss=0.004165 lr=3.724e-06
[train] step=17479 loss=0.006274 lr=3.723e-06
[train] step=17480 loss=0.019114 lr=3.723e-06
[train] step=17481 loss=0.010880 lr=3.722e-06
[train] step=17482 loss=0.018279 lr=3.722e-06
[train] step=17483 loss=0.015639 lr=3.721e-06
[train] step=17484 loss=0.023547 lr=3.721e-06
[train] step=17485 loss=0.003587 lr=3.720e-06
[train] step=17486 loss=0.006079 lr=3.720e-06
[train] step=17487 loss=0.006031 lr=3.719e-06
[train] step=17488 loss=0.003538 lr=3.719e-06
[train] step=17489 loss=0.010826 lr=3.718e-06
[train] step=17490 loss=0.006001 lr=3.718e-06
[train] step=17491 loss=0.010110 lr=3.717e-06
[train] step=17492 loss=0.005902 lr=3.717e-06
[train] step=17493 loss=0.004281 lr=3.716e-06
[train] step=17494 loss=0.010470 lr=3.716e-06
[train] step=17495 loss=0.007476 lr=3.715e-06
[train] step=17496 loss=0.051271 lr=3.715e-06
[train] step=17497 loss=0.014401 lr=3.714e-06
[train] step=17498 loss=0.006469 lr=3.714e-06
[train] step=17499 loss=0.003971 lr=3.713e-06
[train] step=17500 loss=0.004882 lr=3.713e-06
[train] step=17501 loss=0.007079 lr=3.712e-06
[train] step=17502 loss=0.005255 lr=3.712e-06
[train] step=17503 loss=0.005245 lr=3.711e-06
[train] step=17504 loss=0.007576 lr=3.711e-06
[train] step=17505 loss=0.004324 lr=3.710e-06
[train] step=17506 loss=0.003827 lr=3.710e-06
[train] step=17507 loss=0.004903 lr=3.709e-06
[train] step=17508 loss=0.005574 lr=3.709e-06
[train] step=17509 loss=0.013609 lr=3.708e-06
[train] step=17510 loss=0.005429 lr=3.708e-06
[train] step=17511 loss=0.005656 lr=3.707e-06
[train] step=17512 loss=0.005191 lr=3.707e-06
[train] step=17513 loss=0.014887 lr=3.706e-06
[train] step=17514 loss=0.009335 lr=3.706e-06
[train] step=17515 loss=0.014859 lr=3.705e-06
[train] step=17516 loss=0.006143 lr=3.705e-06
[train] step=17517 loss=0.013521 lr=3.704e-06
[train] step=17518 loss=0.003676 lr=3.704e-06
[train] step=17519 loss=0.004643 lr=3.703e-06
[train] step=17520 loss=0.005153 lr=3.703e-06
INFO     [rank 0] Model weights for step 17520 saved in      dit_trainer.py:1288
         checkpoints/model_weights_step_17520.safetensors                       
INFO     [rank 0] Scalar embedding weights for step 17520    dit_trainer.py:1297
         saved                                                                  
INFO     [rank 0] Training state saved:                      dit_trainer.py:1416
         checkpoints/model_weights_step_17520.state.pt                          
DEBUG    [rank 0] Removed old checkpoint:                    dit_trainer.py:1429
         /local/disk/hramachandran/work/wh_work/windinet/dit                    
         _outputs/lundquist/dit_sds_untrained_30k/checkpoint                    
         s/model_weights_step_17280.safetensors                                 
DEBUG    [rank 0] Removed old checkpoint:                    dit_trainer.py:1429
         /local/disk/hramachandran/work/wh_work/windinet/dit                    
         _outputs/lundquist/dit_sds_untrained_30k/checkpoint                    
         s/scalar_embedding_step_17280.safetensors                              
DEBUG    [rank 0] Removed optimizer state for older kept     dit_trainer.py:1444
         checkpoint:                                                            
         /local/disk/hramachandran/work/wh_work/windinet/dit                    
         _outputs/lundquist/dit_sds_untrained_30k/checkpoint                    
         s/model_weights_step_17400.state.pt                                    
[epoch 146] step=17520 train_loss=0.008749
[train] step=17521 loss=0.005287 lr=3.702e-06
[train] step=17522 loss=0.012089 lr=3.702e-06
[train] step=17523 loss=0.005313 lr=3.701e-06
[train] step=17524 loss=0.005706 lr=3.701e-06
[train] step=17525 loss=0.006837 lr=3.700e-06
[train] step=17526 loss=0.005140 lr=3.700e-06
[train] step=17527 loss=0.006294 lr=3.699e-06
[train] step=17528 loss=0.005276 lr=3.699e-06
[train] step=17529 loss=0.003807 lr=3.698e-06
[train] step=17530 loss=0.005633 lr=3.698e-06
[train] step=17531 loss=0.005277 lr=3.697e-06
[train] step=17532 loss=0.004441 lr=3.697e-06
[train] step=17533 loss=0.006479 lr=3.696e-06
[train] step=17534 loss=0.006040 lr=3.696e-06
[train] step=17535 loss=0.002533 lr=3.695e-06
[train] step=17536 loss=0.006002 lr=3.695e-06
[train] step=17537 loss=0.006043 lr=3.694e-06
[train] step=17538 loss=0.003705 lr=3.694e-06
[train] step=17539 loss=0.008103 lr=3.693e-06
[train] step=17540 loss=0.003887 lr=3.693e-06
[train] step=17541 loss=0.014665 lr=3.692e-06
[train] step=17542 loss=0.008812 lr=3.691e-06
[train] step=17543 loss=0.007293 lr=3.691e-06
[train] step=17544 loss=0.009725 lr=3.690e-06
[train] step=17545 loss=0.006808 lr=3.690e-06
[train] step=17546 loss=0.009057 lr=3.689e-06
[train] step=17547 loss=0.011410 lr=3.689e-06
[train] step=17548 loss=0.010038 lr=3.688e-06
[train] step=17549 loss=0.010067 lr=3.688e-06
[train] step=17550 loss=0.006553 lr=3.687e-06
[train] step=17551 loss=0.006321 lr=3.687e-06
[train] step=17552 loss=0.005158 lr=3.686e-06
[train] step=17553 loss=0.005317 lr=3.686e-06
[train] step=17554 loss=0.011502 lr=3.685e-06
[train] step=17555 loss=0.006283 lr=3.685e-06
[train] step=17556 loss=0.005365 lr=3.684e-06
[train] step=17557 loss=0.003065 lr=3.684e-06
[train] step=17558 loss=0.003392 lr=3.683e-06
[train] step=17559 loss=0.012379 lr=3.683e-06
[train] step=17560 loss=0.005853 lr=3.682e-06
[train] step=17561 loss=0.005326 lr=3.682e-06
[train] step=17562 loss=0.004733 lr=3.681e-06
[train] step=17563 loss=0.007699 lr=3.681e-06
[train] step=17564 loss=0.006807 lr=3.680e-06
[train] step=17565 loss=0.007967 lr=3.680e-06
[train] step=17566 loss=0.005102 lr=3.679e-06
[train] step=17567 loss=0.009108 lr=3.679e-06
[train] step=17568 loss=0.007761 lr=3.678e-06
[train] step=17569 loss=0.006705 lr=3.678e-06
[train] step=17570 loss=0.005008 lr=3.677e-06
[train] step=17571 loss=0.005766 lr=3.677e-06
[train] step=17572 loss=0.009441 lr=3.676e-06
[train] step=17573 loss=0.018396 lr=3.676e-06
[train] step=17574 loss=0.007457 lr=3.675e-06
[train] step=17575 loss=0.004968 lr=3.675e-06
[train] step=17576 loss=0.010890 lr=3.674e-06
[train] step=17577 loss=0.066860 lr=3.674e-06
[train] step=17578 loss=0.003838 lr=3.673e-06
[train] step=17579 loss=0.006284 lr=3.673e-06
[train] step=17580 loss=0.010820 lr=3.672e-06
[train] step=17581 loss=0.003670 lr=3.672e-06
[train] step=17582 loss=0.010269 lr=3.671e-06
[train] step=17583 loss=0.005578 lr=3.671e-06
[train] step=17584 loss=0.010020 lr=3.670e-06
[train] step=17585 loss=0.005806 lr=3.670e-06
[train] step=17586 loss=0.007834 lr=3.669e-06
[train] step=17587 loss=0.003932 lr=3.669e-06
[train] step=17588 loss=0.007540 lr=3.668e-06
[train] step=17589 loss=0.011940 lr=3.668e-06
[train] step=17590 loss=0.006919 lr=3.667e-06
[train] step=17591 loss=0.011053 lr=3.667e-06
[train] step=17592 loss=0.006896 lr=3.666e-06
[train] step=17593 loss=0.025347 lr=3.666e-06
[train] step=17594 loss=0.017256 lr=3.665e-06
[train] step=17595 loss=0.007282 lr=3.665e-06
[train] step=17596 loss=0.004481 lr=3.664e-06
[train] step=17597 loss=0.009205 lr=3.664e-06
[train] step=17598 loss=0.007481 lr=3.663e-06
[train] step=17599 loss=0.011520 lr=3.663e-06
[train] step=17600 loss=0.010676 lr=3.662e-06
[train] step=17601 loss=0.003863 lr=3.662e-06
[train] step=17602 loss=0.008118 lr=3.661e-06
[train] step=17603 loss=0.004471 lr=3.661e-06
[train] step=17604 loss=0.004844 lr=3.660e-06
[train] step=17605 loss=0.008521 lr=3.660e-06
[train] step=17606 loss=0.008639 lr=3.659e-06
[train] step=17607 loss=0.005849 lr=3.659e-06
[train] step=17608 loss=0.005803 lr=3.658e-06
[train] step=17609 loss=0.005060 lr=3.658e-06
[train] step=17610 loss=0.003485 lr=3.657e-06
[train] step=17611 loss=0.007866 lr=3.657e-06
[train] step=17612 loss=0.001653 lr=3.656e-06
[train] step=17613 loss=0.009553 lr=3.656e-06
[train] step=17614 loss=0.007969 lr=3.655e-06
[train] step=17615 loss=0.005307 lr=3.655e-06
[train] step=17616 loss=0.038867 lr=3.654e-06
[train] step=17617 loss=0.013860 lr=3.654e-06
[train] step=17618 loss=0.013797 lr=3.653e-06
[train] step=17619 loss=0.008929 lr=3.653e-06
[train] step=17620 loss=0.004689 lr=3.652e-06
[train] step=17621 loss=0.004245 lr=3.652e-06
[train] step=17622 loss=0.006974 lr=3.651e-06
[train] step=17623 loss=0.006140 lr=3.651e-06
[train] step=17624 loss=0.007294 lr=3.650e-06
[train] step=17625 loss=0.004615 lr=3.650e-06
[train] step=17626 loss=0.008247 lr=3.649e-06
[train] step=17627 loss=0.005095 lr=3.649e-06
[train] step=17628 loss=0.017684 lr=3.648e-06
[train] step=17629 loss=0.011482 lr=3.648e-06
[train] step=17630 loss=0.006122 lr=3.647e-06
[train] step=17631 loss=0.007985 lr=3.647e-06
[train] step=17632 loss=0.002810 lr=3.646e-06
[train] step=17633 loss=0.008633 lr=3.646e-06
[train] step=17634 loss=0.005250 lr=3.645e-06
[train] step=17635 loss=0.007080 lr=3.645e-06
[train] step=17636 loss=0.004931 lr=3.644e-06
[train] step=17637 loss=0.006956 lr=3.644e-06
[train] step=17638 loss=0.007046 lr=3.643e-06
[train] step=17639 loss=0.005395 lr=3.643e-06
[train] step=17640 loss=0.006608 lr=3.642e-06
INFO     [rank 0] Model weights for step 17640 saved in      dit_trainer.py:1288
         checkpoints/model_weights_step_17640.safetensors                       
INFO     [rank 0] Scalar embedding weights for step 17640    dit_trainer.py:1297
         saved                                                                  
INFO     [rank 0] Training state saved:                      dit_trainer.py:1416
         checkpoints/model_weights_step_17640.state.pt                          
DEBUG    [rank 0] Removed old checkpoint:                    dit_trainer.py:1429
         /local/disk/hramachandran/work/wh_work/windinet/dit                    
         _outputs/lundquist/dit_sds_untrained_30k/checkpoint                    
         s/model_weights_step_17400.safetensors                                 
DEBUG    [rank 0] Removed old checkpoint:                    dit_trainer.py:1429
         /local/disk/hramachandran/work/wh_work/windinet/dit                    
         _outputs/lundquist/dit_sds_untrained_30k/checkpoint                    
         s/scalar_embedding_step_17400.safetensors                              
DEBUG    [rank 0] Removed optimizer state for older kept     dit_trainer.py:1444
         checkpoint:                                                            
         /local/disk/hramachandran/work/wh_work/windinet/dit                    
         _outputs/lundquist/dit_sds_untrained_30k/checkpoint                    
         s/model_weights_step_17520.state.pt                                    
[epoch 147] step=17640 train_loss=0.008157
[train] step=17641 loss=0.013534 lr=3.642e-06
[train] step=17642 loss=0.003067 lr=3.641e-06
[train] step=17643 loss=0.010400 lr=3.641e-06
[train] step=17644 loss=0.006179 lr=3.640e-06
[train] step=17645 loss=0.004218 lr=3.640e-06
[train] step=17646 loss=0.006318 lr=3.639e-06
[train] step=17647 loss=0.003854 lr=3.639e-06
[train] step=17648 loss=0.008634 lr=3.638e-06
[train] step=17649 loss=0.011419 lr=3.638e-06
[train] step=17650 loss=0.011529 lr=3.637e-06
[train] step=17651 loss=0.004295 lr=3.637e-06
[train] step=17652 loss=0.006380 lr=3.636e-06
[train] step=17653 loss=0.011105 lr=3.636e-06
[train] step=17654 loss=0.007141 lr=3.635e-06
[train] step=17655 loss=0.007136 lr=3.635e-06
[train] step=17656 loss=0.004646 lr=3.634e-06
[train] step=17657 loss=0.005441 lr=3.634e-06
[train] step=17658 loss=0.009127 lr=3.633e-06
[train] step=17659 loss=0.007088 lr=3.633e-06
[train] step=17660 loss=0.005520 lr=3.632e-06
[train] step=17661 loss=0.005430 lr=3.632e-06
[train] step=17662 loss=0.002979 lr=3.631e-06
[train] step=17663 loss=0.007517 lr=3.631e-06
[train] step=17664 loss=0.004985 lr=3.630e-06
[train] step=17665 loss=0.005428 lr=3.630e-06
[train] step=17666 loss=0.002803 lr=3.629e-06
[train] step=17667 loss=0.009358 lr=3.629e-06
[train] step=17668 loss=0.005330 lr=3.628e-06
[train] step=17669 loss=0.006683 lr=3.628e-06
[train] step=17670 loss=0.005383 lr=3.627e-06
[train] step=17671 loss=0.008902 lr=3.627e-06
[train] step=17672 loss=0.006725 lr=3.626e-06
[train] step=17673 loss=0.008756 lr=3.626e-06
[train] step=17674 loss=0.019112 lr=3.625e-06
[train] step=17675 loss=0.008473 lr=3.625e-06
[train] step=17676 loss=0.005052 lr=3.624e-06
[train] step=17677 loss=0.018963 lr=3.623e-06
[train] step=17678 loss=0.003690 lr=3.623e-06
[train] step=17679 loss=0.008272 lr=3.622e-06
[train] step=17680 loss=0.002893 lr=3.622e-06
[train] step=17681 loss=0.015009 lr=3.621e-06
[train] step=17682 loss=0.006723 lr=3.621e-06
[train] step=17683 loss=0.004108 lr=3.620e-06
[train] step=17684 loss=0.009265 lr=3.620e-06
[train] step=17685 loss=0.006533 lr=3.619e-06
[train] step=17686 loss=0.005861 lr=3.619e-06
[train] step=17687 loss=0.012330 lr=3.618e-06
[train] step=17688 loss=0.003974 lr=3.618e-06
[train] step=17689 loss=0.005067 lr=3.617e-06
[train] step=17690 loss=0.006559 lr=3.617e-06
[train] step=17691 loss=0.005401 lr=3.616e-06
[train] step=17692 loss=0.007610 lr=3.616e-06
[train] step=17693 loss=0.004888 lr=3.615e-06
[train] step=17694 loss=0.003041 lr=3.615e-06
[train] step=17695 loss=0.004623 lr=3.614e-06
[train] step=17696 loss=0.005784 lr=3.614e-06
[train] step=17697 loss=0.004832 lr=3.613e-06
[train] step=17698 loss=0.005152 lr=3.613e-06
[train] step=17699 loss=0.004340 lr=3.612e-06
[train] step=17700 loss=0.013458 lr=3.612e-06
[train] step=17701 loss=0.009631 lr=3.611e-06
[train] step=17702 loss=0.003504 lr=3.611e-06
[train] step=17703 loss=0.002393 lr=3.610e-06
[train] step=17704 loss=0.004442 lr=3.610e-06
[train] step=17705 loss=0.005047 lr=3.609e-06
[train] step=17706 loss=0.004277 lr=3.609e-06
[train] step=17707 loss=0.003404 lr=3.608e-06
[train] step=17708 loss=0.026509 lr=3.608e-06
[train] step=17709 loss=0.005267 lr=3.607e-06
[train] step=17710 loss=0.005779 lr=3.607e-06
[train] step=17711 loss=0.004527 lr=3.606e-06
[train] step=17712 loss=0.003950 lr=3.606e-06
[train] step=17713 loss=0.003091 lr=3.605e-06
[train] step=17714 loss=0.007891 lr=3.605e-06
[train] step=17715 loss=0.008264 lr=3.604e-06
[train] step=17716 loss=0.006076 lr=3.604e-06
[train] step=17717 loss=0.002259 lr=3.603e-06
[train] step=17718 loss=0.003489 lr=3.603e-06
[train] step=17719 loss=0.004152 lr=3.602e-06
[train] step=17720 loss=0.003018 lr=3.602e-06
[train] step=17721 loss=0.006629 lr=3.601e-06
[train] step=17722 loss=0.005119 lr=3.601e-06
[train] step=17723 loss=0.005949 lr=3.600e-06
[train] step=17724 loss=0.005141 lr=3.600e-06
[train] step=17725 loss=0.011083 lr=3.599e-06
[train] step=17726 loss=0.004091 lr=3.599e-06
[train] step=17727 loss=0.010789 lr=3.598e-06
[train] step=17728 loss=0.004467 lr=3.598e-06
[train] step=17729 loss=0.003651 lr=3.597e-06
[train] step=17730 loss=0.003848 lr=3.597e-06
[train] step=17731 loss=0.009866 lr=3.596e-06
[train] step=17732 loss=0.004009 lr=3.596e-06
[train] step=17733 loss=0.018144 lr=3.595e-06
[train] step=17734 loss=0.006725 lr=3.595e-06
[train] step=17735 loss=0.003482 lr=3.594e-06
[train] step=17736 loss=0.013272 lr=3.594e-06
[train] step=17737 loss=0.008099 lr=3.593e-06
[train] step=17738 loss=0.006622 lr=3.593e-06
[train] step=17739 loss=0.006613 lr=3.592e-06
[train] step=17740 loss=0.005175 lr=3.592e-06
[train] step=17741 loss=0.003775 lr=3.591e-06
[train] step=17742 loss=0.004820 lr=3.591e-06
[train] step=17743 loss=0.004356 lr=3.590e-06
[train] step=17744 loss=0.006252 lr=3.590e-06
[train] step=17745 loss=0.003186 lr=3.589e-06
[train] step=17746 loss=0.007768 lr=3.589e-06
[train] step=17747 loss=0.011684 lr=3.588e-06
[train] step=17748 loss=0.006929 lr=3.588e-06
[train] step=17749 loss=0.005671 lr=3.587e-06
[train] step=17750 loss=0.005644 lr=3.587e-06
[train] step=17751 loss=0.009744 lr=3.586e-06
[train] step=17752 loss=0.006223 lr=3.586e-06
[train] step=17753 loss=0.004638 lr=3.585e-06
[train] step=17754 loss=0.005964 lr=3.585e-06
[train] step=17755 loss=0.015070 lr=3.584e-06
[train] step=17756 loss=0.007923 lr=3.584e-06
[train] step=17757 loss=0.025981 lr=3.583e-06
[train] step=17758 loss=0.010475 lr=3.583e-06
[train] step=17759 loss=0.015923 lr=3.582e-06
[train] step=17760 loss=0.006808 lr=3.582e-06
INFO     [rank 0] Model weights for step 17760 saved in      dit_trainer.py:1288
         checkpoints/model_weights_step_17760.safetensors                       
INFO     [rank 0] Scalar embedding weights for step 17760    dit_trainer.py:1297
         saved                                                                  
INFO     [rank 0] Training state saved:                      dit_trainer.py:1416
         checkpoints/model_weights_step_17760.state.pt                          
DEBUG    [rank 0] Removed old checkpoint:                    dit_trainer.py:1429
         /local/disk/hramachandran/work/wh_work/windinet/dit                    
         _outputs/lundquist/dit_sds_untrained_30k/checkpoint                    
         s/model_weights_step_17520.safetensors                                 
DEBUG    [rank 0] Removed old checkpoint:                    dit_trainer.py:1429
         /local/disk/hramachandran/work/wh_work/windinet/dit                    
         _outputs/lundquist/dit_sds_untrained_30k/checkpoint                    
         s/scalar_embedding_step_17520.safetensors                              
DEBUG    [rank 0] Removed optimizer state for older kept     dit_trainer.py:1444
         checkpoint:                                                            
         /local/disk/hramachandran/work/wh_work/windinet/dit                    
         _outputs/lundquist/dit_sds_untrained_30k/checkpoint                    
         s/model_weights_step_17640.state.pt                                    
[epoch 148] step=17760 train_loss=0.007139
[train] step=17761 loss=0.004320 lr=3.581e-06
[train] step=17762 loss=0.004487 lr=3.581e-06
[train] step=17763 loss=0.016611 lr=3.580e-06
[train] step=17764 loss=0.011686 lr=3.580e-06
[train] step=17765 loss=0.004432 lr=3.579e-06
[train] step=17766 loss=0.004970 lr=3.579e-06
[train] step=17767 loss=0.010179 lr=3.578e-06
[train] step=17768 loss=0.008653 lr=3.578e-06
[train] step=17769 loss=0.006479 lr=3.577e-06
[train] step=17770 loss=0.002266 lr=3.577e-06
[train] step=17771 loss=0.006551 lr=3.576e-06
[train] step=17772 loss=0.002671 lr=3.576e-06
[train] step=17773 loss=0.011199 lr=3.575e-06
[train] step=17774 loss=0.006388 lr=3.575e-06
[train] step=17775 loss=0.009040 lr=3.574e-06
[train] step=17776 loss=0.011882 lr=3.574e-06
[train] step=17777 loss=0.012187 lr=3.573e-06
[train] step=17778 loss=0.008175 lr=3.573e-06
[train] step=17779 loss=0.005537 lr=3.572e-06
[train] step=17780 loss=0.004303 lr=3.572e-06
[train] step=17781 loss=0.004255 lr=3.571e-06
[train] step=17782 loss=0.013518 lr=3.571e-06
[train] step=17783 loss=0.008353 lr=3.570e-06
[train] step=17784 loss=0.004131 lr=3.570e-06
[train] step=17785 loss=0.008209 lr=3.569e-06
[train] step=17786 loss=0.009631 lr=3.569e-06
[train] step=17787 loss=0.009044 lr=3.568e-06
[train] step=17788 loss=0.004753 lr=3.568e-06
[train] step=17789 loss=0.004496 lr=3.567e-06
[train] step=17790 loss=0.010462 lr=3.567e-06
[train] step=17791 loss=0.006588 lr=3.566e-06
[train] step=17792 loss=0.010133 lr=3.566e-06
[train] step=17793 loss=0.007249 lr=3.565e-06
[train] step=17794 loss=0.017497 lr=3.565e-06
[train] step=17795 loss=0.011299 lr=3.564e-06
[train] step=17796 loss=0.003730 lr=3.564e-06
[train] step=17797 loss=0.014338 lr=3.563e-06
[train] step=17798 loss=0.007073 lr=3.563e-06
[train] step=17799 loss=0.006866 lr=3.562e-06
[train] step=17800 loss=0.007060 lr=3.562e-06
[train] step=17801 loss=0.022757 lr=3.561e-06
[train] step=17802 loss=0.004973 lr=3.561e-06
[train] step=17803 loss=0.009983 lr=3.560e-06
[train] step=17804 loss=0.003851 lr=3.560e-06
[train] step=17805 loss=0.009566 lr=3.559e-06
[train] step=17806 loss=0.010080 lr=3.559e-06
[train] step=17807 loss=0.008629 lr=3.558e-06
[train] step=17808 loss=0.004156 lr=3.558e-06
[train] step=17809 loss=0.008194 lr=3.557e-06
[train] step=17810 loss=0.007978 lr=3.557e-06
[train] step=17811 loss=0.012186 lr=3.556e-06
[train] step=17812 loss=0.007783 lr=3.556e-06
[train] step=17813 loss=0.005969 lr=3.555e-06
[train] step=17814 loss=0.005268 lr=3.555e-06
[train] step=17815 loss=0.016739 lr=3.554e-06
[train] step=17816 loss=0.006863 lr=3.554e-06
[train] step=17817 loss=0.005625 lr=3.553e-06
[train] step=17818 loss=0.009970 lr=3.553e-06
[train] step=17819 loss=0.021625 lr=3.552e-06
[train] step=17820 loss=0.007299 lr=3.552e-06
[train] step=17821 loss=0.005436 lr=3.551e-06
[train] step=17822 loss=0.018923 lr=3.551e-06
[train] step=17823 loss=0.008492 lr=3.550e-06
[train] step=17824 loss=0.013422 lr=3.550e-06
[train] step=17825 loss=0.017321 lr=3.549e-06
[train] step=17826 loss=0.007851 lr=3.549e-06
[train] step=17827 loss=0.002680 lr=3.548e-06
[train] step=17828 loss=0.005281 lr=3.548e-06
[train] step=17829 loss=0.005791 lr=3.547e-06
[train] step=17830 loss=0.004038 lr=3.547e-06
[train] step=17831 loss=0.003676 lr=3.546e-06
[train] step=17832 loss=0.007504 lr=3.546e-06
[train] step=17833 loss=0.005574 lr=3.545e-06
[train] step=17834 loss=0.007768 lr=3.545e-06
[train] step=17835 loss=0.011683 lr=3.544e-06
[train] step=17836 loss=0.007734 lr=3.544e-06
[train] step=17837 loss=0.007758 lr=3.543e-06
[train] step=17838 loss=0.018015 lr=3.543e-06
[train] step=17839 loss=0.013829 lr=3.542e-06
[train] step=17840 loss=0.005342 lr=3.542e-06
[train] step=17841 loss=0.004698 lr=3.541e-06
[train] step=17842 loss=0.015233 lr=3.541e-06
[train] step=17843 loss=0.004142 lr=3.540e-06
[train] step=17844 loss=0.006785 lr=3.540e-06
[train] step=17845 loss=0.010960 lr=3.539e-06
[train] step=17846 loss=0.007548 lr=3.539e-06
[train] step=17847 loss=0.005285 lr=3.538e-06
[train] step=17848 loss=0.007886 lr=3.538e-06
[train] step=17849 loss=0.007115 lr=3.537e-06
[train] step=17850 loss=0.008215 lr=3.537e-06
[train] step=17851 loss=0.006049 lr=3.536e-06
[train] step=17852 loss=0.013101 lr=3.536e-06
[train] step=17853 loss=0.003643 lr=3.535e-06
[train] step=17854 loss=0.004303 lr=3.535e-06
[train] step=17855 loss=0.006932 lr=3.534e-06
[train] step=17856 loss=0.008103 lr=3.534e-06
[train] step=17857 loss=0.005124 lr=3.533e-06
[train] step=17858 loss=0.006316 lr=3.533e-06
[train] step=17859 loss=0.003838 lr=3.532e-06
[train] step=17860 loss=0.007775 lr=3.532e-06
[train] step=17861 loss=0.008414 lr=3.531e-06
[train] step=17862 loss=0.004623 lr=3.531e-06
[train] step=17863 loss=0.003811 lr=3.530e-06
[train] step=17864 loss=0.023285 lr=3.530e-06
[train] step=17865 loss=0.004616 lr=3.529e-06
[train] step=17866 loss=0.004374 lr=3.529e-06
[train] step=17867 loss=0.010175 lr=3.528e-06
[train] step=17868 loss=0.011652 lr=3.528e-06
[train] step=17869 loss=0.003302 lr=3.527e-06
[train] step=17870 loss=0.006953 lr=3.527e-06
[train] step=17871 loss=0.008957 lr=3.526e-06
[train] step=17872 loss=0.009188 lr=3.526e-06
[train] step=17873 loss=0.006582 lr=3.525e-06
[train] step=17874 loss=0.007122 lr=3.525e-06
[train] step=17875 loss=0.006972 lr=3.524e-06
[train] step=17876 loss=0.008338 lr=3.524e-06
[train] step=17877 loss=0.003956 lr=3.523e-06
[train] step=17878 loss=0.014844 lr=3.523e-06
[train] step=17879 loss=0.006281 lr=3.522e-06
[train] step=17880 loss=0.004968 lr=3.522e-06
INFO     [rank 0] Model weights for step 17880 saved in      dit_trainer.py:1288
         checkpoints/model_weights_step_17880.safetensors                       
INFO     [rank 0] Scalar embedding weights for step 17880    dit_trainer.py:1297
         saved                                                                  
INFO     [rank 0] Training state saved:                      dit_trainer.py:1416
         checkpoints/model_weights_step_17880.state.pt                          
DEBUG    [rank 0] Removed old checkpoint:                    dit_trainer.py:1429
         /local/disk/hramachandran/work/wh_work/windinet/dit                    
         _outputs/lundquist/dit_sds_untrained_30k/checkpoint                    
         s/model_weights_step_17640.safetensors                                 
DEBUG    [rank 0] Removed old checkpoint:                    dit_trainer.py:1429
         /local/disk/hramachandran/work/wh_work/windinet/dit                    
         _outputs/lundquist/dit_sds_untrained_30k/checkpoint                    
         s/scalar_embedding_step_17640.safetensors                              
DEBUG    [rank 0] Removed optimizer state for older kept     dit_trainer.py:1444
         checkpoint:                                                            
         /local/disk/hramachandran/work/wh_work/windinet/dit                    
         _outputs/lundquist/dit_sds_untrained_30k/checkpoint                    
         s/model_weights_step_17760.state.pt                                    
[epoch 149] step=17880 train_loss=0.008263
[train] step=17881 loss=0.009134 lr=3.521e-06
[train] step=17882 loss=0.003907 lr=3.521e-06
[train] step=17883 loss=0.017643 lr=3.520e-06
[train] step=17884 loss=0.004552 lr=3.520e-06
[train] step=17885 loss=0.005502 lr=3.519e-06
[train] step=17886 loss=0.004260 lr=3.519e-06
[train] step=17887 loss=0.003879 lr=3.518e-06
[train] step=17888 loss=0.003690 lr=3.518e-06
[train] step=17889 loss=0.004971 lr=3.517e-06
[train] step=17890 loss=0.033634 lr=3.517e-06
[train] step=17891 loss=0.005819 lr=3.516e-06
[train] step=17892 loss=0.005071 lr=3.516e-06
[train] step=17893 loss=0.005958 lr=3.515e-06
[train] step=17894 loss=0.007013 lr=3.515e-06
[train] step=17895 loss=0.007831 lr=3.514e-06
[train] step=17896 loss=0.013699 lr=3.514e-06
[train] step=17897 loss=0.005329 lr=3.513e-06
[train] step=17898 loss=0.008036 lr=3.513e-06
[train] step=17899 loss=0.017408 lr=3.512e-06
[train] step=17900 loss=0.006315 lr=3.512e-06
[train] step=17901 loss=0.004494 lr=3.511e-06
[train] step=17902 loss=0.006627 lr=3.511e-06
[train] step=17903 loss=0.006921 lr=3.510e-06
[train] step=17904 loss=0.006047 lr=3.510e-06
[train] step=17905 loss=0.009037 lr=3.509e-06
[train] step=17906 loss=0.007544 lr=3.509e-06
[train] step=17907 loss=0.004944 lr=3.508e-06
[train] step=17908 loss=0.004393 lr=3.508e-06
[train] step=17909 loss=0.002933 lr=3.507e-06
[train] step=17910 loss=0.005687 lr=3.507e-06
[train] step=17911 loss=0.004891 lr=3.506e-06
[train] step=17912 loss=0.009746 lr=3.506e-06
[train] step=17913 loss=0.009047 lr=3.505e-06
[train] step=17914 loss=0.005908 lr=3.505e-06
[train] step=17915 loss=0.004404 lr=3.504e-06
[train] step=17916 loss=0.030795 lr=3.504e-06
[train] step=17917 loss=0.009210 lr=3.503e-06
[train] step=17918 loss=0.004917 lr=3.503e-06
[train] step=17919 loss=0.004222 lr=3.502e-06
[train] step=17920 loss=0.007788 lr=3.502e-06
[train] step=17921 loss=0.005107 lr=3.501e-06
[train] step=17922 loss=0.009131 lr=3.501e-06
[train] step=17923 loss=0.006336 lr=3.500e-06
[train] step=17924 loss=0.010816 lr=3.500e-06
[train] step=17925 loss=0.004158 lr=3.499e-06
[train] step=17926 loss=0.003463 lr=3.499e-06
[train] step=17927 loss=0.006198 lr=3.498e-06
[train] step=17928 loss=0.007456 lr=3.498e-06
[train] step=17929 loss=0.008179 lr=3.497e-06
[train] step=17930 loss=0.011780 lr=3.497e-06
[train] step=17931 loss=0.006925 lr=3.496e-06
[train] step=17932 loss=0.003870 lr=3.496e-06
[train] step=17933 loss=0.009527 lr=3.495e-06
[train] step=17934 loss=0.015420 lr=3.495e-06
[train] step=17935 loss=0.010886 lr=3.494e-06
[train] step=17936 loss=0.007417 lr=3.494e-06
[train] step=17937 loss=0.005319 lr=3.493e-06
[train] step=17938 loss=0.006226 lr=3.493e-06
[train] step=17939 loss=0.016601 lr=3.492e-06
[train] step=17940 loss=0.019526 lr=3.492e-06
[train] step=17941 loss=0.009157 lr=3.491e-06
[train] step=17942 loss=0.005236 lr=3.491e-06
[train] step=17943 loss=0.003577 lr=3.490e-06
[train] step=17944 loss=0.003657 lr=3.490e-06
[train] step=17945 loss=0.002879 lr=3.489e-06
[train] step=17946 loss=0.010146 lr=3.489e-06
[train] step=17947 loss=0.003574 lr=3.488e-06
[train] step=17948 loss=0.008280 lr=3.488e-06
[train] step=17949 loss=0.009261 lr=3.487e-06
[train] step=17950 loss=0.004892 lr=3.487e-06
[train] step=17951 loss=0.005836 lr=3.486e-06
[train] step=17952 loss=0.019391 lr=3.486e-06
[train] step=17953 loss=0.004813 lr=3.485e-06
[train] step=17954 loss=0.003946 lr=3.485e-06
[train] step=17955 loss=0.006805 lr=3.484e-06
[train] step=17956 loss=0.009195 lr=3.484e-06
[train] step=17957 loss=0.005490 lr=3.483e-06
[train] step=17958 loss=0.019272 lr=3.483e-06
[train] step=17959 loss=0.006274 lr=3.482e-06
[train] step=17960 loss=0.004473 lr=3.482e-06
[train] step=17961 loss=0.004413 lr=3.481e-06
[train] step=17962 loss=0.008017 lr=3.481e-06
[train] step=17963 loss=0.006565 lr=3.480e-06
[train] step=17964 loss=0.015972 lr=3.480e-06
[train] step=17965 loss=0.011413 lr=3.479e-06
[train] step=17966 loss=0.005583 lr=3.479e-06
[train] step=17967 loss=0.007248 lr=3.478e-06
[train] step=17968 loss=0.017391 lr=3.478e-06
[train] step=17969 loss=0.025767 lr=3.477e-06
[train] step=17970 loss=0.006073 lr=3.477e-06
[train] step=17971 loss=0.004113 lr=3.476e-06
[train] step=17972 loss=0.051823 lr=3.476e-06
[train] step=17973 loss=0.002906 lr=3.475e-06
[train] step=17974 loss=0.013162 lr=3.475e-06
[train] step=17975 loss=0.004876 lr=3.474e-06
[train] step=17976 loss=0.006709 lr=3.474e-06
[train] step=17977 loss=0.008266 lr=3.473e-06
[train] step=17978 loss=0.009113 lr=3.473e-06
[train] step=17979 loss=0.006716 lr=3.472e-06
[train] step=17980 loss=0.015264 lr=3.472e-06
[train] step=17981 loss=0.020340 lr=3.471e-06
[train] step=17982 loss=0.004650 lr=3.471e-06
[train] step=17983 loss=0.011673 lr=3.470e-06
[train] step=17984 loss=0.021715 lr=3.470e-06
[train] step=17985 loss=0.013343 lr=3.469e-06
[train] step=17986 loss=0.006410 lr=3.469e-06
[train] step=17987 loss=0.003068 lr=3.468e-06
[train] step=17988 loss=0.006831 lr=3.468e-06
[train] step=17989 loss=0.007770 lr=3.467e-06
[train] step=17990 loss=0.004941 lr=3.467e-06
[train] step=17991 loss=0.005642 lr=3.466e-06
[train] step=17992 loss=0.003671 lr=3.466e-06
[train] step=17993 loss=0.006065 lr=3.465e-06
[train] step=17994 loss=0.006943 lr=3.465e-06
[train] step=17995 loss=0.012190 lr=3.464e-06
[train] step=17996 loss=0.007427 lr=3.464e-06
[train] step=17997 loss=0.007107 lr=3.463e-06
[train] step=17998 loss=0.011108 lr=3.463e-06
[train] step=17999 loss=0.004397 lr=3.462e-06
[train] step=18000 loss=0.007166 lr=3.462e-06
[val] step=18000 val_loss=0.013501
INFO     [rank 0] Model weights for step 18000 saved in      dit_trainer.py:1288
         checkpoints/model_weights_step_18000.safetensors                       
INFO     [rank 0] Scalar embedding weights for step 18000    dit_trainer.py:1297
         saved                                                                  
INFO     [rank 0] Training state saved:                      dit_trainer.py:1416
         checkpoints/model_weights_step_18000.state.pt                          
DEBUG    [rank 0] Removed old checkpoint:                    dit_trainer.py:1429
         /local/disk/hramachandran/work/wh_work/windinet/dit                    
         _outputs/lundquist/dit_sds_untrained_30k/checkpoint                    
         s/model_weights_step_17760.safetensors                                 
DEBUG    [rank 0] Removed old checkpoint:                    dit_trainer.py:1429
         /local/disk/hramachandran/work/wh_work/windinet/dit                    
         _outputs/lundquist/dit_sds_untrained_30k/checkpoint                    
         s/scalar_embedding_step_17760.safetensors                              
DEBUG    [rank 0] Removed optimizer state for older kept     dit_trainer.py:1444
         checkpoint:                                                            
         /local/disk/hramachandran/work/wh_work/windinet/dit                    
         _outputs/lundquist/dit_sds_untrained_30k/checkpoint                    
         s/model_weights_step_17880.state.pt                                    
INFO     [rank 0] Saved DiT visualization panels for    dit_visualization.py:418
         step 18000 (3 samples x 4 frames);                                     
         latent_vrmse=0.07168 pixel_vrmse=0.43509 ->                            
         /local/disk/hramachandran/work/wh_work/windine                         
         t/dit_outputs/lundquist/dit_sds_untrained_30k/                         
         dit_vrmse_metrics.csv,                                                 
         /local/disk/hramachandran/work/wh_work/windine                         
         t/dit_outputs/lundquist/dit_sds_untrained_30k/                         
         dit_vrmse_curve.png                                                    
[epoch 150] step=18000 train_loss=0.008711 val_loss=0.013501
[train] step=18001 loss=0.003819 lr=3.461e-06
[train] step=18002 loss=0.006257 lr=3.461e-06
[train] step=18003 loss=0.007095 lr=3.460e-06
[train] step=18004 loss=0.004427 lr=3.460e-06
[train] step=18005 loss=0.005173 lr=3.459e-06
[train] step=18006 loss=0.006804 lr=3.459e-06
[train] step=18007 loss=0.007944 lr=3.458e-06
[train] step=18008 loss=0.004413 lr=3.458e-06
[train] step=18009 loss=0.005512 lr=3.457e-06
[train] step=18010 loss=0.009098 lr=3.457e-06
[train] step=18011 loss=0.005042 lr=3.456e-06
[train] step=18012 loss=0.007860 lr=3.456e-06
[train] step=18013 loss=0.050035 lr=3.455e-06
[train] step=18014 loss=0.003877 lr=3.455e-06
[train] step=18015 loss=0.028491 lr=3.454e-06
[train] step=18016 loss=0.004293 lr=3.454e-06
[train] step=18017 loss=0.004494 lr=3.454e-06
[train] step=18018 loss=0.011225 lr=3.453e-06
[train] step=18019 loss=0.008851 lr=3.453e-06
[train] step=18020 loss=0.007714 lr=3.452e-06
[train] step=18021 loss=0.005465 lr=3.452e-06
[train] step=18022 loss=0.005321 lr=3.451e-06
[train] step=18023 loss=0.009228 lr=3.451e-06
[train] step=18024 loss=0.011104 lr=3.450e-06
[train] step=18025 loss=0.009774 lr=3.450e-06
[train] step=18026 loss=0.004669 lr=3.449e-06
[train] step=18027 loss=0.005925 lr=3.449e-06
[train] step=18028 loss=0.006138 lr=3.448e-06
[train] step=18029 loss=0.005241 lr=3.448e-06
[train] step=18030 loss=0.005618 lr=3.447e-06
[train] step=18031 loss=0.009407 lr=3.447e-06
[train] step=18032 loss=0.012283 lr=3.446e-06
[train] step=18033 loss=0.017224 lr=3.446e-06
[train] step=18034 loss=0.007946 lr=3.445e-06
[train] step=18035 loss=0.010193 lr=3.445e-06
[train] step=18036 loss=0.010223 lr=3.444e-06
[train] step=18037 loss=0.003987 lr=3.444e-06
[train] step=18038 loss=0.007451 lr=3.443e-06
[train] step=18039 loss=0.019879 lr=3.443e-06
[train] step=18040 loss=0.005497 lr=3.442e-06
[train] step=18041 loss=0.005145 lr=3.442e-06
[train] step=18042 loss=0.006129 lr=3.441e-06
[train] step=18043 loss=0.006659 lr=3.441e-06
[train] step=18044 loss=0.006664 lr=3.440e-06
[train] step=18045 loss=0.006095 lr=3.440e-06
[train] step=18046 loss=0.008083 lr=3.439e-06
[train] step=18047 loss=0.003667 lr=3.439e-06
[train] step=18048 loss=0.010651 lr=3.438e-06
[train] step=18049 loss=0.003635 lr=3.438e-06
[train] step=18050 loss=0.006847 lr=3.437e-06
[train] step=18051 loss=0.002858 lr=3.437e-06
[train] step=18052 loss=0.028664 lr=3.436e-06
[train] step=18053 loss=0.015737 lr=3.436e-06
[train] step=18054 loss=0.004396 lr=3.435e-06
[train] step=18055 loss=0.007014 lr=3.435e-06
[train] step=18056 loss=0.006457 lr=3.434e-06
[train] step=18057 loss=0.010338 lr=3.434e-06
[train] step=18058 loss=0.003867 lr=3.433e-06
[train] step=18059 loss=0.010596 lr=3.433e-06
[train] step=18060 loss=0.006515 lr=3.432e-06
[train] step=18061 loss=0.005694 lr=3.432e-06
[train] step=18062 loss=0.005582 lr=3.431e-06
[train] step=18063 loss=0.018298 lr=3.431e-06
[train] step=18064 loss=0.005265 lr=3.430e-06
[train] step=18065 loss=0.001816 lr=3.430e-06
[train] step=18066 loss=0.013697 lr=3.429e-06
[train] step=18067 loss=0.003502 lr=3.429e-06
[train] step=18068 loss=0.004293 lr=3.428e-06
[train] step=18069 loss=0.005259 lr=3.428e-06
[train] step=18070 loss=0.008694 lr=3.427e-06
[train] step=18071 loss=0.007782 lr=3.427e-06
[train] step=18072 loss=0.006449 lr=3.426e-06
[train] step=18073 loss=0.007097 lr=3.426e-06
[train] step=18074 loss=0.008255 lr=3.425e-06
[train] step=18075 loss=0.004293 lr=3.425e-06
[train] step=18076 loss=0.007993 lr=3.424e-06
[train] step=18077 loss=0.004039 lr=3.424e-06
[train] step=18078 loss=0.007118 lr=3.423e-06
[train] step=18079 loss=0.005388 lr=3.423e-06
[train] step=18080 loss=0.010828 lr=3.422e-06
[train] step=18081 loss=0.009795 lr=3.422e-06
[train] step=18082 loss=0.007388 lr=3.421e-06
[train] step=18083 loss=0.005947 lr=3.421e-06
[train] step=18084 loss=0.004324 lr=3.420e-06
[train] step=18085 loss=0.005383 lr=3.420e-06
[train] step=18086 loss=0.004040 lr=3.419e-06
[train] step=18087 loss=0.009627 lr=3.419e-06
[train] step=18088 loss=0.003405 lr=3.418e-06
[train] step=18089 loss=0.005903 lr=3.418e-06
[train] step=18090 loss=0.005009 lr=3.417e-06
[train] step=18091 loss=0.005694 lr=3.417e-06
[train] step=18092 loss=0.022676 lr=3.416e-06
[train] step=18093 loss=0.005710 lr=3.416e-06
[train] step=18094 loss=0.004754 lr=3.415e-06
[train] step=18095 loss=0.005966 lr=3.415e-06
[train] step=18096 loss=0.006075 lr=3.414e-06
[train] step=18097 loss=0.005413 lr=3.414e-06
[train] step=18098 loss=0.009981 lr=3.413e-06
[train] step=18099 loss=0.004664 lr=3.413e-06
[train] step=18100 loss=0.013200 lr=3.412e-06
[train] step=18101 loss=0.004985 lr=3.412e-06
[train] step=18102 loss=0.002937 lr=3.411e-06
[train] step=18103 loss=0.006276 lr=3.411e-06
[train] step=18104 loss=0.010767 lr=3.410e-06
[train] step=18105 loss=0.005447 lr=3.410e-06
[train] step=18106 loss=0.010068 lr=3.409e-06
[train] step=18107 loss=0.004094 lr=3.409e-06
[train] step=18108 loss=0.013011 lr=3.408e-06
[train] step=18109 loss=0.007866 lr=3.408e-06
[train] step=18110 loss=0.005285 lr=3.407e-06
[train] step=18111 loss=0.004682 lr=3.407e-06
[train] step=18112 loss=0.007581 lr=3.406e-06
[train] step=18113 loss=0.009810 lr=3.406e-06
[train] step=18114 loss=0.008145 lr=3.405e-06
[train] step=18115 loss=0.013458 lr=3.405e-06
[train] step=18116 loss=0.012297 lr=3.404e-06
[train] step=18117 loss=0.008324 lr=3.404e-06
[train] step=18118 loss=0.017377 lr=3.403e-06
[train] step=18119 loss=0.003464 lr=3.403e-06
[train] step=18120 loss=0.006533 lr=3.402e-06
INFO     [rank 0] Model weights for step 18120 saved in      dit_trainer.py:1288
         checkpoints/model_weights_step_18120.safetensors                       
INFO     [rank 0] Scalar embedding weights for step 18120    dit_trainer.py:1297
         saved                                                                  
INFO     [rank 0] Training state saved:                      dit_trainer.py:1416
         checkpoints/model_weights_step_18120.state.pt                          
DEBUG    [rank 0] Removed old checkpoint:                    dit_trainer.py:1429
         /local/disk/hramachandran/work/wh_work/windinet/dit                    
         _outputs/lundquist/dit_sds_untrained_30k/checkpoint                    
         s/model_weights_step_17880.safetensors                                 
DEBUG    [rank 0] Removed old checkpoint:                    dit_trainer.py:1429
         /local/disk/hramachandran/work/wh_work/windinet/dit                    
         _outputs/lundquist/dit_sds_untrained_30k/checkpoint                    
         s/scalar_embedding_step_17880.safetensors                              
DEBUG    [rank 0] Removed optimizer state for older kept     dit_trainer.py:1444
         checkpoint:                                                            
         /local/disk/hramachandran/work/wh_work/windinet/dit                    
         _outputs/lundquist/dit_sds_untrained_30k/checkpoint                    
         s/model_weights_step_18000.state.pt                                    
[epoch 151] step=18120 train_loss=0.008120
[train] step=18121 loss=0.011306 lr=3.402e-06
[train] step=18122 loss=0.006551 lr=3.401e-06
[train] step=18123 loss=0.005720 lr=3.401e-06
[train] step=18124 loss=0.008087 lr=3.400e-06
[train] step=18125 loss=0.004259 lr=3.400e-06
[train] step=18126 loss=0.008225 lr=3.399e-06
[train] step=18127 loss=0.007200 lr=3.399e-06
[train] step=18128 loss=0.004176 lr=3.398e-06
[train] step=18129 loss=0.012617 lr=3.398e-06
[train] step=18130 loss=0.002538 lr=3.397e-06
[train] step=18131 loss=0.008850 lr=3.397e-06
[train] step=18132 loss=0.005091 lr=3.396e-06
[train] step=18133 loss=0.005167 lr=3.396e-06
[train] step=18134 loss=0.006511 lr=3.395e-06
[train] step=18135 loss=0.011618 lr=3.395e-06
[train] step=18136 loss=0.006352 lr=3.394e-06
[train] step=18137 loss=0.002870 lr=3.394e-06
[train] step=18138 loss=0.006194 lr=3.393e-06
[train] step=18139 loss=0.006975 lr=3.393e-06
[train] step=18140 loss=0.005481 lr=3.392e-06
[train] step=18141 loss=0.012671 lr=3.392e-06
[train] step=18142 loss=0.016677 lr=3.391e-06
[train] step=18143 loss=0.009109 lr=3.391e-06
[train] step=18144 loss=0.004961 lr=3.390e-06
[train] step=18145 loss=0.003034 lr=3.390e-06
[train] step=18146 loss=0.005989 lr=3.390e-06
[train] step=18147 loss=0.002814 lr=3.389e-06
[train] step=18148 loss=0.012485 lr=3.389e-06
[train] step=18149 loss=0.005004 lr=3.388e-06
[train] step=18150 loss=0.010054 lr=3.388e-06
[train] step=18151 loss=0.005776 lr=3.387e-06
[train] step=18152 loss=0.006206 lr=3.387e-06
[train] step=18153 loss=0.017486 lr=3.386e-06
[train] step=18154 loss=0.005226 lr=3.386e-06
[train] step=18155 loss=0.008807 lr=3.385e-06
[train] step=18156 loss=0.006417 lr=3.385e-06
[train] step=18157 loss=0.004377 lr=3.384e-06
[train] step=18158 loss=0.012166 lr=3.384e-06
[train] step=18159 loss=0.007722 lr=3.383e-06
[train] step=18160 loss=0.012123 lr=3.383e-06
[train] step=18161 loss=0.009914 lr=3.382e-06
[train] step=18162 loss=0.004410 lr=3.382e-06
[train] step=18163 loss=0.004218 lr=3.381e-06
[train] step=18164 loss=0.004358 lr=3.381e-06
[train] step=18165 loss=0.005890 lr=3.380e-06
[train] step=18166 loss=0.006943 lr=3.380e-06
[train] step=18167 loss=0.004840 lr=3.379e-06
[train] step=18168 loss=0.004944 lr=3.379e-06
[train] step=18169 loss=0.020019 lr=3.378e-06
[train] step=18170 loss=0.007541 lr=3.378e-06
[train] step=18171 loss=0.009882 lr=3.377e-06
[train] step=18172 loss=0.005183 lr=3.377e-06
[train] step=18173 loss=0.006043 lr=3.376e-06
[train] step=18174 loss=0.003221 lr=3.376e-06
[train] step=18175 loss=0.003689 lr=3.375e-06
[train] step=18176 loss=0.005070 lr=3.375e-06
[train] step=18177 loss=0.005175 lr=3.374e-06
[train] step=18178 loss=0.004299 lr=3.374e-06
[train] step=18179 loss=0.010912 lr=3.373e-06
[train] step=18180 loss=0.004312 lr=3.373e-06
[train] step=18181 loss=0.005423 lr=3.372e-06
[train] step=18182 loss=0.003564 lr=3.372e-06
[train] step=18183 loss=0.008335 lr=3.371e-06
[train] step=18184 loss=0.009314 lr=3.371e-06
[train] step=18185 loss=0.005937 lr=3.370e-06
[train] step=18186 loss=0.005948 lr=3.370e-06
[train] step=18187 loss=0.012522 lr=3.369e-06
[train] step=18188 loss=0.004701 lr=3.369e-06
[train] step=18189 loss=0.004857 lr=3.368e-06
[train] step=18190 loss=0.006579 lr=3.368e-06
[train] step=18191 loss=0.007891 lr=3.367e-06
[train] step=18192 loss=0.005519 lr=3.367e-06
[train] step=18193 loss=0.003216 lr=3.366e-06
[train] step=18194 loss=0.003803 lr=3.366e-06
[train] step=18195 loss=0.005896 lr=3.365e-06
[train] step=18196 loss=0.008454 lr=3.365e-06
[train] step=18197 loss=0.005243 lr=3.364e-06
[train] step=18198 loss=0.004600 lr=3.364e-06
[train] step=18199 loss=0.008218 lr=3.363e-06
[train] step=18200 loss=0.003768 lr=3.363e-06
[train] step=18201 loss=0.013369 lr=3.362e-06
[train] step=18202 loss=0.009168 lr=3.362e-06
[train] step=18203 loss=0.004488 lr=3.361e-06
[train] step=18204 loss=0.009217 lr=3.361e-06
[train] step=18205 loss=0.002633 lr=3.360e-06
[train] step=18206 loss=0.006411 lr=3.360e-06
[train] step=18207 loss=0.003443 lr=3.359e-06
[train] step=18208 loss=0.011471 lr=3.359e-06
[train] step=18209 loss=0.017185 lr=3.358e-06
[train] step=18210 loss=0.004625 lr=3.358e-06
[train] step=18211 loss=0.003808 lr=3.357e-06
[train] step=18212 loss=0.006140 lr=3.357e-06
[train] step=18213 loss=0.006438 lr=3.356e-06
[train] step=18214 loss=0.004750 lr=3.356e-06
[train] step=18215 loss=0.009079 lr=3.355e-06
[train] step=18216 loss=0.004966 lr=3.355e-06
[train] step=18217 loss=0.006418 lr=3.354e-06
[train] step=18218 loss=0.009569 lr=3.354e-06
[train] step=18219 loss=0.006612 lr=3.353e-06
[train] step=18220 loss=0.004546 lr=3.353e-06
[train] step=18221 loss=0.004422 lr=3.352e-06
[train] step=18222 loss=0.009680 lr=3.352e-06
[train] step=18223 loss=0.007192 lr=3.351e-06
[train] step=18224 loss=0.010257 lr=3.351e-06
[train] step=18225 loss=0.007187 lr=3.350e-06
[train] step=18226 loss=0.007453 lr=3.350e-06
[train] step=18227 loss=0.004516 lr=3.349e-06
[train] step=18228 loss=0.007032 lr=3.349e-06
[train] step=18229 loss=0.007557 lr=3.348e-06
[train] step=18230 loss=0.004797 lr=3.348e-06
[train] step=18231 loss=0.007043 lr=3.347e-06
[train] step=18232 loss=0.009803 lr=3.347e-06
[train] step=18233 loss=0.009831 lr=3.347e-06
[train] step=18234 loss=0.003708 lr=3.346e-06
[train] step=18235 loss=0.054182 lr=3.346e-06
[train] step=18236 loss=0.011264 lr=3.345e-06
[train] step=18237 loss=0.010603 lr=3.345e-06
[train] step=18238 loss=0.009758 lr=3.344e-06
[train] step=18239 loss=0.004578 lr=3.344e-06
[train] step=18240 loss=0.002846 lr=3.343e-06
INFO     [rank 0] Model weights for step 18240 saved in      dit_trainer.py:1288
         checkpoints/model_weights_step_18240.safetensors                       
INFO     [rank 0] Scalar embedding weights for step 18240    dit_trainer.py:1297
         saved                                                                  
INFO     [rank 0] Training state saved:                      dit_trainer.py:1416
         checkpoints/model_weights_step_18240.state.pt                          
DEBUG    [rank 0] Removed old checkpoint:                    dit_trainer.py:1429
         /local/disk/hramachandran/work/wh_work/windinet/dit                    
         _outputs/lundquist/dit_sds_untrained_30k/checkpoint                    
         s/model_weights_step_18000.safetensors                                 
DEBUG    [rank 0] Removed old checkpoint:                    dit_trainer.py:1429
         /local/disk/hramachandran/work/wh_work/windinet/dit                    
         _outputs/lundquist/dit_sds_untrained_30k/checkpoint                    
         s/scalar_embedding_step_18000.safetensors                              
DEBUG    [rank 0] Removed optimizer state for older kept     dit_trainer.py:1444
         checkpoint:                                                            
         /local/disk/hramachandran/work/wh_work/windinet/dit                    
         _outputs/lundquist/dit_sds_untrained_30k/checkpoint                    
         s/model_weights_step_18120.state.pt                                    
[epoch 152] step=18240 train_loss=0.007511
[train] step=18241 loss=0.018091 lr=3.343e-06
[train] step=18242 loss=0.034463 lr=3.342e-06
[train] step=18243 loss=0.020520 lr=3.342e-06
[train] step=18244 loss=0.004111 lr=3.341e-06
[train] step=18245 loss=0.011396 lr=3.341e-06
[train] step=18246 loss=0.004767 lr=3.340e-06
[train] step=18247 loss=0.008526 lr=3.340e-06
[train] step=18248 loss=0.008224 lr=3.339e-06
[train] step=18249 loss=0.004685 lr=3.339e-06
[train] step=18250 loss=0.009345 lr=3.338e-06
[train] step=18251 loss=0.017666 lr=3.338e-06
[train] step=18252 loss=0.005444 lr=3.337e-06
[train] step=18253 loss=0.008135 lr=3.337e-06
[train] step=18254 loss=0.006479 lr=3.336e-06
[train] step=18255 loss=0.003573 lr=3.336e-06
[train] step=18256 loss=0.006157 lr=3.335e-06
[train] step=18257 loss=0.009851 lr=3.335e-06
[train] step=18258 loss=0.010375 lr=3.334e-06
[train] step=18259 loss=0.006044 lr=3.334e-06
[train] step=18260 loss=0.005040 lr=3.333e-06
[train] step=18261 loss=0.009680 lr=3.333e-06
[train] step=18262 loss=0.004138 lr=3.332e-06
[train] step=18263 loss=0.003957 lr=3.332e-06
[train] step=18264 loss=0.007631 lr=3.331e-06
[train] step=18265 loss=0.015996 lr=3.331e-06
[train] step=18266 loss=0.005211 lr=3.330e-06
[train] step=18267 loss=0.008394 lr=3.330e-06
[train] step=18268 loss=0.003352 lr=3.329e-06
[train] step=18269 loss=0.010524 lr=3.329e-06
[train] step=18270 loss=0.027808 lr=3.328e-06
[train] step=18271 loss=0.006383 lr=3.328e-06
[train] step=18272 loss=0.007657 lr=3.327e-06
[train] step=18273 loss=0.013968 lr=3.327e-06
[train] step=18274 loss=0.007411 lr=3.326e-06
[train] step=18275 loss=0.005363 lr=3.326e-06
[train] step=18276 loss=0.005877 lr=3.325e-06
[train] step=18277 loss=0.008966 lr=3.325e-06
[train] step=18278 loss=0.003110 lr=3.324e-06
[train] step=18279 loss=0.006528 lr=3.324e-06
[train] step=18280 loss=0.007452 lr=3.323e-06
[train] step=18281 loss=0.007450 lr=3.323e-06
[train] step=18282 loss=0.004520 lr=3.322e-06
[train] step=18283 loss=0.007745 lr=3.322e-06
[train] step=18284 loss=0.005598 lr=3.321e-06
[train] step=18285 loss=0.002695 lr=3.321e-06
[train] step=18286 loss=0.003539 lr=3.320e-06
[train] step=18287 loss=0.011027 lr=3.320e-06
[train] step=18288 loss=0.004999 lr=3.319e-06
[train] step=18289 loss=0.032481 lr=3.319e-06
[train] step=18290 loss=0.011980 lr=3.318e-06
[train] step=18291 loss=0.004303 lr=3.318e-06
[train] step=18292 loss=0.005289 lr=3.317e-06
[train] step=18293 loss=0.006672 lr=3.317e-06
[train] step=18294 loss=0.003386 lr=3.316e-06
[train] step=18295 loss=0.022171 lr=3.316e-06
[train] step=18296 loss=0.002686 lr=3.315e-06
[train] step=18297 loss=0.004107 lr=3.315e-06
[train] step=18298 loss=0.006120 lr=3.314e-06
[train] step=18299 loss=0.006874 lr=3.314e-06
[train] step=18300 loss=0.006147 lr=3.313e-06
[train] step=18301 loss=0.008595 lr=3.313e-06
[train] step=18302 loss=0.004990 lr=3.313e-06
[train] step=18303 loss=0.006288 lr=3.312e-06
[train] step=18304 loss=0.011307 lr=3.312e-06
[train] step=18305 loss=0.007232 lr=3.311e-06
[train] step=18306 loss=0.007901 lr=3.311e-06
[train] step=18307 loss=0.005196 lr=3.310e-06
[train] step=18308 loss=0.005996 lr=3.310e-06
[train] step=18309 loss=0.006170 lr=3.309e-06
[train] step=18310 loss=0.005318 lr=3.309e-06
[train] step=18311 loss=0.007586 lr=3.308e-06
[train] step=18312 loss=0.003941 lr=3.308e-06
[train] step=18313 loss=0.007043 lr=3.307e-06
[train] step=18314 loss=0.005830 lr=3.307e-06
[train] step=18315 loss=0.011446 lr=3.306e-06
[train] step=18316 loss=0.004454 lr=3.306e-06
[train] step=18317 loss=0.005686 lr=3.305e-06
[train] step=18318 loss=0.006373 lr=3.305e-06
[train] step=18319 loss=0.020480 lr=3.304e-06
[train] step=18320 loss=0.028774 lr=3.304e-06
[train] step=18321 loss=0.005343 lr=3.303e-06
[train] step=18322 loss=0.003462 lr=3.303e-06
[train] step=18323 loss=0.004188 lr=3.302e-06
[train] step=18324 loss=0.005469 lr=3.302e-06
[train] step=18325 loss=0.008039 lr=3.301e-06
[train] step=18326 loss=0.006804 lr=3.301e-06
[train] step=18327 loss=0.006930 lr=3.300e-06
[train] step=18328 loss=0.004271 lr=3.300e-06
[train] step=18329 loss=0.004203 lr=3.299e-06
[train] step=18330 loss=0.012508 lr=3.299e-06
[train] step=18331 loss=0.009912 lr=3.298e-06
[train] step=18332 loss=0.006413 lr=3.298e-06
[train] step=18333 loss=0.009377 lr=3.297e-06
[train] step=18334 loss=0.011696 lr=3.297e-06
[train] step=18335 loss=0.005337 lr=3.296e-06
[train] step=18336 loss=0.006528 lr=3.296e-06
[train] step=18337 loss=0.003736 lr=3.295e-06
[train] step=18338 loss=0.003489 lr=3.295e-06
[train] step=18339 loss=0.004604 lr=3.294e-06
[train] step=18340 loss=0.005540 lr=3.294e-06
[train] step=18341 loss=0.014237 lr=3.293e-06
[train] step=18342 loss=0.007031 lr=3.293e-06
[train] step=18343 loss=0.003541 lr=3.292e-06
[train] step=18344 loss=0.005851 lr=3.292e-06
[train] step=18345 loss=0.006690 lr=3.291e-06
[train] step=18346 loss=0.007343 lr=3.291e-06
[train] step=18347 loss=0.005476 lr=3.290e-06
[train] step=18348 loss=0.009679 lr=3.290e-06
[train] step=18349 loss=0.004633 lr=3.289e-06
[train] step=18350 loss=0.006057 lr=3.289e-06
[train] step=18351 loss=0.003833 lr=3.288e-06
[train] step=18352 loss=0.006688 lr=3.288e-06
[train] step=18353 loss=0.002926 lr=3.287e-06
[train] step=18354 loss=0.007890 lr=3.287e-06
[train] step=18355 loss=0.008901 lr=3.286e-06
[train] step=18356 loss=0.013081 lr=3.286e-06
[train] step=18357 loss=0.010030 lr=3.285e-06
[train] step=18358 loss=0.006407 lr=3.285e-06
[train] step=18359 loss=0.004207 lr=3.284e-06
[train] step=18360 loss=0.010210 lr=3.284e-06
INFO     [rank 0] Model weights for step 18360 saved in      dit_trainer.py:1288
         checkpoints/model_weights_step_18360.safetensors                       
INFO     [rank 0] Scalar embedding weights for step 18360    dit_trainer.py:1297
         saved                                                                  
INFO     [rank 0] Training state saved:                      dit_trainer.py:1416
         checkpoints/model_weights_step_18360.state.pt                          
DEBUG    [rank 0] Removed old checkpoint:                    dit_trainer.py:1429
         /local/disk/hramachandran/work/wh_work/windinet/dit                    
         _outputs/lundquist/dit_sds_untrained_30k/checkpoint                    
         s/model_weights_step_18120.safetensors                                 
DEBUG    [rank 0] Removed old checkpoint:                    dit_trainer.py:1429
         /local/disk/hramachandran/work/wh_work/windinet/dit                    
         _outputs/lundquist/dit_sds_untrained_30k/checkpoint                    
         s/scalar_embedding_step_18120.safetensors                              
DEBUG    [rank 0] Removed optimizer state for older kept     dit_trainer.py:1444
         checkpoint:                                                            
         /local/disk/hramachandran/work/wh_work/windinet/dit                    
         _outputs/lundquist/dit_sds_untrained_30k/checkpoint                    
         s/model_weights_step_18240.state.pt                                    
[epoch 153] step=18360 train_loss=0.008066
[train] step=18361 loss=0.008221 lr=3.284e-06
[train] step=18362 loss=0.010837 lr=3.283e-06
[train] step=18363 loss=0.003734 lr=3.283e-06
[train] step=18364 loss=0.006388 lr=3.282e-06
[train] step=18365 loss=0.008281 lr=3.282e-06
[train] step=18366 loss=0.004106 lr=3.281e-06
[train] step=18367 loss=0.010731 lr=3.281e-06
[train] step=18368 loss=0.002989 lr=3.280e-06
[train] step=18369 loss=0.018948 lr=3.280e-06
[train] step=18370 loss=0.029874 lr=3.279e-06
[train] step=18371 loss=0.007206 lr=3.279e-06
[train] step=18372 loss=0.011088 lr=3.278e-06
[train] step=18373 loss=0.014803 lr=3.278e-06
[train] step=18374 loss=0.005085 lr=3.277e-06
[train] step=18375 loss=0.009034 lr=3.277e-06
[train] step=18376 loss=0.005403 lr=3.276e-06
[train] step=18377 loss=0.004118 lr=3.276e-06
[train] step=18378 loss=0.005952 lr=3.275e-06
[train] step=18379 loss=0.003841 lr=3.275e-06
[train] step=18380 loss=0.008106 lr=3.274e-06
[train] step=18381 loss=0.012050 lr=3.274e-06
[train] step=18382 loss=0.015794 lr=3.273e-06
[train] step=18383 loss=0.005162 lr=3.273e-06
[train] step=18384 loss=0.014800 lr=3.272e-06
[train] step=18385 loss=0.005459 lr=3.272e-06
[train] step=18386 loss=0.002788 lr=3.271e-06
[train] step=18387 loss=0.004579 lr=3.271e-06
[train] step=18388 loss=0.004063 lr=3.270e-06
[train] step=18389 loss=0.013427 lr=3.270e-06
[train] step=18390 loss=0.007345 lr=3.269e-06
[train] step=18391 loss=0.008334 lr=3.269e-06
[train] step=18392 loss=0.004229 lr=3.268e-06
[train] step=18393 loss=0.003391 lr=3.268e-06
[train] step=18394 loss=0.005399 lr=3.267e-06
[train] step=18395 loss=0.003013 lr=3.267e-06
[train] step=18396 loss=0.005877 lr=3.266e-06
[train] step=18397 loss=0.010105 lr=3.266e-06
[train] step=18398 loss=0.009071 lr=3.265e-06
[train] step=18399 loss=0.003984 lr=3.265e-06
[train] step=18400 loss=0.005584 lr=3.264e-06
[train] step=18401 loss=0.005995 lr=3.264e-06
[train] step=18402 loss=0.005391 lr=3.263e-06
[train] step=18403 loss=0.006984 lr=3.263e-06
[train] step=18404 loss=0.014653 lr=3.262e-06
[train] step=18405 loss=0.006021 lr=3.262e-06
[train] step=18406 loss=0.006398 lr=3.261e-06
[train] step=18407 loss=0.006996 lr=3.261e-06
[train] step=18408 loss=0.003756 lr=3.260e-06
[train] step=18409 loss=0.007265 lr=3.260e-06
[train] step=18410 loss=0.010032 lr=3.259e-06
[train] step=18411 loss=0.005626 lr=3.259e-06
[train] step=18412 loss=0.003412 lr=3.258e-06
[train] step=18413 loss=0.007716 lr=3.258e-06
[train] step=18414 loss=0.028613 lr=3.258e-06
[train] step=18415 loss=0.003975 lr=3.257e-06
[train] step=18416 loss=0.006458 lr=3.257e-06
[train] step=18417 loss=0.003887 lr=3.256e-06
[train] step=18418 loss=0.005906 lr=3.256e-06
[train] step=18419 loss=0.004493 lr=3.255e-06
[train] step=18420 loss=0.002959 lr=3.255e-06
[train] step=18421 loss=0.006884 lr=3.254e-06
[train] step=18422 loss=0.006947 lr=3.254e-06
[train] step=18423 loss=0.009452 lr=3.253e-06
[train] step=18424 loss=0.002531 lr=3.253e-06
[train] step=18425 loss=0.009545 lr=3.252e-06
[train] step=18426 loss=0.004268 lr=3.252e-06
[train] step=18427 loss=0.005397 lr=3.251e-06
[train] step=18428 loss=0.009680 lr=3.251e-06
[train] step=18429 loss=0.011900 lr=3.250e-06
[train] step=18430 loss=0.005262 lr=3.250e-06
[train] step=18431 loss=0.002400 lr=3.249e-06
[train] step=18432 loss=0.003514 lr=3.249e-06
[train] step=18433 loss=0.004748 lr=3.248e-06
[train] step=18434 loss=0.002641 lr=3.248e-06
[train] step=18435 loss=0.005849 lr=3.247e-06
[train] step=18436 loss=0.005378 lr=3.247e-06
[train] step=18437 loss=0.005754 lr=3.246e-06
[train] step=18438 loss=0.005285 lr=3.246e-06
[train] step=18439 loss=0.008398 lr=3.245e-06
[train] step=18440 loss=0.013411 lr=3.245e-06
[train] step=18441 loss=0.004363 lr=3.244e-06
[train] step=18442 loss=0.004691 lr=3.244e-06
[train] step=18443 loss=0.004867 lr=3.243e-06
[train] step=18444 loss=0.003854 lr=3.243e-06
[train] step=18445 loss=0.003900 lr=3.242e-06
[train] step=18446 loss=0.007266 lr=3.242e-06
[train] step=18447 loss=0.013912 lr=3.241e-06
[train] step=18448 loss=0.007112 lr=3.241e-06
[train] step=18449 loss=0.002280 lr=3.240e-06
[train] step=18450 loss=0.003589 lr=3.240e-06
[train] step=18451 loss=0.007558 lr=3.239e-06
[train] step=18452 loss=0.008294 lr=3.239e-06
[train] step=18453 loss=0.004285 lr=3.238e-06
[train] step=18454 loss=0.006955 lr=3.238e-06
[train] step=18455 loss=0.005996 lr=3.237e-06
[train] step=18456 loss=0.004240 lr=3.237e-06
[train] step=18457 loss=0.004421 lr=3.236e-06
[train] step=18458 loss=0.004119 lr=3.236e-06
[train] step=18459 loss=0.008149 lr=3.235e-06
[train] step=18460 loss=0.036222 lr=3.235e-06
[train] step=18461 loss=0.003933 lr=3.235e-06
[train] step=18462 loss=0.002307 lr=3.234e-06
[train] step=18463 loss=0.004413 lr=3.234e-06
[train] step=18464 loss=0.003440 lr=3.233e-06
[train] step=18465 loss=0.005542 lr=3.233e-06
[train] step=18466 loss=0.009405 lr=3.232e-06
[train] step=18467 loss=0.008735 lr=3.232e-06
[train] step=18468 loss=0.007890 lr=3.231e-06
[train] step=18469 loss=0.003293 lr=3.231e-06
[train] step=18470 loss=0.008044 lr=3.230e-06
[train] step=18471 loss=0.010178 lr=3.230e-06
[train] step=18472 loss=0.003146 lr=3.229e-06
[train] step=18473 loss=0.018215 lr=3.229e-06
[train] step=18474 loss=0.011948 lr=3.228e-06
[train] step=18475 loss=0.003304 lr=3.228e-06
[train] step=18476 loss=0.010373 lr=3.227e-06
[train] step=18477 loss=0.006908 lr=3.227e-06
[train] step=18478 loss=0.003847 lr=3.226e-06
[train] step=18479 loss=0.006386 lr=3.226e-06
[train] step=18480 loss=0.003981 lr=3.225e-06
INFO     [rank 0] Model weights for step 18480 saved in      dit_trainer.py:1288
         checkpoints/model_weights_step_18480.safetensors                       
INFO     [rank 0] Scalar embedding weights for step 18480    dit_trainer.py:1297
         saved                                                                  
INFO     [rank 0] Training state saved:                      dit_trainer.py:1416
         checkpoints/model_weights_step_18480.state.pt                          
DEBUG    [rank 0] Removed old checkpoint:                    dit_trainer.py:1429
         /local/disk/hramachandran/work/wh_work/windinet/dit                    
         _outputs/lundquist/dit_sds_untrained_30k/checkpoint                    
         s/model_weights_step_18240.safetensors                                 
DEBUG    [rank 0] Removed old checkpoint:                    dit_trainer.py:1429
         /local/disk/hramachandran/work/wh_work/windinet/dit                    
         _outputs/lundquist/dit_sds_untrained_30k/checkpoint                    
         s/scalar_embedding_step_18240.safetensors                              
DEBUG    [rank 0] Removed optimizer state for older kept     dit_trainer.py:1444
         checkpoint:                                                            
         /local/disk/hramachandran/work/wh_work/windinet/dit                    
         _outputs/lundquist/dit_sds_untrained_30k/checkpoint                    
         s/model_weights_step_18360.state.pt                                    
[epoch 154] step=18480 train_loss=0.007388
[train] step=18481 loss=0.003924 lr=3.225e-06
[train] step=18482 loss=0.009037 lr=3.224e-06
[train] step=18483 loss=0.006250 lr=3.224e-06
[train] step=18484 loss=0.004480 lr=3.223e-06
[train] step=18485 loss=0.005321 lr=3.223e-06
[train] step=18486 loss=0.002259 lr=3.222e-06
[train] step=18487 loss=0.004625 lr=3.222e-06
[train] step=18488 loss=0.012454 lr=3.221e-06
[train] step=18489 loss=0.003056 lr=3.221e-06
[train] step=18490 loss=0.011019 lr=3.220e-06
[train] step=18491 loss=0.006442 lr=3.220e-06
[train] step=18492 loss=0.004651 lr=3.219e-06
[train] step=18493 loss=0.003158 lr=3.219e-06
[train] step=18494 loss=0.004973 lr=3.218e-06
[train] step=18495 loss=0.005978 lr=3.218e-06
[train] step=18496 loss=0.007269 lr=3.217e-06
[train] step=18497 loss=0.004076 lr=3.217e-06
[train] step=18498 loss=0.007260 lr=3.216e-06
[train] step=18499 loss=0.008847 lr=3.216e-06
[train] step=18500 loss=0.009376 lr=3.215e-06
[train] step=18501 loss=0.006361 lr=3.215e-06
[train] step=18502 loss=0.009479 lr=3.214e-06
[train] step=18503 loss=0.005581 lr=3.214e-06
[train] step=18504 loss=0.017250 lr=3.213e-06
[train] step=18505 loss=0.003688 lr=3.213e-06
[train] step=18506 loss=0.008091 lr=3.213e-06
[train] step=18507 loss=0.007208 lr=3.212e-06
[train] step=18508 loss=0.005385 lr=3.212e-06
[train] step=18509 loss=0.012720 lr=3.211e-06
[train] step=18510 loss=0.006664 lr=3.211e-06
[train] step=18511 loss=0.003116 lr=3.210e-06
[train] step=18512 loss=0.004764 lr=3.210e-06
[train] step=18513 loss=0.013756 lr=3.209e-06
[train] step=18514 loss=0.013892 lr=3.209e-06
[train] step=18515 loss=0.007692 lr=3.208e-06
[train] step=18516 loss=0.004331 lr=3.208e-06
[train] step=18517 loss=0.008723 lr=3.207e-06
[train] step=18518 loss=0.009471 lr=3.207e-06
[train] step=18519 loss=0.017496 lr=3.206e-06
[train] step=18520 loss=0.005307 lr=3.206e-06
[train] step=18521 loss=0.007363 lr=3.205e-06
[train] step=18522 loss=0.008921 lr=3.205e-06
[train] step=18523 loss=0.004322 lr=3.204e-06
[train] step=18524 loss=0.017794 lr=3.204e-06
[train] step=18525 loss=0.003392 lr=3.203e-06
[train] step=18526 loss=0.007492 lr=3.203e-06
[train] step=18527 loss=0.004780 lr=3.202e-06
[train] step=18528 loss=0.003783 lr=3.202e-06
[train] step=18529 loss=0.003042 lr=3.201e-06
[train] step=18530 loss=0.002676 lr=3.201e-06
[train] step=18531 loss=0.010948 lr=3.200e-06
[train] step=18532 loss=0.003669 lr=3.200e-06
[train] step=18533 loss=0.005676 lr=3.199e-06
[train] step=18534 loss=0.004042 lr=3.199e-06
[train] step=18535 loss=0.011617 lr=3.198e-06
[train] step=18536 loss=0.005376 lr=3.198e-06
[train] step=18537 loss=0.003510 lr=3.197e-06
[train] step=18538 loss=0.004471 lr=3.197e-06
[train] step=18539 loss=0.013003 lr=3.196e-06
[train] step=18540 loss=0.010626 lr=3.196e-06
[train] step=18541 loss=0.008035 lr=3.195e-06
[train] step=18542 loss=0.004268 lr=3.195e-06
[train] step=18543 loss=0.002743 lr=3.194e-06
[train] step=18544 loss=0.004816 lr=3.194e-06
[train] step=18545 loss=0.012123 lr=3.193e-06
[train] step=18546 loss=0.005015 lr=3.193e-06
[train] step=18547 loss=0.004893 lr=3.193e-06
[train] step=18548 loss=0.007276 lr=3.192e-06
[train] step=18549 loss=0.008590 lr=3.192e-06
[train] step=18550 loss=0.007268 lr=3.191e-06
[train] step=18551 loss=0.009398 lr=3.191e-06
[train] step=18552 loss=0.005295 lr=3.190e-06
[train] step=18553 loss=0.005626 lr=3.190e-06
[train] step=18554 loss=0.004214 lr=3.189e-06
[train] step=18555 loss=0.005250 lr=3.189e-06
[train] step=18556 loss=0.012496 lr=3.188e-06
[train] step=18557 loss=0.006491 lr=3.188e-06
[train] step=18558 loss=0.006092 lr=3.187e-06
[train] step=18559 loss=0.007407 lr=3.187e-06
[train] step=18560 loss=0.014025 lr=3.186e-06
[train] step=18561 loss=0.002982 lr=3.186e-06
[train] step=18562 loss=0.010284 lr=3.185e-06
[train] step=18563 loss=0.007160 lr=3.185e-06
[train] step=18564 loss=0.007600 lr=3.184e-06
[train] step=18565 loss=0.005689 lr=3.184e-06
[train] step=18566 loss=0.004502 lr=3.183e-06
[train] step=18567 loss=0.004341 lr=3.183e-06
[train] step=18568 loss=0.003427 lr=3.182e-06
[train] step=18569 loss=0.028589 lr=3.182e-06
[train] step=18570 loss=0.005197 lr=3.181e-06
[train] step=18571 loss=0.006227 lr=3.181e-06
[train] step=18572 loss=0.008924 lr=3.180e-06
[train] step=18573 loss=0.007078 lr=3.180e-06
[train] step=18574 loss=0.004705 lr=3.179e-06
[train] step=18575 loss=0.007308 lr=3.179e-06
[train] step=18576 loss=0.005305 lr=3.178e-06
[train] step=18577 loss=0.005410 lr=3.178e-06
[train] step=18578 loss=0.002913 lr=3.177e-06
[train] step=18579 loss=0.007642 lr=3.177e-06
[train] step=18580 loss=0.010127 lr=3.176e-06
[train] step=18581 loss=0.006930 lr=3.176e-06
[train] step=18582 loss=0.005532 lr=3.175e-06
[train] step=18583 loss=0.003928 lr=3.175e-06
[train] step=18584 loss=0.005459 lr=3.174e-06
[train] step=18585 loss=0.011513 lr=3.174e-06
[train] step=18586 loss=0.004273 lr=3.174e-06
[train] step=18587 loss=0.005501 lr=3.173e-06
[train] step=18588 loss=0.032694 lr=3.173e-06
[train] step=18589 loss=0.005963 lr=3.172e-06
[train] step=18590 loss=0.006495 lr=3.172e-06
[train] step=18591 loss=0.005319 lr=3.171e-06
[train] step=18592 loss=0.008138 lr=3.171e-06
[train] step=18593 loss=0.004184 lr=3.170e-06
[train] step=18594 loss=0.003869 lr=3.170e-06
[train] step=18595 loss=0.007372 lr=3.169e-06
[train] step=18596 loss=0.007198 lr=3.169e-06
[train] step=18597 loss=0.004775 lr=3.168e-06
[train] step=18598 loss=0.003574 lr=3.168e-06
[train] step=18599 loss=0.004515 lr=3.167e-06
[train] step=18600 loss=0.010990 lr=3.167e-06
[val] step=18600 val_loss=0.013586
INFO     [rank 0] Model weights for step 18600 saved in      dit_trainer.py:1288
         checkpoints/model_weights_step_18600.safetensors                       
INFO     [rank 0] Scalar embedding weights for step 18600    dit_trainer.py:1297
         saved                                                                  
INFO     [rank 0] Training state saved:                      dit_trainer.py:1416
         checkpoints/model_weights_step_18600.state.pt                          
DEBUG    [rank 0] Removed old checkpoint:                    dit_trainer.py:1429
         /local/disk/hramachandran/work/wh_work/windinet/dit                    
         _outputs/lundquist/dit_sds_untrained_30k/checkpoint                    
         s/model_weights_step_18360.safetensors                                 
DEBUG    [rank 0] Removed old checkpoint:                    dit_trainer.py:1429
         /local/disk/hramachandran/work/wh_work/windinet/dit                    
         _outputs/lundquist/dit_sds_untrained_30k/checkpoint                    
         s/scalar_embedding_step_18360.safetensors                              
DEBUG    [rank 0] Removed optimizer state for older kept     dit_trainer.py:1444
         checkpoint:                                                            
         /local/disk/hramachandran/work/wh_work/windinet/dit                    
         _outputs/lundquist/dit_sds_untrained_30k/checkpoint                    
         s/model_weights_step_18480.state.pt                                    
[epoch 155] step=18600 train_loss=0.007166 val_loss=0.013586
[train] step=18601 loss=0.006353 lr=3.166e-06
[train] step=18602 loss=0.007131 lr=3.166e-06
[train] step=18603 loss=0.007685 lr=3.165e-06
[train] step=18604 loss=0.008300 lr=3.165e-06
[train] step=18605 loss=0.012154 lr=3.164e-06
[train] step=18606 loss=0.008765 lr=3.164e-06
[train] step=18607 loss=0.004831 lr=3.163e-06
[train] step=18608 loss=0.004820 lr=3.163e-06
[train] step=18609 loss=0.004640 lr=3.162e-06
[train] step=18610 loss=0.003006 lr=3.162e-06
[train] step=18611 loss=0.003845 lr=3.161e-06
[train] step=18612 loss=0.005151 lr=3.161e-06
[train] step=18613 loss=0.005761 lr=3.160e-06
[train] step=18614 loss=0.006343 lr=3.160e-06
[train] step=18615 loss=0.004578 lr=3.159e-06
[train] step=18616 loss=0.003348 lr=3.159e-06
[train] step=18617 loss=0.004591 lr=3.158e-06
[train] step=18618 loss=0.006773 lr=3.158e-06
[train] step=18619 loss=0.003321 lr=3.157e-06
[train] step=18620 loss=0.012298 lr=3.157e-06
[train] step=18621 loss=0.004280 lr=3.156e-06
[train] step=18622 loss=0.004967 lr=3.156e-06
[train] step=18623 loss=0.004930 lr=3.156e-06
[train] step=18624 loss=0.029002 lr=3.155e-06
[train] step=18625 loss=0.004898 lr=3.155e-06
[train] step=18626 loss=0.005392 lr=3.154e-06
[train] step=18627 loss=0.006866 lr=3.154e-06
[train] step=18628 loss=0.008213 lr=3.153e-06
[train] step=18629 loss=0.006512 lr=3.153e-06
[train] step=18630 loss=0.007338 lr=3.152e-06
[train] step=18631 loss=0.008914 lr=3.152e-06
[train] step=18632 loss=0.008997 lr=3.151e-06
[train] step=18633 loss=0.039713 lr=3.151e-06
[train] step=18634 loss=0.005678 lr=3.150e-06
[train] step=18635 loss=0.006616 lr=3.150e-06
[train] step=18636 loss=0.027940 lr=3.149e-06
[train] step=18637 loss=0.005201 lr=3.149e-06
[train] step=18638 loss=0.005481 lr=3.148e-06
[train] step=18639 loss=0.003428 lr=3.148e-06
[train] step=18640 loss=0.009117 lr=3.147e-06
[train] step=18641 loss=0.006744 lr=3.147e-06
[train] step=18642 loss=0.003287 lr=3.146e-06
[train] step=18643 loss=0.008236 lr=3.146e-06
[train] step=18644 loss=0.004446 lr=3.145e-06
[train] step=18645 loss=0.006464 lr=3.145e-06
[train] step=18646 loss=0.004572 lr=3.144e-06
[train] step=18647 loss=0.001911 lr=3.144e-06
[train] step=18648 loss=0.019003 lr=3.143e-06
[train] step=18649 loss=0.006176 lr=3.143e-06
[train] step=18650 loss=0.015510 lr=3.142e-06
[train] step=18651 loss=0.011987 lr=3.142e-06
[train] step=18652 loss=0.005394 lr=3.141e-06
[train] step=18653 loss=0.009880 lr=3.141e-06
[train] step=18654 loss=0.003331 lr=3.140e-06
[train] step=18655 loss=0.011077 lr=3.140e-06
[train] step=18656 loss=0.004275 lr=3.139e-06
[train] step=18657 loss=0.006924 lr=3.139e-06
[train] step=18658 loss=0.005216 lr=3.139e-06
[train] step=18659 loss=0.007819 lr=3.138e-06
[train] step=18660 loss=0.004064 lr=3.138e-06
[train] step=18661 loss=0.005468 lr=3.137e-06
[train] step=18662 loss=0.005268 lr=3.137e-06
[train] step=18663 loss=0.009157 lr=3.136e-06
[train] step=18664 loss=0.002879 lr=3.136e-06
[train] step=18665 loss=0.005270 lr=3.135e-06
[train] step=18666 loss=0.004848 lr=3.135e-06
[train] step=18667 loss=0.003165 lr=3.134e-06
[train] step=18668 loss=0.003113 lr=3.134e-06
[train] step=18669 loss=0.003589 lr=3.133e-06
[train] step=18670 loss=0.008698 lr=3.133e-06
[train] step=18671 loss=0.006449 lr=3.132e-06
[train] step=18672 loss=0.008091 lr=3.132e-06
[train] step=18673 loss=0.028504 lr=3.131e-06
[train] step=18674 loss=0.010440 lr=3.131e-06
[train] step=18675 loss=0.003022 lr=3.130e-06
[train] step=18676 loss=0.003008 lr=3.130e-06
[train] step=18677 loss=0.006062 lr=3.129e-06
[train] step=18678 loss=0.004588 lr=3.129e-06
[train] step=18679 loss=0.004477 lr=3.128e-06
[train] step=18680 loss=0.002864 lr=3.128e-06
[train] step=18681 loss=0.006625 lr=3.127e-06
[train] step=18682 loss=0.007818 lr=3.127e-06
[train] step=18683 loss=0.006940 lr=3.126e-06
[train] step=18684 loss=0.017018 lr=3.126e-06
[train] step=18685 loss=0.003073 lr=3.125e-06
[train] step=18686 loss=0.005564 lr=3.125e-06
[train] step=18687 loss=0.005754 lr=3.124e-06
[train] step=18688 loss=0.011451 lr=3.124e-06
[train] step=18689 loss=0.007885 lr=3.123e-06
[train] step=18690 loss=0.003874 lr=3.123e-06
[train] step=18691 loss=0.006260 lr=3.123e-06
[train] step=18692 loss=0.007462 lr=3.122e-06
[train] step=18693 loss=0.004838 lr=3.122e-06
[train] step=18694 loss=0.008660 lr=3.121e-06
[train] step=18695 loss=0.007912 lr=3.121e-06
[train] step=18696 loss=0.006214 lr=3.120e-06
[train] step=18697 loss=0.007006 lr=3.120e-06
[train] step=18698 loss=0.003291 lr=3.119e-06
[train] step=18699 loss=0.003627 lr=3.119e-06
[train] step=18700 loss=0.006918 lr=3.118e-06
[train] step=18701 loss=0.003884 lr=3.118e-06
[train] step=18702 loss=0.008585 lr=3.117e-06
[train] step=18703 loss=0.007357 lr=3.117e-06
[train] step=18704 loss=0.007576 lr=3.116e-06
[train] step=18705 loss=0.014005 lr=3.116e-06
[train] step=18706 loss=0.002450 lr=3.115e-06
[train] step=18707 loss=0.005695 lr=3.115e-06
[train] step=18708 loss=0.003214 lr=3.114e-06
[train] step=18709 loss=0.003548 lr=3.114e-06
[train] step=18710 loss=0.003958 lr=3.113e-06
[train] step=18711 loss=0.003275 lr=3.113e-06
[train] step=18712 loss=0.007549 lr=3.112e-06
[train] step=18713 loss=0.005641 lr=3.112e-06
[train] step=18714 loss=0.006052 lr=3.111e-06
[train] step=18715 loss=0.008203 lr=3.111e-06
[train] step=18716 loss=0.008574 lr=3.110e-06
[train] step=18717 loss=0.008311 lr=3.110e-06
[train] step=18718 loss=0.005227 lr=3.109e-06
[train] step=18719 loss=0.004608 lr=3.109e-06
[train] step=18720 loss=0.003734 lr=3.108e-06
INFO     [rank 0] Model weights for step 18720 saved in      dit_trainer.py:1288
         checkpoints/model_weights_step_18720.safetensors                       
INFO     [rank 0] Scalar embedding weights for step 18720    dit_trainer.py:1297
         saved                                                                  
INFO     [rank 0] Training state saved:                      dit_trainer.py:1416
         checkpoints/model_weights_step_18720.state.pt                          
DEBUG    [rank 0] Removed old checkpoint:                    dit_trainer.py:1429
         /local/disk/hramachandran/work/wh_work/windinet/dit                    
         _outputs/lundquist/dit_sds_untrained_30k/checkpoint                    
         s/model_weights_step_18480.safetensors                                 
DEBUG    [rank 0] Removed old checkpoint:                    dit_trainer.py:1429
         /local/disk/hramachandran/work/wh_work/windinet/dit                    
         _outputs/lundquist/dit_sds_untrained_30k/checkpoint                    
         s/scalar_embedding_step_18480.safetensors                              
DEBUG    [rank 0] Removed optimizer state for older kept     dit_trainer.py:1444
         checkpoint:                                                            
         /local/disk/hramachandran/work/wh_work/windinet/dit                    
         _outputs/lundquist/dit_sds_untrained_30k/checkpoint                    
         s/model_weights_step_18600.state.pt                                    
[epoch 156] step=18720 train_loss=0.007245
[train] step=18721 loss=0.004317 lr=3.108e-06
[train] step=18722 loss=0.007626 lr=3.108e-06
[train] step=18723 loss=0.004193 lr=3.107e-06
[train] step=18724 loss=0.020326 lr=3.107e-06
[train] step=18725 loss=0.011075 lr=3.106e-06
[train] step=18726 loss=0.007139 lr=3.106e-06
[train] step=18727 loss=0.011831 lr=3.105e-06
[train] step=18728 loss=0.011440 lr=3.105e-06
[train] step=18729 loss=0.003113 lr=3.104e-06
[train] step=18730 loss=0.035745 lr=3.104e-06
[train] step=18731 loss=0.004967 lr=3.103e-06
[train] step=18732 loss=0.002829 lr=3.103e-06
[train] step=18733 loss=0.010963 lr=3.102e-06
[train] step=18734 loss=0.005227 lr=3.102e-06
[train] step=18735 loss=0.026438 lr=3.101e-06
[train] step=18736 loss=0.008481 lr=3.101e-06
[train] step=18737 loss=0.005970 lr=3.100e-06
[train] step=18738 loss=0.005548 lr=3.100e-06
[train] step=18739 loss=0.003352 lr=3.099e-06
[train] step=18740 loss=0.006260 lr=3.099e-06
[train] step=18741 loss=0.005729 lr=3.098e-06
[train] step=18742 loss=0.023945 lr=3.098e-06
[train] step=18743 loss=0.003638 lr=3.097e-06
[train] step=18744 loss=0.018741 lr=3.097e-06
[train] step=18745 loss=0.005337 lr=3.096e-06
[train] step=18746 loss=0.006062 lr=3.096e-06
[train] step=18747 loss=0.008041 lr=3.095e-06
[train] step=18748 loss=0.006737 lr=3.095e-06
[train] step=18749 loss=0.005053 lr=3.094e-06
[train] step=18750 loss=0.004739 lr=3.094e-06
[train] step=18751 loss=0.006053 lr=3.093e-06
[train] step=18752 loss=0.005722 lr=3.093e-06
[train] step=18753 loss=0.016523 lr=3.093e-06
[train] step=18754 loss=0.003760 lr=3.092e-06
[train] step=18755 loss=0.004396 lr=3.092e-06
[train] step=18756 loss=0.007386 lr=3.091e-06
[train] step=18757 loss=0.010718 lr=3.091e-06
[train] step=18758 loss=0.004041 lr=3.090e-06
[train] step=18759 loss=0.005850 lr=3.090e-06
[train] step=18760 loss=0.010146 lr=3.089e-06
[train] step=18761 loss=0.011599 lr=3.089e-06
[train] step=18762 loss=0.008458 lr=3.088e-06
[train] step=18763 loss=0.007274 lr=3.088e-06
[train] step=18764 loss=0.012988 lr=3.087e-06
[train] step=18765 loss=0.003219 lr=3.087e-06
[train] step=18766 loss=0.005469 lr=3.086e-06
[train] step=18767 loss=0.006169 lr=3.086e-06
[train] step=18768 loss=0.002553 lr=3.085e-06
[train] step=18769 loss=0.021143 lr=3.085e-06
[train] step=18770 loss=0.009423 lr=3.084e-06
[train] step=18771 loss=0.005957 lr=3.084e-06
[train] step=18772 loss=0.003149 lr=3.083e-06
[train] step=18773 loss=0.003552 lr=3.083e-06
[train] step=18774 loss=0.004460 lr=3.082e-06
[train] step=18775 loss=0.004809 lr=3.082e-06
[train] step=18776 loss=0.012367 lr=3.081e-06
[train] step=18777 loss=0.007088 lr=3.081e-06
[train] step=18778 loss=0.005700 lr=3.080e-06
[train] step=18779 loss=0.010966 lr=3.080e-06
[train] step=18780 loss=0.002917 lr=3.079e-06
[train] step=18781 loss=0.007215 lr=3.079e-06
[train] step=18782 loss=0.009160 lr=3.079e-06
[train] step=18783 loss=0.007456 lr=3.078e-06
[train] step=18784 loss=0.014834 lr=3.078e-06
[train] step=18785 loss=0.003610 lr=3.077e-06
[train] step=18786 loss=0.003498 lr=3.077e-06
[train] step=18787 loss=0.006089 lr=3.076e-06
[train] step=18788 loss=0.012761 lr=3.076e-06
[train] step=18789 loss=0.004531 lr=3.075e-06
[train] step=18790 loss=0.004554 lr=3.075e-06
[train] step=18791 loss=0.007076 lr=3.074e-06
[train] step=18792 loss=0.004015 lr=3.074e-06
[train] step=18793 loss=0.004451 lr=3.073e-06
[train] step=18794 loss=0.002864 lr=3.073e-06
[train] step=18795 loss=0.003507 lr=3.072e-06
[train] step=18796 loss=0.007421 lr=3.072e-06
[train] step=18797 loss=0.008731 lr=3.071e-06
[train] step=18798 loss=0.005436 lr=3.071e-06
[train] step=18799 loss=0.003510 lr=3.070e-06
[train] step=18800 loss=0.007745 lr=3.070e-06
[train] step=18801 loss=0.003975 lr=3.069e-06
[train] step=18802 loss=0.004150 lr=3.069e-06
[train] step=18803 loss=0.005055 lr=3.068e-06
[train] step=18804 loss=0.012745 lr=3.068e-06
[train] step=18805 loss=0.010424 lr=3.067e-06
[train] step=18806 loss=0.008846 lr=3.067e-06
[train] step=18807 loss=0.005090 lr=3.066e-06
[train] step=18808 loss=0.006210 lr=3.066e-06
[train] step=18809 loss=0.005218 lr=3.066e-06
[train] step=18810 loss=0.005223 lr=3.065e-06
[train] step=18811 loss=0.004753 lr=3.065e-06
[train] step=18812 loss=0.011095 lr=3.064e-06
[train] step=18813 loss=0.003908 lr=3.064e-06
[train] step=18814 loss=0.010211 lr=3.063e-06
[train] step=18815 loss=0.004262 lr=3.063e-06
[train] step=18816 loss=0.004690 lr=3.062e-06
[train] step=18817 loss=0.004365 lr=3.062e-06
[train] step=18818 loss=0.005366 lr=3.061e-06
[train] step=18819 loss=0.018187 lr=3.061e-06
[train] step=18820 loss=0.012040 lr=3.060e-06
[train] step=18821 loss=0.009708 lr=3.060e-06
[train] step=18822 loss=0.012081 lr=3.059e-06
[train] step=18823 loss=0.003948 lr=3.059e-06
[train] step=18824 loss=0.006001 lr=3.058e-06
[train] step=18825 loss=0.006015 lr=3.058e-06
[train] step=18826 loss=0.014777 lr=3.057e-06
[train] step=18827 loss=0.006458 lr=3.057e-06
[train] step=18828 loss=0.002755 lr=3.056e-06
[train] step=18829 loss=0.005648 lr=3.056e-06
[train] step=18830 loss=0.012678 lr=3.055e-06
[train] step=18831 loss=0.004444 lr=3.055e-06
[train] step=18832 loss=0.005025 lr=3.054e-06
[train] step=18833 loss=0.010717 lr=3.054e-06
[train] step=18834 loss=0.006105 lr=3.053e-06
[train] step=18835 loss=0.006924 lr=3.053e-06
[train] step=18836 loss=0.017352 lr=3.052e-06
[train] step=18837 loss=0.007823 lr=3.052e-06
[train] step=18838 loss=0.002705 lr=3.052e-06
[train] step=18839 loss=0.005322 lr=3.051e-06
[train] step=18840 loss=0.024788 lr=3.051e-06
INFO     [rank 0] Model weights for step 18840 saved in      dit_trainer.py:1288
         checkpoints/model_weights_step_18840.safetensors                       
INFO     [rank 0] Scalar embedding weights for step 18840    dit_trainer.py:1297
         saved                                                                  
INFO     [rank 0] Training state saved:                      dit_trainer.py:1416
         checkpoints/model_weights_step_18840.state.pt                          
DEBUG    [rank 0] Removed old checkpoint:                    dit_trainer.py:1429
         /local/disk/hramachandran/work/wh_work/windinet/dit                    
         _outputs/lundquist/dit_sds_untrained_30k/checkpoint                    
         s/model_weights_step_18600.safetensors                                 
DEBUG    [rank 0] Removed old checkpoint:                    dit_trainer.py:1429
         /local/disk/hramachandran/work/wh_work/windinet/dit                    
         _outputs/lundquist/dit_sds_untrained_30k/checkpoint                    
         s/scalar_embedding_step_18600.safetensors                              
DEBUG    [rank 0] Removed optimizer state for older kept     dit_trainer.py:1444
         checkpoint:                                                            
         /local/disk/hramachandran/work/wh_work/windinet/dit                    
         _outputs/lundquist/dit_sds_untrained_30k/checkpoint                    
         s/model_weights_step_18720.state.pt                                    
[epoch 157] step=18840 train_loss=0.007777
[train] step=18841 loss=0.019199 lr=3.050e-06
[train] step=18842 loss=0.006832 lr=3.050e-06
[train] step=18843 loss=0.006334 lr=3.049e-06
[train] step=18844 loss=0.012772 lr=3.049e-06
[train] step=18845 loss=0.024636 lr=3.048e-06
[train] step=18846 loss=0.005049 lr=3.048e-06
[train] step=18847 loss=0.009596 lr=3.047e-06
[train] step=18848 loss=0.005498 lr=3.047e-06
[train] step=18849 loss=0.009346 lr=3.046e-06
[train] step=18850 loss=0.007402 lr=3.046e-06
[train] step=18851 loss=0.012720 lr=3.045e-06
[train] step=18852 loss=0.004921 lr=3.045e-06
[train] step=18853 loss=0.005669 lr=3.044e-06
[train] step=18854 loss=0.005692 lr=3.044e-06
[train] step=18855 loss=0.004145 lr=3.043e-06
[train] step=18856 loss=0.007651 lr=3.043e-06
[train] step=18857 loss=0.005371 lr=3.042e-06
[train] step=18858 loss=0.005527 lr=3.042e-06
[train] step=18859 loss=0.014087 lr=3.041e-06
[train] step=18860 loss=0.006203 lr=3.041e-06
[train] step=18861 loss=0.010847 lr=3.040e-06
[train] step=18862 loss=0.009018 lr=3.040e-06
[train] step=18863 loss=0.005827 lr=3.040e-06
[train] step=18864 loss=0.004548 lr=3.039e-06
[train] step=18865 loss=0.004648 lr=3.039e-06
[train] step=18866 loss=0.004902 lr=3.038e-06
[train] step=18867 loss=0.009593 lr=3.038e-06
[train] step=18868 loss=0.007823 lr=3.037e-06
[train] step=18869 loss=0.004445 lr=3.037e-06
[train] step=18870 loss=0.008323 lr=3.036e-06
[train] step=18871 loss=0.017093 lr=3.036e-06
[train] step=18872 loss=0.012056 lr=3.035e-06
[train] step=18873 loss=0.016616 lr=3.035e-06
[train] step=18874 loss=0.006382 lr=3.034e-06
[train] step=18875 loss=0.004088 lr=3.034e-06
[train] step=18876 loss=0.003429 lr=3.033e-06
[train] step=18877 loss=0.009083 lr=3.033e-06
[train] step=18878 loss=0.002831 lr=3.032e-06
[train] step=18879 loss=0.008971 lr=3.032e-06
[train] step=18880 loss=0.006968 lr=3.031e-06
[train] step=18881 loss=0.006809 lr=3.031e-06
[train] step=18882 loss=0.002173 lr=3.030e-06
[train] step=18883 loss=0.007356 lr=3.030e-06
[train] step=18884 loss=0.007944 lr=3.029e-06
[train] step=18885 loss=0.004542 lr=3.029e-06
[train] step=18886 loss=0.010141 lr=3.028e-06
[train] step=18887 loss=0.004389 lr=3.028e-06
[train] step=18888 loss=0.007064 lr=3.027e-06
[train] step=18889 loss=0.004811 lr=3.027e-06
[train] step=18890 loss=0.002776 lr=3.027e-06
[train] step=18891 loss=0.003631 lr=3.026e-06
[train] step=18892 loss=0.004411 lr=3.026e-06
[train] step=18893 loss=0.010062 lr=3.025e-06
[train] step=18894 loss=0.018172 lr=3.025e-06
[train] step=18895 loss=0.013038 lr=3.024e-06
[train] step=18896 loss=0.003175 lr=3.024e-06
[train] step=18897 loss=0.005953 lr=3.023e-06
[train] step=18898 loss=0.006624 lr=3.023e-06
[train] step=18899 loss=0.007312 lr=3.022e-06
[train] step=18900 loss=0.006767 lr=3.022e-06
[train] step=18901 loss=0.007374 lr=3.021e-06
[train] step=18902 loss=0.005722 lr=3.021e-06
[train] step=18903 loss=0.004586 lr=3.020e-06
[train] step=18904 loss=0.008979 lr=3.020e-06
[train] step=18905 loss=0.006300 lr=3.019e-06
[train] step=18906 loss=0.012604 lr=3.019e-06
[train] step=18907 loss=0.024927 lr=3.018e-06
[train] step=18908 loss=0.004065 lr=3.018e-06
[train] step=18909 loss=0.003260 lr=3.017e-06
[train] step=18910 loss=0.006446 lr=3.017e-06
[train] step=18911 loss=0.004445 lr=3.016e-06
[train] step=18912 loss=0.007276 lr=3.016e-06
[train] step=18913 loss=0.003538 lr=3.015e-06
[train] step=18914 loss=0.003761 lr=3.015e-06
[train] step=18915 loss=0.005411 lr=3.015e-06
[train] step=18916 loss=0.006443 lr=3.014e-06
[train] step=18917 loss=0.005752 lr=3.014e-06
[train] step=18918 loss=0.007655 lr=3.013e-06
[train] step=18919 loss=0.005721 lr=3.013e-06
[train] step=18920 loss=0.006796 lr=3.012e-06
[train] step=18921 loss=0.010774 lr=3.012e-06
[train] step=18922 loss=0.002725 lr=3.011e-06
[train] step=18923 loss=0.020456 lr=3.011e-06
[train] step=18924 loss=0.004607 lr=3.010e-06
[train] step=18925 loss=0.005771 lr=3.010e-06
[train] step=18926 loss=0.004197 lr=3.009e-06
[train] step=18927 loss=0.006296 lr=3.009e-06
[train] step=18928 loss=0.005826 lr=3.008e-06
[train] step=18929 loss=0.003824 lr=3.008e-06
[train] step=18930 loss=0.008562 lr=3.007e-06
[train] step=18931 loss=0.003487 lr=3.007e-06
[train] step=18932 loss=0.010071 lr=3.006e-06
[train] step=18933 loss=0.004132 lr=3.006e-06
[train] step=18934 loss=0.002851 lr=3.005e-06
[train] step=18935 loss=0.007340 lr=3.005e-06
[train] step=18936 loss=0.005868 lr=3.004e-06
[train] step=18937 loss=0.006555 lr=3.004e-06
[train] step=18938 loss=0.004563 lr=3.003e-06
[train] step=18939 loss=0.015677 lr=3.003e-06
[train] step=18940 loss=0.002564 lr=3.003e-06
[train] step=18941 loss=0.012919 lr=3.002e-06
[train] step=18942 loss=0.003768 lr=3.002e-06
[train] step=18943 loss=0.008157 lr=3.001e-06
[train] step=18944 loss=0.010996 lr=3.001e-06
[train] step=18945 loss=0.005384 lr=3.000e-06
[train] step=18946 loss=0.011151 lr=3.000e-06
[train] step=18947 loss=0.005303 lr=2.999e-06
[train] step=18948 loss=0.004992 lr=2.999e-06
[train] step=18949 loss=0.006832 lr=2.998e-06
[train] step=18950 loss=0.010169 lr=2.998e-06
[train] step=18951 loss=0.006086 lr=2.997e-06
[train] step=18952 loss=0.007624 lr=2.997e-06
[train] step=18953 loss=0.016625 lr=2.996e-06
[train] step=18954 loss=0.004404 lr=2.996e-06
[train] step=18955 loss=0.013128 lr=2.995e-06
[train] step=18956 loss=0.006381 lr=2.995e-06
[train] step=18957 loss=0.006791 lr=2.994e-06
[train] step=18958 loss=0.008734 lr=2.994e-06
[train] step=18959 loss=0.007248 lr=2.993e-06
[train] step=18960 loss=0.004070 lr=2.993e-06
INFO     [rank 0] Model weights for step 18960 saved in      dit_trainer.py:1288
         checkpoints/model_weights_step_18960.safetensors                       
INFO     [rank 0] Scalar embedding weights for step 18960    dit_trainer.py:1297
         saved                                                                  
INFO     [rank 0] Training state saved:                      dit_trainer.py:1416
         checkpoints/model_weights_step_18960.state.pt                          
DEBUG    [rank 0] Removed old checkpoint:                    dit_trainer.py:1429
         /local/disk/hramachandran/work/wh_work/windinet/dit                    
         _outputs/lundquist/dit_sds_untrained_30k/checkpoint                    
         s/model_weights_step_18720.safetensors                                 
DEBUG    [rank 0] Removed old checkpoint:                    dit_trainer.py:1429
         /local/disk/hramachandran/work/wh_work/windinet/dit                    
         _outputs/lundquist/dit_sds_untrained_30k/checkpoint                    
         s/scalar_embedding_step_18720.safetensors                              
DEBUG    [rank 0] Removed optimizer state for older kept     dit_trainer.py:1444
         checkpoint:                                                            
         /local/disk/hramachandran/work/wh_work/windinet/dit                    
         _outputs/lundquist/dit_sds_untrained_30k/checkpoint                    
         s/model_weights_step_18840.state.pt                                    
[epoch 158] step=18960 train_loss=0.007766
[train] step=18961 loss=0.004206 lr=2.992e-06
[train] step=18962 loss=0.009705 lr=2.992e-06
[train] step=18963 loss=0.006661 lr=2.992e-06
[train] step=18964 loss=0.011148 lr=2.991e-06
[train] step=18965 loss=0.004964 lr=2.991e-06
[train] step=18966 loss=0.006950 lr=2.990e-06
[train] step=18967 loss=0.006143 lr=2.990e-06
[train] step=18968 loss=0.006636 lr=2.989e-06
[train] step=18969 loss=0.012736 lr=2.989e-06
[train] step=18970 loss=0.005228 lr=2.988e-06
[train] step=18971 loss=0.006865 lr=2.988e-06
[train] step=18972 loss=0.009456 lr=2.987e-06
[train] step=18973 loss=0.003793 lr=2.987e-06
[train] step=18974 loss=0.005161 lr=2.986e-06
[train] step=18975 loss=0.004638 lr=2.986e-06
[train] step=18976 loss=0.004131 lr=2.985e-06
[train] step=18977 loss=0.004263 lr=2.985e-06
[train] step=18978 loss=0.009139 lr=2.984e-06
[train] step=18979 loss=0.002886 lr=2.984e-06
[train] step=18980 loss=0.005242 lr=2.983e-06
[train] step=18981 loss=0.006456 lr=2.983e-06
[train] step=18982 loss=0.003136 lr=2.982e-06
[train] step=18983 loss=0.013591 lr=2.982e-06
[train] step=18984 loss=0.008787 lr=2.981e-06
[train] step=18985 loss=0.008173 lr=2.981e-06
[train] step=18986 loss=0.007287 lr=2.981e-06
[train] step=18987 loss=0.007481 lr=2.980e-06
[train] step=18988 loss=0.006537 lr=2.980e-06
[train] step=18989 loss=0.004883 lr=2.979e-06
[train] step=18990 loss=0.003793 lr=2.979e-06
[train] step=18991 loss=0.007268 lr=2.978e-06
[train] step=18992 loss=0.004700 lr=2.978e-06
[train] step=18993 loss=0.004622 lr=2.977e-06
[train] step=18994 loss=0.007883 lr=2.977e-06
[train] step=18995 loss=0.008731 lr=2.976e-06
[train] step=18996 loss=0.011144 lr=2.976e-06
[train] step=18997 loss=0.009809 lr=2.975e-06
[train] step=18998 loss=0.018587 lr=2.975e-06
[train] step=18999 loss=0.006413 lr=2.974e-06
[train] step=19000 loss=0.004378 lr=2.974e-06
[train] step=19001 loss=0.006638 lr=2.973e-06
[train] step=19002 loss=0.008492 lr=2.973e-06
[train] step=19003 loss=0.017232 lr=2.972e-06
[train] step=19004 loss=0.003698 lr=2.972e-06
[train] step=19005 loss=0.005600 lr=2.971e-06
[train] step=19006 loss=0.005668 lr=2.971e-06
[train] step=19007 loss=0.014928 lr=2.970e-06
[train] step=19008 loss=0.019460 lr=2.970e-06
[train] step=19009 loss=0.005736 lr=2.970e-06
[train] step=19010 loss=0.003304 lr=2.969e-06
[train] step=19011 loss=0.007763 lr=2.969e-06
[train] step=19012 loss=0.003844 lr=2.968e-06
[train] step=19013 loss=0.005229 lr=2.968e-06
[train] step=19014 loss=0.008173 lr=2.967e-06
[train] step=19015 loss=0.009407 lr=2.967e-06
[train] step=19016 loss=0.007378 lr=2.966e-06
[train] step=19017 loss=0.007120 lr=2.966e-06
[train] step=19018 loss=0.004026 lr=2.965e-06
[train] step=19019 loss=0.013449 lr=2.965e-06
[train] step=19020 loss=0.007659 lr=2.964e-06
[train] step=19021 loss=0.003429 lr=2.964e-06
[train] step=19022 loss=0.005327 lr=2.963e-06
[train] step=19023 loss=0.005585 lr=2.963e-06
[train] step=19024 loss=0.011137 lr=2.962e-06
[train] step=19025 loss=0.007247 lr=2.962e-06
[train] step=19026 loss=0.013022 lr=2.961e-06
[train] step=19027 loss=0.006347 lr=2.961e-06
[train] step=19028 loss=0.009974 lr=2.960e-06
[train] step=19029 loss=0.008196 lr=2.960e-06
[train] step=19030 loss=0.010230 lr=2.960e-06
[train] step=19031 loss=0.030651 lr=2.959e-06
[train] step=19032 loss=0.003592 lr=2.959e-06
[train] step=19033 loss=0.011346 lr=2.958e-06
[train] step=19034 loss=0.006465 lr=2.958e-06
[train] step=19035 loss=0.003480 lr=2.957e-06
[train] step=19036 loss=0.004807 lr=2.957e-06
[train] step=19037 loss=0.004829 lr=2.956e-06
[train] step=19038 loss=0.004750 lr=2.956e-06
[train] step=19039 loss=0.005035 lr=2.955e-06
[train] step=19040 loss=0.004132 lr=2.955e-06
[train] step=19041 loss=0.002241 lr=2.954e-06
[train] step=19042 loss=0.003454 lr=2.954e-06
[train] step=19043 loss=0.005434 lr=2.953e-06
[train] step=19044 loss=0.010061 lr=2.953e-06
[train] step=19045 loss=0.004628 lr=2.952e-06
[train] step=19046 loss=0.006080 lr=2.952e-06
[train] step=19047 loss=0.006401 lr=2.951e-06
[train] step=19048 loss=0.006119 lr=2.951e-06
[train] step=19049 loss=0.004801 lr=2.950e-06
[train] step=19050 loss=0.012167 lr=2.950e-06
[train] step=19051 loss=0.006265 lr=2.949e-06
[train] step=19052 loss=0.005644 lr=2.949e-06
[train] step=19053 loss=0.010148 lr=2.949e-06
[train] step=19054 loss=0.023176 lr=2.948e-06
[train] step=19055 loss=0.006903 lr=2.948e-06
[train] step=19056 loss=0.006073 lr=2.947e-06
[train] step=19057 loss=0.003441 lr=2.947e-06
[train] step=19058 loss=0.005884 lr=2.946e-06
[train] step=19059 loss=0.004299 lr=2.946e-06
[train] step=19060 loss=0.004079 lr=2.945e-06
[train] step=19061 loss=0.005267 lr=2.945e-06
[train] step=19062 loss=0.010529 lr=2.944e-06
[train] step=19063 loss=0.003289 lr=2.944e-06
[train] step=19064 loss=0.009537 lr=2.943e-06
[train] step=19065 loss=0.018005 lr=2.943e-06
[train] step=19066 loss=0.016942 lr=2.942e-06
[train] step=19067 loss=0.005307 lr=2.942e-06
[train] step=19068 loss=0.008070 lr=2.941e-06
[train] step=19069 loss=0.059959 lr=2.941e-06
[train] step=19070 loss=0.012723 lr=2.940e-06
[train] step=19071 loss=0.009955 lr=2.940e-06
[train] step=19072 loss=0.004804 lr=2.939e-06
[train] step=19073 loss=0.003274 lr=2.939e-06
[train] step=19074 loss=0.024010 lr=2.939e-06
[train] step=19075 loss=0.008188 lr=2.938e-06
[train] step=19076 loss=0.011277 lr=2.938e-06
[train] step=19077 loss=0.005519 lr=2.937e-06
[train] step=19078 loss=0.017527 lr=2.937e-06
[train] step=19079 loss=0.006556 lr=2.936e-06
[train] step=19080 loss=0.008780 lr=2.936e-06
INFO     [rank 0] Model weights for step 19080 saved in      dit_trainer.py:1288
         checkpoints/model_weights_step_19080.safetensors                       
INFO     [rank 0] Scalar embedding weights for step 19080    dit_trainer.py:1297
         saved                                                                  
INFO     [rank 0] Training state saved:                      dit_trainer.py:1416
         checkpoints/model_weights_step_19080.state.pt                          
DEBUG    [rank 0] Removed old checkpoint:                    dit_trainer.py:1429
         /local/disk/hramachandran/work/wh_work/windinet/dit                    
         _outputs/lundquist/dit_sds_untrained_30k/checkpoint                    
         s/model_weights_step_18840.safetensors                                 
DEBUG    [rank 0] Removed old checkpoint:                    dit_trainer.py:1429
         /local/disk/hramachandran/work/wh_work/windinet/dit                    
         _outputs/lundquist/dit_sds_untrained_30k/checkpoint                    
         s/scalar_embedding_step_18840.safetensors                              
DEBUG    [rank 0] Removed optimizer state for older kept     dit_trainer.py:1444
         checkpoint:                                                            
         /local/disk/hramachandran/work/wh_work/windinet/dit                    
         _outputs/lundquist/dit_sds_untrained_30k/checkpoint                    
         s/model_weights_step_18960.state.pt                                    
[epoch 159] step=19080 train_loss=0.008251
[train] step=19081 loss=0.003958 lr=2.935e-06
[train] step=19082 loss=0.009307 lr=2.935e-06
[train] step=19083 loss=0.002141 lr=2.934e-06
[train] step=19084 loss=0.014119 lr=2.934e-06
[train] step=19085 loss=0.003581 lr=2.933e-06
[train] step=19086 loss=0.005012 lr=2.933e-06
[train] step=19087 loss=0.008897 lr=2.932e-06
[train] step=19088 loss=0.006700 lr=2.932e-06
[train] step=19089 loss=0.008331 lr=2.931e-06
[train] step=19090 loss=0.014468 lr=2.931e-06
[train] step=19091 loss=0.007385 lr=2.930e-06
[train] step=19092 loss=0.004291 lr=2.930e-06
[train] step=19093 loss=0.005808 lr=2.929e-06
[train] step=19094 loss=0.005528 lr=2.929e-06
[train] step=19095 loss=0.003267 lr=2.929e-06
[train] step=19096 loss=0.011867 lr=2.928e-06
[train] step=19097 loss=0.018167 lr=2.928e-06
[train] step=19098 loss=0.006328 lr=2.927e-06
[train] step=19099 loss=0.005495 lr=2.927e-06
[train] step=19100 loss=0.011911 lr=2.926e-06
[train] step=19101 loss=0.004178 lr=2.926e-06
[train] step=19102 loss=0.017298 lr=2.925e-06
[train] step=19103 loss=0.007654 lr=2.925e-06
[train] step=19104 loss=0.005589 lr=2.924e-06
[train] step=19105 loss=0.004527 lr=2.924e-06
[train] step=19106 loss=0.006945 lr=2.923e-06
[train] step=19107 loss=0.008455 lr=2.923e-06
[train] step=19108 loss=0.012677 lr=2.922e-06
[train] step=19109 loss=0.010275 lr=2.922e-06
[train] step=19110 loss=0.003132 lr=2.921e-06
[train] step=19111 loss=0.005478 lr=2.921e-06
[train] step=19112 loss=0.012579 lr=2.920e-06
[train] step=19113 loss=0.017067 lr=2.920e-06
[train] step=19114 loss=0.008234 lr=2.919e-06
[train] step=19115 loss=0.014132 lr=2.919e-06
[train] step=19116 loss=0.039235 lr=2.919e-06
[train] step=19117 loss=0.016636 lr=2.918e-06
[train] step=19118 loss=0.003521 lr=2.918e-06
[train] step=19119 loss=0.004367 lr=2.917e-06
[train] step=19120 loss=0.005828 lr=2.917e-06
[train] step=19121 loss=0.003855 lr=2.916e-06
[train] step=19122 loss=0.002153 lr=2.916e-06
[train] step=19123 loss=0.004204 lr=2.915e-06
[train] step=19124 loss=0.011019 lr=2.915e-06
[train] step=19125 loss=0.003515 lr=2.914e-06
[train] step=19126 loss=0.030322 lr=2.914e-06
[train] step=19127 loss=0.008328 lr=2.913e-06
[train] step=19128 loss=0.005362 lr=2.913e-06
[train] step=19129 loss=0.005273 lr=2.912e-06
[train] step=19130 loss=0.004349 lr=2.912e-06
[train] step=19131 loss=0.007209 lr=2.911e-06
[train] step=19132 loss=0.008477 lr=2.911e-06
[train] step=19133 loss=0.003650 lr=2.910e-06
[train] step=19134 loss=0.006981 lr=2.910e-06
[train] step=19135 loss=0.011327 lr=2.910e-06
[train] step=19136 loss=0.006994 lr=2.909e-06
[train] step=19137 loss=0.004360 lr=2.909e-06
[train] step=19138 loss=0.002815 lr=2.908e-06
[train] step=19139 loss=0.003636 lr=2.908e-06
[train] step=19140 loss=0.007045 lr=2.907e-06
[train] step=19141 loss=0.007778 lr=2.907e-06
[train] step=19142 loss=0.005553 lr=2.906e-06
[train] step=19143 loss=0.008564 lr=2.906e-06
[train] step=19144 loss=0.017761 lr=2.905e-06
[train] step=19145 loss=0.007456 lr=2.905e-06
[train] step=19146 loss=0.005695 lr=2.904e-06
[train] step=19147 loss=0.002687 lr=2.904e-06
[train] step=19148 loss=0.003337 lr=2.903e-06
[train] step=19149 loss=0.004518 lr=2.903e-06
[train] step=19150 loss=0.006290 lr=2.902e-06
[train] step=19151 loss=0.008730 lr=2.902e-06
[train] step=19152 loss=0.002708 lr=2.901e-06
[train] step=19153 loss=0.013082 lr=2.901e-06
[train] step=19154 loss=0.005647 lr=2.901e-06
[train] step=19155 loss=0.006456 lr=2.900e-06
[train] step=19156 loss=0.003962 lr=2.900e-06
[train] step=19157 loss=0.003616 lr=2.899e-06
[train] step=19158 loss=0.003443 lr=2.899e-06
[train] step=19159 loss=0.005989 lr=2.898e-06
[train] step=19160 loss=0.008759 lr=2.898e-06
[train] step=19161 loss=0.006458 lr=2.897e-06
[train] step=19162 loss=0.005434 lr=2.897e-06
[train] step=19163 loss=0.003898 lr=2.896e-06
[train] step=19164 loss=0.004411 lr=2.896e-06
[train] step=19165 loss=0.013652 lr=2.895e-06
[train] step=19166 loss=0.005767 lr=2.895e-06
[train] step=19167 loss=0.004712 lr=2.894e-06
[train] step=19168 loss=0.005946 lr=2.894e-06
[train] step=19169 loss=0.006586 lr=2.893e-06
[train] step=19170 loss=0.016892 lr=2.893e-06
[train] step=19171 loss=0.005953 lr=2.892e-06
[train] step=19172 loss=0.005268 lr=2.892e-06
[train] step=19173 loss=0.009654 lr=2.891e-06
[train] step=19174 loss=0.007369 lr=2.891e-06
[train] step=19175 loss=0.007092 lr=2.891e-06
[train] step=19176 loss=0.005635 lr=2.890e-06
[train] step=19177 loss=0.003420 lr=2.890e-06
[train] step=19178 loss=0.006934 lr=2.889e-06
[train] step=19179 loss=0.006209 lr=2.889e-06
[train] step=19180 loss=0.004230 lr=2.888e-06
[train] step=19181 loss=0.002308 lr=2.888e-06
[train] step=19182 loss=0.003064 lr=2.887e-06
[train] step=19183 loss=0.005770 lr=2.887e-06
[train] step=19184 loss=0.005631 lr=2.886e-06
[train] step=19185 loss=0.004640 lr=2.886e-06
[train] step=19186 loss=0.006763 lr=2.885e-06
[train] step=19187 loss=0.003550 lr=2.885e-06
[train] step=19188 loss=0.017328 lr=2.884e-06
[train] step=19189 loss=0.004977 lr=2.884e-06
[train] step=19190 loss=0.009144 lr=2.883e-06
[train] step=19191 loss=0.010884 lr=2.883e-06
[train] step=19192 loss=0.014360 lr=2.882e-06
[train] step=19193 loss=0.002790 lr=2.882e-06
[train] step=19194 loss=0.005435 lr=2.882e-06
[train] step=19195 loss=0.005265 lr=2.881e-06
[train] step=19196 loss=0.003762 lr=2.881e-06
[train] step=19197 loss=0.006836 lr=2.880e-06
[train] step=19198 loss=0.018670 lr=2.880e-06
[train] step=19199 loss=0.005674 lr=2.879e-06
[train] step=19200 loss=0.006142 lr=2.879e-06
[val] step=19200 val_loss=0.013573
INFO     [rank 0] Model weights for step 19200 saved in      dit_trainer.py:1288
         checkpoints/model_weights_step_19200.safetensors                       
INFO     [rank 0] Scalar embedding weights for step 19200    dit_trainer.py:1297
         saved                                                                  
INFO     [rank 0] Training state saved:                      dit_trainer.py:1416
         checkpoints/model_weights_step_19200.state.pt                          
DEBUG    [rank 0] Removed old checkpoint:                    dit_trainer.py:1429
         /local/disk/hramachandran/work/wh_work/windinet/dit                    
         _outputs/lundquist/dit_sds_untrained_30k/checkpoint                    
         s/model_weights_step_18960.safetensors                                 
DEBUG    [rank 0] Removed old checkpoint:                    dit_trainer.py:1429
         /local/disk/hramachandran/work/wh_work/windinet/dit                    
         _outputs/lundquist/dit_sds_untrained_30k/checkpoint                    
         s/scalar_embedding_step_18960.safetensors                              
DEBUG    [rank 0] Removed optimizer state for older kept     dit_trainer.py:1444
         checkpoint:                                                            
         /local/disk/hramachandran/work/wh_work/windinet/dit                    
         _outputs/lundquist/dit_sds_untrained_30k/checkpoint                    
         s/model_weights_step_19080.state.pt                                    
[epoch 160] step=19200 train_loss=0.007654 val_loss=0.013573
[train] step=19201 loss=0.008101 lr=2.878e-06
[train] step=19202 loss=0.005060 lr=2.878e-06
[train] step=19203 loss=0.015187 lr=2.877e-06
[train] step=19204 loss=0.007492 lr=2.877e-06
[train] step=19205 loss=0.007053 lr=2.876e-06
[train] step=19206 loss=0.009876 lr=2.876e-06
[train] step=19207 loss=0.006806 lr=2.875e-06
[train] step=19208 loss=0.005294 lr=2.875e-06
[train] step=19209 loss=0.007238 lr=2.874e-06
[train] step=19210 loss=0.005518 lr=2.874e-06
[train] step=19211 loss=0.005824 lr=2.874e-06
[train] step=19212 loss=0.007870 lr=2.873e-06
[train] step=19213 loss=0.017451 lr=2.873e-06
[train] step=19214 loss=0.005688 lr=2.872e-06
[train] step=19215 loss=0.005293 lr=2.872e-06
[train] step=19216 loss=0.003318 lr=2.871e-06
[train] step=19217 loss=0.005074 lr=2.871e-06
[train] step=19218 loss=0.004795 lr=2.870e-06
[train] step=19219 loss=0.015390 lr=2.870e-06
[train] step=19220 loss=0.004973 lr=2.869e-06
[train] step=19221 loss=0.003017 lr=2.869e-06
[train] step=19222 loss=0.023987 lr=2.868e-06
[train] step=19223 loss=0.007848 lr=2.868e-06
[train] step=19224 loss=0.003070 lr=2.867e-06
[train] step=19225 loss=0.016101 lr=2.867e-06
[train] step=19226 loss=0.007217 lr=2.866e-06
[train] step=19227 loss=0.005488 lr=2.866e-06
[train] step=19228 loss=0.005280 lr=2.865e-06
[train] step=19229 loss=0.004581 lr=2.865e-06
[train] step=19230 loss=0.009071 lr=2.865e-06
[train] step=19231 loss=0.006206 lr=2.864e-06
[train] step=19232 loss=0.004720 lr=2.864e-06
[train] step=19233 loss=0.036389 lr=2.863e-06
[train] step=19234 loss=0.008323 lr=2.863e-06
[train] step=19235 loss=0.008251 lr=2.862e-06
[train] step=19236 loss=0.005281 lr=2.862e-06
[train] step=19237 loss=0.008349 lr=2.861e-06
[train] step=19238 loss=0.006172 lr=2.861e-06
[train] step=19239 loss=0.007641 lr=2.860e-06
[train] step=19240 loss=0.004328 lr=2.860e-06
[train] step=19241 loss=0.003319 lr=2.859e-06
[train] step=19242 loss=0.004840 lr=2.859e-06
[train] step=19243 loss=0.009925 lr=2.858e-06
[train] step=19244 loss=0.006609 lr=2.858e-06
[train] step=19245 loss=0.008431 lr=2.857e-06
[train] step=19246 loss=0.006152 lr=2.857e-06
[train] step=19247 loss=0.002377 lr=2.856e-06
[train] step=19248 loss=0.022980 lr=2.856e-06
[train] step=19249 loss=0.008326 lr=2.856e-06
[train] step=19250 loss=0.014381 lr=2.855e-06
[train] step=19251 loss=0.008800 lr=2.855e-06
[train] step=19252 loss=0.012331 lr=2.854e-06
[train] step=19253 loss=0.006080 lr=2.854e-06
[train] step=19254 loss=0.005146 lr=2.853e-06
[train] step=19255 loss=0.011010 lr=2.853e-06
[train] step=19256 loss=0.003758 lr=2.852e-06
[train] step=19257 loss=0.006104 lr=2.852e-06
[train] step=19258 loss=0.013443 lr=2.851e-06
[train] step=19259 loss=0.018304 lr=2.851e-06
[train] step=19260 loss=0.005962 lr=2.850e-06
[train] step=19261 loss=0.004157 lr=2.850e-06
[train] step=19262 loss=0.001745 lr=2.849e-06
[train] step=19263 loss=0.004297 lr=2.849e-06
[train] step=19264 loss=0.007440 lr=2.848e-06
[train] step=19265 loss=0.005266 lr=2.848e-06
[train] step=19266 loss=0.006110 lr=2.848e-06
[train] step=19267 loss=0.003259 lr=2.847e-06
[train] step=19268 loss=0.002362 lr=2.847e-06
[train] step=19269 loss=0.004129 lr=2.846e-06
[train] step=19270 loss=0.011812 lr=2.846e-06
[train] step=19271 loss=0.004617 lr=2.845e-06
[train] step=19272 loss=0.008703 lr=2.845e-06
[train] step=19273 loss=0.003729 lr=2.844e-06
[train] step=19274 loss=0.003721 lr=2.844e-06
[train] step=19275 loss=0.002437 lr=2.843e-06
[train] step=19276 loss=0.013751 lr=2.843e-06
[train] step=19277 loss=0.004539 lr=2.842e-06
[train] step=19278 loss=0.005317 lr=2.842e-06
[train] step=19279 loss=0.009464 lr=2.841e-06
[train] step=19280 loss=0.006970 lr=2.841e-06
[train] step=19281 loss=0.008158 lr=2.840e-06
[train] step=19282 loss=0.006442 lr=2.840e-06
[train] step=19283 loss=0.005303 lr=2.840e-06
[train] step=19284 loss=0.004648 lr=2.839e-06
[train] step=19285 loss=0.004837 lr=2.839e-06
[train] step=19286 loss=0.014133 lr=2.838e-06
[train] step=19287 loss=0.007851 lr=2.838e-06
[train] step=19288 loss=0.009189 lr=2.837e-06
[train] step=19289 loss=0.004527 lr=2.837e-06
[train] step=19290 loss=0.020596 lr=2.836e-06
[train] step=19291 loss=0.009079 lr=2.836e-06
[train] step=19292 loss=0.006619 lr=2.835e-06
[train] step=19293 loss=0.003485 lr=2.835e-06
[train] step=19294 loss=0.033383 lr=2.834e-06
[train] step=19295 loss=0.015494 lr=2.834e-06
[train] step=19296 loss=0.005437 lr=2.833e-06
[train] step=19297 loss=0.010870 lr=2.833e-06
[train] step=19298 loss=0.008044 lr=2.832e-06
[train] step=19299 loss=0.022589 lr=2.832e-06
[train] step=19300 loss=0.009673 lr=2.831e-06
[train] step=19301 loss=0.013944 lr=2.831e-06
[train] step=19302 loss=0.005752 lr=2.831e-06
[train] step=19303 loss=0.028729 lr=2.830e-06
[train] step=19304 loss=0.011176 lr=2.830e-06
[train] step=19305 loss=0.020742 lr=2.829e-06
[train] step=19306 loss=0.007551 lr=2.829e-06
[train] step=19307 loss=0.008325 lr=2.828e-06
[train] step=19308 loss=0.007786 lr=2.828e-06
[train] step=19309 loss=0.002714 lr=2.827e-06
[train] step=19310 loss=0.005665 lr=2.827e-06
[train] step=19311 loss=0.004838 lr=2.826e-06
[train] step=19312 loss=0.008115 lr=2.826e-06
[train] step=19313 loss=0.020322 lr=2.825e-06
[train] step=19314 loss=0.004986 lr=2.825e-06
[train] step=19315 loss=0.004891 lr=2.824e-06
[train] step=19316 loss=0.008799 lr=2.824e-06
[train] step=19317 loss=0.043645 lr=2.823e-06
[train] step=19318 loss=0.007101 lr=2.823e-06
[train] step=19319 loss=0.016788 lr=2.823e-06
[train] step=19320 loss=0.005141 lr=2.822e-06
INFO     [rank 0] Model weights for step 19320 saved in      dit_trainer.py:1288
         checkpoints/model_weights_step_19320.safetensors                       
INFO     [rank 0] Scalar embedding weights for step 19320    dit_trainer.py:1297
         saved                                                                  
INFO     [rank 0] Training state saved:                      dit_trainer.py:1416
         checkpoints/model_weights_step_19320.state.pt                          
DEBUG    [rank 0] Removed old checkpoint:                    dit_trainer.py:1429
         /local/disk/hramachandran/work/wh_work/windinet/dit                    
         _outputs/lundquist/dit_sds_untrained_30k/checkpoint                    
         s/model_weights_step_19080.safetensors                                 
DEBUG    [rank 0] Removed old checkpoint:                    dit_trainer.py:1429
         /local/disk/hramachandran/work/wh_work/windinet/dit                    
         _outputs/lundquist/dit_sds_untrained_30k/checkpoint                    
         s/scalar_embedding_step_19080.safetensors                              
DEBUG    [rank 0] Removed optimizer state for older kept     dit_trainer.py:1444
         checkpoint:                                                            
         /local/disk/hramachandran/work/wh_work/windinet/dit                    
         _outputs/lundquist/dit_sds_untrained_30k/checkpoint                    
         s/model_weights_step_19200.state.pt                                    
[epoch 161] step=19320 train_loss=0.008959
[train] step=19321 loss=0.006511 lr=2.822e-06
[train] step=19322 loss=0.005082 lr=2.821e-06
[train] step=19323 loss=0.008310 lr=2.821e-06
[train] step=19324 loss=0.002489 lr=2.820e-06
[train] step=19325 loss=0.005073 lr=2.820e-06
[train] step=19326 loss=0.007493 lr=2.819e-06
[train] step=19327 loss=0.009034 lr=2.819e-06
[train] step=19328 loss=0.004220 lr=2.818e-06
[train] step=19329 loss=0.003476 lr=2.818e-06
[train] step=19330 loss=0.014802 lr=2.817e-06
[train] step=19331 loss=0.012338 lr=2.817e-06
[train] step=19332 loss=0.002434 lr=2.816e-06
[train] step=19333 loss=0.009056 lr=2.816e-06
[train] step=19334 loss=0.012139 lr=2.815e-06
[train] step=19335 loss=0.005482 lr=2.815e-06
[train] step=19336 loss=0.006405 lr=2.815e-06
[train] step=19337 loss=0.023665 lr=2.814e-06
[train] step=19338 loss=0.006093 lr=2.814e-06
[train] step=19339 loss=0.020820 lr=2.813e-06
[train] step=19340 loss=0.006291 lr=2.813e-06
[train] step=19341 loss=0.005026 lr=2.812e-06
[train] step=19342 loss=0.006653 lr=2.812e-06
[train] step=19343 loss=0.005439 lr=2.811e-06
[train] step=19344 loss=0.007614 lr=2.811e-06
[train] step=19345 loss=0.004355 lr=2.810e-06
[train] step=19346 loss=0.006633 lr=2.810e-06
[train] step=19347 loss=0.004598 lr=2.809e-06
[train] step=19348 loss=0.003347 lr=2.809e-06
[train] step=19349 loss=0.009479 lr=2.808e-06
[train] step=19350 loss=0.005364 lr=2.808e-06
[train] step=19351 loss=0.004762 lr=2.808e-06
[train] step=19352 loss=0.007634 lr=2.807e-06
[train] step=19353 loss=0.007350 lr=2.807e-06
[train] step=19354 loss=0.007201 lr=2.806e-06
[train] step=19355 loss=0.009658 lr=2.806e-06
[train] step=19356 loss=0.005723 lr=2.805e-06
[train] step=19357 loss=0.007049 lr=2.805e-06
[train] step=19358 loss=0.019524 lr=2.804e-06
[train] step=19359 loss=0.003813 lr=2.804e-06
[train] step=19360 loss=0.002765 lr=2.803e-06
[train] step=19361 loss=0.004650 lr=2.803e-06
[train] step=19362 loss=0.003592 lr=2.802e-06
[train] step=19363 loss=0.008064 lr=2.802e-06
[train] step=19364 loss=0.004650 lr=2.801e-06
[train] step=19365 loss=0.009659 lr=2.801e-06
[train] step=19366 loss=0.011442 lr=2.800e-06
[train] step=19367 loss=0.022633 lr=2.800e-06
[train] step=19368 loss=0.003186 lr=2.800e-06
[train] step=19369 loss=0.007282 lr=2.799e-06
[train] step=19370 loss=0.003654 lr=2.799e-06
[train] step=19371 loss=0.005216 lr=2.798e-06
[train] step=19372 loss=0.008832 lr=2.798e-06
[train] step=19373 loss=0.011925 lr=2.797e-06
[train] step=19374 loss=0.003900 lr=2.797e-06
[train] step=19375 loss=0.005400 lr=2.796e-06
[train] step=19376 loss=0.007130 lr=2.796e-06
[train] step=19377 loss=0.005282 lr=2.795e-06
[train] step=19378 loss=0.004610 lr=2.795e-06
[train] step=19379 loss=0.003841 lr=2.794e-06
[train] step=19380 loss=0.012450 lr=2.794e-06
[train] step=19381 loss=0.007101 lr=2.793e-06
[train] step=19382 loss=0.008990 lr=2.793e-06
[train] step=19383 loss=0.006013 lr=2.792e-06
[train] step=19384 loss=0.006159 lr=2.792e-06
[train] step=19385 loss=0.006236 lr=2.792e-06
[train] step=19386 loss=0.009635 lr=2.791e-06
[train] step=19387 loss=0.006253 lr=2.791e-06
[train] step=19388 loss=0.006354 lr=2.790e-06
[train] step=19389 loss=0.009607 lr=2.790e-06
[train] step=19390 loss=0.005157 lr=2.789e-06
[train] step=19391 loss=0.009792 lr=2.789e-06
[train] step=19392 loss=0.011909 lr=2.788e-06
[train] step=19393 loss=0.002345 lr=2.788e-06
[train] step=19394 loss=0.006643 lr=2.787e-06
[train] step=19395 loss=0.005055 lr=2.787e-06
[train] step=19396 loss=0.008748 lr=2.786e-06
[train] step=19397 loss=0.006325 lr=2.786e-06
[train] step=19398 loss=0.012455 lr=2.785e-06
[train] step=19399 loss=0.004257 lr=2.785e-06
[train] step=19400 loss=0.004877 lr=2.785e-06
[train] step=19401 loss=0.004756 lr=2.784e-06
[train] step=19402 loss=0.004494 lr=2.784e-06
[train] step=19403 loss=0.005913 lr=2.783e-06
[train] step=19404 loss=0.007063 lr=2.783e-06
[train] step=19405 loss=0.013483 lr=2.782e-06
[train] step=19406 loss=0.003342 lr=2.782e-06
[train] step=19407 loss=0.008729 lr=2.781e-06
[train] step=19408 loss=0.023127 lr=2.781e-06
[train] step=19409 loss=0.003935 lr=2.780e-06
[train] step=19410 loss=0.013171 lr=2.780e-06
[train] step=19411 loss=0.007271 lr=2.779e-06
[train] step=19412 loss=0.004836 lr=2.779e-06
[train] step=19413 loss=0.005491 lr=2.778e-06
[train] step=19414 loss=0.008575 lr=2.778e-06
[train] step=19415 loss=0.005501 lr=2.777e-06
[train] step=19416 loss=0.007993 lr=2.777e-06
[train] step=19417 loss=0.005835 lr=2.777e-06
[train] step=19418 loss=0.008906 lr=2.776e-06
[train] step=19419 loss=0.004053 lr=2.776e-06
[train] step=19420 loss=0.004216 lr=2.775e-06
[train] step=19421 loss=0.004185 lr=2.775e-06
[train] step=19422 loss=0.003365 lr=2.774e-06
[train] step=19423 loss=0.007752 lr=2.774e-06
[train] step=19424 loss=0.005818 lr=2.773e-06
[train] step=19425 loss=0.007173 lr=2.773e-06
[train] step=19426 loss=0.013003 lr=2.772e-06
[train] step=19427 loss=0.003827 lr=2.772e-06
[train] step=19428 loss=0.004081 lr=2.771e-06
[train] step=19429 loss=0.005330 lr=2.771e-06
[train] step=19430 loss=0.008444 lr=2.770e-06
[train] step=19431 loss=0.003705 lr=2.770e-06
[train] step=19432 loss=0.009791 lr=2.770e-06
[train] step=19433 loss=0.004460 lr=2.769e-06
[train] step=19434 loss=0.008336 lr=2.769e-06
[train] step=19435 loss=0.006350 lr=2.768e-06
[train] step=19436 loss=0.003710 lr=2.768e-06
[train] step=19437 loss=0.006128 lr=2.767e-06
[train] step=19438 loss=0.006342 lr=2.767e-06
[train] step=19439 loss=0.021946 lr=2.766e-06
[train] step=19440 loss=0.006786 lr=2.766e-06
INFO     [rank 0] Model weights for step 19440 saved in      dit_trainer.py:1288
         checkpoints/model_weights_step_19440.safetensors                       
INFO     [rank 0] Scalar embedding weights for step 19440    dit_trainer.py:1297
         saved                                                                  
INFO     [rank 0] Training state saved:                      dit_trainer.py:1416
         checkpoints/model_weights_step_19440.state.pt                          
DEBUG    [rank 0] Removed old checkpoint:                    dit_trainer.py:1429
         /local/disk/hramachandran/work/wh_work/windinet/dit                    
         _outputs/lundquist/dit_sds_untrained_30k/checkpoint                    
         s/model_weights_step_19200.safetensors                                 
DEBUG    [rank 0] Removed old checkpoint:                    dit_trainer.py:1429
         /local/disk/hramachandran/work/wh_work/windinet/dit                    
         _outputs/lundquist/dit_sds_untrained_30k/checkpoint                    
         s/scalar_embedding_step_19200.safetensors                              
DEBUG    [rank 0] Removed optimizer state for older kept     dit_trainer.py:1444
         checkpoint:                                                            
         /local/disk/hramachandran/work/wh_work/windinet/dit                    
         _outputs/lundquist/dit_sds_untrained_30k/checkpoint                    
         s/model_weights_step_19320.state.pt                                    
[epoch 162] step=19440 train_loss=0.007384
[train] step=19441 loss=0.003403 lr=2.765e-06
[train] step=19442 loss=0.005747 lr=2.765e-06
[train] step=19443 loss=0.005351 lr=2.764e-06
[train] step=19444 loss=0.004728 lr=2.764e-06
[train] step=19445 loss=0.005792 lr=2.763e-06
[train] step=19446 loss=0.023573 lr=2.763e-06
[train] step=19447 loss=0.006545 lr=2.763e-06
[train] step=19448 loss=0.002988 lr=2.762e-06
[train] step=19449 loss=0.006809 lr=2.762e-06
[train] step=19450 loss=0.011316 lr=2.761e-06
[train] step=19451 loss=0.004592 lr=2.761e-06
[train] step=19452 loss=0.011057 lr=2.760e-06
[train] step=19453 loss=0.006583 lr=2.760e-06
[train] step=19454 loss=0.002175 lr=2.759e-06
[train] step=19455 loss=0.005740 lr=2.759e-06
[train] step=19456 loss=0.010811 lr=2.758e-06
[train] step=19457 loss=0.003797 lr=2.758e-06
[train] step=19458 loss=0.006597 lr=2.757e-06
[train] step=19459 loss=0.007052 lr=2.757e-06
[train] step=19460 loss=0.005606 lr=2.756e-06
[train] step=19461 loss=0.012073 lr=2.756e-06
[train] step=19462 loss=0.008450 lr=2.756e-06
[train] step=19463 loss=0.013199 lr=2.755e-06
[train] step=19464 loss=0.004818 lr=2.755e-06
[train] step=19465 loss=0.014771 lr=2.754e-06
[train] step=19466 loss=0.017822 lr=2.754e-06
[train] step=19467 loss=0.017117 lr=2.753e-06
[train] step=19468 loss=0.003956 lr=2.753e-06
[train] step=19469 loss=0.006770 lr=2.752e-06
[train] step=19470 loss=0.011063 lr=2.752e-06
[train] step=19471 loss=0.007375 lr=2.751e-06
[train] step=19472 loss=0.008780 lr=2.751e-06
[train] step=19473 loss=0.003526 lr=2.750e-06
[train] step=19474 loss=0.004957 lr=2.750e-06
[train] step=19475 loss=0.008037 lr=2.749e-06
[train] step=19476 loss=0.004161 lr=2.749e-06
[train] step=19477 loss=0.008593 lr=2.749e-06
[train] step=19478 loss=0.003773 lr=2.748e-06
[train] step=19479 loss=0.005264 lr=2.748e-06
[train] step=19480 loss=0.002962 lr=2.747e-06
[train] step=19481 loss=0.009225 lr=2.747e-06
[train] step=19482 loss=0.008030 lr=2.746e-06
[train] step=19483 loss=0.005346 lr=2.746e-06
[train] step=19484 loss=0.006509 lr=2.745e-06
[train] step=19485 loss=0.006234 lr=2.745e-06
[train] step=19486 loss=0.007320 lr=2.744e-06
[train] step=19487 loss=0.009249 lr=2.744e-06
[train] step=19488 loss=0.005267 lr=2.743e-06
[train] step=19489 loss=0.006532 lr=2.743e-06
[train] step=19490 loss=0.004705 lr=2.742e-06
[train] step=19491 loss=0.004442 lr=2.742e-06
[train] step=19492 loss=0.003198 lr=2.742e-06
[train] step=19493 loss=0.009377 lr=2.741e-06
[train] step=19494 loss=0.007695 lr=2.741e-06
[train] step=19495 loss=0.005730 lr=2.740e-06
[train] step=19496 loss=0.002579 lr=2.740e-06
[train] step=19497 loss=0.005593 lr=2.739e-06
[train] step=19498 loss=0.015889 lr=2.739e-06
[train] step=19499 loss=0.005619 lr=2.738e-06
[train] step=19500 loss=0.010768 lr=2.738e-06
[train] step=19501 loss=0.003234 lr=2.737e-06
[train] step=19502 loss=0.007842 lr=2.737e-06
[train] step=19503 loss=0.004419 lr=2.736e-06
[train] step=19504 loss=0.012101 lr=2.736e-06
[train] step=19505 loss=0.006526 lr=2.735e-06
[train] step=19506 loss=0.005705 lr=2.735e-06
[train] step=19507 loss=0.010327 lr=2.735e-06
[train] step=19508 loss=0.004569 lr=2.734e-06
[train] step=19509 loss=0.003410 lr=2.734e-06
[train] step=19510 loss=0.006964 lr=2.733e-06
[train] step=19511 loss=0.006935 lr=2.733e-06
[train] step=19512 loss=0.009298 lr=2.732e-06
[train] step=19513 loss=0.006685 lr=2.732e-06
[train] step=19514 loss=0.012693 lr=2.731e-06
[train] step=19515 loss=0.007364 lr=2.731e-06
[train] step=19516 loss=0.009166 lr=2.730e-06
[train] step=19517 loss=0.007377 lr=2.730e-06
[train] step=19518 loss=0.004801 lr=2.729e-06
[train] step=19519 loss=0.010733 lr=2.729e-06
[train] step=19520 loss=0.017832 lr=2.728e-06
[train] step=19521 loss=0.008734 lr=2.728e-06
[train] step=19522 loss=0.004961 lr=2.728e-06
[train] step=19523 loss=0.005106 lr=2.727e-06
[train] step=19524 loss=0.015104 lr=2.727e-06
[train] step=19525 loss=0.004860 lr=2.726e-06
[train] step=19526 loss=0.011031 lr=2.726e-06
[train] step=19527 loss=0.006980 lr=2.725e-06
[train] step=19528 loss=0.009433 lr=2.725e-06
[train] step=19529 loss=0.003697 lr=2.724e-06
[train] step=19530 loss=0.008282 lr=2.724e-06
[train] step=19531 loss=0.006974 lr=2.723e-06
[train] step=19532 loss=0.005383 lr=2.723e-06
[train] step=19533 loss=0.003374 lr=2.722e-06
[train] step=19534 loss=0.005579 lr=2.722e-06
[train] step=19535 loss=0.009386 lr=2.721e-06
[train] step=19536 loss=0.004355 lr=2.721e-06
[train] step=19537 loss=0.002108 lr=2.721e-06
[train] step=19538 loss=0.039157 lr=2.720e-06
[train] step=19539 loss=0.005602 lr=2.720e-06
[train] step=19540 loss=0.011755 lr=2.719e-06
[train] step=19541 loss=0.026374 lr=2.719e-06
[train] step=19542 loss=0.006839 lr=2.718e-06
[train] step=19543 loss=0.006424 lr=2.718e-06
[train] step=19544 loss=0.003609 lr=2.717e-06
[train] step=19545 loss=0.006817 lr=2.717e-06
[train] step=19546 loss=0.014809 lr=2.716e-06
[train] step=19547 loss=0.003646 lr=2.716e-06
[train] step=19548 loss=0.005287 lr=2.715e-06
[train] step=19549 loss=0.011746 lr=2.715e-06
[train] step=19550 loss=0.003556 lr=2.715e-06
[train] step=19551 loss=0.004138 lr=2.714e-06
[train] step=19552 loss=0.040746 lr=2.714e-06
[train] step=19553 loss=0.004643 lr=2.713e-06
[train] step=19554 loss=0.003025 lr=2.713e-06
[train] step=19555 loss=0.005037 lr=2.712e-06
[train] step=19556 loss=0.002353 lr=2.712e-06
[train] step=19557 loss=0.003891 lr=2.711e-06
[train] step=19558 loss=0.002587 lr=2.711e-06
[train] step=19559 loss=0.005668 lr=2.710e-06
[train] step=19560 loss=0.006415 lr=2.710e-06
INFO     [rank 0] Model weights for step 19560 saved in      dit_trainer.py:1288
         checkpoints/model_weights_step_19560.safetensors                       
INFO     [rank 0] Scalar embedding weights for step 19560    dit_trainer.py:1297
         saved                                                                  
INFO     [rank 0] Training state saved:                      dit_trainer.py:1416
         checkpoints/model_weights_step_19560.state.pt                          
DEBUG    [rank 0] Removed old checkpoint:                    dit_trainer.py:1429
         /local/disk/hramachandran/work/wh_work/windinet/dit                    
         _outputs/lundquist/dit_sds_untrained_30k/checkpoint                    
         s/model_weights_step_19320.safetensors                                 
DEBUG    [rank 0] Removed old checkpoint:                    dit_trainer.py:1429
         /local/disk/hramachandran/work/wh_work/windinet/dit                    
         _outputs/lundquist/dit_sds_untrained_30k/checkpoint                    
         s/scalar_embedding_step_19320.safetensors                              
DEBUG    [rank 0] Removed optimizer state for older kept     dit_trainer.py:1444
         checkpoint:                                                            
         /local/disk/hramachandran/work/wh_work/windinet/dit                    
         _outputs/lundquist/dit_sds_untrained_30k/checkpoint                    
         s/model_weights_step_19440.state.pt                                    
[epoch 163] step=19560 train_loss=0.007874
[train] step=19561 loss=0.004494 lr=2.709e-06
[train] step=19562 loss=0.007503 lr=2.709e-06
[train] step=19563 loss=0.004218 lr=2.708e-06
[train] step=19564 loss=0.014671 lr=2.708e-06
[train] step=19565 loss=0.005473 lr=2.708e-06
[train] step=19566 loss=0.007721 lr=2.707e-06
[train] step=19567 loss=0.007074 lr=2.707e-06
[train] step=19568 loss=0.005368 lr=2.706e-06
[train] step=19569 loss=0.002223 lr=2.706e-06
[train] step=19570 loss=0.004965 lr=2.705e-06
[train] step=19571 loss=0.003782 lr=2.705e-06
[train] step=19572 loss=0.011854 lr=2.704e-06
[train] step=19573 loss=0.005318 lr=2.704e-06
[train] step=19574 loss=0.006326 lr=2.703e-06
[train] step=19575 loss=0.006482 lr=2.703e-06
[train] step=19576 loss=0.006477 lr=2.702e-06
[train] step=19577 loss=0.006400 lr=2.702e-06
[train] step=19578 loss=0.009692 lr=2.702e-06
[train] step=19579 loss=0.005821 lr=2.701e-06
[train] step=19580 loss=0.002951 lr=2.701e-06
[train] step=19581 loss=0.027481 lr=2.700e-06
[train] step=19582 loss=0.003888 lr=2.700e-06
[train] step=19583 loss=0.005411 lr=2.699e-06
[train] step=19584 loss=0.005162 lr=2.699e-06
[train] step=19585 loss=0.013799 lr=2.698e-06
[train] step=19586 loss=0.005493 lr=2.698e-06
[train] step=19587 loss=0.004495 lr=2.697e-06
[train] step=19588 loss=0.006499 lr=2.697e-06
[train] step=19589 loss=0.004119 lr=2.696e-06
[train] step=19590 loss=0.005206 lr=2.696e-06
[train] step=19591 loss=0.003624 lr=2.695e-06
[train] step=19592 loss=0.012281 lr=2.695e-06
[train] step=19593 loss=0.004707 lr=2.695e-06
[train] step=19594 loss=0.007137 lr=2.694e-06
[train] step=19595 loss=0.018303 lr=2.694e-06
[train] step=19596 loss=0.002346 lr=2.693e-06
[train] step=19597 loss=0.005616 lr=2.693e-06
[train] step=19598 loss=0.003768 lr=2.692e-06
[train] step=19599 loss=0.006535 lr=2.692e-06
[train] step=19600 loss=0.006524 lr=2.691e-06
[train] step=19601 loss=0.011673 lr=2.691e-06
[train] step=19602 loss=0.024860 lr=2.690e-06
[train] step=19603 loss=0.003452 lr=2.690e-06
[train] step=19604 loss=0.006119 lr=2.689e-06
[train] step=19605 loss=0.018383 lr=2.689e-06
[train] step=19606 loss=0.004524 lr=2.689e-06
[train] step=19607 loss=0.003479 lr=2.688e-06
[train] step=19608 loss=0.007195 lr=2.688e-06
[train] step=19609 loss=0.006165 lr=2.687e-06
[train] step=19610 loss=0.003926 lr=2.687e-06
[train] step=19611 loss=0.004803 lr=2.686e-06
[train] step=19612 loss=0.004536 lr=2.686e-06
[train] step=19613 loss=0.010081 lr=2.685e-06
[train] step=19614 loss=0.002577 lr=2.685e-06
[train] step=19615 loss=0.009708 lr=2.684e-06
[train] step=19616 loss=0.013790 lr=2.684e-06
[train] step=19617 loss=0.011878 lr=2.683e-06
[train] step=19618 loss=0.004674 lr=2.683e-06
[train] step=19619 loss=0.016282 lr=2.682e-06
[train] step=19620 loss=0.002571 lr=2.682e-06
[train] step=19621 loss=0.005047 lr=2.682e-06
[train] step=19622 loss=0.003794 lr=2.681e-06
[train] step=19623 loss=0.016605 lr=2.681e-06
[train] step=19624 loss=0.007359 lr=2.680e-06
[train] step=19625 loss=0.011981 lr=2.680e-06
[train] step=19626 loss=0.010471 lr=2.679e-06
[train] step=19627 loss=0.006607 lr=2.679e-06
[train] step=19628 loss=0.005415 lr=2.678e-06
[train] step=19629 loss=0.009680 lr=2.678e-06
[train] step=19630 loss=0.008441 lr=2.677e-06
[train] step=19631 loss=0.005527 lr=2.677e-06
[train] step=19632 loss=0.002836 lr=2.676e-06
[train] step=19633 loss=0.005389 lr=2.676e-06
[train] step=19634 loss=0.005789 lr=2.676e-06
[train] step=19635 loss=0.002540 lr=2.675e-06
[train] step=19636 loss=0.004853 lr=2.675e-06
[train] step=19637 loss=0.005607 lr=2.674e-06
[train] step=19638 loss=0.014930 lr=2.674e-06
[train] step=19639 loss=0.009040 lr=2.673e-06
[train] step=19640 loss=0.005498 lr=2.673e-06
[train] step=19641 loss=0.002884 lr=2.672e-06
[train] step=19642 loss=0.007904 lr=2.672e-06
[train] step=19643 loss=0.005582 lr=2.671e-06
[train] step=19644 loss=0.007046 lr=2.671e-06
[train] step=19645 loss=0.006107 lr=2.670e-06
[train] step=19646 loss=0.011632 lr=2.670e-06
[train] step=19647 loss=0.004662 lr=2.670e-06
[train] step=19648 loss=0.001985 lr=2.669e-06
[train] step=19649 loss=0.004449 lr=2.669e-06
[train] step=19650 loss=0.006788 lr=2.668e-06
[train] step=19651 loss=0.007082 lr=2.668e-06
[train] step=19652 loss=0.005787 lr=2.667e-06
[train] step=19653 loss=0.008895 lr=2.667e-06
[train] step=19654 loss=0.008976 lr=2.666e-06
[train] step=19655 loss=0.002283 lr=2.666e-06
[train] step=19656 loss=0.007115 lr=2.665e-06
[train] step=19657 loss=0.007669 lr=2.665e-06
[train] step=19658 loss=0.006315 lr=2.664e-06
[train] step=19659 loss=0.005818 lr=2.664e-06
[train] step=19660 loss=0.005927 lr=2.664e-06
[train] step=19661 loss=0.010422 lr=2.663e-06
[train] step=19662 loss=0.003542 lr=2.663e-06
[train] step=19663 loss=0.007132 lr=2.662e-06
[train] step=19664 loss=0.004770 lr=2.662e-06
[train] step=19665 loss=0.003150 lr=2.661e-06
[train] step=19666 loss=0.008123 lr=2.661e-06
[train] step=19667 loss=0.006209 lr=2.660e-06
[train] step=19668 loss=0.005683 lr=2.660e-06
[train] step=19669 loss=0.006111 lr=2.659e-06
[train] step=19670 loss=0.004032 lr=2.659e-06
[train] step=19671 loss=0.007851 lr=2.658e-06
[train] step=19672 loss=0.008912 lr=2.658e-06
[train] step=19673 loss=0.007219 lr=2.658e-06
[train] step=19674 loss=0.003011 lr=2.657e-06
[train] step=19675 loss=0.003851 lr=2.657e-06
[train] step=19676 loss=0.008482 lr=2.656e-06
[train] step=19677 loss=0.004288 lr=2.656e-06
[train] step=19678 loss=0.004026 lr=2.655e-06
[train] step=19679 loss=0.003150 lr=2.655e-06
[train] step=19680 loss=0.004815 lr=2.654e-06
INFO     [rank 0] Model weights for step 19680 saved in      dit_trainer.py:1288
         checkpoints/model_weights_step_19680.safetensors                       
INFO     [rank 0] Scalar embedding weights for step 19680    dit_trainer.py:1297
         saved                                                                  
INFO     [rank 0] Training state saved:                      dit_trainer.py:1416
         checkpoints/model_weights_step_19680.state.pt                          
DEBUG    [rank 0] Removed old checkpoint:                    dit_trainer.py:1429
         /local/disk/hramachandran/work/wh_work/windinet/dit                    
         _outputs/lundquist/dit_sds_untrained_30k/checkpoint                    
         s/model_weights_step_19440.safetensors                                 
DEBUG    [rank 0] Removed old checkpoint:                    dit_trainer.py:1429
         /local/disk/hramachandran/work/wh_work/windinet/dit                    
         _outputs/lundquist/dit_sds_untrained_30k/checkpoint                    
         s/scalar_embedding_step_19440.safetensors                              
DEBUG    [rank 0] Removed optimizer state for older kept     dit_trainer.py:1444
         checkpoint:                                                            
         /local/disk/hramachandran/work/wh_work/windinet/dit                    
         _outputs/lundquist/dit_sds_untrained_30k/checkpoint                    
         s/model_weights_step_19560.state.pt                                    
[epoch 164] step=19680 train_loss=0.007005
[train] step=19681 loss=0.018034 lr=2.654e-06
[train] step=19682 loss=0.004738 lr=2.653e-06
[train] step=19683 loss=0.003262 lr=2.653e-06
[train] step=19684 loss=0.003263 lr=2.652e-06
[train] step=19685 loss=0.009500 lr=2.652e-06
[train] step=19686 loss=0.004009 lr=2.652e-06
[train] step=19687 loss=0.008045 lr=2.651e-06
[train] step=19688 loss=0.007804 lr=2.651e-06
[train] step=19689 loss=0.020945 lr=2.650e-06
[train] step=19690 loss=0.013155 lr=2.650e-06
[train] step=19691 loss=0.011129 lr=2.649e-06
[train] step=19692 loss=0.003895 lr=2.649e-06
[train] step=19693 loss=0.010594 lr=2.648e-06
[train] step=19694 loss=0.003867 lr=2.648e-06
[train] step=19695 loss=0.005125 lr=2.647e-06
[train] step=19696 loss=0.003947 lr=2.647e-06
[train] step=19697 loss=0.010020 lr=2.646e-06
[train] step=19698 loss=0.004234 lr=2.646e-06
[train] step=19699 loss=0.004922 lr=2.646e-06
[train] step=19700 loss=0.004593 lr=2.645e-06
[train] step=19701 loss=0.004320 lr=2.645e-06
[train] step=19702 loss=0.005101 lr=2.644e-06
[train] step=19703 loss=0.004715 lr=2.644e-06
[train] step=19704 loss=0.010707 lr=2.643e-06
[train] step=19705 loss=0.006699 lr=2.643e-06
[train] step=19706 loss=0.017186 lr=2.642e-06
[train] step=19707 loss=0.012670 lr=2.642e-06
[train] step=19708 loss=0.003727 lr=2.641e-06
[train] step=19709 loss=0.003924 lr=2.641e-06
[train] step=19710 loss=0.006262 lr=2.640e-06
[train] step=19711 loss=0.003162 lr=2.640e-06
[train] step=19712 loss=0.007199 lr=2.640e-06
[train] step=19713 loss=0.005205 lr=2.639e-06
[train] step=19714 loss=0.004916 lr=2.639e-06
[train] step=19715 loss=0.002478 lr=2.638e-06
[train] step=19716 loss=0.010505 lr=2.638e-06
[train] step=19717 loss=0.007772 lr=2.637e-06
[train] step=19718 loss=0.007007 lr=2.637e-06
[train] step=19719 loss=0.016790 lr=2.636e-06
[train] step=19720 loss=0.007233 lr=2.636e-06
[train] step=19721 loss=0.006507 lr=2.635e-06
[train] step=19722 loss=0.004631 lr=2.635e-06
[train] step=19723 loss=0.010358 lr=2.634e-06
[train] step=19724 loss=0.008491 lr=2.634e-06
[train] step=19725 loss=0.017233 lr=2.634e-06
[train] step=19726 loss=0.019467 lr=2.633e-06
[train] step=19727 loss=0.005665 lr=2.633e-06
[train] step=19728 loss=0.005245 lr=2.632e-06
[train] step=19729 loss=0.005832 lr=2.632e-06
[train] step=19730 loss=0.006257 lr=2.631e-06
[train] step=19731 loss=0.006550 lr=2.631e-06
[train] step=19732 loss=0.008744 lr=2.630e-06
[train] step=19733 loss=0.017587 lr=2.630e-06
[train] step=19734 loss=0.007170 lr=2.629e-06
[train] step=19735 loss=0.007513 lr=2.629e-06
[train] step=19736 loss=0.003503 lr=2.628e-06
[train] step=19737 loss=0.006108 lr=2.628e-06
[train] step=19738 loss=0.007767 lr=2.628e-06
[train] step=19739 loss=0.008184 lr=2.627e-06
[train] step=19740 loss=0.011935 lr=2.627e-06
[train] step=19741 loss=0.006374 lr=2.626e-06
[train] step=19742 loss=0.015705 lr=2.626e-06
[train] step=19743 loss=0.005575 lr=2.625e-06
[train] step=19744 loss=0.003916 lr=2.625e-06
[train] step=19745 loss=0.002915 lr=2.624e-06
[train] step=19746 loss=0.004592 lr=2.624e-06
[train] step=19747 loss=0.006728 lr=2.623e-06
[train] step=19748 loss=0.006340 lr=2.623e-06
[train] step=19749 loss=0.006061 lr=2.623e-06
[train] step=19750 loss=0.004928 lr=2.622e-06
[train] step=19751 loss=0.005676 lr=2.622e-06
[train] step=19752 loss=0.007890 lr=2.621e-06
[train] step=19753 loss=0.004328 lr=2.621e-06
[train] step=19754 loss=0.003630 lr=2.620e-06
[train] step=19755 loss=0.009406 lr=2.620e-06
[train] step=19756 loss=0.003256 lr=2.619e-06
[train] step=19757 loss=0.006966 lr=2.619e-06
[train] step=19758 loss=0.009114 lr=2.618e-06
[train] step=19759 loss=0.012155 lr=2.618e-06
[train] step=19760 loss=0.010478 lr=2.617e-06
[train] step=19761 loss=0.005860 lr=2.617e-06
[train] step=19762 loss=0.004006 lr=2.617e-06
[train] step=19763 loss=0.005180 lr=2.616e-06
[train] step=19764 loss=0.014745 lr=2.616e-06
[train] step=19765 loss=0.004688 lr=2.615e-06
[train] step=19766 loss=0.005718 lr=2.615e-06
[train] step=19767 loss=0.006303 lr=2.614e-06
[train] step=19768 loss=0.008166 lr=2.614e-06
[train] step=19769 loss=0.003719 lr=2.613e-06
[train] step=19770 loss=0.009742 lr=2.613e-06
[train] step=19771 loss=0.028131 lr=2.612e-06
[train] step=19772 loss=0.005304 lr=2.612e-06
[train] step=19773 loss=0.004343 lr=2.611e-06
[train] step=19774 loss=0.004193 lr=2.611e-06
[train] step=19775 loss=0.007281 lr=2.611e-06
[train] step=19776 loss=0.009114 lr=2.610e-06
[train] step=19777 loss=0.003546 lr=2.610e-06
[train] step=19778 loss=0.004469 lr=2.609e-06
[train] step=19779 loss=0.007079 lr=2.609e-06
[train] step=19780 loss=0.004214 lr=2.608e-06
[train] step=19781 loss=0.011572 lr=2.608e-06
[train] step=19782 loss=0.006477 lr=2.607e-06
[train] step=19783 loss=0.015962 lr=2.607e-06
[train] step=19784 loss=0.015799 lr=2.606e-06
[train] step=19785 loss=0.005024 lr=2.606e-06
[train] step=19786 loss=0.006464 lr=2.606e-06
[train] step=19787 loss=0.007359 lr=2.605e-06
[train] step=19788 loss=0.005156 lr=2.605e-06
[train] step=19789 loss=0.005851 lr=2.604e-06
[train] step=19790 loss=0.005959 lr=2.604e-06
[train] step=19791 loss=0.007061 lr=2.603e-06
[train] step=19792 loss=0.015885 lr=2.603e-06
[train] step=19793 loss=0.003984 lr=2.602e-06
[train] step=19794 loss=0.004974 lr=2.602e-06
[train] step=19795 loss=0.004965 lr=2.601e-06
[train] step=19796 loss=0.005682 lr=2.601e-06
[train] step=19797 loss=0.003440 lr=2.600e-06
[train] step=19798 loss=0.006576 lr=2.600e-06
[train] step=19799 loss=0.004314 lr=2.600e-06
[train] step=19800 loss=0.029145 lr=2.599e-06
[val] step=19800 val_loss=0.013797
INFO     [rank 0] Model weights for step 19800 saved in      dit_trainer.py:1288
         checkpoints/model_weights_step_19800.safetensors                       
INFO     [rank 0] Scalar embedding weights for step 19800    dit_trainer.py:1297
         saved                                                                  
INFO     [rank 0] Training state saved:                      dit_trainer.py:1416
         checkpoints/model_weights_step_19800.state.pt                          
DEBUG    [rank 0] Removed old checkpoint:                    dit_trainer.py:1429
         /local/disk/hramachandran/work/wh_work/windinet/dit                    
         _outputs/lundquist/dit_sds_untrained_30k/checkpoint                    
         s/model_weights_step_19560.safetensors                                 
DEBUG    [rank 0] Removed old checkpoint:                    dit_trainer.py:1429
         /local/disk/hramachandran/work/wh_work/windinet/dit                    
         _outputs/lundquist/dit_sds_untrained_30k/checkpoint                    
         s/scalar_embedding_step_19560.safetensors                              
DEBUG    [rank 0] Removed optimizer state for older kept     dit_trainer.py:1444
         checkpoint:                                                            
         /local/disk/hramachandran/work/wh_work/windinet/dit                    
         _outputs/lundquist/dit_sds_untrained_30k/checkpoint                    
         s/model_weights_step_19680.state.pt                                    
[epoch 165] step=19800 train_loss=0.007555 val_loss=0.013797
[train] step=19801 loss=0.025776 lr=2.599e-06
[train] step=19802 loss=0.007652 lr=2.598e-06
[train] step=19803 loss=0.008428 lr=2.598e-06
[train] step=19804 loss=0.006438 lr=2.597e-06
[train] step=19805 loss=0.006553 lr=2.597e-06
[train] step=19806 loss=0.012176 lr=2.596e-06
[train] step=19807 loss=0.004887 lr=2.596e-06
[train] step=19808 loss=0.006400 lr=2.595e-06
[train] step=19809 loss=0.011070 lr=2.595e-06
[train] step=19810 loss=0.013553 lr=2.595e-06
[train] step=19811 loss=0.006013 lr=2.594e-06
[train] step=19812 loss=0.003320 lr=2.594e-06
[train] step=19813 loss=0.011582 lr=2.593e-06
[train] step=19814 loss=0.005410 lr=2.593e-06
[train] step=19815 loss=0.011357 lr=2.592e-06
[train] step=19816 loss=0.003775 lr=2.592e-06
[train] step=19817 loss=0.013888 lr=2.591e-06
[train] step=19818 loss=0.006539 lr=2.591e-06
[train] step=19819 loss=0.004383 lr=2.590e-06
[train] step=19820 loss=0.005437 lr=2.590e-06
[train] step=19821 loss=0.007630 lr=2.589e-06
[train] step=19822 loss=0.006923 lr=2.589e-06
[train] step=19823 loss=0.003615 lr=2.589e-06
[train] step=19824 loss=0.005338 lr=2.588e-06
[train] step=19825 loss=0.005808 lr=2.588e-06
[train] step=19826 loss=0.007836 lr=2.587e-06
[train] step=19827 loss=0.012279 lr=2.587e-06
[train] step=19828 loss=0.030030 lr=2.586e-06
[train] step=19829 loss=0.006578 lr=2.586e-06
[train] step=19830 loss=0.007997 lr=2.585e-06
[train] step=19831 loss=0.004062 lr=2.585e-06
[train] step=19832 loss=0.010315 lr=2.584e-06
[train] step=19833 loss=0.003351 lr=2.584e-06
[train] step=19834 loss=0.004475 lr=2.584e-06
[train] step=19835 loss=0.013910 lr=2.583e-06
[train] step=19836 loss=0.004259 lr=2.583e-06
[train] step=19837 loss=0.004593 lr=2.582e-06
[train] step=19838 loss=0.003269 lr=2.582e-06
[train] step=19839 loss=0.005601 lr=2.581e-06
[train] step=19840 loss=0.005670 lr=2.581e-06
[train] step=19841 loss=0.003305 lr=2.580e-06
[train] step=19842 loss=0.014757 lr=2.580e-06
[train] step=19843 loss=0.005990 lr=2.579e-06
[train] step=19844 loss=0.005868 lr=2.579e-06
[train] step=19845 loss=0.005398 lr=2.578e-06
[train] step=19846 loss=0.007779 lr=2.578e-06
[train] step=19847 loss=0.006509 lr=2.578e-06
[train] step=19848 loss=0.010165 lr=2.577e-06
[train] step=19849 loss=0.007147 lr=2.577e-06
[train] step=19850 loss=0.006012 lr=2.576e-06
[train] step=19851 loss=0.006973 lr=2.576e-06
[train] step=19852 loss=0.002826 lr=2.575e-06
[train] step=19853 loss=0.030735 lr=2.575e-06
[train] step=19854 loss=0.007977 lr=2.574e-06
[train] step=19855 loss=0.005032 lr=2.574e-06
[train] step=19856 loss=0.006599 lr=2.573e-06
[train] step=19857 loss=0.002848 lr=2.573e-06
[train] step=19858 loss=0.011398 lr=2.573e-06
[train] step=19859 loss=0.004117 lr=2.572e-06
[train] step=19860 loss=0.006515 lr=2.572e-06
[train] step=19861 loss=0.018134 lr=2.571e-06
[train] step=19862 loss=0.012215 lr=2.571e-06
[train] step=19863 loss=0.003693 lr=2.570e-06
[train] step=19864 loss=0.008666 lr=2.570e-06
[train] step=19865 loss=0.002619 lr=2.569e-06
[train] step=19866 loss=0.002928 lr=2.569e-06
[train] step=19867 loss=0.004394 lr=2.568e-06
[train] step=19868 loss=0.011672 lr=2.568e-06
[train] step=19869 loss=0.007415 lr=2.568e-06
[train] step=19870 loss=0.030009 lr=2.567e-06
[train] step=19871 loss=0.015185 lr=2.567e-06
[train] step=19872 loss=0.016044 lr=2.566e-06
[train] step=19873 loss=0.012944 lr=2.566e-06
[train] step=19874 loss=0.020048 lr=2.565e-06
[train] step=19875 loss=0.005619 lr=2.565e-06
[train] step=19876 loss=0.003355 lr=2.564e-06
[train] step=19877 loss=0.007013 lr=2.564e-06
[train] step=19878 loss=0.002861 lr=2.563e-06
[train] step=19879 loss=0.006851 lr=2.563e-06
[train] step=19880 loss=0.010792 lr=2.563e-06
[train] step=19881 loss=0.006075 lr=2.562e-06
[train] step=19882 loss=0.003273 lr=2.562e-06
[train] step=19883 loss=0.016712 lr=2.561e-06
[train] step=19884 loss=0.007693 lr=2.561e-06
[train] step=19885 loss=0.003896 lr=2.560e-06
[train] step=19886 loss=0.015194 lr=2.560e-06
[train] step=19887 loss=0.005591 lr=2.559e-06
[train] step=19888 loss=0.038097 lr=2.559e-06
[train] step=19889 loss=0.009491 lr=2.558e-06
[train] step=19890 loss=0.003945 lr=2.558e-06
[train] step=19891 loss=0.022439 lr=2.557e-06
[train] step=19892 loss=0.008361 lr=2.557e-06
[train] step=19893 loss=0.014118 lr=2.557e-06
[train] step=19894 loss=0.006105 lr=2.556e-06
[train] step=19895 loss=0.003867 lr=2.556e-06
[train] step=19896 loss=0.003903 lr=2.555e-06
[train] step=19897 loss=0.003336 lr=2.555e-06
[train] step=19898 loss=0.012597 lr=2.554e-06
[train] step=19899 loss=0.004478 lr=2.554e-06
[train] step=19900 loss=0.008857 lr=2.553e-06
[train] step=19901 loss=0.005163 lr=2.553e-06
[train] step=19902 loss=0.006420 lr=2.552e-06
[train] step=19903 loss=0.027353 lr=2.552e-06
[train] step=19904 loss=0.005819 lr=2.552e-06
[train] step=19905 loss=0.004779 lr=2.551e-06
[train] step=19906 loss=0.004355 lr=2.551e-06
[train] step=19907 loss=0.006155 lr=2.550e-06
[train] step=19908 loss=0.002835 lr=2.550e-06
[train] step=19909 loss=0.008283 lr=2.549e-06
[train] step=19910 loss=0.006342 lr=2.549e-06
[train] step=19911 loss=0.004368 lr=2.548e-06
[train] step=19912 loss=0.004525 lr=2.548e-06
[train] step=19913 loss=0.002885 lr=2.547e-06
[train] step=19914 loss=0.004510 lr=2.547e-06
[train] step=19915 loss=0.005346 lr=2.547e-06
[train] step=19916 loss=0.014452 lr=2.546e-06
[train] step=19917 loss=0.018926 lr=2.546e-06
[train] step=19918 loss=0.007136 lr=2.545e-06
[train] step=19919 loss=0.009538 lr=2.545e-06
[train] step=19920 loss=0.009314 lr=2.544e-06
INFO     [rank 0] Model weights for step 19920 saved in      dit_trainer.py:1288
         checkpoints/model_weights_step_19920.safetensors                       
INFO     [rank 0] Scalar embedding weights for step 19920    dit_trainer.py:1297
         saved                                                                  
INFO     [rank 0] Training state saved:                      dit_trainer.py:1416
         checkpoints/model_weights_step_19920.state.pt                          
DEBUG    [rank 0] Removed old checkpoint:                    dit_trainer.py:1429
         /local/disk/hramachandran/work/wh_work/windinet/dit                    
         _outputs/lundquist/dit_sds_untrained_30k/checkpoint                    
         s/model_weights_step_19680.safetensors                                 
DEBUG    [rank 0] Removed old checkpoint:                    dit_trainer.py:1429
         /local/disk/hramachandran/work/wh_work/windinet/dit                    
         _outputs/lundquist/dit_sds_untrained_30k/checkpoint                    
         s/scalar_embedding_step_19680.safetensors                              
DEBUG    [rank 0] Removed optimizer state for older kept     dit_trainer.py:1444
         checkpoint:                                                            
         /local/disk/hramachandran/work/wh_work/windinet/dit                    
         _outputs/lundquist/dit_sds_untrained_30k/checkpoint                    
         s/model_weights_step_19800.state.pt                                    
[epoch 166] step=19920 train_loss=0.008875
[train] step=19921 loss=0.005442 lr=2.544e-06
[train] step=19922 loss=0.006785 lr=2.543e-06
[train] step=19923 loss=0.008332 lr=2.543e-06
[train] step=19924 loss=0.007334 lr=2.542e-06
[train] step=19925 loss=0.007279 lr=2.542e-06
[train] step=19926 loss=0.011006 lr=2.542e-06
[train] step=19927 loss=0.007739 lr=2.541e-06
[train] step=19928 loss=0.003309 lr=2.541e-06
[train] step=19929 loss=0.004368 lr=2.540e-06
[train] step=19930 loss=0.011231 lr=2.540e-06
[train] step=19931 loss=0.004759 lr=2.539e-06
[train] step=19932 loss=0.003886 lr=2.539e-06
[train] step=19933 loss=0.005413 lr=2.538e-06
[train] step=19934 loss=0.006645 lr=2.538e-06
[train] step=19935 loss=0.003896 lr=2.537e-06
[train] step=19936 loss=0.004404 lr=2.537e-06
[train] step=19937 loss=0.003820 lr=2.537e-06
[train] step=19938 loss=0.003745 lr=2.536e-06
[train] step=19939 loss=0.020777 lr=2.536e-06
[train] step=19940 loss=0.009018 lr=2.535e-06
[train] step=19941 loss=0.005604 lr=2.535e-06
[train] step=19942 loss=0.017429 lr=2.534e-06
[train] step=19943 loss=0.007438 lr=2.534e-06
[train] step=19944 loss=0.003611 lr=2.533e-06
[train] step=19945 loss=0.004508 lr=2.533e-06
[train] step=19946 loss=0.008638 lr=2.532e-06
[train] step=19947 loss=0.002991 lr=2.532e-06
[train] step=19948 loss=0.006533 lr=2.532e-06
[train] step=19949 loss=0.008947 lr=2.531e-06
[train] step=19950 loss=0.014294 lr=2.531e-06
[train] step=19951 loss=0.001606 lr=2.530e-06
[train] step=19952 loss=0.005425 lr=2.530e-06
[train] step=19953 loss=0.010039 lr=2.529e-06
[train] step=19954 loss=0.003389 lr=2.529e-06
[train] step=19955 loss=0.005832 lr=2.528e-06
[train] step=19956 loss=0.008951 lr=2.528e-06
[train] step=19957 loss=0.003702 lr=2.527e-06
[train] step=19958 loss=0.004725 lr=2.527e-06
[train] step=19959 loss=0.004466 lr=2.527e-06
[train] step=19960 loss=0.029549 lr=2.526e-06
[train] step=19961 loss=0.012230 lr=2.526e-06
[train] step=19962 loss=0.004671 lr=2.525e-06
[train] step=19963 loss=0.015138 lr=2.525e-06
[train] step=19964 loss=0.012277 lr=2.524e-06
[train] step=19965 loss=0.003952 lr=2.524e-06
[train] step=19966 loss=0.005267 lr=2.523e-06
[train] step=19967 loss=0.008867 lr=2.523e-06
[train] step=19968 loss=0.004200 lr=2.522e-06
[train] step=19969 loss=0.003051 lr=2.522e-06
[train] step=19970 loss=0.003316 lr=2.522e-06
[train] step=19971 loss=0.003813 lr=2.521e-06
[train] step=19972 loss=0.005602 lr=2.521e-06
[train] step=19973 loss=0.008314 lr=2.520e-06
[train] step=19974 loss=0.016359 lr=2.520e-06
[train] step=19975 loss=0.014342 lr=2.519e-06
[train] step=19976 loss=0.002633 lr=2.519e-06
[train] step=19977 loss=0.003881 lr=2.518e-06
[train] step=19978 loss=0.008922 lr=2.518e-06
[train] step=19979 loss=0.008137 lr=2.517e-06
[train] step=19980 loss=0.004507 lr=2.517e-06
[train] step=19981 loss=0.003631 lr=2.517e-06
[train] step=19982 loss=0.004659 lr=2.516e-06
[train] step=19983 loss=0.028551 lr=2.516e-06
[train] step=19984 loss=0.004477 lr=2.515e-06
[train] step=19985 loss=0.008628 lr=2.515e-06
[train] step=19986 loss=0.003294 lr=2.514e-06
[train] step=19987 loss=0.004038 lr=2.514e-06
[train] step=19988 loss=0.004172 lr=2.513e-06
[train] step=19989 loss=0.004039 lr=2.513e-06
[train] step=19990 loss=0.005930 lr=2.512e-06
[train] step=19991 loss=0.007156 lr=2.512e-06
[train] step=19992 loss=0.004445 lr=2.512e-06
[train] step=19993 loss=0.005232 lr=2.511e-06
[train] step=19994 loss=0.006590 lr=2.511e-06
[train] step=19995 loss=0.010073 lr=2.510e-06
[train] step=19996 loss=0.008999 lr=2.510e-06
[train] step=19997 loss=0.007848 lr=2.509e-06
[train] step=19998 loss=0.003924 lr=2.509e-06
[train] step=19999 loss=0.008340 lr=2.508e-06
[train] step=20000 loss=0.004932 lr=2.508e-06
INFO     [rank 0] Saved DiT visualization panels for    dit_visualization.py:418
         step 20000 (3 samples x 4 frames);                                     
         latent_vrmse=0.07126 pixel_vrmse=0.43384 ->                            
         /local/disk/hramachandran/work/wh_work/windine                         
         t/dit_outputs/lundquist/dit_sds_untrained_30k/                         
         dit_vrmse_metrics.csv,                                                 
         /local/disk/hramachandran/work/wh_work/windine                         
         t/dit_outputs/lundquist/dit_sds_untrained_30k/                         
         dit_vrmse_curve.png                                                    
[train] step=20001 loss=0.004660 lr=2.508e-06
[train] step=20002 loss=0.005883 lr=2.507e-06
[train] step=20003 loss=0.034696 lr=2.507e-06
[train] step=20004 loss=0.005036 lr=2.506e-06
[train] step=20005 loss=0.012241 lr=2.506e-06
[train] step=20006 loss=0.002876 lr=2.505e-06
[train] step=20007 loss=0.008466 lr=2.505e-06
[train] step=20008 loss=0.003820 lr=2.504e-06
[train] step=20009 loss=0.005027 lr=2.504e-06
[train] step=20010 loss=0.006930 lr=2.503e-06
[train] step=20011 loss=0.008906 lr=2.503e-06
[train] step=20012 loss=0.012093 lr=2.503e-06
[train] step=20013 loss=0.008627 lr=2.502e-06
[train] step=20014 loss=0.010307 lr=2.502e-06
[train] step=20015 loss=0.009293 lr=2.501e-06
[train] step=20016 loss=0.010065 lr=2.501e-06
[train] step=20017 loss=0.009409 lr=2.500e-06
[train] step=20018 loss=0.016336 lr=2.500e-06
[train] step=20019 loss=0.001464 lr=2.499e-06
[train] step=20020 loss=0.007765 lr=2.499e-06
[train] step=20021 loss=0.009259 lr=2.498e-06
[train] step=20022 loss=0.004105 lr=2.498e-06
[train] step=20023 loss=0.005375 lr=2.498e-06
[train] step=20024 loss=0.006392 lr=2.497e-06
[train] step=20025 loss=0.003873 lr=2.497e-06
[train] step=20026 loss=0.002116 lr=2.496e-06
[train] step=20027 loss=0.004349 lr=2.496e-06
[train] step=20028 loss=0.003181 lr=2.495e-06
[train] step=20029 loss=0.005664 lr=2.495e-06
[train] step=20030 loss=0.004740 lr=2.494e-06
[train] step=20031 loss=0.006851 lr=2.494e-06
[train] step=20032 loss=0.005948 lr=2.493e-06
[train] step=20033 loss=0.005082 lr=2.493e-06
[train] step=20034 loss=0.003114 lr=2.493e-06
[train] step=20035 loss=0.020387 lr=2.492e-06
[train] step=20036 loss=0.003723 lr=2.492e-06
[train] step=20037 loss=0.008257 lr=2.491e-06
[train] step=20038 loss=0.007290 lr=2.491e-06
[train] step=20039 loss=0.004649 lr=2.490e-06
[train] step=20040 loss=0.009217 lr=2.490e-06
INFO     [rank 0] Model weights for step 20040 saved in      dit_trainer.py:1288
         checkpoints/model_weights_step_20040.safetensors                       
INFO     [rank 0] Scalar embedding weights for step 20040    dit_trainer.py:1297
         saved                                                                  
INFO     [rank 0] Training state saved:                      dit_trainer.py:1416
         checkpoints/model_weights_step_20040.state.pt                          
DEBUG    [rank 0] Removed old checkpoint:                    dit_trainer.py:1429
         /local/disk/hramachandran/work/wh_work/windinet/dit                    
         _outputs/lundquist/dit_sds_untrained_30k/checkpoint                    
         s/model_weights_step_19800.safetensors                                 
DEBUG    [rank 0] Removed old checkpoint:                    dit_trainer.py:1429
         /local/disk/hramachandran/work/wh_work/windinet/dit                    
         _outputs/lundquist/dit_sds_untrained_30k/checkpoint                    
         s/scalar_embedding_step_19800.safetensors                              
DEBUG    [rank 0] Removed optimizer state for older kept     dit_trainer.py:1444
         checkpoint:                                                            
         /local/disk/hramachandran/work/wh_work/windinet/dit                    
         _outputs/lundquist/dit_sds_untrained_30k/checkpoint                    
         s/model_weights_step_19920.state.pt                                    
[epoch 167] step=20040 train_loss=0.007441
[train] step=20041 loss=0.003273 lr=2.489e-06
[train] step=20042 loss=0.001659 lr=2.489e-06
[train] step=20043 loss=0.025083 lr=2.488e-06
[train] step=20044 loss=0.006362 lr=2.488e-06
[train] step=20045 loss=0.007091 lr=2.488e-06
[train] step=20046 loss=0.004722 lr=2.487e-06
[train] step=20047 loss=0.006924 lr=2.487e-06
[train] step=20048 loss=0.005719 lr=2.486e-06
[train] step=20049 loss=0.004751 lr=2.486e-06
[train] step=20050 loss=0.003906 lr=2.485e-06
[train] step=20051 loss=0.005632 lr=2.485e-06
[train] step=20052 loss=0.003963 lr=2.484e-06
[train] step=20053 loss=0.004902 lr=2.484e-06
[train] step=20054 loss=0.004397 lr=2.484e-06
[train] step=20055 loss=0.012831 lr=2.483e-06
[train] step=20056 loss=0.006800 lr=2.483e-06
[train] step=20057 loss=0.005318 lr=2.482e-06
[train] step=20058 loss=0.008731 lr=2.482e-06
[train] step=20059 loss=0.012128 lr=2.481e-06
[train] step=20060 loss=0.005740 lr=2.481e-06
[train] step=20061 loss=0.003705 lr=2.480e-06
[train] step=20062 loss=0.008030 lr=2.480e-06
[train] step=20063 loss=0.005497 lr=2.479e-06
[train] step=20064 loss=0.003050 lr=2.479e-06
[train] step=20065 loss=0.007776 lr=2.479e-06
[train] step=20066 loss=0.005980 lr=2.478e-06
[train] step=20067 loss=0.004889 lr=2.478e-06
[train] step=20068 loss=0.003276 lr=2.477e-06
[train] step=20069 loss=0.010078 lr=2.477e-06
[train] step=20070 loss=0.006180 lr=2.476e-06
[train] step=20071 loss=0.004756 lr=2.476e-06
[train] step=20072 loss=0.003966 lr=2.475e-06
[train] step=20073 loss=0.003409 lr=2.475e-06
[train] step=20074 loss=0.002722 lr=2.475e-06
[train] step=20075 loss=0.009765 lr=2.474e-06
[train] step=20076 loss=0.005741 lr=2.474e-06
[train] step=20077 loss=0.004926 lr=2.473e-06
[train] step=20078 loss=0.004424 lr=2.473e-06
[train] step=20079 loss=0.002088 lr=2.472e-06
[train] step=20080 loss=0.010202 lr=2.472e-06
[train] step=20081 loss=0.003474 lr=2.471e-06
[train] step=20082 loss=0.018699 lr=2.471e-06
[train] step=20083 loss=0.005475 lr=2.470e-06
[train] step=20084 loss=0.004609 lr=2.470e-06
[train] step=20085 loss=0.004506 lr=2.470e-06
[train] step=20086 loss=0.006134 lr=2.469e-06
[train] step=20087 loss=0.008271 lr=2.469e-06
[train] step=20088 loss=0.009399 lr=2.468e-06
[train] step=20089 loss=0.003949 lr=2.468e-06
[train] step=20090 loss=0.005938 lr=2.467e-06
[train] step=20091 loss=0.003349 lr=2.467e-06
[train] step=20092 loss=0.007850 lr=2.466e-06
[train] step=20093 loss=0.003501 lr=2.466e-06
[train] step=20094 loss=0.003887 lr=2.465e-06
[train] step=20095 loss=0.012208 lr=2.465e-06
[train] step=20096 loss=0.007324 lr=2.465e-06
[train] step=20097 loss=0.003521 lr=2.464e-06
[train] step=20098 loss=0.008321 lr=2.464e-06
[train] step=20099 loss=0.005228 lr=2.463e-06
[train] step=20100 loss=0.013836 lr=2.463e-06
[train] step=20101 loss=0.004966 lr=2.462e-06
[train] step=20102 loss=0.006735 lr=2.462e-06
[train] step=20103 loss=0.008154 lr=2.461e-06
[train] step=20104 loss=0.002392 lr=2.461e-06
[train] step=20105 loss=0.004105 lr=2.461e-06
[train] step=20106 loss=0.003326 lr=2.460e-06
[train] step=20107 loss=0.020897 lr=2.460e-06
[train] step=20108 loss=0.003506 lr=2.459e-06
[train] step=20109 loss=0.004005 lr=2.459e-06
[train] step=20110 loss=0.007602 lr=2.458e-06
[train] step=20111 loss=0.004575 lr=2.458e-06
[train] step=20112 loss=0.010619 lr=2.457e-06
[train] step=20113 loss=0.003691 lr=2.457e-06
[train] step=20114 loss=0.009112 lr=2.456e-06
[train] step=20115 loss=0.006812 lr=2.456e-06
[train] step=20116 loss=0.007231 lr=2.456e-06
[train] step=20117 loss=0.002459 lr=2.455e-06
[train] step=20118 loss=0.012233 lr=2.455e-06
[train] step=20119 loss=0.004850 lr=2.454e-06
[train] step=20120 loss=0.025432 lr=2.454e-06
[train] step=20121 loss=0.004180 lr=2.453e-06
[train] step=20122 loss=0.026163 lr=2.453e-06
[train] step=20123 loss=0.006762 lr=2.452e-06
[train] step=20124 loss=0.003390 lr=2.452e-06
[train] step=20125 loss=0.020848 lr=2.452e-06
[train] step=20126 loss=0.009043 lr=2.451e-06
[train] step=20127 loss=0.002870 lr=2.451e-06
[train] step=20128 loss=0.007055 lr=2.450e-06
[train] step=20129 loss=0.013734 lr=2.450e-06
[train] step=20130 loss=0.004314 lr=2.449e-06
[train] step=20131 loss=0.004478 lr=2.449e-06
[train] step=20132 loss=0.009345 lr=2.448e-06
[train] step=20133 loss=0.004021 lr=2.448e-06
[train] step=20134 loss=0.003914 lr=2.447e-06
[train] step=20135 loss=0.007149 lr=2.447e-06
[train] step=20136 loss=0.002230 lr=2.447e-06
[train] step=20137 loss=0.004408 lr=2.446e-06
[train] step=20138 loss=0.003136 lr=2.446e-06
[train] step=20139 loss=0.010315 lr=2.445e-06
[train] step=20140 loss=0.020163 lr=2.445e-06
[train] step=20141 loss=0.010136 lr=2.444e-06
[train] step=20142 loss=0.011079 lr=2.444e-06
[train] step=20143 loss=0.005337 lr=2.443e-06
[train] step=20144 loss=0.003848 lr=2.443e-06
[train] step=20145 loss=0.008742 lr=2.443e-06
[train] step=20146 loss=0.019019 lr=2.442e-06
[train] step=20147 loss=0.009310 lr=2.442e-06
[train] step=20148 loss=0.004637 lr=2.441e-06
[train] step=20149 loss=0.006056 lr=2.441e-06
[train] step=20150 loss=0.004760 lr=2.440e-06
[train] step=20151 loss=0.004580 lr=2.440e-06
[train] step=20152 loss=0.006499 lr=2.439e-06
[train] step=20153 loss=0.006412 lr=2.439e-06
[train] step=20154 loss=0.006835 lr=2.439e-06
[train] step=20155 loss=0.003992 lr=2.438e-06
[train] step=20156 loss=0.005671 lr=2.438e-06
[train] step=20157 loss=0.007198 lr=2.437e-06
[train] step=20158 loss=0.006884 lr=2.437e-06
[train] step=20159 loss=0.005970 lr=2.436e-06
[train] step=20160 loss=0.005721 lr=2.436e-06
INFO     [rank 0] Model weights for step 20160 saved in      dit_trainer.py:1288
         checkpoints/model_weights_step_20160.safetensors                       
INFO     [rank 0] Scalar embedding weights for step 20160    dit_trainer.py:1297
         saved                                                                  
INFO     [rank 0] Training state saved:                      dit_trainer.py:1416
         checkpoints/model_weights_step_20160.state.pt                          
DEBUG    [rank 0] Removed old checkpoint:                    dit_trainer.py:1429
         /local/disk/hramachandran/work/wh_work/windinet/dit                    
         _outputs/lundquist/dit_sds_untrained_30k/checkpoint                    
         s/model_weights_step_19920.safetensors                                 
DEBUG    [rank 0] Removed old checkpoint:                    dit_trainer.py:1429
         /local/disk/hramachandran/work/wh_work/windinet/dit                    
         _outputs/lundquist/dit_sds_untrained_30k/checkpoint                    
         s/scalar_embedding_step_19920.safetensors                              
DEBUG    [rank 0] Removed optimizer state for older kept     dit_trainer.py:1444
         checkpoint:                                                            
         /local/disk/hramachandran/work/wh_work/windinet/dit                    
         _outputs/lundquist/dit_sds_untrained_30k/checkpoint                    
         s/model_weights_step_20040.state.pt                                    
[epoch 168] step=20160 train_loss=0.007136
[train] step=20161 loss=0.006279 lr=2.435e-06
[train] step=20162 loss=0.003990 lr=2.435e-06
[train] step=20163 loss=0.003354 lr=2.434e-06
[train] step=20164 loss=0.008459 lr=2.434e-06
[train] step=20165 loss=0.005785 lr=2.434e-06
[train] step=20166 loss=0.003318 lr=2.433e-06
[train] step=20167 loss=0.005350 lr=2.433e-06
[train] step=20168 loss=0.010621 lr=2.432e-06
[train] step=20169 loss=0.003663 lr=2.432e-06
[train] step=20170 loss=0.020224 lr=2.431e-06
[train] step=20171 loss=0.002253 lr=2.431e-06
[train] step=20172 loss=0.004239 lr=2.430e-06
[train] step=20173 loss=0.010044 lr=2.430e-06
[train] step=20174 loss=0.006609 lr=2.430e-06
[train] step=20175 loss=0.004310 lr=2.429e-06
[train] step=20176 loss=0.004251 lr=2.429e-06
[train] step=20177 loss=0.008596 lr=2.428e-06
[train] step=20178 loss=0.007106 lr=2.428e-06
[train] step=20179 loss=0.007004 lr=2.427e-06
[train] step=20180 loss=0.004006 lr=2.427e-06
[train] step=20181 loss=0.007795 lr=2.426e-06
[train] step=20182 loss=0.015855 lr=2.426e-06
[train] step=20183 loss=0.003154 lr=2.426e-06
[train] step=20184 loss=0.005185 lr=2.425e-06
[train] step=20185 loss=0.014788 lr=2.425e-06
[train] step=20186 loss=0.012636 lr=2.424e-06
[train] step=20187 loss=0.007474 lr=2.424e-06
[train] step=20188 loss=0.013957 lr=2.423e-06
[train] step=20189 loss=0.038767 lr=2.423e-06
[train] step=20190 loss=0.007400 lr=2.422e-06
[train] step=20191 loss=0.008479 lr=2.422e-06
[train] step=20192 loss=0.005535 lr=2.421e-06
[train] step=20193 loss=0.005969 lr=2.421e-06
[train] step=20194 loss=0.010410 lr=2.421e-06
[train] step=20195 loss=0.006898 lr=2.420e-06
[train] step=20196 loss=0.007091 lr=2.420e-06
[train] step=20197 loss=0.004515 lr=2.419e-06
[train] step=20198 loss=0.011378 lr=2.419e-06
[train] step=20199 loss=0.015414 lr=2.418e-06
[train] step=20200 loss=0.012952 lr=2.418e-06
[train] step=20201 loss=0.010027 lr=2.417e-06
[train] step=20202 loss=0.005245 lr=2.417e-06
[train] step=20203 loss=0.007621 lr=2.417e-06
[train] step=20204 loss=0.012766 lr=2.416e-06
[train] step=20205 loss=0.005723 lr=2.416e-06
[train] step=20206 loss=0.015580 lr=2.415e-06
[train] step=20207 loss=0.006182 lr=2.415e-06
[train] step=20208 loss=0.005204 lr=2.414e-06
[train] step=20209 loss=0.004312 lr=2.414e-06
[train] step=20210 loss=0.014749 lr=2.413e-06
[train] step=20211 loss=0.025217 lr=2.413e-06
[train] step=20212 loss=0.006165 lr=2.413e-06
[train] step=20213 loss=0.007900 lr=2.412e-06
[train] step=20214 loss=0.005591 lr=2.412e-06
[train] step=20215 loss=0.002636 lr=2.411e-06
[train] step=20216 loss=0.004128 lr=2.411e-06
[train] step=20217 loss=0.003265 lr=2.410e-06
[train] step=20218 loss=0.004060 lr=2.410e-06
[train] step=20219 loss=0.003875 lr=2.409e-06
[train] step=20220 loss=0.007113 lr=2.409e-06
[train] step=20221 loss=0.004041 lr=2.409e-06
[train] step=20222 loss=0.003760 lr=2.408e-06
[train] step=20223 loss=0.006511 lr=2.408e-06
[train] step=20224 loss=0.005827 lr=2.407e-06
[train] step=20225 loss=0.008238 lr=2.407e-06
[train] step=20226 loss=0.003873 lr=2.406e-06
[train] step=20227 loss=0.004315 lr=2.406e-06
[train] step=20228 loss=0.008394 lr=2.405e-06
[train] step=20229 loss=0.006120 lr=2.405e-06
[train] step=20230 loss=0.016741 lr=2.404e-06
[train] step=20231 loss=0.002631 lr=2.404e-06
[train] step=20232 loss=0.002876 lr=2.404e-06
[train] step=20233 loss=0.005532 lr=2.403e-06
[train] step=20234 loss=0.004653 lr=2.403e-06
[train] step=20235 loss=0.005085 lr=2.402e-06
[train] step=20236 loss=0.004068 lr=2.402e-06
[train] step=20237 loss=0.005786 lr=2.401e-06
[train] step=20238 loss=0.003430 lr=2.401e-06
[train] step=20239 loss=0.005000 lr=2.400e-06
[train] step=20240 loss=0.008481 lr=2.400e-06
[train] step=20241 loss=0.002462 lr=2.400e-06
[train] step=20242 loss=0.005204 lr=2.399e-06
[train] step=20243 loss=0.018251 lr=2.399e-06
[train] step=20244 loss=0.004938 lr=2.398e-06
[train] step=20245 loss=0.011809 lr=2.398e-06
[train] step=20246 loss=0.016172 lr=2.397e-06
[train] step=20247 loss=0.008142 lr=2.397e-06
[train] step=20248 loss=0.003709 lr=2.396e-06
[train] step=20249 loss=0.007091 lr=2.396e-06
[train] step=20250 loss=0.002251 lr=2.396e-06
[train] step=20251 loss=0.004722 lr=2.395e-06
[train] step=20252 loss=0.004128 lr=2.395e-06
[train] step=20253 loss=0.004509 lr=2.394e-06
[train] step=20254 loss=0.004079 lr=2.394e-06
[train] step=20255 loss=0.008179 lr=2.393e-06
[train] step=20256 loss=0.007872 lr=2.393e-06
[train] step=20257 loss=0.003340 lr=2.392e-06
[train] step=20258 loss=0.007619 lr=2.392e-06
[train] step=20259 loss=0.004036 lr=2.392e-06
[train] step=20260 loss=0.003923 lr=2.391e-06
[train] step=20261 loss=0.006878 lr=2.391e-06
[train] step=20262 loss=0.005862 lr=2.390e-06
[train] step=20263 loss=0.012810 lr=2.390e-06
[train] step=20264 loss=0.020997 lr=2.389e-06
[train] step=20265 loss=0.011051 lr=2.389e-06
[train] step=20266 loss=0.007551 lr=2.388e-06
[train] step=20267 loss=0.005968 lr=2.388e-06
[train] step=20268 loss=0.014883 lr=2.388e-06
[train] step=20269 loss=0.004326 lr=2.387e-06
[train] step=20270 loss=0.017548 lr=2.387e-06
[train] step=20271 loss=0.003594 lr=2.386e-06
[train] step=20272 loss=0.005145 lr=2.386e-06
[train] step=20273 loss=0.012932 lr=2.385e-06
[train] step=20274 loss=0.004299 lr=2.385e-06
[train] step=20275 loss=0.005098 lr=2.384e-06
[train] step=20276 loss=0.013473 lr=2.384e-06
[train] step=20277 loss=0.006685 lr=2.384e-06
[train] step=20278 loss=0.007794 lr=2.383e-06
[train] step=20279 loss=0.007765 lr=2.383e-06
[train] step=20280 loss=0.003882 lr=2.382e-06
INFO     [rank 0] Model weights for step 20280 saved in      dit_trainer.py:1288
         checkpoints/model_weights_step_20280.safetensors                       
INFO     [rank 0] Scalar embedding weights for step 20280    dit_trainer.py:1297
         saved                                                                  
INFO     [rank 0] Training state saved:                      dit_trainer.py:1416
         checkpoints/model_weights_step_20280.state.pt                          
DEBUG    [rank 0] Removed old checkpoint:                    dit_trainer.py:1429
         /local/disk/hramachandran/work/wh_work/windinet/dit                    
         _outputs/lundquist/dit_sds_untrained_30k/checkpoint                    
         s/model_weights_step_20040.safetensors                                 
DEBUG    [rank 0] Removed old checkpoint:                    dit_trainer.py:1429
         /local/disk/hramachandran/work/wh_work/windinet/dit                    
         _outputs/lundquist/dit_sds_untrained_30k/checkpoint                    
         s/scalar_embedding_step_20040.safetensors                              
DEBUG    [rank 0] Removed optimizer state for older kept     dit_trainer.py:1444
         checkpoint:                                                            
         /local/disk/hramachandran/work/wh_work/windinet/dit                    
         _outputs/lundquist/dit_sds_untrained_30k/checkpoint                    
         s/model_weights_step_20160.state.pt                                    
[epoch 169] step=20280 train_loss=0.007755
[train] step=20281 loss=0.004721 lr=2.382e-06
[train] step=20282 loss=0.003599 lr=2.381e-06
[train] step=20283 loss=0.005251 lr=2.381e-06
[train] step=20284 loss=0.006670 lr=2.380e-06
[train] step=20285 loss=0.006731 lr=2.380e-06
[train] step=20286 loss=0.015155 lr=2.380e-06
[train] step=20287 loss=0.004086 lr=2.379e-06
[train] step=20288 loss=0.006930 lr=2.379e-06
[train] step=20289 loss=0.003789 lr=2.378e-06
[train] step=20290 loss=0.015384 lr=2.378e-06
[train] step=20291 loss=0.007773 lr=2.377e-06
[train] step=20292 loss=0.009919 lr=2.377e-06
[train] step=20293 loss=0.012922 lr=2.376e-06
[train] step=20294 loss=0.008495 lr=2.376e-06
[train] step=20295 loss=0.008376 lr=2.376e-06
[train] step=20296 loss=0.010676 lr=2.375e-06
[train] step=20297 loss=0.012620 lr=2.375e-06
[train] step=20298 loss=0.004895 lr=2.374e-06
[train] step=20299 loss=0.005731 lr=2.374e-06
[train] step=20300 loss=0.004578 lr=2.373e-06
[train] step=20301 loss=0.011432 lr=2.373e-06
[train] step=20302 loss=0.005417 lr=2.372e-06
[train] step=20303 loss=0.006219 lr=2.372e-06
[train] step=20304 loss=0.003946 lr=2.372e-06
[train] step=20305 loss=0.008150 lr=2.371e-06
[train] step=20306 loss=0.005587 lr=2.371e-06
[train] step=20307 loss=0.017462 lr=2.370e-06
[train] step=20308 loss=0.006553 lr=2.370e-06
[train] step=20309 loss=0.006739 lr=2.369e-06
[train] step=20310 loss=0.003799 lr=2.369e-06
[train] step=20311 loss=0.007767 lr=2.368e-06
[train] step=20312 loss=0.005203 lr=2.368e-06
[train] step=20313 loss=0.014752 lr=2.368e-06
[train] step=20314 loss=0.005529 lr=2.367e-06
[train] step=20315 loss=0.061797 lr=2.367e-06
[train] step=20316 loss=0.005180 lr=2.366e-06
[train] step=20317 loss=0.005874 lr=2.366e-06
[train] step=20318 loss=0.005260 lr=2.365e-06
[train] step=20319 loss=0.006391 lr=2.365e-06
[train] step=20320 loss=0.006903 lr=2.364e-06
[train] step=20321 loss=0.003644 lr=2.364e-06
[train] step=20322 loss=0.003763 lr=2.364e-06
[train] step=20323 loss=0.004560 lr=2.363e-06
[train] step=20324 loss=0.005006 lr=2.363e-06
[train] step=20325 loss=0.006405 lr=2.362e-06
[train] step=20326 loss=0.003196 lr=2.362e-06
[train] step=20327 loss=0.017051 lr=2.361e-06
[train] step=20328 loss=0.007306 lr=2.361e-06
[train] step=20329 loss=0.006813 lr=2.360e-06
[train] step=20330 loss=0.006948 lr=2.360e-06
[train] step=20331 loss=0.005950 lr=2.360e-06
[train] step=20332 loss=0.008910 lr=2.359e-06
[train] step=20333 loss=0.008999 lr=2.359e-06
[train] step=20334 loss=0.008563 lr=2.358e-06
[train] step=20335 loss=0.003113 lr=2.358e-06
[train] step=20336 loss=0.003979 lr=2.357e-06
[train] step=20337 loss=0.003644 lr=2.357e-06
[train] step=20338 loss=0.007677 lr=2.356e-06
[train] step=20339 loss=0.005930 lr=2.356e-06
[train] step=20340 loss=0.005876 lr=2.356e-06
[train] step=20341 loss=0.006164 lr=2.355e-06
[train] step=20342 loss=0.005820 lr=2.355e-06
[train] step=20343 loss=0.002812 lr=2.354e-06
[train] step=20344 loss=0.009185 lr=2.354e-06
[train] step=20345 loss=0.016613 lr=2.353e-06
[train] step=20346 loss=0.005820 lr=2.353e-06
[train] step=20347 loss=0.008975 lr=2.352e-06
[train] step=20348 loss=0.002156 lr=2.352e-06
[train] step=20349 loss=0.005324 lr=2.352e-06
[train] step=20350 loss=0.010200 lr=2.351e-06
[train] step=20351 loss=0.005369 lr=2.351e-06
[train] step=20352 loss=0.004543 lr=2.350e-06
[train] step=20353 loss=0.004946 lr=2.350e-06
[train] step=20354 loss=0.003927 lr=2.349e-06
[train] step=20355 loss=0.005713 lr=2.349e-06
[train] step=20356 loss=0.004832 lr=2.348e-06
[train] step=20357 loss=0.006272 lr=2.348e-06
[train] step=20358 loss=0.005571 lr=2.348e-06
[train] step=20359 loss=0.004302 lr=2.347e-06
[train] step=20360 loss=0.004980 lr=2.347e-06
[train] step=20361 loss=0.005930 lr=2.346e-06
[train] step=20362 loss=0.004722 lr=2.346e-06
[train] step=20363 loss=0.007805 lr=2.345e-06
[train] step=20364 loss=0.004809 lr=2.345e-06
[train] step=20365 loss=0.002561 lr=2.344e-06
[train] step=20366 loss=0.008313 lr=2.344e-06
[train] step=20367 loss=0.003256 lr=2.344e-06
[train] step=20368 loss=0.003898 lr=2.343e-06
[train] step=20369 loss=0.006000 lr=2.343e-06
[train] step=20370 loss=0.008978 lr=2.342e-06
[train] step=20371 loss=0.007280 lr=2.342e-06
[train] step=20372 loss=0.006320 lr=2.341e-06
[train] step=20373 loss=0.003800 lr=2.341e-06
[train] step=20374 loss=0.006044 lr=2.340e-06
[train] step=20375 loss=0.010576 lr=2.340e-06
[train] step=20376 loss=0.006407 lr=2.340e-06
[train] step=20377 loss=0.004673 lr=2.339e-06
[train] step=20378 loss=0.009557 lr=2.339e-06
[train] step=20379 loss=0.008606 lr=2.338e-06
[train] step=20380 loss=0.008077 lr=2.338e-06
[train] step=20381 loss=0.005111 lr=2.337e-06
[train] step=20382 loss=0.004018 lr=2.337e-06
[train] step=20383 loss=0.006017 lr=2.336e-06
[train] step=20384 loss=0.005342 lr=2.336e-06
[train] step=20385 loss=0.004553 lr=2.336e-06
[train] step=20386 loss=0.005730 lr=2.335e-06
[train] step=20387 loss=0.005383 lr=2.335e-06
[train] step=20388 loss=0.006230 lr=2.334e-06
[train] step=20389 loss=0.006427 lr=2.334e-06
[train] step=20390 loss=0.006757 lr=2.333e-06
[train] step=20391 loss=0.010360 lr=2.333e-06
[train] step=20392 loss=0.009308 lr=2.333e-06
[train] step=20393 loss=0.005595 lr=2.332e-06
[train] step=20394 loss=0.004238 lr=2.332e-06
[train] step=20395 loss=0.006565 lr=2.331e-06
[train] step=20396 loss=0.010242 lr=2.331e-06
[train] step=20397 loss=0.004666 lr=2.330e-06
[train] step=20398 loss=0.003725 lr=2.330e-06
[train] step=20399 loss=0.009877 lr=2.329e-06
[train] step=20400 loss=0.005763 lr=2.329e-06
[val] step=20400 val_loss=0.013775
INFO     [rank 0] Model weights for step 20400 saved in      dit_trainer.py:1288
         checkpoints/model_weights_step_20400.safetensors                       
INFO     [rank 0] Scalar embedding weights for step 20400    dit_trainer.py:1297
         saved                                                                  
INFO     [rank 0] Training state saved:                      dit_trainer.py:1416
         checkpoints/model_weights_step_20400.state.pt                          
DEBUG    [rank 0] Removed old checkpoint:                    dit_trainer.py:1429
         /local/disk/hramachandran/work/wh_work/windinet/dit                    
         _outputs/lundquist/dit_sds_untrained_30k/checkpoint                    
         s/model_weights_step_20160.safetensors                                 
DEBUG    [rank 0] Removed old checkpoint:                    dit_trainer.py:1429
         /local/disk/hramachandran/work/wh_work/windinet/dit                    
         _outputs/lundquist/dit_sds_untrained_30k/checkpoint                    
         s/scalar_embedding_step_20160.safetensors                              
DEBUG    [rank 0] Removed optimizer state for older kept     dit_trainer.py:1444
         checkpoint:                                                            
         /local/disk/hramachandran/work/wh_work/windinet/dit                    
         _outputs/lundquist/dit_sds_untrained_30k/checkpoint                    
         s/model_weights_step_20280.state.pt                                    
[epoch 170] step=20400 train_loss=0.007173 val_loss=0.013775
[train] step=20401 loss=0.005148 lr=2.329e-06
[train] step=20402 loss=0.009325 lr=2.328e-06
[train] step=20403 loss=0.009146 lr=2.328e-06
[train] step=20404 loss=0.006024 lr=2.327e-06
[train] step=20405 loss=0.024707 lr=2.327e-06
[train] step=20406 loss=0.008360 lr=2.326e-06
[train] step=20407 loss=0.006649 lr=2.326e-06
[train] step=20408 loss=0.010047 lr=2.325e-06
[train] step=20409 loss=0.015196 lr=2.325e-06
[train] step=20410 loss=0.005108 lr=2.325e-06
[train] step=20411 loss=0.003168 lr=2.324e-06
[train] step=20412 loss=0.004558 lr=2.324e-06
[train] step=20413 loss=0.004711 lr=2.323e-06
[train] step=20414 loss=0.004137 lr=2.323e-06
[train] step=20415 loss=0.006668 lr=2.322e-06
[train] step=20416 loss=0.011187 lr=2.322e-06
[train] step=20417 loss=0.005062 lr=2.321e-06
[train] step=20418 loss=0.008676 lr=2.321e-06
[train] step=20419 loss=0.004321 lr=2.321e-06
[train] step=20420 loss=0.004454 lr=2.320e-06
[train] step=20421 loss=0.005439 lr=2.320e-06
[train] step=20422 loss=0.017980 lr=2.319e-06
[train] step=20423 loss=0.004619 lr=2.319e-06
[train] step=20424 loss=0.004973 lr=2.318e-06
[train] step=20425 loss=0.012345 lr=2.318e-06
[train] step=20426 loss=0.005519 lr=2.318e-06
[train] step=20427 loss=0.005150 lr=2.317e-06
[train] step=20428 loss=0.002924 lr=2.317e-06
[train] step=20429 loss=0.007709 lr=2.316e-06
[train] step=20430 loss=0.009682 lr=2.316e-06
[train] step=20431 loss=0.006093 lr=2.315e-06
[train] step=20432 loss=0.007856 lr=2.315e-06
[train] step=20433 loss=0.003446 lr=2.314e-06
[train] step=20434 loss=0.005358 lr=2.314e-06
[train] step=20435 loss=0.002339 lr=2.314e-06
[train] step=20436 loss=0.004053 lr=2.313e-06
[train] step=20437 loss=0.004835 lr=2.313e-06
[train] step=20438 loss=0.004459 lr=2.312e-06
[train] step=20439 loss=0.004752 lr=2.312e-06
[train] step=20440 loss=0.007410 lr=2.311e-06
[train] step=20441 loss=0.016127 lr=2.311e-06
[train] step=20442 loss=0.006543 lr=2.310e-06
[train] step=20443 loss=0.003918 lr=2.310e-06
[train] step=20444 loss=0.005926 lr=2.310e-06
[train] step=20445 loss=0.043140 lr=2.309e-06
[train] step=20446 loss=0.005060 lr=2.309e-06
[train] step=20447 loss=0.007511 lr=2.308e-06
[train] step=20448 loss=0.004382 lr=2.308e-06
[train] step=20449 loss=0.005229 lr=2.307e-06
[train] step=20450 loss=0.005730 lr=2.307e-06
[train] step=20451 loss=0.003467 lr=2.306e-06
[train] step=20452 loss=0.005849 lr=2.306e-06
[train] step=20453 loss=0.007546 lr=2.306e-06
[train] step=20454 loss=0.004289 lr=2.305e-06
[train] step=20455 loss=0.010488 lr=2.305e-06
[train] step=20456 loss=0.008312 lr=2.304e-06
[train] step=20457 loss=0.004902 lr=2.304e-06
[train] step=20458 loss=0.005111 lr=2.303e-06
[train] step=20459 loss=0.005017 lr=2.303e-06
[train] step=20460 loss=0.005629 lr=2.303e-06
[train] step=20461 loss=0.010646 lr=2.302e-06
[train] step=20462 loss=0.005097 lr=2.302e-06
[train] step=20463 loss=0.005716 lr=2.301e-06
[train] step=20464 loss=0.007389 lr=2.301e-06
[train] step=20465 loss=0.004856 lr=2.300e-06
[train] step=20466 loss=0.016917 lr=2.300e-06
[train] step=20467 loss=0.011065 lr=2.299e-06
[train] step=20468 loss=0.007581 lr=2.299e-06
[train] step=20469 loss=0.021755 lr=2.299e-06
[train] step=20470 loss=0.004217 lr=2.298e-06
[train] step=20471 loss=0.008943 lr=2.298e-06
[train] step=20472 loss=0.006577 lr=2.297e-06
[train] step=20473 loss=0.013268 lr=2.297e-06
[train] step=20474 loss=0.006561 lr=2.296e-06
[train] step=20475 loss=0.004067 lr=2.296e-06
[train] step=20476 loss=0.005360 lr=2.296e-06
[train] step=20477 loss=0.005138 lr=2.295e-06
[train] step=20478 loss=0.017174 lr=2.295e-06
[train] step=20479 loss=0.004062 lr=2.294e-06
[train] step=20480 loss=0.004262 lr=2.294e-06
[train] step=20481 loss=0.010898 lr=2.293e-06
[train] step=20482 loss=0.005642 lr=2.293e-06
[train] step=20483 loss=0.005607 lr=2.292e-06
[train] step=20484 loss=0.010033 lr=2.292e-06
[train] step=20485 loss=0.002381 lr=2.292e-06
[train] step=20486 loss=0.004672 lr=2.291e-06
[train] step=20487 loss=0.003640 lr=2.291e-06
[train] step=20488 loss=0.006726 lr=2.290e-06
[train] step=20489 loss=0.007077 lr=2.290e-06
[train] step=20490 loss=0.011234 lr=2.289e-06
[train] step=20491 loss=0.006921 lr=2.289e-06
[train] step=20492 loss=0.003144 lr=2.288e-06
[train] step=20493 loss=0.004155 lr=2.288e-06
[train] step=20494 loss=0.003054 lr=2.288e-06
[train] step=20495 loss=0.010267 lr=2.287e-06
[train] step=20496 loss=0.007831 lr=2.287e-06
[train] step=20497 loss=0.006925 lr=2.286e-06
[train] step=20498 loss=0.008854 lr=2.286e-06
[train] step=20499 loss=0.005560 lr=2.285e-06
[train] step=20500 loss=0.003587 lr=2.285e-06
[train] step=20501 loss=0.010421 lr=2.285e-06
[train] step=20502 loss=0.004382 lr=2.284e-06
[train] step=20503 loss=0.002927 lr=2.284e-06
[train] step=20504 loss=0.012434 lr=2.283e-06
[train] step=20505 loss=0.008513 lr=2.283e-06
[train] step=20506 loss=0.005728 lr=2.282e-06
[train] step=20507 loss=0.003219 lr=2.282e-06
[train] step=20508 loss=0.006611 lr=2.281e-06
[train] step=20509 loss=0.011053 lr=2.281e-06
[train] step=20510 loss=0.004517 lr=2.281e-06
[train] step=20511 loss=0.004283 lr=2.280e-06
[train] step=20512 loss=0.002384 lr=2.280e-06
[train] step=20513 loss=0.005549 lr=2.279e-06
[train] step=20514 loss=0.008129 lr=2.279e-06
[train] step=20515 loss=0.003603 lr=2.278e-06
[train] step=20516 loss=0.005458 lr=2.278e-06
[train] step=20517 loss=0.006601 lr=2.278e-06
[train] step=20518 loss=0.008220 lr=2.277e-06
[train] step=20519 loss=0.003984 lr=2.277e-06
[train] step=20520 loss=0.012481 lr=2.276e-06
INFO     [rank 0] Model weights for step 20520 saved in      dit_trainer.py:1288
         checkpoints/model_weights_step_20520.safetensors                       
INFO     [rank 0] Scalar embedding weights for step 20520    dit_trainer.py:1297
         saved                                                                  
INFO     [rank 0] Training state saved:                      dit_trainer.py:1416
         checkpoints/model_weights_step_20520.state.pt                          
DEBUG    [rank 0] Removed old checkpoint:                    dit_trainer.py:1429
         /local/disk/hramachandran/work/wh_work/windinet/dit                    
         _outputs/lundquist/dit_sds_untrained_30k/checkpoint                    
         s/model_weights_step_20280.safetensors                                 
DEBUG    [rank 0] Removed old checkpoint:                    dit_trainer.py:1429
         /local/disk/hramachandran/work/wh_work/windinet/dit                    
         _outputs/lundquist/dit_sds_untrained_30k/checkpoint                    
         s/scalar_embedding_step_20280.safetensors                              
DEBUG    [rank 0] Removed optimizer state for older kept     dit_trainer.py:1444
         checkpoint:                                                            
         /local/disk/hramachandran/work/wh_work/windinet/dit                    
         _outputs/lundquist/dit_sds_untrained_30k/checkpoint                    
         s/model_weights_step_20400.state.pt                                    
[epoch 171] step=20520 train_loss=0.007253
[train] step=20521 loss=0.026295 lr=2.276e-06
[train] step=20522 loss=0.016291 lr=2.275e-06
[train] step=20523 loss=0.003414 lr=2.275e-06
[train] step=20524 loss=0.007205 lr=2.274e-06
[train] step=20525 loss=0.017703 lr=2.274e-06
[train] step=20526 loss=0.006219 lr=2.274e-06
[train] step=20527 loss=0.006003 lr=2.273e-06
[train] step=20528 loss=0.003509 lr=2.273e-06
[train] step=20529 loss=0.006659 lr=2.272e-06
[train] step=20530 loss=0.004624 lr=2.272e-06
[train] step=20531 loss=0.004691 lr=2.271e-06
[train] step=20532 loss=0.004580 lr=2.271e-06
[train] step=20533 loss=0.010955 lr=2.271e-06
[train] step=20534 loss=0.009595 lr=2.270e-06
[train] step=20535 loss=0.012639 lr=2.270e-06
[train] step=20536 loss=0.005790 lr=2.269e-06
[train] step=20537 loss=0.005045 lr=2.269e-06
[train] step=20538 loss=0.006064 lr=2.268e-06
[train] step=20539 loss=0.003737 lr=2.268e-06
[train] step=20540 loss=0.005593 lr=2.267e-06
[train] step=20541 loss=0.004588 lr=2.267e-06
[train] step=20542 loss=0.004546 lr=2.267e-06
[train] step=20543 loss=0.004853 lr=2.266e-06
[train] step=20544 loss=0.006419 lr=2.266e-06
[train] step=20545 loss=0.008581 lr=2.265e-06
[train] step=20546 loss=0.002837 lr=2.265e-06
[train] step=20547 loss=0.005983 lr=2.264e-06
[train] step=20548 loss=0.005852 lr=2.264e-06
[train] step=20549 loss=0.006752 lr=2.264e-06
[train] step=20550 loss=0.004683 lr=2.263e-06
[train] step=20551 loss=0.002947 lr=2.263e-06
[train] step=20552 loss=0.004414 lr=2.262e-06
[train] step=20553 loss=0.009904 lr=2.262e-06
[train] step=20554 loss=0.004174 lr=2.261e-06
[train] step=20555 loss=0.014977 lr=2.261e-06
[train] step=20556 loss=0.004074 lr=2.260e-06
[train] step=20557 loss=0.008340 lr=2.260e-06
[train] step=20558 loss=0.004958 lr=2.260e-06
[train] step=20559 loss=0.009871 lr=2.259e-06
[train] step=20560 loss=0.005542 lr=2.259e-06
[train] step=20561 loss=0.003436 lr=2.258e-06
[train] step=20562 loss=0.010264 lr=2.258e-06
[train] step=20563 loss=0.039964 lr=2.257e-06
[train] step=20564 loss=0.004430 lr=2.257e-06
[train] step=20565 loss=0.005241 lr=2.257e-06
[train] step=20566 loss=0.007989 lr=2.256e-06
[train] step=20567 loss=0.004402 lr=2.256e-06
[train] step=20568 loss=0.008041 lr=2.255e-06
[train] step=20569 loss=0.007038 lr=2.255e-06
[train] step=20570 loss=0.006488 lr=2.254e-06
[train] step=20571 loss=0.006812 lr=2.254e-06
[train] step=20572 loss=0.007926 lr=2.253e-06
[train] step=20573 loss=0.004300 lr=2.253e-06
[train] step=20574 loss=0.003714 lr=2.253e-06
[train] step=20575 loss=0.009418 lr=2.252e-06
[train] step=20576 loss=0.006175 lr=2.252e-06
[train] step=20577 loss=0.017559 lr=2.251e-06
[train] step=20578 loss=0.008600 lr=2.251e-06
[train] step=20579 loss=0.003226 lr=2.250e-06
[train] step=20580 loss=0.016019 lr=2.250e-06
[train] step=20581 loss=0.029815 lr=2.250e-06
[train] step=20582 loss=0.013806 lr=2.249e-06
[train] step=20583 loss=0.004628 lr=2.249e-06
[train] step=20584 loss=0.004588 lr=2.248e-06
[train] step=20585 loss=0.002752 lr=2.248e-06
[train] step=20586 loss=0.011536 lr=2.247e-06
[train] step=20587 loss=0.026175 lr=2.247e-06
[train] step=20588 loss=0.004352 lr=2.246e-06
[train] step=20589 loss=0.018922 lr=2.246e-06
[train] step=20590 loss=0.005956 lr=2.246e-06
[train] step=20591 loss=0.004777 lr=2.245e-06
[train] step=20592 loss=0.008286 lr=2.245e-06
[train] step=20593 loss=0.008288 lr=2.244e-06
[train] step=20594 loss=0.006108 lr=2.244e-06
[train] step=20595 loss=0.008425 lr=2.243e-06
[train] step=20596 loss=0.006234 lr=2.243e-06
[train] step=20597 loss=0.004885 lr=2.243e-06
[train] step=20598 loss=0.006311 lr=2.242e-06
[train] step=20599 loss=0.003540 lr=2.242e-06
[train] step=20600 loss=0.006799 lr=2.241e-06
[train] step=20601 loss=0.010641 lr=2.241e-06
[train] step=20602 loss=0.003309 lr=2.240e-06
[train] step=20603 loss=0.002301 lr=2.240e-06
[train] step=20604 loss=0.007719 lr=2.240e-06
[train] step=20605 loss=0.002814 lr=2.239e-06
[train] step=20606 loss=0.005922 lr=2.239e-06
[train] step=20607 loss=0.009601 lr=2.238e-06
[train] step=20608 loss=0.004038 lr=2.238e-06
[train] step=20609 loss=0.008023 lr=2.237e-06
[train] step=20610 loss=0.006129 lr=2.237e-06
[train] step=20611 loss=0.002882 lr=2.236e-06
[train] step=20612 loss=0.008484 lr=2.236e-06
[train] step=20613 loss=0.003964 lr=2.236e-06
[train] step=20614 loss=0.010604 lr=2.235e-06
[train] step=20615 loss=0.002650 lr=2.235e-06
[train] step=20616 loss=0.003979 lr=2.234e-06
[train] step=20617 loss=0.004358 lr=2.234e-06
[train] step=20618 loss=0.015498 lr=2.233e-06
[train] step=20619 loss=0.002290 lr=2.233e-06
[train] step=20620 loss=0.005567 lr=2.233e-06
[train] step=20621 loss=0.005134 lr=2.232e-06
[train] step=20622 loss=0.003371 lr=2.232e-06
[train] step=20623 loss=0.003824 lr=2.231e-06
[train] step=20624 loss=0.008056 lr=2.231e-06
[train] step=20625 loss=0.004370 lr=2.230e-06
[train] step=20626 loss=0.013345 lr=2.230e-06
[train] step=20627 loss=0.002769 lr=2.229e-06
[train] step=20628 loss=0.004136 lr=2.229e-06
[train] step=20629 loss=0.003823 lr=2.229e-06
[train] step=20630 loss=0.021113 lr=2.228e-06
[train] step=20631 loss=0.008086 lr=2.228e-06
[train] step=20632 loss=0.006297 lr=2.227e-06
[train] step=20633 loss=0.006286 lr=2.227e-06
[train] step=20634 loss=0.002635 lr=2.226e-06
[train] step=20635 loss=0.006480 lr=2.226e-06
[train] step=20636 loss=0.006666 lr=2.226e-06
[train] step=20637 loss=0.003366 lr=2.225e-06
[train] step=20638 loss=0.006497 lr=2.225e-06
[train] step=20639 loss=0.008325 lr=2.224e-06
[train] step=20640 loss=0.003769 lr=2.224e-06
INFO     [rank 0] Model weights for step 20640 saved in      dit_trainer.py:1288
         checkpoints/model_weights_step_20640.safetensors                       
INFO     [rank 0] Scalar embedding weights for step 20640    dit_trainer.py:1297
         saved                                                                  
INFO     [rank 0] Training state saved:                      dit_trainer.py:1416
         checkpoints/model_weights_step_20640.state.pt                          
DEBUG    [rank 0] Removed old checkpoint:                    dit_trainer.py:1429
         /local/disk/hramachandran/work/wh_work/windinet/dit                    
         _outputs/lundquist/dit_sds_untrained_30k/checkpoint                    
         s/model_weights_step_20400.safetensors                                 
DEBUG    [rank 0] Removed old checkpoint:                    dit_trainer.py:1429
         /local/disk/hramachandran/work/wh_work/windinet/dit                    
         _outputs/lundquist/dit_sds_untrained_30k/checkpoint                    
         s/scalar_embedding_step_20400.safetensors                              
DEBUG    [rank 0] Removed optimizer state for older kept     dit_trainer.py:1444
         checkpoint:                                                            
         /local/disk/hramachandran/work/wh_work/windinet/dit                    
         _outputs/lundquist/dit_sds_untrained_30k/checkpoint                    
         s/model_weights_step_20520.state.pt                                    
[epoch 172] step=20640 train_loss=0.007633
[train] step=20641 loss=0.005194 lr=2.223e-06
[train] step=20642 loss=0.007733 lr=2.223e-06
[train] step=20643 loss=0.016148 lr=2.223e-06
[train] step=20644 loss=0.004803 lr=2.222e-06
[train] step=20645 loss=0.005526 lr=2.222e-06
[train] step=20646 loss=0.011802 lr=2.221e-06
[train] step=20647 loss=0.004543 lr=2.221e-06
[train] step=20648 loss=0.005058 lr=2.220e-06
[train] step=20649 loss=0.008770 lr=2.220e-06
[train] step=20650 loss=0.005186 lr=2.219e-06
[train] step=20651 loss=0.006472 lr=2.219e-06
[train] step=20652 loss=0.005472 lr=2.219e-06
[train] step=20653 loss=0.013728 lr=2.218e-06
[train] step=20654 loss=0.017648 lr=2.218e-06
[train] step=20655 loss=0.005632 lr=2.217e-06
[train] step=20656 loss=0.007075 lr=2.217e-06
[train] step=20657 loss=0.004836 lr=2.216e-06
[train] step=20658 loss=0.005037 lr=2.216e-06
[train] step=20659 loss=0.006027 lr=2.216e-06
[train] step=20660 loss=0.009699 lr=2.215e-06
[train] step=20661 loss=0.004826 lr=2.215e-06
[train] step=20662 loss=0.008507 lr=2.214e-06
[train] step=20663 loss=0.014934 lr=2.214e-06
[train] step=20664 loss=0.003569 lr=2.213e-06
[train] step=20665 loss=0.015378 lr=2.213e-06
[train] step=20666 loss=0.016717 lr=2.213e-06
[train] step=20667 loss=0.013199 lr=2.212e-06
[train] step=20668 loss=0.006819 lr=2.212e-06
[train] step=20669 loss=0.003521 lr=2.211e-06
[train] step=20670 loss=0.002633 lr=2.211e-06
[train] step=20671 loss=0.008106 lr=2.210e-06
[train] step=20672 loss=0.005192 lr=2.210e-06
[train] step=20673 loss=0.006206 lr=2.210e-06
[train] step=20674 loss=0.004664 lr=2.209e-06
[train] step=20675 loss=0.005023 lr=2.209e-06
[train] step=20676 loss=0.003899 lr=2.208e-06
[train] step=20677 loss=0.009442 lr=2.208e-06
[train] step=20678 loss=0.009003 lr=2.207e-06
[train] step=20679 loss=0.003624 lr=2.207e-06
[train] step=20680 loss=0.004133 lr=2.206e-06
[train] step=20681 loss=0.004443 lr=2.206e-06
[train] step=20682 loss=0.004601 lr=2.206e-06
[train] step=20683 loss=0.005259 lr=2.205e-06
[train] step=20684 loss=0.002815 lr=2.205e-06
[train] step=20685 loss=0.002873 lr=2.204e-06
[train] step=20686 loss=0.010201 lr=2.204e-06
[train] step=20687 loss=0.005577 lr=2.203e-06
[train] step=20688 loss=0.003173 lr=2.203e-06
[train] step=20689 loss=0.008079 lr=2.203e-06
[train] step=20690 loss=0.005465 lr=2.202e-06
[train] step=20691 loss=0.015461 lr=2.202e-06
[train] step=20692 loss=0.007496 lr=2.201e-06
[train] step=20693 loss=0.005938 lr=2.201e-06
[train] step=20694 loss=0.009532 lr=2.200e-06
[train] step=20695 loss=0.008337 lr=2.200e-06
[train] step=20696 loss=0.006325 lr=2.200e-06
[train] step=20697 loss=0.006333 lr=2.199e-06
[train] step=20698 loss=0.005679 lr=2.199e-06
[train] step=20699 loss=0.004663 lr=2.198e-06
[train] step=20700 loss=0.005613 lr=2.198e-06
[train] step=20701 loss=0.010097 lr=2.197e-06
[train] step=20702 loss=0.005741 lr=2.197e-06
[train] step=20703 loss=0.007523 lr=2.197e-06
[train] step=20704 loss=0.004735 lr=2.196e-06
[train] step=20705 loss=0.007350 lr=2.196e-06
[train] step=20706 loss=0.003559 lr=2.195e-06
[train] step=20707 loss=0.007231 lr=2.195e-06
[train] step=20708 loss=0.006691 lr=2.194e-06
[train] step=20709 loss=0.003994 lr=2.194e-06
[train] step=20710 loss=0.005684 lr=2.194e-06
[train] step=20711 loss=0.004776 lr=2.193e-06
[train] step=20712 loss=0.004413 lr=2.193e-06
[train] step=20713 loss=0.006850 lr=2.192e-06
[train] step=20714 loss=0.004460 lr=2.192e-06
[train] step=20715 loss=0.006583 lr=2.191e-06
[train] step=20716 loss=0.008499 lr=2.191e-06
[train] step=20717 loss=0.007187 lr=2.190e-06
[train] step=20718 loss=0.002028 lr=2.190e-06
[train] step=20719 loss=0.032868 lr=2.190e-06
[train] step=20720 loss=0.005802 lr=2.189e-06
[train] step=20721 loss=0.002586 lr=2.189e-06
[train] step=20722 loss=0.013435 lr=2.188e-06
[train] step=20723 loss=0.003825 lr=2.188e-06
[train] step=20724 loss=0.004009 lr=2.187e-06
[train] step=20725 loss=0.002626 lr=2.187e-06
[train] step=20726 loss=0.007526 lr=2.187e-06
[train] step=20727 loss=0.003327 lr=2.186e-06
[train] step=20728 loss=0.004801 lr=2.186e-06
[train] step=20729 loss=0.004725 lr=2.185e-06
[train] step=20730 loss=0.005965 lr=2.185e-06
[train] step=20731 loss=0.006264 lr=2.184e-06
[train] step=20732 loss=0.002331 lr=2.184e-06
[train] step=20733 loss=0.004478 lr=2.184e-06
[train] step=20734 loss=0.004876 lr=2.183e-06
[train] step=20735 loss=0.015339 lr=2.183e-06
[train] step=20736 loss=0.009105 lr=2.182e-06
[train] step=20737 loss=0.003262 lr=2.182e-06
[train] step=20738 loss=0.022979 lr=2.181e-06
[train] step=20739 loss=0.007443 lr=2.181e-06
[train] step=20740 loss=0.005279 lr=2.181e-06
[train] step=20741 loss=0.011012 lr=2.180e-06
[train] step=20742 loss=0.013060 lr=2.180e-06
[train] step=20743 loss=0.004947 lr=2.179e-06
[train] step=20744 loss=0.007738 lr=2.179e-06
[train] step=20745 loss=0.003400 lr=2.178e-06
[train] step=20746 loss=0.003246 lr=2.178e-06
[train] step=20747 loss=0.002628 lr=2.178e-06
[train] step=20748 loss=0.007536 lr=2.177e-06
[train] step=20749 loss=0.003667 lr=2.177e-06
[train] step=20750 loss=0.007696 lr=2.176e-06
[train] step=20751 loss=0.006886 lr=2.176e-06
[train] step=20752 loss=0.004050 lr=2.175e-06
[train] step=20753 loss=0.005561 lr=2.175e-06
[train] step=20754 loss=0.004048 lr=2.175e-06
[train] step=20755 loss=0.011663 lr=2.174e-06
[train] step=20756 loss=0.006476 lr=2.174e-06
[train] step=20757 loss=0.005865 lr=2.173e-06
[train] step=20758 loss=0.005123 lr=2.173e-06
[train] step=20759 loss=0.005549 lr=2.172e-06
[train] step=20760 loss=0.004132 lr=2.172e-06
INFO     [rank 0] Model weights for step 20760 saved in      dit_trainer.py:1288
         checkpoints/model_weights_step_20760.safetensors                       
INFO     [rank 0] Scalar embedding weights for step 20760    dit_trainer.py:1297
         saved                                                                  
INFO     [rank 0] Training state saved:                      dit_trainer.py:1416
         checkpoints/model_weights_step_20760.state.pt                          
DEBUG    [rank 0] Removed old checkpoint:                    dit_trainer.py:1429
         /local/disk/hramachandran/work/wh_work/windinet/dit                    
         _outputs/lundquist/dit_sds_untrained_30k/checkpoint                    
         s/model_weights_step_20520.safetensors                                 
DEBUG    [rank 0] Removed old checkpoint:                    dit_trainer.py:1429
         /local/disk/hramachandran/work/wh_work/windinet/dit                    
         _outputs/lundquist/dit_sds_untrained_30k/checkpoint                    
         s/scalar_embedding_step_20520.safetensors                              
DEBUG    [rank 0] Removed optimizer state for older kept     dit_trainer.py:1444
         checkpoint:                                                            
         /local/disk/hramachandran/work/wh_work/windinet/dit                    
         _outputs/lundquist/dit_sds_untrained_30k/checkpoint                    
         s/model_weights_step_20640.state.pt                                    
[epoch 173] step=20760 train_loss=0.006982
[train] step=20761 loss=0.003468 lr=2.171e-06
[train] step=20762 loss=0.005300 lr=2.171e-06
[train] step=20763 loss=0.004245 lr=2.171e-06
[train] step=20764 loss=0.004437 lr=2.170e-06
[train] step=20765 loss=0.008060 lr=2.170e-06
[train] step=20766 loss=0.006587 lr=2.169e-06
[train] step=20767 loss=0.013137 lr=2.169e-06
[train] step=20768 loss=0.005839 lr=2.168e-06
[train] step=20769 loss=0.008739 lr=2.168e-06
[train] step=20770 loss=0.006565 lr=2.168e-06
[train] step=20771 loss=0.009314 lr=2.167e-06
[train] step=20772 loss=0.008958 lr=2.167e-06
[train] step=20773 loss=0.005458 lr=2.166e-06
[train] step=20774 loss=0.002815 lr=2.166e-06
[train] step=20775 loss=0.003420 lr=2.165e-06
[train] step=20776 loss=0.008240 lr=2.165e-06
[train] step=20777 loss=0.017152 lr=2.165e-06
[train] step=20778 loss=0.019274 lr=2.164e-06
[train] step=20779 loss=0.015774 lr=2.164e-06
[train] step=20780 loss=0.004737 lr=2.163e-06
[train] step=20781 loss=0.004604 lr=2.163e-06
[train] step=20782 loss=0.008130 lr=2.162e-06
[train] step=20783 loss=0.010510 lr=2.162e-06
[train] step=20784 loss=0.006732 lr=2.162e-06
[train] step=20785 loss=0.008576 lr=2.161e-06
[train] step=20786 loss=0.006664 lr=2.161e-06
[train] step=20787 loss=0.018499 lr=2.160e-06
[train] step=20788 loss=0.005802 lr=2.160e-06
[train] step=20789 loss=0.015537 lr=2.159e-06
[train] step=20790 loss=0.003929 lr=2.159e-06
[train] step=20791 loss=0.004687 lr=2.159e-06
[train] step=20792 loss=0.006291 lr=2.158e-06
[train] step=20793 loss=0.004859 lr=2.158e-06
[train] step=20794 loss=0.004958 lr=2.157e-06
[train] step=20795 loss=0.003018 lr=2.157e-06
[train] step=20796 loss=0.002534 lr=2.156e-06
[train] step=20797 loss=0.006279 lr=2.156e-06
[train] step=20798 loss=0.009105 lr=2.156e-06
[train] step=20799 loss=0.008189 lr=2.155e-06
[train] step=20800 loss=0.007813 lr=2.155e-06
[train] step=20801 loss=0.002227 lr=2.154e-06
[train] step=20802 loss=0.005938 lr=2.154e-06
[train] step=20803 loss=0.007785 lr=2.153e-06
[train] step=20804 loss=0.005013 lr=2.153e-06
[train] step=20805 loss=0.001982 lr=2.153e-06
[train] step=20806 loss=0.003484 lr=2.152e-06
[train] step=20807 loss=0.022616 lr=2.152e-06
[train] step=20808 loss=0.005590 lr=2.151e-06
[train] step=20809 loss=0.004596 lr=2.151e-06
[train] step=20810 loss=0.022441 lr=2.150e-06
[train] step=20811 loss=0.005376 lr=2.150e-06
[train] step=20812 loss=0.009755 lr=2.150e-06
[train] step=20813 loss=0.005490 lr=2.149e-06
[train] step=20814 loss=0.004742 lr=2.149e-06
[train] step=20815 loss=0.005134 lr=2.148e-06
[train] step=20816 loss=0.014020 lr=2.148e-06
[train] step=20817 loss=0.007584 lr=2.147e-06
[train] step=20818 loss=0.005944 lr=2.147e-06
[train] step=20819 loss=0.006299 lr=2.147e-06
[train] step=20820 loss=0.005501 lr=2.146e-06
[train] step=20821 loss=0.006758 lr=2.146e-06
[train] step=20822 loss=0.004413 lr=2.145e-06
[train] step=20823 loss=0.006544 lr=2.145e-06
[train] step=20824 loss=0.004046 lr=2.144e-06
[train] step=20825 loss=0.002560 lr=2.144e-06
[train] step=20826 loss=0.008294 lr=2.144e-06
[train] step=20827 loss=0.002796 lr=2.143e-06
[train] step=20828 loss=0.006965 lr=2.143e-06
[train] step=20829 loss=0.003404 lr=2.142e-06
[train] step=20830 loss=0.005280 lr=2.142e-06
[train] step=20831 loss=0.003636 lr=2.141e-06
[train] step=20832 loss=0.012165 lr=2.141e-06
[train] step=20833 loss=0.008416 lr=2.141e-06
[train] step=20834 loss=0.041922 lr=2.140e-06
[train] step=20835 loss=0.005688 lr=2.140e-06
[train] step=20836 loss=0.002536 lr=2.139e-06
[train] step=20837 loss=0.009615 lr=2.139e-06
[train] step=20838 loss=0.003946 lr=2.138e-06
[train] step=20839 loss=0.004097 lr=2.138e-06
[train] step=20840 loss=0.005003 lr=2.138e-06
[train] step=20841 loss=0.017176 lr=2.137e-06
[train] step=20842 loss=0.009295 lr=2.137e-06
[train] step=20843 loss=0.011345 lr=2.136e-06
[train] step=20844 loss=0.004559 lr=2.136e-06
[train] step=20845 loss=0.004467 lr=2.135e-06
[train] step=20846 loss=0.003955 lr=2.135e-06
[train] step=20847 loss=0.018464 lr=2.135e-06
[train] step=20848 loss=0.003969 lr=2.134e-06
[train] step=20849 loss=0.007739 lr=2.134e-06
[train] step=20850 loss=0.013613 lr=2.133e-06
[train] step=20851 loss=0.012083 lr=2.133e-06
[train] step=20852 loss=0.006559 lr=2.132e-06
[train] step=20853 loss=0.002804 lr=2.132e-06
[train] step=20854 loss=0.006301 lr=2.132e-06
[train] step=20855 loss=0.003014 lr=2.131e-06
[train] step=20856 loss=0.002797 lr=2.131e-06
[train] step=20857 loss=0.004143 lr=2.130e-06
[train] step=20858 loss=0.013667 lr=2.130e-06
[train] step=20859 loss=0.026390 lr=2.129e-06
[train] step=20860 loss=0.008225 lr=2.129e-06
[train] step=20861 loss=0.004251 lr=2.129e-06
[train] step=20862 loss=0.014260 lr=2.128e-06
[train] step=20863 loss=0.004616 lr=2.128e-06
[train] step=20864 loss=0.003438 lr=2.127e-06
[train] step=20865 loss=0.006200 lr=2.127e-06
[train] step=20866 loss=0.010966 lr=2.126e-06
[train] step=20867 loss=0.002434 lr=2.126e-06
[train] step=20868 loss=0.003587 lr=2.126e-06
[train] step=20869 loss=0.002119 lr=2.125e-06
[train] step=20870 loss=0.008709 lr=2.125e-06
[train] step=20871 loss=0.022928 lr=2.124e-06
[train] step=20872 loss=0.003333 lr=2.124e-06
[train] step=20873 loss=0.012133 lr=2.123e-06
[train] step=20874 loss=0.013722 lr=2.123e-06
[train] step=20875 loss=0.004531 lr=2.123e-06
[train] step=20876 loss=0.004580 lr=2.122e-06
[train] step=20877 loss=0.005055 lr=2.122e-06
[train] step=20878 loss=0.009409 lr=2.121e-06
[train] step=20879 loss=0.004121 lr=2.121e-06
[train] step=20880 loss=0.004530 lr=2.120e-06
INFO     [rank 0] Model weights for step 20880 saved in      dit_trainer.py:1288
         checkpoints/model_weights_step_20880.safetensors                       
INFO     [rank 0] Scalar embedding weights for step 20880    dit_trainer.py:1297
         saved                                                                  
INFO     [rank 0] Training state saved:                      dit_trainer.py:1416
         checkpoints/model_weights_step_20880.state.pt                          
DEBUG    [rank 0] Removed old checkpoint:                    dit_trainer.py:1429
         /local/disk/hramachandran/work/wh_work/windinet/dit                    
         _outputs/lundquist/dit_sds_untrained_30k/checkpoint                    
         s/model_weights_step_20640.safetensors                                 
DEBUG    [rank 0] Removed old checkpoint:                    dit_trainer.py:1429
         /local/disk/hramachandran/work/wh_work/windinet/dit                    
         _outputs/lundquist/dit_sds_untrained_30k/checkpoint                    
         s/scalar_embedding_step_20640.safetensors                              
DEBUG    [rank 0] Removed optimizer state for older kept     dit_trainer.py:1444
         checkpoint:                                                            
         /local/disk/hramachandran/work/wh_work/windinet/dit                    
         _outputs/lundquist/dit_sds_untrained_30k/checkpoint                    
         s/model_weights_step_20760.state.pt                                    
[epoch 174] step=20880 train_loss=0.007774
[train] step=20881 loss=0.012787 lr=2.120e-06
[train] step=20882 loss=0.010910 lr=2.120e-06
[train] step=20883 loss=0.004650 lr=2.119e-06
[train] step=20884 loss=0.004006 lr=2.119e-06
[train] step=20885 loss=0.005641 lr=2.118e-06
[train] step=20886 loss=0.007571 lr=2.118e-06
[train] step=20887 loss=0.008317 lr=2.117e-06
[train] step=20888 loss=0.003601 lr=2.117e-06
[train] step=20889 loss=0.015090 lr=2.117e-06
[train] step=20890 loss=0.040616 lr=2.116e-06
[train] step=20891 loss=0.004139 lr=2.116e-06
[train] step=20892 loss=0.005381 lr=2.115e-06
[train] step=20893 loss=0.006664 lr=2.115e-06
[train] step=20894 loss=0.003930 lr=2.114e-06
[train] step=20895 loss=0.014966 lr=2.114e-06
[train] step=20896 loss=0.004452 lr=2.114e-06
[train] step=20897 loss=0.004573 lr=2.113e-06
[train] step=20898 loss=0.006695 lr=2.113e-06
[train] step=20899 loss=0.004715 lr=2.112e-06
[train] step=20900 loss=0.003329 lr=2.112e-06
[train] step=20901 loss=0.007899 lr=2.111e-06
[train] step=20902 loss=0.003628 lr=2.111e-06
[train] step=20903 loss=0.005426 lr=2.111e-06
[train] step=20904 loss=0.002909 lr=2.110e-06
[train] step=20905 loss=0.004815 lr=2.110e-06
[train] step=20906 loss=0.012554 lr=2.109e-06
[train] step=20907 loss=0.006876 lr=2.109e-06
[train] step=20908 loss=0.006088 lr=2.109e-06
[train] step=20909 loss=0.004629 lr=2.108e-06
[train] step=20910 loss=0.017989 lr=2.108e-06
[train] step=20911 loss=0.006892 lr=2.107e-06
[train] step=20912 loss=0.004747 lr=2.107e-06
[train] step=20913 loss=0.003058 lr=2.106e-06
[train] step=20914 loss=0.007713 lr=2.106e-06
[train] step=20915 loss=0.002885 lr=2.106e-06
[train] step=20916 loss=0.005421 lr=2.105e-06
[train] step=20917 loss=0.008551 lr=2.105e-06
[train] step=20918 loss=0.005801 lr=2.104e-06
[train] step=20919 loss=0.003315 lr=2.104e-06
[train] step=20920 loss=0.004032 lr=2.103e-06
[train] step=20921 loss=0.003497 lr=2.103e-06
[train] step=20922 loss=0.007252 lr=2.103e-06
[train] step=20923 loss=0.006123 lr=2.102e-06
[train] step=20924 loss=0.011811 lr=2.102e-06
[train] step=20925 loss=0.009197 lr=2.101e-06
[train] step=20926 loss=0.008915 lr=2.101e-06
[train] step=20927 loss=0.007544 lr=2.100e-06
[train] step=20928 loss=0.005589 lr=2.100e-06
[train] step=20929 loss=0.004509 lr=2.100e-06
[train] step=20930 loss=0.005143 lr=2.099e-06
[train] step=20931 loss=0.005028 lr=2.099e-06
[train] step=20932 loss=0.004505 lr=2.098e-06
[train] step=20933 loss=0.003239 lr=2.098e-06
[train] step=20934 loss=0.008213 lr=2.097e-06
[train] step=20935 loss=0.004776 lr=2.097e-06
[train] step=20936 loss=0.041252 lr=2.097e-06
[train] step=20937 loss=0.008587 lr=2.096e-06
[train] step=20938 loss=0.003182 lr=2.096e-06
[train] step=20939 loss=0.006927 lr=2.095e-06
[train] step=20940 loss=0.004573 lr=2.095e-06
[train] step=20941 loss=0.005329 lr=2.094e-06
[train] step=20942 loss=0.006420 lr=2.094e-06
[train] step=20943 loss=0.003952 lr=2.094e-06
[train] step=20944 loss=0.009715 lr=2.093e-06
[train] step=20945 loss=0.005544 lr=2.093e-06
[train] step=20946 loss=0.017983 lr=2.092e-06
[train] step=20947 loss=0.012664 lr=2.092e-06
[train] step=20948 loss=0.005354 lr=2.091e-06
[train] step=20949 loss=0.005700 lr=2.091e-06
[train] step=20950 loss=0.003017 lr=2.091e-06
[train] step=20951 loss=0.021242 lr=2.090e-06
[train] step=20952 loss=0.004122 lr=2.090e-06
[train] step=20953 loss=0.007657 lr=2.089e-06
[train] step=20954 loss=0.019680 lr=2.089e-06
[train] step=20955 loss=0.003163 lr=2.089e-06
[train] step=20956 loss=0.005761 lr=2.088e-06
[train] step=20957 loss=0.025197 lr=2.088e-06
[train] step=20958 loss=0.003767 lr=2.087e-06
[train] step=20959 loss=0.007048 lr=2.087e-06
[train] step=20960 loss=0.007010 lr=2.086e-06
[train] step=20961 loss=0.006020 lr=2.086e-06
[train] step=20962 loss=0.013895 lr=2.086e-06
[train] step=20963 loss=0.005591 lr=2.085e-06
[train] step=20964 loss=0.010439 lr=2.085e-06
[train] step=20965 loss=0.005041 lr=2.084e-06
[train] step=20966 loss=0.002475 lr=2.084e-06
[train] step=20967 loss=0.002733 lr=2.083e-06
[train] step=20968 loss=0.009684 lr=2.083e-06
[train] step=20969 loss=0.010963 lr=2.083e-06
[train] step=20970 loss=0.010463 lr=2.082e-06
[train] step=20971 loss=0.005469 lr=2.082e-06
[train] step=20972 loss=0.006074 lr=2.081e-06
[train] step=20973 loss=0.008034 lr=2.081e-06
[train] step=20974 loss=0.007321 lr=2.080e-06
[train] step=20975 loss=0.002780 lr=2.080e-06
[train] step=20976 loss=0.004453 lr=2.080e-06
[train] step=20977 loss=0.010935 lr=2.079e-06
[train] step=20978 loss=0.009001 lr=2.079e-06
[train] step=20979 loss=0.006688 lr=2.078e-06
[train] step=20980 loss=0.003599 lr=2.078e-06
[train] step=20981 loss=0.009662 lr=2.077e-06
[train] step=20982 loss=0.003509 lr=2.077e-06
[train] step=20983 loss=0.005839 lr=2.077e-06
[train] step=20984 loss=0.005127 lr=2.076e-06
[train] step=20985 loss=0.004955 lr=2.076e-06
[train] step=20986 loss=0.007002 lr=2.075e-06
[train] step=20987 loss=0.007729 lr=2.075e-06
[train] step=20988 loss=0.003042 lr=2.075e-06
[train] step=20989 loss=0.010010 lr=2.074e-06
[train] step=20990 loss=0.005472 lr=2.074e-06
[train] step=20991 loss=0.007608 lr=2.073e-06
[train] step=20992 loss=0.006406 lr=2.073e-06
[train] step=20993 loss=0.014793 lr=2.072e-06
[train] step=20994 loss=0.005327 lr=2.072e-06
[train] step=20995 loss=0.016478 lr=2.072e-06
[train] step=20996 loss=0.006298 lr=2.071e-06
[train] step=20997 loss=0.002438 lr=2.071e-06
[train] step=20998 loss=0.008238 lr=2.070e-06
[train] step=20999 loss=0.008924 lr=2.070e-06
[train] step=21000 loss=0.003109 lr=2.069e-06
[val] step=21000 val_loss=0.013875
INFO     [rank 0] Model weights for step 21000 saved in      dit_trainer.py:1288
         checkpoints/model_weights_step_21000.safetensors                       
INFO     [rank 0] Scalar embedding weights for step 21000    dit_trainer.py:1297
         saved                                                                  
INFO     [rank 0] Training state saved:                      dit_trainer.py:1416
         checkpoints/model_weights_step_21000.state.pt                          
DEBUG    [rank 0] Removed old checkpoint:                    dit_trainer.py:1429
         /local/disk/hramachandran/work/wh_work/windinet/dit                    
         _outputs/lundquist/dit_sds_untrained_30k/checkpoint                    
         s/model_weights_step_20760.safetensors                                 
DEBUG    [rank 0] Removed old checkpoint:                    dit_trainer.py:1429
         /local/disk/hramachandran/work/wh_work/windinet/dit                    
         _outputs/lundquist/dit_sds_untrained_30k/checkpoint                    
         s/scalar_embedding_step_20760.safetensors                              
DEBUG    [rank 0] Removed optimizer state for older kept     dit_trainer.py:1444
         checkpoint:                                                            
         /local/disk/hramachandran/work/wh_work/windinet/dit                    
         _outputs/lundquist/dit_sds_untrained_30k/checkpoint                    
         s/model_weights_step_20880.state.pt                                    
[epoch 175] step=21000 train_loss=0.007687 val_loss=0.013875
[train] step=21001 loss=0.014852 lr=2.069e-06
[train] step=21002 loss=0.006080 lr=2.069e-06
[train] step=21003 loss=0.005231 lr=2.068e-06
[train] step=21004 loss=0.009304 lr=2.068e-06
[train] step=21005 loss=0.006842 lr=2.067e-06
[train] step=21006 loss=0.003544 lr=2.067e-06
[train] step=21007 loss=0.004501 lr=2.066e-06
[train] step=21008 loss=0.037339 lr=2.066e-06
[train] step=21009 loss=0.004092 lr=2.066e-06
[train] step=21010 loss=0.017118 lr=2.065e-06
[train] step=21011 loss=0.006760 lr=2.065e-06
[train] step=21012 loss=0.008380 lr=2.064e-06
[train] step=21013 loss=0.003600 lr=2.064e-06
[train] step=21014 loss=0.004217 lr=2.064e-06
[train] step=21015 loss=0.012582 lr=2.063e-06
[train] step=21016 loss=0.003652 lr=2.063e-06
[train] step=21017 loss=0.004298 lr=2.062e-06
[train] step=21018 loss=0.008316 lr=2.062e-06
[train] step=21019 loss=0.006019 lr=2.061e-06
[train] step=21020 loss=0.004939 lr=2.061e-06
[train] step=21021 loss=0.006001 lr=2.061e-06
[train] step=21022 loss=0.002044 lr=2.060e-06
[train] step=21023 loss=0.004898 lr=2.060e-06
[train] step=21024 loss=0.006331 lr=2.059e-06
[train] step=21025 loss=0.003529 lr=2.059e-06
[train] step=21026 loss=0.004899 lr=2.058e-06
[train] step=21027 loss=0.004148 lr=2.058e-06
[train] step=21028 loss=0.003790 lr=2.058e-06
[train] step=21029 loss=0.004217 lr=2.057e-06
[train] step=21030 loss=0.004496 lr=2.057e-06
[train] step=21031 loss=0.010585 lr=2.056e-06
[train] step=21032 loss=0.004950 lr=2.056e-06
[train] step=21033 loss=0.002527 lr=2.055e-06
[train] step=21034 loss=0.008262 lr=2.055e-06
[train] step=21035 loss=0.004295 lr=2.055e-06
[train] step=21036 loss=0.009125 lr=2.054e-06
[train] step=21037 loss=0.012726 lr=2.054e-06
[train] step=21038 loss=0.008862 lr=2.053e-06
[train] step=21039 loss=0.003911 lr=2.053e-06
[train] step=21040 loss=0.006921 lr=2.053e-06
[train] step=21041 loss=0.007365 lr=2.052e-06
[train] step=21042 loss=0.004692 lr=2.052e-06
[train] step=21043 loss=0.009569 lr=2.051e-06
[train] step=21044 loss=0.007723 lr=2.051e-06
[train] step=21045 loss=0.006315 lr=2.050e-06
[train] step=21046 loss=0.009402 lr=2.050e-06
[train] step=21047 loss=0.008564 lr=2.050e-06
[train] step=21048 loss=0.002914 lr=2.049e-06
[train] step=21049 loss=0.011921 lr=2.049e-06
[train] step=21050 loss=0.007539 lr=2.048e-06
[train] step=21051 loss=0.006316 lr=2.048e-06
[train] step=21052 loss=0.005071 lr=2.047e-06
[train] step=21053 loss=0.004156 lr=2.047e-06
[train] step=21054 loss=0.005369 lr=2.047e-06
[train] step=21055 loss=0.008185 lr=2.046e-06
[train] step=21056 loss=0.007234 lr=2.046e-06
[train] step=21057 loss=0.009143 lr=2.045e-06
[train] step=21058 loss=0.007162 lr=2.045e-06
[train] step=21059 loss=0.005734 lr=2.045e-06
[train] step=21060 loss=0.006939 lr=2.044e-06
[train] step=21061 loss=0.005345 lr=2.044e-06
[train] step=21062 loss=0.005214 lr=2.043e-06
[train] step=21063 loss=0.010529 lr=2.043e-06
[train] step=21064 loss=0.006547 lr=2.042e-06
[train] step=21065 loss=0.005343 lr=2.042e-06
[train] step=21066 loss=0.005509 lr=2.042e-06
[train] step=21067 loss=0.007169 lr=2.041e-06
[train] step=21068 loss=0.004678 lr=2.041e-06
[train] step=21069 loss=0.004997 lr=2.040e-06
[train] step=21070 loss=0.011053 lr=2.040e-06
[train] step=21071 loss=0.004545 lr=2.039e-06
[train] step=21072 loss=0.004971 lr=2.039e-06
[train] step=21073 loss=0.003264 lr=2.039e-06
[train] step=21074 loss=0.005561 lr=2.038e-06
[train] step=21075 loss=0.004860 lr=2.038e-06
[train] step=21076 loss=0.006880 lr=2.037e-06
[train] step=21077 loss=0.006732 lr=2.037e-06
[train] step=21078 loss=0.003366 lr=2.037e-06
[train] step=21079 loss=0.005663 lr=2.036e-06
[train] step=21080 loss=0.011282 lr=2.036e-06
[train] step=21081 loss=0.005019 lr=2.035e-06
[train] step=21082 loss=0.019006 lr=2.035e-06
[train] step=21083 loss=0.004750 lr=2.034e-06
[train] step=21084 loss=0.014643 lr=2.034e-06
[train] step=21085 loss=0.004429 lr=2.034e-06
[train] step=21086 loss=0.016721 lr=2.033e-06
[train] step=21087 loss=0.006811 lr=2.033e-06
[train] step=21088 loss=0.005317 lr=2.032e-06
[train] step=21089 loss=0.005101 lr=2.032e-06
[train] step=21090 loss=0.005626 lr=2.031e-06
[train] step=21091 loss=0.012652 lr=2.031e-06
[train] step=21092 loss=0.003977 lr=2.031e-06
[train] step=21093 loss=0.008146 lr=2.030e-06
[train] step=21094 loss=0.006006 lr=2.030e-06
[train] step=21095 loss=0.005173 lr=2.029e-06
[train] step=21096 loss=0.008236 lr=2.029e-06
[train] step=21097 loss=0.003849 lr=2.029e-06
[train] step=21098 loss=0.006143 lr=2.028e-06
[train] step=21099 loss=0.002527 lr=2.028e-06
[train] step=21100 loss=0.009567 lr=2.027e-06
[train] step=21101 loss=0.003087 lr=2.027e-06
[train] step=21102 loss=0.007310 lr=2.026e-06
[train] step=21103 loss=0.010806 lr=2.026e-06
[train] step=21104 loss=0.002480 lr=2.026e-06
[train] step=21105 loss=0.009105 lr=2.025e-06
[train] step=21106 loss=0.006113 lr=2.025e-06
[train] step=21107 loss=0.007531 lr=2.024e-06
[train] step=21108 loss=0.004404 lr=2.024e-06
[train] step=21109 loss=0.007430 lr=2.023e-06
[train] step=21110 loss=0.010181 lr=2.023e-06
[train] step=21111 loss=0.003668 lr=2.023e-06
[train] step=21112 loss=0.016591 lr=2.022e-06
[train] step=21113 loss=0.004214 lr=2.022e-06
[train] step=21114 loss=0.007721 lr=2.021e-06
[train] step=21115 loss=0.004838 lr=2.021e-06
[train] step=21116 loss=0.004018 lr=2.021e-06
[train] step=21117 loss=0.005362 lr=2.020e-06
[train] step=21118 loss=0.008554 lr=2.020e-06
[train] step=21119 loss=0.004321 lr=2.019e-06
[train] step=21120 loss=0.031387 lr=2.019e-06
INFO     [rank 0] Model weights for step 21120 saved in      dit_trainer.py:1288
         checkpoints/model_weights_step_21120.safetensors                       
INFO     [rank 0] Scalar embedding weights for step 21120    dit_trainer.py:1297
         saved                                                                  
INFO     [rank 0] Training state saved:                      dit_trainer.py:1416
         checkpoints/model_weights_step_21120.state.pt                          
DEBUG    [rank 0] Removed old checkpoint:                    dit_trainer.py:1429
         /local/disk/hramachandran/work/wh_work/windinet/dit                    
         _outputs/lundquist/dit_sds_untrained_30k/checkpoint                    
         s/model_weights_step_20880.safetensors                                 
DEBUG    [rank 0] Removed old checkpoint:                    dit_trainer.py:1429
         /local/disk/hramachandran/work/wh_work/windinet/dit                    
         _outputs/lundquist/dit_sds_untrained_30k/checkpoint                    
         s/scalar_embedding_step_20880.safetensors                              
DEBUG    [rank 0] Removed optimizer state for older kept     dit_trainer.py:1444
         checkpoint:                                                            
         /local/disk/hramachandran/work/wh_work/windinet/dit                    
         _outputs/lundquist/dit_sds_untrained_30k/checkpoint                    
         s/model_weights_step_21000.state.pt                                    
[epoch 176] step=21120 train_loss=0.006980
[train] step=21121 loss=0.005824 lr=2.018e-06
[train] step=21122 loss=0.003288 lr=2.018e-06
[train] step=21123 loss=0.003126 lr=2.018e-06
[train] step=21124 loss=0.003507 lr=2.017e-06
[train] step=21125 loss=0.005403 lr=2.017e-06
[train] step=21126 loss=0.007413 lr=2.016e-06
[train] step=21127 loss=0.002829 lr=2.016e-06
[train] step=21128 loss=0.004199 lr=2.016e-06
[train] step=21129 loss=0.006562 lr=2.015e-06
[train] step=21130 loss=0.006668 lr=2.015e-06
[train] step=21131 loss=0.005895 lr=2.014e-06
[train] step=21132 loss=0.003129 lr=2.014e-06
[train] step=21133 loss=0.004750 lr=2.013e-06
[train] step=21134 loss=0.004357 lr=2.013e-06
[train] step=21135 loss=0.003523 lr=2.013e-06
[train] step=21136 loss=0.005313 lr=2.012e-06
[train] step=21137 loss=0.003008 lr=2.012e-06
[train] step=21138 loss=0.004526 lr=2.011e-06
[train] step=21139 loss=0.013040 lr=2.011e-06
[train] step=21140 loss=0.006835 lr=2.011e-06
[train] step=21141 loss=0.005431 lr=2.010e-06
[train] step=21142 loss=0.002488 lr=2.010e-06
[train] step=21143 loss=0.004865 lr=2.009e-06
[train] step=21144 loss=0.008666 lr=2.009e-06
[train] step=21145 loss=0.004167 lr=2.008e-06
[train] step=21146 loss=0.026680 lr=2.008e-06
[train] step=21147 loss=0.004542 lr=2.008e-06
[train] step=21148 loss=0.005447 lr=2.007e-06
[train] step=21149 loss=0.005916 lr=2.007e-06
[train] step=21150 loss=0.003903 lr=2.006e-06
[train] step=21151 loss=0.005162 lr=2.006e-06
[train] step=21152 loss=0.004505 lr=2.005e-06
[train] step=21153 loss=0.009070 lr=2.005e-06
[train] step=21154 loss=0.007440 lr=2.005e-06
[train] step=21155 loss=0.003841 lr=2.004e-06
[train] step=21156 loss=0.004020 lr=2.004e-06
[train] step=21157 loss=0.017019 lr=2.003e-06
[train] step=21158 loss=0.004392 lr=2.003e-06
[train] step=21159 loss=0.007878 lr=2.003e-06
[train] step=21160 loss=0.015361 lr=2.002e-06
[train] step=21161 loss=0.034271 lr=2.002e-06
[train] step=21162 loss=0.003229 lr=2.001e-06
[train] step=21163 loss=0.008991 lr=2.001e-06
[train] step=21164 loss=0.007006 lr=2.000e-06
[train] step=21165 loss=0.006202 lr=2.000e-06
[train] step=21166 loss=0.005036 lr=2.000e-06
[train] step=21167 loss=0.002791 lr=1.999e-06
[train] step=21168 loss=0.008776 lr=1.999e-06
[train] step=21169 loss=0.003289 lr=1.998e-06
[train] step=21170 loss=0.012419 lr=1.998e-06
[train] step=21171 loss=0.004344 lr=1.998e-06
[train] step=21172 loss=0.010367 lr=1.997e-06
[train] step=21173 loss=0.005520 lr=1.997e-06
[train] step=21174 loss=0.005872 lr=1.996e-06
[train] step=21175 loss=0.003875 lr=1.996e-06
[train] step=21176 loss=0.004405 lr=1.995e-06
[train] step=21177 loss=0.009191 lr=1.995e-06
[train] step=21178 loss=0.004981 lr=1.995e-06
[train] step=21179 loss=0.006512 lr=1.994e-06
[train] step=21180 loss=0.005330 lr=1.994e-06
[train] step=21181 loss=0.006335 lr=1.993e-06
[train] step=21182 loss=0.007921 lr=1.993e-06
[train] step=21183 loss=0.004339 lr=1.993e-06
[train] step=21184 loss=0.005055 lr=1.992e-06
[train] step=21185 loss=0.005918 lr=1.992e-06
[train] step=21186 loss=0.003706 lr=1.991e-06
[train] step=21187 loss=0.005831 lr=1.991e-06
[train] step=21188 loss=0.004142 lr=1.990e-06
[train] step=21189 loss=0.007181 lr=1.990e-06
[train] step=21190 loss=0.006029 lr=1.990e-06
[train] step=21191 loss=0.002992 lr=1.989e-06
[train] step=21192 loss=0.010271 lr=1.989e-06
[train] step=21193 loss=0.004675 lr=1.988e-06
[train] step=21194 loss=0.005518 lr=1.988e-06
[train] step=21195 loss=0.004513 lr=1.988e-06
[train] step=21196 loss=0.004024 lr=1.987e-06
[train] step=21197 loss=0.005661 lr=1.987e-06
[train] step=21198 loss=0.012646 lr=1.986e-06
[train] step=21199 loss=0.003699 lr=1.986e-06
[train] step=21200 loss=0.007588 lr=1.985e-06
[train] step=21201 loss=0.006189 lr=1.985e-06
[train] step=21202 loss=0.007039 lr=1.985e-06
[train] step=21203 loss=0.005396 lr=1.984e-06
[train] step=21204 loss=0.016667 lr=1.984e-06
[train] step=21205 loss=0.006753 lr=1.983e-06
[train] step=21206 loss=0.006848 lr=1.983e-06
[train] step=21207 loss=0.039375 lr=1.983e-06
[train] step=21208 loss=0.013924 lr=1.982e-06
[train] step=21209 loss=0.009728 lr=1.982e-06
[train] step=21210 loss=0.011609 lr=1.981e-06
[train] step=21211 loss=0.005048 lr=1.981e-06
[train] step=21212 loss=0.004744 lr=1.980e-06
[train] step=21213 loss=0.018294 lr=1.980e-06
[train] step=21214 loss=0.002836 lr=1.980e-06
[train] step=21215 loss=0.011606 lr=1.979e-06
[train] step=21216 loss=0.004588 lr=1.979e-06
[train] step=21217 loss=0.003864 lr=1.978e-06
[train] step=21218 loss=0.006132 lr=1.978e-06
[train] step=21219 loss=0.004581 lr=1.978e-06
[train] step=21220 loss=0.003960 lr=1.977e-06
[train] step=21221 loss=0.008752 lr=1.977e-06
[train] step=21222 loss=0.009934 lr=1.976e-06
[train] step=21223 loss=0.003403 lr=1.976e-06
[train] step=21224 loss=0.003578 lr=1.975e-06
[train] step=21225 loss=0.007785 lr=1.975e-06
[train] step=21226 loss=0.007593 lr=1.975e-06
[train] step=21227 loss=0.006475 lr=1.974e-06
[train] step=21228 loss=0.007378 lr=1.974e-06
[train] step=21229 loss=0.007390 lr=1.973e-06
[train] step=21230 loss=0.003661 lr=1.973e-06
[train] step=21231 loss=0.008826 lr=1.973e-06
[train] step=21232 loss=0.003633 lr=1.972e-06
[train] step=21233 loss=0.003679 lr=1.972e-06
[train] step=21234 loss=0.010325 lr=1.971e-06
[train] step=21235 loss=0.002768 lr=1.971e-06
[train] step=21236 loss=0.003231 lr=1.970e-06
[train] step=21237 loss=0.003761 lr=1.970e-06
[train] step=21238 loss=0.006700 lr=1.970e-06
[train] step=21239 loss=0.002645 lr=1.969e-06
[train] step=21240 loss=0.006701 lr=1.969e-06
INFO     [rank 0] Model weights for step 21240 saved in      dit_trainer.py:1288
         checkpoints/model_weights_step_21240.safetensors                       
INFO     [rank 0] Scalar embedding weights for step 21240    dit_trainer.py:1297
         saved                                                                  
INFO     [rank 0] Training state saved:                      dit_trainer.py:1416
         checkpoints/model_weights_step_21240.state.pt                          
DEBUG    [rank 0] Removed old checkpoint:                    dit_trainer.py:1429
         /local/disk/hramachandran/work/wh_work/windinet/dit                    
         _outputs/lundquist/dit_sds_untrained_30k/checkpoint                    
         s/model_weights_step_21000.safetensors                                 
DEBUG    [rank 0] Removed old checkpoint:                    dit_trainer.py:1429
         /local/disk/hramachandran/work/wh_work/windinet/dit                    
         _outputs/lundquist/dit_sds_untrained_30k/checkpoint                    
         s/scalar_embedding_step_21000.safetensors                              
DEBUG    [rank 0] Removed optimizer state for older kept     dit_trainer.py:1444
         checkpoint:                                                            
         /local/disk/hramachandran/work/wh_work/windinet/dit                    
         _outputs/lundquist/dit_sds_untrained_30k/checkpoint                    
         s/model_weights_step_21120.state.pt                                    
[epoch 177] step=21240 train_loss=0.007138
[train] step=21241 loss=0.011929 lr=1.968e-06
[train] step=21242 loss=0.007060 lr=1.968e-06
[train] step=21243 loss=0.003840 lr=1.968e-06
[train] step=21244 loss=0.003575 lr=1.967e-06
[train] step=21245 loss=0.005270 lr=1.967e-06
[train] step=21246 loss=0.004330 lr=1.966e-06
[train] step=21247 loss=0.008177 lr=1.966e-06
[train] step=21248 loss=0.005057 lr=1.965e-06
[train] step=21249 loss=0.005019 lr=1.965e-06
[train] step=21250 loss=0.006666 lr=1.965e-06
[train] step=21251 loss=0.008895 lr=1.964e-06
[train] step=21252 loss=0.005652 lr=1.964e-06
[train] step=21253 loss=0.005070 lr=1.963e-06
[train] step=21254 loss=0.004659 lr=1.963e-06
[train] step=21255 loss=0.005648 lr=1.963e-06
[train] step=21256 loss=0.005442 lr=1.962e-06
[train] step=21257 loss=0.004171 lr=1.962e-06
[train] step=21258 loss=0.004294 lr=1.961e-06
[train] step=21259 loss=0.005289 lr=1.961e-06
[train] step=21260 loss=0.004190 lr=1.961e-06
[train] step=21261 loss=0.003549 lr=1.960e-06
[train] step=21262 loss=0.004018 lr=1.960e-06
[train] step=21263 loss=0.007314 lr=1.959e-06
[train] step=21264 loss=0.005141 lr=1.959e-06
[train] step=21265 loss=0.006498 lr=1.958e-06
[train] step=21266 loss=0.003495 lr=1.958e-06
[train] step=21267 loss=0.003449 lr=1.958e-06
[train] step=21268 loss=0.004277 lr=1.957e-06
[train] step=21269 loss=0.006316 lr=1.957e-06
[train] step=21270 loss=0.006240 lr=1.956e-06
[train] step=21271 loss=0.003230 lr=1.956e-06
[train] step=21272 loss=0.004317 lr=1.956e-06
[train] step=21273 loss=0.002485 lr=1.955e-06
[train] step=21274 loss=0.003454 lr=1.955e-06
[train] step=21275 loss=0.003892 lr=1.954e-06
[train] step=21276 loss=0.004804 lr=1.954e-06
[train] step=21277 loss=0.006226 lr=1.953e-06
[train] step=21278 loss=0.007614 lr=1.953e-06
[train] step=21279 loss=0.003551 lr=1.953e-06
[train] step=21280 loss=0.003426 lr=1.952e-06
[train] step=21281 loss=0.004159 lr=1.952e-06
[train] step=21282 loss=0.007740 lr=1.951e-06
[train] step=21283 loss=0.017000 lr=1.951e-06
[train] step=21284 loss=0.006237 lr=1.951e-06
[train] step=21285 loss=0.003678 lr=1.950e-06
[train] step=21286 loss=0.006859 lr=1.950e-06
[train] step=21287 loss=0.007725 lr=1.949e-06
[train] step=21288 loss=0.011902 lr=1.949e-06
[train] step=21289 loss=0.003999 lr=1.948e-06
[train] step=21290 loss=0.017604 lr=1.948e-06
[train] step=21291 loss=0.011458 lr=1.948e-06
[train] step=21292 loss=0.005957 lr=1.947e-06
[train] step=21293 loss=0.006732 lr=1.947e-06
[train] step=21294 loss=0.004887 lr=1.946e-06
[train] step=21295 loss=0.003363 lr=1.946e-06
[train] step=21296 loss=0.007730 lr=1.946e-06
[train] step=21297 loss=0.005348 lr=1.945e-06
[train] step=21298 loss=0.006991 lr=1.945e-06
[train] step=21299 loss=0.006510 lr=1.944e-06
[train] step=21300 loss=0.006661 lr=1.944e-06
[train] step=21301 loss=0.004247 lr=1.944e-06
[train] step=21302 loss=0.004490 lr=1.943e-06
[train] step=21303 loss=0.004397 lr=1.943e-06
[train] step=21304 loss=0.003892 lr=1.942e-06
[train] step=21305 loss=0.007509 lr=1.942e-06
[train] step=21306 loss=0.004622 lr=1.941e-06
[train] step=21307 loss=0.009673 lr=1.941e-06
[train] step=21308 loss=0.004717 lr=1.941e-06
[train] step=21309 loss=0.006083 lr=1.940e-06
[train] step=21310 loss=0.048367 lr=1.940e-06
[train] step=21311 loss=0.004369 lr=1.939e-06
[train] step=21312 loss=0.003882 lr=1.939e-06
[train] step=21313 loss=0.003932 lr=1.939e-06
[train] step=21314 loss=0.006639 lr=1.938e-06
[train] step=21315 loss=0.004502 lr=1.938e-06
[train] step=21316 loss=0.007364 lr=1.937e-06
[train] step=21317 loss=0.003816 lr=1.937e-06
[train] step=21318 loss=0.011753 lr=1.937e-06
[train] step=21319 loss=0.005796 lr=1.936e-06
[train] step=21320 loss=0.003336 lr=1.936e-06
[train] step=21321 loss=0.003993 lr=1.935e-06
[train] step=21322 loss=0.006138 lr=1.935e-06
[train] step=21323 loss=0.010638 lr=1.934e-06
[train] step=21324 loss=0.004711 lr=1.934e-06
[train] step=21325 loss=0.006178 lr=1.934e-06
[train] step=21326 loss=0.006671 lr=1.933e-06
[train] step=21327 loss=0.004417 lr=1.933e-06
[train] step=21328 loss=0.005024 lr=1.932e-06
[train] step=21329 loss=0.007181 lr=1.932e-06
[train] step=21330 loss=0.005143 lr=1.932e-06
[train] step=21331 loss=0.009360 lr=1.931e-06
[train] step=21332 loss=0.010430 lr=1.931e-06
[train] step=21333 loss=0.011555 lr=1.930e-06
[train] step=21334 loss=0.015336 lr=1.930e-06
[train] step=21335 loss=0.007504 lr=1.929e-06
[train] step=21336 loss=0.005243 lr=1.929e-06
[train] step=21337 loss=0.010473 lr=1.929e-06
[train] step=21338 loss=0.003263 lr=1.928e-06
[train] step=21339 loss=0.011827 lr=1.928e-06
[train] step=21340 loss=0.004616 lr=1.927e-06
[train] step=21341 loss=0.005926 lr=1.927e-06
[train] step=21342 loss=0.005585 lr=1.927e-06
[train] step=21343 loss=0.007498 lr=1.926e-06
[train] step=21344 loss=0.005695 lr=1.926e-06
[train] step=21345 loss=0.010644 lr=1.925e-06
[train] step=21346 loss=0.006316 lr=1.925e-06
[train] step=21347 loss=0.014968 lr=1.925e-06
[train] step=21348 loss=0.005289 lr=1.924e-06
[train] step=21349 loss=0.006561 lr=1.924e-06
[train] step=21350 loss=0.008735 lr=1.923e-06
[train] step=21351 loss=0.014824 lr=1.923e-06
[train] step=21352 loss=0.007635 lr=1.922e-06
[train] step=21353 loss=0.007488 lr=1.922e-06
[train] step=21354 loss=0.007770 lr=1.922e-06
[train] step=21355 loss=0.012828 lr=1.921e-06
[train] step=21356 loss=0.017082 lr=1.921e-06
[train] step=21357 loss=0.005049 lr=1.920e-06
[train] step=21358 loss=0.004285 lr=1.920e-06
[train] step=21359 loss=0.004166 lr=1.920e-06
[train] step=21360 loss=0.008419 lr=1.919e-06
INFO     [rank 0] Model weights for step 21360 saved in      dit_trainer.py:1288
         checkpoints/model_weights_step_21360.safetensors                       
INFO     [rank 0] Scalar embedding weights for step 21360    dit_trainer.py:1297
         saved                                                                  
INFO     [rank 0] Training state saved:                      dit_trainer.py:1416
         checkpoints/model_weights_step_21360.state.pt                          
DEBUG    [rank 0] Removed old checkpoint:                    dit_trainer.py:1429
         /local/disk/hramachandran/work/wh_work/windinet/dit                    
         _outputs/lundquist/dit_sds_untrained_30k/checkpoint                    
         s/model_weights_step_21120.safetensors                                 
DEBUG    [rank 0] Removed old checkpoint:                    dit_trainer.py:1429
         /local/disk/hramachandran/work/wh_work/windinet/dit                    
         _outputs/lundquist/dit_sds_untrained_30k/checkpoint                    
         s/scalar_embedding_step_21120.safetensors                              
DEBUG    [rank 0] Removed optimizer state for older kept     dit_trainer.py:1444
         checkpoint:                                                            
         /local/disk/hramachandran/work/wh_work/windinet/dit                    
         _outputs/lundquist/dit_sds_untrained_30k/checkpoint                    
         s/model_weights_step_21240.state.pt                                    
[epoch 178] step=21360 train_loss=0.006902
[train] step=21361 loss=0.003929 lr=1.919e-06
[train] step=21362 loss=0.004905 lr=1.918e-06
[train] step=21363 loss=0.005303 lr=1.918e-06
[train] step=21364 loss=0.006513 lr=1.918e-06
[train] step=21365 loss=0.011288 lr=1.917e-06
[train] step=21366 loss=0.015893 lr=1.917e-06
[train] step=21367 loss=0.002896 lr=1.916e-06
[train] step=21368 loss=0.034953 lr=1.916e-06
[train] step=21369 loss=0.009379 lr=1.916e-06
[train] step=21370 loss=0.009760 lr=1.915e-06
[train] step=21371 loss=0.020604 lr=1.915e-06
[train] step=21372 loss=0.003965 lr=1.914e-06
[train] step=21373 loss=0.004678 lr=1.914e-06
[train] step=21374 loss=0.003477 lr=1.913e-06
[train] step=21375 loss=0.004372 lr=1.913e-06
[train] step=21376 loss=0.006147 lr=1.913e-06
[train] step=21377 loss=0.004041 lr=1.912e-06
[train] step=21378 loss=0.012085 lr=1.912e-06
[train] step=21379 loss=0.003900 lr=1.911e-06
[train] step=21380 loss=0.012829 lr=1.911e-06
[train] step=21381 loss=0.002733 lr=1.911e-06
[train] step=21382 loss=0.006646 lr=1.910e-06
[train] step=21383 loss=0.004782 lr=1.910e-06
[train] step=21384 loss=0.004353 lr=1.909e-06
[train] step=21385 loss=0.006592 lr=1.909e-06
[train] step=21386 loss=0.002719 lr=1.909e-06
[train] step=21387 loss=0.006922 lr=1.908e-06
[train] step=21388 loss=0.005528 lr=1.908e-06
[train] step=21389 loss=0.005187 lr=1.907e-06
[train] step=21390 loss=0.004953 lr=1.907e-06
[train] step=21391 loss=0.007399 lr=1.906e-06
[train] step=21392 loss=0.004243 lr=1.906e-06
[train] step=21393 loss=0.003914 lr=1.906e-06
[train] step=21394 loss=0.003776 lr=1.905e-06
[train] step=21395 loss=0.004355 lr=1.905e-06
[train] step=21396 loss=0.010318 lr=1.904e-06
[train] step=21397 loss=0.006560 lr=1.904e-06
[train] step=21398 loss=0.006015 lr=1.904e-06
[train] step=21399 loss=0.004158 lr=1.903e-06
[train] step=21400 loss=0.004347 lr=1.903e-06
[train] step=21401 loss=0.023110 lr=1.902e-06
[train] step=21402 loss=0.010969 lr=1.902e-06
[train] step=21403 loss=0.011177 lr=1.902e-06
[train] step=21404 loss=0.004761 lr=1.901e-06
[train] step=21405 loss=0.006621 lr=1.901e-06
[train] step=21406 loss=0.001800 lr=1.900e-06
[train] step=21407 loss=0.007857 lr=1.900e-06
[train] step=21408 loss=0.003331 lr=1.899e-06
[train] step=21409 loss=0.004646 lr=1.899e-06
[train] step=21410 loss=0.007282 lr=1.899e-06
[train] step=21411 loss=0.007336 lr=1.898e-06
[train] step=21412 loss=0.008561 lr=1.898e-06
[train] step=21413 loss=0.005078 lr=1.897e-06
[train] step=21414 loss=0.040419 lr=1.897e-06
[train] step=21415 loss=0.006504 lr=1.897e-06
[train] step=21416 loss=0.003761 lr=1.896e-06
[train] step=21417 loss=0.003935 lr=1.896e-06
[train] step=21418 loss=0.022652 lr=1.895e-06
[train] step=21419 loss=0.004772 lr=1.895e-06
[train] step=21420 loss=0.005151 lr=1.895e-06
[train] step=21421 loss=0.006250 lr=1.894e-06
[train] step=21422 loss=0.005798 lr=1.894e-06
[train] step=21423 loss=0.007328 lr=1.893e-06
[train] step=21424 loss=0.008491 lr=1.893e-06
[train] step=21425 loss=0.003661 lr=1.893e-06
[train] step=21426 loss=0.009506 lr=1.892e-06
[train] step=21427 loss=0.005799 lr=1.892e-06
[train] step=21428 loss=0.003977 lr=1.891e-06
[train] step=21429 loss=0.004499 lr=1.891e-06
[train] step=21430 loss=0.005666 lr=1.890e-06
[train] step=21431 loss=0.004889 lr=1.890e-06
[train] step=21432 loss=0.009889 lr=1.890e-06
[train] step=21433 loss=0.009586 lr=1.889e-06
[train] step=21434 loss=0.004880 lr=1.889e-06
[train] step=21435 loss=0.005246 lr=1.888e-06
[train] step=21436 loss=0.002256 lr=1.888e-06
[train] step=21437 loss=0.005153 lr=1.888e-06
[train] step=21438 loss=0.003334 lr=1.887e-06
[train] step=21439 loss=0.010420 lr=1.887e-06
[train] step=21440 loss=0.002726 lr=1.886e-06
[train] step=21441 loss=0.007913 lr=1.886e-06
[train] step=21442 loss=0.006459 lr=1.886e-06
[train] step=21443 loss=0.006310 lr=1.885e-06
[train] step=21444 loss=0.009114 lr=1.885e-06
[train] step=21445 loss=0.005507 lr=1.884e-06
[train] step=21446 loss=0.011726 lr=1.884e-06
[train] step=21447 loss=0.006348 lr=1.884e-06
[train] step=21448 loss=0.010014 lr=1.883e-06
[train] step=21449 loss=0.003196 lr=1.883e-06
[train] step=21450 loss=0.005201 lr=1.882e-06
[train] step=21451 loss=0.005313 lr=1.882e-06
[train] step=21452 loss=0.004380 lr=1.882e-06
[train] step=21453 loss=0.006801 lr=1.881e-06
[train] step=21454 loss=0.004556 lr=1.881e-06
[train] step=21455 loss=0.005749 lr=1.880e-06
[train] step=21456 loss=0.007796 lr=1.880e-06
[train] step=21457 loss=0.019163 lr=1.879e-06
[train] step=21458 loss=0.016419 lr=1.879e-06
[train] step=21459 loss=0.005255 lr=1.879e-06
[train] step=21460 loss=0.005683 lr=1.878e-06
[train] step=21461 loss=0.003096 lr=1.878e-06
[train] step=21462 loss=0.005379 lr=1.877e-06
[train] step=21463 loss=0.003675 lr=1.877e-06
[train] step=21464 loss=0.008326 lr=1.877e-06
[train] step=21465 loss=0.003487 lr=1.876e-06
[train] step=21466 loss=0.006449 lr=1.876e-06
[train] step=21467 loss=0.003856 lr=1.875e-06
[train] step=21468 loss=0.002556 lr=1.875e-06
[train] step=21469 loss=0.009270 lr=1.875e-06
[train] step=21470 loss=0.006723 lr=1.874e-06
[train] step=21471 loss=0.004099 lr=1.874e-06
[train] step=21472 loss=0.003968 lr=1.873e-06
[train] step=21473 loss=0.010724 lr=1.873e-06
[train] step=21474 loss=0.008157 lr=1.873e-06
[train] step=21475 loss=0.005128 lr=1.872e-06
[train] step=21476 loss=0.007850 lr=1.872e-06
[train] step=21477 loss=0.004590 lr=1.871e-06
[train] step=21478 loss=0.013332 lr=1.871e-06
[train] step=21479 loss=0.004762 lr=1.870e-06
[train] step=21480 loss=0.003299 lr=1.870e-06
INFO     [rank 0] Model weights for step 21480 saved in      dit_trainer.py:1288
         checkpoints/model_weights_step_21480.safetensors                       
INFO     [rank 0] Scalar embedding weights for step 21480    dit_trainer.py:1297
         saved                                                                  
INFO     [rank 0] Training state saved:                      dit_trainer.py:1416
         checkpoints/model_weights_step_21480.state.pt                          
DEBUG    [rank 0] Removed old checkpoint:                    dit_trainer.py:1429
         /local/disk/hramachandran/work/wh_work/windinet/dit                    
         _outputs/lundquist/dit_sds_untrained_30k/checkpoint                    
         s/model_weights_step_21240.safetensors                                 
DEBUG    [rank 0] Removed old checkpoint:                    dit_trainer.py:1429
         /local/disk/hramachandran/work/wh_work/windinet/dit                    
         _outputs/lundquist/dit_sds_untrained_30k/checkpoint                    
         s/scalar_embedding_step_21240.safetensors                              
DEBUG    [rank 0] Removed optimizer state for older kept     dit_trainer.py:1444
         checkpoint:                                                            
         /local/disk/hramachandran/work/wh_work/windinet/dit                    
         _outputs/lundquist/dit_sds_untrained_30k/checkpoint                    
         s/model_weights_step_21360.state.pt                                    
[epoch 179] step=21480 train_loss=0.007269
[train] step=21481 loss=0.011866 lr=1.870e-06
[train] step=21482 loss=0.005281 lr=1.869e-06
[train] step=21483 loss=0.010420 lr=1.869e-06
[train] step=21484 loss=0.003876 lr=1.868e-06
[train] step=21485 loss=0.005454 lr=1.868e-06
[train] step=21486 loss=0.004305 lr=1.868e-06
[train] step=21487 loss=0.005003 lr=1.867e-06
[train] step=21488 loss=0.007974 lr=1.867e-06
[train] step=21489 loss=0.007822 lr=1.866e-06
[train] step=21490 loss=0.004469 lr=1.866e-06
[train] step=21491 loss=0.015476 lr=1.866e-06
[train] step=21492 loss=0.007291 lr=1.865e-06
[train] step=21493 loss=0.002197 lr=1.865e-06
[train] step=21494 loss=0.011313 lr=1.864e-06
[train] step=21495 loss=0.003245 lr=1.864e-06
[train] step=21496 loss=0.015494 lr=1.864e-06
[train] step=21497 loss=0.007863 lr=1.863e-06
[train] step=21498 loss=0.003663 lr=1.863e-06
[train] step=21499 loss=0.009118 lr=1.862e-06
[train] step=21500 loss=0.006589 lr=1.862e-06
[train] step=21501 loss=0.020973 lr=1.862e-06
[train] step=21502 loss=0.005909 lr=1.861e-06
[train] step=21503 loss=0.007031 lr=1.861e-06
[train] step=21504 loss=0.003067 lr=1.860e-06
[train] step=21505 loss=0.006059 lr=1.860e-06
[train] step=21506 loss=0.004848 lr=1.860e-06
[train] step=21507 loss=0.007371 lr=1.859e-06
[train] step=21508 loss=0.008193 lr=1.859e-06
[train] step=21509 loss=0.008689 lr=1.858e-06
[train] step=21510 loss=0.014613 lr=1.858e-06
[train] step=21511 loss=0.010377 lr=1.857e-06
[train] step=21512 loss=0.002536 lr=1.857e-06
[train] step=21513 loss=0.008458 lr=1.857e-06
[train] step=21514 loss=0.008316 lr=1.856e-06
[train] step=21515 loss=0.004130 lr=1.856e-06
[train] step=21516 loss=0.009788 lr=1.855e-06
[train] step=21517 loss=0.005343 lr=1.855e-06
[train] step=21518 loss=0.005106 lr=1.855e-06
[train] step=21519 loss=0.008543 lr=1.854e-06
[train] step=21520 loss=0.017240 lr=1.854e-06
[train] step=21521 loss=0.010245 lr=1.853e-06
[train] step=21522 loss=0.004552 lr=1.853e-06
[train] step=21523 loss=0.016057 lr=1.853e-06
[train] step=21524 loss=0.010390 lr=1.852e-06
[train] step=21525 loss=0.011133 lr=1.852e-06
[train] step=21526 loss=0.011872 lr=1.851e-06
[train] step=21527 loss=0.003103 lr=1.851e-06
[train] step=21528 loss=0.006630 lr=1.851e-06
[train] step=21529 loss=0.005594 lr=1.850e-06
[train] step=21530 loss=0.005341 lr=1.850e-06
[train] step=21531 loss=0.002319 lr=1.849e-06
[train] step=21532 loss=0.009718 lr=1.849e-06
[train] step=21533 loss=0.008370 lr=1.849e-06
[train] step=21534 loss=0.004957 lr=1.848e-06
[train] step=21535 loss=0.004173 lr=1.848e-06
[train] step=21536 loss=0.003366 lr=1.847e-06
[train] step=21537 loss=0.005275 lr=1.847e-06
[train] step=21538 loss=0.004163 lr=1.847e-06
[train] step=21539 loss=0.006889 lr=1.846e-06
[train] step=21540 loss=0.004326 lr=1.846e-06
[train] step=21541 loss=0.003641 lr=1.845e-06
[train] step=21542 loss=0.015226 lr=1.845e-06
[train] step=21543 loss=0.009805 lr=1.845e-06
[train] step=21544 loss=0.004811 lr=1.844e-06
[train] step=21545 loss=0.002206 lr=1.844e-06
[train] step=21546 loss=0.002445 lr=1.843e-06
[train] step=21547 loss=0.003511 lr=1.843e-06
[train] step=21548 loss=0.009457 lr=1.842e-06
[train] step=21549 loss=0.006050 lr=1.842e-06
[train] step=21550 loss=0.006859 lr=1.842e-06
[train] step=21551 loss=0.003285 lr=1.841e-06
[train] step=21552 loss=0.006699 lr=1.841e-06
[train] step=21553 loss=0.003460 lr=1.840e-06
[train] step=21554 loss=0.015464 lr=1.840e-06
[train] step=21555 loss=0.001732 lr=1.840e-06
[train] step=21556 loss=0.015295 lr=1.839e-06
[train] step=21557 loss=0.006478 lr=1.839e-06
[train] step=21558 loss=0.004463 lr=1.838e-06
[train] step=21559 loss=0.005238 lr=1.838e-06
[train] step=21560 loss=0.004495 lr=1.838e-06
[train] step=21561 loss=0.005418 lr=1.837e-06
[train] step=21562 loss=0.006161 lr=1.837e-06
[train] step=21563 loss=0.004360 lr=1.836e-06
[train] step=21564 loss=0.003464 lr=1.836e-06
[train] step=21565 loss=0.022948 lr=1.836e-06
[train] step=21566 loss=0.007780 lr=1.835e-06
[train] step=21567 loss=0.003431 lr=1.835e-06
[train] step=21568 loss=0.005400 lr=1.834e-06
[train] step=21569 loss=0.004115 lr=1.834e-06
[train] step=21570 loss=0.002444 lr=1.834e-06
[train] step=21571 loss=0.004614 lr=1.833e-06
[train] step=21572 loss=0.014303 lr=1.833e-06
[train] step=21573 loss=0.004742 lr=1.832e-06
[train] step=21574 loss=0.005432 lr=1.832e-06
[train] step=21575 loss=0.010155 lr=1.832e-06
[train] step=21576 loss=0.004428 lr=1.831e-06
[train] step=21577 loss=0.008357 lr=1.831e-06
[train] step=21578 loss=0.005115 lr=1.830e-06
[train] step=21579 loss=0.007039 lr=1.830e-06
[train] step=21580 loss=0.007145 lr=1.830e-06
[train] step=21581 loss=0.003841 lr=1.829e-06
[train] step=21582 loss=0.010869 lr=1.829e-06
[train] step=21583 loss=0.004195 lr=1.828e-06
[train] step=21584 loss=0.008615 lr=1.828e-06
[train] step=21585 loss=0.006652 lr=1.828e-06
[train] step=21586 loss=0.003496 lr=1.827e-06
[train] step=21587 loss=0.006466 lr=1.827e-06
[train] step=21588 loss=0.005203 lr=1.826e-06
[train] step=21589 loss=0.004472 lr=1.826e-06
[train] step=21590 loss=0.004053 lr=1.826e-06
[train] step=21591 loss=0.009125 lr=1.825e-06
[train] step=21592 loss=0.004403 lr=1.825e-06
[train] step=21593 loss=0.004882 lr=1.824e-06
[train] step=21594 loss=0.006058 lr=1.824e-06
[train] step=21595 loss=0.003916 lr=1.823e-06
[train] step=21596 loss=0.046125 lr=1.823e-06
[train] step=21597 loss=0.005409 lr=1.823e-06
[train] step=21598 loss=0.005545 lr=1.822e-06
[train] step=21599 loss=0.009723 lr=1.822e-06
[train] step=21600 loss=0.004415 lr=1.821e-06
[val] step=21600 val_loss=0.014016
INFO     [rank 0] Model weights for step 21600 saved in      dit_trainer.py:1288
         checkpoints/model_weights_step_21600.safetensors                       
INFO     [rank 0] Scalar embedding weights for step 21600    dit_trainer.py:1297
         saved                                                                  
INFO     [rank 0] Training state saved:                      dit_trainer.py:1416
         checkpoints/model_weights_step_21600.state.pt                          
DEBUG    [rank 0] Removed old checkpoint:                    dit_trainer.py:1429
         /local/disk/hramachandran/work/wh_work/windinet/dit                    
         _outputs/lundquist/dit_sds_untrained_30k/checkpoint                    
         s/model_weights_step_21360.safetensors                                 
DEBUG    [rank 0] Removed old checkpoint:                    dit_trainer.py:1429
         /local/disk/hramachandran/work/wh_work/windinet/dit                    
         _outputs/lundquist/dit_sds_untrained_30k/checkpoint                    
         s/scalar_embedding_step_21360.safetensors                              
DEBUG    [rank 0] Removed optimizer state for older kept     dit_trainer.py:1444
         checkpoint:                                                            
         /local/disk/hramachandran/work/wh_work/windinet/dit                    
         _outputs/lundquist/dit_sds_untrained_30k/checkpoint                    
         s/model_weights_step_21480.state.pt                                    
[epoch 180] step=21600 train_loss=0.007313 val_loss=0.014016
[train] step=21601 loss=0.003118 lr=1.821e-06
[train] step=21602 loss=0.003548 lr=1.821e-06
[train] step=21603 loss=0.003973 lr=1.820e-06
[train] step=21604 loss=0.003946 lr=1.820e-06
[train] step=21605 loss=0.008231 lr=1.819e-06
[train] step=21606 loss=0.003555 lr=1.819e-06
[train] step=21607 loss=0.007995 lr=1.819e-06
[train] step=21608 loss=0.003424 lr=1.818e-06
[train] step=21609 loss=0.011222 lr=1.818e-06
[train] step=21610 loss=0.005086 lr=1.817e-06
[train] step=21611 loss=0.003582 lr=1.817e-06
[train] step=21612 loss=0.005510 lr=1.817e-06
[train] step=21613 loss=0.008568 lr=1.816e-06
[train] step=21614 loss=0.005454 lr=1.816e-06
[train] step=21615 loss=0.003575 lr=1.815e-06
[train] step=21616 loss=0.003671 lr=1.815e-06
[train] step=21617 loss=0.004240 lr=1.815e-06
[train] step=21618 loss=0.029902 lr=1.814e-06
[train] step=21619 loss=0.005503 lr=1.814e-06
[train] step=21620 loss=0.005104 lr=1.813e-06
[train] step=21621 loss=0.013625 lr=1.813e-06
[train] step=21622 loss=0.004900 lr=1.813e-06
[train] step=21623 loss=0.015865 lr=1.812e-06
[train] step=21624 loss=0.005275 lr=1.812e-06
[train] step=21625 loss=0.003713 lr=1.811e-06
[train] step=21626 loss=0.007068 lr=1.811e-06
[train] step=21627 loss=0.005326 lr=1.811e-06
[train] step=21628 loss=0.022543 lr=1.810e-06
[train] step=21629 loss=0.004116 lr=1.810e-06
[train] step=21630 loss=0.007859 lr=1.809e-06
[train] step=21631 loss=0.019337 lr=1.809e-06
[train] step=21632 loss=0.004351 lr=1.809e-06
[train] step=21633 loss=0.008726 lr=1.808e-06
[train] step=21634 loss=0.007201 lr=1.808e-06
[train] step=21635 loss=0.005863 lr=1.807e-06
[train] step=21636 loss=0.010713 lr=1.807e-06
[train] step=21637 loss=0.005604 lr=1.807e-06
[train] step=21638 loss=0.005357 lr=1.806e-06
[train] step=21639 loss=0.002272 lr=1.806e-06
[train] step=21640 loss=0.009623 lr=1.805e-06
[train] step=21641 loss=0.007891 lr=1.805e-06
[train] step=21642 loss=0.004442 lr=1.805e-06
[train] step=21643 loss=0.015856 lr=1.804e-06
[train] step=21644 loss=0.005896 lr=1.804e-06
[train] step=21645 loss=0.007412 lr=1.803e-06
[train] step=21646 loss=0.009122 lr=1.803e-06
[train] step=21647 loss=0.004424 lr=1.803e-06
[train] step=21648 loss=0.008288 lr=1.802e-06
[train] step=21649 loss=0.005248 lr=1.802e-06
[train] step=21650 loss=0.010126 lr=1.801e-06
[train] step=21651 loss=0.010226 lr=1.801e-06
[train] step=21652 loss=0.005760 lr=1.801e-06
[train] step=21653 loss=0.004948 lr=1.800e-06
[train] step=21654 loss=0.008884 lr=1.800e-06
[train] step=21655 loss=0.003311 lr=1.799e-06
[train] step=21656 loss=0.005791 lr=1.799e-06
[train] step=21657 loss=0.009353 lr=1.799e-06
[train] step=21658 loss=0.007745 lr=1.798e-06
[train] step=21659 loss=0.003836 lr=1.798e-06
[train] step=21660 loss=0.005608 lr=1.797e-06
[train] step=21661 loss=0.009848 lr=1.797e-06
[train] step=21662 loss=0.004495 lr=1.797e-06
[train] step=21663 loss=0.019588 lr=1.796e-06
[train] step=21664 loss=0.007752 lr=1.796e-06
[train] step=21665 loss=0.007815 lr=1.795e-06
[train] step=21666 loss=0.007818 lr=1.795e-06
[train] step=21667 loss=0.007613 lr=1.795e-06
[train] step=21668 loss=0.007236 lr=1.794e-06
[train] step=21669 loss=0.004207 lr=1.794e-06
[train] step=21670 loss=0.003270 lr=1.793e-06
[train] step=21671 loss=0.002631 lr=1.793e-06
[train] step=21672 loss=0.003565 lr=1.793e-06
[train] step=21673 loss=0.005342 lr=1.792e-06
[train] step=21674 loss=0.006183 lr=1.792e-06
[train] step=21675 loss=0.004866 lr=1.791e-06
[train] step=21676 loss=0.010143 lr=1.791e-06
[train] step=21677 loss=0.005046 lr=1.791e-06
[train] step=21678 loss=0.014842 lr=1.790e-06
[train] step=21679 loss=0.017549 lr=1.790e-06
[train] step=21680 loss=0.012259 lr=1.789e-06
[train] step=21681 loss=0.006780 lr=1.789e-06
[train] step=21682 loss=0.010434 lr=1.789e-06
[train] step=21683 loss=0.004215 lr=1.788e-06
[train] step=21684 loss=0.003712 lr=1.788e-06
[train] step=21685 loss=0.004019 lr=1.787e-06
[train] step=21686 loss=0.011640 lr=1.787e-06
[train] step=21687 loss=0.006945 lr=1.787e-06
[train] step=21688 loss=0.006197 lr=1.786e-06
[train] step=21689 loss=0.003388 lr=1.786e-06
[train] step=21690 loss=0.006169 lr=1.785e-06
[train] step=21691 loss=0.012843 lr=1.785e-06
[train] step=21692 loss=0.004792 lr=1.785e-06
[train] step=21693 loss=0.008668 lr=1.784e-06
[train] step=21694 loss=0.006088 lr=1.784e-06
[train] step=21695 loss=0.002198 lr=1.783e-06
[train] step=21696 loss=0.002734 lr=1.783e-06
[train] step=21697 loss=0.009320 lr=1.783e-06
[train] step=21698 loss=0.004123 lr=1.782e-06
[train] step=21699 loss=0.003829 lr=1.782e-06
[train] step=21700 loss=0.006522 lr=1.781e-06
[train] step=21701 loss=0.004587 lr=1.781e-06
[train] step=21702 loss=0.006394 lr=1.781e-06
[train] step=21703 loss=0.003382 lr=1.780e-06
[train] step=21704 loss=0.006659 lr=1.780e-06
[train] step=21705 loss=0.003527 lr=1.779e-06
[train] step=21706 loss=0.033226 lr=1.779e-06
[train] step=21707 loss=0.010288 lr=1.779e-06
[train] step=21708 loss=0.027548 lr=1.778e-06
[train] step=21709 loss=0.007906 lr=1.778e-06
[train] step=21710 loss=0.005696 lr=1.777e-06
[train] step=21711 loss=0.007637 lr=1.777e-06
[train] step=21712 loss=0.013970 lr=1.777e-06
[train] step=21713 loss=0.006225 lr=1.776e-06
[train] step=21714 loss=0.001777 lr=1.776e-06
[train] step=21715 loss=0.013236 lr=1.775e-06
[train] step=21716 loss=0.005779 lr=1.775e-06
[train] step=21717 loss=0.002442 lr=1.775e-06
[train] step=21718 loss=0.004028 lr=1.774e-06
[train] step=21719 loss=0.014194 lr=1.774e-06
[train] step=21720 loss=0.005200 lr=1.773e-06
INFO     [rank 0] Model weights for step 21720 saved in      dit_trainer.py:1288
         checkpoints/model_weights_step_21720.safetensors                       
INFO     [rank 0] Scalar embedding weights for step 21720    dit_trainer.py:1297
         saved                                                                  
INFO     [rank 0] Training state saved:                      dit_trainer.py:1416
         checkpoints/model_weights_step_21720.state.pt                          
DEBUG    [rank 0] Removed old checkpoint:                    dit_trainer.py:1429
         /local/disk/hramachandran/work/wh_work/windinet/dit                    
         _outputs/lundquist/dit_sds_untrained_30k/checkpoint                    
         s/model_weights_step_21480.safetensors                                 
DEBUG    [rank 0] Removed old checkpoint:                    dit_trainer.py:1429
         /local/disk/hramachandran/work/wh_work/windinet/dit                    
         _outputs/lundquist/dit_sds_untrained_30k/checkpoint                    
         s/scalar_embedding_step_21480.safetensors                              
DEBUG    [rank 0] Removed optimizer state for older kept     dit_trainer.py:1444
         checkpoint:                                                            
         /local/disk/hramachandran/work/wh_work/windinet/dit                    
         _outputs/lundquist/dit_sds_untrained_30k/checkpoint                    
         s/model_weights_step_21600.state.pt                                    
[epoch 181] step=21720 train_loss=0.007603
[train] step=21721 loss=0.003941 lr=1.773e-06
[train] step=21722 loss=0.005488 lr=1.773e-06
[train] step=21723 loss=0.007550 lr=1.772e-06
[train] step=21724 loss=0.007993 lr=1.772e-06
[train] step=21725 loss=0.003637 lr=1.771e-06
[train] step=21726 loss=0.009449 lr=1.771e-06
[train] step=21727 loss=0.007195 lr=1.771e-06
[train] step=21728 loss=0.009278 lr=1.770e-06
[train] step=21729 loss=0.004533 lr=1.770e-06
[train] step=21730 loss=0.005057 lr=1.769e-06
[train] step=21731 loss=0.014336 lr=1.769e-06
[train] step=21732 loss=0.005862 lr=1.769e-06
[train] step=21733 loss=0.005697 lr=1.768e-06
[train] step=21734 loss=0.006863 lr=1.768e-06
[train] step=21735 loss=0.007077 lr=1.767e-06
[train] step=21736 loss=0.006705 lr=1.767e-06
[train] step=21737 loss=0.007769 lr=1.767e-06
[train] step=21738 loss=0.005906 lr=1.766e-06
[train] step=21739 loss=0.011530 lr=1.766e-06
[train] step=21740 loss=0.003319 lr=1.765e-06
[train] step=21741 loss=0.039561 lr=1.765e-06
[train] step=21742 loss=0.004259 lr=1.765e-06
[train] step=21743 loss=0.007345 lr=1.764e-06
[train] step=21744 loss=0.004550 lr=1.764e-06
[train] step=21745 loss=0.005169 lr=1.763e-06
[train] step=21746 loss=0.004009 lr=1.763e-06
[train] step=21747 loss=0.002718 lr=1.763e-06
[train] step=21748 loss=0.010661 lr=1.762e-06
[train] step=21749 loss=0.007177 lr=1.762e-06
[train] step=21750 loss=0.008199 lr=1.761e-06
[train] step=21751 loss=0.004379 lr=1.761e-06
[train] step=21752 loss=0.004321 lr=1.761e-06
[train] step=21753 loss=0.005396 lr=1.760e-06
[train] step=21754 loss=0.003690 lr=1.760e-06
[train] step=21755 loss=0.004029 lr=1.759e-06
[train] step=21756 loss=0.006627 lr=1.759e-06
[train] step=21757 loss=0.003145 lr=1.759e-06
[train] step=21758 loss=0.007229 lr=1.758e-06
[train] step=21759 loss=0.006089 lr=1.758e-06
[train] step=21760 loss=0.004700 lr=1.757e-06
[train] step=21761 loss=0.013392 lr=1.757e-06
[train] step=21762 loss=0.009420 lr=1.757e-06
[train] step=21763 loss=0.007803 lr=1.756e-06
[train] step=21764 loss=0.008003 lr=1.756e-06
[train] step=21765 loss=0.011473 lr=1.755e-06
[train] step=21766 loss=0.009776 lr=1.755e-06
[train] step=21767 loss=0.005441 lr=1.755e-06
[train] step=21768 loss=0.003457 lr=1.754e-06
[train] step=21769 loss=0.006303 lr=1.754e-06
[train] step=21770 loss=0.005001 lr=1.753e-06
[train] step=21771 loss=0.003565 lr=1.753e-06
[train] step=21772 loss=0.006232 lr=1.753e-06
[train] step=21773 loss=0.007359 lr=1.752e-06
[train] step=21774 loss=0.004529 lr=1.752e-06
[train] step=21775 loss=0.012612 lr=1.751e-06
[train] step=21776 loss=0.010165 lr=1.751e-06
[train] step=21777 loss=0.006162 lr=1.751e-06
[train] step=21778 loss=0.007168 lr=1.750e-06
[train] step=21779 loss=0.023541 lr=1.750e-06
[train] step=21780 loss=0.004171 lr=1.749e-06
[train] step=21781 loss=0.006215 lr=1.749e-06
[train] step=21782 loss=0.003295 lr=1.749e-06
[train] step=21783 loss=0.009371 lr=1.748e-06
[train] step=21784 loss=0.008809 lr=1.748e-06
[train] step=21785 loss=0.006206 lr=1.748e-06
[train] step=21786 loss=0.005872 lr=1.747e-06
[train] step=21787 loss=0.004695 lr=1.747e-06
[train] step=21788 loss=0.003266 lr=1.746e-06
[train] step=21789 loss=0.005134 lr=1.746e-06
[train] step=21790 loss=0.011559 lr=1.746e-06
[train] step=21791 loss=0.011392 lr=1.745e-06
[train] step=21792 loss=0.003538 lr=1.745e-06
[train] step=21793 loss=0.006280 lr=1.744e-06
[train] step=21794 loss=0.007424 lr=1.744e-06
[train] step=21795 loss=0.006333 lr=1.744e-06
[train] step=21796 loss=0.005312 lr=1.743e-06
[train] step=21797 loss=0.002855 lr=1.743e-06
[train] step=21798 loss=0.016037 lr=1.742e-06
[train] step=21799 loss=0.004417 lr=1.742e-06
[train] step=21800 loss=0.006091 lr=1.742e-06
[train] step=21801 loss=0.002494 lr=1.741e-06
[train] step=21802 loss=0.004074 lr=1.741e-06
[train] step=21803 loss=0.006896 lr=1.740e-06
[train] step=21804 loss=0.025662 lr=1.740e-06
[train] step=21805 loss=0.005847 lr=1.740e-06
[train] step=21806 loss=0.005670 lr=1.739e-06
[train] step=21807 loss=0.024450 lr=1.739e-06
[train] step=21808 loss=0.004366 lr=1.738e-06
[train] step=21809 loss=0.006608 lr=1.738e-06
[train] step=21810 loss=0.004273 lr=1.738e-06
[train] step=21811 loss=0.004311 lr=1.737e-06
[train] step=21812 loss=0.018417 lr=1.737e-06
[train] step=21813 loss=0.006899 lr=1.736e-06
[train] step=21814 loss=0.007268 lr=1.736e-06
[train] step=21815 loss=0.006117 lr=1.736e-06
[train] step=21816 loss=0.007614 lr=1.735e-06
[train] step=21817 loss=0.007400 lr=1.735e-06
[train] step=21818 loss=0.005129 lr=1.734e-06
[train] step=21819 loss=0.008994 lr=1.734e-06
[train] step=21820 loss=0.005733 lr=1.734e-06
[train] step=21821 loss=0.003011 lr=1.733e-06
[train] step=21822 loss=0.004998 lr=1.733e-06
[train] step=21823 loss=0.007370 lr=1.732e-06
[train] step=21824 loss=0.004584 lr=1.732e-06
[train] step=21825 loss=0.010016 lr=1.732e-06
[train] step=21826 loss=0.006016 lr=1.731e-06
[train] step=21827 loss=0.003931 lr=1.731e-06
[train] step=21828 loss=0.004005 lr=1.730e-06
[train] step=21829 loss=0.004061 lr=1.730e-06
[train] step=21830 loss=0.007070 lr=1.730e-06
[train] step=21831 loss=0.004842 lr=1.729e-06
[train] step=21832 loss=0.003819 lr=1.729e-06
[train] step=21833 loss=0.030760 lr=1.729e-06
[train] step=21834 loss=0.003205 lr=1.728e-06
[train] step=21835 loss=0.015566 lr=1.728e-06
[train] step=21836 loss=0.005409 lr=1.727e-06
[train] step=21837 loss=0.003692 lr=1.727e-06
[train] step=21838 loss=0.004687 lr=1.727e-06
[train] step=21839 loss=0.007614 lr=1.726e-06
[train] step=21840 loss=0.006056 lr=1.726e-06
INFO     [rank 0] Model weights for step 21840 saved in      dit_trainer.py:1288
         checkpoints/model_weights_step_21840.safetensors                       
INFO     [rank 0] Scalar embedding weights for step 21840    dit_trainer.py:1297
         saved                                                                  
INFO     [rank 0] Training state saved:                      dit_trainer.py:1416
         checkpoints/model_weights_step_21840.state.pt                          
DEBUG    [rank 0] Removed old checkpoint:                    dit_trainer.py:1429
         /local/disk/hramachandran/work/wh_work/windinet/dit                    
         _outputs/lundquist/dit_sds_untrained_30k/checkpoint                    
         s/model_weights_step_21600.safetensors                                 
DEBUG    [rank 0] Removed old checkpoint:                    dit_trainer.py:1429
         /local/disk/hramachandran/work/wh_work/windinet/dit                    
         _outputs/lundquist/dit_sds_untrained_30k/checkpoint                    
         s/scalar_embedding_step_21600.safetensors                              
DEBUG    [rank 0] Removed optimizer state for older kept     dit_trainer.py:1444
         checkpoint:                                                            
         /local/disk/hramachandran/work/wh_work/windinet/dit                    
         _outputs/lundquist/dit_sds_untrained_30k/checkpoint                    
         s/model_weights_step_21720.state.pt                                    
[epoch 182] step=21840 train_loss=0.007418
[train] step=21841 loss=0.004432 lr=1.725e-06
[train] step=21842 loss=0.004657 lr=1.725e-06
[train] step=21843 loss=0.001874 lr=1.725e-06
[train] step=21844 loss=0.003768 lr=1.724e-06
[train] step=21845 loss=0.007710 lr=1.724e-06
[train] step=21846 loss=0.008971 lr=1.723e-06
[train] step=21847 loss=0.003679 lr=1.723e-06
[train] step=21848 loss=0.015232 lr=1.723e-06
[train] step=21849 loss=0.006355 lr=1.722e-06
[train] step=21850 loss=0.005722 lr=1.722e-06
[train] step=21851 loss=0.007817 lr=1.721e-06
[train] step=21852 loss=0.012009 lr=1.721e-06
[train] step=21853 loss=0.007483 lr=1.721e-06
[train] step=21854 loss=0.004078 lr=1.720e-06
[train] step=21855 loss=0.004039 lr=1.720e-06
[train] step=21856 loss=0.021073 lr=1.719e-06
[train] step=21857 loss=0.017751 lr=1.719e-06
[train] step=21858 loss=0.003464 lr=1.719e-06
[train] step=21859 loss=0.010545 lr=1.718e-06
[train] step=21860 loss=0.010442 lr=1.718e-06
[train] step=21861 loss=0.004503 lr=1.717e-06
[train] step=21862 loss=0.007236 lr=1.717e-06
[train] step=21863 loss=0.002247 lr=1.717e-06
[train] step=21864 loss=0.007706 lr=1.716e-06
[train] step=21865 loss=0.004150 lr=1.716e-06
[train] step=21866 loss=0.001687 lr=1.716e-06
[train] step=21867 loss=0.004331 lr=1.715e-06
[train] step=21868 loss=0.003367 lr=1.715e-06
[train] step=21869 loss=0.003640 lr=1.714e-06
[train] step=21870 loss=0.003180 lr=1.714e-06
[train] step=21871 loss=0.005118 lr=1.714e-06
[train] step=21872 loss=0.006207 lr=1.713e-06
[train] step=21873 loss=0.013980 lr=1.713e-06
[train] step=21874 loss=0.002833 lr=1.712e-06
[train] step=21875 loss=0.007966 lr=1.712e-06
[train] step=21876 loss=0.010707 lr=1.712e-06
[train] step=21877 loss=0.003481 lr=1.711e-06
[train] step=21878 loss=0.003530 lr=1.711e-06
[train] step=21879 loss=0.007079 lr=1.710e-06
[train] step=21880 loss=0.009475 lr=1.710e-06
[train] step=21881 loss=0.004988 lr=1.710e-06
[train] step=21882 loss=0.003165 lr=1.709e-06
[train] step=21883 loss=0.003424 lr=1.709e-06
[train] step=21884 loss=0.005511 lr=1.708e-06
[train] step=21885 loss=0.008819 lr=1.708e-06
[train] step=21886 loss=0.003364 lr=1.708e-06
[train] step=21887 loss=0.014428 lr=1.707e-06
[train] step=21888 loss=0.008202 lr=1.707e-06
[train] step=21889 loss=0.008078 lr=1.706e-06
[train] step=21890 loss=0.003118 lr=1.706e-06
[train] step=21891 loss=0.004595 lr=1.706e-06
[train] step=21892 loss=0.006395 lr=1.705e-06
[train] step=21893 loss=0.001977 lr=1.705e-06
[train] step=21894 loss=0.004358 lr=1.704e-06
[train] step=21895 loss=0.003438 lr=1.704e-06
[train] step=21896 loss=0.003051 lr=1.704e-06
[train] step=21897 loss=0.007262 lr=1.703e-06
[train] step=21898 loss=0.004188 lr=1.703e-06
[train] step=21899 loss=0.012660 lr=1.703e-06
[train] step=21900 loss=0.006715 lr=1.702e-06
[train] step=21901 loss=0.006489 lr=1.702e-06
[train] step=21902 loss=0.007026 lr=1.701e-06
[train] step=21903 loss=0.006473 lr=1.701e-06
[train] step=21904 loss=0.010093 lr=1.701e-06
[train] step=21905 loss=0.004659 lr=1.700e-06
[train] step=21906 loss=0.003734 lr=1.700e-06
[train] step=21907 loss=0.006250 lr=1.699e-06
[train] step=21908 loss=0.003933 lr=1.699e-06
[train] step=21909 loss=0.006560 lr=1.699e-06
[train] step=21910 loss=0.005062 lr=1.698e-06
[train] step=21911 loss=0.006616 lr=1.698e-06
[train] step=21912 loss=0.005706 lr=1.697e-06
[train] step=21913 loss=0.007212 lr=1.697e-06
[train] step=21914 loss=0.004321 lr=1.697e-06
[train] step=21915 loss=0.007638 lr=1.696e-06
[train] step=21916 loss=0.005929 lr=1.696e-06
[train] step=21917 loss=0.005005 lr=1.695e-06
[train] step=21918 loss=0.003483 lr=1.695e-06
[train] step=21919 loss=0.002721 lr=1.695e-06
[train] step=21920 loss=0.006788 lr=1.694e-06
[train] step=21921 loss=0.004209 lr=1.694e-06
[train] step=21922 loss=0.008178 lr=1.694e-06
[train] step=21923 loss=0.005495 lr=1.693e-06
[train] step=21924 loss=0.006625 lr=1.693e-06
[train] step=21925 loss=0.012581 lr=1.692e-06
[train] step=21926 loss=0.003224 lr=1.692e-06
[train] step=21927 loss=0.005296 lr=1.692e-06
[train] step=21928 loss=0.002643 lr=1.691e-06
[train] step=21929 loss=0.006813 lr=1.691e-06
[train] step=21930 loss=0.041160 lr=1.690e-06
[train] step=21931 loss=0.002696 lr=1.690e-06
[train] step=21932 loss=0.007194 lr=1.690e-06
[train] step=21933 loss=0.004403 lr=1.689e-06
[train] step=21934 loss=0.005249 lr=1.689e-06
[train] step=21935 loss=0.008464 lr=1.688e-06
[train] step=21936 loss=0.004056 lr=1.688e-06
[train] step=21937 loss=0.013912 lr=1.688e-06
[train] step=21938 loss=0.004826 lr=1.687e-06
[train] step=21939 loss=0.008582 lr=1.687e-06
[train] step=21940 loss=0.021588 lr=1.686e-06
[train] step=21941 loss=0.006998 lr=1.686e-06
[train] step=21942 loss=0.011291 lr=1.686e-06
[train] step=21943 loss=0.007252 lr=1.685e-06
[train] step=21944 loss=0.005909 lr=1.685e-06
[train] step=21945 loss=0.009201 lr=1.685e-06
[train] step=21946 loss=0.004518 lr=1.684e-06
[train] step=21947 loss=0.009880 lr=1.684e-06
[train] step=21948 loss=0.009790 lr=1.683e-06
[train] step=21949 loss=0.004091 lr=1.683e-06
[train] step=21950 loss=0.016173 lr=1.683e-06
[train] step=21951 loss=0.007850 lr=1.682e-06
[train] step=21952 loss=0.005012 lr=1.682e-06
[train] step=21953 loss=0.010322 lr=1.681e-06
[train] step=21954 loss=0.010038 lr=1.681e-06
[train] step=21955 loss=0.005491 lr=1.681e-06
[train] step=21956 loss=0.003435 lr=1.680e-06
[train] step=21957 loss=0.053687 lr=1.680e-06
[train] step=21958 loss=0.006244 lr=1.679e-06
[train] step=21959 loss=0.004917 lr=1.679e-06
[train] step=21960 loss=0.004632 lr=1.679e-06
INFO     [rank 0] Model weights for step 21960 saved in      dit_trainer.py:1288
         checkpoints/model_weights_step_21960.safetensors                       
INFO     [rank 0] Scalar embedding weights for step 21960    dit_trainer.py:1297
         saved                                                                  
INFO     [rank 0] Training state saved:                      dit_trainer.py:1416
         checkpoints/model_weights_step_21960.state.pt                          
DEBUG    [rank 0] Removed old checkpoint:                    dit_trainer.py:1429
         /local/disk/hramachandran/work/wh_work/windinet/dit                    
         _outputs/lundquist/dit_sds_untrained_30k/checkpoint                    
         s/model_weights_step_21720.safetensors                                 
DEBUG    [rank 0] Removed old checkpoint:                    dit_trainer.py:1429
         /local/disk/hramachandran/work/wh_work/windinet/dit                    
         _outputs/lundquist/dit_sds_untrained_30k/checkpoint                    
         s/scalar_embedding_step_21720.safetensors                              
DEBUG    [rank 0] Removed optimizer state for older kept     dit_trainer.py:1444
         checkpoint:                                                            
         /local/disk/hramachandran/work/wh_work/windinet/dit                    
         _outputs/lundquist/dit_sds_untrained_30k/checkpoint                    
         s/model_weights_step_21840.state.pt                                    
[epoch 183] step=21960 train_loss=0.007353
[train] step=21961 loss=0.006244 lr=1.678e-06
[train] step=21962 loss=0.006831 lr=1.678e-06
[train] step=21963 loss=0.005573 lr=1.677e-06
[train] step=21964 loss=0.005276 lr=1.677e-06
[train] step=21965 loss=0.009993 lr=1.677e-06
[train] step=21966 loss=0.005404 lr=1.676e-06
[train] step=21967 loss=0.006620 lr=1.676e-06
[train] step=21968 loss=0.005275 lr=1.676e-06
[train] step=21969 loss=0.004962 lr=1.675e-06
[train] step=21970 loss=0.004236 lr=1.675e-06
[train] step=21971 loss=0.002454 lr=1.674e-06
[train] step=21972 loss=0.012720 lr=1.674e-06
[train] step=21973 loss=0.006133 lr=1.674e-06
[train] step=21974 loss=0.005721 lr=1.673e-06
[train] step=21975 loss=0.013251 lr=1.673e-06
[train] step=21976 loss=0.004628 lr=1.672e-06
[train] step=21977 loss=0.007518 lr=1.672e-06
[train] step=21978 loss=0.009799 lr=1.672e-06
[train] step=21979 loss=0.007506 lr=1.671e-06
[train] step=21980 loss=0.020230 lr=1.671e-06
[train] step=21981 loss=0.003954 lr=1.670e-06
[train] step=21982 loss=0.002774 lr=1.670e-06
[train] step=21983 loss=0.009995 lr=1.670e-06
[train] step=21984 loss=0.003651 lr=1.669e-06
[train] step=21985 loss=0.015527 lr=1.669e-06
[train] step=21986 loss=0.003997 lr=1.669e-06
[train] step=21987 loss=0.007049 lr=1.668e-06
[train] step=21988 loss=0.027729 lr=1.668e-06
[train] step=21989 loss=0.018226 lr=1.667e-06
[train] step=21990 loss=0.003863 lr=1.667e-06
[train] step=21991 loss=0.006082 lr=1.667e-06
[train] step=21992 loss=0.007757 lr=1.666e-06
[train] step=21993 loss=0.004958 lr=1.666e-06
[train] step=21994 loss=0.004216 lr=1.665e-06
[train] step=21995 loss=0.005553 lr=1.665e-06
[train] step=21996 loss=0.007117 lr=1.665e-06
[train] step=21997 loss=0.004689 lr=1.664e-06
[train] step=21998 loss=0.004883 lr=1.664e-06
[train] step=21999 loss=0.006672 lr=1.663e-06
[train] step=22000 loss=0.013545 lr=1.663e-06
INFO     [rank 0] Saved DiT visualization panels for    dit_visualization.py:418
         step 22000 (3 samples x 4 frames);                                     
         latent_vrmse=0.07213 pixel_vrmse=0.43969 ->                            
         /local/disk/hramachandran/work/wh_work/windine                         
         t/dit_outputs/lundquist/dit_sds_untrained_30k/                         
         dit_vrmse_metrics.csv,                                                 
         /local/disk/hramachandran/work/wh_work/windine                         
         t/dit_outputs/lundquist/dit_sds_untrained_30k/                         
         dit_vrmse_curve.png                                                    
[train] step=22001 loss=0.005710 lr=1.663e-06
[train] step=22002 loss=0.007757 lr=1.662e-06
[train] step=22003 loss=0.003232 lr=1.662e-06
[train] step=22004 loss=0.006179 lr=1.662e-06
[train] step=22005 loss=0.016928 lr=1.661e-06
[train] step=22006 loss=0.004625 lr=1.661e-06
[train] step=22007 loss=0.032821 lr=1.660e-06
[train] step=22008 loss=0.007904 lr=1.660e-06
[train] step=22009 loss=0.006557 lr=1.660e-06
[train] step=22010 loss=0.003896 lr=1.659e-06
[train] step=22011 loss=0.002917 lr=1.659e-06
[train] step=22012 loss=0.003680 lr=1.658e-06
[train] step=22013 loss=0.002369 lr=1.658e-06
[train] step=22014 loss=0.006183 lr=1.658e-06
[train] step=22015 loss=0.006615 lr=1.657e-06
[train] step=22016 loss=0.004158 lr=1.657e-06
[train] step=22017 loss=0.007313 lr=1.656e-06
[train] step=22018 loss=0.004580 lr=1.656e-06
[train] step=22019 loss=0.012812 lr=1.656e-06
[train] step=22020 loss=0.005668 lr=1.655e-06
[train] step=22021 loss=0.003752 lr=1.655e-06
[train] step=22022 loss=0.003025 lr=1.655e-06
[train] step=22023 loss=0.006934 lr=1.654e-06
[train] step=22024 loss=0.004545 lr=1.654e-06
[train] step=22025 loss=0.007635 lr=1.653e-06
[train] step=22026 loss=0.008686 lr=1.653e-06
[train] step=22027 loss=0.005790 lr=1.653e-06
[train] step=22028 loss=0.005072 lr=1.652e-06
[train] step=22029 loss=0.009966 lr=1.652e-06
[train] step=22030 loss=0.004666 lr=1.651e-06
[train] step=22031 loss=0.004152 lr=1.651e-06
[train] step=22032 loss=0.005675 lr=1.651e-06
[train] step=22033 loss=0.006013 lr=1.650e-06
[train] step=22034 loss=0.012145 lr=1.650e-06
[train] step=22035 loss=0.004859 lr=1.649e-06
[train] step=22036 loss=0.002911 lr=1.649e-06
[train] step=22037 loss=0.013247 lr=1.649e-06
[train] step=22038 loss=0.002769 lr=1.648e-06
[train] step=22039 loss=0.002563 lr=1.648e-06
[train] step=22040 loss=0.022918 lr=1.648e-06
[train] step=22041 loss=0.006579 lr=1.647e-06
[train] step=22042 loss=0.005873 lr=1.647e-06
[train] step=22043 loss=0.004033 lr=1.646e-06
[train] step=22044 loss=0.007110 lr=1.646e-06
[train] step=22045 loss=0.003421 lr=1.646e-06
[train] step=22046 loss=0.006521 lr=1.645e-06
[train] step=22047 loss=0.006823 lr=1.645e-06
[train] step=22048 loss=0.005393 lr=1.644e-06
[train] step=22049 loss=0.006093 lr=1.644e-06
[train] step=22050 loss=0.003651 lr=1.644e-06
[train] step=22051 loss=0.014184 lr=1.643e-06
[train] step=22052 loss=0.008816 lr=1.643e-06
[train] step=22053 loss=0.002448 lr=1.643e-06
[train] step=22054 loss=0.006878 lr=1.642e-06
[train] step=22055 loss=0.013145 lr=1.642e-06
[train] step=22056 loss=0.017091 lr=1.641e-06
[train] step=22057 loss=0.003085 lr=1.641e-06
[train] step=22058 loss=0.020192 lr=1.641e-06
[train] step=22059 loss=0.004200 lr=1.640e-06
[train] step=22060 loss=0.009869 lr=1.640e-06
[train] step=22061 loss=0.016710 lr=1.639e-06
[train] step=22062 loss=0.007078 lr=1.639e-06
[train] step=22063 loss=0.010300 lr=1.639e-06
[train] step=22064 loss=0.003015 lr=1.638e-06
[train] step=22065 loss=0.004926 lr=1.638e-06
[train] step=22066 loss=0.019584 lr=1.638e-06
[train] step=22067 loss=0.005297 lr=1.637e-06
[train] step=22068 loss=0.005145 lr=1.637e-06
[train] step=22069 loss=0.004347 lr=1.636e-06
[train] step=22070 loss=0.007421 lr=1.636e-06
[train] step=22071 loss=0.006972 lr=1.636e-06
[train] step=22072 loss=0.009416 lr=1.635e-06
[train] step=22073 loss=0.009296 lr=1.635e-06
[train] step=22074 loss=0.003937 lr=1.634e-06
[train] step=22075 loss=0.012740 lr=1.634e-06
[train] step=22076 loss=0.004183 lr=1.634e-06
[train] step=22077 loss=0.002612 lr=1.633e-06
[train] step=22078 loss=0.012850 lr=1.633e-06
[train] step=22079 loss=0.005832 lr=1.632e-06
[train] step=22080 loss=0.007808 lr=1.632e-06
INFO     [rank 0] Model weights for step 22080 saved in      dit_trainer.py:1288
         checkpoints/model_weights_step_22080.safetensors                       
INFO     [rank 0] Scalar embedding weights for step 22080    dit_trainer.py:1297
         saved                                                                  
INFO     [rank 0] Training state saved:                      dit_trainer.py:1416
         checkpoints/model_weights_step_22080.state.pt                          
DEBUG    [rank 0] Removed old checkpoint:                    dit_trainer.py:1429
         /local/disk/hramachandran/work/wh_work/windinet/dit                    
         _outputs/lundquist/dit_sds_untrained_30k/checkpoint                    
         s/model_weights_step_21840.safetensors                                 
DEBUG    [rank 0] Removed old checkpoint:                    dit_trainer.py:1429
         /local/disk/hramachandran/work/wh_work/windinet/dit                    
         _outputs/lundquist/dit_sds_untrained_30k/checkpoint                    
         s/scalar_embedding_step_21840.safetensors                              
DEBUG    [rank 0] Removed optimizer state for older kept     dit_trainer.py:1444
         checkpoint:                                                            
         /local/disk/hramachandran/work/wh_work/windinet/dit                    
         _outputs/lundquist/dit_sds_untrained_30k/checkpoint                    
         s/model_weights_step_21960.state.pt                                    
[epoch 184] step=22080 train_loss=0.007613
[train] step=22081 loss=0.007656 lr=1.632e-06
[train] step=22082 loss=0.005748 lr=1.631e-06
[train] step=22083 loss=0.009683 lr=1.631e-06
[train] step=22084 loss=0.013097 lr=1.631e-06
[train] step=22085 loss=0.003839 lr=1.630e-06
[train] step=22086 loss=0.005282 lr=1.630e-06
[train] step=22087 loss=0.005502 lr=1.629e-06
[train] step=22088 loss=0.004830 lr=1.629e-06
[train] step=22089 loss=0.004804 lr=1.629e-06
[train] step=22090 loss=0.003056 lr=1.628e-06
[train] step=22091 loss=0.007510 lr=1.628e-06
[train] step=22092 loss=0.004994 lr=1.627e-06
[train] step=22093 loss=0.005217 lr=1.627e-06
[train] step=22094 loss=0.021030 lr=1.627e-06
[train] step=22095 loss=0.004345 lr=1.626e-06
[train] step=22096 loss=0.014544 lr=1.626e-06
[train] step=22097 loss=0.014345 lr=1.626e-06
[train] step=22098 loss=0.005332 lr=1.625e-06
[train] step=22099 loss=0.006711 lr=1.625e-06
[train] step=22100 loss=0.004949 lr=1.624e-06
[train] step=22101 loss=0.003894 lr=1.624e-06
[train] step=22102 loss=0.006321 lr=1.624e-06
[train] step=22103 loss=0.006184 lr=1.623e-06
[train] step=22104 loss=0.005391 lr=1.623e-06
[train] step=22105 loss=0.003814 lr=1.622e-06
[train] step=22106 loss=0.004373 lr=1.622e-06
[train] step=22107 loss=0.014676 lr=1.622e-06
[train] step=22108 loss=0.003532 lr=1.621e-06
[train] step=22109 loss=0.009476 lr=1.621e-06
[train] step=22110 loss=0.003943 lr=1.621e-06
[train] step=22111 loss=0.003986 lr=1.620e-06
[train] step=22112 loss=0.012048 lr=1.620e-06
[train] step=22113 loss=0.003655 lr=1.619e-06
[train] step=22114 loss=0.004032 lr=1.619e-06
[train] step=22115 loss=0.003095 lr=1.619e-06
[train] step=22116 loss=0.002391 lr=1.618e-06
[train] step=22117 loss=0.007609 lr=1.618e-06
[train] step=22118 loss=0.003976 lr=1.617e-06
[train] step=22119 loss=0.009450 lr=1.617e-06
[train] step=22120 loss=0.011197 lr=1.617e-06
[train] step=22121 loss=0.004091 lr=1.616e-06
[train] step=22122 loss=0.007177 lr=1.616e-06
[train] step=22123 loss=0.004823 lr=1.616e-06
[train] step=22124 loss=0.011704 lr=1.615e-06
[train] step=22125 loss=0.004115 lr=1.615e-06
[train] step=22126 loss=0.002986 lr=1.614e-06
[train] step=22127 loss=0.008737 lr=1.614e-06
[train] step=22128 loss=0.005355 lr=1.614e-06
[train] step=22129 loss=0.005335 lr=1.613e-06
[train] step=22130 loss=0.004159 lr=1.613e-06
[train] step=22131 loss=0.004550 lr=1.612e-06
[train] step=22132 loss=0.007971 lr=1.612e-06
[train] step=22133 loss=0.006198 lr=1.612e-06
[train] step=22134 loss=0.005630 lr=1.611e-06
[train] step=22135 loss=0.002020 lr=1.611e-06
[train] step=22136 loss=0.009832 lr=1.611e-06
[train] step=22137 loss=0.002797 lr=1.610e-06
[train] step=22138 loss=0.006338 lr=1.610e-06
[train] step=22139 loss=0.007379 lr=1.609e-06
[train] step=22140 loss=0.013094 lr=1.609e-06
[train] step=22141 loss=0.011164 lr=1.609e-06
[train] step=22142 loss=0.008631 lr=1.608e-06
[train] step=22143 loss=0.003737 lr=1.608e-06
[train] step=22144 loss=0.003815 lr=1.607e-06
[train] step=22145 loss=0.005490 lr=1.607e-06
[train] step=22146 loss=0.005351 lr=1.607e-06
[train] step=22147 loss=0.005979 lr=1.606e-06
[train] step=22148 loss=0.003986 lr=1.606e-06
[train] step=22149 loss=0.016404 lr=1.606e-06
[train] step=22150 loss=0.004332 lr=1.605e-06
[train] step=22151 loss=0.004059 lr=1.605e-06
[train] step=22152 loss=0.009846 lr=1.604e-06
[train] step=22153 loss=0.004296 lr=1.604e-06
[train] step=22154 loss=0.007458 lr=1.604e-06
[train] step=22155 loss=0.003112 lr=1.603e-06
[train] step=22156 loss=0.007619 lr=1.603e-06
[train] step=22157 loss=0.004965 lr=1.603e-06
[train] step=22158 loss=0.006272 lr=1.602e-06
[train] step=22159 loss=0.013853 lr=1.602e-06
[train] step=22160 loss=0.005402 lr=1.601e-06
[train] step=22161 loss=0.003237 lr=1.601e-06
[train] step=22162 loss=0.009633 lr=1.601e-06
[train] step=22163 loss=0.006346 lr=1.600e-06
[train] step=22164 loss=0.008155 lr=1.600e-06
[train] step=22165 loss=0.009386 lr=1.599e-06
[train] step=22166 loss=0.006552 lr=1.599e-06
[train] step=22167 loss=0.004928 lr=1.599e-06
[train] step=22168 loss=0.007236 lr=1.598e-06
[train] step=22169 loss=0.006926 lr=1.598e-06
[train] step=22170 loss=0.010425 lr=1.598e-06
[train] step=22171 loss=0.003422 lr=1.597e-06
[train] step=22172 loss=0.005929 lr=1.597e-06
[train] step=22173 loss=0.013626 lr=1.596e-06
[train] step=22174 loss=0.011097 lr=1.596e-06
[train] step=22175 loss=0.006384 lr=1.596e-06
[train] step=22176 loss=0.007260 lr=1.595e-06
[train] step=22177 loss=0.008178 lr=1.595e-06
[train] step=22178 loss=0.004763 lr=1.594e-06
[train] step=22179 loss=0.009210 lr=1.594e-06
[train] step=22180 loss=0.008247 lr=1.594e-06
[train] step=22181 loss=0.021114 lr=1.593e-06
[train] step=22182 loss=0.002444 lr=1.593e-06
[train] step=22183 loss=0.003948 lr=1.593e-06
[train] step=22184 loss=0.019756 lr=1.592e-06
[train] step=22185 loss=0.006079 lr=1.592e-06
[train] step=22186 loss=0.003730 lr=1.591e-06
[train] step=22187 loss=0.005551 lr=1.591e-06
[train] step=22188 loss=0.005673 lr=1.591e-06
[train] step=22189 loss=0.008267 lr=1.590e-06
[train] step=22190 loss=0.004220 lr=1.590e-06
[train] step=22191 loss=0.005679 lr=1.590e-06
[train] step=22192 loss=0.005064 lr=1.589e-06
[train] step=22193 loss=0.006268 lr=1.589e-06
[train] step=22194 loss=0.003838 lr=1.588e-06
[train] step=22195 loss=0.005847 lr=1.588e-06
[train] step=22196 loss=0.003421 lr=1.588e-06
[train] step=22197 loss=0.005356 lr=1.587e-06
[train] step=22198 loss=0.013400 lr=1.587e-06
[train] step=22199 loss=0.006147 lr=1.586e-06
[train] step=22200 loss=0.006664 lr=1.586e-06
[val] step=22200 val_loss=0.014075
INFO     [rank 0] Model weights for step 22200 saved in      dit_trainer.py:1288
         checkpoints/model_weights_step_22200.safetensors                       
INFO     [rank 0] Scalar embedding weights for step 22200    dit_trainer.py:1297
         saved                                                                  
INFO     [rank 0] Training state saved:                      dit_trainer.py:1416
         checkpoints/model_weights_step_22200.state.pt                          
DEBUG    [rank 0] Removed old checkpoint:                    dit_trainer.py:1429
         /local/disk/hramachandran/work/wh_work/windinet/dit                    
         _outputs/lundquist/dit_sds_untrained_30k/checkpoint                    
         s/model_weights_step_21960.safetensors                                 
DEBUG    [rank 0] Removed old checkpoint:                    dit_trainer.py:1429
         /local/disk/hramachandran/work/wh_work/windinet/dit                    
         _outputs/lundquist/dit_sds_untrained_30k/checkpoint                    
         s/scalar_embedding_step_21960.safetensors                              
DEBUG    [rank 0] Removed optimizer state for older kept     dit_trainer.py:1444
         checkpoint:                                                            
         /local/disk/hramachandran/work/wh_work/windinet/dit                    
         _outputs/lundquist/dit_sds_untrained_30k/checkpoint                    
         s/model_weights_step_22080.state.pt                                    
[epoch 185] step=22200 train_loss=0.006918 val_loss=0.014075
[train] step=22201 loss=0.004642 lr=1.586e-06
[train] step=22202 loss=0.007362 lr=1.585e-06
[train] step=22203 loss=0.003492 lr=1.585e-06
[train] step=22204 loss=0.009428 lr=1.585e-06
[train] step=22205 loss=0.006428 lr=1.584e-06
[train] step=22206 loss=0.010307 lr=1.584e-06
[train] step=22207 loss=0.003846 lr=1.583e-06
[train] step=22208 loss=0.008373 lr=1.583e-06
[train] step=22209 loss=0.002987 lr=1.583e-06
[train] step=22210 loss=0.006107 lr=1.582e-06
[train] step=22211 loss=0.007171 lr=1.582e-06
[train] step=22212 loss=0.004398 lr=1.581e-06
[train] step=22213 loss=0.004374 lr=1.581e-06
[train] step=22214 loss=0.011506 lr=1.581e-06
[train] step=22215 loss=0.008682 lr=1.580e-06
[train] step=22216 loss=0.004638 lr=1.580e-06
[train] step=22217 loss=0.008941 lr=1.580e-06
[train] step=22218 loss=0.011449 lr=1.579e-06
[train] step=22219 loss=0.022613 lr=1.579e-06
[train] step=22220 loss=0.009102 lr=1.578e-06
[train] step=22221 loss=0.004390 lr=1.578e-06
[train] step=22222 loss=0.010056 lr=1.578e-06
[train] step=22223 loss=0.006039 lr=1.577e-06
[train] step=22224 loss=0.008988 lr=1.577e-06
[train] step=22225 loss=0.011214 lr=1.577e-06
[train] step=22226 loss=0.002983 lr=1.576e-06
[train] step=22227 loss=0.005280 lr=1.576e-06
[train] step=22228 loss=0.002695 lr=1.575e-06
[train] step=22229 loss=0.005577 lr=1.575e-06
[train] step=22230 loss=0.005284 lr=1.575e-06
[train] step=22231 loss=0.004286 lr=1.574e-06
[train] step=22232 loss=0.004615 lr=1.574e-06
[train] step=22233 loss=0.006014 lr=1.574e-06
[train] step=22234 loss=0.003195 lr=1.573e-06
[train] step=22235 loss=0.015184 lr=1.573e-06
[train] step=22236 loss=0.004371 lr=1.572e-06
[train] step=22237 loss=0.003540 lr=1.572e-06
[train] step=22238 loss=0.003748 lr=1.572e-06
[train] step=22239 loss=0.002304 lr=1.571e-06
[train] step=22240 loss=0.001760 lr=1.571e-06
[train] step=22241 loss=0.010128 lr=1.570e-06
[train] step=22242 loss=0.002576 lr=1.570e-06
[train] step=22243 loss=0.007721 lr=1.570e-06
[train] step=22244 loss=0.005178 lr=1.569e-06
[train] step=22245 loss=0.005447 lr=1.569e-06
[train] step=22246 loss=0.004580 lr=1.569e-06
[train] step=22247 loss=0.002807 lr=1.568e-06
[train] step=22248 loss=0.006607 lr=1.568e-06
[train] step=22249 loss=0.004601 lr=1.567e-06
[train] step=22250 loss=0.004362 lr=1.567e-06
[train] step=22251 loss=0.005074 lr=1.567e-06
[train] step=22252 loss=0.004512 lr=1.566e-06
[train] step=22253 loss=0.002720 lr=1.566e-06
[train] step=22254 loss=0.003848 lr=1.566e-06
[train] step=22255 loss=0.008380 lr=1.565e-06
[train] step=22256 loss=0.013840 lr=1.565e-06
[train] step=22257 loss=0.007497 lr=1.564e-06
[train] step=22258 loss=0.005251 lr=1.564e-06
[train] step=22259 loss=0.012308 lr=1.564e-06
[train] step=22260 loss=0.005266 lr=1.563e-06
[train] step=22261 loss=0.005189 lr=1.563e-06
[train] step=22262 loss=0.003391 lr=1.562e-06
[train] step=22263 loss=0.004592 lr=1.562e-06
[train] step=22264 loss=0.002709 lr=1.562e-06
[train] step=22265 loss=0.006677 lr=1.561e-06
[train] step=22266 loss=0.005852 lr=1.561e-06
[train] step=22267 loss=0.009392 lr=1.561e-06
[train] step=22268 loss=0.004817 lr=1.560e-06
[train] step=22269 loss=0.003039 lr=1.560e-06
[train] step=22270 loss=0.006183 lr=1.559e-06
[train] step=22271 loss=0.007384 lr=1.559e-06
[train] step=22272 loss=0.010389 lr=1.559e-06
[train] step=22273 loss=0.006675 lr=1.558e-06
[train] step=22274 loss=0.006509 lr=1.558e-06
[train] step=22275 loss=0.003504 lr=1.558e-06
[train] step=22276 loss=0.005334 lr=1.557e-06
[train] step=22277 loss=0.009719 lr=1.557e-06
[train] step=22278 loss=0.007061 lr=1.556e-06
[train] step=22279 loss=0.005863 lr=1.556e-06
[train] step=22280 loss=0.017819 lr=1.556e-06
[train] step=22281 loss=0.007173 lr=1.555e-06
[train] step=22282 loss=0.003106 lr=1.555e-06
[train] step=22283 loss=0.005357 lr=1.555e-06
[train] step=22284 loss=0.003718 lr=1.554e-06
[train] step=22285 loss=0.012031 lr=1.554e-06
[train] step=22286 loss=0.006989 lr=1.553e-06
[train] step=22287 loss=0.008829 lr=1.553e-06
[train] step=22288 loss=0.004392 lr=1.553e-06
[train] step=22289 loss=0.005682 lr=1.552e-06
[train] step=22290 loss=0.023495 lr=1.552e-06
[train] step=22291 loss=0.006929 lr=1.552e-06
[train] step=22292 loss=0.002883 lr=1.551e-06
[train] step=22293 loss=0.003816 lr=1.551e-06
[train] step=22294 loss=0.007344 lr=1.550e-06
[train] step=22295 loss=0.005525 lr=1.550e-06
[train] step=22296 loss=0.002580 lr=1.550e-06
[train] step=22297 loss=0.004823 lr=1.549e-06
[train] step=22298 loss=0.003321 lr=1.549e-06
[train] step=22299 loss=0.005192 lr=1.548e-06
[train] step=22300 loss=0.006087 lr=1.548e-06
[train] step=22301 loss=0.012689 lr=1.548e-06
[train] step=22302 loss=0.003323 lr=1.547e-06
[train] step=22303 loss=0.017000 lr=1.547e-06
[train] step=22304 loss=0.004409 lr=1.547e-06
[train] step=22305 loss=0.004971 lr=1.546e-06
[train] step=22306 loss=0.020602 lr=1.546e-06
[train] step=22307 loss=0.010713 lr=1.545e-06
[train] step=22308 loss=0.004668 lr=1.545e-06
[train] step=22309 loss=0.003184 lr=1.545e-06
[train] step=22310 loss=0.003841 lr=1.544e-06
[train] step=22311 loss=0.008441 lr=1.544e-06
[train] step=22312 loss=0.011167 lr=1.544e-06
[train] step=22313 loss=0.006577 lr=1.543e-06
[train] step=22314 loss=0.004721 lr=1.543e-06
[train] step=22315 loss=0.003636 lr=1.542e-06
[train] step=22316 loss=0.006692 lr=1.542e-06
[train] step=22317 loss=0.016544 lr=1.542e-06
[train] step=22318 loss=0.006441 lr=1.541e-06
[train] step=22319 loss=0.013045 lr=1.541e-06
[train] step=22320 loss=0.004706 lr=1.541e-06
INFO     [rank 0] Model weights for step 22320 saved in      dit_trainer.py:1288
         checkpoints/model_weights_step_22320.safetensors                       
INFO     [rank 0] Scalar embedding weights for step 22320    dit_trainer.py:1297
         saved                                                                  
INFO     [rank 0] Training state saved:                      dit_trainer.py:1416
         checkpoints/model_weights_step_22320.state.pt                          
DEBUG    [rank 0] Removed old checkpoint:                    dit_trainer.py:1429
         /local/disk/hramachandran/work/wh_work/windinet/dit                    
         _outputs/lundquist/dit_sds_untrained_30k/checkpoint                    
         s/model_weights_step_22080.safetensors                                 
DEBUG    [rank 0] Removed old checkpoint:                    dit_trainer.py:1429
         /local/disk/hramachandran/work/wh_work/windinet/dit                    
         _outputs/lundquist/dit_sds_untrained_30k/checkpoint                    
         s/scalar_embedding_step_22080.safetensors                              
DEBUG    [rank 0] Removed optimizer state for older kept     dit_trainer.py:1444
         checkpoint:                                                            
         /local/disk/hramachandran/work/wh_work/windinet/dit                    
         _outputs/lundquist/dit_sds_untrained_30k/checkpoint                    
         s/model_weights_step_22200.state.pt                                    
[epoch 186] step=22320 train_loss=0.006840
[train] step=22321 loss=0.005051 lr=1.540e-06
[train] step=22322 loss=0.002416 lr=1.540e-06
[train] step=22323 loss=0.007602 lr=1.539e-06
[train] step=22324 loss=0.005423 lr=1.539e-06
[train] step=22325 loss=0.003768 lr=1.539e-06
[train] step=22326 loss=0.004286 lr=1.538e-06
[train] step=22327 loss=0.007708 lr=1.538e-06
[train] step=22328 loss=0.030124 lr=1.538e-06
[train] step=22329 loss=0.004436 lr=1.537e-06
[train] step=22330 loss=0.004083 lr=1.537e-06
[train] step=22331 loss=0.004420 lr=1.536e-06
[train] step=22332 loss=0.007206 lr=1.536e-06
[train] step=22333 loss=0.006244 lr=1.536e-06
[train] step=22334 loss=0.010497 lr=1.535e-06
[train] step=22335 loss=0.006741 lr=1.535e-06
[train] step=22336 loss=0.005157 lr=1.535e-06
[train] step=22337 loss=0.007061 lr=1.534e-06
[train] step=22338 loss=0.005864 lr=1.534e-06
[train] step=22339 loss=0.006430 lr=1.533e-06
[train] step=22340 loss=0.012173 lr=1.533e-06
[train] step=22341 loss=0.022667 lr=1.533e-06
[train] step=22342 loss=0.003961 lr=1.532e-06
[train] step=22343 loss=0.008773 lr=1.532e-06
[train] step=22344 loss=0.004425 lr=1.532e-06
[train] step=22345 loss=0.004350 lr=1.531e-06
[train] step=22346 loss=0.004490 lr=1.531e-06
[train] step=22347 loss=0.005304 lr=1.530e-06
[train] step=22348 loss=0.002034 lr=1.530e-06
[train] step=22349 loss=0.004634 lr=1.530e-06
[train] step=22350 loss=0.009696 lr=1.529e-06
[train] step=22351 loss=0.001694 lr=1.529e-06
[train] step=22352 loss=0.004847 lr=1.529e-06
[train] step=22353 loss=0.005400 lr=1.528e-06
[train] step=22354 loss=0.005655 lr=1.528e-06
[train] step=22355 loss=0.005245 lr=1.527e-06
[train] step=22356 loss=0.003595 lr=1.527e-06
[train] step=22357 loss=0.009363 lr=1.527e-06
[train] step=22358 loss=0.003677 lr=1.526e-06
[train] step=22359 loss=0.005610 lr=1.526e-06
[train] step=22360 loss=0.003148 lr=1.526e-06
[train] step=22361 loss=0.005633 lr=1.525e-06
[train] step=22362 loss=0.006502 lr=1.525e-06
[train] step=22363 loss=0.005767 lr=1.524e-06
[train] step=22364 loss=0.013029 lr=1.524e-06
[train] step=22365 loss=0.002551 lr=1.524e-06
[train] step=22366 loss=0.042545 lr=1.523e-06
[train] step=22367 loss=0.008724 lr=1.523e-06
[train] step=22368 loss=0.005529 lr=1.523e-06
[train] step=22369 loss=0.002204 lr=1.522e-06
[train] step=22370 loss=0.003235 lr=1.522e-06
[train] step=22371 loss=0.005973 lr=1.521e-06
[train] step=22372 loss=0.008269 lr=1.521e-06
[train] step=22373 loss=0.005418 lr=1.521e-06
[train] step=22374 loss=0.003811 lr=1.520e-06
[train] step=22375 loss=0.010527 lr=1.520e-06
[train] step=22376 loss=0.006010 lr=1.520e-06
[train] step=22377 loss=0.002907 lr=1.519e-06
[train] step=22378 loss=0.006642 lr=1.519e-06
[train] step=22379 loss=0.003442 lr=1.518e-06
[train] step=22380 loss=0.005782 lr=1.518e-06
[train] step=22381 loss=0.008650 lr=1.518e-06
[train] step=22382 loss=0.014673 lr=1.517e-06
[train] step=22383 loss=0.005395 lr=1.517e-06
[train] step=22384 loss=0.009384 lr=1.517e-06
[train] step=22385 loss=0.050315 lr=1.516e-06
[train] step=22386 loss=0.013620 lr=1.516e-06
[train] step=22387 loss=0.003845 lr=1.515e-06
[train] step=22388 loss=0.004987 lr=1.515e-06
[train] step=22389 loss=0.003437 lr=1.515e-06
[train] step=22390 loss=0.004065 lr=1.514e-06
[train] step=22391 loss=0.010704 lr=1.514e-06
[train] step=22392 loss=0.003389 lr=1.514e-06
[train] step=22393 loss=0.002965 lr=1.513e-06
[train] step=22394 loss=0.012046 lr=1.513e-06
[train] step=22395 loss=0.010857 lr=1.512e-06
[train] step=22396 loss=0.008745 lr=1.512e-06
[train] step=22397 loss=0.005237 lr=1.512e-06
[train] step=22398 loss=0.015423 lr=1.511e-06
[train] step=22399 loss=0.003408 lr=1.511e-06
[train] step=22400 loss=0.005445 lr=1.511e-06
[train] step=22401 loss=0.015113 lr=1.510e-06
[train] step=22402 loss=0.003772 lr=1.510e-06
[train] step=22403 loss=0.006547 lr=1.509e-06
[train] step=22404 loss=0.003524 lr=1.509e-06
[train] step=22405 loss=0.006613 lr=1.509e-06
[train] step=22406 loss=0.005620 lr=1.508e-06
[train] step=22407 loss=0.004369 lr=1.508e-06
[train] step=22408 loss=0.004138 lr=1.508e-06
[train] step=22409 loss=0.003688 lr=1.507e-06
[train] step=22410 loss=0.005563 lr=1.507e-06
[train] step=22411 loss=0.010370 lr=1.506e-06
[train] step=22412 loss=0.005776 lr=1.506e-06
[train] step=22413 loss=0.006706 lr=1.506e-06
[train] step=22414 loss=0.003896 lr=1.505e-06
[train] step=22415 loss=0.061525 lr=1.505e-06
[train] step=22416 loss=0.007795 lr=1.505e-06
[train] step=22417 loss=0.028937 lr=1.504e-06
[train] step=22418 loss=0.005277 lr=1.504e-06
[train] step=22419 loss=0.007240 lr=1.503e-06
[train] step=22420 loss=0.018972 lr=1.503e-06
[train] step=22421 loss=0.004794 lr=1.503e-06
[train] step=22422 loss=0.003338 lr=1.502e-06
[train] step=22423 loss=0.005975 lr=1.502e-06
[train] step=22424 loss=0.005795 lr=1.502e-06
[train] step=22425 loss=0.004927 lr=1.501e-06
[train] step=22426 loss=0.012133 lr=1.501e-06
[train] step=22427 loss=0.045478 lr=1.500e-06
[train] step=22428 loss=0.005665 lr=1.500e-06
[train] step=22429 loss=0.002532 lr=1.500e-06
[train] step=22430 loss=0.003817 lr=1.499e-06
[train] step=22431 loss=0.006821 lr=1.499e-06
[train] step=22432 loss=0.015148 lr=1.499e-06
[train] step=22433 loss=0.007319 lr=1.498e-06
[train] step=22434 loss=0.004649 lr=1.498e-06
[train] step=22435 loss=0.003813 lr=1.497e-06
[train] step=22436 loss=0.004031 lr=1.497e-06
[train] step=22437 loss=0.007533 lr=1.497e-06
[train] step=22438 loss=0.006537 lr=1.496e-06
[train] step=22439 loss=0.009772 lr=1.496e-06
[train] step=22440 loss=0.009109 lr=1.496e-06
INFO     [rank 0] Model weights for step 22440 saved in      dit_trainer.py:1288
         checkpoints/model_weights_step_22440.safetensors                       
INFO     [rank 0] Scalar embedding weights for step 22440    dit_trainer.py:1297
         saved                                                                  
INFO     [rank 0] Training state saved:                      dit_trainer.py:1416
         checkpoints/model_weights_step_22440.state.pt                          
DEBUG    [rank 0] Removed old checkpoint:                    dit_trainer.py:1429
         /local/disk/hramachandran/work/wh_work/windinet/dit                    
         _outputs/lundquist/dit_sds_untrained_30k/checkpoint                    
         s/model_weights_step_22200.safetensors                                 
DEBUG    [rank 0] Removed old checkpoint:                    dit_trainer.py:1429
         /local/disk/hramachandran/work/wh_work/windinet/dit                    
         _outputs/lundquist/dit_sds_untrained_30k/checkpoint                    
         s/scalar_embedding_step_22200.safetensors                              
DEBUG    [rank 0] Removed optimizer state for older kept     dit_trainer.py:1444
         checkpoint:                                                            
         /local/disk/hramachandran/work/wh_work/windinet/dit                    
         _outputs/lundquist/dit_sds_untrained_30k/checkpoint                    
         s/model_weights_step_22320.state.pt                                    
[epoch 187] step=22440 train_loss=0.008305
[train] step=22441 loss=0.007035 lr=1.495e-06
[train] step=22442 loss=0.005692 lr=1.495e-06
[train] step=22443 loss=0.006875 lr=1.495e-06
[train] step=22444 loss=0.003754 lr=1.494e-06
[train] step=22445 loss=0.004817 lr=1.494e-06
[train] step=22446 loss=0.019328 lr=1.493e-06
[train] step=22447 loss=0.011738 lr=1.493e-06
[train] step=22448 loss=0.015950 lr=1.493e-06
[train] step=22449 loss=0.004467 lr=1.492e-06
[train] step=22450 loss=0.005285 lr=1.492e-06
[train] step=22451 loss=0.005580 lr=1.492e-06
[train] step=22452 loss=0.003640 lr=1.491e-06
[train] step=22453 loss=0.014747 lr=1.491e-06
[train] step=22454 loss=0.003596 lr=1.490e-06
[train] step=22455 loss=0.023952 lr=1.490e-06
[train] step=22456 loss=0.006863 lr=1.490e-06
[train] step=22457 loss=0.006904 lr=1.489e-06
[train] step=22458 loss=0.009597 lr=1.489e-06
[train] step=22459 loss=0.008754 lr=1.489e-06
[train] step=22460 loss=0.009068 lr=1.488e-06
[train] step=22461 loss=0.009636 lr=1.488e-06
[train] step=22462 loss=0.007655 lr=1.487e-06
[train] step=22463 loss=0.008935 lr=1.487e-06
[train] step=22464 loss=0.003496 lr=1.487e-06
[train] step=22465 loss=0.012598 lr=1.486e-06
[train] step=22466 loss=0.005176 lr=1.486e-06
[train] step=22467 loss=0.018231 lr=1.486e-06
[train] step=22468 loss=0.002745 lr=1.485e-06
[train] step=22469 loss=0.003865 lr=1.485e-06
[train] step=22470 loss=0.006156 lr=1.484e-06
[train] step=22471 loss=0.004854 lr=1.484e-06
[train] step=22472 loss=0.013834 lr=1.484e-06
[train] step=22473 loss=0.009451 lr=1.483e-06
[train] step=22474 loss=0.004632 lr=1.483e-06
[train] step=22475 loss=0.010537 lr=1.483e-06
[train] step=22476 loss=0.003843 lr=1.482e-06
[train] step=22477 loss=0.003652 lr=1.482e-06
[train] step=22478 loss=0.007145 lr=1.482e-06
[train] step=22479 loss=0.003981 lr=1.481e-06
[train] step=22480 loss=0.006188 lr=1.481e-06
[train] step=22481 loss=0.011224 lr=1.480e-06
[train] step=22482 loss=0.014754 lr=1.480e-06
[train] step=22483 loss=0.024142 lr=1.480e-06
[train] step=22484 loss=0.003020 lr=1.479e-06
[train] step=22485 loss=0.006222 lr=1.479e-06
[train] step=22486 loss=0.007145 lr=1.479e-06
[train] step=22487 loss=0.005048 lr=1.478e-06
[train] step=22488 loss=0.007712 lr=1.478e-06
[train] step=22489 loss=0.016674 lr=1.477e-06
[train] step=22490 loss=0.005441 lr=1.477e-06
[train] step=22491 loss=0.008452 lr=1.477e-06
[train] step=22492 loss=0.004565 lr=1.476e-06
[train] step=22493 loss=0.003810 lr=1.476e-06
[train] step=22494 loss=0.009481 lr=1.476e-06
[train] step=22495 loss=0.003546 lr=1.475e-06
[train] step=22496 loss=0.008157 lr=1.475e-06
[train] step=22497 loss=0.003880 lr=1.474e-06
[train] step=22498 loss=0.009780 lr=1.474e-06
[train] step=22499 loss=0.010044 lr=1.474e-06
[train] step=22500 loss=0.004127 lr=1.473e-06
[train] step=22501 loss=0.011211 lr=1.473e-06
[train] step=22502 loss=0.007339 lr=1.473e-06
[train] step=22503 loss=0.004420 lr=1.472e-06
[train] step=22504 loss=0.010443 lr=1.472e-06
[train] step=22505 loss=0.004037 lr=1.472e-06
[train] step=22506 loss=0.007445 lr=1.471e-06
[train] step=22507 loss=0.004847 lr=1.471e-06
[train] step=22508 loss=0.005801 lr=1.470e-06
[train] step=22509 loss=0.005303 lr=1.470e-06
[train] step=22510 loss=0.005033 lr=1.470e-06
[train] step=22511 loss=0.005628 lr=1.469e-06
[train] step=22512 loss=0.005174 lr=1.469e-06
[train] step=22513 loss=0.012362 lr=1.469e-06
[train] step=22514 loss=0.005310 lr=1.468e-06
[train] step=22515 loss=0.023112 lr=1.468e-06
[train] step=22516 loss=0.005533 lr=1.467e-06
[train] step=22517 loss=0.002337 lr=1.467e-06
[train] step=22518 loss=0.005618 lr=1.467e-06
[train] step=22519 loss=0.010867 lr=1.466e-06
[train] step=22520 loss=0.004491 lr=1.466e-06
[train] step=22521 loss=0.003929 lr=1.466e-06
[train] step=22522 loss=0.003818 lr=1.465e-06
[train] step=22523 loss=0.013818 lr=1.465e-06
[train] step=22524 loss=0.004696 lr=1.465e-06
[train] step=22525 loss=0.010500 lr=1.464e-06
[train] step=22526 loss=0.015906 lr=1.464e-06
[train] step=22527 loss=0.007192 lr=1.463e-06
[train] step=22528 loss=0.008820 lr=1.463e-06
[train] step=22529 loss=0.006396 lr=1.463e-06
[train] step=22530 loss=0.011368 lr=1.462e-06
[train] step=22531 loss=0.007918 lr=1.462e-06
[train] step=22532 loss=0.003933 lr=1.462e-06
[train] step=22533 loss=0.003919 lr=1.461e-06
[train] step=22534 loss=0.014338 lr=1.461e-06
[train] step=22535 loss=0.005491 lr=1.460e-06
[train] step=22536 loss=0.005862 lr=1.460e-06
[train] step=22537 loss=0.002790 lr=1.460e-06
[train] step=22538 loss=0.005928 lr=1.459e-06
[train] step=22539 loss=0.007578 lr=1.459e-06
[train] step=22540 loss=0.006701 lr=1.459e-06
[train] step=22541 loss=0.006803 lr=1.458e-06
[train] step=22542 loss=0.005416 lr=1.458e-06
[train] step=22543 loss=0.003261 lr=1.458e-06
[train] step=22544 loss=0.006670 lr=1.457e-06
[train] step=22545 loss=0.009232 lr=1.457e-06
[train] step=22546 loss=0.002980 lr=1.456e-06
[train] step=22547 loss=0.004634 lr=1.456e-06
[train] step=22548 loss=0.004303 lr=1.456e-06
[train] step=22549 loss=0.004018 lr=1.455e-06
[train] step=22550 loss=0.006765 lr=1.455e-06
[train] step=22551 loss=0.006495 lr=1.455e-06
[train] step=22552 loss=0.006449 lr=1.454e-06
[train] step=22553 loss=0.003025 lr=1.454e-06
[train] step=22554 loss=0.004590 lr=1.453e-06
[train] step=22555 loss=0.008800 lr=1.453e-06
[train] step=22556 loss=0.003983 lr=1.453e-06
[train] step=22557 loss=0.003014 lr=1.452e-06
[train] step=22558 loss=0.003740 lr=1.452e-06
[train] step=22559 loss=0.002882 lr=1.452e-06
[train] step=22560 loss=0.003037 lr=1.451e-06
INFO     [rank 0] Model weights for step 22560 saved in      dit_trainer.py:1288
         checkpoints/model_weights_step_22560.safetensors                       
INFO     [rank 0] Scalar embedding weights for step 22560    dit_trainer.py:1297
         saved                                                                  
INFO     [rank 0] Training state saved:                      dit_trainer.py:1416
         checkpoints/model_weights_step_22560.state.pt                          
DEBUG    [rank 0] Removed old checkpoint:                    dit_trainer.py:1429
         /local/disk/hramachandran/work/wh_work/windinet/dit                    
         _outputs/lundquist/dit_sds_untrained_30k/checkpoint                    
         s/model_weights_step_22320.safetensors                                 
DEBUG    [rank 0] Removed old checkpoint:                    dit_trainer.py:1429
         /local/disk/hramachandran/work/wh_work/windinet/dit                    
         _outputs/lundquist/dit_sds_untrained_30k/checkpoint                    
         s/scalar_embedding_step_22320.safetensors                              
DEBUG    [rank 0] Removed optimizer state for older kept     dit_trainer.py:1444
         checkpoint:                                                            
         /local/disk/hramachandran/work/wh_work/windinet/dit                    
         _outputs/lundquist/dit_sds_untrained_30k/checkpoint                    
         s/model_weights_step_22440.state.pt                                    
[epoch 188] step=22560 train_loss=0.007457
[train] step=22561 loss=0.004061 lr=1.451e-06
[train] step=22562 loss=0.005628 lr=1.451e-06
[train] step=22563 loss=0.008561 lr=1.450e-06
[train] step=22564 loss=0.005530 lr=1.450e-06
[train] step=22565 loss=0.009476 lr=1.449e-06
[train] step=22566 loss=0.004878 lr=1.449e-06
[train] step=22567 loss=0.003007 lr=1.449e-06
[train] step=22568 loss=0.009101 lr=1.448e-06
[train] step=22569 loss=0.010815 lr=1.448e-06
[train] step=22570 loss=0.012553 lr=1.448e-06
[train] step=22571 loss=0.004581 lr=1.447e-06
[train] step=22572 loss=0.014019 lr=1.447e-06
[train] step=22573 loss=0.002878 lr=1.446e-06
[train] step=22574 loss=0.009447 lr=1.446e-06
[train] step=22575 loss=0.003529 lr=1.446e-06
[train] step=22576 loss=0.002784 lr=1.445e-06
[train] step=22577 loss=0.006257 lr=1.445e-06
[train] step=22578 loss=0.003414 lr=1.445e-06
[train] step=22579 loss=0.002474 lr=1.444e-06
[train] step=22580 loss=0.005490 lr=1.444e-06
[train] step=22581 loss=0.004268 lr=1.444e-06
[train] step=22582 loss=0.005260 lr=1.443e-06
[train] step=22583 loss=0.004102 lr=1.443e-06
[train] step=22584 loss=0.003605 lr=1.442e-06
[train] step=22585 loss=0.010878 lr=1.442e-06
[train] step=22586 loss=0.003735 lr=1.442e-06
[train] step=22587 loss=0.005524 lr=1.441e-06
[train] step=22588 loss=0.004997 lr=1.441e-06
[train] step=22589 loss=0.006759 lr=1.441e-06
[train] step=22590 loss=0.015335 lr=1.440e-06
[train] step=22591 loss=0.004396 lr=1.440e-06
[train] step=22592 loss=0.009499 lr=1.440e-06
[train] step=22593 loss=0.003755 lr=1.439e-06
[train] step=22594 loss=0.005579 lr=1.439e-06
[train] step=22595 loss=0.005027 lr=1.438e-06
[train] step=22596 loss=0.011671 lr=1.438e-06
[train] step=22597 loss=0.015201 lr=1.438e-06
[train] step=22598 loss=0.006553 lr=1.437e-06
[train] step=22599 loss=0.008967 lr=1.437e-06
[train] step=22600 loss=0.010619 lr=1.437e-06
[train] step=22601 loss=0.007126 lr=1.436e-06
[train] step=22602 loss=0.004717 lr=1.436e-06
[train] step=22603 loss=0.012032 lr=1.435e-06
[train] step=22604 loss=0.028503 lr=1.435e-06
[train] step=22605 loss=0.021844 lr=1.435e-06
[train] step=22606 loss=0.003378 lr=1.434e-06
[train] step=22607 loss=0.009958 lr=1.434e-06
[train] step=22608 loss=0.009370 lr=1.434e-06
[train] step=22609 loss=0.009560 lr=1.433e-06
[train] step=22610 loss=0.010126 lr=1.433e-06
[train] step=22611 loss=0.003333 lr=1.433e-06
[train] step=22612 loss=0.014761 lr=1.432e-06
[train] step=22613 loss=0.009176 lr=1.432e-06
[train] step=22614 loss=0.004418 lr=1.431e-06
[train] step=22615 loss=0.025530 lr=1.431e-06
[train] step=22616 loss=0.009491 lr=1.431e-06
[train] step=22617 loss=0.015625 lr=1.430e-06
[train] step=22618 loss=0.002458 lr=1.430e-06
[train] step=22619 loss=0.002562 lr=1.430e-06
[train] step=22620 loss=0.009748 lr=1.429e-06
[train] step=22621 loss=0.004330 lr=1.429e-06
[train] step=22622 loss=0.013824 lr=1.429e-06
[train] step=22623 loss=0.004330 lr=1.428e-06
[train] step=22624 loss=0.005214 lr=1.428e-06
[train] step=22625 loss=0.010753 lr=1.427e-06
[train] step=22626 loss=0.005434 lr=1.427e-06
[train] step=22627 loss=0.003438 lr=1.427e-06
[train] step=22628 loss=0.005708 lr=1.426e-06
[train] step=22629 loss=0.005170 lr=1.426e-06
[train] step=22630 loss=0.006629 lr=1.426e-06
[train] step=22631 loss=0.004290 lr=1.425e-06
[train] step=22632 loss=0.005187 lr=1.425e-06
[train] step=22633 loss=0.002699 lr=1.425e-06
[train] step=22634 loss=0.006063 lr=1.424e-06
[train] step=22635 loss=0.005461 lr=1.424e-06
[train] step=22636 loss=0.007538 lr=1.423e-06
[train] step=22637 loss=0.002962 lr=1.423e-06
[train] step=22638 loss=0.003903 lr=1.423e-06
[train] step=22639 loss=0.003893 lr=1.422e-06
[train] step=22640 loss=0.002925 lr=1.422e-06
[train] step=22641 loss=0.005217 lr=1.422e-06
[train] step=22642 loss=0.004951 lr=1.421e-06
[train] step=22643 loss=0.006023 lr=1.421e-06
[train] step=22644 loss=0.007817 lr=1.421e-06
[train] step=22645 loss=0.005180 lr=1.420e-06
[train] step=22646 loss=0.005861 lr=1.420e-06
[train] step=22647 loss=0.003759 lr=1.419e-06
[train] step=22648 loss=0.007685 lr=1.419e-06
[train] step=22649 loss=0.009866 lr=1.419e-06
[train] step=22650 loss=0.006254 lr=1.418e-06
[train] step=22651 loss=0.003383 lr=1.418e-06
[train] step=22652 loss=0.008224 lr=1.418e-06
[train] step=22653 loss=0.006330 lr=1.417e-06
[train] step=22654 loss=0.018131 lr=1.417e-06
[train] step=22655 loss=0.007865 lr=1.417e-06
[train] step=22656 loss=0.003097 lr=1.416e-06
[train] step=22657 loss=0.002970 lr=1.416e-06
[train] step=22658 loss=0.003796 lr=1.415e-06
[train] step=22659 loss=0.010605 lr=1.415e-06
[train] step=22660 loss=0.002859 lr=1.415e-06
[train] step=22661 loss=0.003365 lr=1.414e-06
[train] step=22662 loss=0.007443 lr=1.414e-06
[train] step=22663 loss=0.001942 lr=1.414e-06
[train] step=22664 loss=0.006810 lr=1.413e-06
[train] step=22665 loss=0.007945 lr=1.413e-06
[train] step=22666 loss=0.013682 lr=1.413e-06
[train] step=22667 loss=0.006748 lr=1.412e-06
[train] step=22668 loss=0.005040 lr=1.412e-06
[train] step=22669 loss=0.018794 lr=1.411e-06
[train] step=22670 loss=0.004857 lr=1.411e-06
[train] step=22671 loss=0.006258 lr=1.411e-06
[train] step=22672 loss=0.004656 lr=1.410e-06
[train] step=22673 loss=0.005550 lr=1.410e-06
[train] step=22674 loss=0.004888 lr=1.410e-06
[train] step=22675 loss=0.007674 lr=1.409e-06
[train] step=22676 loss=0.002515 lr=1.409e-06
[train] step=22677 loss=0.003969 lr=1.409e-06
[train] step=22678 loss=0.009788 lr=1.408e-06
[train] step=22679 loss=0.004474 lr=1.408e-06
[train] step=22680 loss=0.012015 lr=1.407e-06
INFO     [rank 0] Model weights for step 22680 saved in      dit_trainer.py:1288
         checkpoints/model_weights_step_22680.safetensors                       
INFO     [rank 0] Scalar embedding weights for step 22680    dit_trainer.py:1297
         saved                                                                  
INFO     [rank 0] Training state saved:                      dit_trainer.py:1416
         checkpoints/model_weights_step_22680.state.pt                          
DEBUG    [rank 0] Removed old checkpoint:                    dit_trainer.py:1429
         /local/disk/hramachandran/work/wh_work/windinet/dit                    
         _outputs/lundquist/dit_sds_untrained_30k/checkpoint                    
         s/model_weights_step_22440.safetensors                                 
DEBUG    [rank 0] Removed old checkpoint:                    dit_trainer.py:1429
         /local/disk/hramachandran/work/wh_work/windinet/dit                    
         _outputs/lundquist/dit_sds_untrained_30k/checkpoint                    
         s/scalar_embedding_step_22440.safetensors                              
DEBUG    [rank 0] Removed optimizer state for older kept     dit_trainer.py:1444
         checkpoint:                                                            
         /local/disk/hramachandran/work/wh_work/windinet/dit                    
         _outputs/lundquist/dit_sds_untrained_30k/checkpoint                    
         s/model_weights_step_22560.state.pt                                    
[epoch 189] step=22680 train_loss=0.007142
[train] step=22681 loss=0.015054 lr=1.407e-06
[train] step=22682 loss=0.002687 lr=1.407e-06
[train] step=22683 loss=0.012204 lr=1.406e-06
[train] step=22684 loss=0.009443 lr=1.406e-06
[train] step=22685 loss=0.004109 lr=1.406e-06
[train] step=22686 loss=0.004392 lr=1.405e-06
[train] step=22687 loss=0.005786 lr=1.405e-06
[train] step=22688 loss=0.027605 lr=1.405e-06
[train] step=22689 loss=0.007883 lr=1.404e-06
[train] step=22690 loss=0.003147 lr=1.404e-06
[train] step=22691 loss=0.005185 lr=1.403e-06
[train] step=22692 loss=0.002927 lr=1.403e-06
[train] step=22693 loss=0.003748 lr=1.403e-06
[train] step=22694 loss=0.008539 lr=1.402e-06
[train] step=22695 loss=0.009078 lr=1.402e-06
[train] step=22696 loss=0.005123 lr=1.402e-06
[train] step=22697 loss=0.006357 lr=1.401e-06
[train] step=22698 loss=0.003743 lr=1.401e-06
[train] step=22699 loss=0.007588 lr=1.401e-06
[train] step=22700 loss=0.004149 lr=1.400e-06
[train] step=22701 loss=0.004878 lr=1.400e-06
[train] step=22702 loss=0.011416 lr=1.399e-06
[train] step=22703 loss=0.006943 lr=1.399e-06
[train] step=22704 loss=0.010290 lr=1.399e-06
[train] step=22705 loss=0.018254 lr=1.398e-06
[train] step=22706 loss=0.006071 lr=1.398e-06
[train] step=22707 loss=0.003773 lr=1.398e-06
[train] step=22708 loss=0.009433 lr=1.397e-06
[train] step=22709 loss=0.024772 lr=1.397e-06
[train] step=22710 loss=0.003440 lr=1.397e-06
[train] step=22711 loss=0.002809 lr=1.396e-06
[train] step=22712 loss=0.003662 lr=1.396e-06
[train] step=22713 loss=0.004006 lr=1.395e-06
[train] step=22714 loss=0.005942 lr=1.395e-06
[train] step=22715 loss=0.005889 lr=1.395e-06
[train] step=22716 loss=0.032784 lr=1.394e-06
[train] step=22717 loss=0.006180 lr=1.394e-06
[train] step=22718 loss=0.009085 lr=1.394e-06
[train] step=22719 loss=0.003185 lr=1.393e-06
[train] step=22720 loss=0.016291 lr=1.393e-06
[train] step=22721 loss=0.003815 lr=1.393e-06
[train] step=22722 loss=0.011136 lr=1.392e-06
[train] step=22723 loss=0.007620 lr=1.392e-06
[train] step=22724 loss=0.002767 lr=1.391e-06
[train] step=22725 loss=0.011120 lr=1.391e-06
[train] step=22726 loss=0.003056 lr=1.391e-06
[train] step=22727 loss=0.006961 lr=1.390e-06
[train] step=22728 loss=0.005456 lr=1.390e-06
[train] step=22729 loss=0.006188 lr=1.390e-06
[train] step=22730 loss=0.003936 lr=1.389e-06
[train] step=22731 loss=0.007522 lr=1.389e-06
[train] step=22732 loss=0.011513 lr=1.389e-06
[train] step=22733 loss=0.002481 lr=1.388e-06
[train] step=22734 loss=0.005394 lr=1.388e-06
[train] step=22735 loss=0.009196 lr=1.388e-06
[train] step=22736 loss=0.004037 lr=1.387e-06
[train] step=22737 loss=0.005822 lr=1.387e-06
[train] step=22738 loss=0.006333 lr=1.386e-06
[train] step=22739 loss=0.001926 lr=1.386e-06
[train] step=22740 loss=0.001881 lr=1.386e-06
[train] step=22741 loss=0.017578 lr=1.385e-06
[train] step=22742 loss=0.003603 lr=1.385e-06
[train] step=22743 loss=0.004365 lr=1.385e-06
[train] step=22744 loss=0.005894 lr=1.384e-06
[train] step=22745 loss=0.004666 lr=1.384e-06
[train] step=22746 loss=0.055829 lr=1.384e-06
[train] step=22747 loss=0.007324 lr=1.383e-06
[train] step=22748 loss=0.002447 lr=1.383e-06
[train] step=22749 loss=0.004800 lr=1.382e-06
[train] step=22750 loss=0.004833 lr=1.382e-06
[train] step=22751 loss=0.005387 lr=1.382e-06
[train] step=22752 loss=0.010192 lr=1.381e-06
[train] step=22753 loss=0.003492 lr=1.381e-06
[train] step=22754 loss=0.004096 lr=1.381e-06
[train] step=22755 loss=0.005581 lr=1.380e-06
[train] step=22756 loss=0.003550 lr=1.380e-06
[train] step=22757 loss=0.008464 lr=1.380e-06
[train] step=22758 loss=0.005853 lr=1.379e-06
[train] step=22759 loss=0.003636 lr=1.379e-06
[train] step=22760 loss=0.003146 lr=1.379e-06
[train] step=22761 loss=0.004370 lr=1.378e-06
[train] step=22762 loss=0.004602 lr=1.378e-06
[train] step=22763 loss=0.003972 lr=1.377e-06
[train] step=22764 loss=0.003903 lr=1.377e-06
[train] step=22765 loss=0.003294 lr=1.377e-06
[train] step=22766 loss=0.010845 lr=1.376e-06
[train] step=22767 loss=0.001944 lr=1.376e-06
[train] step=22768 loss=0.006631 lr=1.376e-06
[train] step=22769 loss=0.003312 lr=1.375e-06
[train] step=22770 loss=0.005104 lr=1.375e-06
[train] step=22771 loss=0.004038 lr=1.375e-06
[train] step=22772 loss=0.004652 lr=1.374e-06
[train] step=22773 loss=0.005909 lr=1.374e-06
[train] step=22774 loss=0.002917 lr=1.373e-06
[train] step=22775 loss=0.011032 lr=1.373e-06
[train] step=22776 loss=0.007738 lr=1.373e-06
[train] step=22777 loss=0.004992 lr=1.372e-06
[train] step=22778 loss=0.004830 lr=1.372e-06
[train] step=22779 loss=0.008765 lr=1.372e-06
[train] step=22780 loss=0.006057 lr=1.371e-06
[train] step=22781 loss=0.041641 lr=1.371e-06
[train] step=22782 loss=0.003124 lr=1.371e-06
[train] step=22783 loss=0.019253 lr=1.370e-06
[train] step=22784 loss=0.004300 lr=1.370e-06
[train] step=22785 loss=0.008493 lr=1.370e-06
[train] step=22786 loss=0.004234 lr=1.369e-06
[train] step=22787 loss=0.030607 lr=1.369e-06
[train] step=22788 loss=0.003375 lr=1.368e-06
[train] step=22789 loss=0.006401 lr=1.368e-06
[train] step=22790 loss=0.005421 lr=1.368e-06
[train] step=22791 loss=0.010822 lr=1.367e-06
[train] step=22792 loss=0.019505 lr=1.367e-06
[train] step=22793 loss=0.004005 lr=1.367e-06
[train] step=22794 loss=0.015957 lr=1.366e-06
[train] step=22795 loss=0.004697 lr=1.366e-06
[train] step=22796 loss=0.006803 lr=1.366e-06
[train] step=22797 loss=0.004623 lr=1.365e-06
[train] step=22798 loss=0.003950 lr=1.365e-06
[train] step=22799 loss=0.004401 lr=1.365e-06
[train] step=22800 loss=0.012612 lr=1.364e-06
[val] step=22800 val_loss=0.014154
INFO     [rank 0] Model weights for step 22800 saved in      dit_trainer.py:1288
         checkpoints/model_weights_step_22800.safetensors                       
INFO     [rank 0] Scalar embedding weights for step 22800    dit_trainer.py:1297
         saved                                                                  
INFO     [rank 0] Training state saved:                      dit_trainer.py:1416
         checkpoints/model_weights_step_22800.state.pt                          
DEBUG    [rank 0] Removed old checkpoint:                    dit_trainer.py:1429
         /local/disk/hramachandran/work/wh_work/windinet/dit                    
         _outputs/lundquist/dit_sds_untrained_30k/checkpoint                    
         s/model_weights_step_22560.safetensors                                 
DEBUG    [rank 0] Removed old checkpoint:                    dit_trainer.py:1429
         /local/disk/hramachandran/work/wh_work/windinet/dit                    
         _outputs/lundquist/dit_sds_untrained_30k/checkpoint                    
         s/scalar_embedding_step_22560.safetensors                              
DEBUG    [rank 0] Removed optimizer state for older kept     dit_trainer.py:1444
         checkpoint:                                                            
         /local/disk/hramachandran/work/wh_work/windinet/dit                    
         _outputs/lundquist/dit_sds_untrained_30k/checkpoint                    
         s/model_weights_step_22680.state.pt                                    
[epoch 190] step=22800 train_loss=0.007861 val_loss=0.014154
[train] step=22801 loss=0.007210 lr=1.364e-06
[train] step=22802 loss=0.016086 lr=1.363e-06
[train] step=22803 loss=0.003281 lr=1.363e-06
[train] step=22804 loss=0.004290 lr=1.363e-06
[train] step=22805 loss=0.005969 lr=1.362e-06
[train] step=22806 loss=0.008231 lr=1.362e-06
[train] step=22807 loss=0.004455 lr=1.362e-06
[train] step=22808 loss=0.019077 lr=1.361e-06
[train] step=22809 loss=0.005523 lr=1.361e-06
[train] step=22810 loss=0.003294 lr=1.361e-06
[train] step=22811 loss=0.003454 lr=1.360e-06
[train] step=22812 loss=0.012431 lr=1.360e-06
[train] step=22813 loss=0.027207 lr=1.360e-06
[train] step=22814 loss=0.002348 lr=1.359e-06
[train] step=22815 loss=0.002583 lr=1.359e-06
[train] step=22816 loss=0.002731 lr=1.358e-06
[train] step=22817 loss=0.005729 lr=1.358e-06
[train] step=22818 loss=0.003606 lr=1.358e-06
[train] step=22819 loss=0.005605 lr=1.357e-06
[train] step=22820 loss=0.006359 lr=1.357e-06
[train] step=22821 loss=0.002987 lr=1.357e-06
[train] step=22822 loss=0.003358 lr=1.356e-06
[train] step=22823 loss=0.007819 lr=1.356e-06
[train] step=22824 loss=0.005473 lr=1.356e-06
[train] step=22825 loss=0.016498 lr=1.355e-06
[train] step=22826 loss=0.004125 lr=1.355e-06
[train] step=22827 loss=0.004407 lr=1.355e-06
[train] step=22828 loss=0.008159 lr=1.354e-06
[train] step=22829 loss=0.005515 lr=1.354e-06
[train] step=22830 loss=0.005629 lr=1.353e-06
[train] step=22831 loss=0.008564 lr=1.353e-06
[train] step=22832 loss=0.007823 lr=1.353e-06
[train] step=22833 loss=0.004068 lr=1.352e-06
[train] step=22834 loss=0.010859 lr=1.352e-06
[train] step=22835 loss=0.007102 lr=1.352e-06
[train] step=22836 loss=0.005578 lr=1.351e-06
[train] step=22837 loss=0.010104 lr=1.351e-06
[train] step=22838 loss=0.004380 lr=1.351e-06
[train] step=22839 loss=0.006928 lr=1.350e-06
[train] step=22840 loss=0.009872 lr=1.350e-06
[train] step=22841 loss=0.007983 lr=1.350e-06
[train] step=22842 loss=0.004090 lr=1.349e-06
[train] step=22843 loss=0.005777 lr=1.349e-06
[train] step=22844 loss=0.007611 lr=1.348e-06
[train] step=22845 loss=0.002914 lr=1.348e-06
[train] step=22846 loss=0.003345 lr=1.348e-06
[train] step=22847 loss=0.003563 lr=1.347e-06
[train] step=22848 loss=0.007594 lr=1.347e-06
[train] step=22849 loss=0.004631 lr=1.347e-06
[train] step=22850 loss=0.005623 lr=1.346e-06
[train] step=22851 loss=0.002814 lr=1.346e-06
[train] step=22852 loss=0.005334 lr=1.346e-06
[train] step=22853 loss=0.037778 lr=1.345e-06
[train] step=22854 loss=0.013074 lr=1.345e-06
[train] step=22855 loss=0.007726 lr=1.345e-06
[train] step=22856 loss=0.004933 lr=1.344e-06
[train] step=22857 loss=0.021282 lr=1.344e-06
[train] step=22858 loss=0.011827 lr=1.343e-06
[train] step=22859 loss=0.009096 lr=1.343e-06
[train] step=22860 loss=0.003514 lr=1.343e-06
[train] step=22861 loss=0.008877 lr=1.342e-06
[train] step=22862 loss=0.007481 lr=1.342e-06
[train] step=22863 loss=0.004709 lr=1.342e-06
[train] step=22864 loss=0.002500 lr=1.341e-06
[train] step=22865 loss=0.002247 lr=1.341e-06
[train] step=22866 loss=0.002518 lr=1.341e-06
[train] step=22867 loss=0.003147 lr=1.340e-06
[train] step=22868 loss=0.005383 lr=1.340e-06
[train] step=22869 loss=0.004064 lr=1.340e-06
[train] step=22870 loss=0.008002 lr=1.339e-06
[train] step=22871 loss=0.009721 lr=1.339e-06
[train] step=22872 loss=0.008190 lr=1.338e-06
[train] step=22873 loss=0.006735 lr=1.338e-06
[train] step=22874 loss=0.007580 lr=1.338e-06
[train] step=22875 loss=0.004833 lr=1.337e-06
[train] step=22876 loss=0.004851 lr=1.337e-06
[train] step=22877 loss=0.005372 lr=1.337e-06
[train] step=22878 loss=0.011293 lr=1.336e-06
[train] step=22879 loss=0.005299 lr=1.336e-06
[train] step=22880 loss=0.003830 lr=1.336e-06
[train] step=22881 loss=0.003860 lr=1.335e-06
[train] step=22882 loss=0.003888 lr=1.335e-06
[train] step=22883 loss=0.005265 lr=1.335e-06
[train] step=22884 loss=0.012060 lr=1.334e-06
[train] step=22885 loss=0.013265 lr=1.334e-06
[train] step=22886 loss=0.006875 lr=1.334e-06
[train] step=22887 loss=0.005943 lr=1.333e-06
[train] step=22888 loss=0.004129 lr=1.333e-06
[train] step=22889 loss=0.011112 lr=1.332e-06
[train] step=22890 loss=0.006405 lr=1.332e-06
[train] step=22891 loss=0.004482 lr=1.332e-06
[train] step=22892 loss=0.005072 lr=1.331e-06
[train] step=22893 loss=0.003118 lr=1.331e-06
[train] step=22894 loss=0.005699 lr=1.331e-06
[train] step=22895 loss=0.006348 lr=1.330e-06
[train] step=22896 loss=0.005110 lr=1.330e-06
[train] step=22897 loss=0.005624 lr=1.330e-06
[train] step=22898 loss=0.013441 lr=1.329e-06
[train] step=22899 loss=0.010439 lr=1.329e-06
[train] step=22900 loss=0.005619 lr=1.329e-06
[train] step=22901 loss=0.007038 lr=1.328e-06
[train] step=22902 loss=0.003402 lr=1.328e-06
[train] step=22903 loss=0.002482 lr=1.327e-06
[train] step=22904 loss=0.006560 lr=1.327e-06
[train] step=22905 loss=0.011107 lr=1.327e-06
[train] step=22906 loss=0.007458 lr=1.326e-06
[train] step=22907 loss=0.005821 lr=1.326e-06
[train] step=22908 loss=0.002983 lr=1.326e-06
[train] step=22909 loss=0.003879 lr=1.325e-06
[train] step=22910 loss=0.007385 lr=1.325e-06
[train] step=22911 loss=0.002861 lr=1.325e-06
[train] step=22912 loss=0.006043 lr=1.324e-06
[train] step=22913 loss=0.008988 lr=1.324e-06
[train] step=22914 loss=0.016086 lr=1.324e-06
[train] step=22915 loss=0.008692 lr=1.323e-06
[train] step=22916 loss=0.004817 lr=1.323e-06
[train] step=22917 loss=0.008705 lr=1.323e-06
[train] step=22918 loss=0.004590 lr=1.322e-06
[train] step=22919 loss=0.006497 lr=1.322e-06
[train] step=22920 loss=0.008595 lr=1.321e-06
INFO     [rank 0] Model weights for step 22920 saved in      dit_trainer.py:1288
         checkpoints/model_weights_step_22920.safetensors                       
INFO     [rank 0] Scalar embedding weights for step 22920    dit_trainer.py:1297
         saved                                                                  
INFO     [rank 0] Training state saved:                      dit_trainer.py:1416
         checkpoints/model_weights_step_22920.state.pt                          
DEBUG    [rank 0] Removed old checkpoint:                    dit_trainer.py:1429
         /local/disk/hramachandran/work/wh_work/windinet/dit                    
         _outputs/lundquist/dit_sds_untrained_30k/checkpoint                    
         s/model_weights_step_22680.safetensors                                 
DEBUG    [rank 0] Removed old checkpoint:                    dit_trainer.py:1429
         /local/disk/hramachandran/work/wh_work/windinet/dit                    
         _outputs/lundquist/dit_sds_untrained_30k/checkpoint                    
         s/scalar_embedding_step_22680.safetensors                              
DEBUG    [rank 0] Removed optimizer state for older kept     dit_trainer.py:1444
         checkpoint:                                                            
         /local/disk/hramachandran/work/wh_work/windinet/dit                    
         _outputs/lundquist/dit_sds_untrained_30k/checkpoint                    
         s/model_weights_step_22800.state.pt                                    
[epoch 191] step=22920 train_loss=0.007097
[train] step=22921 loss=0.008929 lr=1.321e-06
[train] step=22922 loss=0.008819 lr=1.321e-06
[train] step=22923 loss=0.020016 lr=1.320e-06
[train] step=22924 loss=0.004190 lr=1.320e-06
[train] step=22925 loss=0.003404 lr=1.320e-06
[train] step=22926 loss=0.007854 lr=1.319e-06
[train] step=22927 loss=0.024876 lr=1.319e-06
[train] step=22928 loss=0.008234 lr=1.319e-06
[train] step=22929 loss=0.003570 lr=1.318e-06
[train] step=22930 loss=0.004257 lr=1.318e-06
[train] step=22931 loss=0.006333 lr=1.318e-06
[train] step=22932 loss=0.005475 lr=1.317e-06
[train] step=22933 loss=0.035444 lr=1.317e-06
[train] step=22934 loss=0.008025 lr=1.317e-06
[train] step=22935 loss=0.004432 lr=1.316e-06
[train] step=22936 loss=0.004907 lr=1.316e-06
[train] step=22937 loss=0.002371 lr=1.315e-06
[train] step=22938 loss=0.005792 lr=1.315e-06
[train] step=22939 loss=0.012115 lr=1.315e-06
[train] step=22940 loss=0.002019 lr=1.314e-06
[train] step=22941 loss=0.012917 lr=1.314e-06
[train] step=22942 loss=0.003913 lr=1.314e-06
[train] step=22943 loss=0.004248 lr=1.313e-06
[train] step=22944 loss=0.006878 lr=1.313e-06
[train] step=22945 loss=0.011747 lr=1.313e-06
[train] step=22946 loss=0.003504 lr=1.312e-06
[train] step=22947 loss=0.025625 lr=1.312e-06
[train] step=22948 loss=0.003652 lr=1.312e-06
[train] step=22949 loss=0.006547 lr=1.311e-06
[train] step=22950 loss=0.005879 lr=1.311e-06
[train] step=22951 loss=0.003433 lr=1.311e-06
[train] step=22952 loss=0.008333 lr=1.310e-06
[train] step=22953 loss=0.005781 lr=1.310e-06
[train] step=22954 loss=0.005203 lr=1.309e-06
[train] step=22955 loss=0.013992 lr=1.309e-06
[train] step=22956 loss=0.004684 lr=1.309e-06
[train] step=22957 loss=0.013783 lr=1.308e-06
[train] step=22958 loss=0.008235 lr=1.308e-06
[train] step=22959 loss=0.007934 lr=1.308e-06
[train] step=22960 loss=0.002457 lr=1.307e-06
[train] step=22961 loss=0.006983 lr=1.307e-06
[train] step=22962 loss=0.002656 lr=1.307e-06
[train] step=22963 loss=0.006762 lr=1.306e-06
[train] step=22964 loss=0.005815 lr=1.306e-06
[train] step=22965 loss=0.003183 lr=1.306e-06
[train] step=22966 loss=0.008359 lr=1.305e-06
[train] step=22967 loss=0.004558 lr=1.305e-06
[train] step=22968 loss=0.014167 lr=1.305e-06
[train] step=22969 loss=0.007760 lr=1.304e-06
[train] step=22970 loss=0.032548 lr=1.304e-06
[train] step=22971 loss=0.004080 lr=1.304e-06
[train] step=22972 loss=0.004064 lr=1.303e-06
[train] step=22973 loss=0.006163 lr=1.303e-06
[train] step=22974 loss=0.004002 lr=1.302e-06
[train] step=22975 loss=0.013236 lr=1.302e-06
[train] step=22976 loss=0.007688 lr=1.302e-06
[train] step=22977 loss=0.007219 lr=1.301e-06
[train] step=22978 loss=0.005003 lr=1.301e-06
[train] step=22979 loss=0.004853 lr=1.301e-06
[train] step=22980 loss=0.008101 lr=1.300e-06
[train] step=22981 loss=0.015370 lr=1.300e-06
[train] step=22982 loss=0.002654 lr=1.300e-06
[train] step=22983 loss=0.005078 lr=1.299e-06
[train] step=22984 loss=0.008821 lr=1.299e-06
[train] step=22985 loss=0.005990 lr=1.299e-06
[train] step=22986 loss=0.003927 lr=1.298e-06
[train] step=22987 loss=0.005175 lr=1.298e-06
[train] step=22988 loss=0.013101 lr=1.298e-06
[train] step=22989 loss=0.004390 lr=1.297e-06
[train] step=22990 loss=0.005034 lr=1.297e-06
[train] step=22991 loss=0.003333 lr=1.296e-06
[train] step=22992 loss=0.008092 lr=1.296e-06
[train] step=22993 loss=0.003730 lr=1.296e-06
[train] step=22994 loss=0.009326 lr=1.295e-06
[train] step=22995 loss=0.006562 lr=1.295e-06
[train] step=22996 loss=0.002936 lr=1.295e-06
[train] step=22997 loss=0.008818 lr=1.294e-06
[train] step=22998 loss=0.004936 lr=1.294e-06
[train] step=22999 loss=0.005286 lr=1.294e-06
[train] step=23000 loss=0.002503 lr=1.293e-06
[train] step=23001 loss=0.012358 lr=1.293e-06
[train] step=23002 loss=0.006738 lr=1.293e-06
[train] step=23003 loss=0.006600 lr=1.292e-06
[train] step=23004 loss=0.006281 lr=1.292e-06
[train] step=23005 loss=0.007863 lr=1.292e-06
[train] step=23006 loss=0.006807 lr=1.291e-06
[train] step=23007 loss=0.006283 lr=1.291e-06
[train] step=23008 loss=0.005773 lr=1.291e-06
[train] step=23009 loss=0.015257 lr=1.290e-06
[train] step=23010 loss=0.006363 lr=1.290e-06
[train] step=23011 loss=0.015037 lr=1.289e-06
[train] step=23012 loss=0.006082 lr=1.289e-06
[train] step=23013 loss=0.007635 lr=1.289e-06
[train] step=23014 loss=0.007068 lr=1.288e-06
[train] step=23015 loss=0.002945 lr=1.288e-06
[train] step=23016 loss=0.004733 lr=1.288e-06
[train] step=23017 loss=0.014438 lr=1.287e-06
[train] step=23018 loss=0.004518 lr=1.287e-06
[train] step=23019 loss=0.003555 lr=1.287e-06
[train] step=23020 loss=0.007441 lr=1.286e-06
[train] step=23021 loss=0.027164 lr=1.286e-06
[train] step=23022 loss=0.008897 lr=1.286e-06
[train] step=23023 loss=0.003003 lr=1.285e-06
[train] step=23024 loss=0.005447 lr=1.285e-06
[train] step=23025 loss=0.011808 lr=1.285e-06
[train] step=23026 loss=0.006854 lr=1.284e-06
[train] step=23027 loss=0.003971 lr=1.284e-06
[train] step=23028 loss=0.005217 lr=1.284e-06
[train] step=23029 loss=0.001973 lr=1.283e-06
[train] step=23030 loss=0.004531 lr=1.283e-06
[train] step=23031 loss=0.004382 lr=1.283e-06
[train] step=23032 loss=0.006836 lr=1.282e-06
[train] step=23033 loss=0.004360 lr=1.282e-06
[train] step=23034 loss=0.004187 lr=1.281e-06
[train] step=23035 loss=0.006380 lr=1.281e-06
[train] step=23036 loss=0.006601 lr=1.281e-06
[train] step=23037 loss=0.023807 lr=1.280e-06
[train] step=23038 loss=0.005397 lr=1.280e-06
[train] step=23039 loss=0.005968 lr=1.280e-06
[train] step=23040 loss=0.004049 lr=1.279e-06
INFO     [rank 0] Model weights for step 23040 saved in      dit_trainer.py:1288
         checkpoints/model_weights_step_23040.safetensors                       
INFO     [rank 0] Scalar embedding weights for step 23040    dit_trainer.py:1297
         saved                                                                  
INFO     [rank 0] Training state saved:                      dit_trainer.py:1416
         checkpoints/model_weights_step_23040.state.pt                          
DEBUG    [rank 0] Removed old checkpoint:                    dit_trainer.py:1429
         /local/disk/hramachandran/work/wh_work/windinet/dit                    
         _outputs/lundquist/dit_sds_untrained_30k/checkpoint                    
         s/model_weights_step_22800.safetensors                                 
DEBUG    [rank 0] Removed old checkpoint:                    dit_trainer.py:1429
         /local/disk/hramachandran/work/wh_work/windinet/dit                    
         _outputs/lundquist/dit_sds_untrained_30k/checkpoint                    
         s/scalar_embedding_step_22800.safetensors                              
DEBUG    [rank 0] Removed optimizer state for older kept     dit_trainer.py:1444
         checkpoint:                                                            
         /local/disk/hramachandran/work/wh_work/windinet/dit                    
         _outputs/lundquist/dit_sds_untrained_30k/checkpoint                    
         s/model_weights_step_22920.state.pt                                    
[epoch 192] step=23040 train_loss=0.007760
[train] step=23041 loss=0.003956 lr=1.279e-06
[train] step=23042 loss=0.003103 lr=1.279e-06
[train] step=23043 loss=0.005652 lr=1.278e-06
[train] step=23044 loss=0.006185 lr=1.278e-06
[train] step=23045 loss=0.008488 lr=1.278e-06
[train] step=23046 loss=0.007412 lr=1.277e-06
[train] step=23047 loss=0.012696 lr=1.277e-06
[train] step=23048 loss=0.003922 lr=1.277e-06
[train] step=23049 loss=0.008021 lr=1.276e-06
[train] step=23050 loss=0.020324 lr=1.276e-06
[train] step=23051 loss=0.005786 lr=1.276e-06
[train] step=23052 loss=0.007292 lr=1.275e-06
[train] step=23053 loss=0.003659 lr=1.275e-06
[train] step=23054 loss=0.002888 lr=1.274e-06
[train] step=23055 loss=0.003632 lr=1.274e-06
[train] step=23056 loss=0.002974 lr=1.274e-06
[train] step=23057 loss=0.004642 lr=1.273e-06
[train] step=23058 loss=0.014745 lr=1.273e-06
[train] step=23059 loss=0.004096 lr=1.273e-06
[train] step=23060 loss=0.011990 lr=1.272e-06
[train] step=23061 loss=0.005680 lr=1.272e-06
[train] step=23062 loss=0.006504 lr=1.272e-06
[train] step=23063 loss=0.005884 lr=1.271e-06
[train] step=23064 loss=0.006691 lr=1.271e-06
[train] step=23065 loss=0.003423 lr=1.271e-06
[train] step=23066 loss=0.004413 lr=1.270e-06
[train] step=23067 loss=0.009640 lr=1.270e-06
[train] step=23068 loss=0.005218 lr=1.270e-06
[train] step=23069 loss=0.010024 lr=1.269e-06
[train] step=23070 loss=0.003967 lr=1.269e-06
[train] step=23071 loss=0.003625 lr=1.269e-06
[train] step=23072 loss=0.007869 lr=1.268e-06
[train] step=23073 loss=0.006671 lr=1.268e-06
[train] step=23074 loss=0.003429 lr=1.268e-06
[train] step=23075 loss=0.002233 lr=1.267e-06
[train] step=23076 loss=0.006032 lr=1.267e-06
[train] step=23077 loss=0.007801 lr=1.267e-06
[train] step=23078 loss=0.006679 lr=1.266e-06
[train] step=23079 loss=0.007379 lr=1.266e-06
[train] step=23080 loss=0.011355 lr=1.265e-06
[train] step=23081 loss=0.004707 lr=1.265e-06
[train] step=23082 loss=0.009559 lr=1.265e-06
[train] step=23083 loss=0.005020 lr=1.264e-06
[train] step=23084 loss=0.002531 lr=1.264e-06
[train] step=23085 loss=0.003674 lr=1.264e-06
[train] step=23086 loss=0.008895 lr=1.263e-06
[train] step=23087 loss=0.010780 lr=1.263e-06
[train] step=23088 loss=0.005473 lr=1.263e-06
[train] step=23089 loss=0.006540 lr=1.262e-06
[train] step=23090 loss=0.003652 lr=1.262e-06
[train] step=23091 loss=0.013359 lr=1.262e-06
[train] step=23092 loss=0.021346 lr=1.261e-06
[train] step=23093 loss=0.012754 lr=1.261e-06
[train] step=23094 loss=0.010538 lr=1.261e-06
[train] step=23095 loss=0.007083 lr=1.260e-06
[train] step=23096 loss=0.004119 lr=1.260e-06
[train] step=23097 loss=0.004110 lr=1.260e-06
[train] step=23098 loss=0.001565 lr=1.259e-06
[train] step=23099 loss=0.005544 lr=1.259e-06
[train] step=23100 loss=0.004743 lr=1.259e-06
[train] step=23101 loss=0.009513 lr=1.258e-06
[train] step=23102 loss=0.010854 lr=1.258e-06
[train] step=23103 loss=0.003649 lr=1.258e-06
[train] step=23104 loss=0.006994 lr=1.257e-06
[train] step=23105 loss=0.004467 lr=1.257e-06
[train] step=23106 loss=0.006292 lr=1.256e-06
[train] step=23107 loss=0.006174 lr=1.256e-06
[train] step=23108 loss=0.006664 lr=1.256e-06
[train] step=23109 loss=0.006238 lr=1.255e-06
[train] step=23110 loss=0.004553 lr=1.255e-06
[train] step=23111 loss=0.011568 lr=1.255e-06
[train] step=23112 loss=0.007750 lr=1.254e-06
[train] step=23113 loss=0.004721 lr=1.254e-06
[train] step=23114 loss=0.003220 lr=1.254e-06
[train] step=23115 loss=0.008059 lr=1.253e-06
[train] step=23116 loss=0.004320 lr=1.253e-06
[train] step=23117 loss=0.004397 lr=1.253e-06
[train] step=23118 loss=0.003395 lr=1.252e-06
[train] step=23119 loss=0.007951 lr=1.252e-06
[train] step=23120 loss=0.013178 lr=1.252e-06
[train] step=23121 loss=0.011154 lr=1.251e-06
[train] step=23122 loss=0.010754 lr=1.251e-06
[train] step=23123 loss=0.007153 lr=1.251e-06
[train] step=23124 loss=0.009982 lr=1.250e-06
[train] step=23125 loss=0.014401 lr=1.250e-06
[train] step=23126 loss=0.008123 lr=1.250e-06
[train] step=23127 loss=0.009283 lr=1.249e-06
[train] step=23128 loss=0.006620 lr=1.249e-06
[train] step=23129 loss=0.009687 lr=1.249e-06
[train] step=23130 loss=0.007190 lr=1.248e-06
[train] step=23131 loss=0.005239 lr=1.248e-06
[train] step=23132 loss=0.004478 lr=1.247e-06
[train] step=23133 loss=0.004526 lr=1.247e-06
[train] step=23134 loss=0.003589 lr=1.247e-06
[train] step=23135 loss=0.003367 lr=1.246e-06
[train] step=23136 loss=0.007932 lr=1.246e-06
[train] step=23137 loss=0.004117 lr=1.246e-06
[train] step=23138 loss=0.006066 lr=1.245e-06
[train] step=23139 loss=0.011806 lr=1.245e-06
[train] step=23140 loss=0.012681 lr=1.245e-06
[train] step=23141 loss=0.007146 lr=1.244e-06
[train] step=23142 loss=0.017706 lr=1.244e-06
[train] step=23143 loss=0.016387 lr=1.244e-06
[train] step=23144 loss=0.003924 lr=1.243e-06
[train] step=23145 loss=0.003528 lr=1.243e-06
[train] step=23146 loss=0.008942 lr=1.243e-06
[train] step=23147 loss=0.006247 lr=1.242e-06
[train] step=23148 loss=0.001923 lr=1.242e-06
[train] step=23149 loss=0.003468 lr=1.242e-06
[train] step=23150 loss=0.003267 lr=1.241e-06
[train] step=23151 loss=0.003580 lr=1.241e-06
[train] step=23152 loss=0.003946 lr=1.241e-06
[train] step=23153 loss=0.010116 lr=1.240e-06
[train] step=23154 loss=0.011529 lr=1.240e-06
[train] step=23155 loss=0.004401 lr=1.240e-06
[train] step=23156 loss=0.004174 lr=1.239e-06
[train] step=23157 loss=0.004766 lr=1.239e-06
[train] step=23158 loss=0.005319 lr=1.239e-06
[train] step=23159 loss=0.005025 lr=1.238e-06
[train] step=23160 loss=0.004734 lr=1.238e-06
INFO     [rank 0] Model weights for step 23160 saved in      dit_trainer.py:1288
         checkpoints/model_weights_step_23160.safetensors                       
INFO     [rank 0] Scalar embedding weights for step 23160    dit_trainer.py:1297
         saved                                                                  
INFO     [rank 0] Training state saved:                      dit_trainer.py:1416
         checkpoints/model_weights_step_23160.state.pt                          
DEBUG    [rank 0] Removed old checkpoint:                    dit_trainer.py:1429
         /local/disk/hramachandran/work/wh_work/windinet/dit                    
         _outputs/lundquist/dit_sds_untrained_30k/checkpoint                    
         s/model_weights_step_22920.safetensors                                 
DEBUG    [rank 0] Removed old checkpoint:                    dit_trainer.py:1429
         /local/disk/hramachandran/work/wh_work/windinet/dit                    
         _outputs/lundquist/dit_sds_untrained_30k/checkpoint                    
         s/scalar_embedding_step_22920.safetensors                              
DEBUG    [rank 0] Removed optimizer state for older kept     dit_trainer.py:1444
         checkpoint:                                                            
         /local/disk/hramachandran/work/wh_work/windinet/dit                    
         _outputs/lundquist/dit_sds_untrained_30k/checkpoint                    
         s/model_weights_step_23040.state.pt                                    
[epoch 193] step=23160 train_loss=0.006946
[train] step=23161 loss=0.004474 lr=1.238e-06
[train] step=23162 loss=0.002563 lr=1.237e-06
[train] step=23163 loss=0.008869 lr=1.237e-06
[train] step=23164 loss=0.005627 lr=1.236e-06
[train] step=23165 loss=0.003414 lr=1.236e-06
[train] step=23166 loss=0.006991 lr=1.236e-06
[train] step=23167 loss=0.005292 lr=1.235e-06
[train] step=23168 loss=0.002835 lr=1.235e-06
[train] step=23169 loss=0.007135 lr=1.235e-06
[train] step=23170 loss=0.018122 lr=1.234e-06
[train] step=23171 loss=0.003387 lr=1.234e-06
[train] step=23172 loss=0.005303 lr=1.234e-06
[train] step=23173 loss=0.012602 lr=1.233e-06
[train] step=23174 loss=0.003210 lr=1.233e-06
[train] step=23175 loss=0.014785 lr=1.233e-06
[train] step=23176 loss=0.004103 lr=1.232e-06
[train] step=23177 loss=0.003854 lr=1.232e-06
[train] step=23178 loss=0.010076 lr=1.232e-06
[train] step=23179 loss=0.004056 lr=1.231e-06
[train] step=23180 loss=0.019976 lr=1.231e-06
[train] step=23181 loss=0.003913 lr=1.231e-06
[train] step=23182 loss=0.007877 lr=1.230e-06
[train] step=23183 loss=0.011810 lr=1.230e-06
[train] step=23184 loss=0.008525 lr=1.230e-06
[train] step=23185 loss=0.005040 lr=1.229e-06
[train] step=23186 loss=0.009592 lr=1.229e-06
[train] step=23187 loss=0.002912 lr=1.229e-06
[train] step=23188 loss=0.010942 lr=1.228e-06
[train] step=23189 loss=0.004147 lr=1.228e-06
[train] step=23190 loss=0.005997 lr=1.228e-06
[train] step=23191 loss=0.004845 lr=1.227e-06
[train] step=23192 loss=0.006635 lr=1.227e-06
[train] step=23193 loss=0.004895 lr=1.227e-06
[train] step=23194 loss=0.009980 lr=1.226e-06
[train] step=23195 loss=0.003303 lr=1.226e-06
[train] step=23196 loss=0.006249 lr=1.226e-06
[train] step=23197 loss=0.004962 lr=1.225e-06
[train] step=23198 loss=0.010930 lr=1.225e-06
[train] step=23199 loss=0.004611 lr=1.224e-06
[train] step=23200 loss=0.004991 lr=1.224e-06
[train] step=23201 loss=0.024992 lr=1.224e-06
[train] step=23202 loss=0.006542 lr=1.223e-06
[train] step=23203 loss=0.016332 lr=1.223e-06
[train] step=23204 loss=0.007226 lr=1.223e-06
[train] step=23205 loss=0.009353 lr=1.222e-06
[train] step=23206 loss=0.008614 lr=1.222e-06
[train] step=23207 loss=0.006081 lr=1.222e-06
[train] step=23208 loss=0.007791 lr=1.221e-06
[train] step=23209 loss=0.004085 lr=1.221e-06
[train] step=23210 loss=0.010923 lr=1.221e-06
[train] step=23211 loss=0.006757 lr=1.220e-06
[train] step=23212 loss=0.010122 lr=1.220e-06
[train] step=23213 loss=0.005087 lr=1.220e-06
[train] step=23214 loss=0.003665 lr=1.219e-06
[train] step=23215 loss=0.004128 lr=1.219e-06
[train] step=23216 loss=0.002801 lr=1.219e-06
[train] step=23217 loss=0.004164 lr=1.218e-06
[train] step=23218 loss=0.006960 lr=1.218e-06
[train] step=23219 loss=0.003139 lr=1.218e-06
[train] step=23220 loss=0.006668 lr=1.217e-06
[train] step=23221 loss=0.014928 lr=1.217e-06
[train] step=23222 loss=0.004688 lr=1.217e-06
[train] step=23223 loss=0.014832 lr=1.216e-06
[train] step=23224 loss=0.004225 lr=1.216e-06
[train] step=23225 loss=0.012739 lr=1.216e-06
[train] step=23226 loss=0.006778 lr=1.215e-06
[train] step=23227 loss=0.003085 lr=1.215e-06
[train] step=23228 loss=0.004161 lr=1.215e-06
[train] step=23229 loss=0.006219 lr=1.214e-06
[train] step=23230 loss=0.004763 lr=1.214e-06
[train] step=23231 loss=0.004618 lr=1.214e-06
[train] step=23232 loss=0.004569 lr=1.213e-06
[train] step=23233 loss=0.004903 lr=1.213e-06
[train] step=23234 loss=0.013257 lr=1.213e-06
[train] step=23235 loss=0.011880 lr=1.212e-06
[train] step=23236 loss=0.002806 lr=1.212e-06
[train] step=23237 loss=0.009460 lr=1.212e-06
[train] step=23238 loss=0.004872 lr=1.211e-06
[train] step=23239 loss=0.006664 lr=1.211e-06
[train] step=23240 loss=0.004563 lr=1.211e-06
[train] step=23241 loss=0.003981 lr=1.210e-06
[train] step=23242 loss=0.008696 lr=1.210e-06
[train] step=23243 loss=0.018015 lr=1.209e-06
[train] step=23244 loss=0.004190 lr=1.209e-06
[train] step=23245 loss=0.003831 lr=1.209e-06
[train] step=23246 loss=0.008693 lr=1.208e-06
[train] step=23247 loss=0.003349 lr=1.208e-06
[train] step=23248 loss=0.004892 lr=1.208e-06
[train] step=23249 loss=0.002794 lr=1.207e-06
[train] step=23250 loss=0.003759 lr=1.207e-06
[train] step=23251 loss=0.006776 lr=1.207e-06
[train] step=23252 loss=0.009063 lr=1.206e-06
[train] step=23253 loss=0.005830 lr=1.206e-06
[train] step=23254 loss=0.004360 lr=1.206e-06
[train] step=23255 loss=0.010718 lr=1.205e-06
[train] step=23256 loss=0.006822 lr=1.205e-06
[train] step=23257 loss=0.029857 lr=1.205e-06
[train] step=23258 loss=0.005133 lr=1.204e-06
[train] step=23259 loss=0.004134 lr=1.204e-06
[train] step=23260 loss=0.004339 lr=1.204e-06
[train] step=23261 loss=0.006499 lr=1.203e-06
[train] step=23262 loss=0.007043 lr=1.203e-06
[train] step=23263 loss=0.003233 lr=1.203e-06
[train] step=23264 loss=0.003198 lr=1.202e-06
[train] step=23265 loss=0.003456 lr=1.202e-06
[train] step=23266 loss=0.005882 lr=1.202e-06
[train] step=23267 loss=0.005828 lr=1.201e-06
[train] step=23268 loss=0.020912 lr=1.201e-06
[train] step=23269 loss=0.023287 lr=1.201e-06
[train] step=23270 loss=0.007405 lr=1.200e-06
[train] step=23271 loss=0.004164 lr=1.200e-06
[train] step=23272 loss=0.003854 lr=1.200e-06
[train] step=23273 loss=0.005282 lr=1.199e-06
[train] step=23274 loss=0.005117 lr=1.199e-06
[train] step=23275 loss=0.011492 lr=1.199e-06
[train] step=23276 loss=0.004084 lr=1.198e-06
[train] step=23277 loss=0.005127 lr=1.198e-06
[train] step=23278 loss=0.002549 lr=1.198e-06
[train] step=23279 loss=0.005575 lr=1.197e-06
[train] step=23280 loss=0.006987 lr=1.197e-06
INFO     [rank 0] Model weights for step 23280 saved in      dit_trainer.py:1288
         checkpoints/model_weights_step_23280.safetensors                       
INFO     [rank 0] Scalar embedding weights for step 23280    dit_trainer.py:1297
         saved                                                                  
INFO     [rank 0] Training state saved:                      dit_trainer.py:1416
         checkpoints/model_weights_step_23280.state.pt                          
DEBUG    [rank 0] Removed old checkpoint:                    dit_trainer.py:1429
         /local/disk/hramachandran/work/wh_work/windinet/dit                    
         _outputs/lundquist/dit_sds_untrained_30k/checkpoint                    
         s/model_weights_step_23040.safetensors                                 
DEBUG    [rank 0] Removed old checkpoint:                    dit_trainer.py:1429
         /local/disk/hramachandran/work/wh_work/windinet/dit                    
         _outputs/lundquist/dit_sds_untrained_30k/checkpoint                    
         s/scalar_embedding_step_23040.safetensors                              
DEBUG    [rank 0] Removed optimizer state for older kept     dit_trainer.py:1444
         checkpoint:                                                            
         /local/disk/hramachandran/work/wh_work/windinet/dit                    
         _outputs/lundquist/dit_sds_untrained_30k/checkpoint                    
         s/model_weights_step_23160.state.pt                                    
[epoch 194] step=23280 train_loss=0.007219
[train] step=23281 loss=0.002907 lr=1.197e-06
[train] step=23282 loss=0.011473 lr=1.196e-06
[train] step=23283 loss=0.004664 lr=1.196e-06
[train] step=23284 loss=0.006883 lr=1.196e-06
[train] step=23285 loss=0.003838 lr=1.195e-06
[train] step=23286 loss=0.005593 lr=1.195e-06
[train] step=23287 loss=0.008302 lr=1.195e-06
[train] step=23288 loss=0.007116 lr=1.194e-06
[train] step=23289 loss=0.004874 lr=1.194e-06
[train] step=23290 loss=0.003187 lr=1.194e-06
[train] step=23291 loss=0.007738 lr=1.193e-06
[train] step=23292 loss=0.004727 lr=1.193e-06
[train] step=23293 loss=0.007013 lr=1.193e-06
[train] step=23294 loss=0.010908 lr=1.192e-06
[train] step=23295 loss=0.004415 lr=1.192e-06
[train] step=23296 loss=0.004856 lr=1.192e-06
[train] step=23297 loss=0.006142 lr=1.191e-06
[train] step=23298 loss=0.005471 lr=1.191e-06
[train] step=23299 loss=0.011411 lr=1.191e-06
[train] step=23300 loss=0.003857 lr=1.190e-06
[train] step=23301 loss=0.004589 lr=1.190e-06
[train] step=23302 loss=0.012540 lr=1.190e-06
[train] step=23303 loss=0.004521 lr=1.189e-06
[train] step=23304 loss=0.021567 lr=1.189e-06
[train] step=23305 loss=0.005873 lr=1.188e-06
[train] step=23306 loss=0.016594 lr=1.188e-06
[train] step=23307 loss=0.004142 lr=1.188e-06
[train] step=23308 loss=0.004686 lr=1.187e-06
[train] step=23309 loss=0.011443 lr=1.187e-06
[train] step=23310 loss=0.013636 lr=1.187e-06
[train] step=23311 loss=0.008814 lr=1.186e-06
[train] step=23312 loss=0.006985 lr=1.186e-06
[train] step=23313 loss=0.003140 lr=1.186e-06
[train] step=23314 loss=0.038596 lr=1.185e-06
[train] step=23315 loss=0.005640 lr=1.185e-06
[train] step=23316 loss=0.003670 lr=1.185e-06
[train] step=23317 loss=0.008390 lr=1.184e-06
[train] step=23318 loss=0.005013 lr=1.184e-06
[train] step=23319 loss=0.008324 lr=1.184e-06
[train] step=23320 loss=0.005757 lr=1.183e-06
[train] step=23321 loss=0.004555 lr=1.183e-06
[train] step=23322 loss=0.007684 lr=1.183e-06
[train] step=23323 loss=0.007926 lr=1.182e-06
[train] step=23324 loss=0.012918 lr=1.182e-06
[train] step=23325 loss=0.006870 lr=1.182e-06
[train] step=23326 loss=0.007704 lr=1.181e-06
[train] step=23327 loss=0.003382 lr=1.181e-06
[train] step=23328 loss=0.004682 lr=1.181e-06
[train] step=23329 loss=0.007710 lr=1.180e-06
[train] step=23330 loss=0.006395 lr=1.180e-06
[train] step=23331 loss=0.006941 lr=1.180e-06
[train] step=23332 loss=0.005939 lr=1.179e-06
[train] step=23333 loss=0.002517 lr=1.179e-06
[train] step=23334 loss=0.003412 lr=1.179e-06
[train] step=23335 loss=0.003980 lr=1.178e-06
[train] step=23336 loss=0.010601 lr=1.178e-06
[train] step=23337 loss=0.006074 lr=1.178e-06
[train] step=23338 loss=0.006773 lr=1.177e-06
[train] step=23339 loss=0.005038 lr=1.177e-06
[train] step=23340 loss=0.005109 lr=1.177e-06
[train] step=23341 loss=0.009899 lr=1.176e-06
[train] step=23342 loss=0.003074 lr=1.176e-06
[train] step=23343 loss=0.005438 lr=1.176e-06
[train] step=23344 loss=0.005394 lr=1.175e-06
[train] step=23345 loss=0.005060 lr=1.175e-06
[train] step=23346 loss=0.008294 lr=1.175e-06
[train] step=23347 loss=0.001917 lr=1.174e-06
[train] step=23348 loss=0.005671 lr=1.174e-06
[train] step=23349 loss=0.005250 lr=1.174e-06
[train] step=23350 loss=0.005246 lr=1.173e-06
[train] step=23351 loss=0.008461 lr=1.173e-06
[train] step=23352 loss=0.042916 lr=1.173e-06
[train] step=23353 loss=0.005646 lr=1.172e-06
[train] step=23354 loss=0.013221 lr=1.172e-06
[train] step=23355 loss=0.006327 lr=1.172e-06
[train] step=23356 loss=0.008848 lr=1.171e-06
[train] step=23357 loss=0.006390 lr=1.171e-06
[train] step=23358 loss=0.005260 lr=1.171e-06
[train] step=23359 loss=0.002454 lr=1.170e-06
[train] step=23360 loss=0.017059 lr=1.170e-06
[train] step=23361 loss=0.002032 lr=1.170e-06
[train] step=23362 loss=0.006995 lr=1.169e-06
[train] step=23363 loss=0.011301 lr=1.169e-06
[train] step=23364 loss=0.010652 lr=1.169e-06
[train] step=23365 loss=0.003471 lr=1.168e-06
[train] step=23366 loss=0.004914 lr=1.168e-06
[train] step=23367 loss=0.011955 lr=1.168e-06
[train] step=23368 loss=0.004256 lr=1.167e-06
[train] step=23369 loss=0.005627 lr=1.167e-06
[train] step=23370 loss=0.006388 lr=1.167e-06
[train] step=23371 loss=0.010388 lr=1.166e-06
[train] step=23372 loss=0.006640 lr=1.166e-06
[train] step=23373 loss=0.005242 lr=1.166e-06
[train] step=23374 loss=0.008987 lr=1.165e-06
[train] step=23375 loss=0.011927 lr=1.165e-06
[train] step=23376 loss=0.014908 lr=1.165e-06
[train] step=23377 loss=0.004983 lr=1.164e-06
[train] step=23378 loss=0.004645 lr=1.164e-06
[train] step=23379 loss=0.004574 lr=1.164e-06
[train] step=23380 loss=0.017094 lr=1.163e-06
[train] step=23381 loss=0.008657 lr=1.163e-06
[train] step=23382 loss=0.009538 lr=1.163e-06
[train] step=23383 loss=0.005402 lr=1.162e-06
[train] step=23384 loss=0.003245 lr=1.162e-06
[train] step=23385 loss=0.015021 lr=1.162e-06
[train] step=23386 loss=0.004489 lr=1.161e-06
[train] step=23387 loss=0.004188 lr=1.161e-06
[train] step=23388 loss=0.003837 lr=1.161e-06
[train] step=23389 loss=0.002122 lr=1.160e-06
[train] step=23390 loss=0.009574 lr=1.160e-06
[train] step=23391 loss=0.005365 lr=1.160e-06
[train] step=23392 loss=0.007051 lr=1.159e-06
[train] step=23393 loss=0.005477 lr=1.159e-06
[train] step=23394 loss=0.005861 lr=1.159e-06
[train] step=23395 loss=0.007663 lr=1.158e-06
[train] step=23396 loss=0.006434 lr=1.158e-06
[train] step=23397 loss=0.003294 lr=1.158e-06
[train] step=23398 loss=0.002009 lr=1.157e-06
[train] step=23399 loss=0.010272 lr=1.157e-06
[train] step=23400 loss=0.009946 lr=1.157e-06
[val] step=23400 val_loss=0.014170
INFO     [rank 0] Model weights for step 23400 saved in      dit_trainer.py:1288
         checkpoints/model_weights_step_23400.safetensors                       
INFO     [rank 0] Scalar embedding weights for step 23400    dit_trainer.py:1297
         saved                                                                  
INFO     [rank 0] Training state saved:                      dit_trainer.py:1416
         checkpoints/model_weights_step_23400.state.pt                          
DEBUG    [rank 0] Removed old checkpoint:                    dit_trainer.py:1429
         /local/disk/hramachandran/work/wh_work/windinet/dit                    
         _outputs/lundquist/dit_sds_untrained_30k/checkpoint                    
         s/model_weights_step_23160.safetensors                                 
DEBUG    [rank 0] Removed old checkpoint:                    dit_trainer.py:1429
         /local/disk/hramachandran/work/wh_work/windinet/dit                    
         _outputs/lundquist/dit_sds_untrained_30k/checkpoint                    
         s/scalar_embedding_step_23160.safetensors                              
DEBUG    [rank 0] Removed optimizer state for older kept     dit_trainer.py:1444
         checkpoint:                                                            
         /local/disk/hramachandran/work/wh_work/windinet/dit                    
         _outputs/lundquist/dit_sds_untrained_30k/checkpoint                    
         s/model_weights_step_23280.state.pt                                    
[epoch 195] step=23400 train_loss=0.007507 val_loss=0.014170
[train] step=23401 loss=0.003083 lr=1.156e-06
[train] step=23402 loss=0.004674 lr=1.156e-06
[train] step=23403 loss=0.003121 lr=1.156e-06
[train] step=23404 loss=0.009263 lr=1.155e-06
[train] step=23405 loss=0.022652 lr=1.155e-06
[train] step=23406 loss=0.004687 lr=1.155e-06
[train] step=23407 loss=0.014796 lr=1.154e-06
[train] step=23408 loss=0.005188 lr=1.154e-06
[train] step=23409 loss=0.004262 lr=1.154e-06
[train] step=23410 loss=0.003062 lr=1.153e-06
[train] step=23411 loss=0.004732 lr=1.153e-06
[train] step=23412 loss=0.004320 lr=1.153e-06
[train] step=23413 loss=0.004566 lr=1.152e-06
[train] step=23414 loss=0.004314 lr=1.152e-06
[train] step=23415 loss=0.003612 lr=1.152e-06
[train] step=23416 loss=0.036079 lr=1.151e-06
[train] step=23417 loss=0.004012 lr=1.151e-06
[train] step=23418 loss=0.005550 lr=1.151e-06
[train] step=23419 loss=0.006610 lr=1.150e-06
[train] step=23420 loss=0.004594 lr=1.150e-06
[train] step=23421 loss=0.002358 lr=1.150e-06
[train] step=23422 loss=0.005583 lr=1.149e-06
[train] step=23423 loss=0.004563 lr=1.149e-06
[train] step=23424 loss=0.003612 lr=1.149e-06
[train] step=23425 loss=0.004305 lr=1.148e-06
[train] step=23426 loss=0.004484 lr=1.148e-06
[train] step=23427 loss=0.010015 lr=1.148e-06
[train] step=23428 loss=0.004247 lr=1.147e-06
[train] step=23429 loss=0.006813 lr=1.147e-06
[train] step=23430 loss=0.006900 lr=1.147e-06
[train] step=23431 loss=0.006186 lr=1.146e-06
[train] step=23432 loss=0.010039 lr=1.146e-06
[train] step=23433 loss=0.004386 lr=1.146e-06
[train] step=23434 loss=0.006182 lr=1.145e-06
[train] step=23435 loss=0.007317 lr=1.145e-06
[train] step=23436 loss=0.007762 lr=1.145e-06
[train] step=23437 loss=0.007402 lr=1.144e-06
[train] step=23438 loss=0.004449 lr=1.144e-06
[train] step=23439 loss=0.011824 lr=1.144e-06
[train] step=23440 loss=0.007182 lr=1.143e-06
[train] step=23441 loss=0.003818 lr=1.143e-06
[train] step=23442 loss=0.006263 lr=1.143e-06
[train] step=23443 loss=0.015189 lr=1.142e-06
[train] step=23444 loss=0.007393 lr=1.142e-06
[train] step=23445 loss=0.014215 lr=1.142e-06
[train] step=23446 loss=0.003147 lr=1.141e-06
[train] step=23447 loss=0.003559 lr=1.141e-06
[train] step=23448 loss=0.009322 lr=1.141e-06
[train] step=23449 loss=0.004711 lr=1.140e-06
[train] step=23450 loss=0.020779 lr=1.140e-06
[train] step=23451 loss=0.004658 lr=1.140e-06
[train] step=23452 loss=0.005084 lr=1.139e-06
[train] step=23453 loss=0.006910 lr=1.139e-06
[train] step=23454 loss=0.008532 lr=1.139e-06
[train] step=23455 loss=0.003716 lr=1.138e-06
[train] step=23456 loss=0.006483 lr=1.138e-06
[train] step=23457 loss=0.003102 lr=1.138e-06
[train] step=23458 loss=0.024798 lr=1.137e-06
[train] step=23459 loss=0.003220 lr=1.137e-06
[train] step=23460 loss=0.008158 lr=1.137e-06
[train] step=23461 loss=0.004369 lr=1.136e-06
[train] step=23462 loss=0.004132 lr=1.136e-06
[train] step=23463 loss=0.004376 lr=1.136e-06
[train] step=23464 loss=0.023172 lr=1.135e-06
[train] step=23465 loss=0.003994 lr=1.135e-06
[train] step=23466 loss=0.004713 lr=1.135e-06
[train] step=23467 loss=0.009559 lr=1.134e-06
[train] step=23468 loss=0.002838 lr=1.134e-06
[train] step=23469 loss=0.007746 lr=1.134e-06
[train] step=23470 loss=0.005569 lr=1.133e-06
[train] step=23471 loss=0.004099 lr=1.133e-06
[train] step=23472 loss=0.004063 lr=1.133e-06
[train] step=23473 loss=0.003310 lr=1.132e-06
[train] step=23474 loss=0.005559 lr=1.132e-06
[train] step=23475 loss=0.006626 lr=1.132e-06
[train] step=23476 loss=0.005670 lr=1.131e-06
[train] step=23477 loss=0.007058 lr=1.131e-06
[train] step=23478 loss=0.007196 lr=1.131e-06
[train] step=23479 loss=0.003474 lr=1.130e-06
[train] step=23480 loss=0.028579 lr=1.130e-06
[train] step=23481 loss=0.005063 lr=1.130e-06
[train] step=23482 loss=0.006929 lr=1.129e-06
[train] step=23483 loss=0.003160 lr=1.129e-06
[train] step=23484 loss=0.005775 lr=1.129e-06
[train] step=23485 loss=0.005931 lr=1.128e-06
[train] step=23486 loss=0.004556 lr=1.128e-06
[train] step=23487 loss=0.006135 lr=1.128e-06
[train] step=23488 loss=0.003055 lr=1.127e-06
[train] step=23489 loss=0.006396 lr=1.127e-06
[train] step=23490 loss=0.002869 lr=1.127e-06
[train] step=23491 loss=0.011598 lr=1.126e-06
[train] step=23492 loss=0.005015 lr=1.126e-06
[train] step=23493 loss=0.004725 lr=1.126e-06
[train] step=23494 loss=0.005421 lr=1.125e-06
[train] step=23495 loss=0.003215 lr=1.125e-06
[train] step=23496 loss=0.004086 lr=1.125e-06
[train] step=23497 loss=0.003984 lr=1.124e-06
[train] step=23498 loss=0.006516 lr=1.124e-06
[train] step=23499 loss=0.006035 lr=1.124e-06
[train] step=23500 loss=0.017806 lr=1.123e-06
[train] step=23501 loss=0.007483 lr=1.123e-06
[train] step=23502 loss=0.006082 lr=1.123e-06
[train] step=23503 loss=0.004547 lr=1.122e-06
[train] step=23504 loss=0.007164 lr=1.122e-06
[train] step=23505 loss=0.002627 lr=1.122e-06
[train] step=23506 loss=0.003585 lr=1.122e-06
[train] step=23507 loss=0.005163 lr=1.121e-06
[train] step=23508 loss=0.009212 lr=1.121e-06
[train] step=23509 loss=0.004558 lr=1.121e-06
[train] step=23510 loss=0.008567 lr=1.120e-06
[train] step=23511 loss=0.002802 lr=1.120e-06
[train] step=23512 loss=0.004780 lr=1.120e-06
[train] step=23513 loss=0.008064 lr=1.119e-06
[train] step=23514 loss=0.014386 lr=1.119e-06
[train] step=23515 loss=0.004736 lr=1.119e-06
[train] step=23516 loss=0.003972 lr=1.118e-06
[train] step=23517 loss=0.004235 lr=1.118e-06
[train] step=23518 loss=0.004046 lr=1.118e-06
[train] step=23519 loss=0.004505 lr=1.117e-06
[train] step=23520 loss=0.004312 lr=1.117e-06
INFO     [rank 0] Model weights for step 23520 saved in      dit_trainer.py:1288
         checkpoints/model_weights_step_23520.safetensors                       
INFO     [rank 0] Scalar embedding weights for step 23520    dit_trainer.py:1297
         saved                                                                  
INFO     [rank 0] Training state saved:                      dit_trainer.py:1416
         checkpoints/model_weights_step_23520.state.pt                          
DEBUG    [rank 0] Removed old checkpoint:                    dit_trainer.py:1429
         /local/disk/hramachandran/work/wh_work/windinet/dit                    
         _outputs/lundquist/dit_sds_untrained_30k/checkpoint                    
         s/model_weights_step_23280.safetensors                                 
DEBUG    [rank 0] Removed old checkpoint:                    dit_trainer.py:1429
         /local/disk/hramachandran/work/wh_work/windinet/dit                    
         _outputs/lundquist/dit_sds_untrained_30k/checkpoint                    
         s/scalar_embedding_step_23280.safetensors                              
DEBUG    [rank 0] Removed optimizer state for older kept     dit_trainer.py:1444
         checkpoint:                                                            
         /local/disk/hramachandran/work/wh_work/windinet/dit                    
         _outputs/lundquist/dit_sds_untrained_30k/checkpoint                    
         s/model_weights_step_23400.state.pt                                    
[epoch 196] step=23520 train_loss=0.006889
[train] step=23521 loss=0.004972 lr=1.117e-06
[train] step=23522 loss=0.014903 lr=1.116e-06
[train] step=23523 loss=0.012510 lr=1.116e-06
[train] step=23524 loss=0.003728 lr=1.116e-06
[train] step=23525 loss=0.012703 lr=1.115e-06
[train] step=23526 loss=0.005463 lr=1.115e-06
[train] step=23527 loss=0.005744 lr=1.115e-06
[train] step=23528 loss=0.041755 lr=1.114e-06
[train] step=23529 loss=0.003577 lr=1.114e-06
[train] step=23530 loss=0.002631 lr=1.114e-06
[train] step=23531 loss=0.005050 lr=1.113e-06
[train] step=23532 loss=0.003412 lr=1.113e-06
[train] step=23533 loss=0.006040 lr=1.113e-06
[train] step=23534 loss=0.006407 lr=1.112e-06
[train] step=23535 loss=0.005737 lr=1.112e-06
[train] step=23536 loss=0.022699 lr=1.112e-06
[train] step=23537 loss=0.011279 lr=1.111e-06
[train] step=23538 loss=0.009811 lr=1.111e-06
[train] step=23539 loss=0.007522 lr=1.111e-06
[train] step=23540 loss=0.004731 lr=1.110e-06
[train] step=23541 loss=0.003923 lr=1.110e-06
[train] step=23542 loss=0.011672 lr=1.110e-06
[train] step=23543 loss=0.012460 lr=1.109e-06
[train] step=23544 loss=0.004569 lr=1.109e-06
[train] step=23545 loss=0.003962 lr=1.109e-06
[train] step=23546 loss=0.003346 lr=1.108e-06
[train] step=23547 loss=0.002493 lr=1.108e-06
[train] step=23548 loss=0.006624 lr=1.108e-06
[train] step=23549 loss=0.006794 lr=1.107e-06
[train] step=23550 loss=0.004011 lr=1.107e-06
[train] step=23551 loss=0.006707 lr=1.107e-06
[train] step=23552 loss=0.008707 lr=1.106e-06
[train] step=23553 loss=0.002824 lr=1.106e-06
[train] step=23554 loss=0.004372 lr=1.106e-06
[train] step=23555 loss=0.006678 lr=1.105e-06
[train] step=23556 loss=0.004432 lr=1.105e-06
[train] step=23557 loss=0.004643 lr=1.105e-06
[train] step=23558 loss=0.005304 lr=1.104e-06
[train] step=23559 loss=0.003945 lr=1.104e-06
[train] step=23560 loss=0.003749 lr=1.104e-06
[train] step=23561 loss=0.006811 lr=1.103e-06
[train] step=23562 loss=0.004951 lr=1.103e-06
[train] step=23563 loss=0.006039 lr=1.103e-06
[train] step=23564 loss=0.004769 lr=1.103e-06
[train] step=23565 loss=0.004761 lr=1.102e-06
[train] step=23566 loss=0.008193 lr=1.102e-06
[train] step=23567 loss=0.003705 lr=1.102e-06
[train] step=23568 loss=0.007292 lr=1.101e-06
[train] step=23569 loss=0.005210 lr=1.101e-06
[train] step=23570 loss=0.008686 lr=1.101e-06
[train] step=23571 loss=0.008903 lr=1.100e-06
[train] step=23572 loss=0.003335 lr=1.100e-06
[train] step=23573 loss=0.006718 lr=1.100e-06
[train] step=23574 loss=0.005684 lr=1.099e-06
[train] step=23575 loss=0.007887 lr=1.099e-06
[train] step=23576 loss=0.007873 lr=1.099e-06
[train] step=23577 loss=0.044605 lr=1.098e-06
[train] step=23578 loss=0.011084 lr=1.098e-06
[train] step=23579 loss=0.003959 lr=1.098e-06
[train] step=23580 loss=0.003071 lr=1.097e-06
[train] step=23581 loss=0.009532 lr=1.097e-06
[train] step=23582 loss=0.004761 lr=1.097e-06
[train] step=23583 loss=0.013250 lr=1.096e-06
[train] step=23584 loss=0.003794 lr=1.096e-06
[train] step=23585 loss=0.015038 lr=1.096e-06
[train] step=23586 loss=0.008433 lr=1.095e-06
[train] step=23587 loss=0.003862 lr=1.095e-06
[train] step=23588 loss=0.011313 lr=1.095e-06
[train] step=23589 loss=0.005456 lr=1.094e-06
[train] step=23590 loss=0.006671 lr=1.094e-06
[train] step=23591 loss=0.003608 lr=1.094e-06
[train] step=23592 loss=0.003304 lr=1.093e-06
[train] step=23593 loss=0.009564 lr=1.093e-06
[train] step=23594 loss=0.004062 lr=1.093e-06
[train] step=23595 loss=0.005985 lr=1.092e-06
[train] step=23596 loss=0.003910 lr=1.092e-06
[train] step=23597 loss=0.002450 lr=1.092e-06
[train] step=23598 loss=0.003811 lr=1.091e-06
[train] step=23599 loss=0.004360 lr=1.091e-06
[train] step=23600 loss=0.003469 lr=1.091e-06
[train] step=23601 loss=0.004028 lr=1.090e-06
[train] step=23602 loss=0.031738 lr=1.090e-06
[train] step=23603 loss=0.009922 lr=1.090e-06
[train] step=23604 loss=0.019422 lr=1.089e-06
[train] step=23605 loss=0.004701 lr=1.089e-06
[train] step=23606 loss=0.003574 lr=1.089e-06
[train] step=23607 loss=0.006783 lr=1.089e-06
[train] step=23608 loss=0.004310 lr=1.088e-06
[train] step=23609 loss=0.006320 lr=1.088e-06
[train] step=23610 loss=0.004902 lr=1.088e-06
[train] step=23611 loss=0.038227 lr=1.087e-06
[train] step=23612 loss=0.008443 lr=1.087e-06
[train] step=23613 loss=0.004997 lr=1.087e-06
[train] step=23614 loss=0.007491 lr=1.086e-06
[train] step=23615 loss=0.003961 lr=1.086e-06
[train] step=23616 loss=0.003009 lr=1.086e-06
[train] step=23617 loss=0.005768 lr=1.085e-06
[train] step=23618 loss=0.002932 lr=1.085e-06
[train] step=23619 loss=0.005361 lr=1.085e-06
[train] step=23620 loss=0.004116 lr=1.084e-06
[train] step=23621 loss=0.010739 lr=1.084e-06
[train] step=23622 loss=0.003180 lr=1.084e-06
[train] step=23623 loss=0.005826 lr=1.083e-06
[train] step=23624 loss=0.005719 lr=1.083e-06
[train] step=23625 loss=0.015567 lr=1.083e-06
[train] step=23626 loss=0.005211 lr=1.082e-06
[train] step=23627 loss=0.002829 lr=1.082e-06
[train] step=23628 loss=0.002415 lr=1.082e-06
[train] step=23629 loss=0.003024 lr=1.081e-06
[train] step=23630 loss=0.008810 lr=1.081e-06
[train] step=23631 loss=0.005340 lr=1.081e-06
[train] step=23632 loss=0.021558 lr=1.080e-06
[train] step=23633 loss=0.006561 lr=1.080e-06
[train] step=23634 loss=0.008022 lr=1.080e-06
[train] step=23635 loss=0.010322 lr=1.079e-06
[train] step=23636 loss=0.006408 lr=1.079e-06
[train] step=23637 loss=0.005698 lr=1.079e-06
[train] step=23638 loss=0.003139 lr=1.078e-06
[train] step=23639 loss=0.007961 lr=1.078e-06
[train] step=23640 loss=0.002602 lr=1.078e-06
INFO     [rank 0] Model weights for step 23640 saved in      dit_trainer.py:1288
         checkpoints/model_weights_step_23640.safetensors                       
INFO     [rank 0] Scalar embedding weights for step 23640    dit_trainer.py:1297
         saved                                                                  
INFO     [rank 0] Training state saved:                      dit_trainer.py:1416
         checkpoints/model_weights_step_23640.state.pt                          
DEBUG    [rank 0] Removed old checkpoint:                    dit_trainer.py:1429
         /local/disk/hramachandran/work/wh_work/windinet/dit                    
         _outputs/lundquist/dit_sds_untrained_30k/checkpoint                    
         s/model_weights_step_23400.safetensors                                 
DEBUG    [rank 0] Removed old checkpoint:                    dit_trainer.py:1429
         /local/disk/hramachandran/work/wh_work/windinet/dit                    
         _outputs/lundquist/dit_sds_untrained_30k/checkpoint                    
         s/scalar_embedding_step_23400.safetensors                              
DEBUG    [rank 0] Removed optimizer state for older kept     dit_trainer.py:1444
         checkpoint:                                                            
         /local/disk/hramachandran/work/wh_work/windinet/dit                    
         _outputs/lundquist/dit_sds_untrained_30k/checkpoint                    
         s/model_weights_step_23520.state.pt                                    
[epoch 197] step=23640 train_loss=0.007623
[train] step=23641 loss=0.004358 lr=1.077e-06
[train] step=23642 loss=0.005924 lr=1.077e-06
[train] step=23643 loss=0.002815 lr=1.077e-06
[train] step=23644 loss=0.002686 lr=1.077e-06
[train] step=23645 loss=0.006525 lr=1.076e-06
[train] step=23646 loss=0.005384 lr=1.076e-06
[train] step=23647 loss=0.010946 lr=1.076e-06
[train] step=23648 loss=0.009577 lr=1.075e-06
[train] step=23649 loss=0.003289 lr=1.075e-06
[train] step=23650 loss=0.005943 lr=1.075e-06
[train] step=23651 loss=0.004382 lr=1.074e-06
[train] step=23652 loss=0.011907 lr=1.074e-06
[train] step=23653 loss=0.007945 lr=1.074e-06
[train] step=23654 loss=0.007583 lr=1.073e-06
[train] step=23655 loss=0.005388 lr=1.073e-06
[train] step=23656 loss=0.013303 lr=1.073e-06
[train] step=23657 loss=0.005059 lr=1.072e-06
[train] step=23658 loss=0.006124 lr=1.072e-06
[train] step=23659 loss=0.011932 lr=1.072e-06
[train] step=23660 loss=0.005470 lr=1.071e-06
[train] step=23661 loss=0.006445 lr=1.071e-06
[train] step=23662 loss=0.004979 lr=1.071e-06
[train] step=23663 loss=0.003493 lr=1.070e-06
[train] step=23664 loss=0.004917 lr=1.070e-06
[train] step=23665 loss=0.015801 lr=1.070e-06
[train] step=23666 loss=0.004546 lr=1.069e-06
[train] step=23667 loss=0.002444 lr=1.069e-06
[train] step=23668 loss=0.005689 lr=1.069e-06
[train] step=23669 loss=0.006509 lr=1.068e-06
[train] step=23670 loss=0.004414 lr=1.068e-06
[train] step=23671 loss=0.003711 lr=1.068e-06
[train] step=23672 loss=0.005129 lr=1.067e-06
[train] step=23673 loss=0.004576 lr=1.067e-06
[train] step=23674 loss=0.009683 lr=1.067e-06
[train] step=23675 loss=0.012540 lr=1.067e-06
[train] step=23676 loss=0.008587 lr=1.066e-06
[train] step=23677 loss=0.004345 lr=1.066e-06
[train] step=23678 loss=0.003854 lr=1.066e-06
[train] step=23679 loss=0.005857 lr=1.065e-06
[train] step=23680 loss=0.006383 lr=1.065e-06
[train] step=23681 loss=0.005776 lr=1.065e-06
[train] step=23682 loss=0.005564 lr=1.064e-06
[train] step=23683 loss=0.008789 lr=1.064e-06
[train] step=23684 loss=0.006200 lr=1.064e-06
[train] step=23685 loss=0.003151 lr=1.063e-06
[train] step=23686 loss=0.003942 lr=1.063e-06
[train] step=23687 loss=0.003087 lr=1.063e-06
[train] step=23688 loss=0.006269 lr=1.062e-06
[train] step=23689 loss=0.003720 lr=1.062e-06
[train] step=23690 loss=0.005945 lr=1.062e-06
[train] step=23691 loss=0.011942 lr=1.061e-06
[train] step=23692 loss=0.007975 lr=1.061e-06
[train] step=23693 loss=0.006517 lr=1.061e-06
[train] step=23694 loss=0.007029 lr=1.060e-06
[train] step=23695 loss=0.004618 lr=1.060e-06
[train] step=23696 loss=0.003886 lr=1.060e-06
[train] step=23697 loss=0.004858 lr=1.059e-06
[train] step=23698 loss=0.006622 lr=1.059e-06
[train] step=23699 loss=0.011566 lr=1.059e-06
[train] step=23700 loss=0.016335 lr=1.058e-06
[train] step=23701 loss=0.004673 lr=1.058e-06
[train] step=23702 loss=0.006280 lr=1.058e-06
[train] step=23703 loss=0.004777 lr=1.058e-06
[train] step=23704 loss=0.006464 lr=1.057e-06
[train] step=23705 loss=0.008796 lr=1.057e-06
[train] step=23706 loss=0.009549 lr=1.057e-06
[train] step=23707 loss=0.005222 lr=1.056e-06
[train] step=23708 loss=0.003029 lr=1.056e-06
[train] step=23709 loss=0.004512 lr=1.056e-06
[train] step=23710 loss=0.010739 lr=1.055e-06
[train] step=23711 loss=0.005639 lr=1.055e-06
[train] step=23712 loss=0.001917 lr=1.055e-06
[train] step=23713 loss=0.003487 lr=1.054e-06
[train] step=23714 loss=0.019170 lr=1.054e-06
[train] step=23715 loss=0.006502 lr=1.054e-06
[train] step=23716 loss=0.006717 lr=1.053e-06
[train] step=23717 loss=0.002333 lr=1.053e-06
[train] step=23718 loss=0.011751 lr=1.053e-06
[train] step=23719 loss=0.005069 lr=1.052e-06
[train] step=23720 loss=0.002996 lr=1.052e-06
[train] step=23721 loss=0.003971 lr=1.052e-06
[train] step=23722 loss=0.007443 lr=1.051e-06
[train] step=23723 loss=0.014690 lr=1.051e-06
[train] step=23724 loss=0.004063 lr=1.051e-06
[train] step=23725 loss=0.004891 lr=1.050e-06
[train] step=23726 loss=0.005010 lr=1.050e-06
[train] step=23727 loss=0.002098 lr=1.050e-06
[train] step=23728 loss=0.003934 lr=1.050e-06
[train] step=23729 loss=0.009224 lr=1.049e-06
[train] step=23730 loss=0.006584 lr=1.049e-06
[train] step=23731 loss=0.004802 lr=1.049e-06
[train] step=23732 loss=0.009855 lr=1.048e-06
[train] step=23733 loss=0.004658 lr=1.048e-06
[train] step=23734 loss=0.003614 lr=1.048e-06
[train] step=23735 loss=0.002320 lr=1.047e-06
[train] step=23736 loss=0.005115 lr=1.047e-06
[train] step=23737 loss=0.006603 lr=1.047e-06
[train] step=23738 loss=0.004939 lr=1.046e-06
[train] step=23739 loss=0.009569 lr=1.046e-06
[train] step=23740 loss=0.009630 lr=1.046e-06
[train] step=23741 loss=0.008067 lr=1.045e-06
[train] step=23742 loss=0.011126 lr=1.045e-06
[train] step=23743 loss=0.005422 lr=1.045e-06
[train] step=23744 loss=0.004019 lr=1.044e-06
[train] step=23745 loss=0.007738 lr=1.044e-06
[train] step=23746 loss=0.005600 lr=1.044e-06
[train] step=23747 loss=0.004996 lr=1.043e-06
[train] step=23748 loss=0.004481 lr=1.043e-06
[train] step=23749 loss=0.004303 lr=1.043e-06
[train] step=23750 loss=0.003094 lr=1.043e-06
[train] step=23751 loss=0.003983 lr=1.042e-06
[train] step=23752 loss=0.006459 lr=1.042e-06
[train] step=23753 loss=0.018620 lr=1.042e-06
[train] step=23754 loss=0.003364 lr=1.041e-06
[train] step=23755 loss=0.005142 lr=1.041e-06
[train] step=23756 loss=0.011301 lr=1.041e-06
[train] step=23757 loss=0.003824 lr=1.040e-06
[train] step=23758 loss=0.002718 lr=1.040e-06
[train] step=23759 loss=0.003915 lr=1.040e-06
[train] step=23760 loss=0.003793 lr=1.039e-06
INFO     [rank 0] Model weights for step 23760 saved in      dit_trainer.py:1288
         checkpoints/model_weights_step_23760.safetensors                       
INFO     [rank 0] Scalar embedding weights for step 23760    dit_trainer.py:1297
         saved                                                                  
INFO     [rank 0] Training state saved:                      dit_trainer.py:1416
         checkpoints/model_weights_step_23760.state.pt                          
DEBUG    [rank 0] Removed old checkpoint:                    dit_trainer.py:1429
         /local/disk/hramachandran/work/wh_work/windinet/dit                    
         _outputs/lundquist/dit_sds_untrained_30k/checkpoint                    
         s/model_weights_step_23520.safetensors                                 
DEBUG    [rank 0] Removed old checkpoint:                    dit_trainer.py:1429
         /local/disk/hramachandran/work/wh_work/windinet/dit                    
         _outputs/lundquist/dit_sds_untrained_30k/checkpoint                    
         s/scalar_embedding_step_23520.safetensors                              
DEBUG    [rank 0] Removed optimizer state for older kept     dit_trainer.py:1444
         checkpoint:                                                            
         /local/disk/hramachandran/work/wh_work/windinet/dit                    
         _outputs/lundquist/dit_sds_untrained_30k/checkpoint                    
         s/model_weights_step_23640.state.pt                                    
[epoch 198] step=23760 train_loss=0.006397
[train] step=23761 loss=0.007715 lr=1.039e-06
[train] step=23762 loss=0.003587 lr=1.039e-06
[train] step=23763 loss=0.003493 lr=1.038e-06
[train] step=23764 loss=0.004373 lr=1.038e-06
[train] step=23765 loss=0.004629 lr=1.038e-06
[train] step=23766 loss=0.007144 lr=1.037e-06
[train] step=23767 loss=0.008400 lr=1.037e-06
[train] step=23768 loss=0.010460 lr=1.037e-06
[train] step=23769 loss=0.003742 lr=1.036e-06
[train] step=23770 loss=0.006366 lr=1.036e-06
[train] step=23771 loss=0.002568 lr=1.036e-06
[train] step=23772 loss=0.005777 lr=1.036e-06
[train] step=23773 loss=0.036169 lr=1.035e-06
[train] step=23774 loss=0.015589 lr=1.035e-06
[train] step=23775 loss=0.006264 lr=1.035e-06
[train] step=23776 loss=0.011036 lr=1.034e-06
[train] step=23777 loss=0.004615 lr=1.034e-06
[train] step=23778 loss=0.005478 lr=1.034e-06
[train] step=23779 loss=0.003741 lr=1.033e-06
[train] step=23780 loss=0.013693 lr=1.033e-06
[train] step=23781 loss=0.005620 lr=1.033e-06
[train] step=23782 loss=0.010093 lr=1.032e-06
[train] step=23783 loss=0.009928 lr=1.032e-06
[train] step=23784 loss=0.019296 lr=1.032e-06
[train] step=23785 loss=0.004703 lr=1.031e-06
[train] step=23786 loss=0.006784 lr=1.031e-06
[train] step=23787 loss=0.004291 lr=1.031e-06
[train] step=23788 loss=0.004827 lr=1.030e-06
[train] step=23789 loss=0.010591 lr=1.030e-06
[train] step=23790 loss=0.002909 lr=1.030e-06
[train] step=23791 loss=0.009051 lr=1.029e-06
[train] step=23792 loss=0.005872 lr=1.029e-06
[train] step=23793 loss=0.005650 lr=1.029e-06
[train] step=23794 loss=0.005539 lr=1.029e-06
[train] step=23795 loss=0.004491 lr=1.028e-06
[train] step=23796 loss=0.003081 lr=1.028e-06
[train] step=23797 loss=0.007940 lr=1.028e-06
[train] step=23798 loss=0.005140 lr=1.027e-06
[train] step=23799 loss=0.006303 lr=1.027e-06
[train] step=23800 loss=0.006057 lr=1.027e-06
[train] step=23801 loss=0.003736 lr=1.026e-06
[train] step=23802 loss=0.003171 lr=1.026e-06
[train] step=23803 loss=0.005348 lr=1.026e-06
[train] step=23804 loss=0.004417 lr=1.025e-06
[train] step=23805 loss=0.004329 lr=1.025e-06
[train] step=23806 loss=0.007587 lr=1.025e-06
[train] step=23807 loss=0.005018 lr=1.024e-06
[train] step=23808 loss=0.005346 lr=1.024e-06
[train] step=23809 loss=0.007086 lr=1.024e-06
[train] step=23810 loss=0.004008 lr=1.023e-06
[train] step=23811 loss=0.015035 lr=1.023e-06
[train] step=23812 loss=0.004326 lr=1.023e-06
[train] step=23813 loss=0.005813 lr=1.023e-06
[train] step=23814 loss=0.003794 lr=1.022e-06
[train] step=23815 loss=0.003081 lr=1.022e-06
[train] step=23816 loss=0.004516 lr=1.022e-06
[train] step=23817 loss=0.003051 lr=1.021e-06
[train] step=23818 loss=0.013926 lr=1.021e-06
[train] step=23819 loss=0.004877 lr=1.021e-06
[train] step=23820 loss=0.009128 lr=1.020e-06
[train] step=23821 loss=0.004035 lr=1.020e-06
[train] step=23822 loss=0.005796 lr=1.020e-06
[train] step=23823 loss=0.004240 lr=1.019e-06
[train] step=23824 loss=0.004704 lr=1.019e-06
[train] step=23825 loss=0.004341 lr=1.019e-06
[train] step=23826 loss=0.011880 lr=1.018e-06
[train] step=23827 loss=0.006803 lr=1.018e-06
[train] step=23828 loss=0.003526 lr=1.018e-06
[train] step=23829 loss=0.004248 lr=1.017e-06
[train] step=23830 loss=0.002130 lr=1.017e-06
[train] step=23831 loss=0.028238 lr=1.017e-06
[train] step=23832 loss=0.004530 lr=1.017e-06
[train] step=23833 loss=0.004568 lr=1.016e-06
[train] step=23834 loss=0.006179 lr=1.016e-06
[train] step=23835 loss=0.003032 lr=1.016e-06
[train] step=23836 loss=0.005145 lr=1.015e-06
[train] step=23837 loss=0.014585 lr=1.015e-06
[train] step=23838 loss=0.002987 lr=1.015e-06
[train] step=23839 loss=0.009892 lr=1.014e-06
[train] step=23840 loss=0.004336 lr=1.014e-06
[train] step=23841 loss=0.008749 lr=1.014e-06
[train] step=23842 loss=0.004961 lr=1.013e-06
[train] step=23843 loss=0.007636 lr=1.013e-06
[train] step=23844 loss=0.003925 lr=1.013e-06
[train] step=23845 loss=0.003965 lr=1.012e-06
[train] step=23846 loss=0.039712 lr=1.012e-06
[train] step=23847 loss=0.004484 lr=1.012e-06
[train] step=23848 loss=0.002557 lr=1.012e-06
[train] step=23849 loss=0.009005 lr=1.011e-06
[train] step=23850 loss=0.006104 lr=1.011e-06
[train] step=23851 loss=0.004546 lr=1.011e-06
[train] step=23852 loss=0.004624 lr=1.010e-06
[train] step=23853 loss=0.007645 lr=1.010e-06
[train] step=23854 loss=0.017625 lr=1.010e-06
[train] step=23855 loss=0.004060 lr=1.009e-06
[train] step=23856 loss=0.004263 lr=1.009e-06
[train] step=23857 loss=0.015417 lr=1.009e-06
[train] step=23858 loss=0.007509 lr=1.008e-06
[train] step=23859 loss=0.011391 lr=1.008e-06
[train] step=23860 loss=0.014886 lr=1.008e-06
[train] step=23861 loss=0.003648 lr=1.007e-06
[train] step=23862 loss=0.003854 lr=1.007e-06
[train] step=23863 loss=0.003526 lr=1.007e-06
[train] step=23864 loss=0.002822 lr=1.006e-06
[train] step=23865 loss=0.008832 lr=1.006e-06
[train] step=23866 loss=0.005180 lr=1.006e-06
[train] step=23867 loss=0.003812 lr=1.006e-06
[train] step=23868 loss=0.011477 lr=1.005e-06
[train] step=23869 loss=0.008025 lr=1.005e-06
[train] step=23870 loss=0.004226 lr=1.005e-06
[train] step=23871 loss=0.004075 lr=1.004e-06
[train] step=23872 loss=0.007109 lr=1.004e-06
[train] step=23873 loss=0.005485 lr=1.004e-06
[train] step=23874 loss=0.007444 lr=1.003e-06
[train] step=23875 loss=0.005661 lr=1.003e-06
[train] step=23876 loss=0.005725 lr=1.003e-06
[train] step=23877 loss=0.005362 lr=1.002e-06
[train] step=23878 loss=0.008004 lr=1.002e-06
[train] step=23879 loss=0.004141 lr=1.002e-06
[train] step=23880 loss=0.005043 lr=1.001e-06
INFO     [rank 0] Model weights for step 23880 saved in      dit_trainer.py:1288
         checkpoints/model_weights_step_23880.safetensors                       
INFO     [rank 0] Scalar embedding weights for step 23880    dit_trainer.py:1297
         saved                                                                  
INFO     [rank 0] Training state saved:                      dit_trainer.py:1416
         checkpoints/model_weights_step_23880.state.pt                          
DEBUG    [rank 0] Removed old checkpoint:                    dit_trainer.py:1429
         /local/disk/hramachandran/work/wh_work/windinet/dit                    
         _outputs/lundquist/dit_sds_untrained_30k/checkpoint                    
         s/model_weights_step_23640.safetensors                                 
DEBUG    [rank 0] Removed old checkpoint:                    dit_trainer.py:1429
         /local/disk/hramachandran/work/wh_work/windinet/dit                    
         _outputs/lundquist/dit_sds_untrained_30k/checkpoint                    
         s/scalar_embedding_step_23640.safetensors                              
DEBUG    [rank 0] Removed optimizer state for older kept     dit_trainer.py:1444
         checkpoint:                                                            
         /local/disk/hramachandran/work/wh_work/windinet/dit                    
         _outputs/lundquist/dit_sds_untrained_30k/checkpoint                    
         s/model_weights_step_23760.state.pt                                    
[epoch 199] step=23880 train_loss=0.007092
[train] step=23881 loss=0.005734 lr=1.001e-06
[train] step=23882 loss=0.005943 lr=1.001e-06
[train] step=23883 loss=0.002460 lr=1.001e-06
[train] step=23884 loss=0.003291 lr=1.000e-06
[train] step=23885 loss=0.004772 lr=9.999e-07
[train] step=23886 loss=0.002997 lr=9.996e-07
[train] step=23887 loss=0.014324 lr=9.993e-07
[train] step=23888 loss=0.002812 lr=9.990e-07
[train] step=23889 loss=0.008384 lr=9.987e-07
[train] step=23890 loss=0.005044 lr=9.984e-07
[train] step=23891 loss=0.005093 lr=9.980e-07
[train] step=23892 loss=0.004126 lr=9.977e-07
[train] step=23893 loss=0.009443 lr=9.974e-07
[train] step=23894 loss=0.004691 lr=9.971e-07
[train] step=23895 loss=0.005096 lr=9.968e-07
[train] step=23896 loss=0.004239 lr=9.965e-07
[train] step=23897 loss=0.003567 lr=9.962e-07
[train] step=23898 loss=0.007441 lr=9.959e-07
[train] step=23899 loss=0.009074 lr=9.956e-07
[train] step=23900 loss=0.005366 lr=9.952e-07
[train] step=23901 loss=0.003842 lr=9.949e-07
[train] step=23902 loss=0.005687 lr=9.946e-07
[train] step=23903 loss=0.005085 lr=9.943e-07
[train] step=23904 loss=0.014513 lr=9.940e-07
[train] step=23905 loss=0.007923 lr=9.937e-07
[train] step=23906 loss=0.003901 lr=9.934e-07
[train] step=23907 loss=0.059943 lr=9.931e-07
[train] step=23908 loss=0.007891 lr=9.927e-07
[train] step=23909 loss=0.005105 lr=9.924e-07
[train] step=23910 loss=0.004027 lr=9.921e-07
[train] step=23911 loss=0.006076 lr=9.918e-07
[train] step=23912 loss=0.004203 lr=9.915e-07
[train] step=23913 loss=0.005985 lr=9.912e-07
[train] step=23914 loss=0.004518 lr=9.909e-07
[train] step=23915 loss=0.014129 lr=9.906e-07
[train] step=23916 loss=0.003049 lr=9.903e-07
[train] step=23917 loss=0.004222 lr=9.899e-07
[train] step=23918 loss=0.011225 lr=9.896e-07
[train] step=23919 loss=0.009946 lr=9.893e-07
[train] step=23920 loss=0.007351 lr=9.890e-07
[train] step=23921 loss=0.003718 lr=9.887e-07
[train] step=23922 loss=0.014984 lr=9.884e-07
[train] step=23923 loss=0.003767 lr=9.881e-07
[train] step=23924 loss=0.005293 lr=9.878e-07
[train] step=23925 loss=0.014167 lr=9.875e-07
[train] step=23926 loss=0.006024 lr=9.871e-07
[train] step=23927 loss=0.006561 lr=9.868e-07
[train] step=23928 loss=0.005502 lr=9.865e-07
[train] step=23929 loss=0.005091 lr=9.862e-07
[train] step=23930 loss=0.007995 lr=9.859e-07
[train] step=23931 loss=0.004247 lr=9.856e-07
[train] step=23932 loss=0.003788 lr=9.853e-07
[train] step=23933 loss=0.015603 lr=9.850e-07
[train] step=23934 loss=0.002930 lr=9.847e-07
[train] step=23935 loss=0.010818 lr=9.843e-07
[train] step=23936 loss=0.009401 lr=9.840e-07
[train] step=23937 loss=0.006570 lr=9.837e-07
[train] step=23938 loss=0.002848 lr=9.834e-07
[train] step=23939 loss=0.005842 lr=9.831e-07
[train] step=23940 loss=0.004438 lr=9.828e-07
[train] step=23941 loss=0.005471 lr=9.825e-07
[train] step=23942 loss=0.011839 lr=9.822e-07
[train] step=23943 loss=0.006203 lr=9.819e-07
[train] step=23944 loss=0.005387 lr=9.816e-07
[train] step=23945 loss=0.003608 lr=9.812e-07
[train] step=23946 loss=0.015015 lr=9.809e-07
[train] step=23947 loss=0.002823 lr=9.806e-07
[train] step=23948 loss=0.003600 lr=9.803e-07
[train] step=23949 loss=0.004884 lr=9.800e-07
[train] step=23950 loss=0.031774 lr=9.797e-07
[train] step=23951 loss=0.003564 lr=9.794e-07
[train] step=23952 loss=0.009088 lr=9.791e-07
[train] step=23953 loss=0.004904 lr=9.788e-07
[train] step=23954 loss=0.010260 lr=9.785e-07
[train] step=23955 loss=0.003871 lr=9.781e-07
[train] step=23956 loss=0.004132 lr=9.778e-07
[train] step=23957 loss=0.004741 lr=9.775e-07
[train] step=23958 loss=0.007348 lr=9.772e-07
[train] step=23959 loss=0.007013 lr=9.769e-07
[train] step=23960 loss=0.006389 lr=9.766e-07
[train] step=23961 loss=0.005677 lr=9.763e-07
[train] step=23962 loss=0.007776 lr=9.760e-07
[train] step=23963 loss=0.004316 lr=9.757e-07
[train] step=23964 loss=0.002481 lr=9.754e-07
[train] step=23965 loss=0.003573 lr=9.751e-07
[train] step=23966 loss=0.002977 lr=9.747e-07
[train] step=23967 loss=0.004830 lr=9.744e-07
[train] step=23968 loss=0.019841 lr=9.741e-07
[train] step=23969 loss=0.006222 lr=9.738e-07
[train] step=23970 loss=0.006793 lr=9.735e-07
[train] step=23971 loss=0.004862 lr=9.732e-07
[train] step=23972 loss=0.004440 lr=9.729e-07
[train] step=23973 loss=0.004846 lr=9.726e-07
[train] step=23974 loss=0.006518 lr=9.723e-07
[train] step=23975 loss=0.006146 lr=9.720e-07
[train] step=23976 loss=0.004408 lr=9.717e-07
[train] step=23977 loss=0.004342 lr=9.714e-07
[train] step=23978 loss=0.007459 lr=9.710e-07
[train] step=23979 loss=0.005587 lr=9.707e-07
[train] step=23980 loss=0.007473 lr=9.704e-07
[train] step=23981 loss=0.003802 lr=9.701e-07
[train] step=23982 loss=0.008260 lr=9.698e-07
[train] step=23983 loss=0.003948 lr=9.695e-07
[train] step=23984 loss=0.008089 lr=9.692e-07
[train] step=23985 loss=0.008762 lr=9.689e-07
[train] step=23986 loss=0.004146 lr=9.686e-07
[train] step=23987 loss=0.005819 lr=9.683e-07
[train] step=23988 loss=0.004110 lr=9.680e-07
[train] step=23989 loss=0.008488 lr=9.677e-07
[train] step=23990 loss=0.003908 lr=9.673e-07
[train] step=23991 loss=0.005081 lr=9.670e-07
[train] step=23992 loss=0.006604 lr=9.667e-07
[train] step=23993 loss=0.005035 lr=9.664e-07
[train] step=23994 loss=0.007162 lr=9.661e-07
[train] step=23995 loss=0.002109 lr=9.658e-07
[train] step=23996 loss=0.008054 lr=9.655e-07
[train] step=23997 loss=0.012630 lr=9.652e-07
[train] step=23998 loss=0.002893 lr=9.649e-07
[train] step=23999 loss=0.030348 lr=9.646e-07
[train] step=24000 loss=0.004888 lr=9.643e-07
[val] step=24000 val_loss=0.014242
INFO     [rank 0] Model weights for step 24000 saved in      dit_trainer.py:1288
         checkpoints/model_weights_step_24000.safetensors                       
INFO     [rank 0] Scalar embedding weights for step 24000    dit_trainer.py:1297
         saved                                                                  
INFO     [rank 0] Training state saved:                      dit_trainer.py:1416
         checkpoints/model_weights_step_24000.state.pt                          
DEBUG    [rank 0] Removed old checkpoint:                    dit_trainer.py:1429
         /local/disk/hramachandran/work/wh_work/windinet/dit                    
         _outputs/lundquist/dit_sds_untrained_30k/checkpoint                    
         s/model_weights_step_23760.safetensors                                 
DEBUG    [rank 0] Removed old checkpoint:                    dit_trainer.py:1429
         /local/disk/hramachandran/work/wh_work/windinet/dit                    
         _outputs/lundquist/dit_sds_untrained_30k/checkpoint                    
         s/scalar_embedding_step_23760.safetensors                              
DEBUG    [rank 0] Removed optimizer state for older kept     dit_trainer.py:1444
         checkpoint:                                                            
         /local/disk/hramachandran/work/wh_work/windinet/dit                    
         _outputs/lundquist/dit_sds_untrained_30k/checkpoint                    
         s/model_weights_step_23880.state.pt                                    
INFO     [rank 0] Saved DiT visualization panels for    dit_visualization.py:418
         step 24000 (3 samples x 4 frames);                                     
         latent_vrmse=0.07170 pixel_vrmse=0.43655 ->                            
         /local/disk/hramachandran/work/wh_work/windine                         
         t/dit_outputs/lundquist/dit_sds_untrained_30k/                         
         dit_vrmse_metrics.csv,                                                 
         /local/disk/hramachandran/work/wh_work/windine                         
         t/dit_outputs/lundquist/dit_sds_untrained_30k/                         
         dit_vrmse_curve.png                                                    
[epoch 200] step=24000 train_loss=0.007157 val_loss=0.014242
[train] step=24001 loss=0.010730 lr=9.640e-07
[train] step=24002 loss=0.011198 lr=9.637e-07
[train] step=24003 loss=0.007103 lr=9.633e-07
[train] step=24004 loss=0.009725 lr=9.630e-07
[train] step=24005 loss=0.005663 lr=9.627e-07
[train] step=24006 loss=0.005442 lr=9.624e-07
[train] step=24007 loss=0.003400 lr=9.621e-07
[train] step=24008 loss=0.003445 lr=9.618e-07
[train] step=24009 loss=0.003465 lr=9.615e-07
[train] step=24010 loss=0.005060 lr=9.612e-07
[train] step=24011 loss=0.003299 lr=9.609e-07
[train] step=24012 loss=0.004230 lr=9.606e-07
[train] step=24013 loss=0.004644 lr=9.603e-07
[train] step=24014 loss=0.009512 lr=9.600e-07
[train] step=24015 loss=0.043003 lr=9.597e-07
[train] step=24016 loss=0.003878 lr=9.594e-07
[train] step=24017 loss=0.005221 lr=9.590e-07
[train] step=24018 loss=0.005172 lr=9.587e-07
[train] step=24019 loss=0.009674 lr=9.584e-07
[train] step=24020 loss=0.009118 lr=9.581e-07
[train] step=24021 loss=0.009112 lr=9.578e-07
[train] step=24022 loss=0.010668 lr=9.575e-07
[train] step=24023 loss=0.003311 lr=9.572e-07
[train] step=24024 loss=0.014396 lr=9.569e-07
[train] step=24025 loss=0.004825 lr=9.566e-07
[train] step=24026 loss=0.006089 lr=9.563e-07
[train] step=24027 loss=0.007529 lr=9.560e-07
[train] step=24028 loss=0.003513 lr=9.557e-07
[train] step=24029 loss=0.010315 lr=9.554e-07
[train] step=24030 loss=0.002974 lr=9.551e-07
[train] step=24031 loss=0.006713 lr=9.548e-07
[train] step=24032 loss=0.008885 lr=9.545e-07
[train] step=24033 loss=0.012343 lr=9.541e-07
[train] step=24034 loss=0.002479 lr=9.538e-07
[train] step=24035 loss=0.003914 lr=9.535e-07
[train] step=24036 loss=0.007779 lr=9.532e-07
[train] step=24037 loss=0.007967 lr=9.529e-07
[train] step=24038 loss=0.005249 lr=9.526e-07
[train] step=24039 loss=0.003732 lr=9.523e-07
[train] step=24040 loss=0.006357 lr=9.520e-07
[train] step=24041 loss=0.003062 lr=9.517e-07
[train] step=24042 loss=0.007040 lr=9.514e-07
[train] step=24043 loss=0.004976 lr=9.511e-07
[train] step=24044 loss=0.002423 lr=9.508e-07
[train] step=24045 loss=0.005948 lr=9.505e-07
[train] step=24046 loss=0.003412 lr=9.502e-07
[train] step=24047 loss=0.006229 lr=9.499e-07
[train] step=24048 loss=0.005548 lr=9.496e-07
[train] step=24049 loss=0.003873 lr=9.493e-07
[train] step=24050 loss=0.003169 lr=9.489e-07
[train] step=24051 loss=0.002010 lr=9.486e-07
[train] step=24052 loss=0.003364 lr=9.483e-07
[train] step=24053 loss=0.008184 lr=9.480e-07
[train] step=24054 loss=0.011661 lr=9.477e-07
[train] step=24055 loss=0.005531 lr=9.474e-07
[train] step=24056 loss=0.002453 lr=9.471e-07
[train] step=24057 loss=0.005042 lr=9.468e-07
[train] step=24058 loss=0.006808 lr=9.465e-07
[train] step=24059 loss=0.003592 lr=9.462e-07
[train] step=24060 loss=0.008664 lr=9.459e-07
[train] step=24061 loss=0.003909 lr=9.456e-07
[train] step=24062 loss=0.003610 lr=9.453e-07
[train] step=24063 loss=0.003633 lr=9.450e-07
[train] step=24064 loss=0.006809 lr=9.447e-07
[train] step=24065 loss=0.003909 lr=9.444e-07
[train] step=24066 loss=0.002347 lr=9.441e-07
[train] step=24067 loss=0.003830 lr=9.438e-07
[train] step=24068 loss=0.010600 lr=9.435e-07
[train] step=24069 loss=0.016275 lr=9.432e-07
[train] step=24070 loss=0.011351 lr=9.429e-07
[train] step=24071 loss=0.004677 lr=9.425e-07
[train] step=24072 loss=0.002703 lr=9.422e-07
[train] step=24073 loss=0.004522 lr=9.419e-07
[train] step=24074 loss=0.009363 lr=9.416e-07
[train] step=24075 loss=0.006137 lr=9.413e-07
[train] step=24076 loss=0.006890 lr=9.410e-07
[train] step=24077 loss=0.004118 lr=9.407e-07
[train] step=24078 loss=0.008689 lr=9.404e-07
[train] step=24079 loss=0.004689 lr=9.401e-07
[train] step=24080 loss=0.003517 lr=9.398e-07
[train] step=24081 loss=0.004066 lr=9.395e-07
[train] step=24082 loss=0.004087 lr=9.392e-07
[train] step=24083 loss=0.011085 lr=9.389e-07
[train] step=24084 loss=0.005616 lr=9.386e-07
[train] step=24085 loss=0.004037 lr=9.383e-07
[train] step=24086 loss=0.004996 lr=9.380e-07
[train] step=24087 loss=0.009898 lr=9.377e-07
[train] step=24088 loss=0.003295 lr=9.374e-07
[train] step=24089 loss=0.010489 lr=9.371e-07
[train] step=24090 loss=0.005498 lr=9.368e-07
[train] step=24091 loss=0.003915 lr=9.365e-07
[train] step=24092 loss=0.003901 lr=9.362e-07
[train] step=24093 loss=0.008348 lr=9.359e-07
[train] step=24094 loss=0.004106 lr=9.356e-07
[train] step=24095 loss=0.006222 lr=9.353e-07
[train] step=24096 loss=0.009120 lr=9.350e-07
[train] step=24097 loss=0.010688 lr=9.346e-07
[train] step=24098 loss=0.010020 lr=9.343e-07
[train] step=24099 loss=0.007018 lr=9.340e-07
[train] step=24100 loss=0.005858 lr=9.337e-07
[train] step=24101 loss=0.005598 lr=9.334e-07
[train] step=24102 loss=0.003628 lr=9.331e-07
[train] step=24103 loss=0.009117 lr=9.328e-07
[train] step=24104 loss=0.008441 lr=9.325e-07
[train] step=24105 loss=0.002694 lr=9.322e-07
[train] step=24106 loss=0.003552 lr=9.319e-07
[train] step=24107 loss=0.006030 lr=9.316e-07
[train] step=24108 loss=0.004072 lr=9.313e-07
[train] step=24109 loss=0.003497 lr=9.310e-07
[train] step=24110 loss=0.004392 lr=9.307e-07
[train] step=24111 loss=0.005295 lr=9.304e-07
[train] step=24112 loss=0.003657 lr=9.301e-07
[train] step=24113 loss=0.004492 lr=9.298e-07
[train] step=24114 loss=0.003961 lr=9.295e-07
[train] step=24115 loss=0.006138 lr=9.292e-07
[train] step=24116 loss=0.003722 lr=9.289e-07
[train] step=24117 loss=0.018899 lr=9.286e-07
[train] step=24118 loss=0.004063 lr=9.283e-07
[train] step=24119 loss=0.004399 lr=9.280e-07
[train] step=24120 loss=0.007919 lr=9.277e-07
INFO     [rank 0] Model weights for step 24120 saved in      dit_trainer.py:1288
         checkpoints/model_weights_step_24120.safetensors                       
INFO     [rank 0] Scalar embedding weights for step 24120    dit_trainer.py:1297
         saved                                                                  
INFO     [rank 0] Training state saved:                      dit_trainer.py:1416
         checkpoints/model_weights_step_24120.state.pt                          
DEBUG    [rank 0] Removed old checkpoint:                    dit_trainer.py:1429
         /local/disk/hramachandran/work/wh_work/windinet/dit                    
         _outputs/lundquist/dit_sds_untrained_30k/checkpoint                    
         s/model_weights_step_23880.safetensors                                 
DEBUG    [rank 0] Removed old checkpoint:                    dit_trainer.py:1429
         /local/disk/hramachandran/work/wh_work/windinet/dit                    
         _outputs/lundquist/dit_sds_untrained_30k/checkpoint                    
         s/scalar_embedding_step_23880.safetensors                              
DEBUG    [rank 0] Removed optimizer state for older kept     dit_trainer.py:1444
         checkpoint:                                                            
         /local/disk/hramachandran/work/wh_work/windinet/dit                    
         _outputs/lundquist/dit_sds_untrained_30k/checkpoint                    
         s/model_weights_step_24000.state.pt                                    
[epoch 201] step=24120 train_loss=0.006404
[train] step=24121 loss=0.011187 lr=9.274e-07
[train] step=24122 loss=0.003039 lr=9.271e-07
[train] step=24123 loss=0.005415 lr=9.268e-07
[train] step=24124 loss=0.006438 lr=9.265e-07
[train] step=24125 loss=0.007513 lr=9.262e-07
[train] step=24126 loss=0.004584 lr=9.259e-07
[train] step=24127 loss=0.005382 lr=9.256e-07
[train] step=24128 loss=0.025036 lr=9.253e-07
[train] step=24129 loss=0.005723 lr=9.250e-07
[train] step=24130 loss=0.010124 lr=9.247e-07
[train] step=24131 loss=0.015172 lr=9.244e-07
[train] step=24132 loss=0.013130 lr=9.241e-07
[train] step=24133 loss=0.004467 lr=9.238e-07
[train] step=24134 loss=0.003760 lr=9.235e-07
[train] step=24135 loss=0.005241 lr=9.232e-07
[train] step=24136 loss=0.011581 lr=9.229e-07
[train] step=24137 loss=0.002952 lr=9.226e-07
[train] step=24138 loss=0.005679 lr=9.223e-07
[train] step=24139 loss=0.006532 lr=9.220e-07
[train] step=24140 loss=0.007758 lr=9.217e-07
[train] step=24141 loss=0.001216 lr=9.214e-07
[train] step=24142 loss=0.003972 lr=9.211e-07
[train] step=24143 loss=0.006142 lr=9.207e-07
[train] step=24144 loss=0.026126 lr=9.204e-07
[train] step=24145 loss=0.005555 lr=9.201e-07
[train] step=24146 loss=0.006008 lr=9.198e-07
[train] step=24147 loss=0.003253 lr=9.195e-07
[train] step=24148 loss=0.006002 lr=9.192e-07
[train] step=24149 loss=0.006086 lr=9.189e-07
[train] step=24150 loss=0.004611 lr=9.186e-07
[train] step=24151 loss=0.006734 lr=9.183e-07
[train] step=24152 loss=0.009087 lr=9.180e-07
[train] step=24153 loss=0.003602 lr=9.177e-07
[train] step=24154 loss=0.005314 lr=9.174e-07
[train] step=24155 loss=0.006514 lr=9.171e-07
[train] step=24156 loss=0.003323 lr=9.168e-07
[train] step=24157 loss=0.004360 lr=9.165e-07
[train] step=24158 loss=0.018025 lr=9.162e-07
[train] step=24159 loss=0.014854 lr=9.159e-07
[train] step=24160 loss=0.013642 lr=9.156e-07
[train] step=24161 loss=0.003561 lr=9.153e-07
[train] step=24162 loss=0.006175 lr=9.150e-07
[train] step=24163 loss=0.004079 lr=9.147e-07
[train] step=24164 loss=0.002064 lr=9.144e-07
[train] step=24165 loss=0.004243 lr=9.141e-07
[train] step=24166 loss=0.013923 lr=9.138e-07
[train] step=24167 loss=0.005610 lr=9.135e-07
[train] step=24168 loss=0.007020 lr=9.132e-07
[train] step=24169 loss=0.012569 lr=9.129e-07
[train] step=24170 loss=0.007751 lr=9.126e-07
[train] step=24171 loss=0.005948 lr=9.123e-07
[train] step=24172 loss=0.007293 lr=9.120e-07
[train] step=24173 loss=0.003482 lr=9.117e-07
[train] step=24174 loss=0.005775 lr=9.114e-07
[train] step=24175 loss=0.004093 lr=9.111e-07
[train] step=24176 loss=0.002411 lr=9.108e-07
[train] step=24177 loss=0.007004 lr=9.105e-07
[train] step=24178 loss=0.003820 lr=9.102e-07
[train] step=24179 loss=0.003267 lr=9.099e-07
[train] step=24180 loss=0.002594 lr=9.096e-07
[train] step=24181 loss=0.008614 lr=9.093e-07
[train] step=24182 loss=0.003571 lr=9.090e-07
[train] step=24183 loss=0.009334 lr=9.087e-07
[train] step=24184 loss=0.011973 lr=9.084e-07
[train] step=24185 loss=0.010943 lr=9.081e-07
[train] step=24186 loss=0.004492 lr=9.078e-07
[train] step=24187 loss=0.006372 lr=9.075e-07
[train] step=24188 loss=0.004893 lr=9.072e-07
[train] step=24189 loss=0.007037 lr=9.069e-07
[train] step=24190 loss=0.005237 lr=9.066e-07
[train] step=24191 loss=0.009030 lr=9.063e-07
[train] step=24192 loss=0.013860 lr=9.060e-07
[train] step=24193 loss=0.006134 lr=9.057e-07
[train] step=24194 loss=0.006177 lr=9.055e-07
[train] step=24195 loss=0.013847 lr=9.052e-07
[train] step=24196 loss=0.009584 lr=9.049e-07
[train] step=24197 loss=0.006361 lr=9.046e-07
[train] step=24198 loss=0.003804 lr=9.043e-07
[train] step=24199 loss=0.004636 lr=9.040e-07
[train] step=24200 loss=0.007329 lr=9.037e-07
[train] step=24201 loss=0.005960 lr=9.034e-07
[train] step=24202 loss=0.004147 lr=9.031e-07
[train] step=24203 loss=0.006045 lr=9.028e-07
[train] step=24204 loss=0.004891 lr=9.025e-07
[train] step=24205 loss=0.004500 lr=9.022e-07
[train] step=24206 loss=0.011582 lr=9.019e-07
[train] step=24207 loss=0.004827 lr=9.016e-07
[train] step=24208 loss=0.005297 lr=9.013e-07
[train] step=24209 loss=0.002887 lr=9.010e-07
[train] step=24210 loss=0.005285 lr=9.007e-07
[train] step=24211 loss=0.007353 lr=9.004e-07
[train] step=24212 loss=0.012538 lr=9.001e-07
[train] step=24213 loss=0.008613 lr=8.998e-07
[train] step=24214 loss=0.010737 lr=8.995e-07
[train] step=24215 loss=0.003034 lr=8.992e-07
[train] step=24216 loss=0.008307 lr=8.989e-07
[train] step=24217 loss=0.003079 lr=8.986e-07
[train] step=24218 loss=0.005184 lr=8.983e-07
[train] step=24219 loss=0.008637 lr=8.980e-07
[train] step=24220 loss=0.003721 lr=8.977e-07
[train] step=24221 loss=0.004647 lr=8.974e-07
[train] step=24222 loss=0.007826 lr=8.971e-07
[train] step=24223 loss=0.006598 lr=8.968e-07
[train] step=24224 loss=0.007697 lr=8.965e-07
[train] step=24225 loss=0.010721 lr=8.962e-07
[train] step=24226 loss=0.007328 lr=8.959e-07
[train] step=24227 loss=0.010732 lr=8.956e-07
[train] step=24228 loss=0.004597 lr=8.953e-07
[train] step=24229 loss=0.002436 lr=8.950e-07
[train] step=24230 loss=0.002347 lr=8.947e-07
[train] step=24231 loss=0.007313 lr=8.944e-07
[train] step=24232 loss=0.008216 lr=8.941e-07
[train] step=24233 loss=0.005362 lr=8.938e-07
[train] step=24234 loss=0.005224 lr=8.935e-07
[train] step=24235 loss=0.036899 lr=8.932e-07
[train] step=24236 loss=0.003058 lr=8.929e-07
[train] step=24237 loss=0.004821 lr=8.926e-07
[train] step=24238 loss=0.002463 lr=8.923e-07
[train] step=24239 loss=0.007893 lr=8.920e-07
[train] step=24240 loss=0.003878 lr=8.918e-07
INFO     [rank 0] Model weights for step 24240 saved in      dit_trainer.py:1288
         checkpoints/model_weights_step_24240.safetensors                       
INFO     [rank 0] Scalar embedding weights for step 24240    dit_trainer.py:1297
         saved                                                                  
INFO     [rank 0] Training state saved:                      dit_trainer.py:1416
         checkpoints/model_weights_step_24240.state.pt                          
DEBUG    [rank 0] Removed old checkpoint:                    dit_trainer.py:1429
         /local/disk/hramachandran/work/wh_work/windinet/dit                    
         _outputs/lundquist/dit_sds_untrained_30k/checkpoint                    
         s/model_weights_step_24000.safetensors                                 
DEBUG    [rank 0] Removed old checkpoint:                    dit_trainer.py:1429
         /local/disk/hramachandran/work/wh_work/windinet/dit                    
         _outputs/lundquist/dit_sds_untrained_30k/checkpoint                    
         s/scalar_embedding_step_24000.safetensors                              
DEBUG    [rank 0] Removed optimizer state for older kept     dit_trainer.py:1444
         checkpoint:                                                            
         /local/disk/hramachandran/work/wh_work/windinet/dit                    
         _outputs/lundquist/dit_sds_untrained_30k/checkpoint                    
         s/model_weights_step_24120.state.pt                                    
[epoch 202] step=24240 train_loss=0.007181
[train] step=24241 loss=0.002975 lr=8.915e-07
[train] step=24242 loss=0.007116 lr=8.912e-07
[train] step=24243 loss=0.005436 lr=8.909e-07
[train] step=24244 loss=0.003055 lr=8.906e-07
[train] step=24245 loss=0.003893 lr=8.903e-07
[train] step=24246 loss=0.004754 lr=8.900e-07
[train] step=24247 loss=0.006796 lr=8.897e-07
[train] step=24248 loss=0.002698 lr=8.894e-07
[train] step=24249 loss=0.004571 lr=8.891e-07
[train] step=24250 loss=0.010703 lr=8.888e-07
[train] step=24251 loss=0.003363 lr=8.885e-07
[train] step=24252 loss=0.005975 lr=8.882e-07
[train] step=24253 loss=0.011580 lr=8.879e-07
[train] step=24254 loss=0.003922 lr=8.876e-07
[train] step=24255 loss=0.003834 lr=8.873e-07
[train] step=24256 loss=0.006202 lr=8.870e-07
[train] step=24257 loss=0.003953 lr=8.867e-07
[train] step=24258 loss=0.006623 lr=8.864e-07
[train] step=24259 loss=0.007665 lr=8.861e-07
[train] step=24260 loss=0.018226 lr=8.858e-07
[train] step=24261 loss=0.004171 lr=8.855e-07
[train] step=24262 loss=0.010865 lr=8.852e-07
[train] step=24263 loss=0.007054 lr=8.849e-07
[train] step=24264 loss=0.021802 lr=8.846e-07
[train] step=24265 loss=0.011257 lr=8.843e-07
[train] step=24266 loss=0.012922 lr=8.841e-07
[train] step=24267 loss=0.009423 lr=8.838e-07
[train] step=24268 loss=0.009706 lr=8.835e-07
[train] step=24269 loss=0.004090 lr=8.832e-07
[train] step=24270 loss=0.005530 lr=8.829e-07
[train] step=24271 loss=0.015936 lr=8.826e-07
[train] step=24272 loss=0.004730 lr=8.823e-07
[train] step=24273 loss=0.004867 lr=8.820e-07
[train] step=24274 loss=0.005665 lr=8.817e-07
[train] step=24275 loss=0.004827 lr=8.814e-07
[train] step=24276 loss=0.012096 lr=8.811e-07
[train] step=24277 loss=0.007741 lr=8.808e-07
[train] step=24278 loss=0.002420 lr=8.805e-07
[train] step=24279 loss=0.004367 lr=8.802e-07
[train] step=24280 loss=0.034718 lr=8.799e-07
[train] step=24281 loss=0.004019 lr=8.796e-07
[train] step=24282 loss=0.003167 lr=8.793e-07
[train] step=24283 loss=0.011407 lr=8.790e-07
[train] step=24284 loss=0.014743 lr=8.787e-07
[train] step=24285 loss=0.005135 lr=8.784e-07
[train] step=24286 loss=0.002452 lr=8.781e-07
[train] step=24287 loss=0.003448 lr=8.779e-07
[train] step=24288 loss=0.006928 lr=8.776e-07
[train] step=24289 loss=0.007053 lr=8.773e-07
[train] step=24290 loss=0.003859 lr=8.770e-07
[train] step=24291 loss=0.003255 lr=8.767e-07
[train] step=24292 loss=0.013889 lr=8.764e-07
[train] step=24293 loss=0.002653 lr=8.761e-07
[train] step=24294 loss=0.002193 lr=8.758e-07
[train] step=24295 loss=0.004666 lr=8.755e-07
[train] step=24296 loss=0.004001 lr=8.752e-07
[train] step=24297 loss=0.005537 lr=8.749e-07
[train] step=24298 loss=0.007948 lr=8.746e-07
[train] step=24299 loss=0.009836 lr=8.743e-07
[train] step=24300 loss=0.008612 lr=8.740e-07
[train] step=24301 loss=0.025365 lr=8.737e-07
[train] step=24302 loss=0.004198 lr=8.734e-07
[train] step=24303 loss=0.002712 lr=8.731e-07
[train] step=24304 loss=0.006530 lr=8.729e-07
[train] step=24305 loss=0.004585 lr=8.726e-07
[train] step=24306 loss=0.003757 lr=8.723e-07
[train] step=24307 loss=0.007165 lr=8.720e-07
[train] step=24308 loss=0.006978 lr=8.717e-07
[train] step=24309 loss=0.009117 lr=8.714e-07
[train] step=24310 loss=0.012443 lr=8.711e-07
[train] step=24311 loss=0.003665 lr=8.708e-07
[train] step=24312 loss=0.008985 lr=8.705e-07
[train] step=24313 loss=0.010743 lr=8.702e-07
[train] step=24314 loss=0.016572 lr=8.699e-07
[train] step=24315 loss=0.008087 lr=8.696e-07
[train] step=24316 loss=0.011271 lr=8.693e-07
[train] step=24317 loss=0.016147 lr=8.690e-07
[train] step=24318 loss=0.003360 lr=8.687e-07
[train] step=24319 loss=0.005885 lr=8.684e-07
[train] step=24320 loss=0.005363 lr=8.682e-07
[train] step=24321 loss=0.010194 lr=8.679e-07
[train] step=24322 loss=0.002940 lr=8.676e-07
[train] step=24323 loss=0.052890 lr=8.673e-07
[train] step=24324 loss=0.004231 lr=8.670e-07
[train] step=24325 loss=0.015695 lr=8.667e-07
[train] step=24326 loss=0.005744 lr=8.664e-07
[train] step=24327 loss=0.004608 lr=8.661e-07
[train] step=24328 loss=0.016406 lr=8.658e-07
[train] step=24329 loss=0.009794 lr=8.655e-07
[train] step=24330 loss=0.007808 lr=8.652e-07
[train] step=24331 loss=0.007927 lr=8.649e-07
[train] step=24332 loss=0.003105 lr=8.646e-07
[train] step=24333 loss=0.001723 lr=8.643e-07
[train] step=24334 loss=0.005945 lr=8.641e-07
[train] step=24335 loss=0.007275 lr=8.638e-07
[train] step=24336 loss=0.003503 lr=8.635e-07
[train] step=24337 loss=0.005218 lr=8.632e-07
[train] step=24338 loss=0.008370 lr=8.629e-07
[train] step=24339 loss=0.005485 lr=8.626e-07
[train] step=24340 loss=0.006987 lr=8.623e-07
[train] step=24341 loss=0.003845 lr=8.620e-07
[train] step=24342 loss=0.003236 lr=8.617e-07
[train] step=24343 loss=0.008574 lr=8.614e-07
[train] step=24344 loss=0.004183 lr=8.611e-07
[train] step=24345 loss=0.006643 lr=8.608e-07
[train] step=24346 loss=0.005244 lr=8.605e-07
[train] step=24347 loss=0.009783 lr=8.603e-07
[train] step=24348 loss=0.003638 lr=8.600e-07
[train] step=24349 loss=0.006902 lr=8.597e-07
[train] step=24350 loss=0.003985 lr=8.594e-07
[train] step=24351 loss=0.003826 lr=8.591e-07
[train] step=24352 loss=0.014045 lr=8.588e-07
[train] step=24353 loss=0.005585 lr=8.585e-07
[train] step=24354 loss=0.010795 lr=8.582e-07
[train] step=24355 loss=0.003300 lr=8.579e-07
[train] step=24356 loss=0.019769 lr=8.576e-07
[train] step=24357 loss=0.003865 lr=8.573e-07
[train] step=24358 loss=0.003365 lr=8.570e-07
[train] step=24359 loss=0.007084 lr=8.568e-07
[train] step=24360 loss=0.006697 lr=8.565e-07
INFO     [rank 0] Model weights for step 24360 saved in      dit_trainer.py:1288
         checkpoints/model_weights_step_24360.safetensors                       
INFO     [rank 0] Scalar embedding weights for step 24360    dit_trainer.py:1297
         saved                                                                  
INFO     [rank 0] Training state saved:                      dit_trainer.py:1416
         checkpoints/model_weights_step_24360.state.pt                          
DEBUG    [rank 0] Removed old checkpoint:                    dit_trainer.py:1429
         /local/disk/hramachandran/work/wh_work/windinet/dit                    
         _outputs/lundquist/dit_sds_untrained_30k/checkpoint                    
         s/model_weights_step_24120.safetensors                                 
DEBUG    [rank 0] Removed old checkpoint:                    dit_trainer.py:1429
         /local/disk/hramachandran/work/wh_work/windinet/dit                    
         _outputs/lundquist/dit_sds_untrained_30k/checkpoint                    
         s/scalar_embedding_step_24120.safetensors                              
DEBUG    [rank 0] Removed optimizer state for older kept     dit_trainer.py:1444
         checkpoint:                                                            
         /local/disk/hramachandran/work/wh_work/windinet/dit                    
         _outputs/lundquist/dit_sds_untrained_30k/checkpoint                    
         s/model_weights_step_24240.state.pt                                    
[epoch 203] step=24360 train_loss=0.007772
[train] step=24361 loss=0.003244 lr=8.562e-07
[train] step=24362 loss=0.004300 lr=8.559e-07
[train] step=24363 loss=0.003099 lr=8.556e-07
[train] step=24364 loss=0.004826 lr=8.553e-07
[train] step=24365 loss=0.005545 lr=8.550e-07
[train] step=24366 loss=0.004483 lr=8.547e-07
[train] step=24367 loss=0.003638 lr=8.544e-07
[train] step=24368 loss=0.011089 lr=8.541e-07
[train] step=24369 loss=0.007752 lr=8.538e-07
[train] step=24370 loss=0.013535 lr=8.536e-07
[train] step=24371 loss=0.004574 lr=8.533e-07
[train] step=24372 loss=0.005457 lr=8.530e-07
[train] step=24373 loss=0.003962 lr=8.527e-07
[train] step=24374 loss=0.003453 lr=8.524e-07
[train] step=24375 loss=0.010154 lr=8.521e-07
[train] step=24376 loss=0.014972 lr=8.518e-07
[train] step=24377 loss=0.008784 lr=8.515e-07
[train] step=24378 loss=0.009146 lr=8.512e-07
[train] step=24379 loss=0.003480 lr=8.509e-07
[train] step=24380 loss=0.007672 lr=8.506e-07
[train] step=24381 loss=0.006649 lr=8.504e-07
[train] step=24382 loss=0.008185 lr=8.501e-07
[train] step=24383 loss=0.004250 lr=8.498e-07
[train] step=24384 loss=0.004699 lr=8.495e-07
[train] step=24385 loss=0.006482 lr=8.492e-07
[train] step=24386 loss=0.007610 lr=8.489e-07
[train] step=24387 loss=0.005102 lr=8.486e-07
[train] step=24388 loss=0.003467 lr=8.483e-07
[train] step=24389 loss=0.003448 lr=8.480e-07
[train] step=24390 loss=0.005683 lr=8.477e-07
[train] step=24391 loss=0.007294 lr=8.475e-07
[train] step=24392 loss=0.005757 lr=8.472e-07
[train] step=24393 loss=0.003039 lr=8.469e-07
[train] step=24394 loss=0.006036 lr=8.466e-07
[train] step=24395 loss=0.003182 lr=8.463e-07
[train] step=24396 loss=0.004738 lr=8.460e-07
[train] step=24397 loss=0.004856 lr=8.457e-07
[train] step=24398 loss=0.003741 lr=8.454e-07
[train] step=24399 loss=0.006535 lr=8.451e-07
[train] step=24400 loss=0.005044 lr=8.448e-07
[train] step=24401 loss=0.017731 lr=8.446e-07
[train] step=24402 loss=0.018226 lr=8.443e-07
[train] step=24403 loss=0.020744 lr=8.440e-07
[train] step=24404 loss=0.020971 lr=8.437e-07
[train] step=24405 loss=0.004372 lr=8.434e-07
[train] step=24406 loss=0.004563 lr=8.431e-07
[train] step=24407 loss=0.006355 lr=8.428e-07
[train] step=24408 loss=0.005460 lr=8.425e-07
[train] step=24409 loss=0.004963 lr=8.422e-07
[train] step=24410 loss=0.004897 lr=8.420e-07
[train] step=24411 loss=0.006933 lr=8.417e-07
[train] step=24412 loss=0.003389 lr=8.414e-07
[train] step=24413 loss=0.006672 lr=8.411e-07
[train] step=24414 loss=0.004874 lr=8.408e-07
[train] step=24415 loss=0.004302 lr=8.405e-07
[train] step=24416 loss=0.003615 lr=8.402e-07
[train] step=24417 loss=0.012994 lr=8.399e-07
[train] step=24418 loss=0.004538 lr=8.396e-07
[train] step=24419 loss=0.003728 lr=8.394e-07
[train] step=24420 loss=0.005554 lr=8.391e-07
[train] step=24421 loss=0.004521 lr=8.388e-07
[train] step=24422 loss=0.002664 lr=8.385e-07
[train] step=24423 loss=0.007905 lr=8.382e-07
[train] step=24424 loss=0.008624 lr=8.379e-07
[train] step=24425 loss=0.007948 lr=8.376e-07
[train] step=24426 loss=0.006442 lr=8.373e-07
[train] step=24427 loss=0.009073 lr=8.370e-07
[train] step=24428 loss=0.005951 lr=8.368e-07
[train] step=24429 loss=0.003278 lr=8.365e-07
[train] step=24430 loss=0.009713 lr=8.362e-07
[train] step=24431 loss=0.003028 lr=8.359e-07
[train] step=24432 loss=0.004280 lr=8.356e-07
[train] step=24433 loss=0.013014 lr=8.353e-07
[train] step=24434 loss=0.004846 lr=8.350e-07
[train] step=24435 loss=0.012611 lr=8.347e-07
[train] step=24436 loss=0.004839 lr=8.345e-07
[train] step=24437 loss=0.004886 lr=8.342e-07
[train] step=24438 loss=0.008131 lr=8.339e-07
[train] step=24439 loss=0.021552 lr=8.336e-07
[train] step=24440 loss=0.048127 lr=8.333e-07
[train] step=24441 loss=0.004611 lr=8.330e-07
[train] step=24442 loss=0.011487 lr=8.327e-07
[train] step=24443 loss=0.007780 lr=8.324e-07
[train] step=24444 loss=0.016008 lr=8.322e-07
[train] step=24445 loss=0.001714 lr=8.319e-07
[train] step=24446 loss=0.009022 lr=8.316e-07
[train] step=24447 loss=0.007460 lr=8.313e-07
[train] step=24448 loss=0.005005 lr=8.310e-07
[train] step=24449 loss=0.005489 lr=8.307e-07
[train] step=24450 loss=0.003799 lr=8.304e-07
[train] step=24451 loss=0.003965 lr=8.301e-07
[train] step=24452 loss=0.005650 lr=8.299e-07
[train] step=24453 loss=0.004105 lr=8.296e-07
[train] step=24454 loss=0.007092 lr=8.293e-07
[train] step=24455 loss=0.007025 lr=8.290e-07
[train] step=24456 loss=0.007508 lr=8.287e-07
[train] step=24457 loss=0.002690 lr=8.284e-07
[train] step=24458 loss=0.003854 lr=8.281e-07
[train] step=24459 loss=0.013865 lr=8.278e-07
[train] step=24460 loss=0.006508 lr=8.276e-07
[train] step=24461 loss=0.007397 lr=8.273e-07
[train] step=24462 loss=0.003986 lr=8.270e-07
[train] step=24463 loss=0.007375 lr=8.267e-07
[train] step=24464 loss=0.004843 lr=8.264e-07
[train] step=24465 loss=0.007663 lr=8.261e-07
[train] step=24466 loss=0.009588 lr=8.258e-07
[train] step=24467 loss=0.006387 lr=8.256e-07
[train] step=24468 loss=0.012161 lr=8.253e-07
[train] step=24469 loss=0.003041 lr=8.250e-07
[train] step=24470 loss=0.007280 lr=8.247e-07
[train] step=24471 loss=0.016658 lr=8.244e-07
[train] step=24472 loss=0.013826 lr=8.241e-07
[train] step=24473 loss=0.006405 lr=8.238e-07
[train] step=24474 loss=0.003214 lr=8.235e-07
[train] step=24475 loss=0.004519 lr=8.233e-07
[train] step=24476 loss=0.007041 lr=8.230e-07
[train] step=24477 loss=0.012403 lr=8.227e-07
[train] step=24478 loss=0.009552 lr=8.224e-07
[train] step=24479 loss=0.003421 lr=8.221e-07
[train] step=24480 loss=0.008116 lr=8.218e-07
INFO     [rank 0] Model weights for step 24480 saved in      dit_trainer.py:1288
         checkpoints/model_weights_step_24480.safetensors                       
INFO     [rank 0] Scalar embedding weights for step 24480    dit_trainer.py:1297
         saved                                                                  
INFO     [rank 0] Training state saved:                      dit_trainer.py:1416
         checkpoints/model_weights_step_24480.state.pt                          
DEBUG    [rank 0] Removed old checkpoint:                    dit_trainer.py:1429
         /local/disk/hramachandran/work/wh_work/windinet/dit                    
         _outputs/lundquist/dit_sds_untrained_30k/checkpoint                    
         s/model_weights_step_24240.safetensors                                 
DEBUG    [rank 0] Removed old checkpoint:                    dit_trainer.py:1429
         /local/disk/hramachandran/work/wh_work/windinet/dit                    
         _outputs/lundquist/dit_sds_untrained_30k/checkpoint                    
         s/scalar_embedding_step_24240.safetensors                              
DEBUG    [rank 0] Removed optimizer state for older kept     dit_trainer.py:1444
         checkpoint:                                                            
         /local/disk/hramachandran/work/wh_work/windinet/dit                    
         _outputs/lundquist/dit_sds_untrained_30k/checkpoint                    
         s/model_weights_step_24360.state.pt                                    
[epoch 204] step=24480 train_loss=0.007361
[train] step=24481 loss=0.005175 lr=8.215e-07
[train] step=24482 loss=0.005489 lr=8.213e-07
[train] step=24483 loss=0.005483 lr=8.210e-07
[train] step=24484 loss=0.010458 lr=8.207e-07
[train] step=24485 loss=0.007941 lr=8.204e-07
[train] step=24486 loss=0.004109 lr=8.201e-07
[train] step=24487 loss=0.004477 lr=8.198e-07
[train] step=24488 loss=0.004580 lr=8.195e-07
[train] step=24489 loss=0.003562 lr=8.193e-07
[train] step=24490 loss=0.007570 lr=8.190e-07
[train] step=24491 loss=0.004954 lr=8.187e-07
[train] step=24492 loss=0.003944 lr=8.184e-07
[train] step=24493 loss=0.006906 lr=8.181e-07
[train] step=24494 loss=0.010143 lr=8.178e-07
[train] step=24495 loss=0.037631 lr=8.176e-07
[train] step=24496 loss=0.011575 lr=8.173e-07
[train] step=24497 loss=0.003805 lr=8.170e-07
[train] step=24498 loss=0.005506 lr=8.167e-07
[train] step=24499 loss=0.009254 lr=8.164e-07
[train] step=24500 loss=0.012737 lr=8.161e-07
[train] step=24501 loss=0.005322 lr=8.158e-07
[train] step=24502 loss=0.006401 lr=8.156e-07
[train] step=24503 loss=0.007664 lr=8.153e-07
[train] step=24504 loss=0.004747 lr=8.150e-07
[train] step=24505 loss=0.019264 lr=8.147e-07
[train] step=24506 loss=0.012171 lr=8.144e-07
[train] step=24507 loss=0.007561 lr=8.141e-07
[train] step=24508 loss=0.019949 lr=8.138e-07
[train] step=24509 loss=0.004466 lr=8.136e-07
[train] step=24510 loss=0.003434 lr=8.133e-07
[train] step=24511 loss=0.017141 lr=8.130e-07
[train] step=24512 loss=0.009111 lr=8.127e-07
[train] step=24513 loss=0.079743 lr=8.124e-07
[train] step=24514 loss=0.008510 lr=8.121e-07
[train] step=24515 loss=0.007511 lr=8.119e-07
[train] step=24516 loss=0.008199 lr=8.116e-07
[train] step=24517 loss=0.003576 lr=8.113e-07
[train] step=24518 loss=0.005592 lr=8.110e-07
[train] step=24519 loss=0.006365 lr=8.107e-07
[train] step=24520 loss=0.005778 lr=8.104e-07
[train] step=24521 loss=0.005282 lr=8.102e-07
[train] step=24522 loss=0.005853 lr=8.099e-07
[train] step=24523 loss=0.006291 lr=8.096e-07
[train] step=24524 loss=0.007148 lr=8.093e-07
[train] step=24525 loss=0.003573 lr=8.090e-07
[train] step=24526 loss=0.003532 lr=8.087e-07
[train] step=24527 loss=0.004575 lr=8.084e-07
[train] step=24528 loss=0.004419 lr=8.082e-07
[train] step=24529 loss=0.003955 lr=8.079e-07
[train] step=24530 loss=0.003894 lr=8.076e-07
[train] step=24531 loss=0.004693 lr=8.073e-07
[train] step=24532 loss=0.002850 lr=8.070e-07
[train] step=24533 loss=0.004207 lr=8.067e-07
[train] step=24534 loss=0.010700 lr=8.065e-07
[train] step=24535 loss=0.006640 lr=8.062e-07
[train] step=24536 loss=0.006733 lr=8.059e-07
[train] step=24537 loss=0.005804 lr=8.056e-07
[train] step=24538 loss=0.004785 lr=8.053e-07
[train] step=24539 loss=0.016079 lr=8.050e-07
[train] step=24540 loss=0.008193 lr=8.048e-07
[train] step=24541 loss=0.018029 lr=8.045e-07
[train] step=24542 loss=0.012012 lr=8.042e-07
[train] step=24543 loss=0.006342 lr=8.039e-07
[train] step=24544 loss=0.006546 lr=8.036e-07
[train] step=24545 loss=0.003378 lr=8.033e-07
[train] step=24546 loss=0.003945 lr=8.031e-07
[train] step=24547 loss=0.004830 lr=8.028e-07
[train] step=24548 loss=0.005468 lr=8.025e-07
[train] step=24549 loss=0.014992 lr=8.022e-07
[train] step=24550 loss=0.008839 lr=8.019e-07
[train] step=24551 loss=0.004208 lr=8.017e-07
[train] step=24552 loss=0.005575 lr=8.014e-07
[train] step=24553 loss=0.005851 lr=8.011e-07
[train] step=24554 loss=0.001950 lr=8.008e-07
[train] step=24555 loss=0.013332 lr=8.005e-07
[train] step=24556 loss=0.004704 lr=8.002e-07
[train] step=24557 loss=0.011803 lr=8.000e-07
[train] step=24558 loss=0.003607 lr=7.997e-07
[train] step=24559 loss=0.006787 lr=7.994e-07
[train] step=24560 loss=0.006161 lr=7.991e-07
[train] step=24561 loss=0.001995 lr=7.988e-07
[train] step=24562 loss=0.005917 lr=7.985e-07
[train] step=24563 loss=0.029680 lr=7.983e-07
[train] step=24564 loss=0.003511 lr=7.980e-07
[train] step=24565 loss=0.002879 lr=7.977e-07
[train] step=24566 loss=0.005461 lr=7.974e-07
[train] step=24567 loss=0.003297 lr=7.971e-07
[train] step=24568 loss=0.005116 lr=7.969e-07
[train] step=24569 loss=0.003219 lr=7.966e-07
[train] step=24570 loss=0.007971 lr=7.963e-07
[train] step=24571 loss=0.007252 lr=7.960e-07
[train] step=24572 loss=0.004898 lr=7.957e-07
[train] step=24573 loss=0.002525 lr=7.954e-07
[train] step=24574 loss=0.005253 lr=7.952e-07
[train] step=24575 loss=0.008457 lr=7.949e-07
[train] step=24576 loss=0.003028 lr=7.946e-07
[train] step=24577 loss=0.004977 lr=7.943e-07
[train] step=24578 loss=0.005725 lr=7.940e-07
[train] step=24579 loss=0.025415 lr=7.938e-07
[train] step=24580 loss=0.008412 lr=7.935e-07
[train] step=24581 loss=0.007608 lr=7.932e-07
[train] step=24582 loss=0.003745 lr=7.929e-07
[train] step=24583 loss=0.005416 lr=7.926e-07
[train] step=24584 loss=0.002865 lr=7.924e-07
[train] step=24585 loss=0.004549 lr=7.921e-07
[train] step=24586 loss=0.005577 lr=7.918e-07
[train] step=24587 loss=0.009791 lr=7.915e-07
[train] step=24588 loss=0.005465 lr=7.912e-07
[train] step=24589 loss=0.007545 lr=7.909e-07
[train] step=24590 loss=0.003246 lr=7.907e-07
[train] step=24591 loss=0.002346 lr=7.904e-07
[train] step=24592 loss=0.005458 lr=7.901e-07
[train] step=24593 loss=0.003646 lr=7.898e-07
[train] step=24594 loss=0.004690 lr=7.895e-07
[train] step=24595 loss=0.002349 lr=7.893e-07
[train] step=24596 loss=0.002950 lr=7.890e-07
[train] step=24597 loss=0.009337 lr=7.887e-07
[train] step=24598 loss=0.004835 lr=7.884e-07
[train] step=24599 loss=0.003664 lr=7.881e-07
[train] step=24600 loss=0.002639 lr=7.879e-07
[val] step=24600 val_loss=0.014269
INFO     [rank 0] Model weights for step 24600 saved in      dit_trainer.py:1288
         checkpoints/model_weights_step_24600.safetensors                       
INFO     [rank 0] Scalar embedding weights for step 24600    dit_trainer.py:1297
         saved                                                                  
INFO     [rank 0] Training state saved:                      dit_trainer.py:1416
         checkpoints/model_weights_step_24600.state.pt                          
DEBUG    [rank 0] Removed old checkpoint:                    dit_trainer.py:1429
         /local/disk/hramachandran/work/wh_work/windinet/dit                    
         _outputs/lundquist/dit_sds_untrained_30k/checkpoint                    
         s/model_weights_step_24360.safetensors                                 
DEBUG    [rank 0] Removed old checkpoint:                    dit_trainer.py:1429
         /local/disk/hramachandran/work/wh_work/windinet/dit                    
         _outputs/lundquist/dit_sds_untrained_30k/checkpoint                    
         s/scalar_embedding_step_24360.safetensors                              
DEBUG    [rank 0] Removed optimizer state for older kept     dit_trainer.py:1444
         checkpoint:                                                            
         /local/disk/hramachandran/work/wh_work/windinet/dit                    
         _outputs/lundquist/dit_sds_untrained_30k/checkpoint                    
         s/model_weights_step_24480.state.pt                                    
[epoch 205] step=24600 train_loss=0.007696 val_loss=0.014269
[train] step=24601 loss=0.005212 lr=7.876e-07
[train] step=24602 loss=0.011514 lr=7.873e-07
[train] step=24603 loss=0.013508 lr=7.870e-07
[train] step=24604 loss=0.006247 lr=7.867e-07
[train] step=24605 loss=0.005229 lr=7.865e-07
[train] step=24606 loss=0.006236 lr=7.862e-07
[train] step=24607 loss=0.008788 lr=7.859e-07
[train] step=24608 loss=0.009480 lr=7.856e-07
[train] step=24609 loss=0.003756 lr=7.853e-07
[train] step=24610 loss=0.005514 lr=7.851e-07
[train] step=24611 loss=0.003752 lr=7.848e-07
[train] step=24612 loss=0.015798 lr=7.845e-07
[train] step=24613 loss=0.004461 lr=7.842e-07
[train] step=24614 loss=0.002886 lr=7.839e-07
[train] step=24615 loss=0.005030 lr=7.837e-07
[train] step=24616 loss=0.003857 lr=7.834e-07
[train] step=24617 loss=0.007914 lr=7.831e-07
[train] step=24618 loss=0.005738 lr=7.828e-07
[train] step=24619 loss=0.006041 lr=7.825e-07
[train] step=24620 loss=0.007468 lr=7.823e-07
[train] step=24621 loss=0.004755 lr=7.820e-07
[train] step=24622 loss=0.005444 lr=7.817e-07
[train] step=24623 loss=0.003581 lr=7.814e-07
[train] step=24624 loss=0.011749 lr=7.811e-07
[train] step=24625 loss=0.003379 lr=7.809e-07
[train] step=24626 loss=0.003108 lr=7.806e-07
[train] step=24627 loss=0.007894 lr=7.803e-07
[train] step=24628 loss=0.003703 lr=7.800e-07
[train] step=24629 loss=0.010102 lr=7.798e-07
[train] step=24630 loss=0.003198 lr=7.795e-07
[train] step=24631 loss=0.013442 lr=7.792e-07
[train] step=24632 loss=0.003134 lr=7.789e-07
[train] step=24633 loss=0.005166 lr=7.786e-07
[train] step=24634 loss=0.016714 lr=7.784e-07
[train] step=24635 loss=0.003506 lr=7.781e-07
[train] step=24636 loss=0.003137 lr=7.778e-07
[train] step=24637 loss=0.006199 lr=7.775e-07
[train] step=24638 loss=0.006485 lr=7.772e-07
[train] step=24639 loss=0.008383 lr=7.770e-07
[train] step=24640 loss=0.005787 lr=7.767e-07
[train] step=24641 loss=0.003306 lr=7.764e-07
[train] step=24642 loss=0.006081 lr=7.761e-07
[train] step=24643 loss=0.007417 lr=7.759e-07
[train] step=24644 loss=0.004756 lr=7.756e-07
[train] step=24645 loss=0.004166 lr=7.753e-07
[train] step=24646 loss=0.041775 lr=7.750e-07
[train] step=24647 loss=0.009487 lr=7.747e-07
[train] step=24648 loss=0.005814 lr=7.745e-07
[train] step=24649 loss=0.034899 lr=7.742e-07
[train] step=24650 loss=0.009929 lr=7.739e-07
[train] step=24651 loss=0.007838 lr=7.736e-07
[train] step=24652 loss=0.008507 lr=7.733e-07
[train] step=24653 loss=0.002554 lr=7.731e-07
[train] step=24654 loss=0.005232 lr=7.728e-07
[train] step=24655 loss=0.005336 lr=7.725e-07
[train] step=24656 loss=0.004775 lr=7.722e-07
[train] step=24657 loss=0.005990 lr=7.720e-07
[train] step=24658 loss=0.002758 lr=7.717e-07
[train] step=24659 loss=0.003466 lr=7.714e-07
[train] step=24660 loss=0.009212 lr=7.711e-07
[train] step=24661 loss=0.007763 lr=7.708e-07
[train] step=24662 loss=0.006383 lr=7.706e-07
[train] step=24663 loss=0.004561 lr=7.703e-07
[train] step=24664 loss=0.008515 lr=7.700e-07
[train] step=24665 loss=0.004548 lr=7.697e-07
[train] step=24666 loss=0.006122 lr=7.695e-07
[train] step=24667 loss=0.003070 lr=7.692e-07
[train] step=24668 loss=0.002639 lr=7.689e-07
[train] step=24669 loss=0.003513 lr=7.686e-07
[train] step=24670 loss=0.002936 lr=7.684e-07
[train] step=24671 loss=0.009026 lr=7.681e-07
[train] step=24672 loss=0.011075 lr=7.678e-07
[train] step=24673 loss=0.019229 lr=7.675e-07
[train] step=24674 loss=0.010985 lr=7.672e-07
[train] step=24675 loss=0.010087 lr=7.670e-07
[train] step=24676 loss=0.002431 lr=7.667e-07
[train] step=24677 loss=0.009871 lr=7.664e-07
[train] step=24678 loss=0.006521 lr=7.661e-07
[train] step=24679 loss=0.027477 lr=7.659e-07
[train] step=24680 loss=0.006291 lr=7.656e-07
[train] step=24681 loss=0.010535 lr=7.653e-07
[train] step=24682 loss=0.006938 lr=7.650e-07
[train] step=24683 loss=0.006540 lr=7.648e-07
[train] step=24684 loss=0.007154 lr=7.645e-07
[train] step=24685 loss=0.004241 lr=7.642e-07
[train] step=24686 loss=0.003779 lr=7.639e-07
[train] step=24687 loss=0.004951 lr=7.636e-07
[train] step=24688 loss=0.004126 lr=7.634e-07
[train] step=24689 loss=0.004870 lr=7.631e-07
[train] step=24690 loss=0.003525 lr=7.628e-07
[train] step=24691 loss=0.004506 lr=7.625e-07
[train] step=24692 loss=0.007373 lr=7.623e-07
[train] step=24693 loss=0.006907 lr=7.620e-07
[train] step=24694 loss=0.004866 lr=7.617e-07
[train] step=24695 loss=0.003673 lr=7.614e-07
[train] step=24696 loss=0.008008 lr=7.612e-07
[train] step=24697 loss=0.004004 lr=7.609e-07
[train] step=24698 loss=0.004443 lr=7.606e-07
[train] step=24699 loss=0.002429 lr=7.603e-07
[train] step=24700 loss=0.004795 lr=7.601e-07
[train] step=24701 loss=0.010091 lr=7.598e-07
[train] step=24702 loss=0.003901 lr=7.595e-07
[train] step=24703 loss=0.005410 lr=7.592e-07
[train] step=24704 loss=0.005402 lr=7.590e-07
[train] step=24705 loss=0.006383 lr=7.587e-07
[train] step=24706 loss=0.002839 lr=7.584e-07
[train] step=24707 loss=0.007922 lr=7.581e-07
[train] step=24708 loss=0.003272 lr=7.579e-07
[train] step=24709 loss=0.005515 lr=7.576e-07
[train] step=24710 loss=0.009426 lr=7.573e-07
[train] step=24711 loss=0.003205 lr=7.570e-07
[train] step=24712 loss=0.004283 lr=7.568e-07
[train] step=24713 loss=0.012474 lr=7.565e-07
[train] step=24714 loss=0.008792 lr=7.562e-07
[train] step=24715 loss=0.004236 lr=7.559e-07
[train] step=24716 loss=0.003638 lr=7.557e-07
[train] step=24717 loss=0.009992 lr=7.554e-07
[train] step=24718 loss=0.012453 lr=7.551e-07
[train] step=24719 loss=0.014308 lr=7.548e-07
[train] step=24720 loss=0.004718 lr=7.546e-07
INFO     [rank 0] Model weights for step 24720 saved in      dit_trainer.py:1288
         checkpoints/model_weights_step_24720.safetensors                       
INFO     [rank 0] Scalar embedding weights for step 24720    dit_trainer.py:1297
         saved                                                                  
INFO     [rank 0] Training state saved:                      dit_trainer.py:1416
         checkpoints/model_weights_step_24720.state.pt                          
DEBUG    [rank 0] Removed old checkpoint:                    dit_trainer.py:1429
         /local/disk/hramachandran/work/wh_work/windinet/dit                    
         _outputs/lundquist/dit_sds_untrained_30k/checkpoint                    
         s/model_weights_step_24480.safetensors                                 
DEBUG    [rank 0] Removed old checkpoint:                    dit_trainer.py:1429
         /local/disk/hramachandran/work/wh_work/windinet/dit                    
         _outputs/lundquist/dit_sds_untrained_30k/checkpoint                    
         s/scalar_embedding_step_24480.safetensors                              
DEBUG    [rank 0] Removed optimizer state for older kept     dit_trainer.py:1444
         checkpoint:                                                            
         /local/disk/hramachandran/work/wh_work/windinet/dit                    
         _outputs/lundquist/dit_sds_untrained_30k/checkpoint                    
         s/model_weights_step_24600.state.pt                                    
[epoch 206] step=24720 train_loss=0.007146
[train] step=24721 loss=0.007964 lr=7.543e-07
[train] step=24722 loss=0.005076 lr=7.540e-07
[train] step=24723 loss=0.004403 lr=7.537e-07
[train] step=24724 loss=0.005914 lr=7.535e-07
[train] step=24725 loss=0.004490 lr=7.532e-07
[train] step=24726 loss=0.015659 lr=7.529e-07
[train] step=24727 loss=0.006555 lr=7.526e-07
[train] step=24728 loss=0.003902 lr=7.524e-07
[train] step=24729 loss=0.027078 lr=7.521e-07
[train] step=24730 loss=0.011953 lr=7.518e-07
[train] step=24731 loss=0.005929 lr=7.515e-07
[train] step=24732 loss=0.008871 lr=7.513e-07
[train] step=24733 loss=0.036054 lr=7.510e-07
[train] step=24734 loss=0.002678 lr=7.507e-07
[train] step=24735 loss=0.005210 lr=7.504e-07
[train] step=24736 loss=0.006732 lr=7.502e-07
[train] step=24737 loss=0.002111 lr=7.499e-07
[train] step=24738 loss=0.003858 lr=7.496e-07
[train] step=24739 loss=0.006737 lr=7.493e-07
[train] step=24740 loss=0.005207 lr=7.491e-07
[train] step=24741 loss=0.008515 lr=7.488e-07
[train] step=24742 loss=0.004875 lr=7.485e-07
[train] step=24743 loss=0.003142 lr=7.483e-07
[train] step=24744 loss=0.008376 lr=7.480e-07
[train] step=24745 loss=0.003953 lr=7.477e-07
[train] step=24746 loss=0.003395 lr=7.474e-07
[train] step=24747 loss=0.007178 lr=7.472e-07
[train] step=24748 loss=0.009359 lr=7.469e-07
[train] step=24749 loss=0.004172 lr=7.466e-07
[train] step=24750 loss=0.006236 lr=7.463e-07
[train] step=24751 loss=0.009726 lr=7.461e-07
[train] step=24752 loss=0.002384 lr=7.458e-07
[train] step=24753 loss=0.004410 lr=7.455e-07
[train] step=24754 loss=0.004920 lr=7.452e-07
[train] step=24755 loss=0.003816 lr=7.450e-07
[train] step=24756 loss=0.005323 lr=7.447e-07
[train] step=24757 loss=0.002361 lr=7.444e-07
[train] step=24758 loss=0.003053 lr=7.442e-07
[train] step=24759 loss=0.003328 lr=7.439e-07
[train] step=24760 loss=0.006669 lr=7.436e-07
[train] step=24761 loss=0.005322 lr=7.433e-07
[train] step=24762 loss=0.004616 lr=7.431e-07
[train] step=24763 loss=0.007463 lr=7.428e-07
[train] step=24764 loss=0.011854 lr=7.425e-07
[train] step=24765 loss=0.003650 lr=7.422e-07
[train] step=24766 loss=0.003782 lr=7.420e-07
[train] step=24767 loss=0.003970 lr=7.417e-07
[train] step=24768 loss=0.003972 lr=7.414e-07
[train] step=24769 loss=0.003466 lr=7.412e-07
[train] step=24770 loss=0.007345 lr=7.409e-07
[train] step=24771 loss=0.005319 lr=7.406e-07
[train] step=24772 loss=0.003743 lr=7.403e-07
[train] step=24773 loss=0.019911 lr=7.401e-07
[train] step=24774 loss=0.003942 lr=7.398e-07
[train] step=24775 loss=0.003931 lr=7.395e-07
[train] step=24776 loss=0.019664 lr=7.392e-07
[train] step=24777 loss=0.009082 lr=7.390e-07
[train] step=24778 loss=0.023287 lr=7.387e-07
[train] step=24779 loss=0.006510 lr=7.384e-07
[train] step=24780 loss=0.006730 lr=7.382e-07
[train] step=24781 loss=0.004958 lr=7.379e-07
[train] step=24782 loss=0.010401 lr=7.376e-07
[train] step=24783 loss=0.008910 lr=7.373e-07
[train] step=24784 loss=0.004785 lr=7.371e-07
[train] step=24785 loss=0.006960 lr=7.368e-07
[train] step=24786 loss=0.014689 lr=7.365e-07
[train] step=24787 loss=0.003852 lr=7.363e-07
[train] step=24788 loss=0.006805 lr=7.360e-07
[train] step=24789 loss=0.004358 lr=7.357e-07
[train] step=24790 loss=0.009545 lr=7.354e-07
[train] step=24791 loss=0.010976 lr=7.352e-07
[train] step=24792 loss=0.007851 lr=7.349e-07
[train] step=24793 loss=0.006345 lr=7.346e-07
[train] step=24794 loss=0.005958 lr=7.344e-07
[train] step=24795 loss=0.004315 lr=7.341e-07
[train] step=24796 loss=0.005579 lr=7.338e-07
[train] step=24797 loss=0.012566 lr=7.335e-07
[train] step=24798 loss=0.003688 lr=7.333e-07
[train] step=24799 loss=0.017633 lr=7.330e-07
[train] step=24800 loss=0.007440 lr=7.327e-07
[train] step=24801 loss=0.008015 lr=7.325e-07
[train] step=24802 loss=0.009464 lr=7.322e-07
[train] step=24803 loss=0.002986 lr=7.319e-07
[train] step=24804 loss=0.003015 lr=7.316e-07
[train] step=24805 loss=0.002381 lr=7.314e-07
[train] step=24806 loss=0.004387 lr=7.311e-07
[train] step=24807 loss=0.003323 lr=7.308e-07
[train] step=24808 loss=0.006385 lr=7.306e-07
[train] step=24809 loss=0.004663 lr=7.303e-07
[train] step=24810 loss=0.007223 lr=7.300e-07
[train] step=24811 loss=0.002175 lr=7.297e-07
[train] step=24812 loss=0.003460 lr=7.295e-07
[train] step=24813 loss=0.006647 lr=7.292e-07
[train] step=24814 loss=0.012980 lr=7.289e-07
[train] step=24815 loss=0.003764 lr=7.287e-07
[train] step=24816 loss=0.052855 lr=7.284e-07
[train] step=24817 loss=0.003226 lr=7.281e-07
[train] step=24818 loss=0.008130 lr=7.279e-07
[train] step=24819 loss=0.007884 lr=7.276e-07
[train] step=24820 loss=0.007490 lr=7.273e-07
[train] step=24821 loss=0.007470 lr=7.270e-07
[train] step=24822 loss=0.004529 lr=7.268e-07
[train] step=24823 loss=0.005580 lr=7.265e-07
[train] step=24824 loss=0.010923 lr=7.262e-07
[train] step=24825 loss=0.005132 lr=7.260e-07
[train] step=24826 loss=0.006550 lr=7.257e-07
[train] step=24827 loss=0.005503 lr=7.254e-07
[train] step=24828 loss=0.007368 lr=7.252e-07
[train] step=24829 loss=0.010150 lr=7.249e-07
[train] step=24830 loss=0.014110 lr=7.246e-07
[train] step=24831 loss=0.012578 lr=7.243e-07
[train] step=24832 loss=0.007871 lr=7.241e-07
[train] step=24833 loss=0.004447 lr=7.238e-07
[train] step=24834 loss=0.008025 lr=7.235e-07
[train] step=24835 loss=0.012150 lr=7.233e-07
[train] step=24836 loss=0.005187 lr=7.230e-07
[train] step=24837 loss=0.002902 lr=7.227e-07
[train] step=24838 loss=0.005771 lr=7.225e-07
[train] step=24839 loss=0.005096 lr=7.222e-07
[train] step=24840 loss=0.004614 lr=7.219e-07
INFO     [rank 0] Model weights for step 24840 saved in      dit_trainer.py:1288
         checkpoints/model_weights_step_24840.safetensors                       
INFO     [rank 0] Scalar embedding weights for step 24840    dit_trainer.py:1297
         saved                                                                  
INFO     [rank 0] Training state saved:                      dit_trainer.py:1416
         checkpoints/model_weights_step_24840.state.pt                          
DEBUG    [rank 0] Removed old checkpoint:                    dit_trainer.py:1429
         /local/disk/hramachandran/work/wh_work/windinet/dit                    
         _outputs/lundquist/dit_sds_untrained_30k/checkpoint                    
         s/model_weights_step_24600.safetensors                                 
DEBUG    [rank 0] Removed old checkpoint:                    dit_trainer.py:1429
         /local/disk/hramachandran/work/wh_work/windinet/dit                    
         _outputs/lundquist/dit_sds_untrained_30k/checkpoint                    
         s/scalar_embedding_step_24600.safetensors                              
DEBUG    [rank 0] Removed optimizer state for older kept     dit_trainer.py:1444
         checkpoint:                                                            
         /local/disk/hramachandran/work/wh_work/windinet/dit                    
         _outputs/lundquist/dit_sds_untrained_30k/checkpoint                    
         s/model_weights_step_24720.state.pt                                    
[epoch 207] step=24840 train_loss=0.007527
[train] step=24841 loss=0.002879 lr=7.217e-07
[train] step=24842 loss=0.004790 lr=7.214e-07
[train] step=24843 loss=0.007763 lr=7.211e-07
[train] step=24844 loss=0.003610 lr=7.208e-07
[train] step=24845 loss=0.008423 lr=7.206e-07
[train] step=24846 loss=0.007136 lr=7.203e-07
[train] step=24847 loss=0.005835 lr=7.200e-07
[train] step=24848 loss=0.005177 lr=7.198e-07
[train] step=24849 loss=0.004419 lr=7.195e-07
[train] step=24850 loss=0.005201 lr=7.192e-07
[train] step=24851 loss=0.004399 lr=7.190e-07
[train] step=24852 loss=0.009219 lr=7.187e-07
[train] step=24853 loss=0.008104 lr=7.184e-07
[train] step=24854 loss=0.003250 lr=7.182e-07
[train] step=24855 loss=0.021320 lr=7.179e-07
[train] step=24856 loss=0.010818 lr=7.176e-07
[train] step=24857 loss=0.003751 lr=7.174e-07
[train] step=24858 loss=0.003926 lr=7.171e-07
[train] step=24859 loss=0.006574 lr=7.168e-07
[train] step=24860 loss=0.006587 lr=7.166e-07
[train] step=24861 loss=0.005699 lr=7.163e-07
[train] step=24862 loss=0.004701 lr=7.160e-07
[train] step=24863 loss=0.011974 lr=7.157e-07
[train] step=24864 loss=0.003367 lr=7.155e-07
[train] step=24865 loss=0.008060 lr=7.152e-07
[train] step=24866 loss=0.018667 lr=7.149e-07
[train] step=24867 loss=0.004638 lr=7.147e-07
[train] step=24868 loss=0.003361 lr=7.144e-07
[train] step=24869 loss=0.006237 lr=7.141e-07
[train] step=24870 loss=0.003679 lr=7.139e-07
[train] step=24871 loss=0.005141 lr=7.136e-07
[train] step=24872 loss=0.007756 lr=7.133e-07
[train] step=24873 loss=0.006723 lr=7.131e-07
[train] step=24874 loss=0.007575 lr=7.128e-07
[train] step=24875 loss=0.007281 lr=7.125e-07
[train] step=24876 loss=0.019848 lr=7.123e-07
[train] step=24877 loss=0.005090 lr=7.120e-07
[train] step=24878 loss=0.004493 lr=7.117e-07
[train] step=24879 loss=0.009176 lr=7.115e-07
[train] step=24880 loss=0.007666 lr=7.112e-07
[train] step=24881 loss=0.004369 lr=7.109e-07
[train] step=24882 loss=0.004198 lr=7.107e-07
[train] step=24883 loss=0.019346 lr=7.104e-07
[train] step=24884 loss=0.004942 lr=7.101e-07
[train] step=24885 loss=0.017611 lr=7.099e-07
[train] step=24886 loss=0.007193 lr=7.096e-07
[train] step=24887 loss=0.009676 lr=7.093e-07
[train] step=24888 loss=0.010367 lr=7.091e-07
[train] step=24889 loss=0.010171 lr=7.088e-07
[train] step=24890 loss=0.006096 lr=7.085e-07
[train] step=24891 loss=0.004587 lr=7.083e-07
[train] step=24892 loss=0.004998 lr=7.080e-07
[train] step=24893 loss=0.005582 lr=7.077e-07
[train] step=24894 loss=0.004061 lr=7.075e-07
[train] step=24895 loss=0.004143 lr=7.072e-07
[train] step=24896 loss=0.002940 lr=7.069e-07
[train] step=24897 loss=0.007097 lr=7.067e-07
[train] step=24898 loss=0.004207 lr=7.064e-07
[train] step=24899 loss=0.009426 lr=7.061e-07
[train] step=24900 loss=0.003720 lr=7.059e-07
[train] step=24901 loss=0.004144 lr=7.056e-07
[train] step=24902 loss=0.002649 lr=7.053e-07
[train] step=24903 loss=0.005500 lr=7.051e-07
[train] step=24904 loss=0.004110 lr=7.048e-07
[train] step=24905 loss=0.010073 lr=7.045e-07
[train] step=24906 loss=0.002352 lr=7.043e-07
[train] step=24907 loss=0.012895 lr=7.040e-07
[train] step=24908 loss=0.003850 lr=7.037e-07
[train] step=24909 loss=0.005217 lr=7.035e-07
[train] step=24910 loss=0.003524 lr=7.032e-07
[train] step=24911 loss=0.005236 lr=7.029e-07
[train] step=24912 loss=0.005032 lr=7.027e-07
[train] step=24913 loss=0.018846 lr=7.024e-07
[train] step=24914 loss=0.006712 lr=7.021e-07
[train] step=24915 loss=0.001839 lr=7.019e-07
[train] step=24916 loss=0.004118 lr=7.016e-07
[train] step=24917 loss=0.007011 lr=7.013e-07
[train] step=24918 loss=0.005588 lr=7.011e-07
[train] step=24919 loss=0.005667 lr=7.008e-07
[train] step=24920 loss=0.003294 lr=7.005e-07
[train] step=24921 loss=0.010889 lr=7.003e-07
[train] step=24922 loss=0.007548 lr=7.000e-07
[train] step=24923 loss=0.005290 lr=6.997e-07
[train] step=24924 loss=0.011894 lr=6.995e-07
[train] step=24925 loss=0.010194 lr=6.992e-07
[train] step=24926 loss=0.007112 lr=6.990e-07
[train] step=24927 loss=0.034723 lr=6.987e-07
[train] step=24928 loss=0.003704 lr=6.984e-07
[train] step=24929 loss=0.012127 lr=6.982e-07
[train] step=24930 loss=0.009943 lr=6.979e-07
[train] step=24931 loss=0.007950 lr=6.976e-07
[train] step=24932 loss=0.010325 lr=6.974e-07
[train] step=24933 loss=0.002937 lr=6.971e-07
[train] step=24934 loss=0.006095 lr=6.968e-07
[train] step=24935 loss=0.007439 lr=6.966e-07
[train] step=24936 loss=0.003998 lr=6.963e-07
[train] step=24937 loss=0.005748 lr=6.960e-07
[train] step=24938 loss=0.039873 lr=6.958e-07
[train] step=24939 loss=0.003963 lr=6.955e-07
[train] step=24940 loss=0.008496 lr=6.952e-07
[train] step=24941 loss=0.006900 lr=6.950e-07
[train] step=24942 loss=0.002979 lr=6.947e-07
[train] step=24943 loss=0.009835 lr=6.945e-07
[train] step=24944 loss=0.006173 lr=6.942e-07
[train] step=24945 loss=0.006545 lr=6.939e-07
[train] step=24946 loss=0.028627 lr=6.937e-07
[train] step=24947 loss=0.002587 lr=6.934e-07
[train] step=24948 loss=0.006476 lr=6.931e-07
[train] step=24949 loss=0.005592 lr=6.929e-07
[train] step=24950 loss=0.008890 lr=6.926e-07
[train] step=24951 loss=0.003559 lr=6.923e-07
[train] step=24952 loss=0.003746 lr=6.921e-07
[train] step=24953 loss=0.004590 lr=6.918e-07
[train] step=24954 loss=0.003627 lr=6.915e-07
[train] step=24955 loss=0.014565 lr=6.913e-07
[train] step=24956 loss=0.012527 lr=6.910e-07
[train] step=24957 loss=0.006367 lr=6.908e-07
[train] step=24958 loss=0.005913 lr=6.905e-07
[train] step=24959 loss=0.004528 lr=6.902e-07
[train] step=24960 loss=0.005925 lr=6.900e-07
INFO     [rank 0] Model weights for step 24960 saved in      dit_trainer.py:1288
         checkpoints/model_weights_step_24960.safetensors                       
INFO     [rank 0] Scalar embedding weights for step 24960    dit_trainer.py:1297
         saved                                                                  
INFO     [rank 0] Training state saved:                      dit_trainer.py:1416
         checkpoints/model_weights_step_24960.state.pt                          
DEBUG    [rank 0] Removed old checkpoint:                    dit_trainer.py:1429
         /local/disk/hramachandran/work/wh_work/windinet/dit                    
         _outputs/lundquist/dit_sds_untrained_30k/checkpoint                    
         s/model_weights_step_24720.safetensors                                 
DEBUG    [rank 0] Removed old checkpoint:                    dit_trainer.py:1429
         /local/disk/hramachandran/work/wh_work/windinet/dit                    
         _outputs/lundquist/dit_sds_untrained_30k/checkpoint                    
         s/scalar_embedding_step_24720.safetensors                              
DEBUG    [rank 0] Removed optimizer state for older kept     dit_trainer.py:1444
         checkpoint:                                                            
         /local/disk/hramachandran/work/wh_work/windinet/dit                    
         _outputs/lundquist/dit_sds_untrained_30k/checkpoint                    
         s/model_weights_step_24840.state.pt                                    
[epoch 208] step=24960 train_loss=0.007547
[train] step=24961 loss=0.003206 lr=6.897e-07
[train] step=24962 loss=0.003831 lr=6.894e-07
[train] step=24963 loss=0.010594 lr=6.892e-07
[train] step=24964 loss=0.003437 lr=6.889e-07
[train] step=24965 loss=0.005370 lr=6.886e-07
[train] step=24966 loss=0.003975 lr=6.884e-07
[train] step=24967 loss=0.007268 lr=6.881e-07
[train] step=24968 loss=0.003303 lr=6.879e-07
[train] step=24969 loss=0.008610 lr=6.876e-07
[train] step=24970 loss=0.005622 lr=6.873e-07
[train] step=24971 loss=0.002492 lr=6.871e-07
[train] step=24972 loss=0.015408 lr=6.868e-07
[train] step=24973 loss=0.017443 lr=6.865e-07
[train] step=24974 loss=0.004131 lr=6.863e-07
[train] step=24975 loss=0.016750 lr=6.860e-07
[train] step=24976 loss=0.016643 lr=6.858e-07
[train] step=24977 loss=0.005380 lr=6.855e-07
[train] step=24978 loss=0.009013 lr=6.852e-07
[train] step=24979 loss=0.003927 lr=6.850e-07
[train] step=24980 loss=0.005198 lr=6.847e-07
[train] step=24981 loss=0.010119 lr=6.844e-07
[train] step=24982 loss=0.007770 lr=6.842e-07
[train] step=24983 loss=0.004510 lr=6.839e-07
[train] step=24984 loss=0.006756 lr=6.837e-07
[train] step=24985 loss=0.004829 lr=6.834e-07
[train] step=24986 loss=0.004397 lr=6.831e-07
[train] step=24987 loss=0.006121 lr=6.829e-07
[train] step=24988 loss=0.001919 lr=6.826e-07
[train] step=24989 loss=0.005384 lr=6.823e-07
[train] step=24990 loss=0.013301 lr=6.821e-07
[train] step=24991 loss=0.009424 lr=6.818e-07
[train] step=24992 loss=0.007336 lr=6.816e-07
[train] step=24993 loss=0.006290 lr=6.813e-07
[train] step=24994 loss=0.004804 lr=6.810e-07
[train] step=24995 loss=0.005992 lr=6.808e-07
[train] step=24996 loss=0.004164 lr=6.805e-07
[train] step=24997 loss=0.017540 lr=6.802e-07
[train] step=24998 loss=0.003099 lr=6.800e-07
[train] step=24999 loss=0.001978 lr=6.797e-07
[train] step=25000 loss=0.001950 lr=6.795e-07
[train] step=25001 loss=0.005576 lr=6.792e-07
[train] step=25002 loss=0.011827 lr=6.789e-07
[train] step=25003 loss=0.012673 lr=6.787e-07
[train] step=25004 loss=0.005536 lr=6.784e-07
[train] step=25005 loss=0.007940 lr=6.782e-07
[train] step=25006 loss=0.005926 lr=6.779e-07
[train] step=25007 loss=0.007671 lr=6.776e-07
[train] step=25008 loss=0.003690 lr=6.774e-07
[train] step=25009 loss=0.004055 lr=6.771e-07
[train] step=25010 loss=0.007666 lr=6.769e-07
[train] step=25011 loss=0.008563 lr=6.766e-07
[train] step=25012 loss=0.004509 lr=6.763e-07
[train] step=25013 loss=0.013398 lr=6.761e-07
[train] step=25014 loss=0.006001 lr=6.758e-07
[train] step=25015 loss=0.003697 lr=6.755e-07
[train] step=25016 loss=0.010707 lr=6.753e-07
[train] step=25017 loss=0.005659 lr=6.750e-07
[train] step=25018 loss=0.018715 lr=6.748e-07
[train] step=25019 loss=0.007209 lr=6.745e-07
[train] step=25020 loss=0.005950 lr=6.742e-07
[train] step=25021 loss=0.007110 lr=6.740e-07
[train] step=25022 loss=0.001860 lr=6.737e-07
[train] step=25023 loss=0.004335 lr=6.735e-07
[train] step=25024 loss=0.002407 lr=6.732e-07
[train] step=25025 loss=0.005190 lr=6.729e-07
[train] step=25026 loss=0.003042 lr=6.727e-07
[train] step=25027 loss=0.005407 lr=6.724e-07
[train] step=25028 loss=0.013125 lr=6.722e-07
[train] step=25029 loss=0.007634 lr=6.719e-07
[train] step=25030 loss=0.011651 lr=6.716e-07
[train] step=25031 loss=0.008295 lr=6.714e-07
[train] step=25032 loss=0.006274 lr=6.711e-07
[train] step=25033 loss=0.003320 lr=6.709e-07
[train] step=25034 loss=0.010093 lr=6.706e-07
[train] step=25035 loss=0.021536 lr=6.703e-07
[train] step=25036 loss=0.003846 lr=6.701e-07
[train] step=25037 loss=0.003122 lr=6.698e-07
[train] step=25038 loss=0.005276 lr=6.696e-07
[train] step=25039 loss=0.014474 lr=6.693e-07
[train] step=25040 loss=0.008876 lr=6.690e-07
[train] step=25041 loss=0.003517 lr=6.688e-07
[train] step=25042 loss=0.005523 lr=6.685e-07
[train] step=25043 loss=0.006883 lr=6.683e-07
[train] step=25044 loss=0.003565 lr=6.680e-07
[train] step=25045 loss=0.009459 lr=6.677e-07
[train] step=25046 loss=0.004519 lr=6.675e-07
[train] step=25047 loss=0.004846 lr=6.672e-07
[train] step=25048 loss=0.006591 lr=6.670e-07
[train] step=25049 loss=0.002604 lr=6.667e-07
[train] step=25050 loss=0.004525 lr=6.664e-07
[train] step=25051 loss=0.009048 lr=6.662e-07
[train] step=25052 loss=0.003670 lr=6.659e-07
[train] step=25053 loss=0.007063 lr=6.657e-07
[train] step=25054 loss=0.002794 lr=6.654e-07
[train] step=25055 loss=0.006283 lr=6.651e-07
[train] step=25056 loss=0.001915 lr=6.649e-07
[train] step=25057 loss=0.005286 lr=6.646e-07
[train] step=25058 loss=0.004394 lr=6.644e-07
[train] step=25059 loss=0.010821 lr=6.641e-07
[train] step=25060 loss=0.011512 lr=6.639e-07
[train] step=25061 loss=0.005344 lr=6.636e-07
[train] step=25062 loss=0.010900 lr=6.633e-07
[train] step=25063 loss=0.007765 lr=6.631e-07
[train] step=25064 loss=0.016370 lr=6.628e-07
[train] step=25065 loss=0.005955 lr=6.626e-07
[train] step=25066 loss=0.003754 lr=6.623e-07
[train] step=25067 loss=0.005543 lr=6.620e-07
[train] step=25068 loss=0.005333 lr=6.618e-07
[train] step=25069 loss=0.004121 lr=6.615e-07
[train] step=25070 loss=0.004963 lr=6.613e-07
[train] step=25071 loss=0.007628 lr=6.610e-07
[train] step=25072 loss=0.004680 lr=6.608e-07
[train] step=25073 loss=0.005621 lr=6.605e-07
[train] step=25074 loss=0.005036 lr=6.602e-07
[train] step=25075 loss=0.004700 lr=6.600e-07
[train] step=25076 loss=0.003305 lr=6.597e-07
[train] step=25077 loss=0.005196 lr=6.595e-07
[train] step=25078 loss=0.008166 lr=6.592e-07
[train] step=25079 loss=0.009654 lr=6.589e-07
[train] step=25080 loss=0.006024 lr=6.587e-07
INFO     [rank 0] Model weights for step 25080 saved in      dit_trainer.py:1288
         checkpoints/model_weights_step_25080.safetensors                       
INFO     [rank 0] Scalar embedding weights for step 25080    dit_trainer.py:1297
         saved                                                                  
INFO     [rank 0] Training state saved:                      dit_trainer.py:1416
         checkpoints/model_weights_step_25080.state.pt                          
DEBUG    [rank 0] Removed old checkpoint:                    dit_trainer.py:1429
         /local/disk/hramachandran/work/wh_work/windinet/dit                    
         _outputs/lundquist/dit_sds_untrained_30k/checkpoint                    
         s/model_weights_step_24840.safetensors                                 
DEBUG    [rank 0] Removed old checkpoint:                    dit_trainer.py:1429
         /local/disk/hramachandran/work/wh_work/windinet/dit                    
         _outputs/lundquist/dit_sds_untrained_30k/checkpoint                    
         s/scalar_embedding_step_24840.safetensors                              
DEBUG    [rank 0] Removed optimizer state for older kept     dit_trainer.py:1444
         checkpoint:                                                            
         /local/disk/hramachandran/work/wh_work/windinet/dit                    
         _outputs/lundquist/dit_sds_untrained_30k/checkpoint                    
         s/model_weights_step_24960.state.pt                                    
[epoch 209] step=25080 train_loss=0.006899
[train] step=25081 loss=0.004029 lr=6.584e-07
[train] step=25082 loss=0.005853 lr=6.582e-07
[train] step=25083 loss=0.002256 lr=6.579e-07
[train] step=25084 loss=0.007306 lr=6.577e-07
[train] step=25085 loss=0.002679 lr=6.574e-07
[train] step=25086 loss=0.004648 lr=6.571e-07
[train] step=25087 loss=0.011729 lr=6.569e-07
[train] step=25088 loss=0.005451 lr=6.566e-07
[train] step=25089 loss=0.009288 lr=6.564e-07
[train] step=25090 loss=0.005658 lr=6.561e-07
[train] step=25091 loss=0.004651 lr=6.559e-07
[train] step=25092 loss=0.006604 lr=6.556e-07
[train] step=25093 loss=0.004912 lr=6.553e-07
[train] step=25094 loss=0.004334 lr=6.551e-07
[train] step=25095 loss=0.008694 lr=6.548e-07
[train] step=25096 loss=0.003872 lr=6.546e-07
[train] step=25097 loss=0.009336 lr=6.543e-07
[train] step=25098 loss=0.011628 lr=6.541e-07
[train] step=25099 loss=0.004690 lr=6.538e-07
[train] step=25100 loss=0.007624 lr=6.535e-07
[train] step=25101 loss=0.004446 lr=6.533e-07
[train] step=25102 loss=0.008751 lr=6.530e-07
[train] step=25103 loss=0.020092 lr=6.528e-07
[train] step=25104 loss=0.005200 lr=6.525e-07
[train] step=25105 loss=0.007839 lr=6.523e-07
[train] step=25106 loss=0.005578 lr=6.520e-07
[train] step=25107 loss=0.008603 lr=6.517e-07
[train] step=25108 loss=0.008635 lr=6.515e-07
[train] step=25109 loss=0.003289 lr=6.512e-07
[train] step=25110 loss=0.003963 lr=6.510e-07
[train] step=25111 loss=0.006913 lr=6.507e-07
[train] step=25112 loss=0.010723 lr=6.505e-07
[train] step=25113 loss=0.005026 lr=6.502e-07
[train] step=25114 loss=0.003402 lr=6.500e-07
[train] step=25115 loss=0.003195 lr=6.497e-07
[train] step=25116 loss=0.002337 lr=6.494e-07
[train] step=25117 loss=0.011379 lr=6.492e-07
[train] step=25118 loss=0.002833 lr=6.489e-07
[train] step=25119 loss=0.006012 lr=6.487e-07
[train] step=25120 loss=0.006551 lr=6.484e-07
[train] step=25121 loss=0.017788 lr=6.482e-07
[train] step=25122 loss=0.006360 lr=6.479e-07
[train] step=25123 loss=0.003529 lr=6.476e-07
[train] step=25124 loss=0.011484 lr=6.474e-07
[train] step=25125 loss=0.003525 lr=6.471e-07
[train] step=25126 loss=0.009417 lr=6.469e-07
[train] step=25127 loss=0.005819 lr=6.466e-07
[train] step=25128 loss=0.009747 lr=6.464e-07
[train] step=25129 loss=0.004208 lr=6.461e-07
[train] step=25130 loss=0.004493 lr=6.459e-07
[train] step=25131 loss=0.003981 lr=6.456e-07
[train] step=25132 loss=0.005641 lr=6.453e-07
[train] step=25133 loss=0.005065 lr=6.451e-07
[train] step=25134 loss=0.007286 lr=6.448e-07
[train] step=25135 loss=0.012407 lr=6.446e-07
[train] step=25136 loss=0.007644 lr=6.443e-07
[train] step=25137 loss=0.003891 lr=6.441e-07
[train] step=25138 loss=0.002448 lr=6.438e-07
[train] step=25139 loss=0.008528 lr=6.436e-07
[train] step=25140 loss=0.009884 lr=6.433e-07
[train] step=25141 loss=0.004254 lr=6.431e-07
[train] step=25142 loss=0.003560 lr=6.428e-07
[train] step=25143 loss=0.004983 lr=6.425e-07
[train] step=25144 loss=0.007197 lr=6.423e-07
[train] step=25145 loss=0.003833 lr=6.420e-07
[train] step=25146 loss=0.012707 lr=6.418e-07
[train] step=25147 loss=0.003388 lr=6.415e-07
[train] step=25148 loss=0.003195 lr=6.413e-07
[train] step=25149 loss=0.002141 lr=6.410e-07
[train] step=25150 loss=0.003407 lr=6.408e-07
[train] step=25151 loss=0.006645 lr=6.405e-07
[train] step=25152 loss=0.005755 lr=6.403e-07
[train] step=25153 loss=0.010118 lr=6.400e-07
[train] step=25154 loss=0.009528 lr=6.397e-07
[train] step=25155 loss=0.004353 lr=6.395e-07
[train] step=25156 loss=0.004669 lr=6.392e-07
[train] step=25157 loss=0.005451 lr=6.390e-07
[train] step=25158 loss=0.003693 lr=6.387e-07
[train] step=25159 loss=0.003156 lr=6.385e-07
[train] step=25160 loss=0.004606 lr=6.382e-07
[train] step=25161 loss=0.009317 lr=6.380e-07
[train] step=25162 loss=0.003948 lr=6.377e-07
[train] step=25163 loss=0.009135 lr=6.375e-07
[train] step=25164 loss=0.004683 lr=6.372e-07
[train] step=25165 loss=0.008346 lr=6.370e-07
[train] step=25166 loss=0.004912 lr=6.367e-07
[train] step=25167 loss=0.005845 lr=6.364e-07
[train] step=25168 loss=0.005399 lr=6.362e-07
[train] step=25169 loss=0.002774 lr=6.359e-07
[train] step=25170 loss=0.003716 lr=6.357e-07
[train] step=25171 loss=0.001802 lr=6.354e-07
[train] step=25172 loss=0.003257 lr=6.352e-07
[train] step=25173 loss=0.013079 lr=6.349e-07
[train] step=25174 loss=0.004620 lr=6.347e-07
[train] step=25175 loss=0.006710 lr=6.344e-07
[train] step=25176 loss=0.010447 lr=6.342e-07
[train] step=25177 loss=0.004012 lr=6.339e-07
[train] step=25178 loss=0.006849 lr=6.337e-07
[train] step=25179 loss=0.004266 lr=6.334e-07
[train] step=25180 loss=0.009560 lr=6.332e-07
[train] step=25181 loss=0.005821 lr=6.329e-07
[train] step=25182 loss=0.019754 lr=6.326e-07
[train] step=25183 loss=0.004752 lr=6.324e-07
[train] step=25184 loss=0.002764 lr=6.321e-07
[train] step=25185 loss=0.008415 lr=6.319e-07
[train] step=25186 loss=0.008593 lr=6.316e-07
[train] step=25187 loss=0.014595 lr=6.314e-07
[train] step=25188 loss=0.004167 lr=6.311e-07
[train] step=25189 loss=0.004313 lr=6.309e-07
[train] step=25190 loss=0.002561 lr=6.306e-07
[train] step=25191 loss=0.008206 lr=6.304e-07
[train] step=25192 loss=0.010398 lr=6.301e-07
[train] step=25193 loss=0.006928 lr=6.299e-07
[train] step=25194 loss=0.004137 lr=6.296e-07
[train] step=25195 loss=0.004862 lr=6.294e-07
[train] step=25196 loss=0.005187 lr=6.291e-07
[train] step=25197 loss=0.006091 lr=6.289e-07
[train] step=25198 loss=0.009667 lr=6.286e-07
[train] step=25199 loss=0.005910 lr=6.284e-07
[train] step=25200 loss=0.005022 lr=6.281e-07
[val] step=25200 val_loss=0.014265
INFO     [rank 0] Model weights for step 25200 saved in      dit_trainer.py:1288
         checkpoints/model_weights_step_25200.safetensors                       
INFO     [rank 0] Scalar embedding weights for step 25200    dit_trainer.py:1297
         saved                                                                  
INFO     [rank 0] Training state saved:                      dit_trainer.py:1416
         checkpoints/model_weights_step_25200.state.pt                          
DEBUG    [rank 0] Removed old checkpoint:                    dit_trainer.py:1429
         /local/disk/hramachandran/work/wh_work/windinet/dit                    
         _outputs/lundquist/dit_sds_untrained_30k/checkpoint                    
         s/model_weights_step_24960.safetensors                                 
DEBUG    [rank 0] Removed old checkpoint:                    dit_trainer.py:1429
         /local/disk/hramachandran/work/wh_work/windinet/dit                    
         _outputs/lundquist/dit_sds_untrained_30k/checkpoint                    
         s/scalar_embedding_step_24960.safetensors                              
DEBUG    [rank 0] Removed optimizer state for older kept     dit_trainer.py:1444
         checkpoint:                                                            
         /local/disk/hramachandran/work/wh_work/windinet/dit                    
         _outputs/lundquist/dit_sds_untrained_30k/checkpoint                    
         s/model_weights_step_25080.state.pt                                    
[epoch 210] step=25200 train_loss=0.006463 val_loss=0.014265
[train] step=25201 loss=0.003243 lr=6.278e-07
[train] step=25202 loss=0.007124 lr=6.276e-07
[train] step=25203 loss=0.005145 lr=6.273e-07
[train] step=25204 loss=0.005468 lr=6.271e-07
[train] step=25205 loss=0.003856 lr=6.268e-07
[train] step=25206 loss=0.004834 lr=6.266e-07
[train] step=25207 loss=0.004838 lr=6.263e-07
[train] step=25208 loss=0.008833 lr=6.261e-07
[train] step=25209 loss=0.003063 lr=6.258e-07
[train] step=25210 loss=0.011997 lr=6.256e-07
[train] step=25211 loss=0.003970 lr=6.253e-07
[train] step=25212 loss=0.007711 lr=6.251e-07
[train] step=25213 loss=0.007292 lr=6.248e-07
[train] step=25214 loss=0.002905 lr=6.246e-07
[train] step=25215 loss=0.007960 lr=6.243e-07
[train] step=25216 loss=0.003428 lr=6.241e-07
[train] step=25217 loss=0.033539 lr=6.238e-07
[train] step=25218 loss=0.006306 lr=6.236e-07
[train] step=25219 loss=0.002626 lr=6.233e-07
[train] step=25220 loss=0.004475 lr=6.231e-07
[train] step=25221 loss=0.003802 lr=6.228e-07
[train] step=25222 loss=0.006528 lr=6.226e-07
[train] step=25223 loss=0.009894 lr=6.223e-07
[train] step=25224 loss=0.005651 lr=6.221e-07
[train] step=25225 loss=0.003918 lr=6.218e-07
[train] step=25226 loss=0.009163 lr=6.216e-07
[train] step=25227 loss=0.003728 lr=6.213e-07
[train] step=25228 loss=0.008416 lr=6.211e-07
[train] step=25229 loss=0.004931 lr=6.208e-07
[train] step=25230 loss=0.005476 lr=6.206e-07
[train] step=25231 loss=0.005448 lr=6.203e-07
[train] step=25232 loss=0.002406 lr=6.201e-07
[train] step=25233 loss=0.005003 lr=6.198e-07
[train] step=25234 loss=0.006503 lr=6.196e-07
[train] step=25235 loss=0.005116 lr=6.193e-07
[train] step=25236 loss=0.007350 lr=6.191e-07
[train] step=25237 loss=0.004859 lr=6.188e-07
[train] step=25238 loss=0.006294 lr=6.186e-07
[train] step=25239 loss=0.003039 lr=6.183e-07
[train] step=25240 loss=0.011899 lr=6.181e-07
[train] step=25241 loss=0.004333 lr=6.178e-07
[train] step=25242 loss=0.006092 lr=6.176e-07
[train] step=25243 loss=0.004450 lr=6.173e-07
[train] step=25244 loss=0.026305 lr=6.171e-07
[train] step=25245 loss=0.009560 lr=6.168e-07
[train] step=25246 loss=0.003909 lr=6.166e-07
[train] step=25247 loss=0.007230 lr=6.163e-07
[train] step=25248 loss=0.002253 lr=6.161e-07
[train] step=25249 loss=0.003695 lr=6.158e-07
[train] step=25250 loss=0.007140 lr=6.156e-07
[train] step=25251 loss=0.004819 lr=6.153e-07
[train] step=25252 loss=0.015031 lr=6.151e-07
[train] step=25253 loss=0.007877 lr=6.148e-07
[train] step=25254 loss=0.004002 lr=6.146e-07
[train] step=25255 loss=0.003355 lr=6.143e-07
[train] step=25256 loss=0.005522 lr=6.141e-07
[train] step=25257 loss=0.002895 lr=6.138e-07
[train] step=25258 loss=0.015313 lr=6.136e-07
[train] step=25259 loss=0.005614 lr=6.133e-07
[train] step=25260 loss=0.007094 lr=6.131e-07
[train] step=25261 loss=0.003968 lr=6.128e-07
[train] step=25262 loss=0.005579 lr=6.126e-07
[train] step=25263 loss=0.008910 lr=6.123e-07
[train] step=25264 loss=0.015455 lr=6.121e-07
[train] step=25265 loss=0.004188 lr=6.118e-07
[train] step=25266 loss=0.002743 lr=6.116e-07
[train] step=25267 loss=0.010798 lr=6.113e-07
[train] step=25268 loss=0.006758 lr=6.111e-07
[train] step=25269 loss=0.009001 lr=6.108e-07
[train] step=25270 loss=0.003654 lr=6.106e-07
[train] step=25271 loss=0.005899 lr=6.103e-07
[train] step=25272 loss=0.003049 lr=6.101e-07
[train] step=25273 loss=0.017974 lr=6.098e-07
[train] step=25274 loss=0.011087 lr=6.096e-07
[train] step=25275 loss=0.009248 lr=6.093e-07
[train] step=25276 loss=0.005282 lr=6.091e-07
[train] step=25277 loss=0.004307 lr=6.088e-07
[train] step=25278 loss=0.008052 lr=6.086e-07
[train] step=25279 loss=0.007531 lr=6.083e-07
[train] step=25280 loss=0.004894 lr=6.081e-07
[train] step=25281 loss=0.004117 lr=6.078e-07
[train] step=25282 loss=0.003604 lr=6.076e-07
[train] step=25283 loss=0.004978 lr=6.073e-07
[train] step=25284 loss=0.017485 lr=6.071e-07
[train] step=25285 loss=0.003662 lr=6.069e-07
[train] step=25286 loss=0.007932 lr=6.066e-07
[train] step=25287 loss=0.003628 lr=6.064e-07
[train] step=25288 loss=0.006960 lr=6.061e-07
[train] step=25289 loss=0.002784 lr=6.059e-07
[train] step=25290 loss=0.002295 lr=6.056e-07
[train] step=25291 loss=0.002881 lr=6.054e-07
[train] step=25292 loss=0.005549 lr=6.051e-07
[train] step=25293 loss=0.002501 lr=6.049e-07
[train] step=25294 loss=0.004777 lr=6.046e-07
[train] step=25295 loss=0.007148 lr=6.044e-07
[train] step=25296 loss=0.007628 lr=6.041e-07
[train] step=25297 loss=0.002661 lr=6.039e-07
[train] step=25298 loss=0.005193 lr=6.036e-07
[train] step=25299 loss=0.003611 lr=6.034e-07
[train] step=25300 loss=0.004687 lr=6.031e-07
[train] step=25301 loss=0.007458 lr=6.029e-07
[train] step=25302 loss=0.006898 lr=6.026e-07
[train] step=25303 loss=0.003530 lr=6.024e-07
[train] step=25304 loss=0.010134 lr=6.021e-07
[train] step=25305 loss=0.003058 lr=6.019e-07
[train] step=25306 loss=0.007186 lr=6.017e-07
[train] step=25307 loss=0.007575 lr=6.014e-07
[train] step=25308 loss=0.003384 lr=6.012e-07
[train] step=25309 loss=0.002366 lr=6.009e-07
[train] step=25310 loss=0.004206 lr=6.007e-07
[train] step=25311 loss=0.008723 lr=6.004e-07
[train] step=25312 loss=0.008265 lr=6.002e-07
[train] step=25313 loss=0.007167 lr=5.999e-07
[train] step=25314 loss=0.005146 lr=5.997e-07
[train] step=25315 loss=0.006192 lr=5.994e-07
[train] step=25316 loss=0.008279 lr=5.992e-07
[train] step=25317 loss=0.005246 lr=5.989e-07
[train] step=25318 loss=0.007295 lr=5.987e-07
[train] step=25319 loss=0.005308 lr=5.984e-07
[train] step=25320 loss=0.014916 lr=5.982e-07
INFO     [rank 0] Model weights for step 25320 saved in      dit_trainer.py:1288
         checkpoints/model_weights_step_25320.safetensors                       
INFO     [rank 0] Scalar embedding weights for step 25320    dit_trainer.py:1297
         saved                                                                  
INFO     [rank 0] Training state saved:                      dit_trainer.py:1416
         checkpoints/model_weights_step_25320.state.pt                          
DEBUG    [rank 0] Removed old checkpoint:                    dit_trainer.py:1429
         /local/disk/hramachandran/work/wh_work/windinet/dit                    
         _outputs/lundquist/dit_sds_untrained_30k/checkpoint                    
         s/model_weights_step_25080.safetensors                                 
DEBUG    [rank 0] Removed old checkpoint:                    dit_trainer.py:1429
         /local/disk/hramachandran/work/wh_work/windinet/dit                    
         _outputs/lundquist/dit_sds_untrained_30k/checkpoint                    
         s/scalar_embedding_step_25080.safetensors                              
DEBUG    [rank 0] Removed optimizer state for older kept     dit_trainer.py:1444
         checkpoint:                                                            
         /local/disk/hramachandran/work/wh_work/windinet/dit                    
         _outputs/lundquist/dit_sds_untrained_30k/checkpoint                    
         s/model_weights_step_25200.state.pt                                    
[epoch 211] step=25320 train_loss=0.006495
[train] step=25321 loss=0.020728 lr=5.980e-07
[train] step=25322 loss=0.004649 lr=5.977e-07
[train] step=25323 loss=0.003193 lr=5.975e-07
[train] step=25324 loss=0.004914 lr=5.972e-07
[train] step=25325 loss=0.009073 lr=5.970e-07
[train] step=25326 loss=0.003445 lr=5.967e-07
[train] step=25327 loss=0.005857 lr=5.965e-07
[train] step=25328 loss=0.003403 lr=5.962e-07
[train] step=25329 loss=0.005002 lr=5.960e-07
[train] step=25330 loss=0.017624 lr=5.957e-07
[train] step=25331 loss=0.006311 lr=5.955e-07
[train] step=25332 loss=0.002042 lr=5.952e-07
[train] step=25333 loss=0.006029 lr=5.950e-07
[train] step=25334 loss=0.006218 lr=5.948e-07
[train] step=25335 loss=0.010606 lr=5.945e-07
[train] step=25336 loss=0.012367 lr=5.943e-07
[train] step=25337 loss=0.011317 lr=5.940e-07
[train] step=25338 loss=0.008320 lr=5.938e-07
[train] step=25339 loss=0.003145 lr=5.935e-07
[train] step=25340 loss=0.003610 lr=5.933e-07
[train] step=25341 loss=0.004786 lr=5.930e-07
[train] step=25342 loss=0.012286 lr=5.928e-07
[train] step=25343 loss=0.006651 lr=5.926e-07
[train] step=25344 loss=0.008414 lr=5.923e-07
[train] step=25345 loss=0.003056 lr=5.921e-07
[train] step=25346 loss=0.007877 lr=5.918e-07
[train] step=25347 loss=0.006195 lr=5.916e-07
[train] step=25348 loss=0.004590 lr=5.913e-07
[train] step=25349 loss=0.004825 lr=5.911e-07
[train] step=25350 loss=0.008417 lr=5.908e-07
[train] step=25351 loss=0.010186 lr=5.906e-07
[train] step=25352 loss=0.004349 lr=5.903e-07
[train] step=25353 loss=0.014337 lr=5.901e-07
[train] step=25354 loss=0.005847 lr=5.899e-07
[train] step=25355 loss=0.006832 lr=5.896e-07
[train] step=25356 loss=0.026204 lr=5.894e-07
[train] step=25357 loss=0.003921 lr=5.891e-07
[train] step=25358 loss=0.003841 lr=5.889e-07
[train] step=25359 loss=0.005736 lr=5.886e-07
[train] step=25360 loss=0.007051 lr=5.884e-07
[train] step=25361 loss=0.012034 lr=5.881e-07
[train] step=25362 loss=0.004512 lr=5.879e-07
[train] step=25363 loss=0.004545 lr=5.877e-07
[train] step=25364 loss=0.008226 lr=5.874e-07
[train] step=25365 loss=0.009890 lr=5.872e-07
[train] step=25366 loss=0.004688 lr=5.869e-07
[train] step=25367 loss=0.004157 lr=5.867e-07
[train] step=25368 loss=0.005774 lr=5.864e-07
[train] step=25369 loss=0.006032 lr=5.862e-07
[train] step=25370 loss=0.008081 lr=5.859e-07
[train] step=25371 loss=0.004073 lr=5.857e-07
[train] step=25372 loss=0.005473 lr=5.855e-07
[train] step=25373 loss=0.002456 lr=5.852e-07
[train] step=25374 loss=0.002088 lr=5.850e-07
[train] step=25375 loss=0.013030 lr=5.847e-07
[train] step=25376 loss=0.003102 lr=5.845e-07
[train] step=25377 loss=0.003924 lr=5.842e-07
[train] step=25378 loss=0.005494 lr=5.840e-07
[train] step=25379 loss=0.008095 lr=5.838e-07
[train] step=25380 loss=0.019278 lr=5.835e-07
[train] step=25381 loss=0.004896 lr=5.833e-07
[train] step=25382 loss=0.009868 lr=5.830e-07
[train] step=25383 loss=0.003512 lr=5.828e-07
[train] step=25384 loss=0.005929 lr=5.825e-07
[train] step=25385 loss=0.007429 lr=5.823e-07
[train] step=25386 loss=0.004220 lr=5.821e-07
[train] step=25387 loss=0.002245 lr=5.818e-07
[train] step=25388 loss=0.006487 lr=5.816e-07
[train] step=25389 loss=0.019499 lr=5.813e-07
[train] step=25390 loss=0.004221 lr=5.811e-07
[train] step=25391 loss=0.004773 lr=5.808e-07
[train] step=25392 loss=0.004456 lr=5.806e-07
[train] step=25393 loss=0.004691 lr=5.804e-07
[train] step=25394 loss=0.002269 lr=5.801e-07
[train] step=25395 loss=0.011361 lr=5.799e-07
[train] step=25396 loss=0.003358 lr=5.796e-07
[train] step=25397 loss=0.007014 lr=5.794e-07
[train] step=25398 loss=0.004629 lr=5.791e-07
[train] step=25399 loss=0.004324 lr=5.789e-07
[train] step=25400 loss=0.003700 lr=5.787e-07
[train] step=25401 loss=0.006282 lr=5.784e-07
[train] step=25402 loss=0.008794 lr=5.782e-07
[train] step=25403 loss=0.005999 lr=5.779e-07
[train] step=25404 loss=0.008513 lr=5.777e-07
[train] step=25405 loss=0.013270 lr=5.774e-07
[train] step=25406 loss=0.006768 lr=5.772e-07
[train] step=25407 loss=0.005578 lr=5.770e-07
[train] step=25408 loss=0.016044 lr=5.767e-07
[train] step=25409 loss=0.005148 lr=5.765e-07
[train] step=25410 loss=0.008196 lr=5.762e-07
[train] step=25411 loss=0.005061 lr=5.760e-07
[train] step=25412 loss=0.005516 lr=5.758e-07
[train] step=25413 loss=0.011079 lr=5.755e-07
[train] step=25414 loss=0.013337 lr=5.753e-07
[train] step=25415 loss=0.006254 lr=5.750e-07
[train] step=25416 loss=0.005309 lr=5.748e-07
[train] step=25417 loss=0.003806 lr=5.745e-07
[train] step=25418 loss=0.005301 lr=5.743e-07
[train] step=25419 loss=0.009173 lr=5.741e-07
[train] step=25420 loss=0.006383 lr=5.738e-07
[train] step=25421 loss=0.007691 lr=5.736e-07
[train] step=25422 loss=0.004066 lr=5.733e-07
[train] step=25423 loss=0.009157 lr=5.731e-07
[train] step=25424 loss=0.005050 lr=5.729e-07
[train] step=25425 loss=0.003458 lr=5.726e-07
[train] step=25426 loss=0.006688 lr=5.724e-07
[train] step=25427 loss=0.007029 lr=5.721e-07
[train] step=25428 loss=0.006152 lr=5.719e-07
[train] step=25429 loss=0.014745 lr=5.716e-07
[train] step=25430 loss=0.006976 lr=5.714e-07
[train] step=25431 loss=0.003189 lr=5.712e-07
[train] step=25432 loss=0.003189 lr=5.709e-07
[train] step=25433 loss=0.003880 lr=5.707e-07
[train] step=25434 loss=0.011660 lr=5.704e-07
[train] step=25435 loss=0.009393 lr=5.702e-07
[train] step=25436 loss=0.003156 lr=5.700e-07
[train] step=25437 loss=0.004139 lr=5.697e-07
[train] step=25438 loss=0.003900 lr=5.695e-07
[train] step=25439 loss=0.005264 lr=5.692e-07
[train] step=25440 loss=0.007558 lr=5.690e-07
INFO     [rank 0] Model weights for step 25440 saved in      dit_trainer.py:1288
         checkpoints/model_weights_step_25440.safetensors                       
INFO     [rank 0] Scalar embedding weights for step 25440    dit_trainer.py:1297
         saved                                                                  
INFO     [rank 0] Training state saved:                      dit_trainer.py:1416
         checkpoints/model_weights_step_25440.state.pt                          
DEBUG    [rank 0] Removed old checkpoint:                    dit_trainer.py:1429
         /local/disk/hramachandran/work/wh_work/windinet/dit                    
         _outputs/lundquist/dit_sds_untrained_30k/checkpoint                    
         s/model_weights_step_25200.safetensors                                 
DEBUG    [rank 0] Removed old checkpoint:                    dit_trainer.py:1429
         /local/disk/hramachandran/work/wh_work/windinet/dit                    
         _outputs/lundquist/dit_sds_untrained_30k/checkpoint                    
         s/scalar_embedding_step_25200.safetensors                              
DEBUG    [rank 0] Removed optimizer state for older kept     dit_trainer.py:1444
         checkpoint:                                                            
         /local/disk/hramachandran/work/wh_work/windinet/dit                    
         _outputs/lundquist/dit_sds_untrained_30k/checkpoint                    
         s/model_weights_step_25320.state.pt                                    
[epoch 212] step=25440 train_loss=0.007055
[train] step=25441 loss=0.007908 lr=5.688e-07
[train] step=25442 loss=0.003186 lr=5.685e-07
[train] step=25443 loss=0.003732 lr=5.683e-07
[train] step=25444 loss=0.005260 lr=5.680e-07
[train] step=25445 loss=0.013683 lr=5.678e-07
[train] step=25446 loss=0.003024 lr=5.676e-07
[train] step=25447 loss=0.004950 lr=5.673e-07
[train] step=25448 loss=0.020576 lr=5.671e-07
[train] step=25449 loss=0.007326 lr=5.668e-07
[train] step=25450 loss=0.003095 lr=5.666e-07
[train] step=25451 loss=0.006013 lr=5.664e-07
[train] step=25452 loss=0.016107 lr=5.661e-07
[train] step=25453 loss=0.008402 lr=5.659e-07
[train] step=25454 loss=0.004736 lr=5.656e-07
[train] step=25455 loss=0.010910 lr=5.654e-07
[train] step=25456 loss=0.007567 lr=5.652e-07
[train] step=25457 loss=0.005429 lr=5.649e-07
[train] step=25458 loss=0.003551 lr=5.647e-07
[train] step=25459 loss=0.003249 lr=5.644e-07
[train] step=25460 loss=0.005639 lr=5.642e-07
[train] step=25461 loss=0.009116 lr=5.640e-07
[train] step=25462 loss=0.016313 lr=5.637e-07
[train] step=25463 loss=0.004221 lr=5.635e-07
[train] step=25464 loss=0.015688 lr=5.632e-07
[train] step=25465 loss=0.003672 lr=5.630e-07
[train] step=25466 loss=0.005130 lr=5.628e-07
[train] step=25467 loss=0.005241 lr=5.625e-07
[train] step=25468 loss=0.004115 lr=5.623e-07
[train] step=25469 loss=0.006028 lr=5.620e-07
[train] step=25470 loss=0.003558 lr=5.618e-07
[train] step=25471 loss=0.002683 lr=5.616e-07
[train] step=25472 loss=0.004644 lr=5.613e-07
[train] step=25473 loss=0.001825 lr=5.611e-07
[train] step=25474 loss=0.009797 lr=5.609e-07
[train] step=25475 loss=0.006137 lr=5.606e-07
[train] step=25476 loss=0.008129 lr=5.604e-07
[train] step=25477 loss=0.008160 lr=5.601e-07
[train] step=25478 loss=0.006171 lr=5.599e-07
[train] step=25479 loss=0.005311 lr=5.597e-07
[train] step=25480 loss=0.006070 lr=5.594e-07
[train] step=25481 loss=0.006148 lr=5.592e-07
[train] step=25482 loss=0.007672 lr=5.589e-07
[train] step=25483 loss=0.002718 lr=5.587e-07
[train] step=25484 loss=0.003511 lr=5.585e-07
[train] step=25485 loss=0.005734 lr=5.582e-07
[train] step=25486 loss=0.005905 lr=5.580e-07
[train] step=25487 loss=0.006019 lr=5.578e-07
[train] step=25488 loss=0.003547 lr=5.575e-07
[train] step=25489 loss=0.008330 lr=5.573e-07
[train] step=25490 loss=0.013308 lr=5.570e-07
[train] step=25491 loss=0.010319 lr=5.568e-07
[train] step=25492 loss=0.032715 lr=5.566e-07
[train] step=25493 loss=0.004961 lr=5.563e-07
[train] step=25494 loss=0.008595 lr=5.561e-07
[train] step=25495 loss=0.007360 lr=5.558e-07
[train] step=25496 loss=0.009992 lr=5.556e-07
[train] step=25497 loss=0.008402 lr=5.554e-07
[train] step=25498 loss=0.014469 lr=5.551e-07
[train] step=25499 loss=0.005884 lr=5.549e-07
[train] step=25500 loss=0.011779 lr=5.547e-07
[train] step=25501 loss=0.006003 lr=5.544e-07
[train] step=25502 loss=0.009628 lr=5.542e-07
[train] step=25503 loss=0.006131 lr=5.539e-07
[train] step=25504 loss=0.002442 lr=5.537e-07
[train] step=25505 loss=0.002940 lr=5.535e-07
[train] step=25506 loss=0.006762 lr=5.532e-07
[train] step=25507 loss=0.002810 lr=5.530e-07
[train] step=25508 loss=0.002983 lr=5.528e-07
[train] step=25509 loss=0.002081 lr=5.525e-07
[train] step=25510 loss=0.004082 lr=5.523e-07
[train] step=25511 loss=0.003736 lr=5.521e-07
[train] step=25512 loss=0.004322 lr=5.518e-07
[train] step=25513 loss=0.005290 lr=5.516e-07
[train] step=25514 loss=0.003484 lr=5.513e-07
[train] step=25515 loss=0.003305 lr=5.511e-07
[train] step=25516 loss=0.002858 lr=5.509e-07
[train] step=25517 loss=0.004453 lr=5.506e-07
[train] step=25518 loss=0.003249 lr=5.504e-07
[train] step=25519 loss=0.007841 lr=5.502e-07
[train] step=25520 loss=0.004938 lr=5.499e-07
[train] step=25521 loss=0.005462 lr=5.497e-07
[train] step=25522 loss=0.006385 lr=5.494e-07
[train] step=25523 loss=0.011264 lr=5.492e-07
[train] step=25524 loss=0.007739 lr=5.490e-07
[train] step=25525 loss=0.005638 lr=5.487e-07
[train] step=25526 loss=0.005165 lr=5.485e-07
[train] step=25527 loss=0.009800 lr=5.483e-07
[train] step=25528 loss=0.005928 lr=5.480e-07
[train] step=25529 loss=0.006540 lr=5.478e-07
[train] step=25530 loss=0.018684 lr=5.476e-07
[train] step=25531 loss=0.006444 lr=5.473e-07
[train] step=25532 loss=0.005714 lr=5.471e-07
[train] step=25533 loss=0.002124 lr=5.468e-07
[train] step=25534 loss=0.017735 lr=5.466e-07
[train] step=25535 loss=0.010531 lr=5.464e-07
[train] step=25536 loss=0.004297 lr=5.461e-07
[train] step=25537 loss=0.008456 lr=5.459e-07
[train] step=25538 loss=0.005359 lr=5.457e-07
[train] step=25539 loss=0.003463 lr=5.454e-07
[train] step=25540 loss=0.006102 lr=5.452e-07
[train] step=25541 loss=0.002897 lr=5.450e-07
[train] step=25542 loss=0.006063 lr=5.447e-07
[train] step=25543 loss=0.003856 lr=5.445e-07
[train] step=25544 loss=0.004242 lr=5.443e-07
[train] step=25545 loss=0.004713 lr=5.440e-07
[train] step=25546 loss=0.008418 lr=5.438e-07
[train] step=25547 loss=0.007041 lr=5.436e-07
[train] step=25548 loss=0.002831 lr=5.433e-07
[train] step=25549 loss=0.004794 lr=5.431e-07
[train] step=25550 loss=0.005378 lr=5.428e-07
[train] step=25551 loss=0.002660 lr=5.426e-07
[train] step=25552 loss=0.006407 lr=5.424e-07
[train] step=25553 loss=0.007584 lr=5.421e-07
[train] step=25554 loss=0.005270 lr=5.419e-07
[train] step=25555 loss=0.006201 lr=5.417e-07
[train] step=25556 loss=0.004141 lr=5.414e-07
[train] step=25557 loss=0.005733 lr=5.412e-07
[train] step=25558 loss=0.007275 lr=5.410e-07
[train] step=25559 loss=0.002214 lr=5.407e-07
[train] step=25560 loss=0.003071 lr=5.405e-07
INFO     [rank 0] Model weights for step 25560 saved in      dit_trainer.py:1288
         checkpoints/model_weights_step_25560.safetensors                       
INFO     [rank 0] Scalar embedding weights for step 25560    dit_trainer.py:1297
         saved                                                                  
INFO     [rank 0] Training state saved:                      dit_trainer.py:1416
         checkpoints/model_weights_step_25560.state.pt                          
DEBUG    [rank 0] Removed old checkpoint:                    dit_trainer.py:1429
         /local/disk/hramachandran/work/wh_work/windinet/dit                    
         _outputs/lundquist/dit_sds_untrained_30k/checkpoint                    
         s/model_weights_step_25320.safetensors                                 
DEBUG    [rank 0] Removed old checkpoint:                    dit_trainer.py:1429
         /local/disk/hramachandran/work/wh_work/windinet/dit                    
         _outputs/lundquist/dit_sds_untrained_30k/checkpoint                    
         s/scalar_embedding_step_25320.safetensors                              
DEBUG    [rank 0] Removed optimizer state for older kept     dit_trainer.py:1444
         checkpoint:                                                            
         /local/disk/hramachandran/work/wh_work/windinet/dit                    
         _outputs/lundquist/dit_sds_untrained_30k/checkpoint                    
         s/model_weights_step_25440.state.pt                                    
[epoch 213] step=25560 train_loss=0.006676
[train] step=25561 loss=0.003846 lr=5.403e-07
[train] step=25562 loss=0.006835 lr=5.400e-07
[train] step=25563 loss=0.004229 lr=5.398e-07
[train] step=25564 loss=0.005243 lr=5.396e-07
[train] step=25565 loss=0.010039 lr=5.393e-07
[train] step=25566 loss=0.007238 lr=5.391e-07
[train] step=25567 loss=0.012047 lr=5.389e-07
[train] step=25568 loss=0.010020 lr=5.386e-07
[train] step=25569 loss=0.003677 lr=5.384e-07
[train] step=25570 loss=0.002742 lr=5.382e-07
[train] step=25571 loss=0.007153 lr=5.379e-07
[train] step=25572 loss=0.008018 lr=5.377e-07
[train] step=25573 loss=0.005815 lr=5.375e-07
[train] step=25574 loss=0.008359 lr=5.372e-07
[train] step=25575 loss=0.007822 lr=5.370e-07
[train] step=25576 loss=0.004520 lr=5.367e-07
[train] step=25577 loss=0.002377 lr=5.365e-07
[train] step=25578 loss=0.007654 lr=5.363e-07
[train] step=25579 loss=0.006363 lr=5.360e-07
[train] step=25580 loss=0.003496 lr=5.358e-07
[train] step=25581 loss=0.007166 lr=5.356e-07
[train] step=25582 loss=0.002874 lr=5.353e-07
[train] step=25583 loss=0.003309 lr=5.351e-07
[train] step=25584 loss=0.008842 lr=5.349e-07
[train] step=25585 loss=0.003923 lr=5.346e-07
[train] step=25586 loss=0.008364 lr=5.344e-07
[train] step=25587 loss=0.004476 lr=5.342e-07
[train] step=25588 loss=0.004804 lr=5.339e-07
[train] step=25589 loss=0.004335 lr=5.337e-07
[train] step=25590 loss=0.003883 lr=5.335e-07
[train] step=25591 loss=0.006856 lr=5.332e-07
[train] step=25592 loss=0.006141 lr=5.330e-07
[train] step=25593 loss=0.005832 lr=5.328e-07
[train] step=25594 loss=0.006768 lr=5.325e-07
[train] step=25595 loss=0.002148 lr=5.323e-07
[train] step=25596 loss=0.005108 lr=5.321e-07
[train] step=25597 loss=0.003188 lr=5.319e-07
[train] step=25598 loss=0.006101 lr=5.316e-07
[train] step=25599 loss=0.004936 lr=5.314e-07
[train] step=25600 loss=0.013414 lr=5.312e-07
[train] step=25601 loss=0.006101 lr=5.309e-07
[train] step=25602 loss=0.006304 lr=5.307e-07
[train] step=25603 loss=0.009132 lr=5.305e-07
[train] step=25604 loss=0.005385 lr=5.302e-07
[train] step=25605 loss=0.003474 lr=5.300e-07
[train] step=25606 loss=0.005199 lr=5.298e-07
[train] step=25607 loss=0.006868 lr=5.295e-07
[train] step=25608 loss=0.004040 lr=5.293e-07
[train] step=25609 loss=0.004591 lr=5.291e-07
[train] step=25610 loss=0.003876 lr=5.288e-07
[train] step=25611 loss=0.008260 lr=5.286e-07
[train] step=25612 loss=0.003438 lr=5.284e-07
[train] step=25613 loss=0.005335 lr=5.281e-07
[train] step=25614 loss=0.003354 lr=5.279e-07
[train] step=25615 loss=0.006631 lr=5.277e-07
[train] step=25616 loss=0.003431 lr=5.274e-07
[train] step=25617 loss=0.003618 lr=5.272e-07
[train] step=25618 loss=0.010696 lr=5.270e-07
[train] step=25619 loss=0.010524 lr=5.267e-07
[train] step=25620 loss=0.005845 lr=5.265e-07
[train] step=25621 loss=0.003397 lr=5.263e-07
[train] step=25622 loss=0.004373 lr=5.260e-07
[train] step=25623 loss=0.018478 lr=5.258e-07
[train] step=25624 loss=0.003918 lr=5.256e-07
[train] step=25625 loss=0.011784 lr=5.254e-07
[train] step=25626 loss=0.004180 lr=5.251e-07
[train] step=25627 loss=0.006439 lr=5.249e-07
[train] step=25628 loss=0.005312 lr=5.247e-07
[train] step=25629 loss=0.017597 lr=5.244e-07
[train] step=25630 loss=0.003613 lr=5.242e-07
[train] step=25631 loss=0.008084 lr=5.240e-07
[train] step=25632 loss=0.007088 lr=5.237e-07
[train] step=25633 loss=0.003249 lr=5.235e-07
[train] step=25634 loss=0.011776 lr=5.233e-07
[train] step=25635 loss=0.003385 lr=5.230e-07
[train] step=25636 loss=0.006997 lr=5.228e-07
[train] step=25637 loss=0.006097 lr=5.226e-07
[train] step=25638 loss=0.006367 lr=5.223e-07
[train] step=25639 loss=0.004113 lr=5.221e-07
[train] step=25640 loss=0.003866 lr=5.219e-07
[train] step=25641 loss=0.014892 lr=5.217e-07
[train] step=25642 loss=0.006793 lr=5.214e-07
[train] step=25643 loss=0.017545 lr=5.212e-07
[train] step=25644 loss=0.005384 lr=5.210e-07
[train] step=25645 loss=0.005014 lr=5.207e-07
[train] step=25646 loss=0.009157 lr=5.205e-07
[train] step=25647 loss=0.004956 lr=5.203e-07
[train] step=25648 loss=0.003986 lr=5.200e-07
[train] step=25649 loss=0.019037 lr=5.198e-07
[train] step=25650 loss=0.002764 lr=5.196e-07
[train] step=25651 loss=0.003822 lr=5.194e-07
[train] step=25652 loss=0.003366 lr=5.191e-07
[train] step=25653 loss=0.010146 lr=5.189e-07
[train] step=25654 loss=0.003885 lr=5.187e-07
[train] step=25655 loss=0.008628 lr=5.184e-07
[train] step=25656 loss=0.004334 lr=5.182e-07
[train] step=25657 loss=0.005231 lr=5.180e-07
[train] step=25658 loss=0.007972 lr=5.177e-07
[train] step=25659 loss=0.002383 lr=5.175e-07
[train] step=25660 loss=0.002976 lr=5.173e-07
[train] step=25661 loss=0.007321 lr=5.171e-07
[train] step=25662 loss=0.008427 lr=5.168e-07
[train] step=25663 loss=0.005275 lr=5.166e-07
[train] step=25664 loss=0.004963 lr=5.164e-07
[train] step=25665 loss=0.016412 lr=5.161e-07
[train] step=25666 loss=0.007573 lr=5.159e-07
[train] step=25667 loss=0.005977 lr=5.157e-07
[train] step=25668 loss=0.006222 lr=5.154e-07
[train] step=25669 loss=0.002228 lr=5.152e-07
[train] step=25670 loss=0.005579 lr=5.150e-07
[train] step=25671 loss=0.016898 lr=5.148e-07
[train] step=25672 loss=0.005184 lr=5.145e-07
[train] step=25673 loss=0.004024 lr=5.143e-07
[train] step=25674 loss=0.011018 lr=5.141e-07
[train] step=25675 loss=0.003456 lr=5.138e-07
[train] step=25676 loss=0.006692 lr=5.136e-07
[train] step=25677 loss=0.005826 lr=5.134e-07
[train] step=25678 loss=0.005778 lr=5.132e-07
[train] step=25679 loss=0.006394 lr=5.129e-07
[train] step=25680 loss=0.004352 lr=5.127e-07
INFO     [rank 0] Model weights for step 25680 saved in      dit_trainer.py:1288
         checkpoints/model_weights_step_25680.safetensors                       
INFO     [rank 0] Scalar embedding weights for step 25680    dit_trainer.py:1297
         saved                                                                  
INFO     [rank 0] Training state saved:                      dit_trainer.py:1416
         checkpoints/model_weights_step_25680.state.pt                          
DEBUG    [rank 0] Removed old checkpoint:                    dit_trainer.py:1429
         /local/disk/hramachandran/work/wh_work/windinet/dit                    
         _outputs/lundquist/dit_sds_untrained_30k/checkpoint                    
         s/model_weights_step_25440.safetensors                                 
DEBUG    [rank 0] Removed old checkpoint:                    dit_trainer.py:1429
         /local/disk/hramachandran/work/wh_work/windinet/dit                    
         _outputs/lundquist/dit_sds_untrained_30k/checkpoint                    
         s/scalar_embedding_step_25440.safetensors                              
DEBUG    [rank 0] Removed optimizer state for older kept     dit_trainer.py:1444
         checkpoint:                                                            
         /local/disk/hramachandran/work/wh_work/windinet/dit                    
         _outputs/lundquist/dit_sds_untrained_30k/checkpoint                    
         s/model_weights_step_25560.state.pt                                    
[epoch 214] step=25680 train_loss=0.006473
[train] step=25681 loss=0.004075 lr=5.125e-07
[train] step=25682 loss=0.008440 lr=5.122e-07
[train] step=25683 loss=0.004885 lr=5.120e-07
[train] step=25684 loss=0.009342 lr=5.118e-07
[train] step=25685 loss=0.007988 lr=5.116e-07
[train] step=25686 loss=0.001878 lr=5.113e-07
[train] step=25687 loss=0.002968 lr=5.111e-07
[train] step=25688 loss=0.007434 lr=5.109e-07
[train] step=25689 loss=0.006886 lr=5.106e-07
[train] step=25690 loss=0.002115 lr=5.104e-07
[train] step=25691 loss=0.004620 lr=5.102e-07
[train] step=25692 loss=0.011142 lr=5.100e-07
[train] step=25693 loss=0.007578 lr=5.097e-07
[train] step=25694 loss=0.005919 lr=5.095e-07
[train] step=25695 loss=0.006023 lr=5.093e-07
[train] step=25696 loss=0.003669 lr=5.090e-07
[train] step=25697 loss=0.007258 lr=5.088e-07
[train] step=25698 loss=0.004350 lr=5.086e-07
[train] step=25699 loss=0.003447 lr=5.084e-07
[train] step=25700 loss=0.008599 lr=5.081e-07
[train] step=25701 loss=0.005867 lr=5.079e-07
[train] step=25702 loss=0.052386 lr=5.077e-07
[train] step=25703 loss=0.003737 lr=5.075e-07
[train] step=25704 loss=0.007114 lr=5.072e-07
[train] step=25705 loss=0.004004 lr=5.070e-07
[train] step=25706 loss=0.005836 lr=5.068e-07
[train] step=25707 loss=0.007006 lr=5.065e-07
[train] step=25708 loss=0.004814 lr=5.063e-07
[train] step=25709 loss=0.003195 lr=5.061e-07
[train] step=25710 loss=0.002650 lr=5.059e-07
[train] step=25711 loss=0.005919 lr=5.056e-07
[train] step=25712 loss=0.004988 lr=5.054e-07
[train] step=25713 loss=0.005208 lr=5.052e-07
[train] step=25714 loss=0.003390 lr=5.050e-07
[train] step=25715 loss=0.004458 lr=5.047e-07
[train] step=25716 loss=0.004806 lr=5.045e-07
[train] step=25717 loss=0.008483 lr=5.043e-07
[train] step=25718 loss=0.003580 lr=5.040e-07
[train] step=25719 loss=0.007286 lr=5.038e-07
[train] step=25720 loss=0.016496 lr=5.036e-07
[train] step=25721 loss=0.003489 lr=5.034e-07
[train] step=25722 loss=0.002832 lr=5.031e-07
[train] step=25723 loss=0.001955 lr=5.029e-07
[train] step=25724 loss=0.006943 lr=5.027e-07
[train] step=25725 loss=0.003368 lr=5.025e-07
[train] step=25726 loss=0.003697 lr=5.022e-07
[train] step=25727 loss=0.006284 lr=5.020e-07
[train] step=25728 loss=0.005119 lr=5.018e-07
[train] step=25729 loss=0.002956 lr=5.016e-07
[train] step=25730 loss=0.003967 lr=5.013e-07
[train] step=25731 loss=0.004353 lr=5.011e-07
[train] step=25732 loss=0.002679 lr=5.009e-07
[train] step=25733 loss=0.005219 lr=5.006e-07
[train] step=25734 loss=0.004509 lr=5.004e-07
[train] step=25735 loss=0.010364 lr=5.002e-07
[train] step=25736 loss=0.004440 lr=5.000e-07
[train] step=25737 loss=0.004732 lr=4.997e-07
[train] step=25738 loss=0.003608 lr=4.995e-07
[train] step=25739 loss=0.004496 lr=4.993e-07
[train] step=25740 loss=0.004797 lr=4.991e-07
[train] step=25741 loss=0.007879 lr=4.988e-07
[train] step=25742 loss=0.006931 lr=4.986e-07
[train] step=25743 loss=0.002216 lr=4.984e-07
[train] step=25744 loss=0.005988 lr=4.982e-07
[train] step=25745 loss=0.005095 lr=4.979e-07
[train] step=25746 loss=0.004487 lr=4.977e-07
[train] step=25747 loss=0.008507 lr=4.975e-07
[train] step=25748 loss=0.004576 lr=4.973e-07
[train] step=25749 loss=0.005051 lr=4.970e-07
[train] step=25750 loss=0.016588 lr=4.968e-07
[train] step=25751 loss=0.006426 lr=4.966e-07
[train] step=25752 loss=0.008226 lr=4.964e-07
[train] step=25753 loss=0.006824 lr=4.961e-07
[train] step=25754 loss=0.008098 lr=4.959e-07
[train] step=25755 loss=0.003734 lr=4.957e-07
[train] step=25756 loss=0.007418 lr=4.955e-07
[train] step=25757 loss=0.007014 lr=4.952e-07
[train] step=25758 loss=0.004041 lr=4.950e-07
[train] step=25759 loss=0.005147 lr=4.948e-07
[train] step=25760 loss=0.005265 lr=4.946e-07
[train] step=25761 loss=0.011398 lr=4.943e-07
[train] step=25762 loss=0.012689 lr=4.941e-07
[train] step=25763 loss=0.010117 lr=4.939e-07
[train] step=25764 loss=0.004903 lr=4.937e-07
[train] step=25765 loss=0.005440 lr=4.934e-07
[train] step=25766 loss=0.005447 lr=4.932e-07
[train] step=25767 loss=0.003084 lr=4.930e-07
[train] step=25768 loss=0.003907 lr=4.928e-07
[train] step=25769 loss=0.003016 lr=4.925e-07
[train] step=25770 loss=0.002823 lr=4.923e-07
[train] step=25771 loss=0.004272 lr=4.921e-07
[train] step=25772 loss=0.004006 lr=4.919e-07
[train] step=25773 loss=0.005315 lr=4.916e-07
[train] step=25774 loss=0.002738 lr=4.914e-07
[train] step=25775 loss=0.006468 lr=4.912e-07
[train] step=25776 loss=0.005119 lr=4.910e-07
[train] step=25777 loss=0.003430 lr=4.907e-07
[train] step=25778 loss=0.016135 lr=4.905e-07
[train] step=25779 loss=0.003821 lr=4.903e-07
[train] step=25780 loss=0.006513 lr=4.901e-07
[train] step=25781 loss=0.011037 lr=4.899e-07
[train] step=25782 loss=0.006962 lr=4.896e-07
[train] step=25783 loss=0.007875 lr=4.894e-07
[train] step=25784 loss=0.003687 lr=4.892e-07
[train] step=25785 loss=0.007378 lr=4.890e-07
[train] step=25786 loss=0.010191 lr=4.887e-07
[train] step=25787 loss=0.003589 lr=4.885e-07
[train] step=25788 loss=0.010004 lr=4.883e-07
[train] step=25789 loss=0.006747 lr=4.881e-07
[train] step=25790 loss=0.006384 lr=4.878e-07
[train] step=25791 loss=0.004082 lr=4.876e-07
[train] step=25792 loss=0.005756 lr=4.874e-07
[train] step=25793 loss=0.006218 lr=4.872e-07
[train] step=25794 loss=0.003328 lr=4.869e-07
[train] step=25795 loss=0.003011 lr=4.867e-07
[train] step=25796 loss=0.004151 lr=4.865e-07
[train] step=25797 loss=0.004026 lr=4.863e-07
[train] step=25798 loss=0.010249 lr=4.861e-07
[train] step=25799 loss=0.003177 lr=4.858e-07
[train] step=25800 loss=0.005728 lr=4.856e-07
[val] step=25800 val_loss=0.014307
INFO     [rank 0] Model weights for step 25800 saved in      dit_trainer.py:1288
         checkpoints/model_weights_step_25800.safetensors                       
INFO     [rank 0] Scalar embedding weights for step 25800    dit_trainer.py:1297
         saved                                                                  
INFO     [rank 0] Training state saved:                      dit_trainer.py:1416
         checkpoints/model_weights_step_25800.state.pt                          
DEBUG    [rank 0] Removed old checkpoint:                    dit_trainer.py:1429
         /local/disk/hramachandran/work/wh_work/windinet/dit                    
         _outputs/lundquist/dit_sds_untrained_30k/checkpoint                    
         s/model_weights_step_25560.safetensors                                 
DEBUG    [rank 0] Removed old checkpoint:                    dit_trainer.py:1429
         /local/disk/hramachandran/work/wh_work/windinet/dit                    
         _outputs/lundquist/dit_sds_untrained_30k/checkpoint                    
         s/scalar_embedding_step_25560.safetensors                              
DEBUG    [rank 0] Removed optimizer state for older kept     dit_trainer.py:1444
         checkpoint:                                                            
         /local/disk/hramachandran/work/wh_work/windinet/dit                    
         _outputs/lundquist/dit_sds_untrained_30k/checkpoint                    
         s/model_weights_step_25680.state.pt                                    
[epoch 215] step=25800 train_loss=0.006183 val_loss=0.014307
[train] step=25801 loss=0.014202 lr=4.854e-07
[train] step=25802 loss=0.006994 lr=4.852e-07
[train] step=25803 loss=0.007671 lr=4.849e-07
[train] step=25804 loss=0.018067 lr=4.847e-07
[train] step=25805 loss=0.009942 lr=4.845e-07
[train] step=25806 loss=0.005922 lr=4.843e-07
[train] step=25807 loss=0.004003 lr=4.841e-07
[train] step=25808 loss=0.003580 lr=4.838e-07
[train] step=25809 loss=0.003185 lr=4.836e-07
[train] step=25810 loss=0.004972 lr=4.834e-07
[train] step=25811 loss=0.004365 lr=4.832e-07
[train] step=25812 loss=0.008133 lr=4.829e-07
[train] step=25813 loss=0.004103 lr=4.827e-07
[train] step=25814 loss=0.004544 lr=4.825e-07
[train] step=25815 loss=0.015982 lr=4.823e-07
[train] step=25816 loss=0.008426 lr=4.821e-07
[train] step=25817 loss=0.003405 lr=4.818e-07
[train] step=25818 loss=0.004677 lr=4.816e-07
[train] step=25819 loss=0.004989 lr=4.814e-07
[train] step=25820 loss=0.004674 lr=4.812e-07
[train] step=25821 loss=0.002413 lr=4.809e-07
[train] step=25822 loss=0.008605 lr=4.807e-07
[train] step=25823 loss=0.004742 lr=4.805e-07
[train] step=25824 loss=0.007447 lr=4.803e-07
[train] step=25825 loss=0.013454 lr=4.801e-07
[train] step=25826 loss=0.003043 lr=4.798e-07
[train] step=25827 loss=0.005324 lr=4.796e-07
[train] step=25828 loss=0.004318 lr=4.794e-07
[train] step=25829 loss=0.004032 lr=4.792e-07
[train] step=25830 loss=0.005154 lr=4.790e-07
[train] step=25831 loss=0.008261 lr=4.787e-07
[train] step=25832 loss=0.007353 lr=4.785e-07
[train] step=25833 loss=0.004479 lr=4.783e-07
[train] step=25834 loss=0.004628 lr=4.781e-07
[train] step=25835 loss=0.006185 lr=4.778e-07
[train] step=25836 loss=0.006950 lr=4.776e-07
[train] step=25837 loss=0.002899 lr=4.774e-07
[train] step=25838 loss=0.004029 lr=4.772e-07
[train] step=25839 loss=0.006209 lr=4.770e-07
[train] step=25840 loss=0.003674 lr=4.767e-07
[train] step=25841 loss=0.009825 lr=4.765e-07
[train] step=25842 loss=0.004582 lr=4.763e-07
[train] step=25843 loss=0.014545 lr=4.761e-07
[train] step=25844 loss=0.005453 lr=4.759e-07
[train] step=25845 loss=0.004535 lr=4.756e-07
[train] step=25846 loss=0.010296 lr=4.754e-07
[train] step=25847 loss=0.009125 lr=4.752e-07
[train] step=25848 loss=0.013391 lr=4.750e-07
[train] step=25849 loss=0.008401 lr=4.748e-07
[train] step=25850 loss=0.005052 lr=4.745e-07
[train] step=25851 loss=0.003106 lr=4.743e-07
[train] step=25852 loss=0.004130 lr=4.741e-07
[train] step=25853 loss=0.010688 lr=4.739e-07
[train] step=25854 loss=0.003416 lr=4.737e-07
[train] step=25855 loss=0.004069 lr=4.734e-07
[train] step=25856 loss=0.006766 lr=4.732e-07
[train] step=25857 loss=0.005953 lr=4.730e-07
[train] step=25858 loss=0.009013 lr=4.728e-07
[train] step=25859 loss=0.004374 lr=4.726e-07
[train] step=25860 loss=0.003052 lr=4.723e-07
[train] step=25861 loss=0.004002 lr=4.721e-07
[train] step=25862 loss=0.030709 lr=4.719e-07
[train] step=25863 loss=0.005028 lr=4.717e-07
[train] step=25864 loss=0.010323 lr=4.715e-07
[train] step=25865 loss=0.008854 lr=4.712e-07
[train] step=25866 loss=0.004616 lr=4.710e-07
[train] step=25867 loss=0.013645 lr=4.708e-07
[train] step=25868 loss=0.005093 lr=4.706e-07
[train] step=25869 loss=0.004521 lr=4.704e-07
[train] step=25870 loss=0.003364 lr=4.701e-07
[train] step=25871 loss=0.004190 lr=4.699e-07
[train] step=25872 loss=0.003916 lr=4.697e-07
[train] step=25873 loss=0.004347 lr=4.695e-07
[train] step=25874 loss=0.006476 lr=4.693e-07
[train] step=25875 loss=0.005852 lr=4.690e-07
[train] step=25876 loss=0.003095 lr=4.688e-07
[train] step=25877 loss=0.004414 lr=4.686e-07
[train] step=25878 loss=0.003149 lr=4.684e-07
[train] step=25879 loss=0.004471 lr=4.682e-07
[train] step=25880 loss=0.007788 lr=4.679e-07
[train] step=25881 loss=0.006929 lr=4.677e-07
[train] step=25882 loss=0.005175 lr=4.675e-07
[train] step=25883 loss=0.003753 lr=4.673e-07
[train] step=25884 loss=0.004515 lr=4.671e-07
[train] step=25885 loss=0.004876 lr=4.669e-07
[train] step=25886 loss=0.004130 lr=4.666e-07
[train] step=25887 loss=0.005370 lr=4.664e-07
[train] step=25888 loss=0.005720 lr=4.662e-07
[train] step=25889 loss=0.005666 lr=4.660e-07
[train] step=25890 loss=0.008106 lr=4.658e-07
[train] step=25891 loss=0.006062 lr=4.655e-07
[train] step=25892 loss=0.008764 lr=4.653e-07
[train] step=25893 loss=0.015915 lr=4.651e-07
[train] step=25894 loss=0.006463 lr=4.649e-07
[train] step=25895 loss=0.004039 lr=4.647e-07
[train] step=25896 loss=0.011745 lr=4.645e-07
[train] step=25897 loss=0.005374 lr=4.642e-07
[train] step=25898 loss=0.004287 lr=4.640e-07
[train] step=25899 loss=0.003338 lr=4.638e-07
[train] step=25900 loss=0.012055 lr=4.636e-07
[train] step=25901 loss=0.004215 lr=4.634e-07
[train] step=25902 loss=0.032368 lr=4.631e-07
[train] step=25903 loss=0.003389 lr=4.629e-07
[train] step=25904 loss=0.005538 lr=4.627e-07
[train] step=25905 loss=0.007960 lr=4.625e-07
[train] step=25906 loss=0.010484 lr=4.623e-07
[train] step=25907 loss=0.005757 lr=4.621e-07
[train] step=25908 loss=0.003444 lr=4.618e-07
[train] step=25909 loss=0.010789 lr=4.616e-07
[train] step=25910 loss=0.008089 lr=4.614e-07
[train] step=25911 loss=0.002456 lr=4.612e-07
[train] step=25912 loss=0.006508 lr=4.610e-07
[train] step=25913 loss=0.011133 lr=4.608e-07
[train] step=25914 loss=0.003185 lr=4.605e-07
[train] step=25915 loss=0.005099 lr=4.603e-07
[train] step=25916 loss=0.007515 lr=4.601e-07
[train] step=25917 loss=0.003783 lr=4.599e-07
[train] step=25918 loss=0.004913 lr=4.597e-07
[train] step=25919 loss=0.039857 lr=4.595e-07
[train] step=25920 loss=0.006184 lr=4.592e-07
INFO     [rank 0] Model weights for step 25920 saved in      dit_trainer.py:1288
         checkpoints/model_weights_step_25920.safetensors                       
INFO     [rank 0] Scalar embedding weights for step 25920    dit_trainer.py:1297
         saved                                                                  
INFO     [rank 0] Training state saved:                      dit_trainer.py:1416
         checkpoints/model_weights_step_25920.state.pt                          
DEBUG    [rank 0] Removed old checkpoint:                    dit_trainer.py:1429
         /local/disk/hramachandran/work/wh_work/windinet/dit                    
         _outputs/lundquist/dit_sds_untrained_30k/checkpoint                    
         s/model_weights_step_25680.safetensors                                 
DEBUG    [rank 0] Removed old checkpoint:                    dit_trainer.py:1429
         /local/disk/hramachandran/work/wh_work/windinet/dit                    
         _outputs/lundquist/dit_sds_untrained_30k/checkpoint                    
         s/scalar_embedding_step_25680.safetensors                              
DEBUG    [rank 0] Removed optimizer state for older kept     dit_trainer.py:1444
         checkpoint:                                                            
         /local/disk/hramachandran/work/wh_work/windinet/dit                    
         _outputs/lundquist/dit_sds_untrained_30k/checkpoint                    
         s/model_weights_step_25800.state.pt                                    
[epoch 216] step=25920 train_loss=0.007060
[train] step=25921 loss=0.004884 lr=4.590e-07
[train] step=25922 loss=0.009215 lr=4.588e-07
[train] step=25923 loss=0.003902 lr=4.586e-07
[train] step=25924 loss=0.003757 lr=4.584e-07
[train] step=25925 loss=0.003249 lr=4.582e-07
[train] step=25926 loss=0.004125 lr=4.579e-07
[train] step=25927 loss=0.003342 lr=4.577e-07
[train] step=25928 loss=0.003980 lr=4.575e-07
[train] step=25929 loss=0.002793 lr=4.573e-07
[train] step=25930 loss=0.005649 lr=4.571e-07
[train] step=25931 loss=0.011552 lr=4.569e-07
[train] step=25932 loss=0.005801 lr=4.566e-07
[train] step=25933 loss=0.012521 lr=4.564e-07
[train] step=25934 loss=0.003839 lr=4.562e-07
[train] step=25935 loss=0.013181 lr=4.560e-07
[train] step=25936 loss=0.002557 lr=4.558e-07
[train] step=25937 loss=0.007690 lr=4.556e-07
[train] step=25938 loss=0.006980 lr=4.553e-07
[train] step=25939 loss=0.005306 lr=4.551e-07
[train] step=25940 loss=0.007509 lr=4.549e-07
[train] step=25941 loss=0.004566 lr=4.547e-07
[train] step=25942 loss=0.010070 lr=4.545e-07
[train] step=25943 loss=0.007018 lr=4.543e-07
[train] step=25944 loss=0.007895 lr=4.540e-07
[train] step=25945 loss=0.003068 lr=4.538e-07
[train] step=25946 loss=0.013801 lr=4.536e-07
[train] step=25947 loss=0.006163 lr=4.534e-07
[train] step=25948 loss=0.009091 lr=4.532e-07
[train] step=25949 loss=0.010449 lr=4.530e-07
[train] step=25950 loss=0.003926 lr=4.528e-07
[train] step=25951 loss=0.005667 lr=4.525e-07
[train] step=25952 loss=0.002198 lr=4.523e-07
[train] step=25953 loss=0.005232 lr=4.521e-07
[train] step=25954 loss=0.012573 lr=4.519e-07
[train] step=25955 loss=0.002517 lr=4.517e-07
[train] step=25956 loss=0.007344 lr=4.515e-07
[train] step=25957 loss=0.004382 lr=4.513e-07
[train] step=25958 loss=0.006674 lr=4.510e-07
[train] step=25959 loss=0.004655 lr=4.508e-07
[train] step=25960 loss=0.002389 lr=4.506e-07
[train] step=25961 loss=0.003363 lr=4.504e-07
[train] step=25962 loss=0.008098 lr=4.502e-07
[train] step=25963 loss=0.007084 lr=4.500e-07
[train] step=25964 loss=0.002705 lr=4.497e-07
[train] step=25965 loss=0.004373 lr=4.495e-07
[train] step=25966 loss=0.007614 lr=4.493e-07
[train] step=25967 loss=0.003388 lr=4.491e-07
[train] step=25968 loss=0.011035 lr=4.489e-07
[train] step=25969 loss=0.003711 lr=4.487e-07
[train] step=25970 loss=0.004502 lr=4.485e-07
[train] step=25971 loss=0.003552 lr=4.482e-07
[train] step=25972 loss=0.009124 lr=4.480e-07
[train] step=25973 loss=0.005539 lr=4.478e-07
[train] step=25974 loss=0.003798 lr=4.476e-07
[train] step=25975 loss=0.004927 lr=4.474e-07
[train] step=25976 loss=0.006615 lr=4.472e-07
[train] step=25977 loss=0.003909 lr=4.470e-07
[train] step=25978 loss=0.003319 lr=4.467e-07
[train] step=25979 loss=0.003365 lr=4.465e-07
[train] step=25980 loss=0.003556 lr=4.463e-07
[train] step=25981 loss=0.010011 lr=4.461e-07
[train] step=25982 loss=0.007178 lr=4.459e-07
[train] step=25983 loss=0.003635 lr=4.457e-07
[train] step=25984 loss=0.012477 lr=4.455e-07
[train] step=25985 loss=0.007443 lr=4.453e-07
[train] step=25986 loss=0.004362 lr=4.450e-07
[train] step=25987 loss=0.007304 lr=4.448e-07
[train] step=25988 loss=0.008013 lr=4.446e-07
[train] step=25989 loss=0.003985 lr=4.444e-07
[train] step=25990 loss=0.007714 lr=4.442e-07
[train] step=25991 loss=0.003651 lr=4.440e-07
[train] step=25992 loss=0.003800 lr=4.438e-07
[train] step=25993 loss=0.002910 lr=4.435e-07
[train] step=25994 loss=0.008876 lr=4.433e-07
[train] step=25995 loss=0.003987 lr=4.431e-07
[train] step=25996 loss=0.009479 lr=4.429e-07
[train] step=25997 loss=0.006834 lr=4.427e-07
[train] step=25998 loss=0.007447 lr=4.425e-07
[train] step=25999 loss=0.008138 lr=4.423e-07
[train] step=26000 loss=0.004660 lr=4.421e-07
INFO     [rank 0] Saved DiT visualization panels for    dit_visualization.py:418
         step 26000 (3 samples x 4 frames);                                     
         latent_vrmse=0.07257 pixel_vrmse=0.44003 ->                            
         /local/disk/hramachandran/work/wh_work/windine                         
         t/dit_outputs/lundquist/dit_sds_untrained_30k/                         
         dit_vrmse_metrics.csv,                                                 
         /local/disk/hramachandran/work/wh_work/windine                         
         t/dit_outputs/lundquist/dit_sds_untrained_30k/                         
         dit_vrmse_curve.png                                                    
[train] step=26001 loss=0.005474 lr=4.418e-07
[train] step=26002 loss=0.009341 lr=4.416e-07
[train] step=26003 loss=0.004320 lr=4.414e-07
[train] step=26004 loss=0.009840 lr=4.412e-07
[train] step=26005 loss=0.004616 lr=4.410e-07
[train] step=26006 loss=0.005983 lr=4.408e-07
[train] step=26007 loss=0.002844 lr=4.406e-07
[train] step=26008 loss=0.005625 lr=4.404e-07
[train] step=26009 loss=0.009371 lr=4.401e-07
[train] step=26010 loss=0.004105 lr=4.399e-07
[train] step=26011 loss=0.002798 lr=4.397e-07
[train] step=26012 loss=0.005078 lr=4.395e-07
[train] step=26013 loss=0.006998 lr=4.393e-07
[train] step=26014 loss=0.004904 lr=4.391e-07
[train] step=26015 loss=0.014052 lr=4.389e-07
[train] step=26016 loss=0.002456 lr=4.387e-07
[train] step=26017 loss=0.006611 lr=4.384e-07
[train] step=26018 loss=0.006140 lr=4.382e-07
[train] step=26019 loss=0.008621 lr=4.380e-07
[train] step=26020 loss=0.008895 lr=4.378e-07
[train] step=26021 loss=0.003184 lr=4.376e-07
[train] step=26022 loss=0.008096 lr=4.374e-07
[train] step=26023 loss=0.010887 lr=4.372e-07
[train] step=26024 loss=0.003865 lr=4.370e-07
[train] step=26025 loss=0.009827 lr=4.367e-07
[train] step=26026 loss=0.004508 lr=4.365e-07
[train] step=26027 loss=0.012221 lr=4.363e-07
[train] step=26028 loss=0.003968 lr=4.361e-07
[train] step=26029 loss=0.004253 lr=4.359e-07
[train] step=26030 loss=0.008180 lr=4.357e-07
[train] step=26031 loss=0.005373 lr=4.355e-07
[train] step=26032 loss=0.006906 lr=4.353e-07
[train] step=26033 loss=0.003755 lr=4.351e-07
[train] step=26034 loss=0.007434 lr=4.348e-07
[train] step=26035 loss=0.003571 lr=4.346e-07
[train] step=26036 loss=0.008199 lr=4.344e-07
[train] step=26037 loss=0.003761 lr=4.342e-07
[train] step=26038 loss=0.003297 lr=4.340e-07
[train] step=26039 loss=0.006894 lr=4.338e-07
[train] step=26040 loss=0.006252 lr=4.336e-07
INFO     [rank 0] Model weights for step 26040 saved in      dit_trainer.py:1288
         checkpoints/model_weights_step_26040.safetensors                       
INFO     [rank 0] Scalar embedding weights for step 26040    dit_trainer.py:1297
         saved                                                                  
INFO     [rank 0] Training state saved:                      dit_trainer.py:1416
         checkpoints/model_weights_step_26040.state.pt                          
DEBUG    [rank 0] Removed old checkpoint:                    dit_trainer.py:1429
         /local/disk/hramachandran/work/wh_work/windinet/dit                    
         _outputs/lundquist/dit_sds_untrained_30k/checkpoint                    
         s/model_weights_step_25800.safetensors                                 
DEBUG    [rank 0] Removed old checkpoint:                    dit_trainer.py:1429
         /local/disk/hramachandran/work/wh_work/windinet/dit                    
         _outputs/lundquist/dit_sds_untrained_30k/checkpoint                    
         s/scalar_embedding_step_25800.safetensors                              
DEBUG    [rank 0] Removed optimizer state for older kept     dit_trainer.py:1444
         checkpoint:                                                            
         /local/disk/hramachandran/work/wh_work/windinet/dit                    
         _outputs/lundquist/dit_sds_untrained_30k/checkpoint                    
         s/model_weights_step_25920.state.pt                                    
[epoch 217] step=26040 train_loss=0.006162
[train] step=26041 loss=0.009612 lr=4.334e-07
[train] step=26042 loss=0.002609 lr=4.332e-07
[train] step=26043 loss=0.004257 lr=4.329e-07
[train] step=26044 loss=0.005922 lr=4.327e-07
[train] step=26045 loss=0.004066 lr=4.325e-07
[train] step=26046 loss=0.004855 lr=4.323e-07
[train] step=26047 loss=0.010672 lr=4.321e-07
[train] step=26048 loss=0.004155 lr=4.319e-07
[train] step=26049 loss=0.005327 lr=4.317e-07
[train] step=26050 loss=0.004838 lr=4.315e-07
[train] step=26051 loss=0.007970 lr=4.313e-07
[train] step=26052 loss=0.004658 lr=4.311e-07
[train] step=26053 loss=0.003120 lr=4.308e-07
[train] step=26054 loss=0.006327 lr=4.306e-07
[train] step=26055 loss=0.003524 lr=4.304e-07
[train] step=26056 loss=0.005645 lr=4.302e-07
[train] step=26057 loss=0.002676 lr=4.300e-07
[train] step=26058 loss=0.008218 lr=4.298e-07
[train] step=26059 loss=0.008342 lr=4.296e-07
[train] step=26060 loss=0.003640 lr=4.294e-07
[train] step=26061 loss=0.004054 lr=4.292e-07
[train] step=26062 loss=0.004972 lr=4.290e-07
[train] step=26063 loss=0.007389 lr=4.287e-07
[train] step=26064 loss=0.005472 lr=4.285e-07
[train] step=26065 loss=0.011443 lr=4.283e-07
[train] step=26066 loss=0.009773 lr=4.281e-07
[train] step=26067 loss=0.013621 lr=4.279e-07
[train] step=26068 loss=0.015838 lr=4.277e-07
[train] step=26069 loss=0.005735 lr=4.275e-07
[train] step=26070 loss=0.004101 lr=4.273e-07
[train] step=26071 loss=0.006161 lr=4.271e-07
[train] step=26072 loss=0.006698 lr=4.269e-07
[train] step=26073 loss=0.004930 lr=4.267e-07
[train] step=26074 loss=0.003004 lr=4.264e-07
[train] step=26075 loss=0.003329 lr=4.262e-07
[train] step=26076 loss=0.011821 lr=4.260e-07
[train] step=26077 loss=0.003979 lr=4.258e-07
[train] step=26078 loss=0.011910 lr=4.256e-07
[train] step=26079 loss=0.004857 lr=4.254e-07
[train] step=26080 loss=0.005624 lr=4.252e-07
[train] step=26081 loss=0.005535 lr=4.250e-07
[train] step=26082 loss=0.013404 lr=4.248e-07
[train] step=26083 loss=0.011222 lr=4.246e-07
[train] step=26084 loss=0.002264 lr=4.244e-07
[train] step=26085 loss=0.012031 lr=4.241e-07
[train] step=26086 loss=0.004209 lr=4.239e-07
[train] step=26087 loss=0.002910 lr=4.237e-07
[train] step=26088 loss=0.005029 lr=4.235e-07
[train] step=26089 loss=0.005716 lr=4.233e-07
[train] step=26090 loss=0.004407 lr=4.231e-07
[train] step=26091 loss=0.003263 lr=4.229e-07
[train] step=26092 loss=0.005085 lr=4.227e-07
[train] step=26093 loss=0.006274 lr=4.225e-07
[train] step=26094 loss=0.009050 lr=4.223e-07
[train] step=26095 loss=0.008754 lr=4.221e-07
[train] step=26096 loss=0.007111 lr=4.219e-07
[train] step=26097 loss=0.015272 lr=4.216e-07
[train] step=26098 loss=0.005650 lr=4.214e-07
[train] step=26099 loss=0.004686 lr=4.212e-07
[train] step=26100 loss=0.004913 lr=4.210e-07
[train] step=26101 loss=0.006888 lr=4.208e-07
[train] step=26102 loss=0.005853 lr=4.206e-07
[train] step=26103 loss=0.003432 lr=4.204e-07
[train] step=26104 loss=0.002984 lr=4.202e-07
[train] step=26105 loss=0.004036 lr=4.200e-07
[train] step=26106 loss=0.004720 lr=4.198e-07
[train] step=26107 loss=0.010739 lr=4.196e-07
[train] step=26108 loss=0.018924 lr=4.194e-07
[train] step=26109 loss=0.003695 lr=4.192e-07
[train] step=26110 loss=0.004009 lr=4.189e-07
[train] step=26111 loss=0.005054 lr=4.187e-07
[train] step=26112 loss=0.018116 lr=4.185e-07
[train] step=26113 loss=0.003306 lr=4.183e-07
[train] step=26114 loss=0.007950 lr=4.181e-07
[train] step=26115 loss=0.008171 lr=4.179e-07
[train] step=26116 loss=0.008991 lr=4.177e-07
[train] step=26117 loss=0.007792 lr=4.175e-07
[train] step=26118 loss=0.005368 lr=4.173e-07
[train] step=26119 loss=0.003931 lr=4.171e-07
[train] step=26120 loss=0.005506 lr=4.169e-07
[train] step=26121 loss=0.004464 lr=4.167e-07
[train] step=26122 loss=0.018385 lr=4.165e-07
[train] step=26123 loss=0.004496 lr=4.163e-07
[train] step=26124 loss=0.009544 lr=4.161e-07
[train] step=26125 loss=0.005227 lr=4.158e-07
[train] step=26126 loss=0.006279 lr=4.156e-07
[train] step=26127 loss=0.003898 lr=4.154e-07
[train] step=26128 loss=0.007976 lr=4.152e-07
[train] step=26129 loss=0.005754 lr=4.150e-07
[train] step=26130 loss=0.007139 lr=4.148e-07
[train] step=26131 loss=0.003719 lr=4.146e-07
[train] step=26132 loss=0.009463 lr=4.144e-07
[train] step=26133 loss=0.013040 lr=4.142e-07
[train] step=26134 loss=0.010443 lr=4.140e-07
[train] step=26135 loss=0.004538 lr=4.138e-07
[train] step=26136 loss=0.005519 lr=4.136e-07
[train] step=26137 loss=0.006927 lr=4.134e-07
[train] step=26138 loss=0.011999 lr=4.132e-07
[train] step=26139 loss=0.033037 lr=4.130e-07
[train] step=26140 loss=0.004527 lr=4.128e-07
[train] step=26141 loss=0.009155 lr=4.125e-07
[train] step=26142 loss=0.006447 lr=4.123e-07
[train] step=26143 loss=0.006119 lr=4.121e-07
[train] step=26144 loss=0.002580 lr=4.119e-07
[train] step=26145 loss=0.005733 lr=4.117e-07
[train] step=26146 loss=0.005098 lr=4.115e-07
[train] step=26147 loss=0.005138 lr=4.113e-07
[train] step=26148 loss=0.004959 lr=4.111e-07
[train] step=26149 loss=0.003330 lr=4.109e-07
[train] step=26150 loss=0.005047 lr=4.107e-07
[train] step=26151 loss=0.004449 lr=4.105e-07
[train] step=26152 loss=0.003759 lr=4.103e-07
[train] step=26153 loss=0.004907 lr=4.101e-07
[train] step=26154 loss=0.005507 lr=4.099e-07
[train] step=26155 loss=0.014190 lr=4.097e-07
[train] step=26156 loss=0.005508 lr=4.095e-07
[train] step=26157 loss=0.003495 lr=4.093e-07
[train] step=26158 loss=0.003098 lr=4.091e-07
[train] step=26159 loss=0.009228 lr=4.089e-07
[train] step=26160 loss=0.004232 lr=4.086e-07
INFO     [rank 0] Model weights for step 26160 saved in      dit_trainer.py:1288
         checkpoints/model_weights_step_26160.safetensors                       
INFO     [rank 0] Scalar embedding weights for step 26160    dit_trainer.py:1297
         saved                                                                  
INFO     [rank 0] Training state saved:                      dit_trainer.py:1416
         checkpoints/model_weights_step_26160.state.pt                          
DEBUG    [rank 0] Removed old checkpoint:                    dit_trainer.py:1429
         /local/disk/hramachandran/work/wh_work/windinet/dit                    
         _outputs/lundquist/dit_sds_untrained_30k/checkpoint                    
         s/model_weights_step_25920.safetensors                                 
DEBUG    [rank 0] Removed old checkpoint:                    dit_trainer.py:1429
         /local/disk/hramachandran/work/wh_work/windinet/dit                    
         _outputs/lundquist/dit_sds_untrained_30k/checkpoint                    
         s/scalar_embedding_step_25920.safetensors                              
DEBUG    [rank 0] Removed optimizer state for older kept     dit_trainer.py:1444
         checkpoint:                                                            
         /local/disk/hramachandran/work/wh_work/windinet/dit                    
         _outputs/lundquist/dit_sds_untrained_30k/checkpoint                    
         s/model_weights_step_26040.state.pt                                    
[epoch 218] step=26160 train_loss=0.006848
[train] step=26161 loss=0.003511 lr=4.084e-07
[train] step=26162 loss=0.002722 lr=4.082e-07
[train] step=26163 loss=0.006676 lr=4.080e-07
[train] step=26164 loss=0.009559 lr=4.078e-07
[train] step=26165 loss=0.017366 lr=4.076e-07
[train] step=26166 loss=0.006098 lr=4.074e-07
[train] step=26167 loss=0.004212 lr=4.072e-07
[train] step=26168 loss=0.003568 lr=4.070e-07
[train] step=26169 loss=0.006165 lr=4.068e-07
[train] step=26170 loss=0.018607 lr=4.066e-07
[train] step=26171 loss=0.004616 lr=4.064e-07
[train] step=26172 loss=0.004222 lr=4.062e-07
[train] step=26173 loss=0.003764 lr=4.060e-07
[train] step=26174 loss=0.004027 lr=4.058e-07
[train] step=26175 loss=0.005240 lr=4.056e-07
[train] step=26176 loss=0.008851 lr=4.054e-07
[train] step=26177 loss=0.006762 lr=4.052e-07
[train] step=26178 loss=0.001777 lr=4.050e-07
[train] step=26179 loss=0.007356 lr=4.048e-07
[train] step=26180 loss=0.004909 lr=4.046e-07
[train] step=26181 loss=0.008904 lr=4.044e-07
[train] step=26182 loss=0.008834 lr=4.042e-07
[train] step=26183 loss=0.006050 lr=4.040e-07
[train] step=26184 loss=0.002207 lr=4.037e-07
[train] step=26185 loss=0.003120 lr=4.035e-07
[train] step=26186 loss=0.002961 lr=4.033e-07
[train] step=26187 loss=0.004124 lr=4.031e-07
[train] step=26188 loss=0.004657 lr=4.029e-07
[train] step=26189 loss=0.007223 lr=4.027e-07
[train] step=26190 loss=0.026322 lr=4.025e-07
[train] step=26191 loss=0.006757 lr=4.023e-07
[train] step=26192 loss=0.003897 lr=4.021e-07
[train] step=26193 loss=0.005614 lr=4.019e-07
[train] step=26194 loss=0.004341 lr=4.017e-07
[train] step=26195 loss=0.002066 lr=4.015e-07
[train] step=26196 loss=0.006986 lr=4.013e-07
[train] step=26197 loss=0.006055 lr=4.011e-07
[train] step=26198 loss=0.002854 lr=4.009e-07
[train] step=26199 loss=0.003164 lr=4.007e-07
[train] step=26200 loss=0.007104 lr=4.005e-07
[train] step=26201 loss=0.005938 lr=4.003e-07
[train] step=26202 loss=0.007993 lr=4.001e-07
[train] step=26203 loss=0.004421 lr=3.999e-07
[train] step=26204 loss=0.004408 lr=3.997e-07
[train] step=26205 loss=0.003980 lr=3.995e-07
[train] step=26206 loss=0.015906 lr=3.993e-07
[train] step=26207 loss=0.004921 lr=3.991e-07
[train] step=26208 loss=0.002943 lr=3.989e-07
[train] step=26209 loss=0.003406 lr=3.987e-07
[train] step=26210 loss=0.003591 lr=3.985e-07
[train] step=26211 loss=0.005931 lr=3.983e-07
[train] step=26212 loss=0.004250 lr=3.981e-07
[train] step=26213 loss=0.010774 lr=3.979e-07
[train] step=26214 loss=0.004222 lr=3.977e-07
[train] step=26215 loss=0.004790 lr=3.975e-07
[train] step=26216 loss=0.006657 lr=3.973e-07
[train] step=26217 loss=0.005349 lr=3.971e-07
[train] step=26218 loss=0.007156 lr=3.969e-07
[train] step=26219 loss=0.006074 lr=3.967e-07
[train] step=26220 loss=0.003181 lr=3.965e-07
[train] step=26221 loss=0.006114 lr=3.962e-07
[train] step=26222 loss=0.004309 lr=3.960e-07
[train] step=26223 loss=0.004561 lr=3.958e-07
[train] step=26224 loss=0.005415 lr=3.956e-07
[train] step=26225 loss=0.010836 lr=3.954e-07
[train] step=26226 loss=0.005978 lr=3.952e-07
[train] step=26227 loss=0.003598 lr=3.950e-07
[train] step=26228 loss=0.005702 lr=3.948e-07
[train] step=26229 loss=0.004276 lr=3.946e-07
[train] step=26230 loss=0.007869 lr=3.944e-07
[train] step=26231 loss=0.004155 lr=3.942e-07
[train] step=26232 loss=0.006047 lr=3.940e-07
[train] step=26233 loss=0.007886 lr=3.938e-07
[train] step=26234 loss=0.006484 lr=3.936e-07
[train] step=26235 loss=0.004890 lr=3.934e-07
[train] step=26236 loss=0.006542 lr=3.932e-07
[train] step=26237 loss=0.007139 lr=3.930e-07
[train] step=26238 loss=0.011399 lr=3.928e-07
[train] step=26239 loss=0.006608 lr=3.926e-07
[train] step=26240 loss=0.005904 lr=3.924e-07
[train] step=26241 loss=0.004056 lr=3.922e-07
[train] step=26242 loss=0.005198 lr=3.920e-07
[train] step=26243 loss=0.022438 lr=3.918e-07
[train] step=26244 loss=0.004948 lr=3.916e-07
[train] step=26245 loss=0.003457 lr=3.914e-07
[train] step=26246 loss=0.002974 lr=3.912e-07
[train] step=26247 loss=0.009386 lr=3.910e-07
[train] step=26248 loss=0.004555 lr=3.908e-07
[train] step=26249 loss=0.007145 lr=3.906e-07
[train] step=26250 loss=0.007695 lr=3.904e-07
[train] step=26251 loss=0.005917 lr=3.902e-07
[train] step=26252 loss=0.008786 lr=3.900e-07
[train] step=26253 loss=0.003901 lr=3.898e-07
[train] step=26254 loss=0.004405 lr=3.896e-07
[train] step=26255 loss=0.009484 lr=3.894e-07
[train] step=26256 loss=0.004205 lr=3.892e-07
[train] step=26257 loss=0.012816 lr=3.890e-07
[train] step=26258 loss=0.003990 lr=3.888e-07
[train] step=26259 loss=0.005213 lr=3.886e-07
[train] step=26260 loss=0.004945 lr=3.884e-07
[train] step=26261 loss=0.007723 lr=3.882e-07
[train] step=26262 loss=0.006099 lr=3.880e-07
[train] step=26263 loss=0.003669 lr=3.878e-07
[train] step=26264 loss=0.002954 lr=3.876e-07
[train] step=26265 loss=0.006644 lr=3.874e-07
[train] step=26266 loss=0.004218 lr=3.872e-07
[train] step=26267 loss=0.010858 lr=3.870e-07
[train] step=26268 loss=0.006571 lr=3.868e-07
[train] step=26269 loss=0.010705 lr=3.866e-07
[train] step=26270 loss=0.004207 lr=3.864e-07
[train] step=26271 loss=0.004924 lr=3.862e-07
[train] step=26272 loss=0.015370 lr=3.860e-07
[train] step=26273 loss=0.005478 lr=3.858e-07
[train] step=26274 loss=0.003434 lr=3.856e-07
[train] step=26275 loss=0.005593 lr=3.854e-07
[train] step=26276 loss=0.020339 lr=3.852e-07
[train] step=26277 loss=0.005074 lr=3.850e-07
[train] step=26278 loss=0.004934 lr=3.848e-07
[train] step=26279 loss=0.007159 lr=3.846e-07
[train] step=26280 loss=0.005601 lr=3.844e-07
INFO     [rank 0] Model weights for step 26280 saved in      dit_trainer.py:1288
         checkpoints/model_weights_step_26280.safetensors                       
INFO     [rank 0] Scalar embedding weights for step 26280    dit_trainer.py:1297
         saved                                                                  
INFO     [rank 0] Training state saved:                      dit_trainer.py:1416
         checkpoints/model_weights_step_26280.state.pt                          
DEBUG    [rank 0] Removed old checkpoint:                    dit_trainer.py:1429
         /local/disk/hramachandran/work/wh_work/windinet/dit                    
         _outputs/lundquist/dit_sds_untrained_30k/checkpoint                    
         s/model_weights_step_26040.safetensors                                 
DEBUG    [rank 0] Removed old checkpoint:                    dit_trainer.py:1429
         /local/disk/hramachandran/work/wh_work/windinet/dit                    
         _outputs/lundquist/dit_sds_untrained_30k/checkpoint                    
         s/scalar_embedding_step_26040.safetensors                              
DEBUG    [rank 0] Removed optimizer state for older kept     dit_trainer.py:1444
         checkpoint:                                                            
         /local/disk/hramachandran/work/wh_work/windinet/dit                    
         _outputs/lundquist/dit_sds_untrained_30k/checkpoint                    
         s/model_weights_step_26160.state.pt                                    
[epoch 219] step=26280 train_loss=0.006421
[train] step=26281 loss=0.003213 lr=3.842e-07
[train] step=26282 loss=0.007729 lr=3.840e-07
[train] step=26283 loss=0.004937 lr=3.838e-07
[train] step=26284 loss=0.005783 lr=3.836e-07
[train] step=26285 loss=0.029373 lr=3.834e-07
[train] step=26286 loss=0.021177 lr=3.832e-07
[train] step=26287 loss=0.015224 lr=3.830e-07
[train] step=26288 loss=0.005371 lr=3.829e-07
[train] step=26289 loss=0.014575 lr=3.827e-07
[train] step=26290 loss=0.003081 lr=3.825e-07
[train] step=26291 loss=0.004818 lr=3.823e-07
[train] step=26292 loss=0.009882 lr=3.821e-07
[train] step=26293 loss=0.006346 lr=3.819e-07
[train] step=26294 loss=0.004074 lr=3.817e-07
[train] step=26295 loss=0.003414 lr=3.815e-07
[train] step=26296 loss=0.006246 lr=3.813e-07
[train] step=26297 loss=0.004527 lr=3.811e-07
[train] step=26298 loss=0.008017 lr=3.809e-07
[train] step=26299 loss=0.005401 lr=3.807e-07
[train] step=26300 loss=0.004579 lr=3.805e-07
[train] step=26301 loss=0.004494 lr=3.803e-07
[train] step=26302 loss=0.004193 lr=3.801e-07
[train] step=26303 loss=0.005536 lr=3.799e-07
[train] step=26304 loss=0.004206 lr=3.797e-07
[train] step=26305 loss=0.003359 lr=3.795e-07
[train] step=26306 loss=0.005269 lr=3.793e-07
[train] step=26307 loss=0.006447 lr=3.791e-07
[train] step=26308 loss=0.003592 lr=3.789e-07
[train] step=26309 loss=0.003389 lr=3.787e-07
[train] step=26310 loss=0.004769 lr=3.785e-07
[train] step=26311 loss=0.005696 lr=3.783e-07
[train] step=26312 loss=0.003818 lr=3.781e-07
[train] step=26313 loss=0.004173 lr=3.779e-07
[train] step=26314 loss=0.007708 lr=3.777e-07
[train] step=26315 loss=0.007227 lr=3.775e-07
[train] step=26316 loss=0.005217 lr=3.773e-07
[train] step=26317 loss=0.006943 lr=3.771e-07
[train] step=26318 loss=0.007336 lr=3.769e-07
[train] step=26319 loss=0.007812 lr=3.767e-07
[train] step=26320 loss=0.002420 lr=3.765e-07
[train] step=26321 loss=0.003442 lr=3.763e-07
[train] step=26322 loss=0.005545 lr=3.761e-07
[train] step=26323 loss=0.002461 lr=3.759e-07
[train] step=26324 loss=0.006401 lr=3.757e-07
[train] step=26325 loss=0.006142 lr=3.755e-07
[train] step=26326 loss=0.007027 lr=3.754e-07
[train] step=26327 loss=0.003863 lr=3.752e-07
[train] step=26328 loss=0.008019 lr=3.750e-07
[train] step=26329 loss=0.005341 lr=3.748e-07
[train] step=26330 loss=0.004784 lr=3.746e-07
[train] step=26331 loss=0.006284 lr=3.744e-07
[train] step=26332 loss=0.004446 lr=3.742e-07
[train] step=26333 loss=0.002165 lr=3.740e-07
[train] step=26334 loss=0.006781 lr=3.738e-07
[train] step=26335 loss=0.009841 lr=3.736e-07
[train] step=26336 loss=0.005827 lr=3.734e-07
[train] step=26337 loss=0.003448 lr=3.732e-07
[train] step=26338 loss=0.002557 lr=3.730e-07
[train] step=26339 loss=0.005936 lr=3.728e-07
[train] step=26340 loss=0.004518 lr=3.726e-07
[train] step=26341 loss=0.005384 lr=3.724e-07
[train] step=26342 loss=0.006632 lr=3.722e-07
[train] step=26343 loss=0.002311 lr=3.720e-07
[train] step=26344 loss=0.007641 lr=3.718e-07
[train] step=26345 loss=0.012676 lr=3.716e-07
[train] step=26346 loss=0.004072 lr=3.714e-07
[train] step=26347 loss=0.005150 lr=3.712e-07
[train] step=26348 loss=0.014045 lr=3.710e-07
[train] step=26349 loss=0.004183 lr=3.708e-07
[train] step=26350 loss=0.007364 lr=3.707e-07
[train] step=26351 loss=0.006939 lr=3.705e-07
[train] step=26352 loss=0.010063 lr=3.703e-07
[train] step=26353 loss=0.003841 lr=3.701e-07
[train] step=26354 loss=0.007165 lr=3.699e-07
[train] step=26355 loss=0.004055 lr=3.697e-07
[train] step=26356 loss=0.004197 lr=3.695e-07
[train] step=26357 loss=0.007305 lr=3.693e-07
[train] step=26358 loss=0.004270 lr=3.691e-07
[train] step=26359 loss=0.005587 lr=3.689e-07
[train] step=26360 loss=0.005330 lr=3.687e-07
[train] step=26361 loss=0.007368 lr=3.685e-07
[train] step=26362 loss=0.004802 lr=3.683e-07
[train] step=26363 loss=0.010183 lr=3.681e-07
[train] step=26364 loss=0.004955 lr=3.679e-07
[train] step=26365 loss=0.003804 lr=3.677e-07
[train] step=26366 loss=0.020296 lr=3.675e-07
[train] step=26367 loss=0.005385 lr=3.673e-07
[train] step=26368 loss=0.008000 lr=3.671e-07
[train] step=26369 loss=0.006115 lr=3.670e-07
[train] step=26370 loss=0.007632 lr=3.668e-07
[train] step=26371 loss=0.004028 lr=3.666e-07
[train] step=26372 loss=0.004611 lr=3.664e-07
[train] step=26373 loss=0.005358 lr=3.662e-07
[train] step=26374 loss=0.007011 lr=3.660e-07
[train] step=26375 loss=0.020172 lr=3.658e-07
[train] step=26376 loss=0.008841 lr=3.656e-07
[train] step=26377 loss=0.005645 lr=3.654e-07
[train] step=26378 loss=0.006777 lr=3.652e-07
[train] step=26379 loss=0.013400 lr=3.650e-07
[train] step=26380 loss=0.008348 lr=3.648e-07
[train] step=26381 loss=0.004533 lr=3.646e-07
[train] step=26382 loss=0.006528 lr=3.644e-07
[train] step=26383 loss=0.006293 lr=3.642e-07
[train] step=26384 loss=0.012400 lr=3.640e-07
[train] step=26385 loss=0.004684 lr=3.639e-07
[train] step=26386 loss=0.005320 lr=3.637e-07
[train] step=26387 loss=0.004996 lr=3.635e-07
[train] step=26388 loss=0.005538 lr=3.633e-07
[train] step=26389 loss=0.004727 lr=3.631e-07
[train] step=26390 loss=0.005612 lr=3.629e-07
[train] step=26391 loss=0.007881 lr=3.627e-07
[train] step=26392 loss=0.003104 lr=3.625e-07
[train] step=26393 loss=0.004764 lr=3.623e-07
[train] step=26394 loss=0.005242 lr=3.621e-07
[train] step=26395 loss=0.003129 lr=3.619e-07
[train] step=26396 loss=0.004739 lr=3.617e-07
[train] step=26397 loss=0.006338 lr=3.615e-07
[train] step=26398 loss=0.006386 lr=3.613e-07
[train] step=26399 loss=0.006066 lr=3.612e-07
[train] step=26400 loss=0.005026 lr=3.610e-07
[val] step=26400 val_loss=0.014336
INFO     [rank 0] Model weights for step 26400 saved in      dit_trainer.py:1288
         checkpoints/model_weights_step_26400.safetensors                       
INFO     [rank 0] Scalar embedding weights for step 26400    dit_trainer.py:1297
         saved                                                                  
INFO     [rank 0] Training state saved:                      dit_trainer.py:1416
         checkpoints/model_weights_step_26400.state.pt                          
DEBUG    [rank 0] Removed old checkpoint:                    dit_trainer.py:1429
         /local/disk/hramachandran/work/wh_work/windinet/dit                    
         _outputs/lundquist/dit_sds_untrained_30k/checkpoint                    
         s/model_weights_step_26160.safetensors                                 
DEBUG    [rank 0] Removed old checkpoint:                    dit_trainer.py:1429
         /local/disk/hramachandran/work/wh_work/windinet/dit                    
         _outputs/lundquist/dit_sds_untrained_30k/checkpoint                    
         s/scalar_embedding_step_26160.safetensors                              
DEBUG    [rank 0] Removed optimizer state for older kept     dit_trainer.py:1444
         checkpoint:                                                            
         /local/disk/hramachandran/work/wh_work/windinet/dit                    
         _outputs/lundquist/dit_sds_untrained_30k/checkpoint                    
         s/model_weights_step_26280.state.pt                                    
[epoch 220] step=26400 train_loss=0.006508 val_loss=0.014336
[train] step=26401 loss=0.003926 lr=3.608e-07
[train] step=26402 loss=0.004501 lr=3.606e-07
[train] step=26403 loss=0.003429 lr=3.604e-07
[train] step=26404 loss=0.004850 lr=3.602e-07
[train] step=26405 loss=0.004689 lr=3.600e-07
[train] step=26406 loss=0.009820 lr=3.598e-07
[train] step=26407 loss=0.003381 lr=3.596e-07
[train] step=26408 loss=0.004459 lr=3.594e-07
[train] step=26409 loss=0.012742 lr=3.592e-07
[train] step=26410 loss=0.005616 lr=3.590e-07
[train] step=26411 loss=0.005670 lr=3.588e-07
[train] step=26412 loss=0.002696 lr=3.587e-07
[train] step=26413 loss=0.003578 lr=3.585e-07
[train] step=26414 loss=0.005074 lr=3.583e-07
[train] step=26415 loss=0.005552 lr=3.581e-07
[train] step=26416 loss=0.006926 lr=3.579e-07
[train] step=26417 loss=0.002824 lr=3.577e-07
[train] step=26418 loss=0.005541 lr=3.575e-07
[train] step=26419 loss=0.002725 lr=3.573e-07
[train] step=26420 loss=0.003637 lr=3.571e-07
[train] step=26421 loss=0.005561 lr=3.569e-07
[train] step=26422 loss=0.001554 lr=3.567e-07
[train] step=26423 loss=0.005926 lr=3.565e-07
[train] step=26424 loss=0.003004 lr=3.564e-07
[train] step=26425 loss=0.004138 lr=3.562e-07
[train] step=26426 loss=0.007500 lr=3.560e-07
[train] step=26427 loss=0.004479 lr=3.558e-07
[train] step=26428 loss=0.005768 lr=3.556e-07
[train] step=26429 loss=0.009813 lr=3.554e-07
[train] step=26430 loss=0.005095 lr=3.552e-07
[train] step=26431 loss=0.004405 lr=3.550e-07
[train] step=26432 loss=0.008931 lr=3.548e-07
[train] step=26433 loss=0.006601 lr=3.546e-07
[train] step=26434 loss=0.007147 lr=3.544e-07
[train] step=26435 loss=0.010018 lr=3.542e-07
[train] step=26436 loss=0.009105 lr=3.541e-07
[train] step=26437 loss=0.008486 lr=3.539e-07
[train] step=26438 loss=0.004845 lr=3.537e-07
[train] step=26439 loss=0.013348 lr=3.535e-07
[train] step=26440 loss=0.005611 lr=3.533e-07
[train] step=26441 loss=0.007207 lr=3.531e-07
[train] step=26442 loss=0.004403 lr=3.529e-07
[train] step=26443 loss=0.004780 lr=3.527e-07
[train] step=26444 loss=0.006464 lr=3.525e-07
[train] step=26445 loss=0.006577 lr=3.523e-07
[train] step=26446 loss=0.005753 lr=3.522e-07
[train] step=26447 loss=0.010319 lr=3.520e-07
[train] step=26448 loss=0.004913 lr=3.518e-07
[train] step=26449 loss=0.003799 lr=3.516e-07
[train] step=26450 loss=0.004530 lr=3.514e-07
[train] step=26451 loss=0.004014 lr=3.512e-07
[train] step=26452 loss=0.007603 lr=3.510e-07
[train] step=26453 loss=0.006634 lr=3.508e-07
[train] step=26454 loss=0.009097 lr=3.506e-07
[train] step=26455 loss=0.006008 lr=3.504e-07
[train] step=26456 loss=0.013799 lr=3.503e-07
[train] step=26457 loss=0.012520 lr=3.501e-07
[train] step=26458 loss=0.008974 lr=3.499e-07
[train] step=26459 loss=0.025810 lr=3.497e-07
[train] step=26460 loss=0.006099 lr=3.495e-07
[train] step=26461 loss=0.005228 lr=3.493e-07
[train] step=26462 loss=0.004586 lr=3.491e-07
[train] step=26463 loss=0.026987 lr=3.489e-07
[train] step=26464 loss=0.003395 lr=3.487e-07
[train] step=26465 loss=0.006969 lr=3.485e-07
[train] step=26466 loss=0.003224 lr=3.484e-07
[train] step=26467 loss=0.007038 lr=3.482e-07
[train] step=26468 loss=0.005025 lr=3.480e-07
[train] step=26469 loss=0.005805 lr=3.478e-07
[train] step=26470 loss=0.009282 lr=3.476e-07
[train] step=26471 loss=0.009282 lr=3.474e-07
[train] step=26472 loss=0.008810 lr=3.472e-07
[train] step=26473 loss=0.009832 lr=3.470e-07
[train] step=26474 loss=0.007301 lr=3.468e-07
[train] step=26475 loss=0.006220 lr=3.467e-07
[train] step=26476 loss=0.003024 lr=3.465e-07
[train] step=26477 loss=0.004604 lr=3.463e-07
[train] step=26478 loss=0.011914 lr=3.461e-07
[train] step=26479 loss=0.005363 lr=3.459e-07
[train] step=26480 loss=0.004807 lr=3.457e-07
[train] step=26481 loss=0.003929 lr=3.455e-07
[train] step=26482 loss=0.006678 lr=3.453e-07
[train] step=26483 loss=0.003243 lr=3.451e-07
[train] step=26484 loss=0.006120 lr=3.450e-07
[train] step=26485 loss=0.004769 lr=3.448e-07
[train] step=26486 loss=0.004633 lr=3.446e-07
[train] step=26487 loss=0.005246 lr=3.444e-07
[train] step=26488 loss=0.003366 lr=3.442e-07
[train] step=26489 loss=0.005132 lr=3.440e-07
[train] step=26490 loss=0.027278 lr=3.438e-07
[train] step=26491 loss=0.003516 lr=3.436e-07
[train] step=26492 loss=0.011522 lr=3.435e-07
[train] step=26493 loss=0.004006 lr=3.433e-07
[train] step=26494 loss=0.005360 lr=3.431e-07
[train] step=26495 loss=0.005075 lr=3.429e-07
[train] step=26496 loss=0.007590 lr=3.427e-07
[train] step=26497 loss=0.005508 lr=3.425e-07
[train] step=26498 loss=0.004912 lr=3.423e-07
[train] step=26499 loss=0.005469 lr=3.421e-07
[train] step=26500 loss=0.003540 lr=3.420e-07
[train] step=26501 loss=0.010602 lr=3.418e-07
[train] step=26502 loss=0.007062 lr=3.416e-07
[train] step=26503 loss=0.006770 lr=3.414e-07
[train] step=26504 loss=0.007992 lr=3.412e-07
[train] step=26505 loss=0.007127 lr=3.410e-07
[train] step=26506 loss=0.005385 lr=3.408e-07
[train] step=26507 loss=0.005780 lr=3.406e-07
[train] step=26508 loss=0.003412 lr=3.405e-07
[train] step=26509 loss=0.002258 lr=3.403e-07
[train] step=26510 loss=0.003762 lr=3.401e-07
[train] step=26511 loss=0.002237 lr=3.399e-07
[train] step=26512 loss=0.007574 lr=3.397e-07
[train] step=26513 loss=0.013039 lr=3.395e-07
[train] step=26514 loss=0.003900 lr=3.393e-07
[train] step=26515 loss=0.003888 lr=3.391e-07
[train] step=26516 loss=0.005735 lr=3.390e-07
[train] step=26517 loss=0.002400 lr=3.388e-07
[train] step=26518 loss=0.014250 lr=3.386e-07
[train] step=26519 loss=0.003736 lr=3.384e-07
[train] step=26520 loss=0.003385 lr=3.382e-07
INFO     [rank 0] Model weights for step 26520 saved in      dit_trainer.py:1288
         checkpoints/model_weights_step_26520.safetensors                       
INFO     [rank 0] Scalar embedding weights for step 26520    dit_trainer.py:1297
         saved                                                                  
INFO     [rank 0] Training state saved:                      dit_trainer.py:1416
         checkpoints/model_weights_step_26520.state.pt                          
DEBUG    [rank 0] Removed old checkpoint:                    dit_trainer.py:1429
         /local/disk/hramachandran/work/wh_work/windinet/dit                    
         _outputs/lundquist/dit_sds_untrained_30k/checkpoint                    
         s/model_weights_step_26280.safetensors                                 
DEBUG    [rank 0] Removed old checkpoint:                    dit_trainer.py:1429
         /local/disk/hramachandran/work/wh_work/windinet/dit                    
         _outputs/lundquist/dit_sds_untrained_30k/checkpoint                    
         s/scalar_embedding_step_26280.safetensors                              
DEBUG    [rank 0] Removed optimizer state for older kept     dit_trainer.py:1444
         checkpoint:                                                            
         /local/disk/hramachandran/work/wh_work/windinet/dit                    
         _outputs/lundquist/dit_sds_untrained_30k/checkpoint                    
         s/model_weights_step_26400.state.pt                                    
[epoch 221] step=26520 train_loss=0.006582
[train] step=26521 loss=0.004166 lr=3.380e-07
[train] step=26522 loss=0.003568 lr=3.378e-07
[train] step=26523 loss=0.002705 lr=3.377e-07
[train] step=26524 loss=0.008630 lr=3.375e-07
[train] step=26525 loss=0.007898 lr=3.373e-07
[train] step=26526 loss=0.006691 lr=3.371e-07
[train] step=26527 loss=0.004652 lr=3.369e-07
[train] step=26528 loss=0.004591 lr=3.367e-07
[train] step=26529 loss=0.008624 lr=3.365e-07
[train] step=26530 loss=0.003821 lr=3.364e-07
[train] step=26531 loss=0.006169 lr=3.362e-07
[train] step=26532 loss=0.007655 lr=3.360e-07
[train] step=26533 loss=0.005758 lr=3.358e-07
[train] step=26534 loss=0.006202 lr=3.356e-07
[train] step=26535 loss=0.007226 lr=3.354e-07
[train] step=26536 loss=0.007290 lr=3.352e-07
[train] step=26537 loss=0.003365 lr=3.351e-07
[train] step=26538 loss=0.012474 lr=3.349e-07
[train] step=26539 loss=0.005366 lr=3.347e-07
[train] step=26540 loss=0.006195 lr=3.345e-07
[train] step=26541 loss=0.007606 lr=3.343e-07
[train] step=26542 loss=0.006727 lr=3.341e-07
[train] step=26543 loss=0.007228 lr=3.339e-07
[train] step=26544 loss=0.004026 lr=3.338e-07
[train] step=26545 loss=0.005171 lr=3.336e-07
[train] step=26546 loss=0.004147 lr=3.334e-07
[train] step=26547 loss=0.005617 lr=3.332e-07
[train] step=26548 loss=0.003388 lr=3.330e-07
[train] step=26549 loss=0.021012 lr=3.328e-07
[train] step=26550 loss=0.004099 lr=3.326e-07
[train] step=26551 loss=0.009441 lr=3.325e-07
[train] step=26552 loss=0.013206 lr=3.323e-07
[train] step=26553 loss=0.038203 lr=3.321e-07
[train] step=26554 loss=0.008496 lr=3.319e-07
[train] step=26555 loss=0.001885 lr=3.317e-07
[train] step=26556 loss=0.005171 lr=3.315e-07
[train] step=26557 loss=0.003724 lr=3.313e-07
[train] step=26558 loss=0.004981 lr=3.312e-07
[train] step=26559 loss=0.002595 lr=3.310e-07
[train] step=26560 loss=0.009557 lr=3.308e-07
[train] step=26561 loss=0.017094 lr=3.306e-07
[train] step=26562 loss=0.007963 lr=3.304e-07
[train] step=26563 loss=0.002002 lr=3.302e-07
[train] step=26564 loss=0.003310 lr=3.301e-07
[train] step=26565 loss=0.001871 lr=3.299e-07
[train] step=26566 loss=0.007533 lr=3.297e-07
[train] step=26567 loss=0.007485 lr=3.295e-07
[train] step=26568 loss=0.035312 lr=3.293e-07
[train] step=26569 loss=0.006847 lr=3.291e-07
[train] step=26570 loss=0.004228 lr=3.290e-07
[train] step=26571 loss=0.008861 lr=3.288e-07
[train] step=26572 loss=0.010350 lr=3.286e-07
[train] step=26573 loss=0.006317 lr=3.284e-07
[train] step=26574 loss=0.003570 lr=3.282e-07
[train] step=26575 loss=0.003056 lr=3.280e-07
[train] step=26576 loss=0.007209 lr=3.279e-07
[train] step=26577 loss=0.002984 lr=3.277e-07
[train] step=26578 loss=0.010830 lr=3.275e-07
[train] step=26579 loss=0.003675 lr=3.273e-07
[train] step=26580 loss=0.007288 lr=3.271e-07
[train] step=26581 loss=0.004173 lr=3.269e-07
[train] step=26582 loss=0.006608 lr=3.267e-07
[train] step=26583 loss=0.011852 lr=3.266e-07
[train] step=26584 loss=0.005720 lr=3.264e-07
[train] step=26585 loss=0.007514 lr=3.262e-07
[train] step=26586 loss=0.004840 lr=3.260e-07
[train] step=26587 loss=0.003993 lr=3.258e-07
[train] step=26588 loss=0.005153 lr=3.257e-07
[train] step=26589 loss=0.004803 lr=3.255e-07
[train] step=26590 loss=0.004841 lr=3.253e-07
[train] step=26591 loss=0.003202 lr=3.251e-07
[train] step=26592 loss=0.008810 lr=3.249e-07
[train] step=26593 loss=0.027782 lr=3.247e-07
[train] step=26594 loss=0.005709 lr=3.246e-07
[train] step=26595 loss=0.006897 lr=3.244e-07
[train] step=26596 loss=0.005524 lr=3.242e-07
[train] step=26597 loss=0.006660 lr=3.240e-07
[train] step=26598 loss=0.007884 lr=3.238e-07
[train] step=26599 loss=0.007459 lr=3.236e-07
[train] step=26600 loss=0.005847 lr=3.235e-07
[train] step=26601 loss=0.004533 lr=3.233e-07
[train] step=26602 loss=0.005741 lr=3.231e-07
[train] step=26603 loss=0.003118 lr=3.229e-07
[train] step=26604 loss=0.010751 lr=3.227e-07
[train] step=26605 loss=0.016964 lr=3.225e-07
[train] step=26606 loss=0.003865 lr=3.224e-07
[train] step=26607 loss=0.003930 lr=3.222e-07
[train] step=26608 loss=0.013806 lr=3.220e-07
[train] step=26609 loss=0.003754 lr=3.218e-07
[train] step=26610 loss=0.002236 lr=3.216e-07
[train] step=26611 loss=0.040857 lr=3.215e-07
[train] step=26612 loss=0.013105 lr=3.213e-07
[train] step=26613 loss=0.003543 lr=3.211e-07
[train] step=26614 loss=0.005264 lr=3.209e-07
[train] step=26615 loss=0.012507 lr=3.207e-07
[train] step=26616 loss=0.006880 lr=3.205e-07
[train] step=26617 loss=0.003718 lr=3.204e-07
[train] step=26618 loss=0.011755 lr=3.202e-07
[train] step=26619 loss=0.002917 lr=3.200e-07
[train] step=26620 loss=0.003914 lr=3.198e-07
[train] step=26621 loss=0.004676 lr=3.196e-07
[train] step=26622 loss=0.006743 lr=3.195e-07
[train] step=26623 loss=0.005724 lr=3.193e-07
[train] step=26624 loss=0.004027 lr=3.191e-07
[train] step=26625 loss=0.010665 lr=3.189e-07
[train] step=26626 loss=0.004408 lr=3.187e-07
[train] step=26627 loss=0.004783 lr=3.186e-07
[train] step=26628 loss=0.009881 lr=3.184e-07
[train] step=26629 loss=0.003917 lr=3.182e-07
[train] step=26630 loss=0.003535 lr=3.180e-07
[train] step=26631 loss=0.004400 lr=3.178e-07
[train] step=26632 loss=0.004346 lr=3.176e-07
[train] step=26633 loss=0.004833 lr=3.175e-07
[train] step=26634 loss=0.005146 lr=3.173e-07
[train] step=26635 loss=0.006149 lr=3.171e-07
[train] step=26636 loss=0.010063 lr=3.169e-07
[train] step=26637 loss=0.002816 lr=3.167e-07
[train] step=26638 loss=0.003302 lr=3.166e-07
[train] step=26639 loss=0.006515 lr=3.164e-07
[train] step=26640 loss=0.004297 lr=3.162e-07
INFO     [rank 0] Model weights for step 26640 saved in      dit_trainer.py:1288
         checkpoints/model_weights_step_26640.safetensors                       
INFO     [rank 0] Scalar embedding weights for step 26640    dit_trainer.py:1297
         saved                                                                  
INFO     [rank 0] Training state saved:                      dit_trainer.py:1416
         checkpoints/model_weights_step_26640.state.pt                          
DEBUG    [rank 0] Removed old checkpoint:                    dit_trainer.py:1429
         /local/disk/hramachandran/work/wh_work/windinet/dit                    
         _outputs/lundquist/dit_sds_untrained_30k/checkpoint                    
         s/model_weights_step_26400.safetensors                                 
DEBUG    [rank 0] Removed old checkpoint:                    dit_trainer.py:1429
         /local/disk/hramachandran/work/wh_work/windinet/dit                    
         _outputs/lundquist/dit_sds_untrained_30k/checkpoint                    
         s/scalar_embedding_step_26400.safetensors                              
DEBUG    [rank 0] Removed optimizer state for older kept     dit_trainer.py:1444
         checkpoint:                                                            
         /local/disk/hramachandran/work/wh_work/windinet/dit                    
         _outputs/lundquist/dit_sds_untrained_30k/checkpoint                    
         s/model_weights_step_26520.state.pt                                    
[epoch 222] step=26640 train_loss=0.007290
[train] step=26641 loss=0.011100 lr=3.160e-07
[train] step=26642 loss=0.004081 lr=3.158e-07
[train] step=26643 loss=0.012564 lr=3.157e-07
[train] step=26644 loss=0.009258 lr=3.155e-07
[train] step=26645 loss=0.004209 lr=3.153e-07
[train] step=26646 loss=0.008490 lr=3.151e-07
[train] step=26647 loss=0.003267 lr=3.149e-07
[train] step=26648 loss=0.004828 lr=3.148e-07
[train] step=26649 loss=0.010787 lr=3.146e-07
[train] step=26650 loss=0.005202 lr=3.144e-07
[train] step=26651 loss=0.006615 lr=3.142e-07
[train] step=26652 loss=0.021233 lr=3.140e-07
[train] step=26653 loss=0.012455 lr=3.139e-07
[train] step=26654 loss=0.022436 lr=3.137e-07
[train] step=26655 loss=0.007023 lr=3.135e-07
[train] step=26656 loss=0.004585 lr=3.133e-07
[train] step=26657 loss=0.008232 lr=3.131e-07
[train] step=26658 loss=0.035535 lr=3.130e-07
[train] step=26659 loss=0.011028 lr=3.128e-07
[train] step=26660 loss=0.010630 lr=3.126e-07
[train] step=26661 loss=0.007092 lr=3.124e-07
[train] step=26662 loss=0.012324 lr=3.122e-07
[train] step=26663 loss=0.004598 lr=3.121e-07
[train] step=26664 loss=0.011923 lr=3.119e-07
[train] step=26665 loss=0.006256 lr=3.117e-07
[train] step=26666 loss=0.002724 lr=3.115e-07
[train] step=26667 loss=0.009583 lr=3.114e-07
[train] step=26668 loss=0.005842 lr=3.112e-07
[train] step=26669 loss=0.009956 lr=3.110e-07
[train] step=26670 loss=0.005576 lr=3.108e-07
[train] step=26671 loss=0.005727 lr=3.106e-07
[train] step=26672 loss=0.005712 lr=3.105e-07
[train] step=26673 loss=0.004055 lr=3.103e-07
[train] step=26674 loss=0.013776 lr=3.101e-07
[train] step=26675 loss=0.004490 lr=3.099e-07
[train] step=26676 loss=0.004788 lr=3.097e-07
[train] step=26677 loss=0.003440 lr=3.096e-07
[train] step=26678 loss=0.004779 lr=3.094e-07
[train] step=26679 loss=0.003066 lr=3.092e-07
[train] step=26680 loss=0.007055 lr=3.090e-07
[train] step=26681 loss=0.006634 lr=3.089e-07
[train] step=26682 loss=0.010482 lr=3.087e-07
[train] step=26683 loss=0.004751 lr=3.085e-07
[train] step=26684 loss=0.003670 lr=3.083e-07
[train] step=26685 loss=0.008899 lr=3.081e-07
[train] step=26686 loss=0.003291 lr=3.080e-07
[train] step=26687 loss=0.005830 lr=3.078e-07
[train] step=26688 loss=0.004575 lr=3.076e-07
[train] step=26689 loss=0.006205 lr=3.074e-07
[train] step=26690 loss=0.010732 lr=3.073e-07
[train] step=26691 loss=0.007498 lr=3.071e-07
[train] step=26692 loss=0.004759 lr=3.069e-07
[train] step=26693 loss=0.004724 lr=3.067e-07
[train] step=26694 loss=0.027699 lr=3.065e-07
[train] step=26695 loss=0.010060 lr=3.064e-07
[train] step=26696 loss=0.004168 lr=3.062e-07
[train] step=26697 loss=0.002777 lr=3.060e-07
[train] step=26698 loss=0.004733 lr=3.058e-07
[train] step=26699 loss=0.007992 lr=3.057e-07
[train] step=26700 loss=0.011998 lr=3.055e-07
[train] step=26701 loss=0.005822 lr=3.053e-07
[train] step=26702 loss=0.006401 lr=3.051e-07
[train] step=26703 loss=0.006883 lr=3.049e-07
[train] step=26704 loss=0.007607 lr=3.048e-07
[train] step=26705 loss=0.005409 lr=3.046e-07
[train] step=26706 loss=0.006224 lr=3.044e-07
[train] step=26707 loss=0.002461 lr=3.042e-07
[train] step=26708 loss=0.004378 lr=3.041e-07
[train] step=26709 loss=0.007516 lr=3.039e-07
[train] step=26710 loss=0.006376 lr=3.037e-07
[train] step=26711 loss=0.005906 lr=3.035e-07
[train] step=26712 loss=0.006334 lr=3.034e-07
[train] step=26713 loss=0.008761 lr=3.032e-07
[train] step=26714 loss=0.008128 lr=3.030e-07
[train] step=26715 loss=0.008250 lr=3.028e-07
[train] step=26716 loss=0.006531 lr=3.026e-07
[train] step=26717 loss=0.009759 lr=3.025e-07
[train] step=26718 loss=0.003439 lr=3.023e-07
[train] step=26719 loss=0.003891 lr=3.021e-07
[train] step=26720 loss=0.004776 lr=3.019e-07
[train] step=26721 loss=0.005023 lr=3.018e-07
[train] step=26722 loss=0.004207 lr=3.016e-07
[train] step=26723 loss=0.005347 lr=3.014e-07
[train] step=26724 loss=0.008419 lr=3.012e-07
[train] step=26725 loss=0.006553 lr=3.011e-07
[train] step=26726 loss=0.013291 lr=3.009e-07
[train] step=26727 loss=0.005801 lr=3.007e-07
[train] step=26728 loss=0.006854 lr=3.005e-07
[train] step=26729 loss=0.008860 lr=3.004e-07
[train] step=26730 loss=0.005215 lr=3.002e-07
[train] step=26731 loss=0.002531 lr=3.000e-07
[train] step=26732 loss=0.005337 lr=2.998e-07
[train] step=26733 loss=0.007058 lr=2.997e-07
[train] step=26734 loss=0.002991 lr=2.995e-07
[train] step=26735 loss=0.012331 lr=2.993e-07
[train] step=26736 loss=0.006822 lr=2.991e-07
[train] step=26737 loss=0.003752 lr=2.990e-07
[train] step=26738 loss=0.013772 lr=2.988e-07
[train] step=26739 loss=0.001687 lr=2.986e-07
[train] step=26740 loss=0.003012 lr=2.984e-07
[train] step=26741 loss=0.011493 lr=2.983e-07
[train] step=26742 loss=0.003521 lr=2.981e-07
[train] step=26743 loss=0.003575 lr=2.979e-07
[train] step=26744 loss=0.011421 lr=2.977e-07
[train] step=26745 loss=0.020013 lr=2.976e-07
[train] step=26746 loss=0.006308 lr=2.974e-07
[train] step=26747 loss=0.005935 lr=2.972e-07
[train] step=26748 loss=0.006648 lr=2.970e-07
[train] step=26749 loss=0.006370 lr=2.969e-07
[train] step=26750 loss=0.004335 lr=2.967e-07
[train] step=26751 loss=0.007421 lr=2.965e-07
[train] step=26752 loss=0.002688 lr=2.963e-07
[train] step=26753 loss=0.003783 lr=2.962e-07
[train] step=26754 loss=0.004121 lr=2.960e-07
[train] step=26755 loss=0.005388 lr=2.958e-07
[train] step=26756 loss=0.007692 lr=2.956e-07
[train] step=26757 loss=0.003768 lr=2.955e-07
[train] step=26758 loss=0.008828 lr=2.953e-07
[train] step=26759 loss=0.004342 lr=2.951e-07
[train] step=26760 loss=0.008479 lr=2.949e-07
INFO     [rank 0] Model weights for step 26760 saved in      dit_trainer.py:1288
         checkpoints/model_weights_step_26760.safetensors                       
INFO     [rank 0] Scalar embedding weights for step 26760    dit_trainer.py:1297
         saved                                                                  
INFO     [rank 0] Training state saved:                      dit_trainer.py:1416
         checkpoints/model_weights_step_26760.state.pt                          
DEBUG    [rank 0] Removed old checkpoint:                    dit_trainer.py:1429
         /local/disk/hramachandran/work/wh_work/windinet/dit                    
         _outputs/lundquist/dit_sds_untrained_30k/checkpoint                    
         s/model_weights_step_26520.safetensors                                 
DEBUG    [rank 0] Removed old checkpoint:                    dit_trainer.py:1429
         /local/disk/hramachandran/work/wh_work/windinet/dit                    
         _outputs/lundquist/dit_sds_untrained_30k/checkpoint                    
         s/scalar_embedding_step_26520.safetensors                              
DEBUG    [rank 0] Removed optimizer state for older kept     dit_trainer.py:1444
         checkpoint:                                                            
         /local/disk/hramachandran/work/wh_work/windinet/dit                    
         _outputs/lundquist/dit_sds_untrained_30k/checkpoint                    
         s/model_weights_step_26640.state.pt                                    
[epoch 223] step=26760 train_loss=0.007362
[train] step=26761 loss=0.004223 lr=2.948e-07
[train] step=26762 loss=0.005161 lr=2.946e-07
[train] step=26763 loss=0.004138 lr=2.944e-07
[train] step=26764 loss=0.005475 lr=2.942e-07
[train] step=26765 loss=0.005267 lr=2.941e-07
[train] step=26766 loss=0.004013 lr=2.939e-07
[train] step=26767 loss=0.002201 lr=2.937e-07
[train] step=26768 loss=0.014292 lr=2.935e-07
[train] step=26769 loss=0.004977 lr=2.934e-07
[train] step=26770 loss=0.013142 lr=2.932e-07
[train] step=26771 loss=0.005458 lr=2.930e-07
[train] step=26772 loss=0.006381 lr=2.929e-07
[train] step=26773 loss=0.004415 lr=2.927e-07
[train] step=26774 loss=0.007776 lr=2.925e-07
[train] step=26775 loss=0.008334 lr=2.923e-07
[train] step=26776 loss=0.021707 lr=2.922e-07
[train] step=26777 loss=0.008382 lr=2.920e-07
[train] step=26778 loss=0.007619 lr=2.918e-07
[train] step=26779 loss=0.008387 lr=2.916e-07
[train] step=26780 loss=0.005174 lr=2.915e-07
[train] step=26781 loss=0.006278 lr=2.913e-07
[train] step=26782 loss=0.001933 lr=2.911e-07
[train] step=26783 loss=0.012229 lr=2.909e-07
[train] step=26784 loss=0.005862 lr=2.908e-07
[train] step=26785 loss=0.007819 lr=2.906e-07
[train] step=26786 loss=0.005424 lr=2.904e-07
[train] step=26787 loss=0.007158 lr=2.903e-07
[train] step=26788 loss=0.003358 lr=2.901e-07
[train] step=26789 loss=0.005025 lr=2.899e-07
[train] step=26790 loss=0.004536 lr=2.897e-07
[train] step=26791 loss=0.005836 lr=2.896e-07
[train] step=26792 loss=0.031752 lr=2.894e-07
[train] step=26793 loss=0.008763 lr=2.892e-07
[train] step=26794 loss=0.002707 lr=2.890e-07
[train] step=26795 loss=0.008123 lr=2.889e-07
[train] step=26796 loss=0.004264 lr=2.887e-07
[train] step=26797 loss=0.004821 lr=2.885e-07
[train] step=26798 loss=0.006761 lr=2.884e-07
[train] step=26799 loss=0.011792 lr=2.882e-07
[train] step=26800 loss=0.003176 lr=2.880e-07
[train] step=26801 loss=0.014070 lr=2.878e-07
[train] step=26802 loss=0.004667 lr=2.877e-07
[train] step=26803 loss=0.004802 lr=2.875e-07
[train] step=26804 loss=0.004980 lr=2.873e-07
[train] step=26805 loss=0.004318 lr=2.872e-07
[train] step=26806 loss=0.003286 lr=2.870e-07
[train] step=26807 loss=0.003073 lr=2.868e-07
[train] step=26808 loss=0.006818 lr=2.866e-07
[train] step=26809 loss=0.007101 lr=2.865e-07
[train] step=26810 loss=0.004822 lr=2.863e-07
[train] step=26811 loss=0.003127 lr=2.861e-07
[train] step=26812 loss=0.004979 lr=2.860e-07
[train] step=26813 loss=0.005532 lr=2.858e-07
[train] step=26814 loss=0.003819 lr=2.856e-07
[train] step=26815 loss=0.003702 lr=2.854e-07
[train] step=26816 loss=0.007624 lr=2.853e-07
[train] step=26817 loss=0.011734 lr=2.851e-07
[train] step=26818 loss=0.004668 lr=2.849e-07
[train] step=26819 loss=0.007645 lr=2.848e-07
[train] step=26820 loss=0.001812 lr=2.846e-07
[train] step=26821 loss=0.003103 lr=2.844e-07
[train] step=26822 loss=0.013276 lr=2.842e-07
[train] step=26823 loss=0.008272 lr=2.841e-07
[train] step=26824 loss=0.004148 lr=2.839e-07
[train] step=26825 loss=0.008001 lr=2.837e-07
[train] step=26826 loss=0.015158 lr=2.836e-07
[train] step=26827 loss=0.005433 lr=2.834e-07
[train] step=26828 loss=0.005717 lr=2.832e-07
[train] step=26829 loss=0.007110 lr=2.830e-07
[train] step=26830 loss=0.053023 lr=2.829e-07
[train] step=26831 loss=0.002846 lr=2.827e-07
[train] step=26832 loss=0.004122 lr=2.825e-07
[train] step=26833 loss=0.005757 lr=2.824e-07
[train] step=26834 loss=0.010744 lr=2.822e-07
[train] step=26835 loss=0.006525 lr=2.820e-07
[train] step=26836 loss=0.005375 lr=2.819e-07
[train] step=26837 loss=0.005601 lr=2.817e-07
[train] step=26838 loss=0.008005 lr=2.815e-07
[train] step=26839 loss=0.006254 lr=2.813e-07
[train] step=26840 loss=0.004683 lr=2.812e-07
[train] step=26841 loss=0.013741 lr=2.810e-07
[train] step=26842 loss=0.008603 lr=2.808e-07
[train] step=26843 loss=0.010018 lr=2.807e-07
[train] step=26844 loss=0.004226 lr=2.805e-07
[train] step=26845 loss=0.005063 lr=2.803e-07
[train] step=26846 loss=0.004406 lr=2.802e-07
[train] step=26847 loss=0.008146 lr=2.800e-07
[train] step=26848 loss=0.005128 lr=2.798e-07
[train] step=26849 loss=0.007096 lr=2.796e-07
[train] step=26850 loss=0.005211 lr=2.795e-07
[train] step=26851 loss=0.005302 lr=2.793e-07
[train] step=26852 loss=0.004173 lr=2.791e-07
[train] step=26853 loss=0.009933 lr=2.790e-07
[train] step=26854 loss=0.009349 lr=2.788e-07
[train] step=26855 loss=0.005425 lr=2.786e-07
[train] step=26856 loss=0.005280 lr=2.785e-07
[train] step=26857 loss=0.003076 lr=2.783e-07
[train] step=26858 loss=0.004702 lr=2.781e-07
[train] step=26859 loss=0.002494 lr=2.779e-07
[train] step=26860 loss=0.003158 lr=2.778e-07
[train] step=26861 loss=0.002816 lr=2.776e-07
[train] step=26862 loss=0.005411 lr=2.774e-07
[train] step=26863 loss=0.009231 lr=2.773e-07
[train] step=26864 loss=0.008496 lr=2.771e-07
[train] step=26865 loss=0.003481 lr=2.769e-07
[train] step=26866 loss=0.005475 lr=2.768e-07
[train] step=26867 loss=0.006800 lr=2.766e-07
[train] step=26868 loss=0.016661 lr=2.764e-07
[train] step=26869 loss=0.006212 lr=2.763e-07
[train] step=26870 loss=0.004174 lr=2.761e-07
[train] step=26871 loss=0.009889 lr=2.759e-07
[train] step=26872 loss=0.007207 lr=2.758e-07
[train] step=26873 loss=0.006434 lr=2.756e-07
[train] step=26874 loss=0.005503 lr=2.754e-07
[train] step=26875 loss=0.013061 lr=2.753e-07
[train] step=26876 loss=0.008136 lr=2.751e-07
[train] step=26877 loss=0.006418 lr=2.749e-07
[train] step=26878 loss=0.004262 lr=2.747e-07
[train] step=26879 loss=0.006298 lr=2.746e-07
[train] step=26880 loss=0.005081 lr=2.744e-07
INFO     [rank 0] Model weights for step 26880 saved in      dit_trainer.py:1288
         checkpoints/model_weights_step_26880.safetensors                       
INFO     [rank 0] Scalar embedding weights for step 26880    dit_trainer.py:1297
         saved                                                                  
INFO     [rank 0] Training state saved:                      dit_trainer.py:1416
         checkpoints/model_weights_step_26880.state.pt                          
DEBUG    [rank 0] Removed old checkpoint:                    dit_trainer.py:1429
         /local/disk/hramachandran/work/wh_work/windinet/dit                    
         _outputs/lundquist/dit_sds_untrained_30k/checkpoint                    
         s/model_weights_step_26640.safetensors                                 
DEBUG    [rank 0] Removed old checkpoint:                    dit_trainer.py:1429
         /local/disk/hramachandran/work/wh_work/windinet/dit                    
         _outputs/lundquist/dit_sds_untrained_30k/checkpoint                    
         s/scalar_embedding_step_26640.safetensors                              
DEBUG    [rank 0] Removed optimizer state for older kept     dit_trainer.py:1444
         checkpoint:                                                            
         /local/disk/hramachandran/work/wh_work/windinet/dit                    
         _outputs/lundquist/dit_sds_untrained_30k/checkpoint                    
         s/model_weights_step_26760.state.pt                                    
[epoch 224] step=26880 train_loss=0.007157
[train] step=26881 loss=0.008265 lr=2.742e-07
[train] step=26882 loss=0.009912 lr=2.741e-07
[train] step=26883 loss=0.006603 lr=2.739e-07
[train] step=26884 loss=0.004083 lr=2.737e-07
[train] step=26885 loss=0.004064 lr=2.736e-07
[train] step=26886 loss=0.007938 lr=2.734e-07
[train] step=26887 loss=0.010901 lr=2.732e-07
[train] step=26888 loss=0.003671 lr=2.731e-07
[train] step=26889 loss=0.014380 lr=2.729e-07
[train] step=26890 loss=0.003218 lr=2.727e-07
[train] step=26891 loss=0.017994 lr=2.726e-07
[train] step=26892 loss=0.007745 lr=2.724e-07
[train] step=26893 loss=0.011587 lr=2.722e-07
[train] step=26894 loss=0.005523 lr=2.721e-07
[train] step=26895 loss=0.005191 lr=2.719e-07
[train] step=26896 loss=0.001548 lr=2.717e-07
[train] step=26897 loss=0.013127 lr=2.716e-07
[train] step=26898 loss=0.009634 lr=2.714e-07
[train] step=26899 loss=0.007139 lr=2.712e-07
[train] step=26900 loss=0.003447 lr=2.711e-07
[train] step=26901 loss=0.004858 lr=2.709e-07
[train] step=26902 loss=0.006684 lr=2.707e-07
[train] step=26903 loss=0.004063 lr=2.706e-07
[train] step=26904 loss=0.008619 lr=2.704e-07
[train] step=26905 loss=0.003200 lr=2.702e-07
[train] step=26906 loss=0.012278 lr=2.701e-07
[train] step=26907 loss=0.005052 lr=2.699e-07
[train] step=26908 loss=0.002501 lr=2.697e-07
[train] step=26909 loss=0.009046 lr=2.696e-07
[train] step=26910 loss=0.004689 lr=2.694e-07
[train] step=26911 loss=0.004265 lr=2.692e-07
[train] step=26912 loss=0.011351 lr=2.691e-07
[train] step=26913 loss=0.006214 lr=2.689e-07
[train] step=26914 loss=0.007485 lr=2.687e-07
[train] step=26915 loss=0.005965 lr=2.686e-07
[train] step=26916 loss=0.006139 lr=2.684e-07
[train] step=26917 loss=0.004283 lr=2.682e-07
[train] step=26918 loss=0.018359 lr=2.681e-07
[train] step=26919 loss=0.003876 lr=2.679e-07
[train] step=26920 loss=0.004085 lr=2.677e-07
[train] step=26921 loss=0.003793 lr=2.676e-07
[train] step=26922 loss=0.006727 lr=2.674e-07
[train] step=26923 loss=0.016370 lr=2.672e-07
[train] step=26924 loss=0.007707 lr=2.671e-07
[train] step=26925 loss=0.004734 lr=2.669e-07
[train] step=26926 loss=0.003297 lr=2.667e-07
[train] step=26927 loss=0.002899 lr=2.666e-07
[train] step=26928 loss=0.005708 lr=2.664e-07
[train] step=26929 loss=0.003076 lr=2.662e-07
[train] step=26930 loss=0.006354 lr=2.661e-07
[train] step=26931 loss=0.003863 lr=2.659e-07
[train] step=26932 loss=0.002843 lr=2.657e-07
[train] step=26933 loss=0.008895 lr=2.656e-07
[train] step=26934 loss=0.005283 lr=2.654e-07
[train] step=26935 loss=0.003406 lr=2.653e-07
[train] step=26936 loss=0.002981 lr=2.651e-07
[train] step=26937 loss=0.004495 lr=2.649e-07
[train] step=26938 loss=0.005444 lr=2.648e-07
[train] step=26939 loss=0.003417 lr=2.646e-07
[train] step=26940 loss=0.006391 lr=2.644e-07
[train] step=26941 loss=0.004941 lr=2.643e-07
[train] step=26942 loss=0.004738 lr=2.641e-07
[train] step=26943 loss=0.004505 lr=2.639e-07
[train] step=26944 loss=0.003650 lr=2.638e-07
[train] step=26945 loss=0.009186 lr=2.636e-07
[train] step=26946 loss=0.004195 lr=2.634e-07
[train] step=26947 loss=0.016816 lr=2.633e-07
[train] step=26948 loss=0.002044 lr=2.631e-07
[train] step=26949 loss=0.007174 lr=2.629e-07
[train] step=26950 loss=0.002953 lr=2.628e-07
[train] step=26951 loss=0.002667 lr=2.626e-07
[train] step=26952 loss=0.003556 lr=2.625e-07
[train] step=26953 loss=0.005054 lr=2.623e-07
[train] step=26954 loss=0.005883 lr=2.621e-07
[train] step=26955 loss=0.004768 lr=2.620e-07
[train] step=26956 loss=0.005111 lr=2.618e-07
[train] step=26957 loss=0.006862 lr=2.616e-07
[train] step=26958 loss=0.006516 lr=2.615e-07
[train] step=26959 loss=0.003736 lr=2.613e-07
[train] step=26960 loss=0.009998 lr=2.611e-07
[train] step=26961 loss=0.006919 lr=2.610e-07
[train] step=26962 loss=0.001967 lr=2.608e-07
[train] step=26963 loss=0.006830 lr=2.607e-07
[train] step=26964 loss=0.007450 lr=2.605e-07
[train] step=26965 loss=0.004179 lr=2.603e-07
[train] step=26966 loss=0.004089 lr=2.602e-07
[train] step=26967 loss=0.009241 lr=2.600e-07
[train] step=26968 loss=0.005199 lr=2.598e-07
[train] step=26969 loss=0.003669 lr=2.597e-07
[train] step=26970 loss=0.005243 lr=2.595e-07
[train] step=26971 loss=0.005393 lr=2.593e-07
[train] step=26972 loss=0.003577 lr=2.592e-07
[train] step=26973 loss=0.009863 lr=2.590e-07
[train] step=26974 loss=0.011397 lr=2.589e-07
[train] step=26975 loss=0.026609 lr=2.587e-07
[train] step=26976 loss=0.006283 lr=2.585e-07
[train] step=26977 loss=0.002692 lr=2.584e-07
[train] step=26978 loss=0.006103 lr=2.582e-07
[train] step=26979 loss=0.002717 lr=2.580e-07
[train] step=26980 loss=0.004119 lr=2.579e-07
[train] step=26981 loss=0.004993 lr=2.577e-07
[train] step=26982 loss=0.014975 lr=2.576e-07
[train] step=26983 loss=0.007494 lr=2.574e-07
[train] step=26984 loss=0.003468 lr=2.572e-07
[train] step=26985 loss=0.014713 lr=2.571e-07
[train] step=26986 loss=0.005727 lr=2.569e-07
[train] step=26987 loss=0.004888 lr=2.567e-07
[train] step=26988 loss=0.005570 lr=2.566e-07
[train] step=26989 loss=0.004139 lr=2.564e-07
[train] step=26990 loss=0.003898 lr=2.563e-07
[train] step=26991 loss=0.004417 lr=2.561e-07
[train] step=26992 loss=0.003089 lr=2.559e-07
[train] step=26993 loss=0.007194 lr=2.558e-07
[train] step=26994 loss=0.016001 lr=2.556e-07
[train] step=26995 loss=0.007085 lr=2.554e-07
[train] step=26996 loss=0.003382 lr=2.553e-07
[train] step=26997 loss=0.006369 lr=2.551e-07
[train] step=26998 loss=0.003674 lr=2.550e-07
[train] step=26999 loss=0.004134 lr=2.548e-07
[train] step=27000 loss=0.011156 lr=2.546e-07
[val] step=27000 val_loss=0.014364
INFO     [rank 0] Model weights for step 27000 saved in      dit_trainer.py:1288
         checkpoints/model_weights_step_27000.safetensors                       
INFO     [rank 0] Scalar embedding weights for step 27000    dit_trainer.py:1297
         saved                                                                  
INFO     [rank 0] Training state saved:                      dit_trainer.py:1416
         checkpoints/model_weights_step_27000.state.pt                          
DEBUG    [rank 0] Removed old checkpoint:                    dit_trainer.py:1429
         /local/disk/hramachandran/work/wh_work/windinet/dit                    
         _outputs/lundquist/dit_sds_untrained_30k/checkpoint                    
         s/model_weights_step_26760.safetensors                                 
DEBUG    [rank 0] Removed old checkpoint:                    dit_trainer.py:1429
         /local/disk/hramachandran/work/wh_work/windinet/dit                    
         _outputs/lundquist/dit_sds_untrained_30k/checkpoint                    
         s/scalar_embedding_step_26760.safetensors                              
DEBUG    [rank 0] Removed optimizer state for older kept     dit_trainer.py:1444
         checkpoint:                                                            
         /local/disk/hramachandran/work/wh_work/windinet/dit                    
         _outputs/lundquist/dit_sds_untrained_30k/checkpoint                    
         s/model_weights_step_26880.state.pt                                    
[epoch 225] step=27000 train_loss=0.006457 val_loss=0.014364
[train] step=27001 loss=0.044734 lr=2.545e-07
[train] step=27002 loss=0.010402 lr=2.543e-07
[train] step=27003 loss=0.003897 lr=2.541e-07
[train] step=27004 loss=0.004112 lr=2.540e-07
[train] step=27005 loss=0.009131 lr=2.538e-07
[train] step=27006 loss=0.005013 lr=2.537e-07
[train] step=27007 loss=0.005514 lr=2.535e-07
[train] step=27008 loss=0.007052 lr=2.533e-07
[train] step=27009 loss=0.005212 lr=2.532e-07
[train] step=27010 loss=0.007438 lr=2.530e-07
[train] step=27011 loss=0.002775 lr=2.529e-07
[train] step=27012 loss=0.003571 lr=2.527e-07
[train] step=27013 loss=0.003497 lr=2.525e-07
[train] step=27014 loss=0.008424 lr=2.524e-07
[train] step=27015 loss=0.003332 lr=2.522e-07
[train] step=27016 loss=0.004721 lr=2.521e-07
[train] step=27017 loss=0.005866 lr=2.519e-07
[train] step=27018 loss=0.007684 lr=2.517e-07
[train] step=27019 loss=0.002575 lr=2.516e-07
[train] step=27020 loss=0.006216 lr=2.514e-07
[train] step=27021 loss=0.013565 lr=2.513e-07
[train] step=27022 loss=0.006513 lr=2.511e-07
[train] step=27023 loss=0.004869 lr=2.509e-07
[train] step=27024 loss=0.003525 lr=2.508e-07
[train] step=27025 loss=0.009441 lr=2.506e-07
[train] step=27026 loss=0.007511 lr=2.504e-07
[train] step=27027 loss=0.003148 lr=2.503e-07
[train] step=27028 loss=0.004933 lr=2.501e-07
[train] step=27029 loss=0.004002 lr=2.500e-07
[train] step=27030 loss=0.006286 lr=2.498e-07
[train] step=27031 loss=0.004402 lr=2.496e-07
[train] step=27032 loss=0.006402 lr=2.495e-07
[train] step=27033 loss=0.017023 lr=2.493e-07
[train] step=27034 loss=0.005524 lr=2.492e-07
[train] step=27035 loss=0.007581 lr=2.490e-07
[train] step=27036 loss=0.003112 lr=2.488e-07
[train] step=27037 loss=0.005348 lr=2.487e-07
[train] step=27038 loss=0.004590 lr=2.485e-07
[train] step=27039 loss=0.003922 lr=2.484e-07
[train] step=27040 loss=0.003801 lr=2.482e-07
[train] step=27041 loss=0.007606 lr=2.480e-07
[train] step=27042 loss=0.005122 lr=2.479e-07
[train] step=27043 loss=0.005015 lr=2.477e-07
[train] step=27044 loss=0.002968 lr=2.476e-07
[train] step=27045 loss=0.002965 lr=2.474e-07
[train] step=27046 loss=0.032457 lr=2.473e-07
[train] step=27047 loss=0.004791 lr=2.471e-07
[train] step=27048 loss=0.004996 lr=2.469e-07
[train] step=27049 loss=0.016441 lr=2.468e-07
[train] step=27050 loss=0.005403 lr=2.466e-07
[train] step=27051 loss=0.015300 lr=2.465e-07
[train] step=27052 loss=0.014458 lr=2.463e-07
[train] step=27053 loss=0.010138 lr=2.461e-07
[train] step=27054 loss=0.009788 lr=2.460e-07
[train] step=27055 loss=0.059478 lr=2.458e-07
[train] step=27056 loss=0.003782 lr=2.457e-07
[train] step=27057 loss=0.004294 lr=2.455e-07
[train] step=27058 loss=0.003920 lr=2.453e-07
[train] step=27059 loss=0.011819 lr=2.452e-07
[train] step=27060 loss=0.004834 lr=2.450e-07
[train] step=27061 loss=0.010071 lr=2.449e-07
[train] step=27062 loss=0.009177 lr=2.447e-07
[train] step=27063 loss=0.004070 lr=2.446e-07
[train] step=27064 loss=0.007280 lr=2.444e-07
[train] step=27065 loss=0.004047 lr=2.442e-07
[train] step=27066 loss=0.004917 lr=2.441e-07
[train] step=27067 loss=0.008723 lr=2.439e-07
[train] step=27068 loss=0.007416 lr=2.438e-07
[train] step=27069 loss=0.003804 lr=2.436e-07
[train] step=27070 loss=0.003450 lr=2.434e-07
[train] step=27071 loss=0.002600 lr=2.433e-07
[train] step=27072 loss=0.037352 lr=2.431e-07
[train] step=27073 loss=0.008959 lr=2.430e-07
[train] step=27074 loss=0.007248 lr=2.428e-07
[train] step=27075 loss=0.005957 lr=2.427e-07
[train] step=27076 loss=0.003297 lr=2.425e-07
[train] step=27077 loss=0.016887 lr=2.423e-07
[train] step=27078 loss=0.038915 lr=2.422e-07
[train] step=27079 loss=0.008871 lr=2.420e-07
[train] step=27080 loss=0.006840 lr=2.419e-07
[train] step=27081 loss=0.004059 lr=2.417e-07
[train] step=27082 loss=0.009157 lr=2.416e-07
[train] step=27083 loss=0.010565 lr=2.414e-07
[train] step=27084 loss=0.010394 lr=2.412e-07
[train] step=27085 loss=0.004018 lr=2.411e-07
[train] step=27086 loss=0.003960 lr=2.409e-07
[train] step=27087 loss=0.004014 lr=2.408e-07
[train] step=27088 loss=0.006255 lr=2.406e-07
[train] step=27089 loss=0.010086 lr=2.405e-07
[train] step=27090 loss=0.003097 lr=2.403e-07
[train] step=27091 loss=0.011933 lr=2.401e-07
[train] step=27092 loss=0.004918 lr=2.400e-07
[train] step=27093 loss=0.011530 lr=2.398e-07
[train] step=27094 loss=0.003537 lr=2.397e-07
[train] step=27095 loss=0.007892 lr=2.395e-07
[train] step=27096 loss=0.004850 lr=2.394e-07
[train] step=27097 loss=0.002118 lr=2.392e-07
[train] step=27098 loss=0.005669 lr=2.390e-07
[train] step=27099 loss=0.009158 lr=2.389e-07
[train] step=27100 loss=0.004742 lr=2.387e-07
[train] step=27101 loss=0.003722 lr=2.386e-07
[train] step=27102 loss=0.009347 lr=2.384e-07
[train] step=27103 loss=0.005249 lr=2.383e-07
[train] step=27104 loss=0.007579 lr=2.381e-07
[train] step=27105 loss=0.006307 lr=2.379e-07
[train] step=27106 loss=0.010020 lr=2.378e-07
[train] step=27107 loss=0.010167 lr=2.376e-07
[train] step=27108 loss=0.010522 lr=2.375e-07
[train] step=27109 loss=0.006598 lr=2.373e-07
[train] step=27110 loss=0.004565 lr=2.372e-07
[train] step=27111 loss=0.004685 lr=2.370e-07
[train] step=27112 loss=0.001954 lr=2.369e-07
[train] step=27113 loss=0.005056 lr=2.367e-07
[train] step=27114 loss=0.006260 lr=2.365e-07
[train] step=27115 loss=0.004183 lr=2.364e-07
[train] step=27116 loss=0.003793 lr=2.362e-07
[train] step=27117 loss=0.012925 lr=2.361e-07
[train] step=27118 loss=0.008954 lr=2.359e-07
[train] step=27119 loss=0.003546 lr=2.358e-07
[train] step=27120 loss=0.003875 lr=2.356e-07
INFO     [rank 0] Model weights for step 27120 saved in      dit_trainer.py:1288
         checkpoints/model_weights_step_27120.safetensors                       
INFO     [rank 0] Scalar embedding weights for step 27120    dit_trainer.py:1297
         saved                                                                  
INFO     [rank 0] Training state saved:                      dit_trainer.py:1416
         checkpoints/model_weights_step_27120.state.pt                          
DEBUG    [rank 0] Removed old checkpoint:                    dit_trainer.py:1429
         /local/disk/hramachandran/work/wh_work/windinet/dit                    
         _outputs/lundquist/dit_sds_untrained_30k/checkpoint                    
         s/model_weights_step_26880.safetensors                                 
DEBUG    [rank 0] Removed old checkpoint:                    dit_trainer.py:1429
         /local/disk/hramachandran/work/wh_work/windinet/dit                    
         _outputs/lundquist/dit_sds_untrained_30k/checkpoint                    
         s/scalar_embedding_step_26880.safetensors                              
DEBUG    [rank 0] Removed optimizer state for older kept     dit_trainer.py:1444
         checkpoint:                                                            
         /local/disk/hramachandran/work/wh_work/windinet/dit                    
         _outputs/lundquist/dit_sds_untrained_30k/checkpoint                    
         s/model_weights_step_27000.state.pt                                    
[epoch 226] step=27120 train_loss=0.008089
[train] step=27121 loss=0.003946 lr=2.355e-07
[train] step=27122 loss=0.005174 lr=2.353e-07
[train] step=27123 loss=0.008162 lr=2.351e-07
[train] step=27124 loss=0.004004 lr=2.350e-07
[train] step=27125 loss=0.002230 lr=2.348e-07
[train] step=27126 loss=0.012000 lr=2.347e-07
[train] step=27127 loss=0.006682 lr=2.345e-07
[train] step=27128 loss=0.005264 lr=2.344e-07
[train] step=27129 loss=0.007840 lr=2.342e-07
[train] step=27130 loss=0.006958 lr=2.341e-07
[train] step=27131 loss=0.003908 lr=2.339e-07
[train] step=27132 loss=0.004911 lr=2.337e-07
[train] step=27133 loss=0.003787 lr=2.336e-07
[train] step=27134 loss=0.003240 lr=2.334e-07
[train] step=27135 loss=0.006000 lr=2.333e-07
[train] step=27136 loss=0.002815 lr=2.331e-07
[train] step=27137 loss=0.004685 lr=2.330e-07
[train] step=27138 loss=0.008661 lr=2.328e-07
[train] step=27139 loss=0.005451 lr=2.327e-07
[train] step=27140 loss=0.005342 lr=2.325e-07
[train] step=27141 loss=0.003877 lr=2.324e-07
[train] step=27142 loss=0.009862 lr=2.322e-07
[train] step=27143 loss=0.005765 lr=2.320e-07
[train] step=27144 loss=0.005514 lr=2.319e-07
[train] step=27145 loss=0.005047 lr=2.317e-07
[train] step=27146 loss=0.005588 lr=2.316e-07
[train] step=27147 loss=0.005180 lr=2.314e-07
[train] step=27148 loss=0.003377 lr=2.313e-07
[train] step=27149 loss=0.002904 lr=2.311e-07
[train] step=27150 loss=0.005250 lr=2.310e-07
[train] step=27151 loss=0.004619 lr=2.308e-07
[train] step=27152 loss=0.003575 lr=2.307e-07
[train] step=27153 loss=0.002330 lr=2.305e-07
[train] step=27154 loss=0.009213 lr=2.304e-07
[train] step=27155 loss=0.005559 lr=2.302e-07
[train] step=27156 loss=0.006140 lr=2.300e-07
[train] step=27157 loss=0.012115 lr=2.299e-07
[train] step=27158 loss=0.006288 lr=2.297e-07
[train] step=27159 loss=0.004336 lr=2.296e-07
[train] step=27160 loss=0.002523 lr=2.294e-07
[train] step=27161 loss=0.012180 lr=2.293e-07
[train] step=27162 loss=0.005471 lr=2.291e-07
[train] step=27163 loss=0.007908 lr=2.290e-07
[train] step=27164 loss=0.005038 lr=2.288e-07
[train] step=27165 loss=0.004043 lr=2.287e-07
[train] step=27166 loss=0.002582 lr=2.285e-07
[train] step=27167 loss=0.007114 lr=2.284e-07
[train] step=27168 loss=0.005078 lr=2.282e-07
[train] step=27169 loss=0.006527 lr=2.281e-07
[train] step=27170 loss=0.006354 lr=2.279e-07
[train] step=27171 loss=0.002878 lr=2.277e-07
[train] step=27172 loss=0.002750 lr=2.276e-07
[train] step=27173 loss=0.006458 lr=2.274e-07
[train] step=27174 loss=0.005140 lr=2.273e-07
[train] step=27175 loss=0.007106 lr=2.271e-07
[train] step=27176 loss=0.010021 lr=2.270e-07
[train] step=27177 loss=0.004903 lr=2.268e-07
[train] step=27178 loss=0.005054 lr=2.267e-07
[train] step=27179 loss=0.022332 lr=2.265e-07
[train] step=27180 loss=0.003586 lr=2.264e-07
[train] step=27181 loss=0.013756 lr=2.262e-07
[train] step=27182 loss=0.005845 lr=2.261e-07
[train] step=27183 loss=0.014080 lr=2.259e-07
[train] step=27184 loss=0.002433 lr=2.258e-07
[train] step=27185 loss=0.005716 lr=2.256e-07
[train] step=27186 loss=0.004318 lr=2.255e-07
[train] step=27187 loss=0.008924 lr=2.253e-07
[train] step=27188 loss=0.006687 lr=2.252e-07
[train] step=27189 loss=0.005989 lr=2.250e-07
[train] step=27190 loss=0.005572 lr=2.249e-07
[train] step=27191 loss=0.003903 lr=2.247e-07
[train] step=27192 loss=0.004322 lr=2.246e-07
[train] step=27193 loss=0.003837 lr=2.244e-07
[train] step=27194 loss=0.005423 lr=2.242e-07
[train] step=27195 loss=0.002978 lr=2.241e-07
[train] step=27196 loss=0.019454 lr=2.239e-07
[train] step=27197 loss=0.009823 lr=2.238e-07
[train] step=27198 loss=0.002570 lr=2.236e-07
[train] step=27199 loss=0.006938 lr=2.235e-07
[train] step=27200 loss=0.008843 lr=2.233e-07
[train] step=27201 loss=0.002972 lr=2.232e-07
[train] step=27202 loss=0.011554 lr=2.230e-07
[train] step=27203 loss=0.003909 lr=2.229e-07
[train] step=27204 loss=0.028744 lr=2.227e-07
[train] step=27205 loss=0.006683 lr=2.226e-07
[train] step=27206 loss=0.011569 lr=2.224e-07
[train] step=27207 loss=0.003398 lr=2.223e-07
[train] step=27208 loss=0.007840 lr=2.221e-07
[train] step=27209 loss=0.006555 lr=2.220e-07
[train] step=27210 loss=0.006594 lr=2.218e-07
[train] step=27211 loss=0.012650 lr=2.217e-07
[train] step=27212 loss=0.005223 lr=2.215e-07
[train] step=27213 loss=0.003825 lr=2.214e-07
[train] step=27214 loss=0.003636 lr=2.212e-07
[train] step=27215 loss=0.005782 lr=2.211e-07
[train] step=27216 loss=0.004311 lr=2.209e-07
[train] step=27217 loss=0.005300 lr=2.208e-07
[train] step=27218 loss=0.006438 lr=2.206e-07
[train] step=27219 loss=0.006021 lr=2.205e-07
[train] step=27220 loss=0.026795 lr=2.203e-07
[train] step=27221 loss=0.003834 lr=2.202e-07
[train] step=27222 loss=0.023425 lr=2.200e-07
[train] step=27223 loss=0.003997 lr=2.199e-07
[train] step=27224 loss=0.003632 lr=2.197e-07
[train] step=27225 loss=0.005710 lr=2.196e-07
[train] step=27226 loss=0.004945 lr=2.194e-07
[train] step=27227 loss=0.003589 lr=2.193e-07
[train] step=27228 loss=0.007669 lr=2.191e-07
[train] step=27229 loss=0.003170 lr=2.190e-07
[train] step=27230 loss=0.004065 lr=2.188e-07
[train] step=27231 loss=0.006663 lr=2.187e-07
[train] step=27232 loss=0.006384 lr=2.185e-07
[train] step=27233 loss=0.006699 lr=2.184e-07
[train] step=27234 loss=0.009345 lr=2.182e-07
[train] step=27235 loss=0.005588 lr=2.181e-07
[train] step=27236 loss=0.009182 lr=2.179e-07
[train] step=27237 loss=0.005076 lr=2.178e-07
[train] step=27238 loss=0.005694 lr=2.176e-07
[train] step=27239 loss=0.003182 lr=2.175e-07
[train] step=27240 loss=0.005624 lr=2.173e-07
INFO     [rank 0] Model weights for step 27240 saved in      dit_trainer.py:1288
         checkpoints/model_weights_step_27240.safetensors                       
INFO     [rank 0] Scalar embedding weights for step 27240    dit_trainer.py:1297
         saved                                                                  
INFO     [rank 0] Training state saved:                      dit_trainer.py:1416
         checkpoints/model_weights_step_27240.state.pt                          
DEBUG    [rank 0] Removed old checkpoint:                    dit_trainer.py:1429
         /local/disk/hramachandran/work/wh_work/windinet/dit                    
         _outputs/lundquist/dit_sds_untrained_30k/checkpoint                    
         s/model_weights_step_27000.safetensors                                 
DEBUG    [rank 0] Removed old checkpoint:                    dit_trainer.py:1429
         /local/disk/hramachandran/work/wh_work/windinet/dit                    
         _outputs/lundquist/dit_sds_untrained_30k/checkpoint                    
         s/scalar_embedding_step_27000.safetensors                              
DEBUG    [rank 0] Removed optimizer state for older kept     dit_trainer.py:1444
         checkpoint:                                                            
         /local/disk/hramachandran/work/wh_work/windinet/dit                    
         _outputs/lundquist/dit_sds_untrained_30k/checkpoint                    
         s/model_weights_step_27120.state.pt                                    
[epoch 227] step=27240 train_loss=0.006580
[train] step=27241 loss=0.005750 lr=2.172e-07
[train] step=27242 loss=0.004628 lr=2.170e-07
[train] step=27243 loss=0.005349 lr=2.169e-07
[train] step=27244 loss=0.005492 lr=2.167e-07
[train] step=27245 loss=0.003628 lr=2.166e-07
[train] step=27246 loss=0.004138 lr=2.164e-07
[train] step=27247 loss=0.027894 lr=2.163e-07
[train] step=27248 loss=0.006463 lr=2.161e-07
[train] step=27249 loss=0.006407 lr=2.160e-07
[train] step=27250 loss=0.003603 lr=2.158e-07
[train] step=27251 loss=0.004200 lr=2.157e-07
[train] step=27252 loss=0.004240 lr=2.155e-07
[train] step=27253 loss=0.004143 lr=2.154e-07
[train] step=27254 loss=0.003240 lr=2.152e-07
[train] step=27255 loss=0.010012 lr=2.151e-07
[train] step=27256 loss=0.003247 lr=2.150e-07
[train] step=27257 loss=0.004974 lr=2.148e-07
[train] step=27258 loss=0.002597 lr=2.147e-07
[train] step=27259 loss=0.007881 lr=2.145e-07
[train] step=27260 loss=0.003114 lr=2.144e-07
[train] step=27261 loss=0.005215 lr=2.142e-07
[train] step=27262 loss=0.025837 lr=2.141e-07
[train] step=27263 loss=0.003965 lr=2.139e-07
[train] step=27264 loss=0.008475 lr=2.138e-07
[train] step=27265 loss=0.006246 lr=2.136e-07
[train] step=27266 loss=0.004200 lr=2.135e-07
[train] step=27267 loss=0.002644 lr=2.133e-07
[train] step=27268 loss=0.004311 lr=2.132e-07
[train] step=27269 loss=0.006646 lr=2.130e-07
[train] step=27270 loss=0.012702 lr=2.129e-07
[train] step=27271 loss=0.005373 lr=2.127e-07
[train] step=27272 loss=0.004564 lr=2.126e-07
[train] step=27273 loss=0.010137 lr=2.124e-07
[train] step=27274 loss=0.008474 lr=2.123e-07
[train] step=27275 loss=0.002848 lr=2.121e-07
[train] step=27276 loss=0.006086 lr=2.120e-07
[train] step=27277 loss=0.004302 lr=2.119e-07
[train] step=27278 loss=0.004636 lr=2.117e-07
[train] step=27279 loss=0.006226 lr=2.116e-07
[train] step=27280 loss=0.004882 lr=2.114e-07
[train] step=27281 loss=0.002939 lr=2.113e-07
[train] step=27282 loss=0.006344 lr=2.111e-07
[train] step=27283 loss=0.015090 lr=2.110e-07
[train] step=27284 loss=0.005227 lr=2.108e-07
[train] step=27285 loss=0.004413 lr=2.107e-07
[train] step=27286 loss=0.002453 lr=2.105e-07
[train] step=27287 loss=0.007144 lr=2.104e-07
[train] step=27288 loss=0.005868 lr=2.102e-07
[train] step=27289 loss=0.006890 lr=2.101e-07
[train] step=27290 loss=0.003335 lr=2.099e-07
[train] step=27291 loss=0.004489 lr=2.098e-07
[train] step=27292 loss=0.010773 lr=2.096e-07
[train] step=27293 loss=0.006407 lr=2.095e-07
[train] step=27294 loss=0.005288 lr=2.094e-07
[train] step=27295 loss=0.005752 lr=2.092e-07
[train] step=27296 loss=0.008120 lr=2.091e-07
[train] step=27297 loss=0.006708 lr=2.089e-07
[train] step=27298 loss=0.008380 lr=2.088e-07
[train] step=27299 loss=0.004100 lr=2.086e-07
[train] step=27300 loss=0.004694 lr=2.085e-07
[train] step=27301 loss=0.004279 lr=2.083e-07
[train] step=27302 loss=0.005989 lr=2.082e-07
[train] step=27303 loss=0.006199 lr=2.080e-07
[train] step=27304 loss=0.049055 lr=2.079e-07
[train] step=27305 loss=0.006013 lr=2.077e-07
[train] step=27306 loss=0.003678 lr=2.076e-07
[train] step=27307 loss=0.003280 lr=2.075e-07
[train] step=27308 loss=0.004627 lr=2.073e-07
[train] step=27309 loss=0.004004 lr=2.072e-07
[train] step=27310 loss=0.002329 lr=2.070e-07
[train] step=27311 loss=0.004338 lr=2.069e-07
[train] step=27312 loss=0.005212 lr=2.067e-07
[train] step=27313 loss=0.006530 lr=2.066e-07
[train] step=27314 loss=0.004551 lr=2.064e-07
[train] step=27315 loss=0.005116 lr=2.063e-07
[train] step=27316 loss=0.003084 lr=2.061e-07
[train] step=27317 loss=0.002112 lr=2.060e-07
[train] step=27318 loss=0.011192 lr=2.059e-07
[train] step=27319 loss=0.006092 lr=2.057e-07
[train] step=27320 loss=0.003883 lr=2.056e-07
[train] step=27321 loss=0.003807 lr=2.054e-07
[train] step=27322 loss=0.002606 lr=2.053e-07
[train] step=27323 loss=0.004211 lr=2.051e-07
[train] step=27324 loss=0.011043 lr=2.050e-07
[train] step=27325 loss=0.003540 lr=2.048e-07
[train] step=27326 loss=0.006749 lr=2.047e-07
[train] step=27327 loss=0.006692 lr=2.046e-07
[train] step=27328 loss=0.005086 lr=2.044e-07
[train] step=27329 loss=0.004144 lr=2.043e-07
[train] step=27330 loss=0.005814 lr=2.041e-07
[train] step=27331 loss=0.003742 lr=2.040e-07
[train] step=27332 loss=0.006623 lr=2.038e-07
[train] step=27333 loss=0.004120 lr=2.037e-07
[train] step=27334 loss=0.012984 lr=2.035e-07
[train] step=27335 loss=0.003702 lr=2.034e-07
[train] step=27336 loss=0.002917 lr=2.033e-07
[train] step=27337 loss=0.005173 lr=2.031e-07
[train] step=27338 loss=0.004420 lr=2.030e-07
[train] step=27339 loss=0.003750 lr=2.028e-07
[train] step=27340 loss=0.004335 lr=2.027e-07
[train] step=27341 loss=0.005458 lr=2.025e-07
[train] step=27342 loss=0.005449 lr=2.024e-07
[train] step=27343 loss=0.008780 lr=2.023e-07
[train] step=27344 loss=0.005824 lr=2.021e-07
[train] step=27345 loss=0.005605 lr=2.020e-07
[train] step=27346 loss=0.009295 lr=2.018e-07
[train] step=27347 loss=0.005301 lr=2.017e-07
[train] step=27348 loss=0.003710 lr=2.015e-07
[train] step=27349 loss=0.006914 lr=2.014e-07
[train] step=27350 loss=0.013724 lr=2.012e-07
[train] step=27351 loss=0.005091 lr=2.011e-07
[train] step=27352 loss=0.003806 lr=2.010e-07
[train] step=27353 loss=0.004076 lr=2.008e-07
[train] step=27354 loss=0.003839 lr=2.007e-07
[train] step=27355 loss=0.004384 lr=2.005e-07
[train] step=27356 loss=0.005877 lr=2.004e-07
[train] step=27357 loss=0.011912 lr=2.002e-07
[train] step=27358 loss=0.004649 lr=2.001e-07
[train] step=27359 loss=0.008169 lr=2.000e-07
[train] step=27360 loss=0.012244 lr=1.998e-07
INFO     [rank 0] Model weights for step 27360 saved in      dit_trainer.py:1288
         checkpoints/model_weights_step_27360.safetensors                       
INFO     [rank 0] Scalar embedding weights for step 27360    dit_trainer.py:1297
         saved                                                                  
INFO     [rank 0] Training state saved:                      dit_trainer.py:1416
         checkpoints/model_weights_step_27360.state.pt                          
DEBUG    [rank 0] Removed old checkpoint:                    dit_trainer.py:1429
         /local/disk/hramachandran/work/wh_work/windinet/dit                    
         _outputs/lundquist/dit_sds_untrained_30k/checkpoint                    
         s/model_weights_step_27120.safetensors                                 
DEBUG    [rank 0] Removed old checkpoint:                    dit_trainer.py:1429
         /local/disk/hramachandran/work/wh_work/windinet/dit                    
         _outputs/lundquist/dit_sds_untrained_30k/checkpoint                    
         s/scalar_embedding_step_27120.safetensors                              
DEBUG    [rank 0] Removed optimizer state for older kept     dit_trainer.py:1444
         checkpoint:                                                            
         /local/disk/hramachandran/work/wh_work/windinet/dit                    
         _outputs/lundquist/dit_sds_untrained_30k/checkpoint                    
         s/model_weights_step_27240.state.pt                                    
[epoch 228] step=27360 train_loss=0.006314
[train] step=27361 loss=0.005144 lr=1.997e-07
[train] step=27362 loss=0.005156 lr=1.995e-07
[train] step=27363 loss=0.012271 lr=1.994e-07
[train] step=27364 loss=0.045698 lr=1.992e-07
[train] step=27365 loss=0.005506 lr=1.991e-07
[train] step=27366 loss=0.004501 lr=1.990e-07
[train] step=27367 loss=0.022264 lr=1.988e-07
[train] step=27368 loss=0.004675 lr=1.987e-07
[train] step=27369 loss=0.005762 lr=1.985e-07
[train] step=27370 loss=0.004072 lr=1.984e-07
[train] step=27371 loss=0.004744 lr=1.982e-07
[train] step=27372 loss=0.004210 lr=1.981e-07
[train] step=27373 loss=0.002628 lr=1.980e-07
[train] step=27374 loss=0.008285 lr=1.978e-07
[train] step=27375 loss=0.003795 lr=1.977e-07
[train] step=27376 loss=0.003948 lr=1.975e-07
[train] step=27377 loss=0.004350 lr=1.974e-07
[train] step=27378 loss=0.010682 lr=1.973e-07
[train] step=27379 loss=0.005170 lr=1.971e-07
[train] step=27380 loss=0.003706 lr=1.970e-07
[train] step=27381 loss=0.004404 lr=1.968e-07
[train] step=27382 loss=0.006438 lr=1.967e-07
[train] step=27383 loss=0.006802 lr=1.965e-07
[train] step=27384 loss=0.003240 lr=1.964e-07
[train] step=27385 loss=0.004723 lr=1.963e-07
[train] step=27386 loss=0.027144 lr=1.961e-07
[train] step=27387 loss=0.003300 lr=1.960e-07
[train] step=27388 loss=0.005642 lr=1.958e-07
[train] step=27389 loss=0.006896 lr=1.957e-07
[train] step=27390 loss=0.006595 lr=1.956e-07
[train] step=27391 loss=0.002647 lr=1.954e-07
[train] step=27392 loss=0.005618 lr=1.953e-07
[train] step=27393 loss=0.004796 lr=1.951e-07
[train] step=27394 loss=0.004932 lr=1.950e-07
[train] step=27395 loss=0.002977 lr=1.948e-07
[train] step=27396 loss=0.004308 lr=1.947e-07
[train] step=27397 loss=0.006843 lr=1.946e-07
[train] step=27398 loss=0.003811 lr=1.944e-07
[train] step=27399 loss=0.012125 lr=1.943e-07
[train] step=27400 loss=0.004499 lr=1.941e-07
[train] step=27401 loss=0.005653 lr=1.940e-07
[train] step=27402 loss=0.015257 lr=1.939e-07
[train] step=27403 loss=0.010041 lr=1.937e-07
[train] step=27404 loss=0.003383 lr=1.936e-07
[train] step=27405 loss=0.002444 lr=1.934e-07
[train] step=27406 loss=0.006526 lr=1.933e-07
[train] step=27407 loss=0.005788 lr=1.932e-07
[train] step=27408 loss=0.003455 lr=1.930e-07
[train] step=27409 loss=0.003824 lr=1.929e-07
[train] step=27410 loss=0.003331 lr=1.927e-07
[train] step=27411 loss=0.004406 lr=1.926e-07
[train] step=27412 loss=0.006924 lr=1.925e-07
[train] step=27413 loss=0.003641 lr=1.923e-07
[train] step=27414 loss=0.004155 lr=1.922e-07
[train] step=27415 loss=0.002631 lr=1.920e-07
[train] step=27416 loss=0.008340 lr=1.919e-07
[train] step=27417 loss=0.004484 lr=1.918e-07
[train] step=27418 loss=0.007190 lr=1.916e-07
[train] step=27419 loss=0.006475 lr=1.915e-07
[train] step=27420 loss=0.003080 lr=1.913e-07
[train] step=27421 loss=0.002090 lr=1.912e-07
[train] step=27422 loss=0.004675 lr=1.911e-07
[train] step=27423 loss=0.003775 lr=1.909e-07
[train] step=27424 loss=0.008987 lr=1.908e-07
[train] step=27425 loss=0.004365 lr=1.906e-07
[train] step=27426 loss=0.008208 lr=1.905e-07
[train] step=27427 loss=0.006118 lr=1.904e-07
[train] step=27428 loss=0.003965 lr=1.902e-07
[train] step=27429 loss=0.004707 lr=1.901e-07
[train] step=27430 loss=0.005111 lr=1.899e-07
[train] step=27431 loss=0.006391 lr=1.898e-07
[train] step=27432 loss=0.006638 lr=1.897e-07
[train] step=27433 loss=0.005188 lr=1.895e-07
[train] step=27434 loss=0.006573 lr=1.894e-07
[train] step=27435 loss=0.003615 lr=1.893e-07
[train] step=27436 loss=0.008891 lr=1.891e-07
[train] step=27437 loss=0.003552 lr=1.890e-07
[train] step=27438 loss=0.002843 lr=1.888e-07
[train] step=27439 loss=0.002388 lr=1.887e-07
[train] step=27440 loss=0.003924 lr=1.886e-07
[train] step=27441 loss=0.003032 lr=1.884e-07
[train] step=27442 loss=0.013002 lr=1.883e-07
[train] step=27443 loss=0.007244 lr=1.881e-07
[train] step=27444 loss=0.003813 lr=1.880e-07
[train] step=27445 loss=0.005093 lr=1.879e-07
[train] step=27446 loss=0.004523 lr=1.877e-07
[train] step=27447 loss=0.004437 lr=1.876e-07
[train] step=27448 loss=0.003379 lr=1.875e-07
[train] step=27449 loss=0.035431 lr=1.873e-07
[train] step=27450 loss=0.004949 lr=1.872e-07
[train] step=27451 loss=0.006402 lr=1.870e-07
[train] step=27452 loss=0.003698 lr=1.869e-07
[train] step=27453 loss=0.001899 lr=1.868e-07
[train] step=27454 loss=0.003766 lr=1.866e-07
[train] step=27455 loss=0.002879 lr=1.865e-07
[train] step=27456 loss=0.004503 lr=1.863e-07
[train] step=27457 loss=0.003510 lr=1.862e-07
[train] step=27458 loss=0.004694 lr=1.861e-07
[train] step=27459 loss=0.004267 lr=1.859e-07
[train] step=27460 loss=0.011525 lr=1.858e-07
[train] step=27461 loss=0.003436 lr=1.857e-07
[train] step=27462 loss=0.012229 lr=1.855e-07
[train] step=27463 loss=0.022278 lr=1.854e-07
[train] step=27464 loss=0.004586 lr=1.852e-07
[train] step=27465 loss=0.021693 lr=1.851e-07
[train] step=27466 loss=0.007857 lr=1.850e-07
[train] step=27467 loss=0.010172 lr=1.848e-07
[train] step=27468 loss=0.006590 lr=1.847e-07
[train] step=27469 loss=0.018553 lr=1.846e-07
[train] step=27470 loss=0.007381 lr=1.844e-07
[train] step=27471 loss=0.004659 lr=1.843e-07
[train] step=27472 loss=0.018312 lr=1.841e-07
[train] step=27473 loss=0.022455 lr=1.840e-07
[train] step=27474 loss=0.005090 lr=1.839e-07
[train] step=27475 loss=0.001526 lr=1.837e-07
[train] step=27476 loss=0.004479 lr=1.836e-07
[train] step=27477 loss=0.014368 lr=1.835e-07
[train] step=27478 loss=0.004348 lr=1.833e-07
[train] step=27479 loss=0.008311 lr=1.832e-07
[train] step=27480 loss=0.006303 lr=1.831e-07
INFO     [rank 0] Model weights for step 27480 saved in      dit_trainer.py:1288
         checkpoints/model_weights_step_27480.safetensors                       
INFO     [rank 0] Scalar embedding weights for step 27480    dit_trainer.py:1297
         saved                                                                  
INFO     [rank 0] Training state saved:                      dit_trainer.py:1416
         checkpoints/model_weights_step_27480.state.pt                          
DEBUG    [rank 0] Removed old checkpoint:                    dit_trainer.py:1429
         /local/disk/hramachandran/work/wh_work/windinet/dit                    
         _outputs/lundquist/dit_sds_untrained_30k/checkpoint                    
         s/model_weights_step_27240.safetensors                                 
DEBUG    [rank 0] Removed old checkpoint:                    dit_trainer.py:1429
         /local/disk/hramachandran/work/wh_work/windinet/dit                    
         _outputs/lundquist/dit_sds_untrained_30k/checkpoint                    
         s/scalar_embedding_step_27240.safetensors                              
DEBUG    [rank 0] Removed optimizer state for older kept     dit_trainer.py:1444
         checkpoint:                                                            
         /local/disk/hramachandran/work/wh_work/windinet/dit                    
         _outputs/lundquist/dit_sds_untrained_30k/checkpoint                    
         s/model_weights_step_27360.state.pt                                    
[epoch 229] step=27480 train_loss=0.007083
[train] step=27481 loss=0.012605 lr=1.829e-07
[train] step=27482 loss=0.007871 lr=1.828e-07
[train] step=27483 loss=0.004305 lr=1.826e-07
[train] step=27484 loss=0.004428 lr=1.825e-07
[train] step=27485 loss=0.014464 lr=1.824e-07
[train] step=27486 loss=0.007546 lr=1.822e-07
[train] step=27487 loss=0.006067 lr=1.821e-07
[train] step=27488 loss=0.008849 lr=1.820e-07
[train] step=27489 loss=0.004194 lr=1.818e-07
[train] step=27490 loss=0.003930 lr=1.817e-07
[train] step=27491 loss=0.003417 lr=1.816e-07
[train] step=27492 loss=0.005206 lr=1.814e-07
[train] step=27493 loss=0.006579 lr=1.813e-07
[train] step=27494 loss=0.005435 lr=1.811e-07
[train] step=27495 loss=0.005693 lr=1.810e-07
[train] step=27496 loss=0.004617 lr=1.809e-07
[train] step=27497 loss=0.009667 lr=1.807e-07
[train] step=27498 loss=0.018921 lr=1.806e-07
[train] step=27499 loss=0.003035 lr=1.805e-07
[train] step=27500 loss=0.006278 lr=1.803e-07
[train] step=27501 loss=0.006791 lr=1.802e-07
[train] step=27502 loss=0.005578 lr=1.801e-07
[train] step=27503 loss=0.008313 lr=1.799e-07
[train] step=27504 loss=0.003579 lr=1.798e-07
[train] step=27505 loss=0.015803 lr=1.797e-07
[train] step=27506 loss=0.017271 lr=1.795e-07
[train] step=27507 loss=0.004259 lr=1.794e-07
[train] step=27508 loss=0.007073 lr=1.793e-07
[train] step=27509 loss=0.005664 lr=1.791e-07
[train] step=27510 loss=0.004761 lr=1.790e-07
[train] step=27511 loss=0.008912 lr=1.788e-07
[train] step=27512 loss=0.003233 lr=1.787e-07
[train] step=27513 loss=0.004683 lr=1.786e-07
[train] step=27514 loss=0.013230 lr=1.784e-07
[train] step=27515 loss=0.018433 lr=1.783e-07
[train] step=27516 loss=0.017898 lr=1.782e-07
[train] step=27517 loss=0.004041 lr=1.780e-07
[train] step=27518 loss=0.004184 lr=1.779e-07
[train] step=27519 loss=0.006932 lr=1.778e-07
[train] step=27520 loss=0.006155 lr=1.776e-07
[train] step=27521 loss=0.011924 lr=1.775e-07
[train] step=27522 loss=0.004402 lr=1.774e-07
[train] step=27523 loss=0.005248 lr=1.772e-07
[train] step=27524 loss=0.005011 lr=1.771e-07
[train] step=27525 loss=0.004753 lr=1.770e-07
[train] step=27526 loss=0.003233 lr=1.768e-07
[train] step=27527 loss=0.003618 lr=1.767e-07
[train] step=27528 loss=0.006258 lr=1.766e-07
[train] step=27529 loss=0.007047 lr=1.764e-07
[train] step=27530 loss=0.003212 lr=1.763e-07
[train] step=27531 loss=0.010286 lr=1.762e-07
[train] step=27532 loss=0.009253 lr=1.760e-07
[train] step=27533 loss=0.003752 lr=1.759e-07
[train] step=27534 loss=0.004750 lr=1.758e-07
[train] step=27535 loss=0.010989 lr=1.756e-07
[train] step=27536 loss=0.003748 lr=1.755e-07
[train] step=27537 loss=0.007240 lr=1.754e-07
[train] step=27538 loss=0.004462 lr=1.752e-07
[train] step=27539 loss=0.008043 lr=1.751e-07
[train] step=27540 loss=0.010219 lr=1.750e-07
[train] step=27541 loss=0.007689 lr=1.748e-07
[train] step=27542 loss=0.009839 lr=1.747e-07
[train] step=27543 loss=0.006502 lr=1.746e-07
[train] step=27544 loss=0.003691 lr=1.744e-07
[train] step=27545 loss=0.003361 lr=1.743e-07
[train] step=27546 loss=0.004660 lr=1.742e-07
[train] step=27547 loss=0.003087 lr=1.740e-07
[train] step=27548 loss=0.003972 lr=1.739e-07
[train] step=27549 loss=0.006094 lr=1.738e-07
[train] step=27550 loss=0.010075 lr=1.736e-07
[train] step=27551 loss=0.002715 lr=1.735e-07
[train] step=27552 loss=0.004757 lr=1.734e-07
[train] step=27553 loss=0.006755 lr=1.732e-07
[train] step=27554 loss=0.004615 lr=1.731e-07
[train] step=27555 loss=0.005800 lr=1.730e-07
[train] step=27556 loss=0.006364 lr=1.728e-07
[train] step=27557 loss=0.005054 lr=1.727e-07
[train] step=27558 loss=0.007481 lr=1.726e-07
[train] step=27559 loss=0.008123 lr=1.724e-07
[train] step=27560 loss=0.005350 lr=1.723e-07
[train] step=27561 loss=0.006872 lr=1.722e-07
[train] step=27562 loss=0.004290 lr=1.720e-07
[train] step=27563 loss=0.004064 lr=1.719e-07
[train] step=27564 loss=0.002834 lr=1.718e-07
[train] step=27565 loss=0.007395 lr=1.716e-07
[train] step=27566 loss=0.004345 lr=1.715e-07
[train] step=27567 loss=0.003523 lr=1.714e-07
[train] step=27568 loss=0.004302 lr=1.712e-07
[train] step=27569 loss=0.004195 lr=1.711e-07
[train] step=27570 loss=0.004621 lr=1.710e-07
[train] step=27571 loss=0.009650 lr=1.709e-07
[train] step=27572 loss=0.003505 lr=1.707e-07
[train] step=27573 loss=0.003998 lr=1.706e-07
[train] step=27574 loss=0.004076 lr=1.705e-07
[train] step=27575 loss=0.005747 lr=1.703e-07
[train] step=27576 loss=0.003855 lr=1.702e-07
[train] step=27577 loss=0.006401 lr=1.701e-07
[train] step=27578 loss=0.005098 lr=1.699e-07
[train] step=27579 loss=0.004562 lr=1.698e-07
[train] step=27580 loss=0.004061 lr=1.697e-07
[train] step=27581 loss=0.004985 lr=1.695e-07
[train] step=27582 loss=0.002260 lr=1.694e-07
[train] step=27583 loss=0.005165 lr=1.693e-07
[train] step=27584 loss=0.005533 lr=1.691e-07
[train] step=27585 loss=0.006336 lr=1.690e-07
[train] step=27586 loss=0.006589 lr=1.689e-07
[train] step=27587 loss=0.006426 lr=1.688e-07
[train] step=27588 loss=0.005208 lr=1.686e-07
[train] step=27589 loss=0.003743 lr=1.685e-07
[train] step=27590 loss=0.010925 lr=1.684e-07
[train] step=27591 loss=0.006866 lr=1.682e-07
[train] step=27592 loss=0.005923 lr=1.681e-07
[train] step=27593 loss=0.009043 lr=1.680e-07
[train] step=27594 loss=0.002797 lr=1.678e-07
[train] step=27595 loss=0.013726 lr=1.677e-07
[train] step=27596 loss=0.002792 lr=1.676e-07
[train] step=27597 loss=0.004670 lr=1.674e-07
[train] step=27598 loss=0.004346 lr=1.673e-07
[train] step=27599 loss=0.004185 lr=1.672e-07
[train] step=27600 loss=0.003455 lr=1.671e-07
[val] step=27600 val_loss=0.014396
INFO     [rank 0] Model weights for step 27600 saved in      dit_trainer.py:1288
         checkpoints/model_weights_step_27600.safetensors                       
INFO     [rank 0] Scalar embedding weights for step 27600    dit_trainer.py:1297
         saved                                                                  
INFO     [rank 0] Training state saved:                      dit_trainer.py:1416
         checkpoints/model_weights_step_27600.state.pt                          
DEBUG    [rank 0] Removed old checkpoint:                    dit_trainer.py:1429
         /local/disk/hramachandran/work/wh_work/windinet/dit                    
         _outputs/lundquist/dit_sds_untrained_30k/checkpoint                    
         s/model_weights_step_27360.safetensors                                 
DEBUG    [rank 0] Removed old checkpoint:                    dit_trainer.py:1429
         /local/disk/hramachandran/work/wh_work/windinet/dit                    
         _outputs/lundquist/dit_sds_untrained_30k/checkpoint                    
         s/scalar_embedding_step_27360.safetensors                              
DEBUG    [rank 0] Removed optimizer state for older kept     dit_trainer.py:1444
         checkpoint:                                                            
         /local/disk/hramachandran/work/wh_work/windinet/dit                    
         _outputs/lundquist/dit_sds_untrained_30k/checkpoint                    
         s/model_weights_step_27480.state.pt                                    
[epoch 230] step=27600 train_loss=0.006405 val_loss=0.014396
[train] step=27601 loss=0.010617 lr=1.669e-07
[train] step=27602 loss=0.004095 lr=1.668e-07
[train] step=27603 loss=0.006618 lr=1.667e-07
[train] step=27604 loss=0.004633 lr=1.665e-07
[train] step=27605 loss=0.067822 lr=1.664e-07
[train] step=27606 loss=0.009592 lr=1.663e-07
[train] step=27607 loss=0.009850 lr=1.661e-07
[train] step=27608 loss=0.002635 lr=1.660e-07
[train] step=27609 loss=0.004644 lr=1.659e-07
[train] step=27610 loss=0.016447 lr=1.658e-07
[train] step=27611 loss=0.008898 lr=1.656e-07
[train] step=27612 loss=0.003498 lr=1.655e-07
[train] step=27613 loss=0.010301 lr=1.654e-07
[train] step=27614 loss=0.005930 lr=1.652e-07
[train] step=27615 loss=0.019897 lr=1.651e-07
[train] step=27616 loss=0.005915 lr=1.650e-07
[train] step=27617 loss=0.003060 lr=1.649e-07
[train] step=27618 loss=0.006063 lr=1.647e-07
[train] step=27619 loss=0.017680 lr=1.646e-07
[train] step=27620 loss=0.007445 lr=1.645e-07
[train] step=27621 loss=0.014570 lr=1.643e-07
[train] step=27622 loss=0.012395 lr=1.642e-07
[train] step=27623 loss=0.062553 lr=1.641e-07
[train] step=27624 loss=0.020966 lr=1.639e-07
[train] step=27625 loss=0.005106 lr=1.638e-07
[train] step=27626 loss=0.003768 lr=1.637e-07
[train] step=27627 loss=0.005632 lr=1.636e-07
[train] step=27628 loss=0.002468 lr=1.634e-07
[train] step=27629 loss=0.003904 lr=1.633e-07
[train] step=27630 loss=0.006064 lr=1.632e-07
[train] step=27631 loss=0.007368 lr=1.630e-07
[train] step=27632 loss=0.017975 lr=1.629e-07
[train] step=27633 loss=0.002858 lr=1.628e-07
[train] step=27634 loss=0.023948 lr=1.627e-07
[train] step=27635 loss=0.004251 lr=1.625e-07
[train] step=27636 loss=0.004598 lr=1.624e-07
[train] step=27637 loss=0.013087 lr=1.623e-07
[train] step=27638 loss=0.011072 lr=1.622e-07
[train] step=27639 loss=0.003153 lr=1.620e-07
[train] step=27640 loss=0.007854 lr=1.619e-07
[train] step=27641 loss=0.016381 lr=1.618e-07
[train] step=27642 loss=0.003531 lr=1.616e-07
[train] step=27643 loss=0.004089 lr=1.615e-07
[train] step=27644 loss=0.010084 lr=1.614e-07
[train] step=27645 loss=0.008817 lr=1.613e-07
[train] step=27646 loss=0.004824 lr=1.611e-07
[train] step=27647 loss=0.004124 lr=1.610e-07
[train] step=27648 loss=0.002552 lr=1.609e-07
[train] step=27649 loss=0.006382 lr=1.607e-07
[train] step=27650 loss=0.008124 lr=1.606e-07
[train] step=27651 loss=0.003555 lr=1.605e-07
[train] step=27652 loss=0.003908 lr=1.604e-07
[train] step=27653 loss=0.003456 lr=1.602e-07
[train] step=27654 loss=0.002488 lr=1.601e-07
[train] step=27655 loss=0.003655 lr=1.600e-07
[train] step=27656 loss=0.005944 lr=1.599e-07
[train] step=27657 loss=0.008045 lr=1.597e-07
[train] step=27658 loss=0.009137 lr=1.596e-07
[train] step=27659 loss=0.003553 lr=1.595e-07
[train] step=27660 loss=0.007827 lr=1.593e-07
[train] step=27661 loss=0.010006 lr=1.592e-07
[train] step=27662 loss=0.016561 lr=1.591e-07
[train] step=27663 loss=0.004631 lr=1.590e-07
[train] step=27664 loss=0.005834 lr=1.588e-07
[train] step=27665 loss=0.012580 lr=1.587e-07
[train] step=27666 loss=0.003359 lr=1.586e-07
[train] step=27667 loss=0.005502 lr=1.585e-07
[train] step=27668 loss=0.005819 lr=1.583e-07
[train] step=27669 loss=0.009841 lr=1.582e-07
[train] step=27670 loss=0.004694 lr=1.581e-07
[train] step=27671 loss=0.004689 lr=1.580e-07
[train] step=27672 loss=0.012741 lr=1.578e-07
[train] step=27673 loss=0.018699 lr=1.577e-07
[train] step=27674 loss=0.011048 lr=1.576e-07
[train] step=27675 loss=0.012516 lr=1.574e-07
[train] step=27676 loss=0.004433 lr=1.573e-07
[train] step=27677 loss=0.007336 lr=1.572e-07
[train] step=27678 loss=0.004525 lr=1.571e-07
[train] step=27679 loss=0.004627 lr=1.569e-07
[train] step=27680 loss=0.021624 lr=1.568e-07
[train] step=27681 loss=0.005005 lr=1.567e-07
[train] step=27682 loss=0.004345 lr=1.566e-07
[train] step=27683 loss=0.005009 lr=1.564e-07
[train] step=27684 loss=0.006215 lr=1.563e-07
[train] step=27685 loss=0.004744 lr=1.562e-07
[train] step=27686 loss=0.003851 lr=1.561e-07
[train] step=27687 loss=0.004277 lr=1.559e-07
[train] step=27688 loss=0.006135 lr=1.558e-07
[train] step=27689 loss=0.002961 lr=1.557e-07
[train] step=27690 loss=0.007743 lr=1.556e-07
[train] step=27691 loss=0.008844 lr=1.554e-07
[train] step=27692 loss=0.006670 lr=1.553e-07
[train] step=27693 loss=0.003983 lr=1.552e-07
[train] step=27694 loss=0.003456 lr=1.551e-07
[train] step=27695 loss=0.003482 lr=1.549e-07
[train] step=27696 loss=0.007180 lr=1.548e-07
[train] step=27697 loss=0.018521 lr=1.547e-07
[train] step=27698 loss=0.003458 lr=1.546e-07
[train] step=27699 loss=0.002792 lr=1.544e-07
[train] step=27700 loss=0.004250 lr=1.543e-07
[train] step=27701 loss=0.006640 lr=1.542e-07
[train] step=27702 loss=0.002357 lr=1.541e-07
[train] step=27703 loss=0.004177 lr=1.539e-07
[train] step=27704 loss=0.003355 lr=1.538e-07
[train] step=27705 loss=0.003210 lr=1.537e-07
[train] step=27706 loss=0.016250 lr=1.536e-07
[train] step=27707 loss=0.003322 lr=1.534e-07
[train] step=27708 loss=0.005472 lr=1.533e-07
[train] step=27709 loss=0.006941 lr=1.532e-07
[train] step=27710 loss=0.002808 lr=1.531e-07
[train] step=27711 loss=0.006301 lr=1.529e-07
[train] step=27712 loss=0.008412 lr=1.528e-07
[train] step=27713 loss=0.003459 lr=1.527e-07
[train] step=27714 loss=0.004012 lr=1.526e-07
[train] step=27715 loss=0.005240 lr=1.524e-07
[train] step=27716 loss=0.003746 lr=1.523e-07
[train] step=27717 loss=0.004354 lr=1.522e-07
[train] step=27718 loss=0.004560 lr=1.521e-07
[train] step=27719 loss=0.005193 lr=1.519e-07
[train] step=27720 loss=0.006347 lr=1.518e-07
INFO     [rank 0] Model weights for step 27720 saved in      dit_trainer.py:1288
         checkpoints/model_weights_step_27720.safetensors                       
INFO     [rank 0] Scalar embedding weights for step 27720    dit_trainer.py:1297
         saved                                                                  
INFO     [rank 0] Training state saved:                      dit_trainer.py:1416
         checkpoints/model_weights_step_27720.state.pt                          
DEBUG    [rank 0] Removed old checkpoint:                    dit_trainer.py:1429
         /local/disk/hramachandran/work/wh_work/windinet/dit                    
         _outputs/lundquist/dit_sds_untrained_30k/checkpoint                    
         s/model_weights_step_27480.safetensors                                 
DEBUG    [rank 0] Removed old checkpoint:                    dit_trainer.py:1429
         /local/disk/hramachandran/work/wh_work/windinet/dit                    
         _outputs/lundquist/dit_sds_untrained_30k/checkpoint                    
         s/scalar_embedding_step_27480.safetensors                              
DEBUG    [rank 0] Removed optimizer state for older kept     dit_trainer.py:1444
         checkpoint:                                                            
         /local/disk/hramachandran/work/wh_work/windinet/dit                    
         _outputs/lundquist/dit_sds_untrained_30k/checkpoint                    
         s/model_weights_step_27600.state.pt                                    
[epoch 231] step=27720 train_loss=0.008141
[train] step=27721 loss=0.004100 lr=1.517e-07
[train] step=27722 loss=0.012290 lr=1.516e-07
[train] step=27723 loss=0.005803 lr=1.515e-07
[train] step=27724 loss=0.013804 lr=1.513e-07
[train] step=27725 loss=0.002584 lr=1.512e-07
[train] step=27726 loss=0.003636 lr=1.511e-07
[train] step=27727 loss=0.003917 lr=1.510e-07
[train] step=27728 loss=0.005025 lr=1.508e-07
[train] step=27729 loss=0.005341 lr=1.507e-07
[train] step=27730 loss=0.010273 lr=1.506e-07
[train] step=27731 loss=0.009671 lr=1.505e-07
[train] step=27732 loss=0.005032 lr=1.503e-07
[train] step=27733 loss=0.002798 lr=1.502e-07
[train] step=27734 loss=0.008739 lr=1.501e-07
[train] step=27735 loss=0.002703 lr=1.500e-07
[train] step=27736 loss=0.005983 lr=1.498e-07
[train] step=27737 loss=0.002743 lr=1.497e-07
[train] step=27738 loss=0.005865 lr=1.496e-07
[train] step=27739 loss=0.004432 lr=1.495e-07
[train] step=27740 loss=0.007653 lr=1.494e-07
[train] step=27741 loss=0.006266 lr=1.492e-07
[train] step=27742 loss=0.004295 lr=1.491e-07
[train] step=27743 loss=0.005695 lr=1.490e-07
[train] step=27744 loss=0.006680 lr=1.489e-07
[train] step=27745 loss=0.004556 lr=1.487e-07
[train] step=27746 loss=0.003680 lr=1.486e-07
[train] step=27747 loss=0.010898 lr=1.485e-07
[train] step=27748 loss=0.008567 lr=1.484e-07
[train] step=27749 loss=0.004564 lr=1.483e-07
[train] step=27750 loss=0.010108 lr=1.481e-07
[train] step=27751 loss=0.005612 lr=1.480e-07
[train] step=27752 loss=0.005187 lr=1.479e-07
[train] step=27753 loss=0.005662 lr=1.478e-07
[train] step=27754 loss=0.005653 lr=1.476e-07
[train] step=27755 loss=0.006574 lr=1.475e-07
[train] step=27756 loss=0.027011 lr=1.474e-07
[train] step=27757 loss=0.006443 lr=1.473e-07
[train] step=27758 loss=0.002598 lr=1.472e-07
[train] step=27759 loss=0.015221 lr=1.470e-07
[train] step=27760 loss=0.006054 lr=1.469e-07
[train] step=27761 loss=0.003766 lr=1.468e-07
[train] step=27762 loss=0.017262 lr=1.467e-07
[train] step=27763 loss=0.006094 lr=1.466e-07
[train] step=27764 loss=0.004920 lr=1.464e-07
[train] step=27765 loss=0.002873 lr=1.463e-07
[train] step=27766 loss=0.004250 lr=1.462e-07
[train] step=27767 loss=0.004774 lr=1.461e-07
[train] step=27768 loss=0.005785 lr=1.459e-07
[train] step=27769 loss=0.003249 lr=1.458e-07
[train] step=27770 loss=0.004332 lr=1.457e-07
[train] step=27771 loss=0.002989 lr=1.456e-07
[train] step=27772 loss=0.002766 lr=1.455e-07
[train] step=27773 loss=0.006522 lr=1.453e-07
[train] step=27774 loss=0.007013 lr=1.452e-07
[train] step=27775 loss=0.003475 lr=1.451e-07
[train] step=27776 loss=0.004565 lr=1.450e-07
[train] step=27777 loss=0.003370 lr=1.449e-07
[train] step=27778 loss=0.004799 lr=1.447e-07
[train] step=27779 loss=0.009774 lr=1.446e-07
[train] step=27780 loss=0.003765 lr=1.445e-07
[train] step=27781 loss=0.004363 lr=1.444e-07
[train] step=27782 loss=0.004304 lr=1.443e-07
[train] step=27783 loss=0.009389 lr=1.441e-07
[train] step=27784 loss=0.008843 lr=1.440e-07
[train] step=27785 loss=0.009782 lr=1.439e-07
[train] step=27786 loss=0.003567 lr=1.438e-07
[train] step=27787 loss=0.006108 lr=1.437e-07
[train] step=27788 loss=0.007545 lr=1.435e-07
[train] step=27789 loss=0.005257 lr=1.434e-07
[train] step=27790 loss=0.004039 lr=1.433e-07
[train] step=27791 loss=0.006461 lr=1.432e-07
[train] step=27792 loss=0.002685 lr=1.431e-07
[train] step=27793 loss=0.004685 lr=1.429e-07
[train] step=27794 loss=0.005625 lr=1.428e-07
[train] step=27795 loss=0.007530 lr=1.427e-07
[train] step=27796 loss=0.006209 lr=1.426e-07
[train] step=27797 loss=0.008029 lr=1.425e-07
[train] step=27798 loss=0.003217 lr=1.423e-07
[train] step=27799 loss=0.004346 lr=1.422e-07
[train] step=27800 loss=0.007727 lr=1.421e-07
[train] step=27801 loss=0.004263 lr=1.420e-07
[train] step=27802 loss=0.006423 lr=1.419e-07
[train] step=27803 loss=0.005537 lr=1.417e-07
[train] step=27804 loss=0.004330 lr=1.416e-07
[train] step=27805 loss=0.012540 lr=1.415e-07
[train] step=27806 loss=0.006143 lr=1.414e-07
[train] step=27807 loss=0.002768 lr=1.413e-07
[train] step=27808 loss=0.005854 lr=1.411e-07
[train] step=27809 loss=0.005182 lr=1.410e-07
[train] step=27810 loss=0.003100 lr=1.409e-07
[train] step=27811 loss=0.004517 lr=1.408e-07
[train] step=27812 loss=0.020003 lr=1.407e-07
[train] step=27813 loss=0.005163 lr=1.405e-07
[train] step=27814 loss=0.007524 lr=1.404e-07
[train] step=27815 loss=0.003890 lr=1.403e-07
[train] step=27816 loss=0.003722 lr=1.402e-07
[train] step=27817 loss=0.008423 lr=1.401e-07
[train] step=27818 loss=0.004373 lr=1.400e-07
[train] step=27819 loss=0.012793 lr=1.398e-07
[train] step=27820 loss=0.025940 lr=1.397e-07
[train] step=27821 loss=0.003617 lr=1.396e-07
[train] step=27822 loss=0.005674 lr=1.395e-07
[train] step=27823 loss=0.005757 lr=1.394e-07
[train] step=27824 loss=0.004374 lr=1.392e-07
[train] step=27825 loss=0.006797 lr=1.391e-07
[train] step=27826 loss=0.010396 lr=1.390e-07
[train] step=27827 loss=0.002764 lr=1.389e-07
[train] step=27828 loss=0.006575 lr=1.388e-07
[train] step=27829 loss=0.004340 lr=1.386e-07
[train] step=27830 loss=0.004164 lr=1.385e-07
[train] step=27831 loss=0.007225 lr=1.384e-07
[train] step=27832 loss=0.004113 lr=1.383e-07
[train] step=27833 loss=0.008469 lr=1.382e-07
[train] step=27834 loss=0.004620 lr=1.381e-07
[train] step=27835 loss=0.006919 lr=1.379e-07
[train] step=27836 loss=0.011232 lr=1.378e-07
[train] step=27837 loss=0.002780 lr=1.377e-07
[train] step=27838 loss=0.008884 lr=1.376e-07
[train] step=27839 loss=0.005156 lr=1.375e-07
[train] step=27840 loss=0.009240 lr=1.374e-07
INFO     [rank 0] Model weights for step 27840 saved in      dit_trainer.py:1288
         checkpoints/model_weights_step_27840.safetensors                       
INFO     [rank 0] Scalar embedding weights for step 27840    dit_trainer.py:1297
         saved                                                                  
INFO     [rank 0] Training state saved:                      dit_trainer.py:1416
         checkpoints/model_weights_step_27840.state.pt                          
DEBUG    [rank 0] Removed old checkpoint:                    dit_trainer.py:1429
         /local/disk/hramachandran/work/wh_work/windinet/dit                    
         _outputs/lundquist/dit_sds_untrained_30k/checkpoint                    
         s/model_weights_step_27600.safetensors                                 
DEBUG    [rank 0] Removed old checkpoint:                    dit_trainer.py:1429
         /local/disk/hramachandran/work/wh_work/windinet/dit                    
         _outputs/lundquist/dit_sds_untrained_30k/checkpoint                    
         s/scalar_embedding_step_27600.safetensors                              
DEBUG    [rank 0] Removed optimizer state for older kept     dit_trainer.py:1444
         checkpoint:                                                            
         /local/disk/hramachandran/work/wh_work/windinet/dit                    
         _outputs/lundquist/dit_sds_untrained_30k/checkpoint                    
         s/model_weights_step_27720.state.pt                                    
[epoch 232] step=27840 train_loss=0.006437
[train] step=27841 loss=0.005272 lr=1.372e-07
[train] step=27842 loss=0.007190 lr=1.371e-07
[train] step=27843 loss=0.012820 lr=1.370e-07
[train] step=27844 loss=0.008025 lr=1.369e-07
[train] step=27845 loss=0.006740 lr=1.368e-07
[train] step=27846 loss=0.007886 lr=1.367e-07
[train] step=27847 loss=0.003130 lr=1.365e-07
[train] step=27848 loss=0.005281 lr=1.364e-07
[train] step=27849 loss=0.004548 lr=1.363e-07
[train] step=27850 loss=0.004104 lr=1.362e-07
[train] step=27851 loss=0.006046 lr=1.361e-07
[train] step=27852 loss=0.005145 lr=1.360e-07
[train] step=27853 loss=0.004850 lr=1.358e-07
[train] step=27854 loss=0.002228 lr=1.357e-07
[train] step=27855 loss=0.004338 lr=1.356e-07
[train] step=27856 loss=0.004663 lr=1.355e-07
[train] step=27857 loss=0.005435 lr=1.354e-07
[train] step=27858 loss=0.010666 lr=1.353e-07
[train] step=27859 loss=0.005710 lr=1.351e-07
[train] step=27860 loss=0.007453 lr=1.350e-07
[train] step=27861 loss=0.004160 lr=1.349e-07
[train] step=27862 loss=0.005085 lr=1.348e-07
[train] step=27863 loss=0.004671 lr=1.347e-07
[train] step=27864 loss=0.003880 lr=1.346e-07
[train] step=27865 loss=0.008548 lr=1.344e-07
[train] step=27866 loss=0.013352 lr=1.343e-07
[train] step=27867 loss=0.004074 lr=1.342e-07
[train] step=27868 loss=0.006548 lr=1.341e-07
[train] step=27869 loss=0.008279 lr=1.340e-07
[train] step=27870 loss=0.004449 lr=1.339e-07
[train] step=27871 loss=0.011754 lr=1.337e-07
[train] step=27872 loss=0.004533 lr=1.336e-07
[train] step=27873 loss=0.010110 lr=1.335e-07
[train] step=27874 loss=0.004046 lr=1.334e-07
[train] step=27875 loss=0.010274 lr=1.333e-07
[train] step=27876 loss=0.006270 lr=1.332e-07
[train] step=27877 loss=0.011795 lr=1.330e-07
[train] step=27878 loss=0.007592 lr=1.329e-07
[train] step=27879 loss=0.007742 lr=1.328e-07
[train] step=27880 loss=0.006811 lr=1.327e-07
[train] step=27881 loss=0.004220 lr=1.326e-07
[train] step=27882 loss=0.014400 lr=1.325e-07
[train] step=27883 loss=0.004484 lr=1.324e-07
[train] step=27884 loss=0.019871 lr=1.322e-07
[train] step=27885 loss=0.003923 lr=1.321e-07
[train] step=27886 loss=0.013202 lr=1.320e-07
[train] step=27887 loss=0.003899 lr=1.319e-07
[train] step=27888 loss=0.012662 lr=1.318e-07
[train] step=27889 loss=0.006702 lr=1.317e-07
[train] step=27890 loss=0.009510 lr=1.316e-07
[train] step=27891 loss=0.005160 lr=1.314e-07
[train] step=27892 loss=0.008181 lr=1.313e-07
[train] step=27893 loss=0.005162 lr=1.312e-07
[train] step=27894 loss=0.003253 lr=1.311e-07
[train] step=27895 loss=0.003644 lr=1.310e-07
[train] step=27896 loss=0.004501 lr=1.309e-07
[train] step=27897 loss=0.006618 lr=1.308e-07
[train] step=27898 loss=0.003947 lr=1.306e-07
[train] step=27899 loss=0.003477 lr=1.305e-07
[train] step=27900 loss=0.009943 lr=1.304e-07
[train] step=27901 loss=0.003219 lr=1.303e-07
[train] step=27902 loss=0.005750 lr=1.302e-07
[train] step=27903 loss=0.010438 lr=1.301e-07
[train] step=27904 loss=0.007038 lr=1.300e-07
[train] step=27905 loss=0.005606 lr=1.298e-07
[train] step=27906 loss=0.004481 lr=1.297e-07
[train] step=27907 loss=0.002807 lr=1.296e-07
[train] step=27908 loss=0.004259 lr=1.295e-07
[train] step=27909 loss=0.003290 lr=1.294e-07
[train] step=27910 loss=0.003897 lr=1.293e-07
[train] step=27911 loss=0.005434 lr=1.292e-07
[train] step=27912 loss=0.004723 lr=1.290e-07
[train] step=27913 loss=0.005113 lr=1.289e-07
[train] step=27914 loss=0.003180 lr=1.288e-07
[train] step=27915 loss=0.004021 lr=1.287e-07
[train] step=27916 loss=0.008013 lr=1.286e-07
[train] step=27917 loss=0.002807 lr=1.285e-07
[train] step=27918 loss=0.006171 lr=1.284e-07
[train] step=27919 loss=0.011861 lr=1.283e-07
[train] step=27920 loss=0.026680 lr=1.281e-07
[train] step=27921 loss=0.005341 lr=1.280e-07
[train] step=27922 loss=0.003206 lr=1.279e-07
[train] step=27923 loss=0.009449 lr=1.278e-07
[train] step=27924 loss=0.014184 lr=1.277e-07
[train] step=27925 loss=0.008301 lr=1.276e-07
[train] step=27926 loss=0.006272 lr=1.275e-07
[train] step=27927 loss=0.003412 lr=1.273e-07
[train] step=27928 loss=0.004157 lr=1.272e-07
[train] step=27929 loss=0.013599 lr=1.271e-07
[train] step=27930 loss=0.004180 lr=1.270e-07
[train] step=27931 loss=0.018506 lr=1.269e-07
[train] step=27932 loss=0.022367 lr=1.268e-07
[train] step=27933 loss=0.005997 lr=1.267e-07
[train] step=27934 loss=0.005306 lr=1.266e-07
[train] step=27935 loss=0.005398 lr=1.264e-07
[train] step=27936 loss=0.007466 lr=1.263e-07
[train] step=27937 loss=0.004586 lr=1.262e-07
[train] step=27938 loss=0.004776 lr=1.261e-07
[train] step=27939 loss=0.004977 lr=1.260e-07
[train] step=27940 loss=0.003997 lr=1.259e-07
[train] step=27941 loss=0.011050 lr=1.258e-07
[train] step=27942 loss=0.003548 lr=1.257e-07
[train] step=27943 loss=0.008882 lr=1.256e-07
[train] step=27944 loss=0.005430 lr=1.254e-07
[train] step=27945 loss=0.003408 lr=1.253e-07
[train] step=27946 loss=0.010323 lr=1.252e-07
[train] step=27947 loss=0.002713 lr=1.251e-07
[train] step=27948 loss=0.008400 lr=1.250e-07
[train] step=27949 loss=0.008454 lr=1.249e-07
[train] step=27950 loss=0.001964 lr=1.248e-07
[train] step=27951 loss=0.018003 lr=1.247e-07
[train] step=27952 loss=0.016036 lr=1.245e-07
[train] step=27953 loss=0.006392 lr=1.244e-07
[train] step=27954 loss=0.004042 lr=1.243e-07
[train] step=27955 loss=0.003903 lr=1.242e-07
[train] step=27956 loss=0.007737 lr=1.241e-07
[train] step=27957 loss=0.011279 lr=1.240e-07
[train] step=27958 loss=0.003944 lr=1.239e-07
[train] step=27959 loss=0.004454 lr=1.238e-07
[train] step=27960 loss=0.006221 lr=1.237e-07
INFO     [rank 0] Model weights for step 27960 saved in      dit_trainer.py:1288
         checkpoints/model_weights_step_27960.safetensors                       
INFO     [rank 0] Scalar embedding weights for step 27960    dit_trainer.py:1297
         saved                                                                  
INFO     [rank 0] Training state saved:                      dit_trainer.py:1416
         checkpoints/model_weights_step_27960.state.pt                          
DEBUG    [rank 0] Removed old checkpoint:                    dit_trainer.py:1429
         /local/disk/hramachandran/work/wh_work/windinet/dit                    
         _outputs/lundquist/dit_sds_untrained_30k/checkpoint                    
         s/model_weights_step_27720.safetensors                                 
DEBUG    [rank 0] Removed old checkpoint:                    dit_trainer.py:1429
         /local/disk/hramachandran/work/wh_work/windinet/dit                    
         _outputs/lundquist/dit_sds_untrained_30k/checkpoint                    
         s/scalar_embedding_step_27720.safetensors                              
DEBUG    [rank 0] Removed optimizer state for older kept     dit_trainer.py:1444
         checkpoint:                                                            
         /local/disk/hramachandran/work/wh_work/windinet/dit                    
         _outputs/lundquist/dit_sds_untrained_30k/checkpoint                    
         s/model_weights_step_27840.state.pt                                    
[epoch 233] step=27960 train_loss=0.007048
[train] step=27961 loss=0.009417 lr=1.235e-07
[train] step=27962 loss=0.005905 lr=1.234e-07
[train] step=27963 loss=0.013125 lr=1.233e-07
[train] step=27964 loss=0.003930 lr=1.232e-07
[train] step=27965 loss=0.005213 lr=1.231e-07
[train] step=27966 loss=0.006273 lr=1.230e-07
[train] step=27967 loss=0.004040 lr=1.229e-07
[train] step=27968 loss=0.006507 lr=1.228e-07
[train] step=27969 loss=0.009112 lr=1.227e-07
[train] step=27970 loss=0.006400 lr=1.225e-07
[train] step=27971 loss=0.004867 lr=1.224e-07
[train] step=27972 loss=0.003420 lr=1.223e-07
[train] step=27973 loss=0.003796 lr=1.222e-07
[train] step=27974 loss=0.003795 lr=1.221e-07
[train] step=27975 loss=0.003718 lr=1.220e-07
[train] step=27976 loss=0.010030 lr=1.219e-07
[train] step=27977 loss=0.006005 lr=1.218e-07
[train] step=27978 loss=0.002445 lr=1.217e-07
[train] step=27979 loss=0.004877 lr=1.216e-07
[train] step=27980 loss=0.003173 lr=1.214e-07
[train] step=27981 loss=0.006560 lr=1.213e-07
[train] step=27982 loss=0.004995 lr=1.212e-07
[train] step=27983 loss=0.004656 lr=1.211e-07
[train] step=27984 loss=0.004633 lr=1.210e-07
[train] step=27985 loss=0.008763 lr=1.209e-07
[train] step=27986 loss=0.006065 lr=1.208e-07
[train] step=27987 loss=0.004195 lr=1.207e-07
[train] step=27988 loss=0.015101 lr=1.206e-07
[train] step=27989 loss=0.003026 lr=1.205e-07
[train] step=27990 loss=0.003048 lr=1.204e-07
[train] step=27991 loss=0.003607 lr=1.202e-07
[train] step=27992 loss=0.016251 lr=1.201e-07
[train] step=27993 loss=0.004335 lr=1.200e-07
[train] step=27994 loss=0.010031 lr=1.199e-07
[train] step=27995 loss=0.019689 lr=1.198e-07
[train] step=27996 loss=0.004486 lr=1.197e-07
[train] step=27997 loss=0.004483 lr=1.196e-07
[train] step=27998 loss=0.013336 lr=1.195e-07
[train] step=27999 loss=0.008757 lr=1.194e-07
[train] step=28000 loss=0.003441 lr=1.193e-07
INFO     [rank 0] Saved DiT visualization panels for    dit_visualization.py:418
         step 28000 (3 samples x 4 frames);                                     
         latent_vrmse=0.07169 pixel_vrmse=0.43674 ->                            
         /local/disk/hramachandran/work/wh_work/windine                         
         t/dit_outputs/lundquist/dit_sds_untrained_30k/                         
         dit_vrmse_metrics.csv,                                                 
         /local/disk/hramachandran/work/wh_work/windine                         
         t/dit_outputs/lundquist/dit_sds_untrained_30k/                         
         dit_vrmse_curve.png                                                    
[train] step=28001 loss=0.001700 lr=1.192e-07
[train] step=28002 loss=0.004473 lr=1.190e-07
[train] step=28003 loss=0.005855 lr=1.189e-07
[train] step=28004 loss=0.005758 lr=1.188e-07
[train] step=28005 loss=0.010637 lr=1.187e-07
[train] step=28006 loss=0.004160 lr=1.186e-07
[train] step=28007 loss=0.007604 lr=1.185e-07
[train] step=28008 loss=0.006193 lr=1.184e-07
[train] step=28009 loss=0.004001 lr=1.183e-07
[train] step=28010 loss=0.007124 lr=1.182e-07
[train] step=28011 loss=0.007917 lr=1.181e-07
[train] step=28012 loss=0.004230 lr=1.180e-07
[train] step=28013 loss=0.004517 lr=1.179e-07
[train] step=28014 loss=0.005371 lr=1.177e-07
[train] step=28015 loss=0.003803 lr=1.176e-07
[train] step=28016 loss=0.005606 lr=1.175e-07
[train] step=28017 loss=0.005560 lr=1.174e-07
[train] step=28018 loss=0.002696 lr=1.173e-07
[train] step=28019 loss=0.003322 lr=1.172e-07
[train] step=28020 loss=0.013800 lr=1.171e-07
[train] step=28021 loss=0.005411 lr=1.170e-07
[train] step=28022 loss=0.014035 lr=1.169e-07
[train] step=28023 loss=0.003442 lr=1.168e-07
[train] step=28024 loss=0.007595 lr=1.167e-07
[train] step=28025 loss=0.010995 lr=1.166e-07
[train] step=28026 loss=0.006050 lr=1.165e-07
[train] step=28027 loss=0.002540 lr=1.163e-07
[train] step=28028 loss=0.002668 lr=1.162e-07
[train] step=28029 loss=0.009023 lr=1.161e-07
[train] step=28030 loss=0.004475 lr=1.160e-07
[train] step=28031 loss=0.003452 lr=1.159e-07
[train] step=28032 loss=0.004487 lr=1.158e-07
[train] step=28033 loss=0.004657 lr=1.157e-07
[train] step=28034 loss=0.004367 lr=1.156e-07
[train] step=28035 loss=0.031351 lr=1.155e-07
[train] step=28036 loss=0.004832 lr=1.154e-07
[train] step=28037 loss=0.004649 lr=1.153e-07
[train] step=28038 loss=0.004591 lr=1.152e-07
[train] step=28039 loss=0.007633 lr=1.151e-07
[train] step=28040 loss=0.003026 lr=1.150e-07
[train] step=28041 loss=0.005561 lr=1.148e-07
[train] step=28042 loss=0.004926 lr=1.147e-07
[train] step=28043 loss=0.016499 lr=1.146e-07
[train] step=28044 loss=0.003243 lr=1.145e-07
[train] step=28045 loss=0.003762 lr=1.144e-07
[train] step=28046 loss=0.004921 lr=1.143e-07
[train] step=28047 loss=0.003437 lr=1.142e-07
[train] step=28048 loss=0.004831 lr=1.141e-07
[train] step=28049 loss=0.005854 lr=1.140e-07
[train] step=28050 loss=0.003255 lr=1.139e-07
[train] step=28051 loss=0.014283 lr=1.138e-07
[train] step=28052 loss=0.003063 lr=1.137e-07
[train] step=28053 loss=0.006478 lr=1.136e-07
[train] step=28054 loss=0.008591 lr=1.135e-07
[train] step=28055 loss=0.004940 lr=1.134e-07
[train] step=28056 loss=0.005021 lr=1.133e-07
[train] step=28057 loss=0.011550 lr=1.131e-07
[train] step=28058 loss=0.008222 lr=1.130e-07
[train] step=28059 loss=0.006566 lr=1.129e-07
[train] step=28060 loss=0.005299 lr=1.128e-07
[train] step=28061 loss=0.002230 lr=1.127e-07
[train] step=28062 loss=0.005499 lr=1.126e-07
[train] step=28063 loss=0.010032 lr=1.125e-07
[train] step=28064 loss=0.004683 lr=1.124e-07
[train] step=28065 loss=0.004479 lr=1.123e-07
[train] step=28066 loss=0.008187 lr=1.122e-07
[train] step=28067 loss=0.002345 lr=1.121e-07
[train] step=28068 loss=0.013457 lr=1.120e-07
[train] step=28069 loss=0.003160 lr=1.119e-07
[train] step=28070 loss=0.003757 lr=1.118e-07
[train] step=28071 loss=0.012540 lr=1.117e-07
[train] step=28072 loss=0.003992 lr=1.116e-07
[train] step=28073 loss=0.003636 lr=1.115e-07
[train] step=28074 loss=0.008893 lr=1.114e-07
[train] step=28075 loss=0.004648 lr=1.113e-07
[train] step=28076 loss=0.004197 lr=1.111e-07
[train] step=28077 loss=0.004750 lr=1.110e-07
[train] step=28078 loss=0.007302 lr=1.109e-07
[train] step=28079 loss=0.020701 lr=1.108e-07
[train] step=28080 loss=0.013450 lr=1.107e-07
INFO     [rank 0] Model weights for step 28080 saved in      dit_trainer.py:1288
         checkpoints/model_weights_step_28080.safetensors                       
INFO     [rank 0] Scalar embedding weights for step 28080    dit_trainer.py:1297
         saved                                                                  
INFO     [rank 0] Training state saved:                      dit_trainer.py:1416
         checkpoints/model_weights_step_28080.state.pt                          
DEBUG    [rank 0] Removed old checkpoint:                    dit_trainer.py:1429
         /local/disk/hramachandran/work/wh_work/windinet/dit                    
         _outputs/lundquist/dit_sds_untrained_30k/checkpoint                    
         s/model_weights_step_27840.safetensors                                 
DEBUG    [rank 0] Removed old checkpoint:                    dit_trainer.py:1429
         /local/disk/hramachandran/work/wh_work/windinet/dit                    
         _outputs/lundquist/dit_sds_untrained_30k/checkpoint                    
         s/scalar_embedding_step_27840.safetensors                              
DEBUG    [rank 0] Removed optimizer state for older kept     dit_trainer.py:1444
         checkpoint:                                                            
         /local/disk/hramachandran/work/wh_work/windinet/dit                    
         _outputs/lundquist/dit_sds_untrained_30k/checkpoint                    
         s/model_weights_step_27960.state.pt                                    
[epoch 234] step=28080 train_loss=0.006534
[train] step=28081 loss=0.014381 lr=1.106e-07
[train] step=28082 loss=0.002267 lr=1.105e-07
[train] step=28083 loss=0.012055 lr=1.104e-07
[train] step=28084 loss=0.004405 lr=1.103e-07
[train] step=28085 loss=0.006046 lr=1.102e-07
[train] step=28086 loss=0.007625 lr=1.101e-07
[train] step=28087 loss=0.008356 lr=1.100e-07
[train] step=28088 loss=0.003979 lr=1.099e-07
[train] step=28089 loss=0.006174 lr=1.098e-07
[train] step=28090 loss=0.008996 lr=1.097e-07
[train] step=28091 loss=0.008139 lr=1.096e-07
[train] step=28092 loss=0.006508 lr=1.095e-07
[train] step=28093 loss=0.002555 lr=1.094e-07
[train] step=28094 loss=0.009736 lr=1.093e-07
[train] step=28095 loss=0.005522 lr=1.092e-07
[train] step=28096 loss=0.003332 lr=1.091e-07
[train] step=28097 loss=0.006511 lr=1.090e-07
[train] step=28098 loss=0.008502 lr=1.089e-07
[train] step=28099 loss=0.005904 lr=1.088e-07
[train] step=28100 loss=0.004550 lr=1.086e-07
[train] step=28101 loss=0.003162 lr=1.085e-07
[train] step=28102 loss=0.016528 lr=1.084e-07
[train] step=28103 loss=0.010112 lr=1.083e-07
[train] step=28104 loss=0.002264 lr=1.082e-07
[train] step=28105 loss=0.003732 lr=1.081e-07
[train] step=28106 loss=0.004918 lr=1.080e-07
[train] step=28107 loss=0.004047 lr=1.079e-07
[train] step=28108 loss=0.005647 lr=1.078e-07
[train] step=28109 loss=0.011505 lr=1.077e-07
[train] step=28110 loss=0.004134 lr=1.076e-07
[train] step=28111 loss=0.006808 lr=1.075e-07
[train] step=28112 loss=0.002568 lr=1.074e-07
[train] step=28113 loss=0.004067 lr=1.073e-07
[train] step=28114 loss=0.025966 lr=1.072e-07
[train] step=28115 loss=0.005817 lr=1.071e-07
[train] step=28116 loss=0.007625 lr=1.070e-07
[train] step=28117 loss=0.002853 lr=1.069e-07
[train] step=28118 loss=0.010155 lr=1.068e-07
[train] step=28119 loss=0.004021 lr=1.067e-07
[train] step=28120 loss=0.005617 lr=1.066e-07
[train] step=28121 loss=0.005159 lr=1.065e-07
[train] step=28122 loss=0.005553 lr=1.064e-07
[train] step=28123 loss=0.024115 lr=1.063e-07
[train] step=28124 loss=0.008634 lr=1.062e-07
[train] step=28125 loss=0.011209 lr=1.061e-07
[train] step=28126 loss=0.010711 lr=1.060e-07
[train] step=28127 loss=0.024090 lr=1.059e-07
[train] step=28128 loss=0.012950 lr=1.058e-07
[train] step=28129 loss=0.004587 lr=1.057e-07
[train] step=28130 loss=0.002281 lr=1.056e-07
[train] step=28131 loss=0.013047 lr=1.055e-07
[train] step=28132 loss=0.005788 lr=1.054e-07
[train] step=28133 loss=0.005622 lr=1.053e-07
[train] step=28134 loss=0.006666 lr=1.052e-07
[train] step=28135 loss=0.006169 lr=1.051e-07
[train] step=28136 loss=0.005183 lr=1.050e-07
[train] step=28137 loss=0.004778 lr=1.049e-07
[train] step=28138 loss=0.008274 lr=1.048e-07
[train] step=28139 loss=0.007495 lr=1.047e-07
[train] step=28140 loss=0.005021 lr=1.046e-07
[train] step=28141 loss=0.004641 lr=1.045e-07
[train] step=28142 loss=0.004656 lr=1.044e-07
[train] step=28143 loss=0.005229 lr=1.043e-07
[train] step=28144 loss=0.007702 lr=1.041e-07
[train] step=28145 loss=0.006958 lr=1.040e-07
[train] step=28146 loss=0.003571 lr=1.039e-07
[train] step=28147 loss=0.002318 lr=1.038e-07
[train] step=28148 loss=0.004461 lr=1.037e-07
[train] step=28149 loss=0.018061 lr=1.036e-07
[train] step=28150 loss=0.004167 lr=1.035e-07
[train] step=28151 loss=0.006864 lr=1.034e-07
[train] step=28152 loss=0.004968 lr=1.033e-07
[train] step=28153 loss=0.003030 lr=1.032e-07
[train] step=28154 loss=0.007510 lr=1.031e-07
[train] step=28155 loss=0.004879 lr=1.030e-07
[train] step=28156 loss=0.005670 lr=1.029e-07
[train] step=28157 loss=0.011274 lr=1.028e-07
[train] step=28158 loss=0.003476 lr=1.027e-07
[train] step=28159 loss=0.006073 lr=1.026e-07
[train] step=28160 loss=0.005809 lr=1.025e-07
[train] step=28161 loss=0.003640 lr=1.024e-07
[train] step=28162 loss=0.005507 lr=1.023e-07
[train] step=28163 loss=0.005021 lr=1.022e-07
[train] step=28164 loss=0.003492 lr=1.021e-07
[train] step=28165 loss=0.003402 lr=1.020e-07
[train] step=28166 loss=0.004363 lr=1.019e-07
[train] step=28167 loss=0.003908 lr=1.018e-07
[train] step=28168 loss=0.011535 lr=1.017e-07
[train] step=28169 loss=0.004224 lr=1.016e-07
[train] step=28170 loss=0.011362 lr=1.015e-07
[train] step=28171 loss=0.004623 lr=1.014e-07
[train] step=28172 loss=0.002639 lr=1.013e-07
[train] step=28173 loss=0.003892 lr=1.012e-07
[train] step=28174 loss=0.007899 lr=1.011e-07
[train] step=28175 loss=0.003876 lr=1.010e-07
[train] step=28176 loss=0.003173 lr=1.009e-07
[train] step=28177 loss=0.013177 lr=1.008e-07
[train] step=28178 loss=0.004131 lr=1.007e-07
[train] step=28179 loss=0.010262 lr=1.006e-07
[train] step=28180 loss=0.007900 lr=1.005e-07
[train] step=28181 loss=0.003166 lr=1.004e-07
[train] step=28182 loss=0.003520 lr=1.003e-07
[train] step=28183 loss=0.008463 lr=1.002e-07
[train] step=28184 loss=0.011114 lr=1.001e-07
[train] step=28185 loss=0.002011 lr=1.001e-07
[train] step=28186 loss=0.003012 lr=9.995e-08
[train] step=28187 loss=0.003873 lr=9.985e-08
[train] step=28188 loss=0.008660 lr=9.975e-08
[train] step=28189 loss=0.004581 lr=9.966e-08
[train] step=28190 loss=0.005896 lr=9.956e-08
[train] step=28191 loss=0.008131 lr=9.946e-08
[train] step=28192 loss=0.006330 lr=9.936e-08
[train] step=28193 loss=0.014723 lr=9.926e-08
[train] step=28194 loss=0.008976 lr=9.916e-08
[train] step=28195 loss=0.019018 lr=9.906e-08
[train] step=28196 loss=0.015217 lr=9.897e-08
[train] step=28197 loss=0.003006 lr=9.887e-08
[train] step=28198 loss=0.005837 lr=9.877e-08
[train] step=28199 loss=0.003975 lr=9.867e-08
[train] step=28200 loss=0.034106 lr=9.857e-08
[val] step=28200 val_loss=0.014395
INFO     [rank 0] Model weights for step 28200 saved in      dit_trainer.py:1288
         checkpoints/model_weights_step_28200.safetensors                       
INFO     [rank 0] Scalar embedding weights for step 28200    dit_trainer.py:1297
         saved                                                                  
INFO     [rank 0] Training state saved:                      dit_trainer.py:1416
         checkpoints/model_weights_step_28200.state.pt                          
DEBUG    [rank 0] Removed old checkpoint:                    dit_trainer.py:1429
         /local/disk/hramachandran/work/wh_work/windinet/dit                    
         _outputs/lundquist/dit_sds_untrained_30k/checkpoint                    
         s/model_weights_step_27960.safetensors                                 
DEBUG    [rank 0] Removed old checkpoint:                    dit_trainer.py:1429
         /local/disk/hramachandran/work/wh_work/windinet/dit                    
         _outputs/lundquist/dit_sds_untrained_30k/checkpoint                    
         s/scalar_embedding_step_27960.safetensors                              
DEBUG    [rank 0] Removed optimizer state for older kept     dit_trainer.py:1444
         checkpoint:                                                            
         /local/disk/hramachandran/work/wh_work/windinet/dit                    
         _outputs/lundquist/dit_sds_untrained_30k/checkpoint                    
         s/model_weights_step_28080.state.pt                                    
[epoch 235] step=28200 train_loss=0.007056 val_loss=0.014395
[train] step=28201 loss=0.004216 lr=9.848e-08
[train] step=28202 loss=0.005491 lr=9.838e-08
[train] step=28203 loss=0.003989 lr=9.828e-08
[train] step=28204 loss=0.004020 lr=9.818e-08
[train] step=28205 loss=0.003435 lr=9.808e-08
[train] step=28206 loss=0.006753 lr=9.799e-08
[train] step=28207 loss=0.007852 lr=9.789e-08
[train] step=28208 loss=0.005340 lr=9.779e-08
[train] step=28209 loss=0.007017 lr=9.769e-08
[train] step=28210 loss=0.003209 lr=9.760e-08
[train] step=28211 loss=0.003549 lr=9.750e-08
[train] step=28212 loss=0.025103 lr=9.740e-08
[train] step=28213 loss=0.004884 lr=9.730e-08
[train] step=28214 loss=0.002858 lr=9.721e-08
[train] step=28215 loss=0.006998 lr=9.711e-08
[train] step=28216 loss=0.005945 lr=9.701e-08
[train] step=28217 loss=0.002534 lr=9.691e-08
[train] step=28218 loss=0.004978 lr=9.682e-08
[train] step=28219 loss=0.004711 lr=9.672e-08
[train] step=28220 loss=0.004267 lr=9.662e-08
[train] step=28221 loss=0.005654 lr=9.653e-08
[train] step=28222 loss=0.010775 lr=9.643e-08
[train] step=28223 loss=0.003125 lr=9.633e-08
[train] step=28224 loss=0.006717 lr=9.624e-08
[train] step=28225 loss=0.010271 lr=9.614e-08
[train] step=28226 loss=0.002198 lr=9.604e-08
[train] step=28227 loss=0.004563 lr=9.594e-08
[train] step=28228 loss=0.003085 lr=9.585e-08
[train] step=28229 loss=0.003384 lr=9.575e-08
[train] step=28230 loss=0.005208 lr=9.566e-08
[train] step=28231 loss=0.004917 lr=9.556e-08
[train] step=28232 loss=0.005570 lr=9.546e-08
[train] step=28233 loss=0.008951 lr=9.537e-08
[train] step=28234 loss=0.015197 lr=9.527e-08
[train] step=28235 loss=0.004949 lr=9.517e-08
[train] step=28236 loss=0.005311 lr=9.508e-08
[train] step=28237 loss=0.004194 lr=9.498e-08
[train] step=28238 loss=0.006632 lr=9.489e-08
[train] step=28239 loss=0.003464 lr=9.479e-08
[train] step=28240 loss=0.008415 lr=9.469e-08
[train] step=28241 loss=0.004450 lr=9.460e-08
[train] step=28242 loss=0.003953 lr=9.450e-08
[train] step=28243 loss=0.007475 lr=9.441e-08
[train] step=28244 loss=0.003950 lr=9.431e-08
[train] step=28245 loss=0.007875 lr=9.421e-08
[train] step=28246 loss=0.004499 lr=9.412e-08
[train] step=28247 loss=0.004956 lr=9.402e-08
[train] step=28248 loss=0.004826 lr=9.393e-08
[train] step=28249 loss=0.003645 lr=9.383e-08
[train] step=28250 loss=0.004716 lr=9.374e-08
[train] step=28251 loss=0.003930 lr=9.364e-08
[train] step=28252 loss=0.009883 lr=9.355e-08
[train] step=28253 loss=0.008175 lr=9.345e-08
[train] step=28254 loss=0.009789 lr=9.336e-08
[train] step=28255 loss=0.006063 lr=9.326e-08
[train] step=28256 loss=0.005898 lr=9.317e-08
[train] step=28257 loss=0.009610 lr=9.307e-08
[train] step=28258 loss=0.009134 lr=9.298e-08
[train] step=28259 loss=0.003735 lr=9.288e-08
[train] step=28260 loss=0.006335 lr=9.279e-08
[train] step=28261 loss=0.002840 lr=9.269e-08
[train] step=28262 loss=0.014193 lr=9.260e-08
[train] step=28263 loss=0.008196 lr=9.250e-08
[train] step=28264 loss=0.008383 lr=9.241e-08
[train] step=28265 loss=0.008307 lr=9.231e-08
[train] step=28266 loss=0.005201 lr=9.222e-08
[train] step=28267 loss=0.004853 lr=9.212e-08
[train] step=28268 loss=0.003698 lr=9.203e-08
[train] step=28269 loss=0.001978 lr=9.193e-08
[train] step=28270 loss=0.008396 lr=9.184e-08
[train] step=28271 loss=0.004207 lr=9.175e-08
[train] step=28272 loss=0.004767 lr=9.165e-08
[train] step=28273 loss=0.006672 lr=9.156e-08
[train] step=28274 loss=0.003643 lr=9.146e-08
[train] step=28275 loss=0.004162 lr=9.137e-08
[train] step=28276 loss=0.006847 lr=9.128e-08
[train] step=28277 loss=0.007531 lr=9.118e-08
[train] step=28278 loss=0.010036 lr=9.109e-08
[train] step=28279 loss=0.005892 lr=9.099e-08
[train] step=28280 loss=0.007510 lr=9.090e-08
[train] step=28281 loss=0.015619 lr=9.081e-08
[train] step=28282 loss=0.006306 lr=9.071e-08
[train] step=28283 loss=0.001966 lr=9.062e-08
[train] step=28284 loss=0.004825 lr=9.053e-08
[train] step=28285 loss=0.004126 lr=9.043e-08
[train] step=28286 loss=0.003656 lr=9.034e-08
[train] step=28287 loss=0.030108 lr=9.025e-08
[train] step=28288 loss=0.003252 lr=9.015e-08
[train] step=28289 loss=0.011861 lr=9.006e-08
[train] step=28290 loss=0.007465 lr=8.997e-08
[train] step=28291 loss=0.007629 lr=8.987e-08
[train] step=28292 loss=0.006511 lr=8.978e-08
[train] step=28293 loss=0.027087 lr=8.969e-08
[train] step=28294 loss=0.003737 lr=8.959e-08
[train] step=28295 loss=0.004986 lr=8.950e-08
[train] step=28296 loss=0.011276 lr=8.941e-08
[train] step=28297 loss=0.004472 lr=8.931e-08
[train] step=28298 loss=0.003986 lr=8.922e-08
[train] step=28299 loss=0.004733 lr=8.913e-08
[train] step=28300 loss=0.005772 lr=8.904e-08
[train] step=28301 loss=0.002180 lr=8.894e-08
[train] step=28302 loss=0.003462 lr=8.885e-08
[train] step=28303 loss=0.004288 lr=8.876e-08
[train] step=28304 loss=0.004119 lr=8.867e-08
[train] step=28305 loss=0.003293 lr=8.857e-08
[train] step=28306 loss=0.010284 lr=8.848e-08
[train] step=28307 loss=0.007073 lr=8.839e-08
[train] step=28308 loss=0.006242 lr=8.830e-08
[train] step=28309 loss=0.003573 lr=8.820e-08
[train] step=28310 loss=0.002979 lr=8.811e-08
[train] step=28311 loss=0.003181 lr=8.802e-08
[train] step=28312 loss=0.004182 lr=8.793e-08
[train] step=28313 loss=0.002668 lr=8.784e-08
[train] step=28314 loss=0.008159 lr=8.774e-08
[train] step=28315 loss=0.004345 lr=8.765e-08
[train] step=28316 loss=0.002860 lr=8.756e-08
[train] step=28317 loss=0.009151 lr=8.747e-08
[train] step=28318 loss=0.002349 lr=8.738e-08
[train] step=28319 loss=0.003972 lr=8.728e-08
[train] step=28320 loss=0.007032 lr=8.719e-08
INFO     [rank 0] Model weights for step 28320 saved in      dit_trainer.py:1288
         checkpoints/model_weights_step_28320.safetensors                       
INFO     [rank 0] Scalar embedding weights for step 28320    dit_trainer.py:1297
         saved                                                                  
INFO     [rank 0] Training state saved:                      dit_trainer.py:1416
         checkpoints/model_weights_step_28320.state.pt                          
DEBUG    [rank 0] Removed old checkpoint:                    dit_trainer.py:1429
         /local/disk/hramachandran/work/wh_work/windinet/dit                    
         _outputs/lundquist/dit_sds_untrained_30k/checkpoint                    
         s/model_weights_step_28080.safetensors                                 
DEBUG    [rank 0] Removed old checkpoint:                    dit_trainer.py:1429
         /local/disk/hramachandran/work/wh_work/windinet/dit                    
         _outputs/lundquist/dit_sds_untrained_30k/checkpoint                    
         s/scalar_embedding_step_28080.safetensors                              
DEBUG    [rank 0] Removed optimizer state for older kept     dit_trainer.py:1444
         checkpoint:                                                            
         /local/disk/hramachandran/work/wh_work/windinet/dit                    
         _outputs/lundquist/dit_sds_untrained_30k/checkpoint                    
         s/model_weights_step_28200.state.pt                                    
[epoch 236] step=28320 train_loss=0.006515
[train] step=28321 loss=0.008791 lr=8.710e-08
[train] step=28322 loss=0.007496 lr=8.701e-08
[train] step=28323 loss=0.005437 lr=8.692e-08
[train] step=28324 loss=0.014863 lr=8.683e-08
[train] step=28325 loss=0.004051 lr=8.674e-08
[train] step=28326 loss=0.007756 lr=8.664e-08
[train] step=28327 loss=0.011508 lr=8.655e-08
[train] step=28328 loss=0.006056 lr=8.646e-08
[train] step=28329 loss=0.011821 lr=8.637e-08
[train] step=28330 loss=0.006448 lr=8.628e-08
[train] step=28331 loss=0.002296 lr=8.619e-08
[train] step=28332 loss=0.003544 lr=8.610e-08
[train] step=28333 loss=0.006098 lr=8.601e-08
[train] step=28334 loss=0.008924 lr=8.592e-08
[train] step=28335 loss=0.003654 lr=8.582e-08
[train] step=28336 loss=0.004436 lr=8.573e-08
[train] step=28337 loss=0.007276 lr=8.564e-08
[train] step=28338 loss=0.002870 lr=8.555e-08
[train] step=28339 loss=0.002709 lr=8.546e-08
[train] step=28340 loss=0.003055 lr=8.537e-08
[train] step=28341 loss=0.003722 lr=8.528e-08
[train] step=28342 loss=0.007906 lr=8.519e-08
[train] step=28343 loss=0.003479 lr=8.510e-08
[train] step=28344 loss=0.005494 lr=8.501e-08
[train] step=28345 loss=0.004897 lr=8.492e-08
[train] step=28346 loss=0.004406 lr=8.483e-08
[train] step=28347 loss=0.013336 lr=8.474e-08
[train] step=28348 loss=0.010036 lr=8.465e-08
[train] step=28349 loss=0.003755 lr=8.456e-08
[train] step=28350 loss=0.015556 lr=8.447e-08
[train] step=28351 loss=0.011705 lr=8.438e-08
[train] step=28352 loss=0.005158 lr=8.429e-08
[train] step=28353 loss=0.004376 lr=8.420e-08
[train] step=28354 loss=0.005552 lr=8.411e-08
[train] step=28355 loss=0.003420 lr=8.402e-08
[train] step=28356 loss=0.005416 lr=8.393e-08
[train] step=28357 loss=0.006538 lr=8.384e-08
[train] step=28358 loss=0.003369 lr=8.375e-08
[train] step=28359 loss=0.025329 lr=8.366e-08
[train] step=28360 loss=0.008946 lr=8.357e-08
[train] step=28361 loss=0.010634 lr=8.348e-08
[train] step=28362 loss=0.005649 lr=8.339e-08
[train] step=28363 loss=0.006736 lr=8.330e-08
[train] step=28364 loss=0.019365 lr=8.321e-08
[train] step=28365 loss=0.009730 lr=8.313e-08
[train] step=28366 loss=0.004429 lr=8.304e-08
[train] step=28367 loss=0.007388 lr=8.295e-08
[train] step=28368 loss=0.004803 lr=8.286e-08
[train] step=28369 loss=0.003919 lr=8.277e-08
[train] step=28370 loss=0.005616 lr=8.268e-08
[train] step=28371 loss=0.002195 lr=8.259e-08
[train] step=28372 loss=0.002575 lr=8.250e-08
[train] step=28373 loss=0.004622 lr=8.241e-08
[train] step=28374 loss=0.006682 lr=8.232e-08
[train] step=28375 loss=0.003600 lr=8.224e-08
[train] step=28376 loss=0.005768 lr=8.215e-08
[train] step=28377 loss=0.008225 lr=8.206e-08
[train] step=28378 loss=0.004855 lr=8.197e-08
[train] step=28379 loss=0.011655 lr=8.188e-08
[train] step=28380 loss=0.007694 lr=8.179e-08
[train] step=28381 loss=0.017648 lr=8.171e-08
[train] step=28382 loss=0.004368 lr=8.162e-08
[train] step=28383 loss=0.004581 lr=8.153e-08
[train] step=28384 loss=0.017938 lr=8.144e-08
[train] step=28385 loss=0.005254 lr=8.135e-08
[train] step=28386 loss=0.006356 lr=8.126e-08
[train] step=28387 loss=0.004588 lr=8.118e-08
[train] step=28388 loss=0.003877 lr=8.109e-08
[train] step=28389 loss=0.005857 lr=8.100e-08
[train] step=28390 loss=0.006442 lr=8.091e-08
[train] step=28391 loss=0.004929 lr=8.082e-08
[train] step=28392 loss=0.008097 lr=8.074e-08
[train] step=28393 loss=0.012911 lr=8.065e-08
[train] step=28394 loss=0.014325 lr=8.056e-08
[train] step=28395 loss=0.008785 lr=8.047e-08
[train] step=28396 loss=0.004070 lr=8.039e-08
[train] step=28397 loss=0.009167 lr=8.030e-08
[train] step=28398 loss=0.007295 lr=8.021e-08
[train] step=28399 loss=0.015753 lr=8.012e-08
[train] step=28400 loss=0.005533 lr=8.004e-08
[train] step=28401 loss=0.006031 lr=7.995e-08
[train] step=28402 loss=0.011860 lr=7.986e-08
[train] step=28403 loss=0.006245 lr=7.978e-08
[train] step=28404 loss=0.004796 lr=7.969e-08
[train] step=28405 loss=0.010068 lr=7.960e-08
[train] step=28406 loss=0.003035 lr=7.951e-08
[train] step=28407 loss=0.007149 lr=7.943e-08
[train] step=28408 loss=0.008242 lr=7.934e-08
[train] step=28409 loss=0.007384 lr=7.925e-08
[train] step=28410 loss=0.003348 lr=7.917e-08
[train] step=28411 loss=0.003974 lr=7.908e-08
[train] step=28412 loss=0.002344 lr=7.899e-08
[train] step=28413 loss=0.003305 lr=7.891e-08
[train] step=28414 loss=0.006147 lr=7.882e-08
[train] step=28415 loss=0.003617 lr=7.873e-08
[train] step=28416 loss=0.004721 lr=7.865e-08
[train] step=28417 loss=0.004166 lr=7.856e-08
[train] step=28418 loss=0.002370 lr=7.847e-08
[train] step=28419 loss=0.006531 lr=7.839e-08
[train] step=28420 loss=0.005879 lr=7.830e-08
[train] step=28421 loss=0.004834 lr=7.822e-08
[train] step=28422 loss=0.011058 lr=7.813e-08
[train] step=28423 loss=0.008588 lr=7.804e-08
[train] step=28424 loss=0.004551 lr=7.796e-08
[train] step=28425 loss=0.002865 lr=7.787e-08
[train] step=28426 loss=0.003775 lr=7.779e-08
[train] step=28427 loss=0.003839 lr=7.770e-08
[train] step=28428 loss=0.003988 lr=7.761e-08
[train] step=28429 loss=0.003308 lr=7.753e-08
[train] step=28430 loss=0.005840 lr=7.744e-08
[train] step=28431 loss=0.004673 lr=7.736e-08
[train] step=28432 loss=0.009204 lr=7.727e-08
[train] step=28433 loss=0.002555 lr=7.719e-08
[train] step=28434 loss=0.005837 lr=7.710e-08
[train] step=28435 loss=0.004378 lr=7.702e-08
[train] step=28436 loss=0.003453 lr=7.693e-08
[train] step=28437 loss=0.002659 lr=7.684e-08
[train] step=28438 loss=0.002827 lr=7.676e-08
[train] step=28439 loss=0.002512 lr=7.667e-08
[train] step=28440 loss=0.004341 lr=7.659e-08
INFO     [rank 0] Model weights for step 28440 saved in      dit_trainer.py:1288
         checkpoints/model_weights_step_28440.safetensors                       
INFO     [rank 0] Scalar embedding weights for step 28440    dit_trainer.py:1297
         saved                                                                  
INFO     [rank 0] Training state saved:                      dit_trainer.py:1416
         checkpoints/model_weights_step_28440.state.pt                          
DEBUG    [rank 0] Removed old checkpoint:                    dit_trainer.py:1429
         /local/disk/hramachandran/work/wh_work/windinet/dit                    
         _outputs/lundquist/dit_sds_untrained_30k/checkpoint                    
         s/model_weights_step_28200.safetensors                                 
DEBUG    [rank 0] Removed old checkpoint:                    dit_trainer.py:1429
         /local/disk/hramachandran/work/wh_work/windinet/dit                    
         _outputs/lundquist/dit_sds_untrained_30k/checkpoint                    
         s/scalar_embedding_step_28200.safetensors                              
DEBUG    [rank 0] Removed optimizer state for older kept     dit_trainer.py:1444
         checkpoint:                                                            
         /local/disk/hramachandran/work/wh_work/windinet/dit                    
         _outputs/lundquist/dit_sds_untrained_30k/checkpoint                    
         s/model_weights_step_28320.state.pt                                    
[epoch 237] step=28440 train_loss=0.006620
[train] step=28441 loss=0.005384 lr=7.650e-08
[train] step=28442 loss=0.007388 lr=7.642e-08
[train] step=28443 loss=0.011572 lr=7.633e-08
[train] step=28444 loss=0.003996 lr=7.625e-08
[train] step=28445 loss=0.007664 lr=7.616e-08
[train] step=28446 loss=0.002116 lr=7.608e-08
[train] step=28447 loss=0.009362 lr=7.599e-08
[train] step=28448 loss=0.005949 lr=7.591e-08
[train] step=28449 loss=0.005210 lr=7.582e-08
[train] step=28450 loss=0.016666 lr=7.574e-08
[train] step=28451 loss=0.026055 lr=7.566e-08
[train] step=28452 loss=0.004087 lr=7.557e-08
[train] step=28453 loss=0.006152 lr=7.549e-08
[train] step=28454 loss=0.015391 lr=7.540e-08
[train] step=28455 loss=0.003169 lr=7.532e-08
[train] step=28456 loss=0.017203 lr=7.523e-08
[train] step=28457 loss=0.008415 lr=7.515e-08
[train] step=28458 loss=0.003576 lr=7.507e-08
[train] step=28459 loss=0.002997 lr=7.498e-08
[train] step=28460 loss=0.005348 lr=7.490e-08
[train] step=28461 loss=0.008806 lr=7.481e-08
[train] step=28462 loss=0.005124 lr=7.473e-08
[train] step=28463 loss=0.003935 lr=7.465e-08
[train] step=28464 loss=0.002744 lr=7.456e-08
[train] step=28465 loss=0.006938 lr=7.448e-08
[train] step=28466 loss=0.004632 lr=7.439e-08
[train] step=28467 loss=0.007257 lr=7.431e-08
[train] step=28468 loss=0.004914 lr=7.423e-08
[train] step=28469 loss=0.002820 lr=7.414e-08
[train] step=28470 loss=0.004992 lr=7.406e-08
[train] step=28471 loss=0.004699 lr=7.398e-08
[train] step=28472 loss=0.005682 lr=7.389e-08
[train] step=28473 loss=0.018194 lr=7.381e-08
[train] step=28474 loss=0.004653 lr=7.373e-08
[train] step=28475 loss=0.009393 lr=7.364e-08
[train] step=28476 loss=0.006115 lr=7.356e-08
[train] step=28477 loss=0.006232 lr=7.348e-08
[train] step=28478 loss=0.007676 lr=7.339e-08
[train] step=28479 loss=0.015849 lr=7.331e-08
[train] step=28480 loss=0.005370 lr=7.323e-08
[train] step=28481 loss=0.003047 lr=7.314e-08
[train] step=28482 loss=0.003110 lr=7.306e-08
[train] step=28483 loss=0.007604 lr=7.298e-08
[train] step=28484 loss=0.002720 lr=7.290e-08
[train] step=28485 loss=0.005205 lr=7.281e-08
[train] step=28486 loss=0.003197 lr=7.273e-08
[train] step=28487 loss=0.009305 lr=7.265e-08
[train] step=28488 loss=0.004357 lr=7.257e-08
[train] step=28489 loss=0.004475 lr=7.248e-08
[train] step=28490 loss=0.003845 lr=7.240e-08
[train] step=28491 loss=0.019044 lr=7.232e-08
[train] step=28492 loss=0.003713 lr=7.224e-08
[train] step=28493 loss=0.006470 lr=7.215e-08
[train] step=28494 loss=0.004830 lr=7.207e-08
[train] step=28495 loss=0.004119 lr=7.199e-08
[train] step=28496 loss=0.012126 lr=7.191e-08
[train] step=28497 loss=0.007197 lr=7.182e-08
[train] step=28498 loss=0.004690 lr=7.174e-08
[train] step=28499 loss=0.006782 lr=7.166e-08
[train] step=28500 loss=0.009759 lr=7.158e-08
[train] step=28501 loss=0.007061 lr=7.150e-08
[train] step=28502 loss=0.007572 lr=7.141e-08
[train] step=28503 loss=0.004080 lr=7.133e-08
[train] step=28504 loss=0.003629 lr=7.125e-08
[train] step=28505 loss=0.005021 lr=7.117e-08
[train] step=28506 loss=0.002216 lr=7.109e-08
[train] step=28507 loss=0.007159 lr=7.101e-08
[train] step=28508 loss=0.007118 lr=7.093e-08
[train] step=28509 loss=0.006983 lr=7.084e-08
[train] step=28510 loss=0.008357 lr=7.076e-08
[train] step=28511 loss=0.006537 lr=7.068e-08
[train] step=28512 loss=0.006178 lr=7.060e-08
[train] step=28513 loss=0.009268 lr=7.052e-08
[train] step=28514 loss=0.007991 lr=7.044e-08
[train] step=28515 loss=0.010593 lr=7.036e-08
[train] step=28516 loss=0.007440 lr=7.028e-08
[train] step=28517 loss=0.002315 lr=7.019e-08
[train] step=28518 loss=0.003006 lr=7.011e-08
[train] step=28519 loss=0.005301 lr=7.003e-08
[train] step=28520 loss=0.013343 lr=6.995e-08
[train] step=28521 loss=0.002754 lr=6.987e-08
[train] step=28522 loss=0.008917 lr=6.979e-08
[train] step=28523 loss=0.005274 lr=6.971e-08
[train] step=28524 loss=0.012368 lr=6.963e-08
[train] step=28525 loss=0.006419 lr=6.955e-08
[train] step=28526 loss=0.004374 lr=6.947e-08
[train] step=28527 loss=0.002595 lr=6.939e-08
[train] step=28528 loss=0.008126 lr=6.931e-08
[train] step=28529 loss=0.004433 lr=6.923e-08
[train] step=28530 loss=0.004109 lr=6.915e-08
[train] step=28531 loss=0.004197 lr=6.907e-08
[train] step=28532 loss=0.004429 lr=6.899e-08
[train] step=28533 loss=0.004934 lr=6.891e-08
[train] step=28534 loss=0.003989 lr=6.883e-08
[train] step=28535 loss=0.007493 lr=6.875e-08
[train] step=28536 loss=0.001931 lr=6.867e-08
[train] step=28537 loss=0.004653 lr=6.859e-08
[train] step=28538 loss=0.003081 lr=6.851e-08
[train] step=28539 loss=0.034900 lr=6.843e-08
[train] step=28540 loss=0.012935 lr=6.835e-08
[train] step=28541 loss=0.004091 lr=6.827e-08
[train] step=28542 loss=0.012852 lr=6.819e-08
[train] step=28543 loss=0.005318 lr=6.811e-08
[train] step=28544 loss=0.007245 lr=6.803e-08
[train] step=28545 loss=0.003945 lr=6.795e-08
[train] step=28546 loss=0.002488 lr=6.787e-08
[train] step=28547 loss=0.004290 lr=6.779e-08
[train] step=28548 loss=0.010270 lr=6.771e-08
[train] step=28549 loss=0.005987 lr=6.763e-08
[train] step=28550 loss=0.004383 lr=6.755e-08
[train] step=28551 loss=0.005076 lr=6.747e-08
[train] step=28552 loss=0.007386 lr=6.739e-08
[train] step=28553 loss=0.007405 lr=6.731e-08
[train] step=28554 loss=0.014323 lr=6.724e-08
[train] step=28555 loss=0.006683 lr=6.716e-08
[train] step=28556 loss=0.003974 lr=6.708e-08
[train] step=28557 loss=0.009784 lr=6.700e-08
[train] step=28558 loss=0.003518 lr=6.692e-08
[train] step=28559 loss=0.006575 lr=6.684e-08
[train] step=28560 loss=0.003123 lr=6.676e-08
INFO     [rank 0] Model weights for step 28560 saved in      dit_trainer.py:1288
         checkpoints/model_weights_step_28560.safetensors                       
INFO     [rank 0] Scalar embedding weights for step 28560    dit_trainer.py:1297
         saved                                                                  
INFO     [rank 0] Training state saved:                      dit_trainer.py:1416
         checkpoints/model_weights_step_28560.state.pt                          
DEBUG    [rank 0] Removed old checkpoint:                    dit_trainer.py:1429
         /local/disk/hramachandran/work/wh_work/windinet/dit                    
         _outputs/lundquist/dit_sds_untrained_30k/checkpoint                    
         s/model_weights_step_28320.safetensors                                 
DEBUG    [rank 0] Removed old checkpoint:                    dit_trainer.py:1429
         /local/disk/hramachandran/work/wh_work/windinet/dit                    
         _outputs/lundquist/dit_sds_untrained_30k/checkpoint                    
         s/scalar_embedding_step_28320.safetensors                              
DEBUG    [rank 0] Removed optimizer state for older kept     dit_trainer.py:1444
         checkpoint:                                                            
         /local/disk/hramachandran/work/wh_work/windinet/dit                    
         _outputs/lundquist/dit_sds_untrained_30k/checkpoint                    
         s/model_weights_step_28440.state.pt                                    
[epoch 238] step=28560 train_loss=0.006936
[train] step=28561 loss=0.009675 lr=6.668e-08
[train] step=28562 loss=0.006097 lr=6.661e-08
[train] step=28563 loss=0.004829 lr=6.653e-08
[train] step=28564 loss=0.004624 lr=6.645e-08
[train] step=28565 loss=0.008649 lr=6.637e-08
[train] step=28566 loss=0.003129 lr=6.629e-08
[train] step=28567 loss=0.004931 lr=6.621e-08
[train] step=28568 loss=0.004449 lr=6.614e-08
[train] step=28569 loss=0.004453 lr=6.606e-08
[train] step=28570 loss=0.003123 lr=6.598e-08
[train] step=28571 loss=0.023476 lr=6.590e-08
[train] step=28572 loss=0.005049 lr=6.582e-08
[train] step=28573 loss=0.004489 lr=6.575e-08
[train] step=28574 loss=0.006246 lr=6.567e-08
[train] step=28575 loss=0.014695 lr=6.559e-08
[train] step=28576 loss=0.005675 lr=6.551e-08
[train] step=28577 loss=0.004003 lr=6.543e-08
[train] step=28578 loss=0.012817 lr=6.536e-08
[train] step=28579 loss=0.005780 lr=6.528e-08
[train] step=28580 loss=0.008965 lr=6.520e-08
[train] step=28581 loss=0.005391 lr=6.512e-08
[train] step=28582 loss=0.002533 lr=6.505e-08
[train] step=28583 loss=0.006806 lr=6.497e-08
[train] step=28584 loss=0.004923 lr=6.489e-08
[train] step=28585 loss=0.004656 lr=6.481e-08
[train] step=28586 loss=0.007225 lr=6.474e-08
[train] step=28587 loss=0.002067 lr=6.466e-08
[train] step=28588 loss=0.006473 lr=6.458e-08
[train] step=28589 loss=0.005498 lr=6.451e-08
[train] step=28590 loss=0.004415 lr=6.443e-08
[train] step=28591 loss=0.006526 lr=6.435e-08
[train] step=28592 loss=0.005975 lr=6.427e-08
[train] step=28593 loss=0.004881 lr=6.420e-08
[train] step=28594 loss=0.030841 lr=6.412e-08
[train] step=28595 loss=0.004745 lr=6.404e-08
[train] step=28596 loss=0.003086 lr=6.397e-08
[train] step=28597 loss=0.004502 lr=6.389e-08
[train] step=28598 loss=0.010371 lr=6.381e-08
[train] step=28599 loss=0.003948 lr=6.374e-08
[train] step=28600 loss=0.005330 lr=6.366e-08
[train] step=28601 loss=0.003495 lr=6.358e-08
[train] step=28602 loss=0.002092 lr=6.351e-08
[train] step=28603 loss=0.004215 lr=6.343e-08
[train] step=28604 loss=0.004264 lr=6.336e-08
[train] step=28605 loss=0.005511 lr=6.328e-08
[train] step=28606 loss=0.010432 lr=6.320e-08
[train] step=28607 loss=0.005913 lr=6.313e-08
[train] step=28608 loss=0.015134 lr=6.305e-08
[train] step=28609 loss=0.005990 lr=6.298e-08
[train] step=28610 loss=0.003712 lr=6.290e-08
[train] step=28611 loss=0.004389 lr=6.282e-08
[train] step=28612 loss=0.005881 lr=6.275e-08
[train] step=28613 loss=0.003418 lr=6.267e-08
[train] step=28614 loss=0.004004 lr=6.260e-08
[train] step=28615 loss=0.005926 lr=6.252e-08
[train] step=28616 loss=0.004100 lr=6.244e-08
[train] step=28617 loss=0.010086 lr=6.237e-08
[train] step=28618 loss=0.004601 lr=6.229e-08
[train] step=28619 loss=0.010472 lr=6.222e-08
[train] step=28620 loss=0.022746 lr=6.214e-08
[train] step=28621 loss=0.005319 lr=6.207e-08
[train] step=28622 loss=0.009771 lr=6.199e-08
[train] step=28623 loss=0.011402 lr=6.192e-08
[train] step=28624 loss=0.014211 lr=6.184e-08
[train] step=28625 loss=0.008531 lr=6.177e-08
[train] step=28626 loss=0.002812 lr=6.169e-08
[train] step=28627 loss=0.006017 lr=6.162e-08
[train] step=28628 loss=0.003125 lr=6.154e-08
[train] step=28629 loss=0.005431 lr=6.147e-08
[train] step=28630 loss=0.001653 lr=6.139e-08
[train] step=28631 loss=0.005940 lr=6.132e-08
[train] step=28632 loss=0.006826 lr=6.124e-08
[train] step=28633 loss=0.039073 lr=6.117e-08
[train] step=28634 loss=0.003392 lr=6.109e-08
[train] step=28635 loss=0.005944 lr=6.102e-08
[train] step=28636 loss=0.007831 lr=6.094e-08
[train] step=28637 loss=0.008306 lr=6.087e-08
[train] step=28638 loss=0.010228 lr=6.079e-08
[train] step=28639 loss=0.004183 lr=6.072e-08
[train] step=28640 loss=0.011133 lr=6.065e-08
[train] step=28641 loss=0.006102 lr=6.057e-08
[train] step=28642 loss=0.025278 lr=6.050e-08
[train] step=28643 loss=0.006284 lr=6.042e-08
[train] step=28644 loss=0.004788 lr=6.035e-08
[train] step=28645 loss=0.008672 lr=6.028e-08
[train] step=28646 loss=0.003489 lr=6.020e-08
[train] step=28647 loss=0.006090 lr=6.013e-08
[train] step=28648 loss=0.007190 lr=6.005e-08
[train] step=28649 loss=0.008327 lr=5.998e-08
[train] step=28650 loss=0.004756 lr=5.991e-08
[train] step=28651 loss=0.005350 lr=5.983e-08
[train] step=28652 loss=0.004518 lr=5.976e-08
[train] step=28653 loss=0.004468 lr=5.968e-08
[train] step=28654 loss=0.010223 lr=5.961e-08
[train] step=28655 loss=0.004339 lr=5.954e-08
[train] step=28656 loss=0.005892 lr=5.946e-08
[train] step=28657 loss=0.003378 lr=5.939e-08
[train] step=28658 loss=0.004797 lr=5.932e-08
[train] step=28659 loss=0.009938 lr=5.924e-08
[train] step=28660 loss=0.005339 lr=5.917e-08
[train] step=28661 loss=0.003625 lr=5.910e-08
[train] step=28662 loss=0.005030 lr=5.902e-08
[train] step=28663 loss=0.003495 lr=5.895e-08
[train] step=28664 loss=0.007741 lr=5.888e-08
[train] step=28665 loss=0.005736 lr=5.881e-08
[train] step=28666 loss=0.008574 lr=5.873e-08
[train] step=28667 loss=0.004092 lr=5.866e-08
[train] step=28668 loss=0.003748 lr=5.859e-08
[train] step=28669 loss=0.006329 lr=5.851e-08
[train] step=28670 loss=0.003661 lr=5.844e-08
[train] step=28671 loss=0.005059 lr=5.837e-08
[train] step=28672 loss=0.004538 lr=5.830e-08
[train] step=28673 loss=0.002767 lr=5.822e-08
[train] step=28674 loss=0.004937 lr=5.815e-08
[train] step=28675 loss=0.004233 lr=5.808e-08
[train] step=28676 loss=0.018724 lr=5.801e-08
[train] step=28677 loss=0.004865 lr=5.793e-08
[train] step=28678 loss=0.005012 lr=5.786e-08
[train] step=28679 loss=0.003588 lr=5.779e-08
[train] step=28680 loss=0.005543 lr=5.772e-08
INFO     [rank 0] Model weights for step 28680 saved in      dit_trainer.py:1288
         checkpoints/model_weights_step_28680.safetensors                       
INFO     [rank 0] Scalar embedding weights for step 28680    dit_trainer.py:1297
         saved                                                                  
INFO     [rank 0] Training state saved:                      dit_trainer.py:1416
         checkpoints/model_weights_step_28680.state.pt                          
DEBUG    [rank 0] Removed old checkpoint:                    dit_trainer.py:1429
         /local/disk/hramachandran/work/wh_work/windinet/dit                    
         _outputs/lundquist/dit_sds_untrained_30k/checkpoint                    
         s/model_weights_step_28440.safetensors                                 
DEBUG    [rank 0] Removed old checkpoint:                    dit_trainer.py:1429
         /local/disk/hramachandran/work/wh_work/windinet/dit                    
         _outputs/lundquist/dit_sds_untrained_30k/checkpoint                    
         s/scalar_embedding_step_28440.safetensors                              
DEBUG    [rank 0] Removed optimizer state for older kept     dit_trainer.py:1444
         checkpoint:                                                            
         /local/disk/hramachandran/work/wh_work/windinet/dit                    
         _outputs/lundquist/dit_sds_untrained_30k/checkpoint                    
         s/model_weights_step_28560.state.pt                                    
[epoch 239] step=28680 train_loss=0.006925
[train] step=28681 loss=0.003594 lr=5.765e-08
[train] step=28682 loss=0.009093 lr=5.757e-08
[train] step=28683 loss=0.004091 lr=5.750e-08
[train] step=28684 loss=0.003615 lr=5.743e-08
[train] step=28685 loss=0.004580 lr=5.736e-08
[train] step=28686 loss=0.007562 lr=5.729e-08
[train] step=28687 loss=0.002971 lr=5.721e-08
[train] step=28688 loss=0.009226 lr=5.714e-08
[train] step=28689 loss=0.002723 lr=5.707e-08
[train] step=28690 loss=0.005188 lr=5.700e-08
[train] step=28691 loss=0.004999 lr=5.693e-08
[train] step=28692 loss=0.010136 lr=5.686e-08
[train] step=28693 loss=0.003818 lr=5.678e-08
[train] step=28694 loss=0.008084 lr=5.671e-08
[train] step=28695 loss=0.004621 lr=5.664e-08
[train] step=28696 loss=0.003449 lr=5.657e-08
[train] step=28697 loss=0.003686 lr=5.650e-08
[train] step=28698 loss=0.003867 lr=5.643e-08
[train] step=28699 loss=0.003616 lr=5.636e-08
[train] step=28700 loss=0.005959 lr=5.629e-08
[train] step=28701 loss=0.005466 lr=5.621e-08
[train] step=28702 loss=0.004004 lr=5.614e-08
[train] step=28703 loss=0.007490 lr=5.607e-08
[train] step=28704 loss=0.004048 lr=5.600e-08
[train] step=28705 loss=0.003626 lr=5.593e-08
[train] step=28706 loss=0.014735 lr=5.586e-08
[train] step=28707 loss=0.005547 lr=5.579e-08
[train] step=28708 loss=0.004220 lr=5.572e-08
[train] step=28709 loss=0.003995 lr=5.565e-08
[train] step=28710 loss=0.008199 lr=5.558e-08
[train] step=28711 loss=0.004269 lr=5.551e-08
[train] step=28712 loss=0.005558 lr=5.544e-08
[train] step=28713 loss=0.012726 lr=5.537e-08
[train] step=28714 loss=0.005778 lr=5.530e-08
[train] step=28715 loss=0.004705 lr=5.523e-08
[train] step=28716 loss=0.007185 lr=5.516e-08
[train] step=28717 loss=0.006786 lr=5.509e-08
[train] step=28718 loss=0.004322 lr=5.502e-08
[train] step=28719 loss=0.007000 lr=5.495e-08
[train] step=28720 loss=0.004466 lr=5.488e-08
[train] step=28721 loss=0.004179 lr=5.481e-08
[train] step=28722 loss=0.012713 lr=5.474e-08
[train] step=28723 loss=0.007241 lr=5.467e-08
[train] step=28724 loss=0.025545 lr=5.460e-08
[train] step=28725 loss=0.004380 lr=5.453e-08
[train] step=28726 loss=0.004772 lr=5.446e-08
[train] step=28727 loss=0.006732 lr=5.439e-08
[train] step=28728 loss=0.006735 lr=5.432e-08
[train] step=28729 loss=0.004123 lr=5.425e-08
[train] step=28730 loss=0.002887 lr=5.418e-08
[train] step=28731 loss=0.006811 lr=5.411e-08
[train] step=28732 loss=0.004507 lr=5.404e-08
[train] step=28733 loss=0.002156 lr=5.397e-08
[train] step=28734 loss=0.006635 lr=5.390e-08
[train] step=28735 loss=0.004793 lr=5.383e-08
[train] step=28736 loss=0.004634 lr=5.376e-08
[train] step=28737 loss=0.006270 lr=5.369e-08
[train] step=28738 loss=0.005707 lr=5.363e-08
[train] step=28739 loss=0.007671 lr=5.356e-08
[train] step=28740 loss=0.005478 lr=5.349e-08
[train] step=28741 loss=0.006817 lr=5.342e-08
[train] step=28742 loss=0.010143 lr=5.335e-08
[train] step=28743 loss=0.010725 lr=5.328e-08
[train] step=28744 loss=0.005659 lr=5.321e-08
[train] step=28745 loss=0.003889 lr=5.314e-08
[train] step=28746 loss=0.007949 lr=5.307e-08
[train] step=28747 loss=0.012071 lr=5.301e-08
[train] step=28748 loss=0.005353 lr=5.294e-08
[train] step=28749 loss=0.005637 lr=5.287e-08
[train] step=28750 loss=0.005460 lr=5.280e-08
[train] step=28751 loss=0.003852 lr=5.273e-08
[train] step=28752 loss=0.013748 lr=5.266e-08
[train] step=28753 loss=0.003872 lr=5.260e-08
[train] step=28754 loss=0.023132 lr=5.253e-08
[train] step=28755 loss=0.002606 lr=5.246e-08
[train] step=28756 loss=0.005268 lr=5.239e-08
[train] step=28757 loss=0.011230 lr=5.232e-08
[train] step=28758 loss=0.006151 lr=5.226e-08
[train] step=28759 loss=0.005413 lr=5.219e-08
[train] step=28760 loss=0.002332 lr=5.212e-08
[train] step=28761 loss=0.003432 lr=5.205e-08
[train] step=28762 loss=0.008752 lr=5.199e-08
[train] step=28763 loss=0.003030 lr=5.192e-08
[train] step=28764 loss=0.004280 lr=5.185e-08
[train] step=28765 loss=0.003539 lr=5.178e-08
[train] step=28766 loss=0.011816 lr=5.171e-08
[train] step=28767 loss=0.011891 lr=5.165e-08
[train] step=28768 loss=0.005434 lr=5.158e-08
[train] step=28769 loss=0.004998 lr=5.151e-08
[train] step=28770 loss=0.008542 lr=5.145e-08
[train] step=28771 loss=0.004675 lr=5.138e-08
[train] step=28772 loss=0.012715 lr=5.131e-08
[train] step=28773 loss=0.026745 lr=5.124e-08
[train] step=28774 loss=0.002913 lr=5.118e-08
[train] step=28775 loss=0.003055 lr=5.111e-08
[train] step=28776 loss=0.003881 lr=5.104e-08
[train] step=28777 loss=0.004466 lr=5.098e-08
[train] step=28778 loss=0.011161 lr=5.091e-08
[train] step=28779 loss=0.003486 lr=5.084e-08
[train] step=28780 loss=0.003694 lr=5.078e-08
[train] step=28781 loss=0.008464 lr=5.071e-08
[train] step=28782 loss=0.006578 lr=5.064e-08
[train] step=28783 loss=0.003539 lr=5.058e-08
[train] step=28784 loss=0.004121 lr=5.051e-08
[train] step=28785 loss=0.006570 lr=5.044e-08
[train] step=28786 loss=0.005726 lr=5.038e-08
[train] step=28787 loss=0.002555 lr=5.031e-08
[train] step=28788 loss=0.004252 lr=5.024e-08
[train] step=28789 loss=0.005220 lr=5.018e-08
[train] step=28790 loss=0.009215 lr=5.011e-08
[train] step=28791 loss=0.002404 lr=5.005e-08
[train] step=28792 loss=0.004890 lr=4.998e-08
[train] step=28793 loss=0.023058 lr=4.991e-08
[train] step=28794 loss=0.012620 lr=4.985e-08
[train] step=28795 loss=0.008478 lr=4.978e-08
[train] step=28796 loss=0.003335 lr=4.972e-08
[train] step=28797 loss=0.028082 lr=4.965e-08
[train] step=28798 loss=0.009700 lr=4.958e-08
[train] step=28799 loss=0.008260 lr=4.952e-08
[train] step=28800 loss=0.005538 lr=4.945e-08
[val] step=28800 val_loss=0.014412
INFO     [rank 0] Model weights for step 28800 saved in      dit_trainer.py:1288
         checkpoints/model_weights_step_28800.safetensors                       
INFO     [rank 0] Scalar embedding weights for step 28800    dit_trainer.py:1297
         saved                                                                  
INFO     [rank 0] Training state saved:                      dit_trainer.py:1416
         checkpoints/model_weights_step_28800.state.pt                          
DEBUG    [rank 0] Removed old checkpoint:                    dit_trainer.py:1429
         /local/disk/hramachandran/work/wh_work/windinet/dit                    
         _outputs/lundquist/dit_sds_untrained_30k/checkpoint                    
         s/model_weights_step_28560.safetensors                                 
DEBUG    [rank 0] Removed old checkpoint:                    dit_trainer.py:1429
         /local/disk/hramachandran/work/wh_work/windinet/dit                    
         _outputs/lundquist/dit_sds_untrained_30k/checkpoint                    
         s/scalar_embedding_step_28560.safetensors                              
DEBUG    [rank 0] Removed optimizer state for older kept     dit_trainer.py:1444
         checkpoint:                                                            
         /local/disk/hramachandran/work/wh_work/windinet/dit                    
         _outputs/lundquist/dit_sds_untrained_30k/checkpoint                    
         s/model_weights_step_28680.state.pt                                    
[epoch 240] step=28800 train_loss=0.006828 val_loss=0.014412
[train] step=28801 loss=0.003530 lr=4.939e-08
[train] step=28802 loss=0.007582 lr=4.932e-08
[train] step=28803 loss=0.011956 lr=4.926e-08
[train] step=28804 loss=0.003341 lr=4.919e-08
[train] step=28805 loss=0.002135 lr=4.913e-08
[train] step=28806 loss=0.012232 lr=4.906e-08
[train] step=28807 loss=0.007447 lr=4.899e-08
[train] step=28808 loss=0.005160 lr=4.893e-08
[train] step=28809 loss=0.002137 lr=4.886e-08
[train] step=28810 loss=0.003728 lr=4.880e-08
[train] step=28811 loss=0.002744 lr=4.873e-08
[train] step=28812 loss=0.005766 lr=4.867e-08
[train] step=28813 loss=0.005141 lr=4.860e-08
[train] step=28814 loss=0.004515 lr=4.854e-08
[train] step=28815 loss=0.009111 lr=4.847e-08
[train] step=28816 loss=0.004572 lr=4.841e-08
[train] step=28817 loss=0.001960 lr=4.835e-08
[train] step=28818 loss=0.003768 lr=4.828e-08
[train] step=28819 loss=0.005087 lr=4.822e-08
[train] step=28820 loss=0.003200 lr=4.815e-08
[train] step=28821 loss=0.011065 lr=4.809e-08
[train] step=28822 loss=0.005289 lr=4.802e-08
[train] step=28823 loss=0.005517 lr=4.796e-08
[train] step=28824 loss=0.008937 lr=4.789e-08
[train] step=28825 loss=0.005346 lr=4.783e-08
[train] step=28826 loss=0.004752 lr=4.777e-08
[train] step=28827 loss=0.004743 lr=4.770e-08
[train] step=28828 loss=0.008105 lr=4.764e-08
[train] step=28829 loss=0.005120 lr=4.757e-08
[train] step=28830 loss=0.008924 lr=4.751e-08
[train] step=28831 loss=0.003950 lr=4.744e-08
[train] step=28832 loss=0.007889 lr=4.738e-08
[train] step=28833 loss=0.019497 lr=4.732e-08
[train] step=28834 loss=0.018491 lr=4.725e-08
[train] step=28835 loss=0.013356 lr=4.719e-08
[train] step=28836 loss=0.004475 lr=4.713e-08
[train] step=28837 loss=0.007326 lr=4.706e-08
[train] step=28838 loss=0.004822 lr=4.700e-08
[train] step=28839 loss=0.002989 lr=4.694e-08
[train] step=28840 loss=0.006946 lr=4.687e-08
[train] step=28841 loss=0.004378 lr=4.681e-08
[train] step=28842 loss=0.003375 lr=4.674e-08
[train] step=28843 loss=0.004764 lr=4.668e-08
[train] step=28844 loss=0.005627 lr=4.662e-08
[train] step=28845 loss=0.007885 lr=4.656e-08
[train] step=28846 loss=0.007732 lr=4.649e-08
[train] step=28847 loss=0.002886 lr=4.643e-08
[train] step=28848 loss=0.003311 lr=4.637e-08
[train] step=28849 loss=0.011173 lr=4.630e-08
[train] step=28850 loss=0.010914 lr=4.624e-08
[train] step=28851 loss=0.004543 lr=4.618e-08
[train] step=28852 loss=0.005619 lr=4.611e-08
[train] step=28853 loss=0.005360 lr=4.605e-08
[train] step=28854 loss=0.013652 lr=4.599e-08
[train] step=28855 loss=0.007582 lr=4.593e-08
[train] step=28856 loss=0.005132 lr=4.586e-08
[train] step=28857 loss=0.005297 lr=4.580e-08
[train] step=28858 loss=0.004826 lr=4.574e-08
[train] step=28859 loss=0.002569 lr=4.568e-08
[train] step=28860 loss=0.002308 lr=4.561e-08
[train] step=28861 loss=0.007016 lr=4.555e-08
[train] step=28862 loss=0.006639 lr=4.549e-08
[train] step=28863 loss=0.002410 lr=4.543e-08
[train] step=28864 loss=0.010493 lr=4.536e-08
[train] step=28865 loss=0.002868 lr=4.530e-08
[train] step=28866 loss=0.002769 lr=4.524e-08
[train] step=28867 loss=0.004169 lr=4.518e-08
[train] step=28868 loss=0.003308 lr=4.512e-08
[train] step=28869 loss=0.008886 lr=4.505e-08
[train] step=28870 loss=0.009734 lr=4.499e-08
[train] step=28871 loss=0.005954 lr=4.493e-08
[train] step=28872 loss=0.003798 lr=4.487e-08
[train] step=28873 loss=0.002431 lr=4.481e-08
[train] step=28874 loss=0.003190 lr=4.475e-08
[train] step=28875 loss=0.002910 lr=4.468e-08
[train] step=28876 loss=0.003801 lr=4.462e-08
[train] step=28877 loss=0.012263 lr=4.456e-08
[train] step=28878 loss=0.006299 lr=4.450e-08
[train] step=28879 loss=0.008286 lr=4.444e-08
[train] step=28880 loss=0.014797 lr=4.438e-08
[train] step=28881 loss=0.008938 lr=4.432e-08
[train] step=28882 loss=0.004631 lr=4.426e-08
[train] step=28883 loss=0.036506 lr=4.419e-08
[train] step=28884 loss=0.010854 lr=4.413e-08
[train] step=28885 loss=0.003230 lr=4.407e-08
[train] step=28886 loss=0.008957 lr=4.401e-08
[train] step=28887 loss=0.003939 lr=4.395e-08
[train] step=28888 loss=0.006294 lr=4.389e-08
[train] step=28889 loss=0.003467 lr=4.383e-08
[train] step=28890 loss=0.006066 lr=4.377e-08
[train] step=28891 loss=0.011500 lr=4.371e-08
[train] step=28892 loss=0.003777 lr=4.365e-08
[train] step=28893 loss=0.002505 lr=4.359e-08
[train] step=28894 loss=0.003928 lr=4.353e-08
[train] step=28895 loss=0.005388 lr=4.346e-08
[train] step=28896 loss=0.005270 lr=4.340e-08
[train] step=28897 loss=0.003232 lr=4.334e-08
[train] step=28898 loss=0.015594 lr=4.328e-08
[train] step=28899 loss=0.004387 lr=4.322e-08
[train] step=28900 loss=0.002996 lr=4.316e-08
[train] step=28901 loss=0.004777 lr=4.310e-08
[train] step=28902 loss=0.021998 lr=4.304e-08
[train] step=28903 loss=0.017862 lr=4.298e-08
[train] step=28904 loss=0.004636 lr=4.292e-08
[train] step=28905 loss=0.002054 lr=4.286e-08
[train] step=28906 loss=0.011089 lr=4.280e-08
[train] step=28907 loss=0.005696 lr=4.274e-08
[train] step=28908 loss=0.006375 lr=4.268e-08
[train] step=28909 loss=0.003102 lr=4.262e-08
[train] step=28910 loss=0.009417 lr=4.256e-08
[train] step=28911 loss=0.017549 lr=4.250e-08
[train] step=28912 loss=0.003049 lr=4.244e-08
[train] step=28913 loss=0.005941 lr=4.239e-08
[train] step=28914 loss=0.005354 lr=4.233e-08
[train] step=28915 loss=0.017997 lr=4.227e-08
[train] step=28916 loss=0.006331 lr=4.221e-08
[train] step=28917 loss=0.009489 lr=4.215e-08
[train] step=28918 loss=0.005406 lr=4.209e-08
[train] step=28919 loss=0.005550 lr=4.203e-08
[train] step=28920 loss=0.004185 lr=4.197e-08
INFO     [rank 0] Model weights for step 28920 saved in      dit_trainer.py:1288
         checkpoints/model_weights_step_28920.safetensors                       
INFO     [rank 0] Scalar embedding weights for step 28920    dit_trainer.py:1297
         saved                                                                  
INFO     [rank 0] Training state saved:                      dit_trainer.py:1416
         checkpoints/model_weights_step_28920.state.pt                          
DEBUG    [rank 0] Removed old checkpoint:                    dit_trainer.py:1429
         /local/disk/hramachandran/work/wh_work/windinet/dit                    
         _outputs/lundquist/dit_sds_untrained_30k/checkpoint                    
         s/model_weights_step_28680.safetensors                                 
DEBUG    [rank 0] Removed old checkpoint:                    dit_trainer.py:1429
         /local/disk/hramachandran/work/wh_work/windinet/dit                    
         _outputs/lundquist/dit_sds_untrained_30k/checkpoint                    
         s/scalar_embedding_step_28680.safetensors                              
DEBUG    [rank 0] Removed optimizer state for older kept     dit_trainer.py:1444
         checkpoint:                                                            
         /local/disk/hramachandran/work/wh_work/windinet/dit                    
         _outputs/lundquist/dit_sds_untrained_30k/checkpoint                    
         s/model_weights_step_28800.state.pt                                    
[epoch 241] step=28920 train_loss=0.006869
[train] step=28921 loss=0.005065 lr=4.191e-08
[train] step=28922 loss=0.006183 lr=4.185e-08
[train] step=28923 loss=0.008425 lr=4.179e-08
[train] step=28924 loss=0.005198 lr=4.173e-08
[train] step=28925 loss=0.003842 lr=4.168e-08
[train] step=28926 loss=0.003615 lr=4.162e-08
[train] step=28927 loss=0.005861 lr=4.156e-08
[train] step=28928 loss=0.017470 lr=4.150e-08
[train] step=28929 loss=0.004321 lr=4.144e-08
[train] step=28930 loss=0.004204 lr=4.138e-08
[train] step=28931 loss=0.005426 lr=4.132e-08
[train] step=28932 loss=0.006695 lr=4.127e-08
[train] step=28933 loss=0.005069 lr=4.121e-08
[train] step=28934 loss=0.002098 lr=4.115e-08
[train] step=28935 loss=0.005861 lr=4.109e-08
[train] step=28936 loss=0.004252 lr=4.103e-08
[train] step=28937 loss=0.004710 lr=4.097e-08
[train] step=28938 loss=0.004448 lr=4.092e-08
[train] step=28939 loss=0.003563 lr=4.086e-08
[train] step=28940 loss=0.006879 lr=4.080e-08
[train] step=28941 loss=0.004241 lr=4.074e-08
[train] step=28942 loss=0.003411 lr=4.068e-08
[train] step=28943 loss=0.011678 lr=4.063e-08
[train] step=28944 loss=0.028873 lr=4.057e-08
[train] step=28945 loss=0.003679 lr=4.051e-08
[train] step=28946 loss=0.007257 lr=4.045e-08
[train] step=28947 loss=0.004902 lr=4.040e-08
[train] step=28948 loss=0.002945 lr=4.034e-08
[train] step=28949 loss=0.003557 lr=4.028e-08
[train] step=28950 loss=0.002389 lr=4.022e-08
[train] step=28951 loss=0.004131 lr=4.017e-08
[train] step=28952 loss=0.011190 lr=4.011e-08
[train] step=28953 loss=0.008378 lr=4.005e-08
[train] step=28954 loss=0.003484 lr=3.999e-08
[train] step=28955 loss=0.010137 lr=3.994e-08
[train] step=28956 loss=0.006102 lr=3.988e-08
[train] step=28957 loss=0.004701 lr=3.982e-08
[train] step=28958 loss=0.002405 lr=3.976e-08
[train] step=28959 loss=0.011486 lr=3.971e-08
[train] step=28960 loss=0.009508 lr=3.965e-08
[train] step=28961 loss=0.008139 lr=3.959e-08
[train] step=28962 loss=0.005693 lr=3.954e-08
[train] step=28963 loss=0.006241 lr=3.948e-08
[train] step=28964 loss=0.004119 lr=3.942e-08
[train] step=28965 loss=0.008095 lr=3.937e-08
[train] step=28966 loss=0.004937 lr=3.931e-08
[train] step=28967 loss=0.011181 lr=3.925e-08
[train] step=28968 loss=0.003998 lr=3.920e-08
[train] step=28969 loss=0.006420 lr=3.914e-08
[train] step=28970 loss=0.003539 lr=3.908e-08
[train] step=28971 loss=0.006311 lr=3.903e-08
[train] step=28972 loss=0.006272 lr=3.897e-08
[train] step=28973 loss=0.003879 lr=3.892e-08
[train] step=28974 loss=0.008775 lr=3.886e-08
[train] step=28975 loss=0.003569 lr=3.880e-08
[train] step=28976 loss=0.011902 lr=3.875e-08
[train] step=28977 loss=0.008427 lr=3.869e-08
[train] step=28978 loss=0.003959 lr=3.864e-08
[train] step=28979 loss=0.006780 lr=3.858e-08
[train] step=28980 loss=0.005562 lr=3.852e-08
[train] step=28981 loss=0.006676 lr=3.847e-08
[train] step=28982 loss=0.003195 lr=3.841e-08
[train] step=28983 loss=0.003733 lr=3.836e-08
[train] step=28984 loss=0.006936 lr=3.830e-08
[train] step=28985 loss=0.006486 lr=3.824e-08
[train] step=28986 loss=0.011416 lr=3.819e-08
[train] step=28987 loss=0.007632 lr=3.813e-08
[train] step=28988 loss=0.002710 lr=3.808e-08
[train] step=28989 loss=0.006890 lr=3.802e-08
[train] step=28990 loss=0.011383 lr=3.797e-08
[train] step=28991 loss=0.016307 lr=3.791e-08
[train] step=28992 loss=0.003381 lr=3.786e-08
[train] step=28993 loss=0.012060 lr=3.780e-08
[train] step=28994 loss=0.004073 lr=3.775e-08
[train] step=28995 loss=0.005710 lr=3.769e-08
[train] step=28996 loss=0.002910 lr=3.764e-08
[train] step=28997 loss=0.003671 lr=3.758e-08
[train] step=28998 loss=0.004265 lr=3.753e-08
[train] step=28999 loss=0.005217 lr=3.747e-08
[train] step=29000 loss=0.002740 lr=3.742e-08
[train] step=29001 loss=0.010022 lr=3.736e-08
[train] step=29002 loss=0.004069 lr=3.731e-08
[train] step=29003 loss=0.006676 lr=3.725e-08
[train] step=29004 loss=0.007139 lr=3.720e-08
[train] step=29005 loss=0.012695 lr=3.714e-08
[train] step=29006 loss=0.001957 lr=3.709e-08
[train] step=29007 loss=0.006018 lr=3.704e-08
[train] step=29008 loss=0.002440 lr=3.698e-08
[train] step=29009 loss=0.004769 lr=3.693e-08
[train] step=29010 loss=0.006824 lr=3.687e-08
[train] step=29011 loss=0.003657 lr=3.682e-08
[train] step=29012 loss=0.012004 lr=3.676e-08
[train] step=29013 loss=0.007313 lr=3.671e-08
[train] step=29014 loss=0.005407 lr=3.666e-08
[train] step=29015 loss=0.003042 lr=3.660e-08
[train] step=29016 loss=0.004890 lr=3.655e-08
[train] step=29017 loss=0.011660 lr=3.650e-08
[train] step=29018 loss=0.012700 lr=3.644e-08
[train] step=29019 loss=0.020241 lr=3.639e-08
[train] step=29020 loss=0.005331 lr=3.633e-08
[train] step=29021 loss=0.008273 lr=3.628e-08
[train] step=29022 loss=0.005184 lr=3.623e-08
[train] step=29023 loss=0.002945 lr=3.617e-08
[train] step=29024 loss=0.005334 lr=3.612e-08
[train] step=29025 loss=0.004121 lr=3.607e-08
[train] step=29026 loss=0.002937 lr=3.601e-08
[train] step=29027 loss=0.009830 lr=3.596e-08
[train] step=29028 loss=0.003353 lr=3.591e-08
[train] step=29029 loss=0.003200 lr=3.585e-08
[train] step=29030 loss=0.004942 lr=3.580e-08
[train] step=29031 loss=0.004285 lr=3.575e-08
[train] step=29032 loss=0.003212 lr=3.569e-08
[train] step=29033 loss=0.006968 lr=3.564e-08
[train] step=29034 loss=0.039416 lr=3.559e-08
[train] step=29035 loss=0.009163 lr=3.554e-08
[train] step=29036 loss=0.005151 lr=3.548e-08
[train] step=29037 loss=0.005387 lr=3.543e-08
[train] step=29038 loss=0.006298 lr=3.538e-08
[train] step=29039 loss=0.004476 lr=3.532e-08
[train] step=29040 loss=0.008718 lr=3.527e-08
INFO     [rank 0] Model weights for step 29040 saved in      dit_trainer.py:1288
         checkpoints/model_weights_step_29040.safetensors                       
INFO     [rank 0] Scalar embedding weights for step 29040    dit_trainer.py:1297
         saved                                                                  
INFO     [rank 0] Training state saved:                      dit_trainer.py:1416
         checkpoints/model_weights_step_29040.state.pt                          
DEBUG    [rank 0] Removed old checkpoint:                    dit_trainer.py:1429
         /local/disk/hramachandran/work/wh_work/windinet/dit                    
         _outputs/lundquist/dit_sds_untrained_30k/checkpoint                    
         s/model_weights_step_28800.safetensors                                 
DEBUG    [rank 0] Removed old checkpoint:                    dit_trainer.py:1429
         /local/disk/hramachandran/work/wh_work/windinet/dit                    
         _outputs/lundquist/dit_sds_untrained_30k/checkpoint                    
         s/scalar_embedding_step_28800.safetensors                              
DEBUG    [rank 0] Removed optimizer state for older kept     dit_trainer.py:1444
         checkpoint:                                                            
         /local/disk/hramachandran/work/wh_work/windinet/dit                    
         _outputs/lundquist/dit_sds_untrained_30k/checkpoint                    
         s/model_weights_step_28920.state.pt                                    
[epoch 242] step=29040 train_loss=0.006670
[train] step=29041 loss=0.005721 lr=3.522e-08
[train] step=29042 loss=0.004574 lr=3.517e-08
[train] step=29043 loss=0.003444 lr=3.511e-08
[train] step=29044 loss=0.005957 lr=3.506e-08
[train] step=29045 loss=0.005613 lr=3.501e-08
[train] step=29046 loss=0.004015 lr=3.496e-08
[train] step=29047 loss=0.009614 lr=3.491e-08
[train] step=29048 loss=0.004117 lr=3.485e-08
[train] step=29049 loss=0.007237 lr=3.480e-08
[train] step=29050 loss=0.002278 lr=3.475e-08
[train] step=29051 loss=0.004864 lr=3.470e-08
[train] step=29052 loss=0.008154 lr=3.465e-08
[train] step=29053 loss=0.008424 lr=3.459e-08
[train] step=29054 loss=0.005541 lr=3.454e-08
[train] step=29055 loss=0.003938 lr=3.449e-08
[train] step=29056 loss=0.008994 lr=3.444e-08
[train] step=29057 loss=0.003899 lr=3.439e-08
[train] step=29058 loss=0.002297 lr=3.434e-08
[train] step=29059 loss=0.005528 lr=3.428e-08
[train] step=29060 loss=0.012807 lr=3.423e-08
[train] step=29061 loss=0.004666 lr=3.418e-08
[train] step=29062 loss=0.004457 lr=3.413e-08
[train] step=29063 loss=0.003338 lr=3.408e-08
[train] step=29064 loss=0.008247 lr=3.403e-08
[train] step=29065 loss=0.005614 lr=3.398e-08
[train] step=29066 loss=0.008557 lr=3.392e-08
[train] step=29067 loss=0.004705 lr=3.387e-08
[train] step=29068 loss=0.007108 lr=3.382e-08
[train] step=29069 loss=0.006372 lr=3.377e-08
[train] step=29070 loss=0.005192 lr=3.372e-08
[train] step=29071 loss=0.003573 lr=3.367e-08
[train] step=29072 loss=0.009406 lr=3.362e-08
[train] step=29073 loss=0.007161 lr=3.357e-08
[train] step=29074 loss=0.006390 lr=3.352e-08
[train] step=29075 loss=0.002618 lr=3.347e-08
[train] step=29076 loss=0.005418 lr=3.342e-08
[train] step=29077 loss=0.003639 lr=3.337e-08
[train] step=29078 loss=0.003866 lr=3.331e-08
[train] step=29079 loss=0.004323 lr=3.326e-08
[train] step=29080 loss=0.017105 lr=3.321e-08
[train] step=29081 loss=0.001724 lr=3.316e-08
[train] step=29082 loss=0.004546 lr=3.311e-08
[train] step=29083 loss=0.007354 lr=3.306e-08
[train] step=29084 loss=0.004167 lr=3.301e-08
[train] step=29085 loss=0.005692 lr=3.296e-08
[train] step=29086 loss=0.010331 lr=3.291e-08
[train] step=29087 loss=0.004173 lr=3.286e-08
[train] step=29088 loss=0.005101 lr=3.281e-08
[train] step=29089 loss=0.003757 lr=3.276e-08
[train] step=29090 loss=0.002952 lr=3.271e-08
[train] step=29091 loss=0.010608 lr=3.266e-08
[train] step=29092 loss=0.008151 lr=3.261e-08
[train] step=29093 loss=0.003381 lr=3.256e-08
[train] step=29094 loss=0.003802 lr=3.251e-08
[train] step=29095 loss=0.003763 lr=3.246e-08
[train] step=29096 loss=0.006312 lr=3.241e-08
[train] step=29097 loss=0.004460 lr=3.237e-08
[train] step=29098 loss=0.006886 lr=3.232e-08
[train] step=29099 loss=0.006413 lr=3.227e-08
[train] step=29100 loss=0.006643 lr=3.222e-08
[train] step=29101 loss=0.003237 lr=3.217e-08
[train] step=29102 loss=0.007290 lr=3.212e-08
[train] step=29103 loss=0.003708 lr=3.207e-08
[train] step=29104 loss=0.005091 lr=3.202e-08
[train] step=29105 loss=0.010123 lr=3.197e-08
[train] step=29106 loss=0.006184 lr=3.192e-08
[train] step=29107 loss=0.003760 lr=3.187e-08
[train] step=29108 loss=0.006768 lr=3.182e-08
[train] step=29109 loss=0.007641 lr=3.178e-08
[train] step=29110 loss=0.008286 lr=3.173e-08
[train] step=29111 loss=0.005816 lr=3.168e-08
[train] step=29112 loss=0.004799 lr=3.163e-08
[train] step=29113 loss=0.008169 lr=3.158e-08
[train] step=29114 loss=0.007225 lr=3.153e-08
[train] step=29115 loss=0.006352 lr=3.148e-08
[train] step=29116 loss=0.009331 lr=3.144e-08
[train] step=29117 loss=0.013942 lr=3.139e-08
[train] step=29118 loss=0.004964 lr=3.134e-08
[train] step=29119 loss=0.010461 lr=3.129e-08
[train] step=29120 loss=0.013574 lr=3.124e-08
[train] step=29121 loss=0.004908 lr=3.119e-08
[train] step=29122 loss=0.006047 lr=3.115e-08
[train] step=29123 loss=0.006897 lr=3.110e-08
[train] step=29124 loss=0.015878 lr=3.105e-08
[train] step=29125 loss=0.009827 lr=3.100e-08
[train] step=29126 loss=0.008611 lr=3.095e-08
[train] step=29127 loss=0.003670 lr=3.091e-08
[train] step=29128 loss=0.006945 lr=3.086e-08
[train] step=29129 loss=0.005100 lr=3.081e-08
[train] step=29130 loss=0.018151 lr=3.076e-08
[train] step=29131 loss=0.009223 lr=3.072e-08
[train] step=29132 loss=0.004671 lr=3.067e-08
[train] step=29133 loss=0.005930 lr=3.062e-08
[train] step=29134 loss=0.004620 lr=3.057e-08
[train] step=29135 loss=0.005907 lr=3.053e-08
[train] step=29136 loss=0.004600 lr=3.048e-08
[train] step=29137 loss=0.005480 lr=3.043e-08
[train] step=29138 loss=0.004052 lr=3.038e-08
[train] step=29139 loss=0.005546 lr=3.034e-08
[train] step=29140 loss=0.003357 lr=3.029e-08
[train] step=29141 loss=0.016031 lr=3.024e-08
[train] step=29142 loss=0.003688 lr=3.020e-08
[train] step=29143 loss=0.002922 lr=3.015e-08
[train] step=29144 loss=0.007152 lr=3.010e-08
[train] step=29145 loss=0.005668 lr=3.005e-08
[train] step=29146 loss=0.020110 lr=3.001e-08
[train] step=29147 loss=0.009867 lr=2.996e-08
[train] step=29148 loss=0.022216 lr=2.991e-08
[train] step=29149 loss=0.004843 lr=2.987e-08
[train] step=29150 loss=0.003449 lr=2.982e-08
[train] step=29151 loss=0.007914 lr=2.977e-08
[train] step=29152 loss=0.005140 lr=2.973e-08
[train] step=29153 loss=0.006831 lr=2.968e-08
[train] step=29154 loss=0.004939 lr=2.964e-08
[train] step=29155 loss=0.003869 lr=2.959e-08
[train] step=29156 loss=0.016234 lr=2.954e-08
[train] step=29157 loss=0.006164 lr=2.950e-08
[train] step=29158 loss=0.024287 lr=2.945e-08
[train] step=29159 loss=0.003475 lr=2.940e-08
[train] step=29160 loss=0.008830 lr=2.936e-08
INFO     [rank 0] Model weights for step 29160 saved in      dit_trainer.py:1288
         checkpoints/model_weights_step_29160.safetensors                       
INFO     [rank 0] Scalar embedding weights for step 29160    dit_trainer.py:1297
         saved                                                                  
INFO     [rank 0] Training state saved:                      dit_trainer.py:1416
         checkpoints/model_weights_step_29160.state.pt                          
DEBUG    [rank 0] Removed old checkpoint:                    dit_trainer.py:1429
         /local/disk/hramachandran/work/wh_work/windinet/dit                    
         _outputs/lundquist/dit_sds_untrained_30k/checkpoint                    
         s/model_weights_step_28920.safetensors                                 
DEBUG    [rank 0] Removed old checkpoint:                    dit_trainer.py:1429
         /local/disk/hramachandran/work/wh_work/windinet/dit                    
         _outputs/lundquist/dit_sds_untrained_30k/checkpoint                    
         s/scalar_embedding_step_28920.safetensors                              
DEBUG    [rank 0] Removed optimizer state for older kept     dit_trainer.py:1444
         checkpoint:                                                            
         /local/disk/hramachandran/work/wh_work/windinet/dit                    
         _outputs/lundquist/dit_sds_untrained_30k/checkpoint                    
         s/model_weights_step_29040.state.pt                                    
[epoch 243] step=29160 train_loss=0.006822
[train] step=29161 loss=0.017323 lr=2.931e-08
[train] step=29162 loss=0.001669 lr=2.927e-08
[train] step=29163 loss=0.004614 lr=2.922e-08
[train] step=29164 loss=0.004044 lr=2.918e-08
[train] step=29165 loss=0.006252 lr=2.913e-08
[train] step=29166 loss=0.006193 lr=2.908e-08
[train] step=29167 loss=0.003845 lr=2.904e-08
[train] step=29168 loss=0.002848 lr=2.899e-08
[train] step=29169 loss=0.004773 lr=2.895e-08
[train] step=29170 loss=0.004652 lr=2.890e-08
[train] step=29171 loss=0.003391 lr=2.886e-08
[train] step=29172 loss=0.003688 lr=2.881e-08
[train] step=29173 loss=0.003340 lr=2.877e-08
[train] step=29174 loss=0.011026 lr=2.872e-08
[train] step=29175 loss=0.007167 lr=2.867e-08
[train] step=29176 loss=0.010852 lr=2.863e-08
[train] step=29177 loss=0.004797 lr=2.858e-08
[train] step=29178 loss=0.002940 lr=2.854e-08
[train] step=29179 loss=0.004388 lr=2.849e-08
[train] step=29180 loss=0.005985 lr=2.845e-08
[train] step=29181 loss=0.005413 lr=2.840e-08
[train] step=29182 loss=0.005912 lr=2.836e-08
[train] step=29183 loss=0.004187 lr=2.831e-08
[train] step=29184 loss=0.003806 lr=2.827e-08
[train] step=29185 loss=0.010429 lr=2.823e-08
[train] step=29186 loss=0.007862 lr=2.818e-08
[train] step=29187 loss=0.015234 lr=2.814e-08
[train] step=29188 loss=0.003721 lr=2.809e-08
[train] step=29189 loss=0.005510 lr=2.805e-08
[train] step=29190 loss=0.006317 lr=2.800e-08
[train] step=29191 loss=0.002611 lr=2.796e-08
[train] step=29192 loss=0.004520 lr=2.791e-08
[train] step=29193 loss=0.011819 lr=2.787e-08
[train] step=29194 loss=0.014125 lr=2.783e-08
[train] step=29195 loss=0.005032 lr=2.778e-08
[train] step=29196 loss=0.004012 lr=2.774e-08
[train] step=29197 loss=0.006389 lr=2.769e-08
[train] step=29198 loss=0.004912 lr=2.765e-08
[train] step=29199 loss=0.019629 lr=2.761e-08
[train] step=29200 loss=0.013463 lr=2.756e-08
[train] step=29201 loss=0.004661 lr=2.752e-08
[train] step=29202 loss=0.005115 lr=2.747e-08
[train] step=29203 loss=0.008894 lr=2.743e-08
[train] step=29204 loss=0.003360 lr=2.739e-08
[train] step=29205 loss=0.004385 lr=2.734e-08
[train] step=29206 loss=0.005927 lr=2.730e-08
[train] step=29207 loss=0.002830 lr=2.726e-08
[train] step=29208 loss=0.004401 lr=2.721e-08
[train] step=29209 loss=0.005177 lr=2.717e-08
[train] step=29210 loss=0.007475 lr=2.713e-08
[train] step=29211 loss=0.002949 lr=2.708e-08
[train] step=29212 loss=0.012648 lr=2.704e-08
[train] step=29213 loss=0.005787 lr=2.700e-08
[train] step=29214 loss=0.005789 lr=2.695e-08
[train] step=29215 loss=0.005277 lr=2.691e-08
[train] step=29216 loss=0.008544 lr=2.687e-08
[train] step=29217 loss=0.006463 lr=2.682e-08
[train] step=29218 loss=0.002683 lr=2.678e-08
[train] step=29219 loss=0.003771 lr=2.674e-08
[train] step=29220 loss=0.002224 lr=2.670e-08
[train] step=29221 loss=0.009511 lr=2.665e-08
[train] step=29222 loss=0.009309 lr=2.661e-08
[train] step=29223 loss=0.007456 lr=2.657e-08
[train] step=29224 loss=0.009448 lr=2.653e-08
[train] step=29225 loss=0.002784 lr=2.648e-08
[train] step=29226 loss=0.016402 lr=2.644e-08
[train] step=29227 loss=0.005074 lr=2.640e-08
[train] step=29228 loss=0.002560 lr=2.636e-08
[train] step=29229 loss=0.006522 lr=2.631e-08
[train] step=29230 loss=0.006527 lr=2.627e-08
[train] step=29231 loss=0.003490 lr=2.623e-08
[train] step=29232 loss=0.007689 lr=2.619e-08
[train] step=29233 loss=0.004176 lr=2.615e-08
[train] step=29234 loss=0.003685 lr=2.610e-08
[train] step=29235 loss=0.006135 lr=2.606e-08
[train] step=29236 loss=0.013870 lr=2.602e-08
[train] step=29237 loss=0.025179 lr=2.598e-08
[train] step=29238 loss=0.006635 lr=2.594e-08
[train] step=29239 loss=0.005409 lr=2.589e-08
[train] step=29240 loss=0.002645 lr=2.585e-08
[train] step=29241 loss=0.002920 lr=2.581e-08
[train] step=29242 loss=0.007467 lr=2.577e-08
[train] step=29243 loss=0.004112 lr=2.573e-08
[train] step=29244 loss=0.003219 lr=2.569e-08
[train] step=29245 loss=0.003675 lr=2.565e-08
[train] step=29246 loss=0.003202 lr=2.560e-08
[train] step=29247 loss=0.007330 lr=2.556e-08
[train] step=29248 loss=0.010746 lr=2.552e-08
[train] step=29249 loss=0.004062 lr=2.548e-08
[train] step=29250 loss=0.002781 lr=2.544e-08
[train] step=29251 loss=0.002105 lr=2.540e-08
[train] step=29252 loss=0.003395 lr=2.536e-08
[train] step=29253 loss=0.006130 lr=2.532e-08
[train] step=29254 loss=0.006966 lr=2.528e-08
[train] step=29255 loss=0.004148 lr=2.523e-08
[train] step=29256 loss=0.004788 lr=2.519e-08
[train] step=29257 loss=0.003204 lr=2.515e-08
[train] step=29258 loss=0.009972 lr=2.511e-08
[train] step=29259 loss=0.003029 lr=2.507e-08
[train] step=29260 loss=0.004201 lr=2.503e-08
[train] step=29261 loss=0.010019 lr=2.499e-08
[train] step=29262 loss=0.003380 lr=2.495e-08
[train] step=29263 loss=0.004092 lr=2.491e-08
[train] step=29264 loss=0.005625 lr=2.487e-08
[train] step=29265 loss=0.008119 lr=2.483e-08
[train] step=29266 loss=0.005861 lr=2.479e-08
[train] step=29267 loss=0.003095 lr=2.475e-08
[train] step=29268 loss=0.003629 lr=2.471e-08
[train] step=29269 loss=0.012358 lr=2.467e-08
[train] step=29270 loss=0.004057 lr=2.463e-08
[train] step=29271 loss=0.007097 lr=2.459e-08
[train] step=29272 loss=0.004306 lr=2.455e-08
[train] step=29273 loss=0.007635 lr=2.451e-08
[train] step=29274 loss=0.007983 lr=2.447e-08
[train] step=29275 loss=0.013612 lr=2.443e-08
[train] step=29276 loss=0.002681 lr=2.439e-08
[train] step=29277 loss=0.006795 lr=2.435e-08
[train] step=29278 loss=0.007338 lr=2.431e-08
[train] step=29279 loss=0.006208 lr=2.427e-08
[train] step=29280 loss=0.007198 lr=2.423e-08
INFO     [rank 0] Model weights for step 29280 saved in      dit_trainer.py:1288
         checkpoints/model_weights_step_29280.safetensors                       
INFO     [rank 0] Scalar embedding weights for step 29280    dit_trainer.py:1297
         saved                                                                  
INFO     [rank 0] Training state saved:                      dit_trainer.py:1416
         checkpoints/model_weights_step_29280.state.pt                          
DEBUG    [rank 0] Removed old checkpoint:                    dit_trainer.py:1429
         /local/disk/hramachandran/work/wh_work/windinet/dit                    
         _outputs/lundquist/dit_sds_untrained_30k/checkpoint                    
         s/model_weights_step_29040.safetensors                                 
DEBUG    [rank 0] Removed old checkpoint:                    dit_trainer.py:1429
         /local/disk/hramachandran/work/wh_work/windinet/dit                    
         _outputs/lundquist/dit_sds_untrained_30k/checkpoint                    
         s/scalar_embedding_step_29040.safetensors                              
DEBUG    [rank 0] Removed optimizer state for older kept     dit_trainer.py:1444
         checkpoint:                                                            
         /local/disk/hramachandran/work/wh_work/windinet/dit                    
         _outputs/lundquist/dit_sds_untrained_30k/checkpoint                    
         s/model_weights_step_29160.state.pt                                    
[epoch 244] step=29280 train_loss=0.006348
[train] step=29281 loss=0.002289 lr=2.419e-08
[train] step=29282 loss=0.003742 lr=2.415e-08
[train] step=29283 loss=0.019153 lr=2.411e-08
[train] step=29284 loss=0.002918 lr=2.407e-08
[train] step=29285 loss=0.006251 lr=2.403e-08
[train] step=29286 loss=0.005794 lr=2.399e-08
[train] step=29287 loss=0.001061 lr=2.396e-08
[train] step=29288 loss=0.004170 lr=2.392e-08
[train] step=29289 loss=0.005406 lr=2.388e-08
[train] step=29290 loss=0.006309 lr=2.384e-08
[train] step=29291 loss=0.008121 lr=2.380e-08
[train] step=29292 loss=0.002260 lr=2.376e-08
[train] step=29293 loss=0.005231 lr=2.372e-08
[train] step=29294 loss=0.004534 lr=2.368e-08
[train] step=29295 loss=0.006045 lr=2.365e-08
[train] step=29296 loss=0.004160 lr=2.361e-08
[train] step=29297 loss=0.004214 lr=2.357e-08
[train] step=29298 loss=0.005694 lr=2.353e-08
[train] step=29299 loss=0.003746 lr=2.349e-08
[train] step=29300 loss=0.004821 lr=2.345e-08
[train] step=29301 loss=0.007703 lr=2.341e-08
[train] step=29302 loss=0.008562 lr=2.338e-08
[train] step=29303 loss=0.002240 lr=2.334e-08
[train] step=29304 loss=0.010798 lr=2.330e-08
[train] step=29305 loss=0.011462 lr=2.326e-08
[train] step=29306 loss=0.010535 lr=2.322e-08
[train] step=29307 loss=0.003238 lr=2.319e-08
[train] step=29308 loss=0.006868 lr=2.315e-08
[train] step=29309 loss=0.006887 lr=2.311e-08
[train] step=29310 loss=0.003890 lr=2.307e-08
[train] step=29311 loss=0.007903 lr=2.303e-08
[train] step=29312 loss=0.005504 lr=2.300e-08
[train] step=29313 loss=0.005247 lr=2.296e-08
[train] step=29314 loss=0.006807 lr=2.292e-08
[train] step=29315 loss=0.003137 lr=2.288e-08
[train] step=29316 loss=0.002967 lr=2.285e-08
[train] step=29317 loss=0.011591 lr=2.281e-08
[train] step=29318 loss=0.003555 lr=2.277e-08
[train] step=29319 loss=0.002787 lr=2.273e-08
[train] step=29320 loss=0.002805 lr=2.270e-08
[train] step=29321 loss=0.004887 lr=2.266e-08
[train] step=29322 loss=0.005950 lr=2.262e-08
[train] step=29323 loss=0.006895 lr=2.258e-08
[train] step=29324 loss=0.007633 lr=2.255e-08
[train] step=29325 loss=0.005374 lr=2.251e-08
[train] step=29326 loss=0.004230 lr=2.247e-08
[train] step=29327 loss=0.005042 lr=2.244e-08
[train] step=29328 loss=0.004149 lr=2.240e-08
[train] step=29329 loss=0.005555 lr=2.236e-08
[train] step=29330 loss=0.009436 lr=2.233e-08
[train] step=29331 loss=0.014702 lr=2.229e-08
[train] step=29332 loss=0.004700 lr=2.225e-08
[train] step=29333 loss=0.020204 lr=2.222e-08
[train] step=29334 loss=0.004985 lr=2.218e-08
[train] step=29335 loss=0.004230 lr=2.214e-08
[train] step=29336 loss=0.004117 lr=2.211e-08
[train] step=29337 loss=0.004405 lr=2.207e-08
[train] step=29338 loss=0.007750 lr=2.203e-08
[train] step=29339 loss=0.004143 lr=2.200e-08
[train] step=29340 loss=0.006767 lr=2.196e-08
[train] step=29341 loss=0.002300 lr=2.193e-08
[train] step=29342 loss=0.017241 lr=2.189e-08
[train] step=29343 loss=0.004442 lr=2.185e-08
[train] step=29344 loss=0.007696 lr=2.182e-08
[train] step=29345 loss=0.004430 lr=2.178e-08
[train] step=29346 loss=0.003076 lr=2.175e-08
[train] step=29347 loss=0.003987 lr=2.171e-08
[train] step=29348 loss=0.010809 lr=2.167e-08
[train] step=29349 loss=0.006882 lr=2.164e-08
[train] step=29350 loss=0.007558 lr=2.160e-08
[train] step=29351 loss=0.003753 lr=2.157e-08
[train] step=29352 loss=0.006359 lr=2.153e-08
[train] step=29353 loss=0.019791 lr=2.150e-08
[train] step=29354 loss=0.002775 lr=2.146e-08
[train] step=29355 loss=0.004430 lr=2.143e-08
[train] step=29356 loss=0.004794 lr=2.139e-08
[train] step=29357 loss=0.011491 lr=2.135e-08
[train] step=29358 loss=0.005650 lr=2.132e-08
[train] step=29359 loss=0.003578 lr=2.128e-08
[train] step=29360 loss=0.013910 lr=2.125e-08
[train] step=29361 loss=0.005727 lr=2.121e-08
[train] step=29362 loss=0.007855 lr=2.118e-08
[train] step=29363 loss=0.005779 lr=2.114e-08
[train] step=29364 loss=0.003477 lr=2.111e-08
[train] step=29365 loss=0.008358 lr=2.107e-08
[train] step=29366 loss=0.005370 lr=2.104e-08
[train] step=29367 loss=0.005796 lr=2.100e-08
[train] step=29368 loss=0.002347 lr=2.097e-08
[train] step=29369 loss=0.014384 lr=2.094e-08
[train] step=29370 loss=0.008712 lr=2.090e-08
[train] step=29371 loss=0.002597 lr=2.087e-08
[train] step=29372 loss=0.010763 lr=2.083e-08
[train] step=29373 loss=0.010411 lr=2.080e-08
[train] step=29374 loss=0.009847 lr=2.076e-08
[train] step=29375 loss=0.007549 lr=2.073e-08
[train] step=29376 loss=0.003416 lr=2.069e-08
[train] step=29377 loss=0.009568 lr=2.066e-08
[train] step=29378 loss=0.004986 lr=2.063e-08
[train] step=29379 loss=0.004056 lr=2.059e-08
[train] step=29380 loss=0.003776 lr=2.056e-08
[train] step=29381 loss=0.004853 lr=2.052e-08
[train] step=29382 loss=0.009941 lr=2.049e-08
[train] step=29383 loss=0.007940 lr=2.046e-08
[train] step=29384 loss=0.006614 lr=2.042e-08
[train] step=29385 loss=0.003734 lr=2.039e-08
[train] step=29386 loss=0.003918 lr=2.036e-08
[train] step=29387 loss=0.002677 lr=2.032e-08
[train] step=29388 loss=0.002287 lr=2.029e-08
[train] step=29389 loss=0.001970 lr=2.025e-08
[train] step=29390 loss=0.004234 lr=2.022e-08
[train] step=29391 loss=0.004373 lr=2.019e-08
[train] step=29392 loss=0.004574 lr=2.015e-08
[train] step=29393 loss=0.004946 lr=2.012e-08
[train] step=29394 loss=0.005148 lr=2.009e-08
[train] step=29395 loss=0.004908 lr=2.005e-08
[train] step=29396 loss=0.003476 lr=2.002e-08
[train] step=29397 loss=0.003378 lr=1.999e-08
[train] step=29398 loss=0.005948 lr=1.996e-08
[train] step=29399 loss=0.004134 lr=1.992e-08
[train] step=29400 loss=0.005670 lr=1.989e-08
[val] step=29400 val_loss=0.014401
INFO     [rank 0] Model weights for step 29400 saved in      dit_trainer.py:1288
         checkpoints/model_weights_step_29400.safetensors                       
INFO     [rank 0] Scalar embedding weights for step 29400    dit_trainer.py:1297
         saved                                                                  
INFO     [rank 0] Training state saved:                      dit_trainer.py:1416
         checkpoints/model_weights_step_29400.state.pt                          
DEBUG    [rank 0] Removed old checkpoint:                    dit_trainer.py:1429
         /local/disk/hramachandran/work/wh_work/windinet/dit                    
         _outputs/lundquist/dit_sds_untrained_30k/checkpoint                    
         s/model_weights_step_29160.safetensors                                 
DEBUG    [rank 0] Removed old checkpoint:                    dit_trainer.py:1429
         /local/disk/hramachandran/work/wh_work/windinet/dit                    
         _outputs/lundquist/dit_sds_untrained_30k/checkpoint                    
         s/scalar_embedding_step_29160.safetensors                              
DEBUG    [rank 0] Removed optimizer state for older kept     dit_trainer.py:1444
         checkpoint:                                                            
         /local/disk/hramachandran/work/wh_work/windinet/dit                    
         _outputs/lundquist/dit_sds_untrained_30k/checkpoint                    
         s/model_weights_step_29280.state.pt                                    
[epoch 245] step=29400 train_loss=0.006179 val_loss=0.014401
[train] step=29401 loss=0.012723 lr=1.986e-08
[train] step=29402 loss=0.004343 lr=1.982e-08
[train] step=29403 loss=0.004028 lr=1.979e-08
[train] step=29404 loss=0.002119 lr=1.976e-08
[train] step=29405 loss=0.004306 lr=1.973e-08
[train] step=29406 loss=0.007207 lr=1.969e-08
[train] step=29407 loss=0.013571 lr=1.966e-08
[train] step=29408 loss=0.005937 lr=1.963e-08
[train] step=29409 loss=0.006121 lr=1.960e-08
[train] step=29410 loss=0.008141 lr=1.956e-08
[train] step=29411 loss=0.003310 lr=1.953e-08
[train] step=29412 loss=0.005944 lr=1.950e-08
[train] step=29413 loss=0.012244 lr=1.947e-08
[train] step=29414 loss=0.008459 lr=1.943e-08
[train] step=29415 loss=0.003128 lr=1.940e-08
[train] step=29416 loss=0.005928 lr=1.937e-08
[train] step=29417 loss=0.007066 lr=1.934e-08
[train] step=29418 loss=0.003552 lr=1.931e-08
[train] step=29419 loss=0.003906 lr=1.927e-08
[train] step=29420 loss=0.007220 lr=1.924e-08
[train] step=29421 loss=0.014763 lr=1.921e-08
[train] step=29422 loss=0.006453 lr=1.918e-08
[train] step=29423 loss=0.025911 lr=1.915e-08
[train] step=29424 loss=0.006489 lr=1.912e-08
[train] step=29425 loss=0.006517 lr=1.908e-08
[train] step=29426 loss=0.004924 lr=1.905e-08
[train] step=29427 loss=0.005240 lr=1.902e-08
[train] step=29428 loss=0.012166 lr=1.899e-08
[train] step=29429 loss=0.005504 lr=1.896e-08
[train] step=29430 loss=0.007308 lr=1.893e-08
[train] step=29431 loss=0.002752 lr=1.890e-08
[train] step=29432 loss=0.007955 lr=1.886e-08
[train] step=29433 loss=0.002481 lr=1.883e-08
[train] step=29434 loss=0.003490 lr=1.880e-08
[train] step=29435 loss=0.004310 lr=1.877e-08
[train] step=29436 loss=0.005167 lr=1.874e-08
[train] step=29437 loss=0.004498 lr=1.871e-08
[train] step=29438 loss=0.004174 lr=1.868e-08
[train] step=29439 loss=0.003134 lr=1.865e-08
[train] step=29440 loss=0.004023 lr=1.862e-08
[train] step=29441 loss=0.005557 lr=1.859e-08
[train] step=29442 loss=0.003873 lr=1.856e-08
[train] step=29443 loss=0.004848 lr=1.853e-08
[train] step=29444 loss=0.006281 lr=1.849e-08
[train] step=29445 loss=0.005098 lr=1.846e-08
[train] step=29446 loss=0.003858 lr=1.843e-08
[train] step=29447 loss=0.007155 lr=1.840e-08
[train] step=29448 loss=0.005594 lr=1.837e-08
[train] step=29449 loss=0.005004 lr=1.834e-08
[train] step=29450 loss=0.007745 lr=1.831e-08
[train] step=29451 loss=0.004556 lr=1.828e-08
[train] step=29452 loss=0.005290 lr=1.825e-08
[train] step=29453 loss=0.009553 lr=1.822e-08
[train] step=29454 loss=0.004557 lr=1.819e-08
[train] step=29455 loss=0.008187 lr=1.816e-08
[train] step=29456 loss=0.010644 lr=1.813e-08
[train] step=29457 loss=0.010040 lr=1.810e-08
[train] step=29458 loss=0.003347 lr=1.807e-08
[train] step=29459 loss=0.003988 lr=1.804e-08
[train] step=29460 loss=0.006558 lr=1.801e-08
[train] step=29461 loss=0.003750 lr=1.798e-08
[train] step=29462 loss=0.007159 lr=1.795e-08
[train] step=29463 loss=0.010087 lr=1.793e-08
[train] step=29464 loss=0.006786 lr=1.790e-08
[train] step=29465 loss=0.006820 lr=1.787e-08
[train] step=29466 loss=0.008892 lr=1.784e-08
[train] step=29467 loss=0.003529 lr=1.781e-08
[train] step=29468 loss=0.003054 lr=1.778e-08
[train] step=29469 loss=0.004291 lr=1.775e-08
[train] step=29470 loss=0.007425 lr=1.772e-08
[train] step=29471 loss=0.005692 lr=1.769e-08
[train] step=29472 loss=0.008800 lr=1.766e-08
[train] step=29473 loss=0.009018 lr=1.763e-08
[train] step=29474 loss=0.004780 lr=1.760e-08
[train] step=29475 loss=0.003119 lr=1.758e-08
[train] step=29476 loss=0.006819 lr=1.755e-08
[train] step=29477 loss=0.005054 lr=1.752e-08
[train] step=29478 loss=0.006178 lr=1.749e-08
[train] step=29479 loss=0.014002 lr=1.746e-08
[train] step=29480 loss=0.009250 lr=1.743e-08
[train] step=29481 loss=0.005343 lr=1.740e-08
[train] step=29482 loss=0.005683 lr=1.738e-08
[train] step=29483 loss=0.019298 lr=1.735e-08
[train] step=29484 loss=0.007451 lr=1.732e-08
[train] step=29485 loss=0.047558 lr=1.729e-08
[train] step=29486 loss=0.003189 lr=1.726e-08
[train] step=29487 loss=0.004949 lr=1.723e-08
[train] step=29488 loss=0.003222 lr=1.721e-08
[train] step=29489 loss=0.007340 lr=1.718e-08
[train] step=29490 loss=0.007605 lr=1.715e-08
[train] step=29491 loss=0.004597 lr=1.712e-08
[train] step=29492 loss=0.003611 lr=1.709e-08
[train] step=29493 loss=0.005545 lr=1.707e-08
[train] step=29494 loss=0.011858 lr=1.704e-08
[train] step=29495 loss=0.006613 lr=1.701e-08
[train] step=29496 loss=0.004281 lr=1.698e-08
[train] step=29497 loss=0.022447 lr=1.696e-08
[train] step=29498 loss=0.013347 lr=1.693e-08
[train] step=29499 loss=0.003572 lr=1.690e-08
[train] step=29500 loss=0.005276 lr=1.687e-08
[train] step=29501 loss=0.011555 lr=1.685e-08
[train] step=29502 loss=0.007550 lr=1.682e-08
[train] step=29503 loss=0.003258 lr=1.679e-08
[train] step=29504 loss=0.005393 lr=1.676e-08
[train] step=29505 loss=0.004633 lr=1.674e-08
[train] step=29506 loss=0.008424 lr=1.671e-08
[train] step=29507 loss=0.003138 lr=1.668e-08
[train] step=29508 loss=0.005815 lr=1.666e-08
[train] step=29509 loss=0.004061 lr=1.663e-08
[train] step=29510 loss=0.003194 lr=1.660e-08
[train] step=29511 loss=0.005041 lr=1.657e-08
[train] step=29512 loss=0.003930 lr=1.655e-08
[train] step=29513 loss=0.002340 lr=1.652e-08
[train] step=29514 loss=0.003035 lr=1.649e-08
[train] step=29515 loss=0.003751 lr=1.647e-08
[train] step=29516 loss=0.006327 lr=1.644e-08
[train] step=29517 loss=0.008260 lr=1.641e-08
[train] step=29518 loss=0.008372 lr=1.639e-08
[train] step=29519 loss=0.017105 lr=1.636e-08
[train] step=29520 loss=0.005618 lr=1.634e-08
INFO     [rank 0] Model weights for step 29520 saved in      dit_trainer.py:1288
         checkpoints/model_weights_step_29520.safetensors                       
INFO     [rank 0] Scalar embedding weights for step 29520    dit_trainer.py:1297
         saved                                                                  
INFO     [rank 0] Training state saved:                      dit_trainer.py:1416
         checkpoints/model_weights_step_29520.state.pt                          
DEBUG    [rank 0] Removed old checkpoint:                    dit_trainer.py:1429
         /local/disk/hramachandran/work/wh_work/windinet/dit                    
         _outputs/lundquist/dit_sds_untrained_30k/checkpoint                    
         s/model_weights_step_29280.safetensors                                 
DEBUG    [rank 0] Removed old checkpoint:                    dit_trainer.py:1429
         /local/disk/hramachandran/work/wh_work/windinet/dit                    
         _outputs/lundquist/dit_sds_untrained_30k/checkpoint                    
         s/scalar_embedding_step_29280.safetensors                              
DEBUG    [rank 0] Removed optimizer state for older kept     dit_trainer.py:1444
         checkpoint:                                                            
         /local/disk/hramachandran/work/wh_work/windinet/dit                    
         _outputs/lundquist/dit_sds_untrained_30k/checkpoint                    
         s/model_weights_step_29400.state.pt                                    
[epoch 246] step=29520 train_loss=0.006970
[train] step=29521 loss=0.007139 lr=1.631e-08
[train] step=29522 loss=0.017838 lr=1.628e-08
[train] step=29523 loss=0.011662 lr=1.626e-08
[train] step=29524 loss=0.015807 lr=1.623e-08
[train] step=29525 loss=0.011687 lr=1.620e-08
[train] step=29526 loss=0.005453 lr=1.618e-08
[train] step=29527 loss=0.005396 lr=1.615e-08
[train] step=29528 loss=0.008154 lr=1.613e-08
[train] step=29529 loss=0.006527 lr=1.610e-08
[train] step=29530 loss=0.004050 lr=1.607e-08
[train] step=29531 loss=0.005430 lr=1.605e-08
[train] step=29532 loss=0.004720 lr=1.602e-08
[train] step=29533 loss=0.006705 lr=1.600e-08
[train] step=29534 loss=0.003765 lr=1.597e-08
[train] step=29535 loss=0.008173 lr=1.595e-08
[train] step=29536 loss=0.003797 lr=1.592e-08
[train] step=29537 loss=0.009655 lr=1.590e-08
[train] step=29538 loss=0.006071 lr=1.587e-08
[train] step=29539 loss=0.003688 lr=1.584e-08
[train] step=29540 loss=0.003522 lr=1.582e-08
[train] step=29541 loss=0.005697 lr=1.579e-08
[train] step=29542 loss=0.003714 lr=1.577e-08
[train] step=29543 loss=0.003033 lr=1.574e-08
[train] step=29544 loss=0.005367 lr=1.572e-08
[train] step=29545 loss=0.003848 lr=1.569e-08
[train] step=29546 loss=0.003424 lr=1.567e-08
[train] step=29547 loss=0.005139 lr=1.564e-08
[train] step=29548 loss=0.009647 lr=1.562e-08
[train] step=29549 loss=0.005470 lr=1.559e-08
[train] step=29550 loss=0.007227 lr=1.557e-08
[train] step=29551 loss=0.003424 lr=1.555e-08
[train] step=29552 loss=0.009513 lr=1.552e-08
[train] step=29553 loss=0.005800 lr=1.550e-08
[train] step=29554 loss=0.005446 lr=1.547e-08
[train] step=29555 loss=0.003908 lr=1.545e-08
[train] step=29556 loss=0.003475 lr=1.542e-08
[train] step=29557 loss=0.003686 lr=1.540e-08
[train] step=29558 loss=0.003890 lr=1.537e-08
[train] step=29559 loss=0.003919 lr=1.535e-08
[train] step=29560 loss=0.008957 lr=1.533e-08
[train] step=29561 loss=0.004339 lr=1.530e-08
[train] step=29562 loss=0.004282 lr=1.528e-08
[train] step=29563 loss=0.007418 lr=1.525e-08
[train] step=29564 loss=0.005985 lr=1.523e-08
[train] step=29565 loss=0.006064 lr=1.521e-08
[train] step=29566 loss=0.004728 lr=1.518e-08
[train] step=29567 loss=0.016600 lr=1.516e-08
[train] step=29568 loss=0.003878 lr=1.513e-08
[train] step=29569 loss=0.006552 lr=1.511e-08
[train] step=29570 loss=0.005158 lr=1.509e-08
[train] step=29571 loss=0.004174 lr=1.506e-08
[train] step=29572 loss=0.004368 lr=1.504e-08
[train] step=29573 loss=0.002892 lr=1.502e-08
[train] step=29574 loss=0.014610 lr=1.499e-08
[train] step=29575 loss=0.006331 lr=1.497e-08
[train] step=29576 loss=0.003505 lr=1.495e-08
[train] step=29577 loss=0.004790 lr=1.492e-08
[train] step=29578 loss=0.005433 lr=1.490e-08
[train] step=29579 loss=0.003385 lr=1.488e-08
[train] step=29580 loss=0.003955 lr=1.485e-08
[train] step=29581 loss=0.007761 lr=1.483e-08
[train] step=29582 loss=0.003829 lr=1.481e-08
[train] step=29583 loss=0.004042 lr=1.478e-08
[train] step=29584 loss=0.004350 lr=1.476e-08
[train] step=29585 loss=0.004339 lr=1.474e-08
[train] step=29586 loss=0.009404 lr=1.472e-08
[train] step=29587 loss=0.007077 lr=1.469e-08
[train] step=29588 loss=0.007007 lr=1.467e-08
[train] step=29589 loss=0.003237 lr=1.465e-08
[train] step=29590 loss=0.002913 lr=1.463e-08
[train] step=29591 loss=0.003301 lr=1.460e-08
[train] step=29592 loss=0.006621 lr=1.458e-08
[train] step=29593 loss=0.006044 lr=1.456e-08
[train] step=29594 loss=0.003848 lr=1.454e-08
[train] step=29595 loss=0.003063 lr=1.451e-08
[train] step=29596 loss=0.041626 lr=1.449e-08
[train] step=29597 loss=0.012724 lr=1.447e-08
[train] step=29598 loss=0.005175 lr=1.445e-08
[train] step=29599 loss=0.007246 lr=1.443e-08
[train] step=29600 loss=0.002701 lr=1.440e-08
[train] step=29601 loss=0.009196 lr=1.438e-08
[train] step=29602 loss=0.003838 lr=1.436e-08
[train] step=29603 loss=0.007537 lr=1.434e-08
[train] step=29604 loss=0.003655 lr=1.432e-08
[train] step=29605 loss=0.002995 lr=1.429e-08
[train] step=29606 loss=0.005586 lr=1.427e-08
[train] step=29607 loss=0.007338 lr=1.425e-08
[train] step=29608 loss=0.004968 lr=1.423e-08
[train] step=29609 loss=0.005031 lr=1.421e-08
[train] step=29610 loss=0.003488 lr=1.419e-08
[train] step=29611 loss=0.011007 lr=1.417e-08
[train] step=29612 loss=0.004559 lr=1.414e-08
[train] step=29613 loss=0.009114 lr=1.412e-08
[train] step=29614 loss=0.006829 lr=1.410e-08
[train] step=29615 loss=0.005961 lr=1.408e-08
[train] step=29616 loss=0.003714 lr=1.406e-08
[train] step=29617 loss=0.003860 lr=1.404e-08
[train] step=29618 loss=0.008965 lr=1.402e-08
[train] step=29619 loss=0.008979 lr=1.400e-08
[train] step=29620 loss=0.020019 lr=1.398e-08
[train] step=29621 loss=0.003844 lr=1.395e-08
[train] step=29622 loss=0.040336 lr=1.393e-08
[train] step=29623 loss=0.011739 lr=1.391e-08
[train] step=29624 loss=0.006534 lr=1.389e-08
[train] step=29625 loss=0.010137 lr=1.387e-08
[train] step=29626 loss=0.005260 lr=1.385e-08
[train] step=29627 loss=0.043026 lr=1.383e-08
[train] step=29628 loss=0.005692 lr=1.381e-08
[train] step=29629 loss=0.008883 lr=1.379e-08
[train] step=29630 loss=0.004446 lr=1.377e-08
[train] step=29631 loss=0.003736 lr=1.375e-08
[train] step=29632 loss=0.004892 lr=1.373e-08
[train] step=29633 loss=0.007092 lr=1.371e-08
[train] step=29634 loss=0.004321 lr=1.369e-08
[train] step=29635 loss=0.005038 lr=1.367e-08
[train] step=29636 loss=0.006700 lr=1.365e-08
[train] step=29637 loss=0.007955 lr=1.363e-08
[train] step=29638 loss=0.010521 lr=1.361e-08
[train] step=29639 loss=0.002200 lr=1.359e-08
[train] step=29640 loss=0.005244 lr=1.357e-08
INFO     [rank 0] Model weights for step 29640 saved in      dit_trainer.py:1288
         checkpoints/model_weights_step_29640.safetensors                       
INFO     [rank 0] Scalar embedding weights for step 29640    dit_trainer.py:1297
         saved                                                                  
INFO     [rank 0] Training state saved:                      dit_trainer.py:1416
         checkpoints/model_weights_step_29640.state.pt                          
DEBUG    [rank 0] Removed old checkpoint:                    dit_trainer.py:1429
         /local/disk/hramachandran/work/wh_work/windinet/dit                    
         _outputs/lundquist/dit_sds_untrained_30k/checkpoint                    
         s/model_weights_step_29400.safetensors                                 
DEBUG    [rank 0] Removed old checkpoint:                    dit_trainer.py:1429
         /local/disk/hramachandran/work/wh_work/windinet/dit                    
         _outputs/lundquist/dit_sds_untrained_30k/checkpoint                    
         s/scalar_embedding_step_29400.safetensors                              
DEBUG    [rank 0] Removed optimizer state for older kept     dit_trainer.py:1444
         checkpoint:                                                            
         /local/disk/hramachandran/work/wh_work/windinet/dit                    
         _outputs/lundquist/dit_sds_untrained_30k/checkpoint                    
         s/model_weights_step_29520.state.pt                                    
[epoch 247] step=29640 train_loss=0.007110
[train] step=29641 loss=0.006130 lr=1.355e-08
[train] step=29642 loss=0.003973 lr=1.353e-08
[train] step=29643 loss=0.009792 lr=1.351e-08
[train] step=29644 loss=0.002200 lr=1.349e-08
[train] step=29645 loss=0.003706 lr=1.347e-08
[train] step=29646 loss=0.003266 lr=1.345e-08
[train] step=29647 loss=0.005580 lr=1.343e-08
[train] step=29648 loss=0.004405 lr=1.341e-08
[train] step=29649 loss=0.003604 lr=1.339e-08
[train] step=29650 loss=0.003143 lr=1.337e-08
[train] step=29651 loss=0.007830 lr=1.335e-08
[train] step=29652 loss=0.005019 lr=1.334e-08
[train] step=29653 loss=0.002641 lr=1.332e-08
[train] step=29654 loss=0.002397 lr=1.330e-08
[train] step=29655 loss=0.007323 lr=1.328e-08
[train] step=29656 loss=0.005815 lr=1.326e-08
[train] step=29657 loss=0.004916 lr=1.324e-08
[train] step=29658 loss=0.006928 lr=1.322e-08
[train] step=29659 loss=0.007758 lr=1.320e-08
[train] step=29660 loss=0.004787 lr=1.318e-08
[train] step=29661 loss=0.016520 lr=1.317e-08
[train] step=29662 loss=0.009745 lr=1.315e-08
[train] step=29663 loss=0.003168 lr=1.313e-08
[train] step=29664 loss=0.003499 lr=1.311e-08
[train] step=29665 loss=0.005298 lr=1.309e-08
[train] step=29666 loss=0.004087 lr=1.307e-08
[train] step=29667 loss=0.002879 lr=1.306e-08
[train] step=29668 loss=0.004656 lr=1.304e-08
[train] step=29669 loss=0.006931 lr=1.302e-08
[train] step=29670 loss=0.003124 lr=1.300e-08
[train] step=29671 loss=0.005797 lr=1.298e-08
[train] step=29672 loss=0.006836 lr=1.296e-08
[train] step=29673 loss=0.002528 lr=1.295e-08
[train] step=29674 loss=0.003877 lr=1.293e-08
[train] step=29675 loss=0.006524 lr=1.291e-08
[train] step=29676 loss=0.020425 lr=1.289e-08
[train] step=29677 loss=0.006872 lr=1.287e-08
[train] step=29678 loss=0.003915 lr=1.286e-08
[train] step=29679 loss=0.003228 lr=1.284e-08
[train] step=29680 loss=0.003080 lr=1.282e-08
[train] step=29681 loss=0.008856 lr=1.280e-08
[train] step=29682 loss=0.007739 lr=1.279e-08
[train] step=29683 loss=0.002627 lr=1.277e-08
[train] step=29684 loss=0.007471 lr=1.275e-08
[train] step=29685 loss=0.003237 lr=1.273e-08
[train] step=29686 loss=0.004761 lr=1.272e-08
[train] step=29687 loss=0.004067 lr=1.270e-08
[train] step=29688 loss=0.015087 lr=1.268e-08
[train] step=29689 loss=0.004640 lr=1.267e-08
[train] step=29690 loss=0.003894 lr=1.265e-08
[train] step=29691 loss=0.003978 lr=1.263e-08
[train] step=29692 loss=0.009937 lr=1.261e-08
[train] step=29693 loss=0.004461 lr=1.260e-08
[train] step=29694 loss=0.008782 lr=1.258e-08
[train] step=29695 loss=0.012989 lr=1.256e-08
[train] step=29696 loss=0.005568 lr=1.255e-08
[train] step=29697 loss=0.010214 lr=1.253e-08
[train] step=29698 loss=0.008780 lr=1.251e-08
[train] step=29699 loss=0.013462 lr=1.250e-08
[train] step=29700 loss=0.004244 lr=1.248e-08
[train] step=29701 loss=0.005020 lr=1.246e-08
[train] step=29702 loss=0.008846 lr=1.245e-08
[train] step=29703 loss=0.003254 lr=1.243e-08
[train] step=29704 loss=0.007708 lr=1.242e-08
[train] step=29705 loss=0.004496 lr=1.240e-08
[train] step=29706 loss=0.008198 lr=1.238e-08
[train] step=29707 loss=0.006902 lr=1.237e-08
[train] step=29708 loss=0.009534 lr=1.235e-08
[train] step=29709 loss=0.007664 lr=1.234e-08
[train] step=29710 loss=0.006266 lr=1.232e-08
[train] step=29711 loss=0.003323 lr=1.230e-08
[train] step=29712 loss=0.006680 lr=1.229e-08
[train] step=29713 loss=0.006648 lr=1.227e-08
[train] step=29714 loss=0.004124 lr=1.226e-08
[train] step=29715 loss=0.004856 lr=1.224e-08
[train] step=29716 loss=0.005455 lr=1.222e-08
[train] step=29717 loss=0.004710 lr=1.221e-08
[train] step=29718 loss=0.008427 lr=1.219e-08
[train] step=29719 loss=0.011379 lr=1.218e-08
[train] step=29720 loss=0.005320 lr=1.216e-08
[train] step=29721 loss=0.005219 lr=1.215e-08
[train] step=29722 loss=0.010524 lr=1.213e-08
[train] step=29723 loss=0.003471 lr=1.212e-08
[train] step=29724 loss=0.009442 lr=1.210e-08
[train] step=29725 loss=0.006632 lr=1.209e-08
[train] step=29726 loss=0.032164 lr=1.207e-08
[train] step=29727 loss=0.006816 lr=1.206e-08
[train] step=29728 loss=0.005729 lr=1.204e-08
[train] step=29729 loss=0.006711 lr=1.203e-08
[train] step=29730 loss=0.003692 lr=1.201e-08
[train] step=29731 loss=0.003427 lr=1.200e-08
[train] step=29732 loss=0.004778 lr=1.198e-08
[train] step=29733 loss=0.010895 lr=1.197e-08
[train] step=29734 loss=0.007396 lr=1.195e-08
[train] step=29735 loss=0.006182 lr=1.194e-08
[train] step=29736 loss=0.003926 lr=1.192e-08
[train] step=29737 loss=0.004813 lr=1.191e-08
[train] step=29738 loss=0.006039 lr=1.189e-08
[train] step=29739 loss=0.005001 lr=1.188e-08
[train] step=29740 loss=0.010159 lr=1.187e-08
[train] step=29741 loss=0.008160 lr=1.185e-08
[train] step=29742 loss=0.010586 lr=1.184e-08
[train] step=29743 loss=0.003978 lr=1.182e-08
[train] step=29744 loss=0.008395 lr=1.181e-08
[train] step=29745 loss=0.002960 lr=1.179e-08
[train] step=29746 loss=0.009976 lr=1.178e-08
[train] step=29747 loss=0.006795 lr=1.177e-08
[train] step=29748 loss=0.012700 lr=1.175e-08
[train] step=29749 loss=0.002929 lr=1.174e-08
[train] step=29750 loss=0.005215 lr=1.173e-08
[train] step=29751 loss=0.010235 lr=1.171e-08
[train] step=29752 loss=0.002632 lr=1.170e-08
[train] step=29753 loss=0.001385 lr=1.168e-08
[train] step=29754 loss=0.004768 lr=1.167e-08
[train] step=29755 loss=0.004338 lr=1.166e-08
[train] step=29756 loss=0.005582 lr=1.164e-08
[train] step=29757 loss=0.003316 lr=1.163e-08
[train] step=29758 loss=0.006401 lr=1.162e-08
[train] step=29759 loss=0.005002 lr=1.160e-08
[train] step=29760 loss=0.003367 lr=1.159e-08
INFO     [rank 0] Model weights for step 29760 saved in      dit_trainer.py:1288
         checkpoints/model_weights_step_29760.safetensors                       
INFO     [rank 0] Scalar embedding weights for step 29760    dit_trainer.py:1297
         saved                                                                  
INFO     [rank 0] Training state saved:                      dit_trainer.py:1416
         checkpoints/model_weights_step_29760.state.pt                          
DEBUG    [rank 0] Removed old checkpoint:                    dit_trainer.py:1429
         /local/disk/hramachandran/work/wh_work/windinet/dit                    
         _outputs/lundquist/dit_sds_untrained_30k/checkpoint                    
         s/model_weights_step_29520.safetensors                                 
DEBUG    [rank 0] Removed old checkpoint:                    dit_trainer.py:1429
         /local/disk/hramachandran/work/wh_work/windinet/dit                    
         _outputs/lundquist/dit_sds_untrained_30k/checkpoint                    
         s/scalar_embedding_step_29520.safetensors                              
DEBUG    [rank 0] Removed optimizer state for older kept     dit_trainer.py:1444
         checkpoint:                                                            
         /local/disk/hramachandran/work/wh_work/windinet/dit                    
         _outputs/lundquist/dit_sds_untrained_30k/checkpoint                    
         s/model_weights_step_29640.state.pt                                    
[epoch 248] step=29760 train_loss=0.006428
[train] step=29761 loss=0.003587 lr=1.158e-08
[train] step=29762 loss=0.004703 lr=1.156e-08
[train] step=29763 loss=0.005640 lr=1.155e-08
[train] step=29764 loss=0.007686 lr=1.154e-08
[train] step=29765 loss=0.002958 lr=1.153e-08
[train] step=29766 loss=0.009871 lr=1.151e-08
[train] step=29767 loss=0.004798 lr=1.150e-08
[train] step=29768 loss=0.011817 lr=1.149e-08
[train] step=29769 loss=0.003932 lr=1.147e-08
[train] step=29770 loss=0.004914 lr=1.146e-08
[train] step=29771 loss=0.003743 lr=1.145e-08
[train] step=29772 loss=0.003156 lr=1.144e-08
[train] step=29773 loss=0.003956 lr=1.142e-08
[train] step=29774 loss=0.007666 lr=1.141e-08
[train] step=29775 loss=0.004993 lr=1.140e-08
[train] step=29776 loss=0.004993 lr=1.139e-08
[train] step=29777 loss=0.002064 lr=1.137e-08
[train] step=29778 loss=0.007956 lr=1.136e-08
[train] step=29779 loss=0.005696 lr=1.135e-08
[train] step=29780 loss=0.007368 lr=1.134e-08
[train] step=29781 loss=0.008528 lr=1.133e-08
[train] step=29782 loss=0.004082 lr=1.131e-08
[train] step=29783 loss=0.004519 lr=1.130e-08
[train] step=29784 loss=0.008943 lr=1.129e-08
[train] step=29785 loss=0.005329 lr=1.128e-08
[train] step=29786 loss=0.004017 lr=1.127e-08
[train] step=29787 loss=0.012218 lr=1.125e-08
[train] step=29788 loss=0.004811 lr=1.124e-08
[train] step=29789 loss=0.013167 lr=1.123e-08
[train] step=29790 loss=0.004316 lr=1.122e-08
[train] step=29791 loss=0.006778 lr=1.121e-08
[train] step=29792 loss=0.010026 lr=1.120e-08
[train] step=29793 loss=0.003886 lr=1.118e-08
[train] step=29794 loss=0.008303 lr=1.117e-08
[train] step=29795 loss=0.003392 lr=1.116e-08
[train] step=29796 loss=0.025994 lr=1.115e-08
[train] step=29797 loss=0.004205 lr=1.114e-08
[train] step=29798 loss=0.003764 lr=1.113e-08
[train] step=29799 loss=0.009097 lr=1.112e-08
[train] step=29800 loss=0.005461 lr=1.111e-08
[train] step=29801 loss=0.003626 lr=1.110e-08
[train] step=29802 loss=0.008796 lr=1.108e-08
[train] step=29803 loss=0.003270 lr=1.107e-08
[train] step=29804 loss=0.010088 lr=1.106e-08
[train] step=29805 loss=0.007614 lr=1.105e-08
[train] step=29806 loss=0.003683 lr=1.104e-08
[train] step=29807 loss=0.005949 lr=1.103e-08
[train] step=29808 loss=0.003684 lr=1.102e-08
[train] step=29809 loss=0.009060 lr=1.101e-08
[train] step=29810 loss=0.013803 lr=1.100e-08
[train] step=29811 loss=0.005939 lr=1.099e-08
[train] step=29812 loss=0.003008 lr=1.098e-08
[train] step=29813 loss=0.004242 lr=1.097e-08
[train] step=29814 loss=0.012077 lr=1.096e-08
[train] step=29815 loss=0.014074 lr=1.095e-08
[train] step=29816 loss=0.003509 lr=1.094e-08
[train] step=29817 loss=0.004976 lr=1.093e-08
[train] step=29818 loss=0.004162 lr=1.092e-08
[train] step=29819 loss=0.012957 lr=1.091e-08
[train] step=29820 loss=0.002175 lr=1.090e-08
[train] step=29821 loss=0.004840 lr=1.089e-08
[train] step=29822 loss=0.006136 lr=1.088e-08
[train] step=29823 loss=0.003652 lr=1.087e-08
[train] step=29824 loss=0.015994 lr=1.086e-08
[train] step=29825 loss=0.005057 lr=1.085e-08
[train] step=29826 loss=0.005657 lr=1.084e-08
[train] step=29827 loss=0.006798 lr=1.083e-08
[train] step=29828 loss=0.004128 lr=1.082e-08
[train] step=29829 loss=0.004491 lr=1.081e-08
[train] step=29830 loss=0.003547 lr=1.080e-08
[train] step=29831 loss=0.004388 lr=1.079e-08
[train] step=29832 loss=0.004733 lr=1.078e-08
[train] step=29833 loss=0.003415 lr=1.077e-08
[train] step=29834 loss=0.002752 lr=1.076e-08
[train] step=29835 loss=0.005603 lr=1.075e-08
[train] step=29836 loss=0.005045 lr=1.075e-08
[train] step=29837 loss=0.028970 lr=1.074e-08
[train] step=29838 loss=0.004319 lr=1.073e-08
[train] step=29839 loss=0.002880 lr=1.072e-08
[train] step=29840 loss=0.005878 lr=1.071e-08
[train] step=29841 loss=0.005857 lr=1.070e-08
[train] step=29842 loss=0.002038 lr=1.069e-08
[train] step=29843 loss=0.010916 lr=1.068e-08
[train] step=29844 loss=0.012398 lr=1.068e-08
[train] step=29845 loss=0.007235 lr=1.067e-08
[train] step=29846 loss=0.004164 lr=1.066e-08
[train] step=29847 loss=0.007094 lr=1.065e-08
[train] step=29848 loss=0.009755 lr=1.064e-08
[train] step=29849 loss=0.007534 lr=1.063e-08
[train] step=29850 loss=0.005404 lr=1.062e-08
[train] step=29851 loss=0.005684 lr=1.062e-08
[train] step=29852 loss=0.006318 lr=1.061e-08
[train] step=29853 loss=0.004384 lr=1.060e-08
[train] step=29854 loss=0.003463 lr=1.059e-08
[train] step=29855 loss=0.005436 lr=1.058e-08
[train] step=29856 loss=0.004843 lr=1.058e-08
[train] step=29857 loss=0.004586 lr=1.057e-08
[train] step=29858 loss=0.004539 lr=1.056e-08
[train] step=29859 loss=0.005519 lr=1.055e-08
[train] step=29860 loss=0.004900 lr=1.054e-08
[train] step=29861 loss=0.006474 lr=1.054e-08
[train] step=29862 loss=0.006390 lr=1.053e-08
[train] step=29863 loss=0.004079 lr=1.052e-08
[train] step=29864 loss=0.007656 lr=1.051e-08
[train] step=29865 loss=0.025225 lr=1.051e-08
[train] step=29866 loss=0.009482 lr=1.050e-08
[train] step=29867 loss=0.004127 lr=1.049e-08
[train] step=29868 loss=0.003084 lr=1.048e-08
[train] step=29869 loss=0.002176 lr=1.048e-08
[train] step=29870 loss=0.003687 lr=1.047e-08
[train] step=29871 loss=0.005632 lr=1.046e-08
[train] step=29872 loss=0.008420 lr=1.046e-08
[train] step=29873 loss=0.005742 lr=1.045e-08
[train] step=29874 loss=0.004473 lr=1.044e-08
[train] step=29875 loss=0.002725 lr=1.043e-08
[train] step=29876 loss=0.004227 lr=1.043e-08
[train] step=29877 loss=0.007254 lr=1.042e-08
[train] step=29878 loss=0.004898 lr=1.041e-08
[train] step=29879 loss=0.004881 lr=1.041e-08
[train] step=29880 loss=0.008283 lr=1.040e-08
INFO     [rank 0] Model weights for step 29880 saved in      dit_trainer.py:1288
         checkpoints/model_weights_step_29880.safetensors                       
INFO     [rank 0] Scalar embedding weights for step 29880    dit_trainer.py:1297
         saved                                                                  
INFO     [rank 0] Training state saved:                      dit_trainer.py:1416
         checkpoints/model_weights_step_29880.state.pt                          
DEBUG    [rank 0] Removed old checkpoint:                    dit_trainer.py:1429
         /local/disk/hramachandran/work/wh_work/windinet/dit                    
         _outputs/lundquist/dit_sds_untrained_30k/checkpoint                    
         s/model_weights_step_29640.safetensors                                 
DEBUG    [rank 0] Removed old checkpoint:                    dit_trainer.py:1429
         /local/disk/hramachandran/work/wh_work/windinet/dit                    
         _outputs/lundquist/dit_sds_untrained_30k/checkpoint                    
         s/scalar_embedding_step_29640.safetensors                              
DEBUG    [rank 0] Removed optimizer state for older kept     dit_trainer.py:1444
         checkpoint:                                                            
         /local/disk/hramachandran/work/wh_work/windinet/dit                    
         _outputs/lundquist/dit_sds_untrained_30k/checkpoint                    
         s/model_weights_step_29760.state.pt                                    
[epoch 249] step=29880 train_loss=0.006445
[train] step=29881 loss=0.007268 lr=1.039e-08
[train] step=29882 loss=0.002739 lr=1.039e-08
[train] step=29883 loss=0.007792 lr=1.038e-08
[train] step=29884 loss=0.005723 lr=1.037e-08
[train] step=29885 loss=0.006310 lr=1.037e-08
[train] step=29886 loss=0.024751 lr=1.036e-08
[train] step=29887 loss=0.007618 lr=1.036e-08
[train] step=29888 loss=0.005841 lr=1.035e-08
[train] step=29889 loss=0.005400 lr=1.034e-08
[train] step=29890 loss=0.005172 lr=1.034e-08
[train] step=29891 loss=0.017509 lr=1.033e-08
[train] step=29892 loss=0.003465 lr=1.033e-08
[train] step=29893 loss=0.007116 lr=1.032e-08
[train] step=29894 loss=0.003337 lr=1.031e-08
[train] step=29895 loss=0.003734 lr=1.031e-08
[train] step=29896 loss=0.004277 lr=1.030e-08
[train] step=29897 loss=0.006178 lr=1.030e-08
[train] step=29898 loss=0.005809 lr=1.029e-08
[train] step=29899 loss=0.003901 lr=1.028e-08
[train] step=29900 loss=0.004024 lr=1.028e-08
[train] step=29901 loss=0.005757 lr=1.027e-08
[train] step=29902 loss=0.006799 lr=1.027e-08
[train] step=29903 loss=0.006180 lr=1.026e-08
[train] step=29904 loss=0.004436 lr=1.026e-08
[train] step=29905 loss=0.004817 lr=1.025e-08
[train] step=29906 loss=0.005603 lr=1.025e-08
[train] step=29907 loss=0.004599 lr=1.024e-08
[train] step=29908 loss=0.006020 lr=1.024e-08
[train] step=29909 loss=0.003526 lr=1.023e-08
[train] step=29910 loss=0.003486 lr=1.023e-08
[train] step=29911 loss=0.007066 lr=1.022e-08
[train] step=29912 loss=0.007633 lr=1.022e-08
[train] step=29913 loss=0.004584 lr=1.021e-08
[train] step=29914 loss=0.004779 lr=1.021e-08
[train] step=29915 loss=0.003998 lr=1.020e-08
[train] step=29916 loss=0.002712 lr=1.020e-08
[train] step=29917 loss=0.002718 lr=1.019e-08
[train] step=29918 loss=0.006178 lr=1.019e-08
[train] step=29919 loss=0.007745 lr=1.018e-08
[train] step=29920 loss=0.003299 lr=1.018e-08
[train] step=29921 loss=0.010273 lr=1.018e-08
[train] step=29922 loss=0.006157 lr=1.017e-08
[train] step=29923 loss=0.006345 lr=1.017e-08
[train] step=29924 loss=0.008032 lr=1.016e-08
[train] step=29925 loss=0.015955 lr=1.016e-08
[train] step=29926 loss=0.004174 lr=1.015e-08
[train] step=29927 loss=0.007561 lr=1.015e-08
[train] step=29928 loss=0.004935 lr=1.015e-08
[train] step=29929 loss=0.007494 lr=1.014e-08
[train] step=29930 loss=0.003406 lr=1.014e-08
[train] step=29931 loss=0.003379 lr=1.013e-08
[train] step=29932 loss=0.020099 lr=1.013e-08
[train] step=29933 loss=0.006645 lr=1.013e-08
[train] step=29934 loss=0.004966 lr=1.012e-08
[train] step=29935 loss=0.003262 lr=1.012e-08
[train] step=29936 loss=0.005168 lr=1.012e-08
[train] step=29937 loss=0.006431 lr=1.011e-08
[train] step=29938 loss=0.004115 lr=1.011e-08
[train] step=29939 loss=0.002040 lr=1.011e-08
[train] step=29940 loss=0.005302 lr=1.010e-08
[train] step=29941 loss=0.003115 lr=1.010e-08
[train] step=29942 loss=0.006324 lr=1.010e-08
[train] step=29943 loss=0.002731 lr=1.009e-08
[train] step=29944 loss=0.006354 lr=1.009e-08
[train] step=29945 loss=0.029571 lr=1.009e-08
[train] step=29946 loss=0.004818 lr=1.008e-08
[train] step=29947 loss=0.008354 lr=1.008e-08
[train] step=29948 loss=0.003831 lr=1.008e-08
[train] step=29949 loss=0.007777 lr=1.007e-08
[train] step=29950 loss=0.004930 lr=1.007e-08
[train] step=29951 loss=0.028540 lr=1.007e-08
[train] step=29952 loss=0.003068 lr=1.007e-08
[train] step=29953 loss=0.004014 lr=1.006e-08
[train] step=29954 loss=0.002278 lr=1.006e-08
[train] step=29955 loss=0.003373 lr=1.006e-08
[train] step=29956 loss=0.007368 lr=1.006e-08
[train] step=29957 loss=0.003585 lr=1.005e-08
[train] step=29958 loss=0.004860 lr=1.005e-08
[train] step=29959 loss=0.003323 lr=1.005e-08
[train] step=29960 loss=0.003574 lr=1.005e-08
[train] step=29961 loss=0.011651 lr=1.004e-08
[train] step=29962 loss=0.009941 lr=1.004e-08
[train] step=29963 loss=0.004450 lr=1.004e-08
[train] step=29964 loss=0.006992 lr=1.004e-08
[train] step=29965 loss=0.003333 lr=1.004e-08
[train] step=29966 loss=0.006560 lr=1.003e-08
[train] step=29967 loss=0.006747 lr=1.003e-08
[train] step=29968 loss=0.004328 lr=1.003e-08
[train] step=29969 loss=0.004478 lr=1.003e-08
[train] step=29970 loss=0.004947 lr=1.003e-08
[train] step=29971 loss=0.003424 lr=1.002e-08
[train] step=29972 loss=0.005901 lr=1.002e-08
[train] step=29973 loss=0.005356 lr=1.002e-08
[train] step=29974 loss=0.004284 lr=1.002e-08
[train] step=29975 loss=0.007094 lr=1.002e-08
[train] step=29976 loss=0.005277 lr=1.002e-08
[train] step=29977 loss=0.014935 lr=1.002e-08
[train] step=29978 loss=0.030789 lr=1.001e-08
[train] step=29979 loss=0.010375 lr=1.001e-08
[train] step=29980 loss=0.003228 lr=1.001e-08
[train] step=29981 loss=0.005349 lr=1.001e-08
[train] step=29982 loss=0.008379 lr=1.001e-08
[train] step=29983 loss=0.004497 lr=1.001e-08
[train] step=29984 loss=0.006178 lr=1.001e-08
[train] step=29985 loss=0.005853 lr=1.001e-08
[train] step=29986 loss=0.009909 lr=1.001e-08
[train] step=29987 loss=0.006585 lr=1.001e-08
[train] step=29988 loss=0.030089 lr=1.000e-08
[train] step=29989 loss=0.007407 lr=1.000e-08
[train] step=29990 loss=0.001847 lr=1.000e-08
[train] step=29991 loss=0.005564 lr=1.000e-08
[train] step=29992 loss=0.011072 lr=1.000e-08
[train] step=29993 loss=0.005141 lr=1.000e-08
[train] step=29994 loss=0.004442 lr=1.000e-08
[train] step=29995 loss=0.005186 lr=1.000e-08
[train] step=29996 loss=0.015441 lr=1.000e-08
[train] step=29997 loss=0.003416 lr=1.000e-08
[train] step=29998 loss=0.003146 lr=1.000e-08
[train] step=29999 loss=0.002673 lr=1.000e-08
[train] step=30000 loss=0.010959 lr=1.000e-08
[val] step=30000 val_loss=0.014400
INFO     [rank 0] Model weights for step 30000 saved in      dit_trainer.py:1288
         checkpoints/model_weights_step_30000.safetensors                       
INFO     [rank 0] Scalar embedding weights for step 30000    dit_trainer.py:1297
         saved                                                                  
INFO     [rank 0] Training state saved:                      dit_trainer.py:1416
         checkpoints/model_weights_step_30000.state.pt                          
DEBUG    [rank 0] Removed old checkpoint:                    dit_trainer.py:1429
         /local/disk/hramachandran/work/wh_work/windinet/dit                    
         _outputs/lundquist/dit_sds_untrained_30k/checkpoint                    
         s/model_weights_step_29760.safetensors                                 
DEBUG    [rank 0] Removed old checkpoint:                    dit_trainer.py:1429
         /local/disk/hramachandran/work/wh_work/windinet/dit                    
         _outputs/lundquist/dit_sds_untrained_30k/checkpoint                    
         s/scalar_embedding_step_29760.safetensors                              
DEBUG    [rank 0] Removed optimizer state for older kept     dit_trainer.py:1444
         checkpoint:                                                            
         /local/disk/hramachandran/work/wh_work/windinet/dit                    
         _outputs/lundquist/dit_sds_untrained_30k/checkpoint                    
         s/model_weights_step_29880.state.pt                                    
INFO     [rank 0] Saved DiT visualization panels for    dit_visualization.py:418
         step 30000 (3 samples x 4 frames);                                     
         latent_vrmse=0.07177 pixel_vrmse=0.43688 ->                            
         /local/disk/hramachandran/work/wh_work/windine                         
         t/dit_outputs/lundquist/dit_sds_untrained_30k/                         
         dit_vrmse_metrics.csv,                                                 
         /local/disk/hramachandran/work/wh_work/windine                         
         t/dit_outputs/lundquist/dit_sds_untrained_30k/                         
         dit_vrmse_curve.png                                                    
[epoch 250] step=30000 train_loss=0.006850 val_loss=0.014400
[train] step=30001 loss=0.010211 lr=1.000e-08
[train] step=30002 loss=0.007278 lr=1.000e-08
[train] step=30003 loss=0.005590 lr=1.000e-08
[train] step=30004 loss=0.016589 lr=1.000e-08
[train] step=30005 loss=0.006425 lr=1.000e-08
[train] step=30006 loss=0.011421 lr=1.000e-08
[train] step=30007 loss=0.004492 lr=1.000e-08
[train] step=30008 loss=0.005369 lr=1.000e-08
[train] step=30009 loss=0.009002 lr=1.000e-08
[train] step=30010 loss=0.003357 lr=1.000e-08
[train] step=30011 loss=0.004690 lr=1.000e-08
[train] step=30012 loss=0.005410 lr=1.000e-08
[train] step=30013 loss=0.004845 lr=1.000e-08
[train] step=30014 loss=0.002545 lr=1.000e-08
[train] step=30015 loss=0.012584 lr=1.001e-08
[train] step=30016 loss=0.002788 lr=1.001e-08
[train] step=30017 loss=0.003703 lr=1.001e-08
[train] step=30018 loss=0.003918 lr=1.001e-08
[train] step=30019 loss=0.013947 lr=1.001e-08
[train] step=30020 loss=0.003632 lr=1.001e-08
[train] step=30021 loss=0.005604 lr=1.001e-08
[train] step=30022 loss=0.012832 lr=1.001e-08
[train] step=30023 loss=0.005294 lr=1.001e-08
[train] step=30024 loss=0.005502 lr=1.001e-08
[train] step=30025 loss=0.003914 lr=1.002e-08
[train] step=30026 loss=0.003817 lr=1.002e-08
[train] step=30027 loss=0.005052 lr=1.002e-08
[train] step=30028 loss=0.010974 lr=1.002e-08
[train] step=30029 loss=0.003441 lr=1.002e-08
[train] step=30030 loss=0.007328 lr=1.002e-08
[train] step=30031 loss=0.006687 lr=1.002e-08
[train] step=30032 loss=0.009695 lr=1.003e-08
[train] step=30033 loss=0.008011 lr=1.003e-08
[train] step=30034 loss=0.002105 lr=1.003e-08
[train] step=30035 loss=0.012470 lr=1.003e-08
[train] step=30036 loss=0.011828 lr=1.003e-08
[train] step=30037 loss=0.003837 lr=1.004e-08
[train] step=30038 loss=0.003526 lr=1.004e-08
[train] step=30039 loss=0.005177 lr=1.004e-08
[train] step=30040 loss=0.002480 lr=1.004e-08
[train] step=30041 loss=0.006139 lr=1.004e-08
[train] step=30042 loss=0.004368 lr=1.005e-08
[train] step=30043 loss=0.005350 lr=1.005e-08
[train] step=30044 loss=0.006446 lr=1.005e-08
[train] step=30045 loss=0.019262 lr=1.005e-08
[train] step=30046 loss=0.010736 lr=1.006e-08
[train] step=30047 loss=0.003943 lr=1.006e-08
[train] step=30048 loss=0.004732 lr=1.006e-08
[train] step=30049 loss=0.012611 lr=1.006e-08
[train] step=30050 loss=0.005072 lr=1.007e-08
[train] step=30051 loss=0.004971 lr=1.007e-08
[train] step=30052 loss=0.004538 lr=1.007e-08
[train] step=30053 loss=0.024856 lr=1.007e-08
[train] step=30054 loss=0.003647 lr=1.008e-08
[train] step=30055 loss=0.007934 lr=1.008e-08
[train] step=30056 loss=0.007466 lr=1.008e-08
[train] step=30057 loss=0.005678 lr=1.009e-08
[train] step=30058 loss=0.013487 lr=1.009e-08
[train] step=30059 loss=0.009203 lr=1.009e-08
╭──────────────────────────────────────────────────────────────────────────────╮
│ Training Step 3… ━━━ Loss: 0.0092 LR: 1.01e-08 Time/Step: 4.24s 1… ETA: 00:… │
╰──────────────────────────────────────────────────────────────────────────────╯INFO     [rank 0] Model weights for step 30059 saved in      dit_trainer.py:1288
         checkpoints/model_weights_step_30059.safetensors                       
INFO     [rank 0] Scalar embedding weights for step 30059    dit_trainer.py:1297
         saved                                                                  
INFO     [rank 0] Training state saved:                      dit_trainer.py:1416
         checkpoints/model_weights_step_30059.state.pt                          
DEBUG    [rank 0] Removed old checkpoint:                    dit_trainer.py:1429
         /local/disk/hramachandran/work/wh_work/windinet/dit                    
         _outputs/lundquist/dit_sds_untrained_30k/checkpoint                    
         s/model_weights_step_29880.safetensors                                 
DEBUG    [rank 0] Removed old checkpoint:                    dit_trainer.py:1429
         /local/disk/hramachandran/work/wh_work/windinet/dit                    
         _outputs/lundquist/dit_sds_untrained_30k/checkpoint                    
         s/scalar_embedding_step_29880.safetensors                              
DEBUG    [rank 0] Removed optimizer state for older kept     dit_trainer.py:1444
         checkpoint:                                                            
         /local/disk/hramachandran/work/wh_work/windinet/dit                    
         _outputs/lundquist/dit_sds_untrained_30k/checkpoint                    
         s/model_weights_step_30000.state.pt                                    
INFO     [rank 0] Saved DiT visualization panels for    dit_visualization.py:418
         step 30059 (3 samples x 4 frames);                                     
         latent_vrmse=0.07216 pixel_vrmse=0.43938 ->                            
         /local/disk/hramachandran/work/wh_work/windine                         
         t/dit_outputs/lundquist/dit_sds_untrained_30k/                         
         dit_vrmse_metrics.csv,                                                 
         /local/disk/hramachandran/work/wh_work/windine                         
         t/dit_outputs/lundquist/dit_sds_untrained_30k/                         
         dit_vrmse_curve.png                                                    
INFO     [rank 0] Training Statistics:                       dit_trainer.py:1513
          - Total time: 638.6 minutes                                           
          - Training time: 638.6 minutes                                        
          - Training speed: 0.78 steps/second                                   
          - Samples/second: 25.05                                               
          - Peak GPU memory: 44.27 GB                                           
          - Number of processes: 2                                              
          - Global batch size: 32                                               
end_time=2026-09-22T20:26:51+02:00 elapsed=38417s
permission denied while trying to connect to the Docker daemon socket at unix:///var/run/docker.sock: Get "http://%2Fvar%2Frun%2Fdocker.sock/v1.24/containers/json?filters=%7B%22label%22%3A%7B%22slurm_job_id%3D23167%22%3Atrue%7D%7D": dial unix /var/run/docker.sock: connect: permission denied
