preprocessed_data_root=/e/scratch/e-dev-2026d09-262/wh_work/dit_preprocessed/finetune_vae_jupiter_baseline_s44_256res output_dir=/e/scratch/e-dev-2026d09-262/wh_work/dit_outputs/shockwave_dit_jupiter_baseline_s44_lr1e4_20k steps=20000 accum=8
The following values were not passed to `accelerate launch` and had defaults used instead:
	`--dynamo_backend` was set to a value of `'no'`
To avoid this warning pass in values for each of the problematic parameters or run `accelerate config`.
[W1009 15:33:05.668409760 socket.cpp:764] [c10d] The client socket cannot be initialized to connect to [localhost]:29500 (errno: 97 - Address family not supported by protocol).
[W1009 15:36:30.452262192 socket.cpp:764] [c10d] The client socket cannot be initialized to connect to [localhost]:29500 (errno: 97 - Address family not supported by protocol).
[W1009 15:36:30.452262128 socket.cpp:764] [c10d] The client socket cannot be initialized to connect to [localhost]:29500 (errno: 97 - Address family not supported by protocol).
[W1009 15:36:30.452262256 socket.cpp:764] [c10d] The client socket cannot be initialized to connect to [localhost]:29500 (errno: 97 - Address family not supported by protocol).
[W1009 15:36:30.474185561 socket.cpp:764] [c10d] The client socket cannot be initialized to connect to [localhost]:29500 (errno: 97 - Address family not supported by protocol).
/e/project1/e-dev-2026d09-262/windinet_venv/lib/python3.12/site-packages/huggingface_hub/utils/_validators.py:206: UserWarning: The `local_dir_use_symlinks` argument is deprecated and ignored in `hf_hub_download`. Downloading to a local directory does not use symlinks anymore.
  warnings.warn(
/e/project1/e-dev-2026d09-262/windinet_venv/lib/python3.12/site-packages/huggingface_hub/utils/_validators.py:206: UserWarning: The `local_dir_use_symlinks` argument is deprecated and ignored in `hf_hub_download`. Downloading to a local directory does not use symlinks anymore.
  warnings.warn(
/e/project1/e-dev-2026d09-262/windinet_venv/lib/python3.12/site-packages/huggingface_hub/utils/_validators.py:206: UserWarning: The `local_dir_use_symlinks` argument is deprecated and ignored in `hf_hub_download`. Downloading to a local directory does not use symlinks anymore.
  warnings.warn(
/e/project1/e-dev-2026d09-262/windinet_venv/lib/python3.12/site-packages/huggingface_hub/utils/_validators.py:206: UserWarning: The `local_dir_use_symlinks` argument is deprecated and ignored in `hf_hub_download`. Downloading to a local directory does not use symlinks anymore.
  warnings.warn(
There are modules in LTXVideoTransformer3DModel that should be kept in float32: []. Casting directly with `to()` can lead to inconsistent results; set `torch_dtype` in `from_pretrained()` instead to keep these modules in float32.
/e/project1/e-dev-2026d09-262/windinet_venv/lib/python3.12/site-packages/torch/distributed/c10d_logger.py:83: FutureWarning: `torch.distributed.all_gather_into_tensor` is deprecated. Please use `torch.distributed.all_gather_single` instead.
  return func(*args, **kwargs)
/e/project1/e-dev-2026d09-262/windinet_venv/lib/python3.12/site-packages/torch/distributed/c10d_logger.py:83: FutureWarning: `torch.distributed.all_gather_into_tensor` is deprecated. Please use `torch.distributed.all_gather_single` instead.
  return func(*args, **kwargs)
/e/project1/e-dev-2026d09-262/windinet_venv/lib/python3.12/site-packages/torch/distributed/c10d_logger.py:83: FutureWarning: `torch.distributed.all_gather_into_tensor` is deprecated. Please use `torch.distributed.all_gather_single` instead.
  return func(*args, **kwargs)
/e/project1/e-dev-2026d09-262/windinet_venv/lib/python3.12/site-packages/torch/distributed/c10d_logger.py:83: FutureWarning: `torch.distributed.all_gather_into_tensor` is deprecated. Please use `torch.distributed.all_gather_single` instead.
  return func(*args, **kwargs)
/e/project1/e-dev-2026d09-262/windinet_venv/lib/python3.12/site-packages/torch/distributed/c10d_logger.py:83: FutureWarning: `torch.distributed.all_gather_into_tensor` is deprecated. Please use `torch.distributed.all_gather_single` instead.
  return func(*args, **kwargs)
/e/project1/e-dev-2026d09-262/windinet_venv/lib/python3.12/site-packages/torch/distributed/c10d_logger.py:83: FutureWarning: `torch.distributed.all_gather_into_tensor` is deprecated. Please use `torch.distributed.all_gather_single` instead.
  return func(*args, **kwargs)
/e/project1/e-dev-2026d09-262/windinet_venv/lib/python3.12/site-packages/torch/distributed/c10d_logger.py:83: FutureWarning: `torch.distributed.all_gather_into_tensor` is deprecated. Please use `torch.distributed.all_gather_single` instead.
  return func(*args, **kwargs)
/e/project1/e-dev-2026d09-262/windinet_venv/lib/python3.12/site-packages/torch/distributed/c10d_logger.py:83: FutureWarning: `torch.distributed.all_gather_into_tensor` is deprecated. Please use `torch.distributed.all_gather_single` instead.
  return func(*args, **kwargs)
/e/project1/e-dev-2026d09-262/windinet_venv/lib/python3.12/site-packages/torch/distributed/c10d_logger.py:83: FutureWarning: `torch.distributed.all_gather_into_tensor` is deprecated. Please use `torch.distributed.all_gather_single` instead.
  return func(*args, **kwargs)
/e/project1/e-dev-2026d09-262/windinet_venv/lib/python3.12/site-packages/torch/distributed/c10d_logger.py:83: FutureWarning: `torch.distributed.all_gather_into_tensor` is deprecated. Please use `torch.distributed.all_gather_single` instead.
  return func(*args, **kwargs)
/e/project1/e-dev-2026d09-262/windinet_venv/lib/python3.12/site-packages/torch/distributed/c10d_logger.py:83: FutureWarning: `torch.distributed.all_gather_into_tensor` is deprecated. Please use `torch.distributed.all_gather_single` instead.
  return func(*args, **kwargs)
/e/project1/e-dev-2026d09-262/windinet_venv/lib/python3.12/site-packages/torch/distributed/c10d_logger.py:83: FutureWarning: `torch.distributed.all_gather_into_tensor` is deprecated. Please use `torch.distributed.all_gather_single` instead.
  return func(*args, **kwargs)
/e/project1/e-dev-2026d09-262/windinet_venv/lib/python3.12/site-packages/torch/distributed/c10d_logger.py:83: FutureWarning: `torch.distributed.all_gather_into_tensor` is deprecated. Please use `torch.distributed.all_gather_single` instead.
  return func(*args, **kwargs)
/e/project1/e-dev-2026d09-262/windinet_venv/lib/python3.12/site-packages/torch/distributed/c10d_logger.py:83: FutureWarning: `torch.distributed.all_gather_into_tensor` is deprecated. Please use `torch.distributed.all_gather_single` instead.
  return func(*args, **kwargs)
/e/project1/e-dev-2026d09-262/windinet_venv/lib/python3.12/site-packages/torch/distributed/c10d_logger.py:83: FutureWarning: `torch.distributed.all_gather_into_tensor` is deprecated. Please use `torch.distributed.all_gather_single` instead.
  return func(*args, **kwargs)
/e/project1/e-dev-2026d09-262/windinet_venv/lib/python3.12/site-packages/torch/distributed/c10d_logger.py:83: FutureWarning: `torch.distributed.all_gather_into_tensor` is deprecated. Please use `torch.distributed.all_gather_single` instead.
  return func(*args, **kwargs)
/e/project1/e-dev-2026d09-262/windinet_venv/lib/python3.12/site-packages/torch/distributed/c10d_logger.py:83: FutureWarning: `torch.distributed.all_gather_into_tensor` is deprecated. Please use `torch.distributed.all_gather_single` instead.
  return func(*args, **kwargs)
/e/project1/e-dev-2026d09-262/windinet_venv/lib/python3.12/site-packages/torch/distributed/c10d_logger.py:83: FutureWarning: `torch.distributed.all_gather_into_tensor` is deprecated. Please use `torch.distributed.all_gather_single` instead.
  return func(*args, **kwargs)
/e/project1/e-dev-2026d09-262/windinet_venv/lib/python3.12/site-packages/torch/distributed/c10d_logger.py:83: FutureWarning: `torch.distributed.all_gather_into_tensor` is deprecated. Please use `torch.distributed.all_gather_single` instead.
  return func(*args, **kwargs)
/e/project1/e-dev-2026d09-262/windinet_venv/lib/python3.12/site-packages/torch/distributed/c10d_logger.py:83: FutureWarning: `torch.distributed.all_gather_into_tensor` is deprecated. Please use `torch.distributed.all_gather_single` instead.
  return func(*args, **kwargs)
/e/project1/e-dev-2026d09-262/windinet_venv/lib/python3.12/site-packages/torch/distributed/c10d_logger.py:83: FutureWarning: `torch.distributed.all_gather_into_tensor` is deprecated. Please use `torch.distributed.all_gather_single` instead.
  return func(*args, **kwargs)
/e/project1/e-dev-2026d09-262/windinet_venv/lib/python3.12/site-packages/torch/distributed/c10d_logger.py:83: FutureWarning: `torch.distributed.all_gather_into_tensor` is deprecated. Please use `torch.distributed.all_gather_single` instead.
  return func(*args, **kwargs)
/e/project1/e-dev-2026d09-262/windinet_venv/lib/python3.12/site-packages/torch/distributed/c10d_logger.py:83: FutureWarning: `torch.distributed.all_gather_into_tensor` is deprecated. Please use `torch.distributed.all_gather_single` instead.
  return func(*args, **kwargs)
/e/project1/e-dev-2026d09-262/windinet_venv/lib/python3.12/site-packages/torch/distributed/c10d_logger.py:83: FutureWarning: `torch.distributed.all_gather_into_tensor` is deprecated. Please use `torch.distributed.all_gather_single` instead.
  return func(*args, **kwargs)
/e/project1/e-dev-2026d09-262/windinet_venv/lib/python3.12/site-packages/torch/distributed/c10d_logger.py:83: FutureWarning: `torch.distributed.all_gather_into_tensor` is deprecated. Please use `torch.distributed.all_gather_single` instead.
  return func(*args, **kwargs)
/e/project1/e-dev-2026d09-262/windinet_venv/lib/python3.12/site-packages/torch/distributed/c10d_logger.py:83: FutureWarning: `torch.distributed.all_gather_into_tensor` is deprecated. Please use `torch.distributed.all_gather_single` instead.
  return func(*args, **kwargs)
/e/project1/e-dev-2026d09-262/windinet_venv/lib/python3.12/site-packages/torch/distributed/c10d_logger.py:83: FutureWarning: `torch.distributed.all_gather_into_tensor` is deprecated. Please use `torch.distributed.all_gather_single` instead.
  return func(*args, **kwargs)
/e/project1/e-dev-2026d09-262/windinet_venv/lib/python3.12/site-packages/torch/distributed/c10d_logger.py:83: FutureWarning: `torch.distributed.all_gather_into_tensor` is deprecated. Please use `torch.distributed.all_gather_single` instead.
  return func(*args, **kwargs)
/e/project1/e-dev-2026d09-262/windinet_venv/lib/python3.12/site-packages/torch/distributed/c10d_logger.py:83: FutureWarning: `torch.distributed.all_gather_into_tensor` is deprecated. Please use `torch.distributed.all_gather_single` instead.
  return func(*args, **kwargs)
/e/project1/e-dev-2026d09-262/windinet_venv/lib/python3.12/site-packages/torch/distributed/c10d_logger.py:83: FutureWarning: `torch.distributed.all_gather_into_tensor` is deprecated. Please use `torch.distributed.all_gather_single` instead.
  return func(*args, **kwargs)
/e/project1/e-dev-2026d09-262/windinet_venv/lib/python3.12/site-packages/torch/distributed/c10d_logger.py:83: FutureWarning: `torch.distributed.all_gather_into_tensor` is deprecated. Please use `torch.distributed.all_gather_single` instead.
  return func(*args, **kwargs)
/e/project1/e-dev-2026d09-262/windinet_venv/lib/python3.12/site-packages/torch/distributed/c10d_logger.py:83: FutureWarning: `torch.distributed.all_gather_into_tensor` is deprecated. Please use `torch.distributed.all_gather_single` instead.
  return func(*args, **kwargs)
/e/project1/e-dev-2026d09-262/windinet_venv/lib/python3.12/site-packages/torch/distributed/c10d_logger.py:83: FutureWarning: `torch.distributed.all_gather_into_tensor` is deprecated. Please use `torch.distributed.all_gather_single` instead.
  return func(*args, **kwargs)
/e/project1/e-dev-2026d09-262/windinet_venv/lib/python3.12/site-packages/torch/distributed/c10d_logger.py:83: FutureWarning: `torch.distributed.all_gather_into_tensor` is deprecated. Please use `torch.distributed.all_gather_single` instead.
  return func(*args, **kwargs)
/e/project1/e-dev-2026d09-262/windinet_venv/lib/python3.12/site-packages/torch/distributed/c10d_logger.py:83: FutureWarning: `torch.distributed.all_gather_into_tensor` is deprecated. Please use `torch.distributed.all_gather_single` instead.
  return func(*args, **kwargs)
/e/project1/e-dev-2026d09-262/windinet_venv/lib/python3.12/site-packages/torch/distributed/c10d_logger.py:83: FutureWarning: `torch.distributed.all_gather_into_tensor` is deprecated. Please use `torch.distributed.all_gather_single` instead.
  return func(*args, **kwargs)
/e/project1/e-dev-2026d09-262/windinet_venv/lib/python3.12/site-packages/torch/distributed/c10d_logger.py:83: FutureWarning: `torch.distributed.all_gather_into_tensor` is deprecated. Please use `torch.distributed.all_gather_single` instead.
  return func(*args, **kwargs)
/e/project1/e-dev-2026d09-262/windinet_venv/lib/python3.12/site-packages/torch/distributed/c10d_logger.py:83: FutureWarning: `torch.distributed.all_gather_into_tensor` is deprecated. Please use `torch.distributed.all_gather_single` instead.
  return func(*args, **kwargs)
/e/project1/e-dev-2026d09-262/windinet_venv/lib/python3.12/site-packages/torch/distributed/c10d_logger.py:83: FutureWarning: `torch.distributed.all_gather_into_tensor` is deprecated. Please use `torch.distributed.all_gather_single` instead.
  return func(*args, **kwargs)
/e/project1/e-dev-2026d09-262/windinet_venv/lib/python3.12/site-packages/torch/distributed/c10d_logger.py:83: FutureWarning: `torch.distributed.all_gather_into_tensor` is deprecated. Please use `torch.distributed.all_gather_single` instead.
  return func(*args, **kwargs)
/e/project1/e-dev-2026d09-262/windinet_venv/lib/python3.12/site-packages/torch/distributed/c10d_logger.py:83: FutureWarning: `torch.distributed.all_gather_into_tensor` is deprecated. Please use `torch.distributed.all_gather_single` instead.
  return func(*args, **kwargs)
/e/project1/e-dev-2026d09-262/windinet_venv/lib/python3.12/site-packages/torch/distributed/c10d_logger.py:83: FutureWarning: `torch.distributed.all_gather_into_tensor` is deprecated. Please use `torch.distributed.all_gather_single` instead.
  return func(*args, **kwargs)
/e/project1/e-dev-2026d09-262/windinet_venv/lib/python3.12/site-packages/torch/distributed/c10d_logger.py:83: FutureWarning: `torch.distributed.all_gather_into_tensor` is deprecated. Please use `torch.distributed.all_gather_single` instead.
  return func(*args, **kwargs)
/e/project1/e-dev-2026d09-262/windinet_venv/lib/python3.12/site-packages/torch/distributed/c10d_logger.py:83: FutureWarning: `torch.distributed.all_gather_into_tensor` is deprecated. Please use `torch.distributed.all_gather_single` instead.
  return func(*args, **kwargs)
/e/project1/e-dev-2026d09-262/windinet_venv/lib/python3.12/site-packages/torch/distributed/c10d_logger.py:83: FutureWarning: `torch.distributed.all_gather_into_tensor` is deprecated. Please use `torch.distributed.all_gather_single` instead.
  return func(*args, **kwargs)
/e/project1/e-dev-2026d09-262/windinet_venv/lib/python3.12/site-packages/torch/distributed/c10d_logger.py:83: FutureWarning: `torch.distributed.all_gather_into_tensor` is deprecated. Please use `torch.distributed.all_gather_single` instead.
  return func(*args, **kwargs)
/e/project1/e-dev-2026d09-262/windinet_venv/lib/python3.12/site-packages/torch/distributed/c10d_logger.py:83: FutureWarning: `torch.distributed.all_gather_into_tensor` is deprecated. Please use `torch.distributed.all_gather_single` instead.
  return func(*args, **kwargs)
/e/project1/e-dev-2026d09-262/windinet_venv/lib/python3.12/site-packages/torch/distributed/c10d_logger.py:83: FutureWarning: `torch.distributed.all_gather_into_tensor` is deprecated. Please use `torch.distributed.all_gather_single` instead.
  return func(*args, **kwargs)
/e/project1/e-dev-2026d09-262/windinet_venv/lib/python3.12/site-packages/torch/distributed/c10d_logger.py:83: FutureWarning: `torch.distributed.all_gather_into_tensor` is deprecated. Please use `torch.distributed.all_gather_single` instead.
  return func(*args, **kwargs)
/e/project1/e-dev-2026d09-262/windinet_venv/lib/python3.12/site-packages/torch/distributed/c10d_logger.py:83: FutureWarning: `torch.distributed.all_gather_into_tensor` is deprecated. Please use `torch.distributed.all_gather_single` instead.
  return func(*args, **kwargs)
/e/project1/e-dev-2026d09-262/windinet_venv/lib/python3.12/site-packages/torch/distributed/c10d_logger.py:83: FutureWarning: `torch.distributed.all_gather_into_tensor` is deprecated. Please use `torch.distributed.all_gather_single` instead.
  return func(*args, **kwargs)
/e/project1/e-dev-2026d09-262/windinet_venv/lib/python3.12/site-packages/torch/distributed/c10d_logger.py:83: FutureWarning: `torch.distributed.all_gather_into_tensor` is deprecated. Please use `torch.distributed.all_gather_single` instead.
  return func(*args, **kwargs)
/e/project1/e-dev-2026d09-262/windinet_venv/lib/python3.12/site-packages/torch/distributed/c10d_logger.py:83: FutureWarning: `torch.distributed.all_gather_into_tensor` is deprecated. Please use `torch.distributed.all_gather_single` instead.
  return func(*args, **kwargs)
/e/project1/e-dev-2026d09-262/windinet_venv/lib/python3.12/site-packages/torch/distributed/c10d_logger.py:83: FutureWarning: `torch.distributed.all_gather_into_tensor` is deprecated. Please use `torch.distributed.all_gather_single` instead.
  return func(*args, **kwargs)
/e/project1/e-dev-2026d09-262/windinet_venv/lib/python3.12/site-packages/torch/distributed/c10d_logger.py:83: FutureWarning: `torch.distributed.all_gather_into_tensor` is deprecated. Please use `torch.distributed.all_gather_single` instead.
  return func(*args, **kwargs)
/e/project1/e-dev-2026d09-262/windinet_venv/lib/python3.12/site-packages/torch/distributed/c10d_logger.py:83: FutureWarning: `torch.distributed.all_gather_into_tensor` is deprecated. Please use `torch.distributed.all_gather_single` instead.
  return func(*args, **kwargs)
/e/project1/e-dev-2026d09-262/windinet_venv/lib/python3.12/site-packages/torch/distributed/c10d_logger.py:83: FutureWarning: `torch.distributed.all_gather_into_tensor` is deprecated. Please use `torch.distributed.all_gather_single` instead.
  return func(*args, **kwargs)
/e/project1/e-dev-2026d09-262/windinet_venv/lib/python3.12/site-packages/torch/distributed/c10d_logger.py:83: FutureWarning: `torch.distributed.all_gather_into_tensor` is deprecated. Please use `torch.distributed.all_gather_single` instead.
  return func(*args, **kwargs)
/e/project1/e-dev-2026d09-262/windinet_venv/lib/python3.12/site-packages/torch/distributed/c10d_logger.py:83: FutureWarning: `torch.distributed.all_gather_into_tensor` is deprecated. Please use `torch.distributed.all_gather_single` instead.
  return func(*args, **kwargs)
/e/project1/e-dev-2026d09-262/windinet_venv/lib/python3.12/site-packages/torch/distributed/c10d_logger.py:83: FutureWarning: `torch.distributed.all_gather_into_tensor` is deprecated. Please use `torch.distributed.all_gather_single` instead.
  return func(*args, **kwargs)
/e/project1/e-dev-2026d09-262/windinet_venv/lib/python3.12/site-packages/torch/distributed/c10d_logger.py:83: FutureWarning: `torch.distributed.all_gather_into_tensor` is deprecated. Please use `torch.distributed.all_gather_single` instead.
  return func(*args, **kwargs)
/e/project1/e-dev-2026d09-262/windinet_venv/lib/python3.12/site-packages/torch/distributed/c10d_logger.py:83: FutureWarning: `torch.distributed.all_gather_into_tensor` is deprecated. Please use `torch.distributed.all_gather_single` instead.
  return func(*args, **kwargs)
/e/project1/e-dev-2026d09-262/windinet_venv/lib/python3.12/site-packages/torch/distributed/c10d_logger.py:83: FutureWarning: `torch.distributed.all_gather_into_tensor` is deprecated. Please use `torch.distributed.all_gather_single` instead.
  return func(*args, **kwargs)
/e/project1/e-dev-2026d09-262/windinet_venv/lib/python3.12/site-packages/torch/distributed/c10d_logger.py:83: FutureWarning: `torch.distributed.all_gather_into_tensor` is deprecated. Please use `torch.distributed.all_gather_single` instead.
  return func(*args, **kwargs)
/e/project1/e-dev-2026d09-262/windinet_venv/lib/python3.12/site-packages/torch/distributed/c10d_logger.py:83: FutureWarning: `torch.distributed.all_gather_into_tensor` is deprecated. Please use `torch.distributed.all_gather_single` instead.
  return func(*args, **kwargs)
/e/project1/e-dev-2026d09-262/windinet_venv/lib/python3.12/site-packages/torch/distributed/c10d_logger.py:83: FutureWarning: `torch.distributed.all_gather_into_tensor` is deprecated. Please use `torch.distributed.all_gather_single` instead.
  return func(*args, **kwargs)
/e/project1/e-dev-2026d09-262/windinet_venv/lib/python3.12/site-packages/torch/distributed/c10d_logger.py:83: FutureWarning: `torch.distributed.all_gather_into_tensor` is deprecated. Please use `torch.distributed.all_gather_single` instead.
  return func(*args, **kwargs)
/e/project1/e-dev-2026d09-262/windinet_venv/lib/python3.12/site-packages/torch/distributed/c10d_logger.py:83: FutureWarning: `torch.distributed.all_gather_into_tensor` is deprecated. Please use `torch.distributed.all_gather_single` instead.
  return func(*args, **kwargs)
/e/project1/e-dev-2026d09-262/windinet_venv/lib/python3.12/site-packages/torch/distributed/c10d_logger.py:83: FutureWarning: `torch.distributed.all_gather_into_tensor` is deprecated. Please use `torch.distributed.all_gather_single` instead.
  return func(*args, **kwargs)
/e/project1/e-dev-2026d09-262/windinet_venv/lib/python3.12/site-packages/torch/distributed/c10d_logger.py:83: FutureWarning: `torch.distributed.all_gather_into_tensor` is deprecated. Please use `torch.distributed.all_gather_single` instead.
  return func(*args, **kwargs)
/e/project1/e-dev-2026d09-262/windinet_venv/lib/python3.12/site-packages/torch/distributed/c10d_logger.py:83: FutureWarning: `torch.distributed.all_gather_into_tensor` is deprecated. Please use `torch.distributed.all_gather_single` instead.
  return func(*args, **kwargs)
/e/project1/e-dev-2026d09-262/windinet_venv/lib/python3.12/site-packages/torch/distributed/c10d_logger.py:83: FutureWarning: `torch.distributed.all_gather_into_tensor` is deprecated. Please use `torch.distributed.all_gather_single` instead.
  return func(*args, **kwargs)
/e/project1/e-dev-2026d09-262/windinet_venv/lib/python3.12/site-packages/torch/distributed/c10d_logger.py:83: FutureWarning: `torch.distributed.all_gather_into_tensor` is deprecated. Please use `torch.distributed.all_gather_single` instead.
  return func(*args, **kwargs)
/e/project1/e-dev-2026d09-262/windinet_venv/lib/python3.12/site-packages/torch/distributed/c10d_logger.py:83: FutureWarning: `torch.distributed.all_gather_into_tensor` is deprecated. Please use `torch.distributed.all_gather_single` instead.
  return func(*args, **kwargs)
/e/project1/e-dev-2026d09-262/windinet_venv/lib/python3.12/site-packages/torch/distributed/c10d_logger.py:83: FutureWarning: `torch.distributed.all_gather_into_tensor` is deprecated. Please use `torch.distributed.all_gather_single` instead.
  return func(*args, **kwargs)
/e/project1/e-dev-2026d09-262/windinet_venv/lib/python3.12/site-packages/torch/distributed/c10d_logger.py:83: FutureWarning: `torch.distributed.all_gather_into_tensor` is deprecated. Please use `torch.distributed.all_gather_single` instead.
  return func(*args, **kwargs)
/e/project1/e-dev-2026d09-262/windinet_venv/lib/python3.12/site-packages/torch/distributed/c10d_logger.py:83: FutureWarning: `torch.distributed.all_gather_into_tensor` is deprecated. Please use `torch.distributed.all_gather_single` instead.
  return func(*args, **kwargs)
/e/project1/e-dev-2026d09-262/windinet_venv/lib/python3.12/site-packages/torch/distributed/c10d_logger.py:83: FutureWarning: `torch.distributed.all_gather_into_tensor` is deprecated. Please use `torch.distributed.all_gather_single` instead.
  return func(*args, **kwargs)
/e/project1/e-dev-2026d09-262/windinet_venv/lib/python3.12/site-packages/torch/distributed/c10d_logger.py:83: FutureWarning: `torch.distributed.all_gather_into_tensor` is deprecated. Please use `torch.distributed.all_gather_single` instead.
  return func(*args, **kwargs)
/e/project1/e-dev-2026d09-262/windinet_venv/lib/python3.12/site-packages/torch/distributed/c10d_logger.py:83: FutureWarning: `torch.distributed.all_gather_into_tensor` is deprecated. Please use `torch.distributed.all_gather_single` instead.
  return func(*args, **kwargs)
/e/project1/e-dev-2026d09-262/windinet_venv/lib/python3.12/site-packages/torch/distributed/c10d_logger.py:83: FutureWarning: `torch.distributed.all_gather_into_tensor` is deprecated. Please use `torch.distributed.all_gather_single` instead.
  return func(*args, **kwargs)
/e/project1/e-dev-2026d09-262/windinet_venv/lib/python3.12/site-packages/torch/distributed/c10d_logger.py:83: FutureWarning: `torch.distributed.all_gather_into_tensor` is deprecated. Please use `torch.distributed.all_gather_single` instead.
  return func(*args, **kwargs)
/e/project1/e-dev-2026d09-262/windinet_venv/lib/python3.12/site-packages/torch/distributed/c10d_logger.py:83: FutureWarning: `torch.distributed.all_gather_into_tensor` is deprecated. Please use `torch.distributed.all_gather_single` instead.
  return func(*args, **kwargs)
/e/project1/e-dev-2026d09-262/windinet_venv/lib/python3.12/site-packages/torch/distributed/c10d_logger.py:83: FutureWarning: `torch.distributed.all_gather_into_tensor` is deprecated. Please use `torch.distributed.all_gather_single` instead.
  return func(*args, **kwargs)
/e/project1/e-dev-2026d09-262/windinet_venv/lib/python3.12/site-packages/torch/distributed/c10d_logger.py:83: FutureWarning: `torch.distributed.all_gather_into_tensor` is deprecated. Please use `torch.distributed.all_gather_single` instead.
  return func(*args, **kwargs)
/e/project1/e-dev-2026d09-262/windinet_venv/lib/python3.12/site-packages/torch/distributed/c10d_logger.py:83: FutureWarning: `torch.distributed.all_gather_into_tensor` is deprecated. Please use `torch.distributed.all_gather_single` instead.
  return func(*args, **kwargs)
/e/project1/e-dev-2026d09-262/windinet_venv/lib/python3.12/site-packages/torch/distributed/c10d_logger.py:83: FutureWarning: `torch.distributed.all_gather_into_tensor` is deprecated. Please use `torch.distributed.all_gather_single` instead.
  return func(*args, **kwargs)
/e/project1/e-dev-2026d09-262/windinet_venv/lib/python3.12/site-packages/torch/distributed/c10d_logger.py:83: FutureWarning: `torch.distributed.all_gather_into_tensor` is deprecated. Please use `torch.distributed.all_gather_single` instead.
  return func(*args, **kwargs)
/e/project1/e-dev-2026d09-262/windinet_venv/lib/python3.12/site-packages/torch/distributed/c10d_logger.py:83: FutureWarning: `torch.distributed.all_gather_into_tensor` is deprecated. Please use `torch.distributed.all_gather_single` instead.
  return func(*args, **kwargs)
/e/project1/e-dev-2026d09-262/windinet_venv/lib/python3.12/site-packages/torch/distributed/c10d_logger.py:83: FutureWarning: `torch.distributed.all_gather_into_tensor` is deprecated. Please use `torch.distributed.all_gather_single` instead.
  return func(*args, **kwargs)
/e/project1/e-dev-2026d09-262/windinet_venv/lib/python3.12/site-packages/torch/distributed/c10d_logger.py:83: FutureWarning: `torch.distributed.all_gather_into_tensor` is deprecated. Please use `torch.distributed.all_gather_single` instead.
  return func(*args, **kwargs)
/e/project1/e-dev-2026d09-262/windinet_venv/lib/python3.12/site-packages/torch/distributed/c10d_logger.py:83: FutureWarning: `torch.distributed.all_gather_into_tensor` is deprecated. Please use `torch.distributed.all_gather_single` instead.
  return func(*args, **kwargs)
/e/project1/e-dev-2026d09-262/windinet_venv/lib/python3.12/site-packages/torch/distributed/c10d_logger.py:83: FutureWarning: `torch.distributed.all_gather_into_tensor` is deprecated. Please use `torch.distributed.all_gather_single` instead.
  return func(*args, **kwargs)
/e/project1/e-dev-2026d09-262/windinet_venv/lib/python3.12/site-packages/torch/distributed/c10d_logger.py:83: FutureWarning: `torch.distributed.all_gather_into_tensor` is deprecated. Please use `torch.distributed.all_gather_single` instead.
  return func(*args, **kwargs)
/e/project1/e-dev-2026d09-262/windinet_venv/lib/python3.12/site-packages/torch/distributed/c10d_logger.py:83: FutureWarning: `torch.distributed.all_gather_into_tensor` is deprecated. Please use `torch.distributed.all_gather_single` instead.
  return func(*args, **kwargs)
/e/project1/e-dev-2026d09-262/windinet_venv/lib/python3.12/site-packages/torch/distributed/c10d_logger.py:83: FutureWarning: `torch.distributed.all_gather_into_tensor` is deprecated. Please use `torch.distributed.all_gather_single` instead.
  return func(*args, **kwargs)
/e/project1/e-dev-2026d09-262/windinet_venv/lib/python3.12/site-packages/torch/distributed/c10d_logger.py:83: FutureWarning: `torch.distributed.all_gather_into_tensor` is deprecated. Please use `torch.distributed.all_gather_single` instead.
  return func(*args, **kwargs)
/e/project1/e-dev-2026d09-262/windinet_venv/lib/python3.12/site-packages/torch/distributed/c10d_logger.py:83: FutureWarning: `torch.distributed.all_gather_into_tensor` is deprecated. Please use `torch.distributed.all_gather_single` instead.
  return func(*args, **kwargs)
/e/project1/e-dev-2026d09-262/windinet_venv/lib/python3.12/site-packages/torch/distributed/c10d_logger.py:83: FutureWarning: `torch.distributed.all_gather_into_tensor` is deprecated. Please use `torch.distributed.all_gather_single` instead.
  return func(*args, **kwargs)
/e/project1/e-dev-2026d09-262/windinet_venv/lib/python3.12/site-packages/torch/distributed/c10d_logger.py:83: FutureWarning: `torch.distributed.all_gather_into_tensor` is deprecated. Please use `torch.distributed.all_gather_single` instead.
  return func(*args, **kwargs)
/e/project1/e-dev-2026d09-262/windinet_venv/lib/python3.12/site-packages/torch/distributed/c10d_logger.py:83: FutureWarning: `torch.distributed.all_gather_into_tensor` is deprecated. Please use `torch.distributed.all_gather_single` instead.
  return func(*args, **kwargs)
/e/project1/e-dev-2026d09-262/windinet_venv/lib/python3.12/site-packages/torch/distributed/c10d_logger.py:83: FutureWarning: `torch.distributed.all_gather_into_tensor` is deprecated. Please use `torch.distributed.all_gather_single` instead.
  return func(*args, **kwargs)
/e/project1/e-dev-2026d09-262/windinet_venv/lib/python3.12/site-packages/torch/distributed/c10d_logger.py:83: FutureWarning: `torch.distributed.all_gather_into_tensor` is deprecated. Please use `torch.distributed.all_gather_single` instead.
  return func(*args, **kwargs)
/e/project1/e-dev-2026d09-262/windinet_venv/lib/python3.12/site-packages/torch/distributed/c10d_logger.py:83: FutureWarning: `torch.distributed.all_gather_into_tensor` is deprecated. Please use `torch.distributed.all_gather_single` instead.
  return func(*args, **kwargs)
/e/project1/e-dev-2026d09-262/windinet_venv/lib/python3.12/site-packages/torch/distributed/c10d_logger.py:83: FutureWarning: `torch.distributed.all_gather_into_tensor` is deprecated. Please use `torch.distributed.all_gather_single` instead.
  return func(*args, **kwargs)
/e/project1/e-dev-2026d09-262/windinet_venv/lib/python3.12/site-packages/torch/distributed/c10d_logger.py:83: FutureWarning: `torch.distributed.all_gather_into_tensor` is deprecated. Please use `torch.distributed.all_gather_single` instead.
  return func(*args, **kwargs)
/e/project1/e-dev-2026d09-262/windinet_venv/lib/python3.12/site-packages/torch/distributed/c10d_logger.py:83: FutureWarning: `torch.distributed.all_gather_into_tensor` is deprecated. Please use `torch.distributed.all_gather_single` instead.
  return func(*args, **kwargs)
/e/project1/e-dev-2026d09-262/windinet_venv/lib/python3.12/site-packages/torch/distributed/c10d_logger.py:83: FutureWarning: `torch.distributed.all_gather_into_tensor` is deprecated. Please use `torch.distributed.all_gather_single` instead.
  return func(*args, **kwargs)
/e/project1/e-dev-2026d09-262/windinet_venv/lib/python3.12/site-packages/torch/distributed/c10d_logger.py:83: FutureWarning: `torch.distributed.all_gather_into_tensor` is deprecated. Please use `torch.distributed.all_gather_single` instead.
  return func(*args, **kwargs)
/e/project1/e-dev-2026d09-262/windinet_venv/lib/python3.12/site-packages/torch/distributed/c10d_logger.py:83: FutureWarning: `torch.distributed.all_gather_into_tensor` is deprecated. Please use `torch.distributed.all_gather_single` instead.
  return func(*args, **kwargs)
/e/project1/e-dev-2026d09-262/windinet_venv/lib/python3.12/site-packages/torch/distributed/c10d_logger.py:83: FutureWarning: `torch.distributed.all_gather_into_tensor` is deprecated. Please use `torch.distributed.all_gather_single` instead.
  return func(*args, **kwargs)
/e/project1/e-dev-2026d09-262/windinet_venv/lib/python3.12/site-packages/torch/distributed/c10d_logger.py:83: FutureWarning: `torch.distributed.all_gather_into_tensor` is deprecated. Please use `torch.distributed.all_gather_single` instead.
  return func(*args, **kwargs)
/e/project1/e-dev-2026d09-262/windinet_venv/lib/python3.12/site-packages/torch/distributed/c10d_logger.py:83: FutureWarning: `torch.distributed.all_gather_into_tensor` is deprecated. Please use `torch.distributed.all_gather_single` instead.
  return func(*args, **kwargs)
/e/project1/e-dev-2026d09-262/windinet_venv/lib/python3.12/site-packages/torch/distributed/c10d_logger.py:83: FutureWarning: `torch.distributed.all_gather_into_tensor` is deprecated. Please use `torch.distributed.all_gather_single` instead.
  return func(*args, **kwargs)
/e/project1/e-dev-2026d09-262/windinet_venv/lib/python3.12/site-packages/torch/distributed/c10d_logger.py:83: FutureWarning: `torch.distributed.all_gather_into_tensor` is deprecated. Please use `torch.distributed.all_gather_single` instead.
  return func(*args, **kwargs)
/e/project1/e-dev-2026d09-262/windinet_venv/lib/python3.12/site-packages/torch/distributed/c10d_logger.py:83: FutureWarning: `torch.distributed.all_gather_into_tensor` is deprecated. Please use `torch.distributed.all_gather_single` instead.
  return func(*args, **kwargs)
/e/project1/e-dev-2026d09-262/windinet_venv/lib/python3.12/site-packages/torch/distributed/c10d_logger.py:83: FutureWarning: `torch.distributed.all_gather_into_tensor` is deprecated. Please use `torch.distributed.all_gather_single` instead.
  return func(*args, **kwargs)
/e/project1/e-dev-2026d09-262/windinet_venv/lib/python3.12/site-packages/torch/distributed/c10d_logger.py:83: FutureWarning: `torch.distributed.all_gather_into_tensor` is deprecated. Please use `torch.distributed.all_gather_single` instead.
  return func(*args, **kwargs)
/e/project1/e-dev-2026d09-262/windinet_venv/lib/python3.12/site-packages/torch/distributed/c10d_logger.py:83: FutureWarning: `torch.distributed.all_gather_into_tensor` is deprecated. Please use `torch.distributed.all_gather_single` instead.
  return func(*args, **kwargs)
/e/project1/e-dev-2026d09-262/windinet_venv/lib/python3.12/site-packages/torch/distributed/c10d_logger.py:83: FutureWarning: `torch.distributed.all_gather_into_tensor` is deprecated. Please use `torch.distributed.all_gather_single` instead.
  return func(*args, **kwargs)
/e/project1/e-dev-2026d09-262/windinet_venv/lib/python3.12/site-packages/torch/distributed/c10d_logger.py:83: FutureWarning: `torch.distributed.all_gather_into_tensor` is deprecated. Please use `torch.distributed.all_gather_single` instead.
  return func(*args, **kwargs)
/e/project1/e-dev-2026d09-262/windinet_venv/lib/python3.12/site-packages/torch/distributed/c10d_logger.py:83: FutureWarning: `torch.distributed.all_gather_into_tensor` is deprecated. Please use `torch.distributed.all_gather_single` instead.
  return func(*args, **kwargs)
/e/project1/e-dev-2026d09-262/windinet_venv/lib/python3.12/site-packages/torch/distributed/c10d_logger.py:83: FutureWarning: `torch.distributed.all_gather_into_tensor` is deprecated. Please use `torch.distributed.all_gather_single` instead.
  return func(*args, **kwargs)
/e/project1/e-dev-2026d09-262/windinet_venv/lib/python3.12/site-packages/torch/distributed/c10d_logger.py:83: FutureWarning: `torch.distributed.all_gather_into_tensor` is deprecated. Please use `torch.distributed.all_gather_single` instead.
  return func(*args, **kwargs)
/e/project1/e-dev-2026d09-262/windinet_venv/lib/python3.12/site-packages/torch/distributed/c10d_logger.py:83: FutureWarning: `torch.distributed.all_gather_into_tensor` is deprecated. Please use `torch.distributed.all_gather_single` instead.
  return func(*args, **kwargs)
/e/project1/e-dev-2026d09-262/windinet_venv/lib/python3.12/site-packages/torch/distributed/c10d_logger.py:83: FutureWarning: `torch.distributed.all_gather_into_tensor` is deprecated. Please use `torch.distributed.all_gather_single` instead.
  return func(*args, **kwargs)
/e/project1/e-dev-2026d09-262/windinet_venv/lib/python3.12/site-packages/torch/distributed/c10d_logger.py:83: FutureWarning: `torch.distributed.all_gather_into_tensor` is deprecated. Please use `torch.distributed.all_gather_single` instead.
  return func(*args, **kwargs)
/e/project1/e-dev-2026d09-262/windinet_venv/lib/python3.12/site-packages/torch/distributed/c10d_logger.py:83: FutureWarning: `torch.distributed.all_gather_into_tensor` is deprecated. Please use `torch.distributed.all_gather_single` instead.
  return func(*args, **kwargs)
/e/project1/e-dev-2026d09-262/windinet_venv/lib/python3.12/site-packages/torch/distributed/c10d_logger.py:83: FutureWarning: `torch.distributed.all_gather_into_tensor` is deprecated. Please use `torch.distributed.all_gather_single` instead.
  return func(*args, **kwargs)
/e/project1/e-dev-2026d09-262/windinet_venv/lib/python3.12/site-packages/torch/distributed/c10d_logger.py:83: FutureWarning: `torch.distributed.all_gather_into_tensor` is deprecated. Please use `torch.distributed.all_gather_single` instead.
  return func(*args, **kwargs)
/e/project1/e-dev-2026d09-262/windinet_venv/lib/python3.12/site-packages/torch/distributed/c10d_logger.py:83: FutureWarning: `torch.distributed.all_gather_into_tensor` is deprecated. Please use `torch.distributed.all_gather_single` instead.
  return func(*args, **kwargs)
/e/project1/e-dev-2026d09-262/windinet_venv/lib/python3.12/site-packages/torch/distributed/c10d_logger.py:83: FutureWarning: `torch.distributed.all_gather_into_tensor` is deprecated. Please use `torch.distributed.all_gather_single` instead.
  return func(*args, **kwargs)
/e/project1/e-dev-2026d09-262/windinet_venv/lib/python3.12/site-packages/torch/distributed/c10d_logger.py:83: FutureWarning: `torch.distributed.all_gather_into_tensor` is deprecated. Please use `torch.distributed.all_gather_single` instead.
  return func(*args, **kwargs)
/e/project1/e-dev-2026d09-262/windinet_venv/lib/python3.12/site-packages/torch/distributed/c10d_logger.py:83: FutureWarning: `torch.distributed.all_gather_into_tensor` is deprecated. Please use `torch.distributed.all_gather_single` instead.
  return func(*args, **kwargs)
/e/project1/e-dev-2026d09-262/windinet_venv/lib/python3.12/site-packages/torch/distributed/c10d_logger.py:83: FutureWarning: `torch.distributed.all_gather_into_tensor` is deprecated. Please use `torch.distributed.all_gather_single` instead.
  return func(*args, **kwargs)
/e/project1/e-dev-2026d09-262/windinet_venv/lib/python3.12/site-packages/torch/distributed/c10d_logger.py:83: FutureWarning: `torch.distributed.all_gather_into_tensor` is deprecated. Please use `torch.distributed.all_gather_single` instead.
  return func(*args, **kwargs)
/e/project1/e-dev-2026d09-262/windinet_venv/lib/python3.12/site-packages/torch/distributed/c10d_logger.py:83: FutureWarning: `torch.distributed.all_gather_into_tensor` is deprecated. Please use `torch.distributed.all_gather_single` instead.
  return func(*args, **kwargs)
/e/project1/e-dev-2026d09-262/windinet_venv/lib/python3.12/site-packages/torch/distributed/c10d_logger.py:83: FutureWarning: `torch.distributed.all_gather_into_tensor` is deprecated. Please use `torch.distributed.all_gather_single` instead.
  return func(*args, **kwargs)
/e/project1/e-dev-2026d09-262/windinet_venv/lib/python3.12/site-packages/torch/distributed/c10d_logger.py:83: FutureWarning: `torch.distributed.all_gather_into_tensor` is deprecated. Please use `torch.distributed.all_gather_single` instead.
  return func(*args, **kwargs)
/e/project1/e-dev-2026d09-262/windinet_venv/lib/python3.12/site-packages/torch/distributed/c10d_logger.py:83: FutureWarning: `torch.distributed.all_gather_into_tensor` is deprecated. Please use `torch.distributed.all_gather_single` instead.
  return func(*args, **kwargs)
/e/project1/e-dev-2026d09-262/windinet_venv/lib/python3.12/site-packages/torch/distributed/c10d_logger.py:83: FutureWarning: `torch.distributed.all_gather_into_tensor` is deprecated. Please use `torch.distributed.all_gather_single` instead.
  return func(*args, **kwargs)
/e/project1/e-dev-2026d09-262/windinet_venv/lib/python3.12/site-packages/torch/distributed/c10d_logger.py:83: FutureWarning: `torch.distributed.all_gather_into_tensor` is deprecated. Please use `torch.distributed.all_gather_single` instead.
  return func(*args, **kwargs)
/e/project1/e-dev-2026d09-262/windinet_venv/lib/python3.12/site-packages/torch/distributed/c10d_logger.py:83: FutureWarning: `torch.distributed.all_gather_into_tensor` is deprecated. Please use `torch.distributed.all_gather_single` instead.
  return func(*args, **kwargs)
/e/project1/e-dev-2026d09-262/windinet_venv/lib/python3.12/site-packages/torch/distributed/c10d_logger.py:83: FutureWarning: `torch.distributed.all_gather_into_tensor` is deprecated. Please use `torch.distributed.all_gather_single` instead.
  return func(*args, **kwargs)
/e/project1/e-dev-2026d09-262/windinet_venv/lib/python3.12/site-packages/torch/distributed/c10d_logger.py:83: FutureWarning: `torch.distributed.all_gather_into_tensor` is deprecated. Please use `torch.distributed.all_gather_single` instead.
  return func(*args, **kwargs)
/e/project1/e-dev-2026d09-262/windinet_venv/lib/python3.12/site-packages/torch/distributed/c10d_logger.py:83: FutureWarning: `torch.distributed.all_gather_into_tensor` is deprecated. Please use `torch.distributed.all_gather_single` instead.
  return func(*args, **kwargs)
/e/project1/e-dev-2026d09-262/windinet_venv/lib/python3.12/site-packages/torch/distributed/c10d_logger.py:83: FutureWarning: `torch.distributed.all_gather_into_tensor` is deprecated. Please use `torch.distributed.all_gather_single` instead.
  return func(*args, **kwargs)
/e/project1/e-dev-2026d09-262/windinet_venv/lib/python3.12/site-packages/torch/distributed/c10d_logger.py:83: FutureWarning: `torch.distributed.all_gather_into_tensor` is deprecated. Please use `torch.distributed.all_gather_single` instead.
  return func(*args, **kwargs)
/e/project1/e-dev-2026d09-262/windinet_venv/lib/python3.12/site-packages/torch/distributed/c10d_logger.py:83: FutureWarning: `torch.distributed.all_gather_into_tensor` is deprecated. Please use `torch.distributed.all_gather_single` instead.
  return func(*args, **kwargs)
/e/project1/e-dev-2026d09-262/windinet_venv/lib/python3.12/site-packages/torch/distributed/c10d_logger.py:83: FutureWarning: `torch.distributed.all_gather_into_tensor` is deprecated. Please use `torch.distributed.all_gather_single` instead.
  return func(*args, **kwargs)
/e/project1/e-dev-2026d09-262/windinet_venv/lib/python3.12/site-packages/torch/distributed/c10d_logger.py:83: FutureWarning: `torch.distributed.all_gather_into_tensor` is deprecated. Please use `torch.distributed.all_gather_single` instead.
  return func(*args, **kwargs)
/e/project1/e-dev-2026d09-262/windinet_venv/lib/python3.12/site-packages/torch/distributed/c10d_logger.py:83: FutureWarning: `torch.distributed.all_gather_into_tensor` is deprecated. Please use `torch.distributed.all_gather_single` instead.
  return func(*args, **kwargs)
/e/project1/e-dev-2026d09-262/windinet_venv/lib/python3.12/site-packages/torch/distributed/c10d_logger.py:83: FutureWarning: `torch.distributed.all_gather_into_tensor` is deprecated. Please use `torch.distributed.all_gather_single` instead.
  return func(*args, **kwargs)
/e/project1/e-dev-2026d09-262/windinet_venv/lib/python3.12/site-packages/torch/distributed/c10d_logger.py:83: FutureWarning: `torch.distributed.all_gather_into_tensor` is deprecated. Please use `torch.distributed.all_gather_single` instead.
  return func(*args, **kwargs)
/e/project1/e-dev-2026d09-262/windinet_venv/lib/python3.12/site-packages/torch/distributed/c10d_logger.py:83: FutureWarning: `torch.distributed.all_gather_into_tensor` is deprecated. Please use `torch.distributed.all_gather_single` instead.
  return func(*args, **kwargs)
/e/project1/e-dev-2026d09-262/windinet_venv/lib/python3.12/site-packages/torch/distributed/c10d_logger.py:83: FutureWarning: `torch.distributed.all_gather_into_tensor` is deprecated. Please use `torch.distributed.all_gather_single` instead.
  return func(*args, **kwargs)
/e/project1/e-dev-2026d09-262/windinet_venv/lib/python3.12/site-packages/torch/distributed/c10d_logger.py:83: FutureWarning: `torch.distributed.all_gather_into_tensor` is deprecated. Please use `torch.distributed.all_gather_single` instead.
  return func(*args, **kwargs)
/e/project1/e-dev-2026d09-262/windinet_venv/lib/python3.12/site-packages/torch/distributed/c10d_logger.py:83: FutureWarning: `torch.distributed.all_gather_into_tensor` is deprecated. Please use `torch.distributed.all_gather_single` instead.
  return func(*args, **kwargs)
/e/project1/e-dev-2026d09-262/windinet_venv/lib/python3.12/site-packages/torch/distributed/c10d_logger.py:83: FutureWarning: `torch.distributed.all_gather_into_tensor` is deprecated. Please use `torch.distributed.all_gather_single` instead.
  return func(*args, **kwargs)
/e/project1/e-dev-2026d09-262/windinet_venv/lib/python3.12/site-packages/torch/distributed/c10d_logger.py:83: FutureWarning: `torch.distributed.all_gather_into_tensor` is deprecated. Please use `torch.distributed.all_gather_single` instead.
  return func(*args, **kwargs)
/e/project1/e-dev-2026d09-262/windinet_venv/lib/python3.12/site-packages/torch/distributed/c10d_logger.py:83: FutureWarning: `torch.distributed.all_gather_into_tensor` is deprecated. Please use `torch.distributed.all_gather_single` instead.
  return func(*args, **kwargs)
/e/project1/e-dev-2026d09-262/windinet_venv/lib/python3.12/site-packages/torch/distributed/c10d_logger.py:83: FutureWarning: `torch.distributed.all_gather_into_tensor` is deprecated. Please use `torch.distributed.all_gather_single` instead.
  return func(*args, **kwargs)
/e/project1/e-dev-2026d09-262/windinet_venv/lib/python3.12/site-packages/torch/distributed/c10d_logger.py:83: FutureWarning: `torch.distributed.all_gather_into_tensor` is deprecated. Please use `torch.distributed.all_gather_single` instead.
  return func(*args, **kwargs)
/e/project1/e-dev-2026d09-262/windinet_venv/lib/python3.12/site-packages/torch/distributed/c10d_logger.py:83: FutureWarning: `torch.distributed.all_gather_into_tensor` is deprecated. Please use `torch.distributed.all_gather_single` instead.
  return func(*args, **kwargs)
/e/project1/e-dev-2026d09-262/windinet_venv/lib/python3.12/site-packages/torch/distributed/c10d_logger.py:83: FutureWarning: `torch.distributed.all_gather_into_tensor` is deprecated. Please use `torch.distributed.all_gather_single` instead.
  return func(*args, **kwargs)
/e/project1/e-dev-2026d09-262/windinet_venv/lib/python3.12/site-packages/torch/distributed/c10d_logger.py:83: FutureWarning: `torch.distributed.all_gather_into_tensor` is deprecated. Please use `torch.distributed.all_gather_single` instead.
  return func(*args, **kwargs)
/e/project1/e-dev-2026d09-262/windinet_venv/lib/python3.12/site-packages/torch/distributed/c10d_logger.py:83: FutureWarning: `torch.distributed.all_gather_into_tensor` is deprecated. Please use `torch.distributed.all_gather_single` instead.
  return func(*args, **kwargs)
/e/project1/e-dev-2026d09-262/windinet_venv/lib/python3.12/site-packages/torch/distributed/c10d_logger.py:83: FutureWarning: `torch.distributed.all_gather_into_tensor` is deprecated. Please use `torch.distributed.all_gather_single` instead.
  return func(*args, **kwargs)
/e/project1/e-dev-2026d09-262/windinet_venv/lib/python3.12/site-packages/torch/distributed/c10d_logger.py:83: FutureWarning: `torch.distributed.all_gather_into_tensor` is deprecated. Please use `torch.distributed.all_gather_single` instead.
  return func(*args, **kwargs)
/e/project1/e-dev-2026d09-262/windinet_venv/lib/python3.12/site-packages/torch/distributed/c10d_logger.py:83: FutureWarning: `torch.distributed.all_gather_into_tensor` is deprecated. Please use `torch.distributed.all_gather_single` instead.
  return func(*args, **kwargs)
/e/project1/e-dev-2026d09-262/windinet_venv/lib/python3.12/site-packages/torch/distributed/c10d_logger.py:83: FutureWarning: `torch.distributed.all_gather_into_tensor` is deprecated. Please use `torch.distributed.all_gather_single` instead.
  return func(*args, **kwargs)
/e/project1/e-dev-2026d09-262/windinet_venv/lib/python3.12/site-packages/torch/distributed/c10d_logger.py:83: FutureWarning: `torch.distributed.all_gather_into_tensor` is deprecated. Please use `torch.distributed.all_gather_single` instead.
  return func(*args, **kwargs)
/e/project1/e-dev-2026d09-262/windinet_venv/lib/python3.12/site-packages/torch/distributed/c10d_logger.py:83: FutureWarning: `torch.distributed.all_gather_into_tensor` is deprecated. Please use `torch.distributed.all_gather_single` instead.
  return func(*args, **kwargs)
/e/project1/e-dev-2026d09-262/windinet_venv/lib/python3.12/site-packages/torch/distributed/c10d_logger.py:83: FutureWarning: `torch.distributed.all_gather_into_tensor` is deprecated. Please use `torch.distributed.all_gather_single` instead.
  return func(*args, **kwargs)
/e/project1/e-dev-2026d09-262/windinet_venv/lib/python3.12/site-packages/torch/distributed/c10d_logger.py:83: FutureWarning: `torch.distributed.all_gather_into_tensor` is deprecated. Please use `torch.distributed.all_gather_single` instead.
  return func(*args, **kwargs)
/e/project1/e-dev-2026d09-262/windinet_venv/lib/python3.12/site-packages/torch/distributed/c10d_logger.py:83: FutureWarning: `torch.distributed.all_gather_into_tensor` is deprecated. Please use `torch.distributed.all_gather_single` instead.
  return func(*args, **kwargs)
/e/project1/e-dev-2026d09-262/windinet_venv/lib/python3.12/site-packages/torch/distributed/c10d_logger.py:83: FutureWarning: `torch.distributed.all_gather_into_tensor` is deprecated. Please use `torch.distributed.all_gather_single` instead.
  return func(*args, **kwargs)
/e/project1/e-dev-2026d09-262/windinet_venv/lib/python3.12/site-packages/torch/distributed/c10d_logger.py:83: FutureWarning: `torch.distributed.all_gather_into_tensor` is deprecated. Please use `torch.distributed.all_gather_single` instead.
  return func(*args, **kwargs)
/e/project1/e-dev-2026d09-262/windinet_venv/lib/python3.12/site-packages/torch/distributed/c10d_logger.py:83: FutureWarning: `torch.distributed.all_gather_into_tensor` is deprecated. Please use `torch.distributed.all_gather_single` instead.
  return func(*args, **kwargs)
/e/project1/e-dev-2026d09-262/windinet_venv/lib/python3.12/site-packages/torch/distributed/c10d_logger.py:83: FutureWarning: `torch.distributed.all_gather_into_tensor` is deprecated. Please use `torch.distributed.all_gather_single` instead.
  return func(*args, **kwargs)
/e/project1/e-dev-2026d09-262/windinet_venv/lib/python3.12/site-packages/torch/distributed/c10d_logger.py:83: FutureWarning: `torch.distributed.all_gather_into_tensor` is deprecated. Please use `torch.distributed.all_gather_single` instead.
  return func(*args, **kwargs)
/e/project1/e-dev-2026d09-262/windinet_venv/lib/python3.12/site-packages/torch/distributed/c10d_logger.py:83: FutureWarning: `torch.distributed.all_gather_into_tensor` is deprecated. Please use `torch.distributed.all_gather_single` instead.
  return func(*args, **kwargs)
/e/project1/e-dev-2026d09-262/windinet_venv/lib/python3.12/site-packages/torch/distributed/c10d_logger.py:83: FutureWarning: `torch.distributed.all_gather_into_tensor` is deprecated. Please use `torch.distributed.all_gather_single` instead.
  return func(*args, **kwargs)
/e/project1/e-dev-2026d09-262/windinet_venv/lib/python3.12/site-packages/torch/distributed/c10d_logger.py:83: FutureWarning: `torch.distributed.all_gather_into_tensor` is deprecated. Please use `torch.distributed.all_gather_single` instead.
  return func(*args, **kwargs)
/e/project1/e-dev-2026d09-262/windinet_venv/lib/python3.12/site-packages/torch/distributed/c10d_logger.py:83: FutureWarning: `torch.distributed.all_gather_into_tensor` is deprecated. Please use `torch.distributed.all_gather_single` instead.
  return func(*args, **kwargs)
/e/project1/e-dev-2026d09-262/windinet_venv/lib/python3.12/site-packages/torch/distributed/c10d_logger.py:83: FutureWarning: `torch.distributed.all_gather_into_tensor` is deprecated. Please use `torch.distributed.all_gather_single` instead.
  return func(*args, **kwargs)
/e/project1/e-dev-2026d09-262/windinet_venv/lib/python3.12/site-packages/torch/distributed/c10d_logger.py:83: FutureWarning: `torch.distributed.all_gather_into_tensor` is deprecated. Please use `torch.distributed.all_gather_single` instead.
  return func(*args, **kwargs)
/e/project1/e-dev-2026d09-262/windinet_venv/lib/python3.12/site-packages/torch/distributed/c10d_logger.py:83: FutureWarning: `torch.distributed.all_gather_into_tensor` is deprecated. Please use `torch.distributed.all_gather_single` instead.
  return func(*args, **kwargs)
/e/project1/e-dev-2026d09-262/windinet_venv/lib/python3.12/site-packages/torch/distributed/c10d_logger.py:83: FutureWarning: `torch.distributed.all_gather_into_tensor` is deprecated. Please use `torch.distributed.all_gather_single` instead.
  return func(*args, **kwargs)
/e/project1/e-dev-2026d09-262/windinet_venv/lib/python3.12/site-packages/torch/distributed/c10d_logger.py:83: FutureWarning: `torch.distributed.all_gather_into_tensor` is deprecated. Please use `torch.distributed.all_gather_single` instead.
  return func(*args, **kwargs)
/e/project1/e-dev-2026d09-262/windinet_venv/lib/python3.12/site-packages/torch/distributed/c10d_logger.py:83: FutureWarning: `torch.distributed.all_gather_into_tensor` is deprecated. Please use `torch.distributed.all_gather_single` instead.
  return func(*args, **kwargs)
/e/project1/e-dev-2026d09-262/windinet_venv/lib/python3.12/site-packages/torch/distributed/c10d_logger.py:83: FutureWarning: `torch.distributed.all_gather_into_tensor` is deprecated. Please use `torch.distributed.all_gather_single` instead.
  return func(*args, **kwargs)
/e/project1/e-dev-2026d09-262/windinet_venv/lib/python3.12/site-packages/torch/distributed/c10d_logger.py:83: FutureWarning: `torch.distributed.all_gather_into_tensor` is deprecated. Please use `torch.distributed.all_gather_single` instead.
  return func(*args, **kwargs)
/e/project1/e-dev-2026d09-262/windinet_venv/lib/python3.12/site-packages/torch/distributed/c10d_logger.py:83: FutureWarning: `torch.distributed.all_gather_into_tensor` is deprecated. Please use `torch.distributed.all_gather_single` instead.
  return func(*args, **kwargs)
/e/project1/e-dev-2026d09-262/windinet_venv/lib/python3.12/site-packages/torch/distributed/c10d_logger.py:83: FutureWarning: `torch.distributed.all_gather_into_tensor` is deprecated. Please use `torch.distributed.all_gather_single` instead.
  return func(*args, **kwargs)
/e/project1/e-dev-2026d09-262/windinet_venv/lib/python3.12/site-packages/torch/distributed/c10d_logger.py:83: FutureWarning: `torch.distributed.all_gather_into_tensor` is deprecated. Please use `torch.distributed.all_gather_single` instead.
  return func(*args, **kwargs)
/e/project1/e-dev-2026d09-262/windinet_venv/lib/python3.12/site-packages/torch/distributed/c10d_logger.py:83: FutureWarning: `torch.distributed.all_gather_into_tensor` is deprecated. Please use `torch.distributed.all_gather_single` instead.
  return func(*args, **kwargs)
/e/project1/e-dev-2026d09-262/windinet_venv/lib/python3.12/site-packages/torch/distributed/c10d_logger.py:83: FutureWarning: `torch.distributed.all_gather_into_tensor` is deprecated. Please use `torch.distributed.all_gather_single` instead.
  return func(*args, **kwargs)
/e/project1/e-dev-2026d09-262/windinet_venv/lib/python3.12/site-packages/torch/distributed/c10d_logger.py:83: FutureWarning: `torch.distributed.all_gather_into_tensor` is deprecated. Please use `torch.distributed.all_gather_single` instead.
  return func(*args, **kwargs)
/e/project1/e-dev-2026d09-262/windinet_venv/lib/python3.12/site-packages/torch/distributed/c10d_logger.py:83: FutureWarning: `torch.distributed.all_gather_into_tensor` is deprecated. Please use `torch.distributed.all_gather_single` instead.
  return func(*args, **kwargs)
/e/project1/e-dev-2026d09-262/windinet_venv/lib/python3.12/site-packages/torch/distributed/c10d_logger.py:83: FutureWarning: `torch.distributed.all_gather_into_tensor` is deprecated. Please use `torch.distributed.all_gather_single` instead.
  return func(*args, **kwargs)
/e/project1/e-dev-2026d09-262/windinet_venv/lib/python3.12/site-packages/torch/distributed/c10d_logger.py:83: FutureWarning: `torch.distributed.all_gather_into_tensor` is deprecated. Please use `torch.distributed.all_gather_single` instead.
  return func(*args, **kwargs)
/e/project1/e-dev-2026d09-262/windinet_venv/lib/python3.12/site-packages/torch/distributed/c10d_logger.py:83: FutureWarning: `torch.distributed.all_gather_into_tensor` is deprecated. Please use `torch.distributed.all_gather_single` instead.
  return func(*args, **kwargs)
/e/project1/e-dev-2026d09-262/windinet_venv/lib/python3.12/site-packages/torch/distributed/c10d_logger.py:83: FutureWarning: `torch.distributed.all_gather_into_tensor` is deprecated. Please use `torch.distributed.all_gather_single` instead.
  return func(*args, **kwargs)
/e/project1/e-dev-2026d09-262/windinet_venv/lib/python3.12/site-packages/torch/distributed/c10d_logger.py:83: FutureWarning: `torch.distributed.all_gather_into_tensor` is deprecated. Please use `torch.distributed.all_gather_single` instead.
  return func(*args, **kwargs)
/e/project1/e-dev-2026d09-262/windinet_venv/lib/python3.12/site-packages/torch/distributed/c10d_logger.py:83: FutureWarning: `torch.distributed.all_gather_into_tensor` is deprecated. Please use `torch.distributed.all_gather_single` instead.
  return func(*args, **kwargs)
/e/project1/e-dev-2026d09-262/windinet_venv/lib/python3.12/site-packages/torch/distributed/c10d_logger.py:83: FutureWarning: `torch.distributed.all_gather_into_tensor` is deprecated. Please use `torch.distributed.all_gather_single` instead.
  return func(*args, **kwargs)
/e/project1/e-dev-2026d09-262/windinet_venv/lib/python3.12/site-packages/torch/distributed/c10d_logger.py:83: FutureWarning: `torch.distributed.all_gather_into_tensor` is deprecated. Please use `torch.distributed.all_gather_single` instead.
  return func(*args, **kwargs)
/e/project1/e-dev-2026d09-262/windinet_venv/lib/python3.12/site-packages/torch/distributed/c10d_logger.py:83: FutureWarning: `torch.distributed.all_gather_into_tensor` is deprecated. Please use `torch.distributed.all_gather_single` instead.
  return func(*args, **kwargs)
/e/project1/e-dev-2026d09-262/windinet_venv/lib/python3.12/site-packages/torch/distributed/c10d_logger.py:83: FutureWarning: `torch.distributed.all_gather_into_tensor` is deprecated. Please use `torch.distributed.all_gather_single` instead.
  return func(*args, **kwargs)
/e/project1/e-dev-2026d09-262/windinet_venv/lib/python3.12/site-packages/torch/distributed/c10d_logger.py:83: FutureWarning: `torch.distributed.all_gather_into_tensor` is deprecated. Please use `torch.distributed.all_gather_single` instead.
  return func(*args, **kwargs)
/e/project1/e-dev-2026d09-262/windinet_venv/lib/python3.12/site-packages/torch/distributed/c10d_logger.py:83: FutureWarning: `torch.distributed.all_gather_into_tensor` is deprecated. Please use `torch.distributed.all_gather_single` instead.
  return func(*args, **kwargs)
/e/project1/e-dev-2026d09-262/windinet_venv/lib/python3.12/site-packages/torch/distributed/c10d_logger.py:83: FutureWarning: `torch.distributed.all_gather_into_tensor` is deprecated. Please use `torch.distributed.all_gather_single` instead.
  return func(*args, **kwargs)
/e/project1/e-dev-2026d09-262/windinet_venv/lib/python3.12/site-packages/torch/distributed/c10d_logger.py:83: FutureWarning: `torch.distributed.all_gather_into_tensor` is deprecated. Please use `torch.distributed.all_gather_single` instead.
  return func(*args, **kwargs)
/e/project1/e-dev-2026d09-262/windinet_venv/lib/python3.12/site-packages/torch/distributed/c10d_logger.py:83: FutureWarning: `torch.distributed.all_gather_into_tensor` is deprecated. Please use `torch.distributed.all_gather_single` instead.
  return func(*args, **kwargs)
/e/project1/e-dev-2026d09-262/windinet_venv/lib/python3.12/site-packages/torch/distributed/c10d_logger.py:83: FutureWarning: `torch.distributed.all_gather_into_tensor` is deprecated. Please use `torch.distributed.all_gather_single` instead.
  return func(*args, **kwargs)
/e/project1/e-dev-2026d09-262/windinet_venv/lib/python3.12/site-packages/torch/distributed/c10d_logger.py:83: FutureWarning: `torch.distributed.all_gather_into_tensor` is deprecated. Please use `torch.distributed.all_gather_single` instead.
  return func(*args, **kwargs)
/e/project1/e-dev-2026d09-262/windinet_venv/lib/python3.12/site-packages/torch/distributed/c10d_logger.py:83: FutureWarning: `torch.distributed.all_gather_into_tensor` is deprecated. Please use `torch.distributed.all_gather_single` instead.
  return func(*args, **kwargs)
/e/project1/e-dev-2026d09-262/windinet_venv/lib/python3.12/site-packages/torch/distributed/c10d_logger.py:83: FutureWarning: `torch.distributed.all_gather_into_tensor` is deprecated. Please use `torch.distributed.all_gather_single` instead.
  return func(*args, **kwargs)
/e/project1/e-dev-2026d09-262/windinet_venv/lib/python3.12/site-packages/torch/distributed/c10d_logger.py:83: FutureWarning: `torch.distributed.all_gather_into_tensor` is deprecated. Please use `torch.distributed.all_gather_single` instead.
  return func(*args, **kwargs)
/e/project1/e-dev-2026d09-262/windinet_venv/lib/python3.12/site-packages/torch/distributed/c10d_logger.py:83: FutureWarning: `torch.distributed.all_gather_into_tensor` is deprecated. Please use `torch.distributed.all_gather_single` instead.
  return func(*args, **kwargs)
/e/project1/e-dev-2026d09-262/windinet_venv/lib/python3.12/site-packages/torch/distributed/c10d_logger.py:83: FutureWarning: `torch.distributed.all_gather_into_tensor` is deprecated. Please use `torch.distributed.all_gather_single` instead.
  return func(*args, **kwargs)
/e/project1/e-dev-2026d09-262/windinet_venv/lib/python3.12/site-packages/torch/distributed/c10d_logger.py:83: FutureWarning: `torch.distributed.all_gather_into_tensor` is deprecated. Please use `torch.distributed.all_gather_single` instead.
  return func(*args, **kwargs)
/e/project1/e-dev-2026d09-262/windinet_venv/lib/python3.12/site-packages/torch/distributed/c10d_logger.py:83: FutureWarning: `torch.distributed.all_gather_into_tensor` is deprecated. Please use `torch.distributed.all_gather_single` instead.
  return func(*args, **kwargs)
/e/project1/e-dev-2026d09-262/windinet_venv/lib/python3.12/site-packages/torch/distributed/c10d_logger.py:83: FutureWarning: `torch.distributed.all_gather_into_tensor` is deprecated. Please use `torch.distributed.all_gather_single` instead.
  return func(*args, **kwargs)
/e/project1/e-dev-2026d09-262/windinet_venv/lib/python3.12/site-packages/torch/distributed/c10d_logger.py:83: FutureWarning: `torch.distributed.all_gather_into_tensor` is deprecated. Please use `torch.distributed.all_gather_single` instead.
  return func(*args, **kwargs)
/e/project1/e-dev-2026d09-262/windinet_venv/lib/python3.12/site-packages/torch/distributed/c10d_logger.py:83: FutureWarning: `torch.distributed.all_gather_into_tensor` is deprecated. Please use `torch.distributed.all_gather_single` instead.
  return func(*args, **kwargs)
/e/project1/e-dev-2026d09-262/windinet_venv/lib/python3.12/site-packages/torch/distributed/c10d_logger.py:83: FutureWarning: `torch.distributed.all_gather_into_tensor` is deprecated. Please use `torch.distributed.all_gather_single` instead.
  return func(*args, **kwargs)
/e/project1/e-dev-2026d09-262/windinet_venv/lib/python3.12/site-packages/torch/distributed/c10d_logger.py:83: FutureWarning: `torch.distributed.all_gather_into_tensor` is deprecated. Please use `torch.distributed.all_gather_single` instead.
  return func(*args, **kwargs)
/e/project1/e-dev-2026d09-262/windinet_venv/lib/python3.12/site-packages/torch/distributed/c10d_logger.py:83: FutureWarning: `torch.distributed.all_gather_into_tensor` is deprecated. Please use `torch.distributed.all_gather_single` instead.
  return func(*args, **kwargs)
/e/project1/e-dev-2026d09-262/windinet_venv/lib/python3.12/site-packages/torch/distributed/c10d_logger.py:83: FutureWarning: `torch.distributed.all_gather_into_tensor` is deprecated. Please use `torch.distributed.all_gather_single` instead.
  return func(*args, **kwargs)
/e/project1/e-dev-2026d09-262/windinet_venv/lib/python3.12/site-packages/torch/distributed/c10d_logger.py:83: FutureWarning: `torch.distributed.all_gather_into_tensor` is deprecated. Please use `torch.distributed.all_gather_single` instead.
  return func(*args, **kwargs)
/e/project1/e-dev-2026d09-262/windinet_venv/lib/python3.12/site-packages/torch/distributed/c10d_logger.py:83: FutureWarning: `torch.distributed.all_gather_into_tensor` is deprecated. Please use `torch.distributed.all_gather_single` instead.
  return func(*args, **kwargs)
/e/project1/e-dev-2026d09-262/windinet_venv/lib/python3.12/site-packages/torch/distributed/c10d_logger.py:83: FutureWarning: `torch.distributed.all_gather_into_tensor` is deprecated. Please use `torch.distributed.all_gather_single` instead.
  return func(*args, **kwargs)
/e/project1/e-dev-2026d09-262/windinet_venv/lib/python3.12/site-packages/torch/distributed/c10d_logger.py:83: FutureWarning: `torch.distributed.all_gather_into_tensor` is deprecated. Please use `torch.distributed.all_gather_single` instead.
  return func(*args, **kwargs)
/e/project1/e-dev-2026d09-262/windinet_venv/lib/python3.12/site-packages/torch/distributed/c10d_logger.py:83: FutureWarning: `torch.distributed.all_gather_into_tensor` is deprecated. Please use `torch.distributed.all_gather_single` instead.
  return func(*args, **kwargs)
/e/project1/e-dev-2026d09-262/windinet_venv/lib/python3.12/site-packages/torch/distributed/c10d_logger.py:83: FutureWarning: `torch.distributed.all_gather_into_tensor` is deprecated. Please use `torch.distributed.all_gather_single` instead.
  return func(*args, **kwargs)
/e/project1/e-dev-2026d09-262/windinet_venv/lib/python3.12/site-packages/torch/distributed/c10d_logger.py:83: FutureWarning: `torch.distributed.all_gather_into_tensor` is deprecated. Please use `torch.distributed.all_gather_single` instead.
  return func(*args, **kwargs)
/e/project1/e-dev-2026d09-262/windinet_venv/lib/python3.12/site-packages/torch/distributed/c10d_logger.py:83: FutureWarning: `torch.distributed.all_gather_into_tensor` is deprecated. Please use `torch.distributed.all_gather_single` instead.
  return func(*args, **kwargs)
/e/project1/e-dev-2026d09-262/windinet_venv/lib/python3.12/site-packages/torch/distributed/c10d_logger.py:83: FutureWarning: `torch.distributed.all_gather_into_tensor` is deprecated. Please use `torch.distributed.all_gather_single` instead.
  return func(*args, **kwargs)
/e/project1/e-dev-2026d09-262/windinet_venv/lib/python3.12/site-packages/torch/distributed/c10d_logger.py:83: FutureWarning: `torch.distributed.all_gather_into_tensor` is deprecated. Please use `torch.distributed.all_gather_single` instead.
  return func(*args, **kwargs)
/e/project1/e-dev-2026d09-262/windinet_venv/lib/python3.12/site-packages/torch/distributed/c10d_logger.py:83: FutureWarning: `torch.distributed.all_gather_into_tensor` is deprecated. Please use `torch.distributed.all_gather_single` instead.
  return func(*args, **kwargs)
/e/project1/e-dev-2026d09-262/windinet_venv/lib/python3.12/site-packages/torch/distributed/c10d_logger.py:83: FutureWarning: `torch.distributed.all_gather_into_tensor` is deprecated. Please use `torch.distributed.all_gather_single` instead.
  return func(*args, **kwargs)
/e/project1/e-dev-2026d09-262/windinet_venv/lib/python3.12/site-packages/torch/distributed/c10d_logger.py:83: FutureWarning: `torch.distributed.all_gather_into_tensor` is deprecated. Please use `torch.distributed.all_gather_single` instead.
  return func(*args, **kwargs)
/e/project1/e-dev-2026d09-262/windinet_venv/lib/python3.12/site-packages/torch/distributed/c10d_logger.py:83: FutureWarning: `torch.distributed.all_gather_into_tensor` is deprecated. Please use `torch.distributed.all_gather_single` instead.
  return func(*args, **kwargs)
/e/project1/e-dev-2026d09-262/windinet_venv/lib/python3.12/site-packages/torch/distributed/c10d_logger.py:83: FutureWarning: `torch.distributed.all_gather_into_tensor` is deprecated. Please use `torch.distributed.all_gather_single` instead.
  return func(*args, **kwargs)
/e/project1/e-dev-2026d09-262/windinet_venv/lib/python3.12/site-packages/torch/distributed/c10d_logger.py:83: FutureWarning: `torch.distributed.all_gather_into_tensor` is deprecated. Please use `torch.distributed.all_gather_single` instead.
  return func(*args, **kwargs)
/e/project1/e-dev-2026d09-262/windinet_venv/lib/python3.12/site-packages/torch/distributed/c10d_logger.py:83: FutureWarning: `torch.distributed.all_gather_into_tensor` is deprecated. Please use `torch.distributed.all_gather_single` instead.
  return func(*args, **kwargs)
/e/project1/e-dev-2026d09-262/windinet_venv/lib/python3.12/site-packages/torch/distributed/c10d_logger.py:83: FutureWarning: `torch.distributed.all_gather_into_tensor` is deprecated. Please use `torch.distributed.all_gather_single` instead.
  return func(*args, **kwargs)
/e/project1/e-dev-2026d09-262/windinet_venv/lib/python3.12/site-packages/torch/distributed/c10d_logger.py:83: FutureWarning: `torch.distributed.all_gather_into_tensor` is deprecated. Please use `torch.distributed.all_gather_single` instead.
  return func(*args, **kwargs)
/e/project1/e-dev-2026d09-262/windinet_venv/lib/python3.12/site-packages/torch/distributed/c10d_logger.py:83: FutureWarning: `torch.distributed.all_gather_into_tensor` is deprecated. Please use `torch.distributed.all_gather_single` instead.
  return func(*args, **kwargs)
/e/project1/e-dev-2026d09-262/windinet_venv/lib/python3.12/site-packages/torch/distributed/c10d_logger.py:83: FutureWarning: `torch.distributed.all_gather_into_tensor` is deprecated. Please use `torch.distributed.all_gather_single` instead.
  return func(*args, **kwargs)
/e/project1/e-dev-2026d09-262/windinet_venv/lib/python3.12/site-packages/torch/distributed/c10d_logger.py:83: FutureWarning: `torch.distributed.all_gather_into_tensor` is deprecated. Please use `torch.distributed.all_gather_single` instead.
  return func(*args, **kwargs)
/e/project1/e-dev-2026d09-262/windinet_venv/lib/python3.12/site-packages/torch/distributed/c10d_logger.py:83: FutureWarning: `torch.distributed.all_gather_into_tensor` is deprecated. Please use `torch.distributed.all_gather_single` instead.
  return func(*args, **kwargs)
/e/project1/e-dev-2026d09-262/windinet_venv/lib/python3.12/site-packages/torch/distributed/c10d_logger.py:83: FutureWarning: `torch.distributed.all_gather_into_tensor` is deprecated. Please use `torch.distributed.all_gather_single` instead.
  return func(*args, **kwargs)
/e/project1/e-dev-2026d09-262/windinet_venv/lib/python3.12/site-packages/torch/distributed/c10d_logger.py:83: FutureWarning: `torch.distributed.all_gather_into_tensor` is deprecated. Please use `torch.distributed.all_gather_single` instead.
  return func(*args, **kwargs)
/e/project1/e-dev-2026d09-262/windinet_venv/lib/python3.12/site-packages/torch/distributed/c10d_logger.py:83: FutureWarning: `torch.distributed.all_gather_into_tensor` is deprecated. Please use `torch.distributed.all_gather_single` instead.
  return func(*args, **kwargs)
/e/project1/e-dev-2026d09-262/windinet_venv/lib/python3.12/site-packages/torch/distributed/c10d_logger.py:83: FutureWarning: `torch.distributed.all_gather_into_tensor` is deprecated. Please use `torch.distributed.all_gather_single` instead.
  return func(*args, **kwargs)
/e/project1/e-dev-2026d09-262/windinet_venv/lib/python3.12/site-packages/torch/distributed/c10d_logger.py:83: FutureWarning: `torch.distributed.all_gather_into_tensor` is deprecated. Please use `torch.distributed.all_gather_single` instead.
  return func(*args, **kwargs)
/e/project1/e-dev-2026d09-262/windinet_venv/lib/python3.12/site-packages/torch/distributed/c10d_logger.py:83: FutureWarning: `torch.distributed.all_gather_into_tensor` is deprecated. Please use `torch.distributed.all_gather_single` instead.
  return func(*args, **kwargs)
/e/project1/e-dev-2026d09-262/windinet_venv/lib/python3.12/site-packages/torch/distributed/c10d_logger.py:83: FutureWarning: `torch.distributed.all_gather_into_tensor` is deprecated. Please use `torch.distributed.all_gather_single` instead.
  return func(*args, **kwargs)
/e/project1/e-dev-2026d09-262/windinet_venv/lib/python3.12/site-packages/torch/distributed/c10d_logger.py:83: FutureWarning: `torch.distributed.all_gather_into_tensor` is deprecated. Please use `torch.distributed.all_gather_single` instead.
  return func(*args, **kwargs)
/e/project1/e-dev-2026d09-262/windinet_venv/lib/python3.12/site-packages/torch/distributed/c10d_logger.py:83: FutureWarning: `torch.distributed.all_gather_into_tensor` is deprecated. Please use `torch.distributed.all_gather_single` instead.
  return func(*args, **kwargs)
/e/project1/e-dev-2026d09-262/windinet_venv/lib/python3.12/site-packages/torch/distributed/c10d_logger.py:83: FutureWarning: `torch.distributed.all_gather_into_tensor` is deprecated. Please use `torch.distributed.all_gather_single` instead.
  return func(*args, **kwargs)
/e/project1/e-dev-2026d09-262/windinet_venv/lib/python3.12/site-packages/torch/distributed/c10d_logger.py:83: FutureWarning: `torch.distributed.all_gather_into_tensor` is deprecated. Please use `torch.distributed.all_gather_single` instead.
  return func(*args, **kwargs)
/e/project1/e-dev-2026d09-262/windinet_venv/lib/python3.12/site-packages/torch/distributed/c10d_logger.py:83: FutureWarning: `torch.distributed.all_gather_into_tensor` is deprecated. Please use `torch.distributed.all_gather_single` instead.
  return func(*args, **kwargs)
/e/project1/e-dev-2026d09-262/windinet_venv/lib/python3.12/site-packages/torch/distributed/c10d_logger.py:83: FutureWarning: `torch.distributed.all_gather_into_tensor` is deprecated. Please use `torch.distributed.all_gather_single` instead.
  return func(*args, **kwargs)
/e/project1/e-dev-2026d09-262/windinet_venv/lib/python3.12/site-packages/torch/distributed/c10d_logger.py:83: FutureWarning: `torch.distributed.all_gather_into_tensor` is deprecated. Please use `torch.distributed.all_gather_single` instead.
  return func(*args, **kwargs)
/e/project1/e-dev-2026d09-262/windinet_venv/lib/python3.12/site-packages/torch/distributed/c10d_logger.py:83: FutureWarning: `torch.distributed.all_gather_into_tensor` is deprecated. Please use `torch.distributed.all_gather_single` instead.
  return func(*args, **kwargs)
/e/project1/e-dev-2026d09-262/windinet_venv/lib/python3.12/site-packages/torch/distributed/c10d_logger.py:83: FutureWarning: `torch.distributed.all_gather_into_tensor` is deprecated. Please use `torch.distributed.all_gather_single` instead.
  return func(*args, **kwargs)
/e/project1/e-dev-2026d09-262/windinet_venv/lib/python3.12/site-packages/torch/distributed/c10d_logger.py:83: FutureWarning: `torch.distributed.all_gather_into_tensor` is deprecated. Please use `torch.distributed.all_gather_single` instead.
  return func(*args, **kwargs)
/e/project1/e-dev-2026d09-262/windinet_venv/lib/python3.12/site-packages/torch/distributed/c10d_logger.py:83: FutureWarning: `torch.distributed.all_gather_into_tensor` is deprecated. Please use `torch.distributed.all_gather_single` instead.
  return func(*args, **kwargs)
/e/project1/e-dev-2026d09-262/windinet_venv/lib/python3.12/site-packages/torch/distributed/c10d_logger.py:83: FutureWarning: `torch.distributed.all_gather_into_tensor` is deprecated. Please use `torch.distributed.all_gather_single` instead.
  return func(*args, **kwargs)
/e/project1/e-dev-2026d09-262/windinet_venv/lib/python3.12/site-packages/torch/distributed/c10d_logger.py:83: FutureWarning: `torch.distributed.all_gather_into_tensor` is deprecated. Please use `torch.distributed.all_gather_single` instead.
  return func(*args, **kwargs)
/e/project1/e-dev-2026d09-262/windinet_venv/lib/python3.12/site-packages/torch/distributed/c10d_logger.py:83: FutureWarning: `torch.distributed.all_gather_into_tensor` is deprecated. Please use `torch.distributed.all_gather_single` instead.
  return func(*args, **kwargs)
/e/project1/e-dev-2026d09-262/windinet_venv/lib/python3.12/site-packages/torch/distributed/c10d_logger.py:83: FutureWarning: `torch.distributed.all_gather_into_tensor` is deprecated. Please use `torch.distributed.all_gather_single` instead.
  return func(*args, **kwargs)
/e/project1/e-dev-2026d09-262/windinet_venv/lib/python3.12/site-packages/torch/distributed/c10d_logger.py:83: FutureWarning: `torch.distributed.all_gather_into_tensor` is deprecated. Please use `torch.distributed.all_gather_single` instead.
  return func(*args, **kwargs)
/e/project1/e-dev-2026d09-262/windinet_venv/lib/python3.12/site-packages/torch/distributed/c10d_logger.py:83: FutureWarning: `torch.distributed.all_gather_into_tensor` is deprecated. Please use `torch.distributed.all_gather_single` instead.
  return func(*args, **kwargs)
/e/project1/e-dev-2026d09-262/windinet_venv/lib/python3.12/site-packages/torch/distributed/c10d_logger.py:83: FutureWarning: `torch.distributed.all_gather_into_tensor` is deprecated. Please use `torch.distributed.all_gather_single` instead.
  return func(*args, **kwargs)
/e/project1/e-dev-2026d09-262/windinet_venv/lib/python3.12/site-packages/torch/distributed/c10d_logger.py:83: FutureWarning: `torch.distributed.all_gather_into_tensor` is deprecated. Please use `torch.distributed.all_gather_single` instead.
  return func(*args, **kwargs)
/e/project1/e-dev-2026d09-262/windinet_venv/lib/python3.12/site-packages/torch/distributed/c10d_logger.py:83: FutureWarning: `torch.distributed.all_gather_into_tensor` is deprecated. Please use `torch.distributed.all_gather_single` instead.
  return func(*args, **kwargs)
/e/project1/e-dev-2026d09-262/windinet_venv/lib/python3.12/site-packages/torch/distributed/c10d_logger.py:83: FutureWarning: `torch.distributed.all_gather_into_tensor` is deprecated. Please use `torch.distributed.all_gather_single` instead.
  return func(*args, **kwargs)
/e/project1/e-dev-2026d09-262/windinet_venv/lib/python3.12/site-packages/torch/distributed/c10d_logger.py:83: FutureWarning: `torch.distributed.all_gather_into_tensor` is deprecated. Please use `torch.distributed.all_gather_single` instead.
  return func(*args, **kwargs)
/e/project1/e-dev-2026d09-262/windinet_venv/lib/python3.12/site-packages/torch/distributed/c10d_logger.py:83: FutureWarning: `torch.distributed.all_gather_into_tensor` is deprecated. Please use `torch.distributed.all_gather_single` instead.
  return func(*args, **kwargs)
/e/project1/e-dev-2026d09-262/windinet_venv/lib/python3.12/site-packages/torch/distributed/c10d_logger.py:83: FutureWarning: `torch.distributed.all_gather_into_tensor` is deprecated. Please use `torch.distributed.all_gather_single` instead.
  return func(*args, **kwargs)
/e/project1/e-dev-2026d09-262/windinet_venv/lib/python3.12/site-packages/torch/distributed/c10d_logger.py:83: FutureWarning: `torch.distributed.all_gather_into_tensor` is deprecated. Please use `torch.distributed.all_gather_single` instead.
  return func(*args, **kwargs)
/e/project1/e-dev-2026d09-262/windinet_venv/lib/python3.12/site-packages/torch/distributed/c10d_logger.py:83: FutureWarning: `torch.distributed.all_gather_into_tensor` is deprecated. Please use `torch.distributed.all_gather_single` instead.
  return func(*args, **kwargs)
/e/project1/e-dev-2026d09-262/windinet_venv/lib/python3.12/site-packages/torch/distributed/c10d_logger.py:83: FutureWarning: `torch.distributed.all_gather_into_tensor` is deprecated. Please use `torch.distributed.all_gather_single` instead.
  return func(*args, **kwargs)
/e/project1/e-dev-2026d09-262/windinet_venv/lib/python3.12/site-packages/torch/distributed/c10d_logger.py:83: FutureWarning: `torch.distributed.all_gather_into_tensor` is deprecated. Please use `torch.distributed.all_gather_single` instead.
  return func(*args, **kwargs)
/e/project1/e-dev-2026d09-262/windinet_venv/lib/python3.12/site-packages/torch/distributed/c10d_logger.py:83: FutureWarning: `torch.distributed.all_gather_into_tensor` is deprecated. Please use `torch.distributed.all_gather_single` instead.
  return func(*args, **kwargs)
/e/project1/e-dev-2026d09-262/windinet_venv/lib/python3.12/site-packages/torch/distributed/c10d_logger.py:83: FutureWarning: `torch.distributed.all_gather_into_tensor` is deprecated. Please use `torch.distributed.all_gather_single` instead.
  return func(*args, **kwargs)
/e/project1/e-dev-2026d09-262/windinet_venv/lib/python3.12/site-packages/torch/distributed/c10d_logger.py:83: FutureWarning: `torch.distributed.all_gather_into_tensor` is deprecated. Please use `torch.distributed.all_gather_single` instead.
  return func(*args, **kwargs)
/e/project1/e-dev-2026d09-262/windinet_venv/lib/python3.12/site-packages/torch/distributed/c10d_logger.py:83: FutureWarning: `torch.distributed.all_gather_into_tensor` is deprecated. Please use `torch.distributed.all_gather_single` instead.
  return func(*args, **kwargs)
/e/project1/e-dev-2026d09-262/windinet_venv/lib/python3.12/site-packages/torch/distributed/c10d_logger.py:83: FutureWarning: `torch.distributed.all_gather_into_tensor` is deprecated. Please use `torch.distributed.all_gather_single` instead.
  return func(*args, **kwargs)
/e/project1/e-dev-2026d09-262/windinet_venv/lib/python3.12/site-packages/torch/distributed/c10d_logger.py:83: FutureWarning: `torch.distributed.all_gather_into_tensor` is deprecated. Please use `torch.distributed.all_gather_single` instead.
  return func(*args, **kwargs)
/e/project1/e-dev-2026d09-262/windinet_venv/lib/python3.12/site-packages/torch/distributed/c10d_logger.py:83: FutureWarning: `torch.distributed.all_gather_into_tensor` is deprecated. Please use `torch.distributed.all_gather_single` instead.
  return func(*args, **kwargs)
/e/project1/e-dev-2026d09-262/windinet_venv/lib/python3.12/site-packages/torch/distributed/c10d_logger.py:83: FutureWarning: `torch.distributed.all_gather_into_tensor` is deprecated. Please use `torch.distributed.all_gather_single` instead.
  return func(*args, **kwargs)
/e/project1/e-dev-2026d09-262/windinet_venv/lib/python3.12/site-packages/torch/distributed/c10d_logger.py:83: FutureWarning: `torch.distributed.all_gather_into_tensor` is deprecated. Please use `torch.distributed.all_gather_single` instead.
  return func(*args, **kwargs)
/e/project1/e-dev-2026d09-262/windinet_venv/lib/python3.12/site-packages/torch/distributed/c10d_logger.py:83: FutureWarning: `torch.distributed.all_gather_into_tensor` is deprecated. Please use `torch.distributed.all_gather_single` instead.
  return func(*args, **kwargs)
/e/project1/e-dev-2026d09-262/windinet_venv/lib/python3.12/site-packages/torch/distributed/c10d_logger.py:83: FutureWarning: `torch.distributed.all_gather_into_tensor` is deprecated. Please use `torch.distributed.all_gather_single` instead.
  return func(*args, **kwargs)
/e/project1/e-dev-2026d09-262/windinet_venv/lib/python3.12/site-packages/torch/distributed/c10d_logger.py:83: FutureWarning: `torch.distributed.all_gather_into_tensor` is deprecated. Please use `torch.distributed.all_gather_single` instead.
  return func(*args, **kwargs)
/e/project1/e-dev-2026d09-262/windinet_venv/lib/python3.12/site-packages/torch/distributed/c10d_logger.py:83: FutureWarning: `torch.distributed.all_gather_into_tensor` is deprecated. Please use `torch.distributed.all_gather_single` instead.
  return func(*args, **kwargs)
/e/project1/e-dev-2026d09-262/windinet_venv/lib/python3.12/site-packages/torch/distributed/c10d_logger.py:83: FutureWarning: `torch.distributed.all_gather_into_tensor` is deprecated. Please use `torch.distributed.all_gather_single` instead.
  return func(*args, **kwargs)
/e/project1/e-dev-2026d09-262/windinet_venv/lib/python3.12/site-packages/torch/distributed/c10d_logger.py:83: FutureWarning: `torch.distributed.all_gather_into_tensor` is deprecated. Please use `torch.distributed.all_gather_single` instead.
  return func(*args, **kwargs)
/e/project1/e-dev-2026d09-262/windinet_venv/lib/python3.12/site-packages/torch/distributed/c10d_logger.py:83: FutureWarning: `torch.distributed.all_gather_into_tensor` is deprecated. Please use `torch.distributed.all_gather_single` instead.
  return func(*args, **kwargs)
/e/project1/e-dev-2026d09-262/windinet_venv/lib/python3.12/site-packages/torch/distributed/c10d_logger.py:83: FutureWarning: `torch.distributed.all_gather_into_tensor` is deprecated. Please use `torch.distributed.all_gather_single` instead.
  return func(*args, **kwargs)
/e/project1/e-dev-2026d09-262/windinet_venv/lib/python3.12/site-packages/torch/distributed/c10d_logger.py:83: FutureWarning: `torch.distributed.all_gather_into_tensor` is deprecated. Please use `torch.distributed.all_gather_single` instead.
  return func(*args, **kwargs)
/e/project1/e-dev-2026d09-262/windinet_venv/lib/python3.12/site-packages/torch/distributed/c10d_logger.py:83: FutureWarning: `torch.distributed.all_gather_into_tensor` is deprecated. Please use `torch.distributed.all_gather_single` instead.
  return func(*args, **kwargs)
/e/project1/e-dev-2026d09-262/windinet_venv/lib/python3.12/site-packages/torch/distributed/c10d_logger.py:83: FutureWarning: `torch.distributed.all_gather_into_tensor` is deprecated. Please use `torch.distributed.all_gather_single` instead.
  return func(*args, **kwargs)
/e/project1/e-dev-2026d09-262/windinet_venv/lib/python3.12/site-packages/torch/distributed/c10d_logger.py:83: FutureWarning: `torch.distributed.all_gather_into_tensor` is deprecated. Please use `torch.distributed.all_gather_single` instead.
  return func(*args, **kwargs)
/e/project1/e-dev-2026d09-262/windinet_venv/lib/python3.12/site-packages/torch/distributed/c10d_logger.py:83: FutureWarning: `torch.distributed.all_gather_into_tensor` is deprecated. Please use `torch.distributed.all_gather_single` instead.
  return func(*args, **kwargs)
/e/project1/e-dev-2026d09-262/windinet_venv/lib/python3.12/site-packages/torch/distributed/c10d_logger.py:83: FutureWarning: `torch.distributed.all_gather_into_tensor` is deprecated. Please use `torch.distributed.all_gather_single` instead.
  return func(*args, **kwargs)
/e/project1/e-dev-2026d09-262/windinet_venv/lib/python3.12/site-packages/torch/distributed/c10d_logger.py:83: FutureWarning: `torch.distributed.all_gather_into_tensor` is deprecated. Please use `torch.distributed.all_gather_single` instead.
  return func(*args, **kwargs)
/e/project1/e-dev-2026d09-262/windinet_venv/lib/python3.12/site-packages/torch/distributed/c10d_logger.py:83: FutureWarning: `torch.distributed.all_gather_into_tensor` is deprecated. Please use `torch.distributed.all_gather_single` instead.
  return func(*args, **kwargs)
/e/project1/e-dev-2026d09-262/windinet_venv/lib/python3.12/site-packages/torch/distributed/c10d_logger.py:83: FutureWarning: `torch.distributed.all_gather_into_tensor` is deprecated. Please use `torch.distributed.all_gather_single` instead.
  return func(*args, **kwargs)
/e/project1/e-dev-2026d09-262/windinet_venv/lib/python3.12/site-packages/torch/distributed/c10d_logger.py:83: FutureWarning: `torch.distributed.all_gather_into_tensor` is deprecated. Please use `torch.distributed.all_gather_single` instead.
  return func(*args, **kwargs)
/e/project1/e-dev-2026d09-262/windinet_venv/lib/python3.12/site-packages/torch/distributed/c10d_logger.py:83: FutureWarning: `torch.distributed.all_gather_into_tensor` is deprecated. Please use `torch.distributed.all_gather_single` instead.
  return func(*args, **kwargs)
/e/project1/e-dev-2026d09-262/windinet_venv/lib/python3.12/site-packages/torch/distributed/c10d_logger.py:83: FutureWarning: `torch.distributed.all_gather_into_tensor` is deprecated. Please use `torch.distributed.all_gather_single` instead.
  return func(*args, **kwargs)
/e/project1/e-dev-2026d09-262/windinet_venv/lib/python3.12/site-packages/torch/distributed/c10d_logger.py:83: FutureWarning: `torch.distributed.all_gather_into_tensor` is deprecated. Please use `torch.distributed.all_gather_single` instead.
  return func(*args, **kwargs)
/e/project1/e-dev-2026d09-262/windinet_venv/lib/python3.12/site-packages/torch/distributed/c10d_logger.py:83: FutureWarning: `torch.distributed.all_gather_into_tensor` is deprecated. Please use `torch.distributed.all_gather_single` instead.
  return func(*args, **kwargs)
/e/project1/e-dev-2026d09-262/windinet_venv/lib/python3.12/site-packages/torch/distributed/c10d_logger.py:83: FutureWarning: `torch.distributed.all_gather_into_tensor` is deprecated. Please use `torch.distributed.all_gather_single` instead.
  return func(*args, **kwargs)
/e/project1/e-dev-2026d09-262/windinet_venv/lib/python3.12/site-packages/torch/distributed/c10d_logger.py:83: FutureWarning: `torch.distributed.all_gather_into_tensor` is deprecated. Please use `torch.distributed.all_gather_single` instead.
  return func(*args, **kwargs)
/e/project1/e-dev-2026d09-262/windinet_venv/lib/python3.12/site-packages/torch/distributed/c10d_logger.py:83: FutureWarning: `torch.distributed.all_gather_into_tensor` is deprecated. Please use `torch.distributed.all_gather_single` instead.
  return func(*args, **kwargs)
/e/project1/e-dev-2026d09-262/windinet_venv/lib/python3.12/site-packages/torch/distributed/c10d_logger.py:83: FutureWarning: `torch.distributed.all_gather_into_tensor` is deprecated. Please use `torch.distributed.all_gather_single` instead.
  return func(*args, **kwargs)
/e/project1/e-dev-2026d09-262/windinet_venv/lib/python3.12/site-packages/torch/distributed/c10d_logger.py:83: FutureWarning: `torch.distributed.all_gather_into_tensor` is deprecated. Please use `torch.distributed.all_gather_single` instead.
  return func(*args, **kwargs)
/e/project1/e-dev-2026d09-262/windinet_venv/lib/python3.12/site-packages/torch/distributed/c10d_logger.py:83: FutureWarning: `torch.distributed.all_gather_into_tensor` is deprecated. Please use `torch.distributed.all_gather_single` instead.
  return func(*args, **kwargs)
/e/project1/e-dev-2026d09-262/windinet_venv/lib/python3.12/site-packages/torch/distributed/c10d_logger.py:83: FutureWarning: `torch.distributed.all_gather_into_tensor` is deprecated. Please use `torch.distributed.all_gather_single` instead.
  return func(*args, **kwargs)
/e/project1/e-dev-2026d09-262/windinet_venv/lib/python3.12/site-packages/torch/distributed/c10d_logger.py:83: FutureWarning: `torch.distributed.all_gather_into_tensor` is deprecated. Please use `torch.distributed.all_gather_single` instead.
  return func(*args, **kwargs)
/e/project1/e-dev-2026d09-262/windinet_venv/lib/python3.12/site-packages/torch/distributed/c10d_logger.py:83: FutureWarning: `torch.distributed.all_gather_into_tensor` is deprecated. Please use `torch.distributed.all_gather_single` instead.
  return func(*args, **kwargs)
/e/project1/e-dev-2026d09-262/windinet_venv/lib/python3.12/site-packages/torch/distributed/c10d_logger.py:83: FutureWarning: `torch.distributed.all_gather_into_tensor` is deprecated. Please use `torch.distributed.all_gather_single` instead.
  return func(*args, **kwargs)
/e/project1/e-dev-2026d09-262/windinet_venv/lib/python3.12/site-packages/torch/distributed/c10d_logger.py:83: FutureWarning: `torch.distributed.all_gather_into_tensor` is deprecated. Please use `torch.distributed.all_gather_single` instead.
  return func(*args, **kwargs)
/e/project1/e-dev-2026d09-262/windinet_venv/lib/python3.12/site-packages/torch/distributed/c10d_logger.py:83: FutureWarning: `torch.distributed.all_gather_into_tensor` is deprecated. Please use `torch.distributed.all_gather_single` instead.
  return func(*args, **kwargs)
/e/project1/e-dev-2026d09-262/windinet_venv/lib/python3.12/site-packages/torch/distributed/c10d_logger.py:83: FutureWarning: `torch.distributed.all_gather_into_tensor` is deprecated. Please use `torch.distributed.all_gather_single` instead.
  return func(*args, **kwargs)
/e/project1/e-dev-2026d09-262/windinet_venv/lib/python3.12/site-packages/torch/distributed/c10d_logger.py:83: FutureWarning: `torch.distributed.all_gather_into_tensor` is deprecated. Please use `torch.distributed.all_gather_single` instead.
  return func(*args, **kwargs)
/e/project1/e-dev-2026d09-262/windinet_venv/lib/python3.12/site-packages/torch/distributed/c10d_logger.py:83: FutureWarning: `torch.distributed.all_gather_into_tensor` is deprecated. Please use `torch.distributed.all_gather_single` instead.
  return func(*args, **kwargs)
/e/project1/e-dev-2026d09-262/windinet_venv/lib/python3.12/site-packages/torch/distributed/c10d_logger.py:83: FutureWarning: `torch.distributed.all_gather_into_tensor` is deprecated. Please use `torch.distributed.all_gather_single` instead.
  return func(*args, **kwargs)
/e/project1/e-dev-2026d09-262/windinet_venv/lib/python3.12/site-packages/torch/distributed/c10d_logger.py:83: FutureWarning: `torch.distributed.all_gather_into_tensor` is deprecated. Please use `torch.distributed.all_gather_single` instead.
  return func(*args, **kwargs)
/e/project1/e-dev-2026d09-262/windinet_venv/lib/python3.12/site-packages/torch/distributed/c10d_logger.py:83: FutureWarning: `torch.distributed.all_gather_into_tensor` is deprecated. Please use `torch.distributed.all_gather_single` instead.
  return func(*args, **kwargs)
/e/project1/e-dev-2026d09-262/windinet_venv/lib/python3.12/site-packages/torch/distributed/c10d_logger.py:83: FutureWarning: `torch.distributed.all_gather_into_tensor` is deprecated. Please use `torch.distributed.all_gather_single` instead.
  return func(*args, **kwargs)
/e/project1/e-dev-2026d09-262/windinet_venv/lib/python3.12/site-packages/torch/distributed/c10d_logger.py:83: FutureWarning: `torch.distributed.all_gather_into_tensor` is deprecated. Please use `torch.distributed.all_gather_single` instead.
  return func(*args, **kwargs)
/e/project1/e-dev-2026d09-262/windinet_venv/lib/python3.12/site-packages/torch/distributed/c10d_logger.py:83: FutureWarning: `torch.distributed.all_gather_into_tensor` is deprecated. Please use `torch.distributed.all_gather_single` instead.
  return func(*args, **kwargs)
/e/project1/e-dev-2026d09-262/windinet_venv/lib/python3.12/site-packages/torch/distributed/c10d_logger.py:83: FutureWarning: `torch.distributed.all_gather_into_tensor` is deprecated. Please use `torch.distributed.all_gather_single` instead.
  return func(*args, **kwargs)
/e/project1/e-dev-2026d09-262/windinet_venv/lib/python3.12/site-packages/torch/distributed/c10d_logger.py:83: FutureWarning: `torch.distributed.all_gather_into_tensor` is deprecated. Please use `torch.distributed.all_gather_single` instead.
  return func(*args, **kwargs)
/e/project1/e-dev-2026d09-262/windinet_venv/lib/python3.12/site-packages/torch/distributed/c10d_logger.py:83: FutureWarning: `torch.distributed.all_gather_into_tensor` is deprecated. Please use `torch.distributed.all_gather_single` instead.
  return func(*args, **kwargs)
/e/project1/e-dev-2026d09-262/windinet_venv/lib/python3.12/site-packages/torch/distributed/c10d_logger.py:83: FutureWarning: `torch.distributed.all_gather_into_tensor` is deprecated. Please use `torch.distributed.all_gather_single` instead.
  return func(*args, **kwargs)
/e/project1/e-dev-2026d09-262/windinet_venv/lib/python3.12/site-packages/torch/distributed/c10d_logger.py:83: FutureWarning: `torch.distributed.all_gather_into_tensor` is deprecated. Please use `torch.distributed.all_gather_single` instead.
  return func(*args, **kwargs)
/e/project1/e-dev-2026d09-262/windinet_venv/lib/python3.12/site-packages/torch/distributed/c10d_logger.py:83: FutureWarning: `torch.distributed.all_gather_into_tensor` is deprecated. Please use `torch.distributed.all_gather_single` instead.
  return func(*args, **kwargs)
/e/project1/e-dev-2026d09-262/windinet_venv/lib/python3.12/site-packages/torch/distributed/c10d_logger.py:83: FutureWarning: `torch.distributed.all_gather_into_tensor` is deprecated. Please use `torch.distributed.all_gather_single` instead.
  return func(*args, **kwargs)
/e/project1/e-dev-2026d09-262/windinet_venv/lib/python3.12/site-packages/torch/distributed/c10d_logger.py:83: FutureWarning: `torch.distributed.all_gather_into_tensor` is deprecated. Please use `torch.distributed.all_gather_single` instead.
  return func(*args, **kwargs)
/e/project1/e-dev-2026d09-262/windinet_venv/lib/python3.12/site-packages/torch/distributed/c10d_logger.py:83: FutureWarning: `torch.distributed.all_gather_into_tensor` is deprecated. Please use `torch.distributed.all_gather_single` instead.
  return func(*args, **kwargs)
/e/project1/e-dev-2026d09-262/windinet_venv/lib/python3.12/site-packages/torch/distributed/c10d_logger.py:83: FutureWarning: `torch.distributed.all_gather_into_tensor` is deprecated. Please use `torch.distributed.all_gather_single` instead.
  return func(*args, **kwargs)
/e/project1/e-dev-2026d09-262/windinet_venv/lib/python3.12/site-packages/torch/distributed/c10d_logger.py:83: FutureWarning: `torch.distributed.all_gather_into_tensor` is deprecated. Please use `torch.distributed.all_gather_single` instead.
  return func(*args, **kwargs)
/e/project1/e-dev-2026d09-262/windinet_venv/lib/python3.12/site-packages/torch/distributed/c10d_logger.py:83: FutureWarning: `torch.distributed.all_gather_into_tensor` is deprecated. Please use `torch.distributed.all_gather_single` instead.
  return func(*args, **kwargs)
/e/project1/e-dev-2026d09-262/windinet_venv/lib/python3.12/site-packages/torch/distributed/c10d_logger.py:83: FutureWarning: `torch.distributed.all_gather_into_tensor` is deprecated. Please use `torch.distributed.all_gather_single` instead.
  return func(*args, **kwargs)
/e/project1/e-dev-2026d09-262/windinet_venv/lib/python3.12/site-packages/torch/distributed/c10d_logger.py:83: FutureWarning: `torch.distributed.all_gather_into_tensor` is deprecated. Please use `torch.distributed.all_gather_single` instead.
  return func(*args, **kwargs)
/e/project1/e-dev-2026d09-262/windinet_venv/lib/python3.12/site-packages/torch/distributed/c10d_logger.py:83: FutureWarning: `torch.distributed.all_gather_into_tensor` is deprecated. Please use `torch.distributed.all_gather_single` instead.
  return func(*args, **kwargs)
/e/project1/e-dev-2026d09-262/windinet_venv/lib/python3.12/site-packages/torch/distributed/c10d_logger.py:83: FutureWarning: `torch.distributed.all_gather_into_tensor` is deprecated. Please use `torch.distributed.all_gather_single` instead.
  return func(*args, **kwargs)
/e/project1/e-dev-2026d09-262/windinet_venv/lib/python3.12/site-packages/torch/distributed/c10d_logger.py:83: FutureWarning: `torch.distributed.all_gather_into_tensor` is deprecated. Please use `torch.distributed.all_gather_single` instead.
  return func(*args, **kwargs)
/e/project1/e-dev-2026d09-262/windinet_venv/lib/python3.12/site-packages/torch/distributed/c10d_logger.py:83: FutureWarning: `torch.distributed.all_gather_into_tensor` is deprecated. Please use `torch.distributed.all_gather_single` instead.
  return func(*args, **kwargs)
/e/project1/e-dev-2026d09-262/windinet_venv/lib/python3.12/site-packages/torch/distributed/c10d_logger.py:83: FutureWarning: `torch.distributed.all_gather_into_tensor` is deprecated. Please use `torch.distributed.all_gather_single` instead.
  return func(*args, **kwargs)
/e/project1/e-dev-2026d09-262/windinet_venv/lib/python3.12/site-packages/torch/distributed/c10d_logger.py:83: FutureWarning: `torch.distributed.all_gather_into_tensor` is deprecated. Please use `torch.distributed.all_gather_single` instead.
  return func(*args, **kwargs)
/e/project1/e-dev-2026d09-262/windinet_venv/lib/python3.12/site-packages/torch/distributed/c10d_logger.py:83: FutureWarning: `torch.distributed.all_gather_into_tensor` is deprecated. Please use `torch.distributed.all_gather_single` instead.
  return func(*args, **kwargs)
/e/project1/e-dev-2026d09-262/windinet_venv/lib/python3.12/site-packages/torch/distributed/c10d_logger.py:83: FutureWarning: `torch.distributed.all_gather_into_tensor` is deprecated. Please use `torch.distributed.all_gather_single` instead.
  return func(*args, **kwargs)
/e/project1/e-dev-2026d09-262/windinet_venv/lib/python3.12/site-packages/torch/distributed/c10d_logger.py:83: FutureWarning: `torch.distributed.all_gather_into_tensor` is deprecated. Please use `torch.distributed.all_gather_single` instead.
  return func(*args, **kwargs)
/e/project1/e-dev-2026d09-262/windinet_venv/lib/python3.12/site-packages/torch/distributed/c10d_logger.py:83: FutureWarning: `torch.distributed.all_gather_into_tensor` is deprecated. Please use `torch.distributed.all_gather_single` instead.
  return func(*args, **kwargs)
/e/project1/e-dev-2026d09-262/windinet_venv/lib/python3.12/site-packages/torch/distributed/c10d_logger.py:83: FutureWarning: `torch.distributed.all_gather_into_tensor` is deprecated. Please use `torch.distributed.all_gather_single` instead.
  return func(*args, **kwargs)
/e/project1/e-dev-2026d09-262/windinet_venv/lib/python3.12/site-packages/torch/distributed/c10d_logger.py:83: FutureWarning: `torch.distributed.all_gather_into_tensor` is deprecated. Please use `torch.distributed.all_gather_single` instead.
  return func(*args, **kwargs)
/e/project1/e-dev-2026d09-262/windinet_venv/lib/python3.12/site-packages/torch/distributed/c10d_logger.py:83: FutureWarning: `torch.distributed.all_gather_into_tensor` is deprecated. Please use `torch.distributed.all_gather_single` instead.
  return func(*args, **kwargs)
/e/project1/e-dev-2026d09-262/windinet_venv/lib/python3.12/site-packages/torch/distributed/c10d_logger.py:83: FutureWarning: `torch.distributed.all_gather_into_tensor` is deprecated. Please use `torch.distributed.all_gather_single` instead.
  return func(*args, **kwargs)
/e/project1/e-dev-2026d09-262/windinet_venv/lib/python3.12/site-packages/torch/distributed/c10d_logger.py:83: FutureWarning: `torch.distributed.all_gather_into_tensor` is deprecated. Please use `torch.distributed.all_gather_single` instead.
  return func(*args, **kwargs)
/e/project1/e-dev-2026d09-262/windinet_venv/lib/python3.12/site-packages/torch/distributed/c10d_logger.py:83: FutureWarning: `torch.distributed.all_gather_into_tensor` is deprecated. Please use `torch.distributed.all_gather_single` instead.
  return func(*args, **kwargs)
/e/project1/e-dev-2026d09-262/windinet_venv/lib/python3.12/site-packages/torch/distributed/c10d_logger.py:83: FutureWarning: `torch.distributed.all_gather_into_tensor` is deprecated. Please use `torch.distributed.all_gather_single` instead.
  return func(*args, **kwargs)
/e/project1/e-dev-2026d09-262/windinet_venv/lib/python3.12/site-packages/torch/distributed/c10d_logger.py:83: FutureWarning: `torch.distributed.all_gather_into_tensor` is deprecated. Please use `torch.distributed.all_gather_single` instead.
  return func(*args, **kwargs)
/e/project1/e-dev-2026d09-262/windinet_venv/lib/python3.12/site-packages/torch/distributed/c10d_logger.py:83: FutureWarning: `torch.distributed.all_gather_into_tensor` is deprecated. Please use `torch.distributed.all_gather_single` instead.
  return func(*args, **kwargs)
/e/project1/e-dev-2026d09-262/windinet_venv/lib/python3.12/site-packages/torch/distributed/c10d_logger.py:83: FutureWarning: `torch.distributed.all_gather_into_tensor` is deprecated. Please use `torch.distributed.all_gather_single` instead.
  return func(*args, **kwargs)
/e/project1/e-dev-2026d09-262/windinet_venv/lib/python3.12/site-packages/torch/distributed/c10d_logger.py:83: FutureWarning: `torch.distributed.all_gather_into_tensor` is deprecated. Please use `torch.distributed.all_gather_single` instead.
  return func(*args, **kwargs)
/e/project1/e-dev-2026d09-262/windinet_venv/lib/python3.12/site-packages/torch/distributed/c10d_logger.py:83: FutureWarning: `torch.distributed.all_gather_into_tensor` is deprecated. Please use `torch.distributed.all_gather_single` instead.
  return func(*args, **kwargs)
/e/project1/e-dev-2026d09-262/windinet_venv/lib/python3.12/site-packages/torch/distributed/c10d_logger.py:83: FutureWarning: `torch.distributed.all_gather_into_tensor` is deprecated. Please use `torch.distributed.all_gather_single` instead.
  return func(*args, **kwargs)
/e/project1/e-dev-2026d09-262/windinet_venv/lib/python3.12/site-packages/torch/distributed/c10d_logger.py:83: FutureWarning: `torch.distributed.all_gather_into_tensor` is deprecated. Please use `torch.distributed.all_gather_single` instead.
  return func(*args, **kwargs)
/e/project1/e-dev-2026d09-262/windinet_venv/lib/python3.12/site-packages/torch/distributed/c10d_logger.py:83: FutureWarning: `torch.distributed.all_gather_into_tensor` is deprecated. Please use `torch.distributed.all_gather_single` instead.
  return func(*args, **kwargs)
/e/project1/e-dev-2026d09-262/windinet_venv/lib/python3.12/site-packages/torch/distributed/c10d_logger.py:83: FutureWarning: `torch.distributed.all_gather_into_tensor` is deprecated. Please use `torch.distributed.all_gather_single` instead.
  return func(*args, **kwargs)
/e/project1/e-dev-2026d09-262/windinet_venv/lib/python3.12/site-packages/torch/distributed/c10d_logger.py:83: FutureWarning: `torch.distributed.all_gather_into_tensor` is deprecated. Please use `torch.distributed.all_gather_single` instead.
  return func(*args, **kwargs)
/e/project1/e-dev-2026d09-262/windinet_venv/lib/python3.12/site-packages/torch/distributed/c10d_logger.py:83: FutureWarning: `torch.distributed.all_gather_into_tensor` is deprecated. Please use `torch.distributed.all_gather_single` instead.
  return func(*args, **kwargs)
/e/project1/e-dev-2026d09-262/windinet_venv/lib/python3.12/site-packages/torch/distributed/c10d_logger.py:83: FutureWarning: `torch.distributed.all_gather_into_tensor` is deprecated. Please use `torch.distributed.all_gather_single` instead.
  return func(*args, **kwargs)
/e/project1/e-dev-2026d09-262/windinet_venv/lib/python3.12/site-packages/torch/distributed/c10d_logger.py:83: FutureWarning: `torch.distributed.all_gather_into_tensor` is deprecated. Please use `torch.distributed.all_gather_single` instead.
  return func(*args, **kwargs)
/e/project1/e-dev-2026d09-262/windinet_venv/lib/python3.12/site-packages/torch/distributed/c10d_logger.py:83: FutureWarning: `torch.distributed.all_gather_into_tensor` is deprecated. Please use `torch.distributed.all_gather_single` instead.
  return func(*args, **kwargs)
/e/project1/e-dev-2026d09-262/windinet_venv/lib/python3.12/site-packages/torch/distributed/c10d_logger.py:83: FutureWarning: `torch.distributed.all_gather_into_tensor` is deprecated. Please use `torch.distributed.all_gather_single` instead.
  return func(*args, **kwargs)
/e/project1/e-dev-2026d09-262/windinet_venv/lib/python3.12/site-packages/torch/distributed/c10d_logger.py:83: FutureWarning: `torch.distributed.all_gather_into_tensor` is deprecated. Please use `torch.distributed.all_gather_single` instead.
  return func(*args, **kwargs)
/e/project1/e-dev-2026d09-262/windinet_venv/lib/python3.12/site-packages/torch/distributed/c10d_logger.py:83: FutureWarning: `torch.distributed.all_gather_into_tensor` is deprecated. Please use `torch.distributed.all_gather_single` instead.
  return func(*args, **kwargs)
/e/project1/e-dev-2026d09-262/windinet_venv/lib/python3.12/site-packages/torch/distributed/c10d_logger.py:83: FutureWarning: `torch.distributed.all_gather_into_tensor` is deprecated. Please use `torch.distributed.all_gather_single` instead.
  return func(*args, **kwargs)
/e/project1/e-dev-2026d09-262/windinet_venv/lib/python3.12/site-packages/torch/distributed/c10d_logger.py:83: FutureWarning: `torch.distributed.all_gather_into_tensor` is deprecated. Please use `torch.distributed.all_gather_single` instead.
  return func(*args, **kwargs)
/e/project1/e-dev-2026d09-262/windinet_venv/lib/python3.12/site-packages/torch/distributed/c10d_logger.py:83: FutureWarning: `torch.distributed.all_gather_into_tensor` is deprecated. Please use `torch.distributed.all_gather_single` instead.
  return func(*args, **kwargs)
/e/project1/e-dev-2026d09-262/windinet_venv/lib/python3.12/site-packages/torch/distributed/c10d_logger.py:83: FutureWarning: `torch.distributed.all_gather_into_tensor` is deprecated. Please use `torch.distributed.all_gather_single` instead.
  return func(*args, **kwargs)
/e/project1/e-dev-2026d09-262/windinet_venv/lib/python3.12/site-packages/torch/distributed/c10d_logger.py:83: FutureWarning: `torch.distributed.all_gather_into_tensor` is deprecated. Please use `torch.distributed.all_gather_single` instead.
  return func(*args, **kwargs)
/e/project1/e-dev-2026d09-262/windinet_venv/lib/python3.12/site-packages/torch/distributed/c10d_logger.py:83: FutureWarning: `torch.distributed.all_gather_into_tensor` is deprecated. Please use `torch.distributed.all_gather_single` instead.
  return func(*args, **kwargs)
/e/project1/e-dev-2026d09-262/windinet_venv/lib/python3.12/site-packages/torch/distributed/c10d_logger.py:83: FutureWarning: `torch.distributed.all_gather_into_tensor` is deprecated. Please use `torch.distributed.all_gather_single` instead.
  return func(*args, **kwargs)
/e/project1/e-dev-2026d09-262/windinet_venv/lib/python3.12/site-packages/torch/distributed/c10d_logger.py:83: FutureWarning: `torch.distributed.all_gather_into_tensor` is deprecated. Please use `torch.distributed.all_gather_single` instead.
  return func(*args, **kwargs)
/e/project1/e-dev-2026d09-262/windinet_venv/lib/python3.12/site-packages/torch/distributed/c10d_logger.py:83: FutureWarning: `torch.distributed.all_gather_into_tensor` is deprecated. Please use `torch.distributed.all_gather_single` instead.
  return func(*args, **kwargs)
/e/project1/e-dev-2026d09-262/windinet_venv/lib/python3.12/site-packages/torch/distributed/c10d_logger.py:83: FutureWarning: `torch.distributed.all_gather_into_tensor` is deprecated. Please use `torch.distributed.all_gather_single` instead.
  return func(*args, **kwargs)
/e/project1/e-dev-2026d09-262/windinet_venv/lib/python3.12/site-packages/torch/distributed/c10d_logger.py:83: FutureWarning: `torch.distributed.all_gather_into_tensor` is deprecated. Please use `torch.distributed.all_gather_single` instead.
  return func(*args, **kwargs)
/e/project1/e-dev-2026d09-262/windinet_venv/lib/python3.12/site-packages/torch/distributed/c10d_logger.py:83: FutureWarning: `torch.distributed.all_gather_into_tensor` is deprecated. Please use `torch.distributed.all_gather_single` instead.
  return func(*args, **kwargs)
/e/project1/e-dev-2026d09-262/windinet_venv/lib/python3.12/site-packages/torch/distributed/c10d_logger.py:83: FutureWarning: `torch.distributed.all_gather_into_tensor` is deprecated. Please use `torch.distributed.all_gather_single` instead.
  return func(*args, **kwargs)
/e/project1/e-dev-2026d09-262/windinet_venv/lib/python3.12/site-packages/torch/distributed/c10d_logger.py:83: FutureWarning: `torch.distributed.all_gather_into_tensor` is deprecated. Please use `torch.distributed.all_gather_single` instead.
  return func(*args, **kwargs)
/e/project1/e-dev-2026d09-262/windinet_venv/lib/python3.12/site-packages/torch/distributed/c10d_logger.py:83: FutureWarning: `torch.distributed.all_gather_into_tensor` is deprecated. Please use `torch.distributed.all_gather_single` instead.
  return func(*args, **kwargs)
/e/project1/e-dev-2026d09-262/windinet_venv/lib/python3.12/site-packages/torch/distributed/c10d_logger.py:83: FutureWarning: `torch.distributed.all_gather_into_tensor` is deprecated. Please use `torch.distributed.all_gather_single` instead.
  return func(*args, **kwargs)
/e/project1/e-dev-2026d09-262/windinet_venv/lib/python3.12/site-packages/torch/distributed/c10d_logger.py:83: FutureWarning: `torch.distributed.all_gather_into_tensor` is deprecated. Please use `torch.distributed.all_gather_single` instead.
  return func(*args, **kwargs)
/e/project1/e-dev-2026d09-262/windinet_venv/lib/python3.12/site-packages/torch/distributed/c10d_logger.py:83: FutureWarning: `torch.distributed.all_gather_into_tensor` is deprecated. Please use `torch.distributed.all_gather_single` instead.
  return func(*args, **kwargs)
/e/project1/e-dev-2026d09-262/windinet_venv/lib/python3.12/site-packages/torch/distributed/c10d_logger.py:83: FutureWarning: `torch.distributed.all_gather_into_tensor` is deprecated. Please use `torch.distributed.all_gather_single` instead.
  return func(*args, **kwargs)
/e/project1/e-dev-2026d09-262/windinet_venv/lib/python3.12/site-packages/torch/distributed/c10d_logger.py:83: FutureWarning: `torch.distributed.all_gather_into_tensor` is deprecated. Please use `torch.distributed.all_gather_single` instead.
  return func(*args, **kwargs)
/e/project1/e-dev-2026d09-262/windinet_venv/lib/python3.12/site-packages/torch/distributed/c10d_logger.py:83: FutureWarning: `torch.distributed.all_gather_into_tensor` is deprecated. Please use `torch.distributed.all_gather_single` instead.
  return func(*args, **kwargs)
/e/project1/e-dev-2026d09-262/windinet_venv/lib/python3.12/site-packages/torch/distributed/c10d_logger.py:83: FutureWarning: `torch.distributed.all_gather_into_tensor` is deprecated. Please use `torch.distributed.all_gather_single` instead.
  return func(*args, **kwargs)
/e/project1/e-dev-2026d09-262/windinet_venv/lib/python3.12/site-packages/torch/distributed/c10d_logger.py:83: FutureWarning: `torch.distributed.all_gather_into_tensor` is deprecated. Please use `torch.distributed.all_gather_single` instead.
  return func(*args, **kwargs)
/e/project1/e-dev-2026d09-262/windinet_venv/lib/python3.12/site-packages/torch/distributed/c10d_logger.py:83: FutureWarning: `torch.distributed.all_gather_into_tensor` is deprecated. Please use `torch.distributed.all_gather_single` instead.
  return func(*args, **kwargs)
/e/project1/e-dev-2026d09-262/windinet_venv/lib/python3.12/site-packages/torch/distributed/c10d_logger.py:83: FutureWarning: `torch.distributed.all_gather_into_tensor` is deprecated. Please use `torch.distributed.all_gather_single` instead.
  return func(*args, **kwargs)
/e/project1/e-dev-2026d09-262/windinet_venv/lib/python3.12/site-packages/torch/distributed/c10d_logger.py:83: FutureWarning: `torch.distributed.all_gather_into_tensor` is deprecated. Please use `torch.distributed.all_gather_single` instead.
  return func(*args, **kwargs)
/e/project1/e-dev-2026d09-262/windinet_venv/lib/python3.12/site-packages/torch/distributed/c10d_logger.py:83: FutureWarning: `torch.distributed.all_gather_into_tensor` is deprecated. Please use `torch.distributed.all_gather_single` instead.
  return func(*args, **kwargs)
/e/project1/e-dev-2026d09-262/windinet_venv/lib/python3.12/site-packages/torch/distributed/c10d_logger.py:83: FutureWarning: `torch.distributed.all_gather_into_tensor` is deprecated. Please use `torch.distributed.all_gather_single` instead.
  return func(*args, **kwargs)
/e/project1/e-dev-2026d09-262/windinet_venv/lib/python3.12/site-packages/torch/distributed/c10d_logger.py:83: FutureWarning: `torch.distributed.all_gather_into_tensor` is deprecated. Please use `torch.distributed.all_gather_single` instead.
  return func(*args, **kwargs)
/e/project1/e-dev-2026d09-262/windinet_venv/lib/python3.12/site-packages/torch/distributed/c10d_logger.py:83: FutureWarning: `torch.distributed.all_gather_into_tensor` is deprecated. Please use `torch.distributed.all_gather_single` instead.
  return func(*args, **kwargs)
/e/project1/e-dev-2026d09-262/windinet_venv/lib/python3.12/site-packages/torch/distributed/c10d_logger.py:83: FutureWarning: `torch.distributed.all_gather_into_tensor` is deprecated. Please use `torch.distributed.all_gather_single` instead.
  return func(*args, **kwargs)
/e/project1/e-dev-2026d09-262/windinet_venv/lib/python3.12/site-packages/torch/distributed/c10d_logger.py:83: FutureWarning: `torch.distributed.all_gather_into_tensor` is deprecated. Please use `torch.distributed.all_gather_single` instead.
  return func(*args, **kwargs)
/e/project1/e-dev-2026d09-262/windinet_venv/lib/python3.12/site-packages/torch/distributed/c10d_logger.py:83: FutureWarning: `torch.distributed.all_gather_into_tensor` is deprecated. Please use `torch.distributed.all_gather_single` instead.
  return func(*args, **kwargs)
/e/project1/e-dev-2026d09-262/windinet_venv/lib/python3.12/site-packages/torch/distributed/c10d_logger.py:83: FutureWarning: `torch.distributed.all_gather_into_tensor` is deprecated. Please use `torch.distributed.all_gather_single` instead.
  return func(*args, **kwargs)
/e/project1/e-dev-2026d09-262/windinet_venv/lib/python3.12/site-packages/torch/distributed/c10d_logger.py:83: FutureWarning: `torch.distributed.all_gather_into_tensor` is deprecated. Please use `torch.distributed.all_gather_single` instead.
  return func(*args, **kwargs)
/e/project1/e-dev-2026d09-262/windinet_venv/lib/python3.12/site-packages/torch/distributed/c10d_logger.py:83: FutureWarning: `torch.distributed.all_gather_into_tensor` is deprecated. Please use `torch.distributed.all_gather_single` instead.
  return func(*args, **kwargs)
/e/project1/e-dev-2026d09-262/windinet_venv/lib/python3.12/site-packages/torch/distributed/c10d_logger.py:83: FutureWarning: `torch.distributed.all_gather_into_tensor` is deprecated. Please use `torch.distributed.all_gather_single` instead.
  return func(*args, **kwargs)
/e/project1/e-dev-2026d09-262/windinet_venv/lib/python3.12/site-packages/torch/distributed/c10d_logger.py:83: FutureWarning: `torch.distributed.all_gather_into_tensor` is deprecated. Please use `torch.distributed.all_gather_single` instead.
  return func(*args, **kwargs)
/e/project1/e-dev-2026d09-262/windinet_venv/lib/python3.12/site-packages/torch/distributed/c10d_logger.py:83: FutureWarning: `torch.distributed.all_gather_into_tensor` is deprecated. Please use `torch.distributed.all_gather_single` instead.
  return func(*args, **kwargs)
/e/project1/e-dev-2026d09-262/windinet_venv/lib/python3.12/site-packages/torch/distributed/c10d_logger.py:83: FutureWarning: `torch.distributed.all_gather_into_tensor` is deprecated. Please use `torch.distributed.all_gather_single` instead.
  return func(*args, **kwargs)
/e/project1/e-dev-2026d09-262/windinet_venv/lib/python3.12/site-packages/torch/distributed/c10d_logger.py:83: FutureWarning: `torch.distributed.all_gather_into_tensor` is deprecated. Please use `torch.distributed.all_gather_single` instead.
  return func(*args, **kwargs)
/e/project1/e-dev-2026d09-262/windinet_venv/lib/python3.12/site-packages/torch/distributed/c10d_logger.py:83: FutureWarning: `torch.distributed.all_gather_into_tensor` is deprecated. Please use `torch.distributed.all_gather_single` instead.
  return func(*args, **kwargs)
/e/project1/e-dev-2026d09-262/windinet_venv/lib/python3.12/site-packages/torch/distributed/c10d_logger.py:83: FutureWarning: `torch.distributed.all_gather_into_tensor` is deprecated. Please use `torch.distributed.all_gather_single` instead.
  return func(*args, **kwargs)
/e/project1/e-dev-2026d09-262/windinet_venv/lib/python3.12/site-packages/torch/distributed/c10d_logger.py:83: FutureWarning: `torch.distributed.all_gather_into_tensor` is deprecated. Please use `torch.distributed.all_gather_single` instead.
  return func(*args, **kwargs)
/e/project1/e-dev-2026d09-262/windinet_venv/lib/python3.12/site-packages/torch/distributed/c10d_logger.py:83: FutureWarning: `torch.distributed.all_gather_into_tensor` is deprecated. Please use `torch.distributed.all_gather_single` instead.
  return func(*args, **kwargs)
/e/project1/e-dev-2026d09-262/windinet_venv/lib/python3.12/site-packages/torch/distributed/c10d_logger.py:83: FutureWarning: `torch.distributed.all_gather_into_tensor` is deprecated. Please use `torch.distributed.all_gather_single` instead.
  return func(*args, **kwargs)
/e/project1/e-dev-2026d09-262/windinet_venv/lib/python3.12/site-packages/torch/distributed/c10d_logger.py:83: FutureWarning: `torch.distributed.all_gather_into_tensor` is deprecated. Please use `torch.distributed.all_gather_single` instead.
  return func(*args, **kwargs)
/e/project1/e-dev-2026d09-262/windinet_venv/lib/python3.12/site-packages/torch/distributed/c10d_logger.py:83: FutureWarning: `torch.distributed.all_gather_into_tensor` is deprecated. Please use `torch.distributed.all_gather_single` instead.
  return func(*args, **kwargs)
/e/project1/e-dev-2026d09-262/windinet_venv/lib/python3.12/site-packages/torch/distributed/c10d_logger.py:83: FutureWarning: `torch.distributed.all_gather_into_tensor` is deprecated. Please use `torch.distributed.all_gather_single` instead.
  return func(*args, **kwargs)
/e/project1/e-dev-2026d09-262/windinet_venv/lib/python3.12/site-packages/torch/distributed/c10d_logger.py:83: FutureWarning: `torch.distributed.all_gather_into_tensor` is deprecated. Please use `torch.distributed.all_gather_single` instead.
  return func(*args, **kwargs)
/e/project1/e-dev-2026d09-262/windinet_venv/lib/python3.12/site-packages/torch/distributed/c10d_logger.py:83: FutureWarning: `torch.distributed.all_gather_into_tensor` is deprecated. Please use `torch.distributed.all_gather_single` instead.
  return func(*args, **kwargs)
/e/project1/e-dev-2026d09-262/windinet_venv/lib/python3.12/site-packages/torch/distributed/c10d_logger.py:83: FutureWarning: `torch.distributed.all_gather_into_tensor` is deprecated. Please use `torch.distributed.all_gather_single` instead.
  return func(*args, **kwargs)
/e/project1/e-dev-2026d09-262/windinet_venv/lib/python3.12/site-packages/torch/distributed/c10d_logger.py:83: FutureWarning: `torch.distributed.all_gather_into_tensor` is deprecated. Please use `torch.distributed.all_gather_single` instead.
  return func(*args, **kwargs)
/e/project1/e-dev-2026d09-262/windinet_venv/lib/python3.12/site-packages/torch/distributed/c10d_logger.py:83: FutureWarning: `torch.distributed.all_gather_into_tensor` is deprecated. Please use `torch.distributed.all_gather_single` instead.
  return func(*args, **kwargs)
/e/project1/e-dev-2026d09-262/windinet_venv/lib/python3.12/site-packages/torch/distributed/c10d_logger.py:83: FutureWarning: `torch.distributed.all_gather_into_tensor` is deprecated. Please use `torch.distributed.all_gather_single` instead.
  return func(*args, **kwargs)
/e/project1/e-dev-2026d09-262/windinet_venv/lib/python3.12/site-packages/torch/distributed/c10d_logger.py:83: FutureWarning: `torch.distributed.all_gather_into_tensor` is deprecated. Please use `torch.distributed.all_gather_single` instead.
  return func(*args, **kwargs)
/e/project1/e-dev-2026d09-262/windinet_venv/lib/python3.12/site-packages/torch/distributed/c10d_logger.py:83: FutureWarning: `torch.distributed.all_gather_into_tensor` is deprecated. Please use `torch.distributed.all_gather_single` instead.
  return func(*args, **kwargs)
/e/project1/e-dev-2026d09-262/windinet_venv/lib/python3.12/site-packages/torch/distributed/c10d_logger.py:83: FutureWarning: `torch.distributed.all_gather_into_tensor` is deprecated. Please use `torch.distributed.all_gather_single` instead.
  return func(*args, **kwargs)
/e/project1/e-dev-2026d09-262/windinet_venv/lib/python3.12/site-packages/torch/distributed/c10d_logger.py:83: FutureWarning: `torch.distributed.all_gather_into_tensor` is deprecated. Please use `torch.distributed.all_gather_single` instead.
  return func(*args, **kwargs)
/e/project1/e-dev-2026d09-262/windinet_venv/lib/python3.12/site-packages/torch/distributed/c10d_logger.py:83: FutureWarning: `torch.distributed.all_gather_into_tensor` is deprecated. Please use `torch.distributed.all_gather_single` instead.
  return func(*args, **kwargs)
/e/project1/e-dev-2026d09-262/windinet_venv/lib/python3.12/site-packages/torch/distributed/c10d_logger.py:83: FutureWarning: `torch.distributed.all_gather_into_tensor` is deprecated. Please use `torch.distributed.all_gather_single` instead.
  return func(*args, **kwargs)
/e/project1/e-dev-2026d09-262/windinet_venv/lib/python3.12/site-packages/torch/distributed/c10d_logger.py:83: FutureWarning: `torch.distributed.all_gather_into_tensor` is deprecated. Please use `torch.distributed.all_gather_single` instead.
  return func(*args, **kwargs)
/e/project1/e-dev-2026d09-262/windinet_venv/lib/python3.12/site-packages/torch/distributed/c10d_logger.py:83: FutureWarning: `torch.distributed.all_gather_into_tensor` is deprecated. Please use `torch.distributed.all_gather_single` instead.
  return func(*args, **kwargs)
/e/project1/e-dev-2026d09-262/windinet_venv/lib/python3.12/site-packages/torch/distributed/c10d_logger.py:83: FutureWarning: `torch.distributed.all_gather_into_tensor` is deprecated. Please use `torch.distributed.all_gather_single` instead.
  return func(*args, **kwargs)
/e/project1/e-dev-2026d09-262/windinet_venv/lib/python3.12/site-packages/torch/distributed/c10d_logger.py:83: FutureWarning: `torch.distributed.all_gather_into_tensor` is deprecated. Please use `torch.distributed.all_gather_single` instead.
  return func(*args, **kwargs)
/e/project1/e-dev-2026d09-262/windinet_venv/lib/python3.12/site-packages/torch/distributed/c10d_logger.py:83: FutureWarning: `torch.distributed.all_gather_into_tensor` is deprecated. Please use `torch.distributed.all_gather_single` instead.
  return func(*args, **kwargs)
/e/project1/e-dev-2026d09-262/windinet_venv/lib/python3.12/site-packages/torch/distributed/c10d_logger.py:83: FutureWarning: `torch.distributed.all_gather_into_tensor` is deprecated. Please use `torch.distributed.all_gather_single` instead.
  return func(*args, **kwargs)
/e/project1/e-dev-2026d09-262/windinet_venv/lib/python3.12/site-packages/torch/distributed/c10d_logger.py:83: FutureWarning: `torch.distributed.all_gather_into_tensor` is deprecated. Please use `torch.distributed.all_gather_single` instead.
  return func(*args, **kwargs)
/e/project1/e-dev-2026d09-262/windinet_venv/lib/python3.12/site-packages/torch/distributed/c10d_logger.py:83: FutureWarning: `torch.distributed.all_gather_into_tensor` is deprecated. Please use `torch.distributed.all_gather_single` instead.
  return func(*args, **kwargs)
/e/project1/e-dev-2026d09-262/windinet_venv/lib/python3.12/site-packages/torch/distributed/c10d_logger.py:83: FutureWarning: `torch.distributed.all_gather_into_tensor` is deprecated. Please use `torch.distributed.all_gather_single` instead.
  return func(*args, **kwargs)
/e/project1/e-dev-2026d09-262/windinet_venv/lib/python3.12/site-packages/torch/distributed/c10d_logger.py:83: FutureWarning: `torch.distributed.all_gather_into_tensor` is deprecated. Please use `torch.distributed.all_gather_single` instead.
  return func(*args, **kwargs)
/e/project1/e-dev-2026d09-262/windinet_venv/lib/python3.12/site-packages/torch/distributed/c10d_logger.py:83: FutureWarning: `torch.distributed.all_gather_into_tensor` is deprecated. Please use `torch.distributed.all_gather_single` instead.
  return func(*args, **kwargs)
/e/project1/e-dev-2026d09-262/windinet_venv/lib/python3.12/site-packages/torch/distributed/c10d_logger.py:83: FutureWarning: `torch.distributed.all_gather_into_tensor` is deprecated. Please use `torch.distributed.all_gather_single` instead.
  return func(*args, **kwargs)
/e/project1/e-dev-2026d09-262/windinet_venv/lib/python3.12/site-packages/torch/distributed/c10d_logger.py:83: FutureWarning: `torch.distributed.all_gather_into_tensor` is deprecated. Please use `torch.distributed.all_gather_single` instead.
  return func(*args, **kwargs)
/e/project1/e-dev-2026d09-262/windinet_venv/lib/python3.12/site-packages/torch/distributed/c10d_logger.py:83: FutureWarning: `torch.distributed.all_gather_into_tensor` is deprecated. Please use `torch.distributed.all_gather_single` instead.
  return func(*args, **kwargs)
/e/project1/e-dev-2026d09-262/windinet_venv/lib/python3.12/site-packages/torch/distributed/c10d_logger.py:83: FutureWarning: `torch.distributed.all_gather_into_tensor` is deprecated. Please use `torch.distributed.all_gather_single` instead.
  return func(*args, **kwargs)
/e/project1/e-dev-2026d09-262/windinet_venv/lib/python3.12/site-packages/torch/distributed/c10d_logger.py:83: FutureWarning: `torch.distributed.all_gather_into_tensor` is deprecated. Please use `torch.distributed.all_gather_single` instead.
  return func(*args, **kwargs)
/e/project1/e-dev-2026d09-262/windinet_venv/lib/python3.12/site-packages/torch/distributed/c10d_logger.py:83: FutureWarning: `torch.distributed.all_gather_into_tensor` is deprecated. Please use `torch.distributed.all_gather_single` instead.
  return func(*args, **kwargs)
/e/project1/e-dev-2026d09-262/windinet_venv/lib/python3.12/site-packages/torch/distributed/c10d_logger.py:83: FutureWarning: `torch.distributed.all_gather_into_tensor` is deprecated. Please use `torch.distributed.all_gather_single` instead.
  return func(*args, **kwargs)
/e/project1/e-dev-2026d09-262/windinet_venv/lib/python3.12/site-packages/torch/distributed/c10d_logger.py:83: FutureWarning: `torch.distributed.all_gather_into_tensor` is deprecated. Please use `torch.distributed.all_gather_single` instead.
  return func(*args, **kwargs)
/e/project1/e-dev-2026d09-262/windinet_venv/lib/python3.12/site-packages/torch/distributed/c10d_logger.py:83: FutureWarning: `torch.distributed.all_gather_into_tensor` is deprecated. Please use `torch.distributed.all_gather_single` instead.
  return func(*args, **kwargs)
/e/project1/e-dev-2026d09-262/windinet_venv/lib/python3.12/site-packages/torch/distributed/c10d_logger.py:83: FutureWarning: `torch.distributed.all_gather_into_tensor` is deprecated. Please use `torch.distributed.all_gather_single` instead.
  return func(*args, **kwargs)
/e/project1/e-dev-2026d09-262/windinet_venv/lib/python3.12/site-packages/torch/distributed/c10d_logger.py:83: FutureWarning: `torch.distributed.all_gather_into_tensor` is deprecated. Please use `torch.distributed.all_gather_single` instead.
  return func(*args, **kwargs)
/e/project1/e-dev-2026d09-262/windinet_venv/lib/python3.12/site-packages/torch/distributed/c10d_logger.py:83: FutureWarning: `torch.distributed.all_gather_into_tensor` is deprecated. Please use `torch.distributed.all_gather_single` instead.
  return func(*args, **kwargs)
/e/project1/e-dev-2026d09-262/windinet_venv/lib/python3.12/site-packages/torch/distributed/c10d_logger.py:83: FutureWarning: `torch.distributed.all_gather_into_tensor` is deprecated. Please use `torch.distributed.all_gather_single` instead.
  return func(*args, **kwargs)
/e/project1/e-dev-2026d09-262/windinet_venv/lib/python3.12/site-packages/torch/distributed/c10d_logger.py:83: FutureWarning: `torch.distributed.all_gather_into_tensor` is deprecated. Please use `torch.distributed.all_gather_single` instead.
  return func(*args, **kwargs)
/e/project1/e-dev-2026d09-262/windinet_venv/lib/python3.12/site-packages/torch/distributed/c10d_logger.py:83: FutureWarning: `torch.distributed.all_gather_into_tensor` is deprecated. Please use `torch.distributed.all_gather_single` instead.
  return func(*args, **kwargs)
/e/project1/e-dev-2026d09-262/windinet_venv/lib/python3.12/site-packages/torch/distributed/c10d_logger.py:83: FutureWarning: `torch.distributed.all_gather_into_tensor` is deprecated. Please use `torch.distributed.all_gather_single` instead.
  return func(*args, **kwargs)
/e/project1/e-dev-2026d09-262/windinet_venv/lib/python3.12/site-packages/torch/distributed/c10d_logger.py:83: FutureWarning: `torch.distributed.all_gather_into_tensor` is deprecated. Please use `torch.distributed.all_gather_single` instead.
  return func(*args, **kwargs)
/e/project1/e-dev-2026d09-262/windinet_venv/lib/python3.12/site-packages/torch/distributed/c10d_logger.py:83: FutureWarning: `torch.distributed.all_gather_into_tensor` is deprecated. Please use `torch.distributed.all_gather_single` instead.
  return func(*args, **kwargs)
/e/project1/e-dev-2026d09-262/windinet_venv/lib/python3.12/site-packages/torch/distributed/c10d_logger.py:83: FutureWarning: `torch.distributed.all_gather_into_tensor` is deprecated. Please use `torch.distributed.all_gather_single` instead.
  return func(*args, **kwargs)
/e/project1/e-dev-2026d09-262/windinet_venv/lib/python3.12/site-packages/torch/distributed/c10d_logger.py:83: FutureWarning: `torch.distributed.all_gather_into_tensor` is deprecated. Please use `torch.distributed.all_gather_single` instead.
  return func(*args, **kwargs)
/e/project1/e-dev-2026d09-262/windinet_venv/lib/python3.12/site-packages/torch/distributed/c10d_logger.py:83: FutureWarning: `torch.distributed.all_gather_into_tensor` is deprecated. Please use `torch.distributed.all_gather_single` instead.
  return func(*args, **kwargs)
/e/project1/e-dev-2026d09-262/windinet_venv/lib/python3.12/site-packages/torch/distributed/c10d_logger.py:83: FutureWarning: `torch.distributed.all_gather_into_tensor` is deprecated. Please use `torch.distributed.all_gather_single` instead.
  return func(*args, **kwargs)
/e/project1/e-dev-2026d09-262/windinet_venv/lib/python3.12/site-packages/torch/distributed/c10d_logger.py:83: FutureWarning: `torch.distributed.all_gather_into_tensor` is deprecated. Please use `torch.distributed.all_gather_single` instead.
  return func(*args, **kwargs)
/e/project1/e-dev-2026d09-262/windinet_venv/lib/python3.12/site-packages/torch/distributed/c10d_logger.py:83: FutureWarning: `torch.distributed.all_gather_into_tensor` is deprecated. Please use `torch.distributed.all_gather_single` instead.
  return func(*args, **kwargs)
/e/project1/e-dev-2026d09-262/windinet_venv/lib/python3.12/site-packages/torch/distributed/c10d_logger.py:83: FutureWarning: `torch.distributed.all_gather_into_tensor` is deprecated. Please use `torch.distributed.all_gather_single` instead.
  return func(*args, **kwargs)
/e/project1/e-dev-2026d09-262/windinet_venv/lib/python3.12/site-packages/torch/distributed/c10d_logger.py:83: FutureWarning: `torch.distributed.all_gather_into_tensor` is deprecated. Please use `torch.distributed.all_gather_single` instead.
  return func(*args, **kwargs)
/e/project1/e-dev-2026d09-262/windinet_venv/lib/python3.12/site-packages/torch/distributed/c10d_logger.py:83: FutureWarning: `torch.distributed.all_gather_into_tensor` is deprecated. Please use `torch.distributed.all_gather_single` instead.
  return func(*args, **kwargs)
/e/project1/e-dev-2026d09-262/windinet_venv/lib/python3.12/site-packages/torch/distributed/c10d_logger.py:83: FutureWarning: `torch.distributed.all_gather_into_tensor` is deprecated. Please use `torch.distributed.all_gather_single` instead.
  return func(*args, **kwargs)
/e/project1/e-dev-2026d09-262/windinet_venv/lib/python3.12/site-packages/torch/distributed/c10d_logger.py:83: FutureWarning: `torch.distributed.all_gather_into_tensor` is deprecated. Please use `torch.distributed.all_gather_single` instead.
  return func(*args, **kwargs)
/e/project1/e-dev-2026d09-262/windinet_venv/lib/python3.12/site-packages/torch/distributed/c10d_logger.py:83: FutureWarning: `torch.distributed.all_gather_into_tensor` is deprecated. Please use `torch.distributed.all_gather_single` instead.
  return func(*args, **kwargs)
/e/project1/e-dev-2026d09-262/windinet_venv/lib/python3.12/site-packages/torch/distributed/c10d_logger.py:83: FutureWarning: `torch.distributed.all_gather_into_tensor` is deprecated. Please use `torch.distributed.all_gather_single` instead.
  return func(*args, **kwargs)
/e/project1/e-dev-2026d09-262/windinet_venv/lib/python3.12/site-packages/torch/distributed/c10d_logger.py:83: FutureWarning: `torch.distributed.all_gather_into_tensor` is deprecated. Please use `torch.distributed.all_gather_single` instead.
  return func(*args, **kwargs)
/e/project1/e-dev-2026d09-262/windinet_venv/lib/python3.12/site-packages/torch/distributed/c10d_logger.py:83: FutureWarning: `torch.distributed.all_gather_into_tensor` is deprecated. Please use `torch.distributed.all_gather_single` instead.
  return func(*args, **kwargs)
/e/project1/e-dev-2026d09-262/windinet_venv/lib/python3.12/site-packages/torch/distributed/c10d_logger.py:83: FutureWarning: `torch.distributed.all_gather_into_tensor` is deprecated. Please use `torch.distributed.all_gather_single` instead.
  return func(*args, **kwargs)
/e/project1/e-dev-2026d09-262/windinet_venv/lib/python3.12/site-packages/torch/distributed/c10d_logger.py:83: FutureWarning: `torch.distributed.all_gather_into_tensor` is deprecated. Please use `torch.distributed.all_gather_single` instead.
  return func(*args, **kwargs)
/e/project1/e-dev-2026d09-262/windinet_venv/lib/python3.12/site-packages/torch/distributed/c10d_logger.py:83: FutureWarning: `torch.distributed.all_gather_into_tensor` is deprecated. Please use `torch.distributed.all_gather_single` instead.
  return func(*args, **kwargs)
/e/project1/e-dev-2026d09-262/windinet_venv/lib/python3.12/site-packages/torch/distributed/c10d_logger.py:83: FutureWarning: `torch.distributed.all_gather_into_tensor` is deprecated. Please use `torch.distributed.all_gather_single` instead.
  return func(*args, **kwargs)
/e/project1/e-dev-2026d09-262/windinet_venv/lib/python3.12/site-packages/torch/distributed/c10d_logger.py:83: FutureWarning: `torch.distributed.all_gather_into_tensor` is deprecated. Please use `torch.distributed.all_gather_single` instead.
  return func(*args, **kwargs)
/e/project1/e-dev-2026d09-262/windinet_venv/lib/python3.12/site-packages/torch/distributed/c10d_logger.py:83: FutureWarning: `torch.distributed.all_gather_into_tensor` is deprecated. Please use `torch.distributed.all_gather_single` instead.
  return func(*args, **kwargs)
/e/project1/e-dev-2026d09-262/windinet_venv/lib/python3.12/site-packages/torch/distributed/c10d_logger.py:83: FutureWarning: `torch.distributed.all_gather_into_tensor` is deprecated. Please use `torch.distributed.all_gather_single` instead.
  return func(*args, **kwargs)
/e/project1/e-dev-2026d09-262/windinet_venv/lib/python3.12/site-packages/torch/distributed/c10d_logger.py:83: FutureWarning: `torch.distributed.all_gather_into_tensor` is deprecated. Please use `torch.distributed.all_gather_single` instead.
  return func(*args, **kwargs)
/e/project1/e-dev-2026d09-262/windinet_venv/lib/python3.12/site-packages/torch/distributed/c10d_logger.py:83: FutureWarning: `torch.distributed.all_gather_into_tensor` is deprecated. Please use `torch.distributed.all_gather_single` instead.
  return func(*args, **kwargs)
/e/project1/e-dev-2026d09-262/windinet_venv/lib/python3.12/site-packages/torch/distributed/c10d_logger.py:83: FutureWarning: `torch.distributed.all_gather_into_tensor` is deprecated. Please use `torch.distributed.all_gather_single` instead.
  return func(*args, **kwargs)
/e/project1/e-dev-2026d09-262/windinet_venv/lib/python3.12/site-packages/torch/distributed/c10d_logger.py:83: FutureWarning: `torch.distributed.all_gather_into_tensor` is deprecated. Please use `torch.distributed.all_gather_single` instead.
  return func(*args, **kwargs)
/e/project1/e-dev-2026d09-262/windinet_venv/lib/python3.12/site-packages/torch/distributed/c10d_logger.py:83: FutureWarning: `torch.distributed.all_gather_into_tensor` is deprecated. Please use `torch.distributed.all_gather_single` instead.
  return func(*args, **kwargs)
/e/project1/e-dev-2026d09-262/windinet_venv/lib/python3.12/site-packages/torch/distributed/c10d_logger.py:83: FutureWarning: `torch.distributed.all_gather_into_tensor` is deprecated. Please use `torch.distributed.all_gather_single` instead.
  return func(*args, **kwargs)
/e/project1/e-dev-2026d09-262/windinet_venv/lib/python3.12/site-packages/torch/distributed/c10d_logger.py:83: FutureWarning: `torch.distributed.all_gather_into_tensor` is deprecated. Please use `torch.distributed.all_gather_single` instead.
  return func(*args, **kwargs)
/e/project1/e-dev-2026d09-262/windinet_venv/lib/python3.12/site-packages/torch/distributed/c10d_logger.py:83: FutureWarning: `torch.distributed.all_gather_into_tensor` is deprecated. Please use `torch.distributed.all_gather_single` instead.
  return func(*args, **kwargs)
/e/project1/e-dev-2026d09-262/windinet_venv/lib/python3.12/site-packages/torch/distributed/c10d_logger.py:83: FutureWarning: `torch.distributed.all_gather_into_tensor` is deprecated. Please use `torch.distributed.all_gather_single` instead.
  return func(*args, **kwargs)
/e/project1/e-dev-2026d09-262/windinet_venv/lib/python3.12/site-packages/torch/distributed/c10d_logger.py:83: FutureWarning: `torch.distributed.all_gather_into_tensor` is deprecated. Please use `torch.distributed.all_gather_single` instead.
  return func(*args, **kwargs)
/e/project1/e-dev-2026d09-262/windinet_venv/lib/python3.12/site-packages/torch/distributed/c10d_logger.py:83: FutureWarning: `torch.distributed.all_gather_into_tensor` is deprecated. Please use `torch.distributed.all_gather_single` instead.
  return func(*args, **kwargs)
/e/project1/e-dev-2026d09-262/windinet_venv/lib/python3.12/site-packages/torch/distributed/c10d_logger.py:83: FutureWarning: `torch.distributed.all_gather_into_tensor` is deprecated. Please use `torch.distributed.all_gather_single` instead.
  return func(*args, **kwargs)
/e/project1/e-dev-2026d09-262/windinet_venv/lib/python3.12/site-packages/torch/distributed/c10d_logger.py:83: FutureWarning: `torch.distributed.all_gather_into_tensor` is deprecated. Please use `torch.distributed.all_gather_single` instead.
  return func(*args, **kwargs)
/e/project1/e-dev-2026d09-262/windinet_venv/lib/python3.12/site-packages/torch/distributed/c10d_logger.py:83: FutureWarning: `torch.distributed.all_gather_into_tensor` is deprecated. Please use `torch.distributed.all_gather_single` instead.
  return func(*args, **kwargs)
/e/project1/e-dev-2026d09-262/windinet_venv/lib/python3.12/site-packages/torch/distributed/c10d_logger.py:83: FutureWarning: `torch.distributed.all_gather_into_tensor` is deprecated. Please use `torch.distributed.all_gather_single` instead.
  return func(*args, **kwargs)
/e/project1/e-dev-2026d09-262/windinet_venv/lib/python3.12/site-packages/torch/distributed/c10d_logger.py:83: FutureWarning: `torch.distributed.all_gather_into_tensor` is deprecated. Please use `torch.distributed.all_gather_single` instead.
  return func(*args, **kwargs)
/e/project1/e-dev-2026d09-262/windinet_venv/lib/python3.12/site-packages/torch/distributed/c10d_logger.py:83: FutureWarning: `torch.distributed.all_gather_into_tensor` is deprecated. Please use `torch.distributed.all_gather_single` instead.
  return func(*args, **kwargs)
/e/project1/e-dev-2026d09-262/windinet_venv/lib/python3.12/site-packages/torch/distributed/c10d_logger.py:83: FutureWarning: `torch.distributed.all_gather_into_tensor` is deprecated. Please use `torch.distributed.all_gather_single` instead.
  return func(*args, **kwargs)
/e/project1/e-dev-2026d09-262/windinet_venv/lib/python3.12/site-packages/torch/distributed/c10d_logger.py:83: FutureWarning: `torch.distributed.all_gather_into_tensor` is deprecated. Please use `torch.distributed.all_gather_single` instead.
  return func(*args, **kwargs)
/e/project1/e-dev-2026d09-262/windinet_venv/lib/python3.12/site-packages/torch/distributed/c10d_logger.py:83: FutureWarning: `torch.distributed.all_gather_into_tensor` is deprecated. Please use `torch.distributed.all_gather_single` instead.
  return func(*args, **kwargs)
/e/project1/e-dev-2026d09-262/windinet_venv/lib/python3.12/site-packages/torch/distributed/c10d_logger.py:83: FutureWarning: `torch.distributed.all_gather_into_tensor` is deprecated. Please use `torch.distributed.all_gather_single` instead.
  return func(*args, **kwargs)
/e/project1/e-dev-2026d09-262/windinet_venv/lib/python3.12/site-packages/torch/distributed/c10d_logger.py:83: FutureWarning: `torch.distributed.all_gather_into_tensor` is deprecated. Please use `torch.distributed.all_gather_single` instead.
  return func(*args, **kwargs)
/e/project1/e-dev-2026d09-262/windinet_venv/lib/python3.12/site-packages/torch/distributed/c10d_logger.py:83: FutureWarning: `torch.distributed.all_gather_into_tensor` is deprecated. Please use `torch.distributed.all_gather_single` instead.
  return func(*args, **kwargs)
/e/project1/e-dev-2026d09-262/windinet_venv/lib/python3.12/site-packages/torch/distributed/c10d_logger.py:83: FutureWarning: `torch.distributed.all_gather_into_tensor` is deprecated. Please use `torch.distributed.all_gather_single` instead.
  return func(*args, **kwargs)
/e/project1/e-dev-2026d09-262/windinet_venv/lib/python3.12/site-packages/torch/distributed/c10d_logger.py:83: FutureWarning: `torch.distributed.all_gather_into_tensor` is deprecated. Please use `torch.distributed.all_gather_single` instead.
  return func(*args, **kwargs)
/e/project1/e-dev-2026d09-262/windinet_venv/lib/python3.12/site-packages/torch/distributed/c10d_logger.py:83: FutureWarning: `torch.distributed.all_gather_into_tensor` is deprecated. Please use `torch.distributed.all_gather_single` instead.
  return func(*args, **kwargs)
/e/project1/e-dev-2026d09-262/windinet_venv/lib/python3.12/site-packages/torch/distributed/c10d_logger.py:83: FutureWarning: `torch.distributed.all_gather_into_tensor` is deprecated. Please use `torch.distributed.all_gather_single` instead.
  return func(*args, **kwargs)
/e/project1/e-dev-2026d09-262/windinet_venv/lib/python3.12/site-packages/torch/distributed/c10d_logger.py:83: FutureWarning: `torch.distributed.all_gather_into_tensor` is deprecated. Please use `torch.distributed.all_gather_single` instead.
  return func(*args, **kwargs)
/e/project1/e-dev-2026d09-262/windinet_venv/lib/python3.12/site-packages/torch/distributed/c10d_logger.py:83: FutureWarning: `torch.distributed.all_gather_into_tensor` is deprecated. Please use `torch.distributed.all_gather_single` instead.
  return func(*args, **kwargs)
/e/project1/e-dev-2026d09-262/windinet_venv/lib/python3.12/site-packages/torch/distributed/c10d_logger.py:83: FutureWarning: `torch.distributed.all_gather_into_tensor` is deprecated. Please use `torch.distributed.all_gather_single` instead.
  return func(*args, **kwargs)
/e/project1/e-dev-2026d09-262/windinet_venv/lib/python3.12/site-packages/torch/distributed/c10d_logger.py:83: FutureWarning: `torch.distributed.all_gather_into_tensor` is deprecated. Please use `torch.distributed.all_gather_single` instead.
  return func(*args, **kwargs)
/e/project1/e-dev-2026d09-262/windinet_venv/lib/python3.12/site-packages/torch/distributed/c10d_logger.py:83: FutureWarning: `torch.distributed.all_gather_into_tensor` is deprecated. Please use `torch.distributed.all_gather_single` instead.
  return func(*args, **kwargs)
/e/project1/e-dev-2026d09-262/windinet_venv/lib/python3.12/site-packages/torch/distributed/c10d_logger.py:83: FutureWarning: `torch.distributed.all_gather_into_tensor` is deprecated. Please use `torch.distributed.all_gather_single` instead.
  return func(*args, **kwargs)
/e/project1/e-dev-2026d09-262/windinet_venv/lib/python3.12/site-packages/torch/distributed/c10d_logger.py:83: FutureWarning: `torch.distributed.all_gather_into_tensor` is deprecated. Please use `torch.distributed.all_gather_single` instead.
  return func(*args, **kwargs)
/e/project1/e-dev-2026d09-262/windinet_venv/lib/python3.12/site-packages/torch/distributed/c10d_logger.py:83: FutureWarning: `torch.distributed.all_gather_into_tensor` is deprecated. Please use `torch.distributed.all_gather_single` instead.
  return func(*args, **kwargs)
/e/project1/e-dev-2026d09-262/windinet_venv/lib/python3.12/site-packages/torch/distributed/c10d_logger.py:83: FutureWarning: `torch.distributed.all_gather_into_tensor` is deprecated. Please use `torch.distributed.all_gather_single` instead.
  return func(*args, **kwargs)
/e/project1/e-dev-2026d09-262/windinet_venv/lib/python3.12/site-packages/torch/distributed/c10d_logger.py:83: FutureWarning: `torch.distributed.all_gather_into_tensor` is deprecated. Please use `torch.distributed.all_gather_single` instead.
  return func(*args, **kwargs)
/e/project1/e-dev-2026d09-262/windinet_venv/lib/python3.12/site-packages/torch/distributed/c10d_logger.py:83: FutureWarning: `torch.distributed.all_gather_into_tensor` is deprecated. Please use `torch.distributed.all_gather_single` instead.
  return func(*args, **kwargs)
/e/project1/e-dev-2026d09-262/windinet_venv/lib/python3.12/site-packages/torch/distributed/c10d_logger.py:83: FutureWarning: `torch.distributed.all_gather_into_tensor` is deprecated. Please use `torch.distributed.all_gather_single` instead.
  return func(*args, **kwargs)
/e/project1/e-dev-2026d09-262/windinet_venv/lib/python3.12/site-packages/torch/distributed/c10d_logger.py:83: FutureWarning: `torch.distributed.all_gather_into_tensor` is deprecated. Please use `torch.distributed.all_gather_single` instead.
  return func(*args, **kwargs)
/e/project1/e-dev-2026d09-262/windinet_venv/lib/python3.12/site-packages/torch/distributed/c10d_logger.py:83: FutureWarning: `torch.distributed.all_gather_into_tensor` is deprecated. Please use `torch.distributed.all_gather_single` instead.
  return func(*args, **kwargs)
/e/project1/e-dev-2026d09-262/windinet_venv/lib/python3.12/site-packages/torch/distributed/c10d_logger.py:83: FutureWarning: `torch.distributed.all_gather_into_tensor` is deprecated. Please use `torch.distributed.all_gather_single` instead.
  return func(*args, **kwargs)
/e/project1/e-dev-2026d09-262/windinet_venv/lib/python3.12/site-packages/torch/distributed/c10d_logger.py:83: FutureWarning: `torch.distributed.all_gather_into_tensor` is deprecated. Please use `torch.distributed.all_gather_single` instead.
  return func(*args, **kwargs)
/e/project1/e-dev-2026d09-262/windinet_venv/lib/python3.12/site-packages/torch/distributed/c10d_logger.py:83: FutureWarning: `torch.distributed.all_gather_into_tensor` is deprecated. Please use `torch.distributed.all_gather_single` instead.
  return func(*args, **kwargs)
/e/project1/e-dev-2026d09-262/windinet_venv/lib/python3.12/site-packages/torch/distributed/c10d_logger.py:83: FutureWarning: `torch.distributed.all_gather_into_tensor` is deprecated. Please use `torch.distributed.all_gather_single` instead.
  return func(*args, **kwargs)
/e/project1/e-dev-2026d09-262/windinet_venv/lib/python3.12/site-packages/torch/distributed/c10d_logger.py:83: FutureWarning: `torch.distributed.all_gather_into_tensor` is deprecated. Please use `torch.distributed.all_gather_single` instead.
  return func(*args, **kwargs)
/e/project1/e-dev-2026d09-262/windinet_venv/lib/python3.12/site-packages/torch/distributed/c10d_logger.py:83: FutureWarning: `torch.distributed.all_gather_into_tensor` is deprecated. Please use `torch.distributed.all_gather_single` instead.
  return func(*args, **kwargs)
/e/project1/e-dev-2026d09-262/windinet_venv/lib/python3.12/site-packages/torch/distributed/c10d_logger.py:83: FutureWarning: `torch.distributed.all_gather_into_tensor` is deprecated. Please use `torch.distributed.all_gather_single` instead.
  return func(*args, **kwargs)
/e/project1/e-dev-2026d09-262/windinet_venv/lib/python3.12/site-packages/torch/distributed/c10d_logger.py:83: FutureWarning: `torch.distributed.all_gather_into_tensor` is deprecated. Please use `torch.distributed.all_gather_single` instead.
  return func(*args, **kwargs)
/e/project1/e-dev-2026d09-262/windinet_venv/lib/python3.12/site-packages/torch/distributed/c10d_logger.py:83: FutureWarning: `torch.distributed.all_gather_into_tensor` is deprecated. Please use `torch.distributed.all_gather_single` instead.
  return func(*args, **kwargs)
/e/project1/e-dev-2026d09-262/windinet_venv/lib/python3.12/site-packages/torch/distributed/c10d_logger.py:83: FutureWarning: `torch.distributed.all_gather_into_tensor` is deprecated. Please use `torch.distributed.all_gather_single` instead.
  return func(*args, **kwargs)
/e/project1/e-dev-2026d09-262/windinet_venv/lib/python3.12/site-packages/torch/distributed/c10d_logger.py:83: FutureWarning: `torch.distributed.all_gather_into_tensor` is deprecated. Please use `torch.distributed.all_gather_single` instead.
  return func(*args, **kwargs)
/e/project1/e-dev-2026d09-262/windinet_venv/lib/python3.12/site-packages/torch/distributed/c10d_logger.py:83: FutureWarning: `torch.distributed.all_gather_into_tensor` is deprecated. Please use `torch.distributed.all_gather_single` instead.
  return func(*args, **kwargs)
/e/project1/e-dev-2026d09-262/windinet_venv/lib/python3.12/site-packages/torch/distributed/c10d_logger.py:83: FutureWarning: `torch.distributed.all_gather_into_tensor` is deprecated. Please use `torch.distributed.all_gather_single` instead.
  return func(*args, **kwargs)
/e/project1/e-dev-2026d09-262/windinet_venv/lib/python3.12/site-packages/torch/distributed/c10d_logger.py:83: FutureWarning: `torch.distributed.all_gather_into_tensor` is deprecated. Please use `torch.distributed.all_gather_single` instead.
  return func(*args, **kwargs)
/e/project1/e-dev-2026d09-262/windinet_venv/lib/python3.12/site-packages/torch/distributed/c10d_logger.py:83: FutureWarning: `torch.distributed.all_gather_into_tensor` is deprecated. Please use `torch.distributed.all_gather_single` instead.
  return func(*args, **kwargs)
/e/project1/e-dev-2026d09-262/windinet_venv/lib/python3.12/site-packages/torch/distributed/c10d_logger.py:83: FutureWarning: `torch.distributed.all_gather_into_tensor` is deprecated. Please use `torch.distributed.all_gather_single` instead.
  return func(*args, **kwargs)
/e/project1/e-dev-2026d09-262/windinet_venv/lib/python3.12/site-packages/torch/distributed/c10d_logger.py:83: FutureWarning: `torch.distributed.all_gather_into_tensor` is deprecated. Please use `torch.distributed.all_gather_single` instead.
  return func(*args, **kwargs)
/e/project1/e-dev-2026d09-262/windinet_venv/lib/python3.12/site-packages/torch/distributed/c10d_logger.py:83: FutureWarning: `torch.distributed.all_gather_into_tensor` is deprecated. Please use `torch.distributed.all_gather_single` instead.
  return func(*args, **kwargs)
/e/project1/e-dev-2026d09-262/windinet_venv/lib/python3.12/site-packages/torch/distributed/c10d_logger.py:83: FutureWarning: `torch.distributed.all_gather_into_tensor` is deprecated. Please use `torch.distributed.all_gather_single` instead.
  return func(*args, **kwargs)
/e/project1/e-dev-2026d09-262/windinet_venv/lib/python3.12/site-packages/torch/distributed/c10d_logger.py:83: FutureWarning: `torch.distributed.all_gather_into_tensor` is deprecated. Please use `torch.distributed.all_gather_single` instead.
  return func(*args, **kwargs)
/e/project1/e-dev-2026d09-262/windinet_venv/lib/python3.12/site-packages/torch/distributed/c10d_logger.py:83: FutureWarning: `torch.distributed.all_gather_into_tensor` is deprecated. Please use `torch.distributed.all_gather_single` instead.
  return func(*args, **kwargs)
/e/project1/e-dev-2026d09-262/windinet_venv/lib/python3.12/site-packages/torch/distributed/c10d_logger.py:83: FutureWarning: `torch.distributed.all_gather_into_tensor` is deprecated. Please use `torch.distributed.all_gather_single` instead.
  return func(*args, **kwargs)
/e/project1/e-dev-2026d09-262/windinet_venv/lib/python3.12/site-packages/torch/distributed/c10d_logger.py:83: FutureWarning: `torch.distributed.all_gather_into_tensor` is deprecated. Please use `torch.distributed.all_gather_single` instead.
  return func(*args, **kwargs)
/e/project1/e-dev-2026d09-262/windinet_venv/lib/python3.12/site-packages/torch/distributed/c10d_logger.py:83: FutureWarning: `torch.distributed.all_gather_into_tensor` is deprecated. Please use `torch.distributed.all_gather_single` instead.
  return func(*args, **kwargs)
/e/project1/e-dev-2026d09-262/windinet_venv/lib/python3.12/site-packages/torch/distributed/c10d_logger.py:83: FutureWarning: `torch.distributed.all_gather_into_tensor` is deprecated. Please use `torch.distributed.all_gather_single` instead.
  return func(*args, **kwargs)
/e/project1/e-dev-2026d09-262/windinet_venv/lib/python3.12/site-packages/torch/distributed/c10d_logger.py:83: FutureWarning: `torch.distributed.all_gather_into_tensor` is deprecated. Please use `torch.distributed.all_gather_single` instead.
  return func(*args, **kwargs)
/e/project1/e-dev-2026d09-262/windinet_venv/lib/python3.12/site-packages/torch/distributed/c10d_logger.py:83: FutureWarning: `torch.distributed.all_gather_into_tensor` is deprecated. Please use `torch.distributed.all_gather_single` instead.
  return func(*args, **kwargs)
/e/project1/e-dev-2026d09-262/windinet_venv/lib/python3.12/site-packages/torch/distributed/c10d_logger.py:83: FutureWarning: `torch.distributed.all_gather_into_tensor` is deprecated. Please use `torch.distributed.all_gather_single` instead.
  return func(*args, **kwargs)
/e/project1/e-dev-2026d09-262/windinet_venv/lib/python3.12/site-packages/torch/distributed/c10d_logger.py:83: FutureWarning: `torch.distributed.all_gather_into_tensor` is deprecated. Please use `torch.distributed.all_gather_single` instead.
  return func(*args, **kwargs)
/e/project1/e-dev-2026d09-262/windinet_venv/lib/python3.12/site-packages/torch/distributed/c10d_logger.py:83: FutureWarning: `torch.distributed.all_gather_into_tensor` is deprecated. Please use `torch.distributed.all_gather_single` instead.
  return func(*args, **kwargs)
/e/project1/e-dev-2026d09-262/windinet_venv/lib/python3.12/site-packages/torch/distributed/c10d_logger.py:83: FutureWarning: `torch.distributed.all_gather_into_tensor` is deprecated. Please use `torch.distributed.all_gather_single` instead.
  return func(*args, **kwargs)
/e/project1/e-dev-2026d09-262/windinet_venv/lib/python3.12/site-packages/torch/distributed/c10d_logger.py:83: FutureWarning: `torch.distributed.all_gather_into_tensor` is deprecated. Please use `torch.distributed.all_gather_single` instead.
  return func(*args, **kwargs)
/e/project1/e-dev-2026d09-262/windinet_venv/lib/python3.12/site-packages/torch/distributed/c10d_logger.py:83: FutureWarning: `torch.distributed.all_gather_into_tensor` is deprecated. Please use `torch.distributed.all_gather_single` instead.
  return func(*args, **kwargs)
/e/project1/e-dev-2026d09-262/windinet_venv/lib/python3.12/site-packages/torch/distributed/c10d_logger.py:83: FutureWarning: `torch.distributed.all_gather_into_tensor` is deprecated. Please use `torch.distributed.all_gather_single` instead.
  return func(*args, **kwargs)
/e/project1/e-dev-2026d09-262/windinet_venv/lib/python3.12/site-packages/torch/distributed/c10d_logger.py:83: FutureWarning: `torch.distributed.all_gather_into_tensor` is deprecated. Please use `torch.distributed.all_gather_single` instead.
  return func(*args, **kwargs)
/e/project1/e-dev-2026d09-262/windinet_venv/lib/python3.12/site-packages/torch/distributed/c10d_logger.py:83: FutureWarning: `torch.distributed.all_gather_into_tensor` is deprecated. Please use `torch.distributed.all_gather_single` instead.
  return func(*args, **kwargs)
/e/project1/e-dev-2026d09-262/windinet_venv/lib/python3.12/site-packages/torch/distributed/c10d_logger.py:83: FutureWarning: `torch.distributed.all_gather_into_tensor` is deprecated. Please use `torch.distributed.all_gather_single` instead.
  return func(*args, **kwargs)
/e/project1/e-dev-2026d09-262/windinet_venv/lib/python3.12/site-packages/torch/distributed/c10d_logger.py:83: FutureWarning: `torch.distributed.all_gather_into_tensor` is deprecated. Please use `torch.distributed.all_gather_single` instead.
  return func(*args, **kwargs)
/e/project1/e-dev-2026d09-262/windinet_venv/lib/python3.12/site-packages/torch/distributed/c10d_logger.py:83: FutureWarning: `torch.distributed.all_gather_into_tensor` is deprecated. Please use `torch.distributed.all_gather_single` instead.
  return func(*args, **kwargs)
/e/project1/e-dev-2026d09-262/windinet_venv/lib/python3.12/site-packages/torch/distributed/c10d_logger.py:83: FutureWarning: `torch.distributed.all_gather_into_tensor` is deprecated. Please use `torch.distributed.all_gather_single` instead.
  return func(*args, **kwargs)
/e/project1/e-dev-2026d09-262/windinet_venv/lib/python3.12/site-packages/torch/distributed/c10d_logger.py:83: FutureWarning: `torch.distributed.all_gather_into_tensor` is deprecated. Please use `torch.distributed.all_gather_single` instead.
  return func(*args, **kwargs)
/e/project1/e-dev-2026d09-262/windinet_venv/lib/python3.12/site-packages/torch/distributed/c10d_logger.py:83: FutureWarning: `torch.distributed.all_gather_into_tensor` is deprecated. Please use `torch.distributed.all_gather_single` instead.
  return func(*args, **kwargs)
/e/project1/e-dev-2026d09-262/windinet_venv/lib/python3.12/site-packages/torch/distributed/c10d_logger.py:83: FutureWarning: `torch.distributed.all_gather_into_tensor` is deprecated. Please use `torch.distributed.all_gather_single` instead.
  return func(*args, **kwargs)
/e/project1/e-dev-2026d09-262/windinet_venv/lib/python3.12/site-packages/torch/distributed/c10d_logger.py:83: FutureWarning: `torch.distributed.all_gather_into_tensor` is deprecated. Please use `torch.distributed.all_gather_single` instead.
  return func(*args, **kwargs)
/e/project1/e-dev-2026d09-262/windinet_venv/lib/python3.12/site-packages/torch/distributed/c10d_logger.py:83: FutureWarning: `torch.distributed.all_gather_into_tensor` is deprecated. Please use `torch.distributed.all_gather_single` instead.
  return func(*args, **kwargs)
/e/project1/e-dev-2026d09-262/windinet_venv/lib/python3.12/site-packages/torch/distributed/c10d_logger.py:83: FutureWarning: `torch.distributed.all_gather_into_tensor` is deprecated. Please use `torch.distributed.all_gather_single` instead.
  return func(*args, **kwargs)
/e/project1/e-dev-2026d09-262/windinet_venv/lib/python3.12/site-packages/torch/distributed/c10d_logger.py:83: FutureWarning: `torch.distributed.all_gather_into_tensor` is deprecated. Please use `torch.distributed.all_gather_single` instead.
  return func(*args, **kwargs)
/e/project1/e-dev-2026d09-262/windinet_venv/lib/python3.12/site-packages/torch/distributed/c10d_logger.py:83: FutureWarning: `torch.distributed.all_gather_into_tensor` is deprecated. Please use `torch.distributed.all_gather_single` instead.
  return func(*args, **kwargs)
/e/project1/e-dev-2026d09-262/windinet_venv/lib/python3.12/site-packages/torch/distributed/c10d_logger.py:83: FutureWarning: `torch.distributed.all_gather_into_tensor` is deprecated. Please use `torch.distributed.all_gather_single` instead.
  return func(*args, **kwargs)
/e/project1/e-dev-2026d09-262/windinet_venv/lib/python3.12/site-packages/torch/distributed/c10d_logger.py:83: FutureWarning: `torch.distributed.all_gather_into_tensor` is deprecated. Please use `torch.distributed.all_gather_single` instead.
  return func(*args, **kwargs)
/e/project1/e-dev-2026d09-262/windinet_venv/lib/python3.12/site-packages/torch/distributed/c10d_logger.py:83: FutureWarning: `torch.distributed.all_gather_into_tensor` is deprecated. Please use `torch.distributed.all_gather_single` instead.
  return func(*args, **kwargs)
/e/project1/e-dev-2026d09-262/windinet_venv/lib/python3.12/site-packages/torch/distributed/c10d_logger.py:83: FutureWarning: `torch.distributed.all_gather_into_tensor` is deprecated. Please use `torch.distributed.all_gather_single` instead.
  return func(*args, **kwargs)
/e/project1/e-dev-2026d09-262/windinet_venv/lib/python3.12/site-packages/torch/distributed/c10d_logger.py:83: FutureWarning: `torch.distributed.all_gather_into_tensor` is deprecated. Please use `torch.distributed.all_gather_single` instead.
  return func(*args, **kwargs)
/e/project1/e-dev-2026d09-262/windinet_venv/lib/python3.12/site-packages/torch/distributed/c10d_logger.py:83: FutureWarning: `torch.distributed.all_gather_into_tensor` is deprecated. Please use `torch.distributed.all_gather_single` instead.
  return func(*args, **kwargs)
/e/project1/e-dev-2026d09-262/windinet_venv/lib/python3.12/site-packages/torch/distributed/c10d_logger.py:83: FutureWarning: `torch.distributed.all_gather_into_tensor` is deprecated. Please use `torch.distributed.all_gather_single` instead.
  return func(*args, **kwargs)
/e/project1/e-dev-2026d09-262/windinet_venv/lib/python3.12/site-packages/torch/distributed/c10d_logger.py:83: FutureWarning: `torch.distributed.all_gather_into_tensor` is deprecated. Please use `torch.distributed.all_gather_single` instead.
  return func(*args, **kwargs)
/e/project1/e-dev-2026d09-262/windinet_venv/lib/python3.12/site-packages/torch/distributed/c10d_logger.py:83: FutureWarning: `torch.distributed.all_gather_into_tensor` is deprecated. Please use `torch.distributed.all_gather_single` instead.
  return func(*args, **kwargs)
/e/project1/e-dev-2026d09-262/windinet_venv/lib/python3.12/site-packages/torch/distributed/c10d_logger.py:83: FutureWarning: `torch.distributed.all_gather_into_tensor` is deprecated. Please use `torch.distributed.all_gather_single` instead.
  return func(*args, **kwargs)
/e/project1/e-dev-2026d09-262/windinet_venv/lib/python3.12/site-packages/torch/distributed/c10d_logger.py:83: FutureWarning: `torch.distributed.all_gather_into_tensor` is deprecated. Please use `torch.distributed.all_gather_single` instead.
  return func(*args, **kwargs)
/e/project1/e-dev-2026d09-262/windinet_venv/lib/python3.12/site-packages/torch/distributed/c10d_logger.py:83: FutureWarning: `torch.distributed.all_gather_into_tensor` is deprecated. Please use `torch.distributed.all_gather_single` instead.
  return func(*args, **kwargs)
/e/project1/e-dev-2026d09-262/windinet_venv/lib/python3.12/site-packages/torch/distributed/c10d_logger.py:83: FutureWarning: `torch.distributed.all_gather_into_tensor` is deprecated. Please use `torch.distributed.all_gather_single` instead.
  return func(*args, **kwargs)
/e/project1/e-dev-2026d09-262/windinet_venv/lib/python3.12/site-packages/torch/distributed/c10d_logger.py:83: FutureWarning: `torch.distributed.all_gather_into_tensor` is deprecated. Please use `torch.distributed.all_gather_single` instead.
  return func(*args, **kwargs)
/e/project1/e-dev-2026d09-262/windinet_venv/lib/python3.12/site-packages/torch/distributed/c10d_logger.py:83: FutureWarning: `torch.distributed.all_gather_into_tensor` is deprecated. Please use `torch.distributed.all_gather_single` instead.
  return func(*args, **kwargs)
/e/project1/e-dev-2026d09-262/windinet_venv/lib/python3.12/site-packages/torch/distributed/c10d_logger.py:83: FutureWarning: `torch.distributed.all_gather_into_tensor` is deprecated. Please use `torch.distributed.all_gather_single` instead.
  return func(*args, **kwargs)
/e/project1/e-dev-2026d09-262/windinet_venv/lib/python3.12/site-packages/torch/distributed/c10d_logger.py:83: FutureWarning: `torch.distributed.all_gather_into_tensor` is deprecated. Please use `torch.distributed.all_gather_single` instead.
  return func(*args, **kwargs)
/e/project1/e-dev-2026d09-262/windinet_venv/lib/python3.12/site-packages/torch/distributed/c10d_logger.py:83: FutureWarning: `torch.distributed.all_gather_into_tensor` is deprecated. Please use `torch.distributed.all_gather_single` instead.
  return func(*args, **kwargs)
/e/project1/e-dev-2026d09-262/windinet_venv/lib/python3.12/site-packages/torch/distributed/c10d_logger.py:83: FutureWarning: `torch.distributed.all_gather_into_tensor` is deprecated. Please use `torch.distributed.all_gather_single` instead.
  return func(*args, **kwargs)
/e/project1/e-dev-2026d09-262/windinet_venv/lib/python3.12/site-packages/torch/distributed/c10d_logger.py:83: FutureWarning: `torch.distributed.all_gather_into_tensor` is deprecated. Please use `torch.distributed.all_gather_single` instead.
  return func(*args, **kwargs)
/e/project1/e-dev-2026d09-262/windinet_venv/lib/python3.12/site-packages/torch/distributed/c10d_logger.py:83: FutureWarning: `torch.distributed.all_gather_into_tensor` is deprecated. Please use `torch.distributed.all_gather_single` instead.
  return func(*args, **kwargs)
/e/project1/e-dev-2026d09-262/windinet_venv/lib/python3.12/site-packages/torch/distributed/c10d_logger.py:83: FutureWarning: `torch.distributed.all_gather_into_tensor` is deprecated. Please use `torch.distributed.all_gather_single` instead.
  return func(*args, **kwargs)
/e/project1/e-dev-2026d09-262/windinet_venv/lib/python3.12/site-packages/torch/distributed/c10d_logger.py:83: FutureWarning: `torch.distributed.all_gather_into_tensor` is deprecated. Please use `torch.distributed.all_gather_single` instead.
  return func(*args, **kwargs)
/e/project1/e-dev-2026d09-262/windinet_venv/lib/python3.12/site-packages/torch/distributed/c10d_logger.py:83: FutureWarning: `torch.distributed.all_gather_into_tensor` is deprecated. Please use `torch.distributed.all_gather_single` instead.
  return func(*args, **kwargs)
/e/project1/e-dev-2026d09-262/windinet_venv/lib/python3.12/site-packages/torch/distributed/c10d_logger.py:83: FutureWarning: `torch.distributed.all_gather_into_tensor` is deprecated. Please use `torch.distributed.all_gather_single` instead.
  return func(*args, **kwargs)
/e/project1/e-dev-2026d09-262/windinet_venv/lib/python3.12/site-packages/torch/distributed/c10d_logger.py:83: FutureWarning: `torch.distributed.all_gather_into_tensor` is deprecated. Please use `torch.distributed.all_gather_single` instead.
  return func(*args, **kwargs)
/e/project1/e-dev-2026d09-262/windinet_venv/lib/python3.12/site-packages/torch/distributed/c10d_logger.py:83: FutureWarning: `torch.distributed.all_gather_into_tensor` is deprecated. Please use `torch.distributed.all_gather_single` instead.
  return func(*args, **kwargs)
/e/project1/e-dev-2026d09-262/windinet_venv/lib/python3.12/site-packages/torch/distributed/c10d_logger.py:83: FutureWarning: `torch.distributed.all_gather_into_tensor` is deprecated. Please use `torch.distributed.all_gather_single` instead.
  return func(*args, **kwargs)
/e/project1/e-dev-2026d09-262/windinet_venv/lib/python3.12/site-packages/torch/distributed/c10d_logger.py:83: FutureWarning: `torch.distributed.all_gather_into_tensor` is deprecated. Please use `torch.distributed.all_gather_single` instead.
  return func(*args, **kwargs)
/e/project1/e-dev-2026d09-262/windinet_venv/lib/python3.12/site-packages/torch/distributed/c10d_logger.py:83: FutureWarning: `torch.distributed.all_gather_into_tensor` is deprecated. Please use `torch.distributed.all_gather_single` instead.
  return func(*args, **kwargs)
/e/project1/e-dev-2026d09-262/windinet_venv/lib/python3.12/site-packages/torch/distributed/c10d_logger.py:83: FutureWarning: `torch.distributed.all_gather_into_tensor` is deprecated. Please use `torch.distributed.all_gather_single` instead.
  return func(*args, **kwargs)
/e/project1/e-dev-2026d09-262/windinet_venv/lib/python3.12/site-packages/torch/distributed/c10d_logger.py:83: FutureWarning: `torch.distributed.all_gather_into_tensor` is deprecated. Please use `torch.distributed.all_gather_single` instead.
  return func(*args, **kwargs)
/e/project1/e-dev-2026d09-262/windinet_venv/lib/python3.12/site-packages/torch/distributed/c10d_logger.py:83: FutureWarning: `torch.distributed.all_gather_into_tensor` is deprecated. Please use `torch.distributed.all_gather_single` instead.
  return func(*args, **kwargs)
/e/project1/e-dev-2026d09-262/windinet_venv/lib/python3.12/site-packages/torch/distributed/c10d_logger.py:83: FutureWarning: `torch.distributed.all_gather_into_tensor` is deprecated. Please use `torch.distributed.all_gather_single` instead.
  return func(*args, **kwargs)
/e/project1/e-dev-2026d09-262/windinet_venv/lib/python3.12/site-packages/torch/distributed/c10d_logger.py:83: FutureWarning: `torch.distributed.all_gather_into_tensor` is deprecated. Please use `torch.distributed.all_gather_single` instead.
  return func(*args, **kwargs)
/e/project1/e-dev-2026d09-262/windinet_venv/lib/python3.12/site-packages/torch/distributed/c10d_logger.py:83: FutureWarning: `torch.distributed.all_gather_into_tensor` is deprecated. Please use `torch.distributed.all_gather_single` instead.
  return func(*args, **kwargs)
/e/project1/e-dev-2026d09-262/windinet_venv/lib/python3.12/site-packages/torch/distributed/c10d_logger.py:83: FutureWarning: `torch.distributed.all_gather_into_tensor` is deprecated. Please use `torch.distributed.all_gather_single` instead.
  return func(*args, **kwargs)
/e/project1/e-dev-2026d09-262/windinet_venv/lib/python3.12/site-packages/torch/distributed/c10d_logger.py:83: FutureWarning: `torch.distributed.all_gather_into_tensor` is deprecated. Please use `torch.distributed.all_gather_single` instead.
  return func(*args, **kwargs)
/e/project1/e-dev-2026d09-262/windinet_venv/lib/python3.12/site-packages/torch/distributed/c10d_logger.py:83: FutureWarning: `torch.distributed.all_gather_into_tensor` is deprecated. Please use `torch.distributed.all_gather_single` instead.
  return func(*args, **kwargs)
/e/project1/e-dev-2026d09-262/windinet_venv/lib/python3.12/site-packages/torch/distributed/c10d_logger.py:83: FutureWarning: `torch.distributed.all_gather_into_tensor` is deprecated. Please use `torch.distributed.all_gather_single` instead.
  return func(*args, **kwargs)
/e/project1/e-dev-2026d09-262/windinet_venv/lib/python3.12/site-packages/torch/distributed/c10d_logger.py:83: FutureWarning: `torch.distributed.all_gather_into_tensor` is deprecated. Please use `torch.distributed.all_gather_single` instead.
  return func(*args, **kwargs)
/e/project1/e-dev-2026d09-262/windinet_venv/lib/python3.12/site-packages/torch/distributed/c10d_logger.py:83: FutureWarning: `torch.distributed.all_gather_into_tensor` is deprecated. Please use `torch.distributed.all_gather_single` instead.
  return func(*args, **kwargs)
/e/project1/e-dev-2026d09-262/windinet_venv/lib/python3.12/site-packages/torch/distributed/c10d_logger.py:83: FutureWarning: `torch.distributed.all_gather_into_tensor` is deprecated. Please use `torch.distributed.all_gather_single` instead.
  return func(*args, **kwargs)
/e/project1/e-dev-2026d09-262/windinet_venv/lib/python3.12/site-packages/torch/distributed/c10d_logger.py:83: FutureWarning: `torch.distributed.all_gather_into_tensor` is deprecated. Please use `torch.distributed.all_gather_single` instead.
  return func(*args, **kwargs)
/e/project1/e-dev-2026d09-262/windinet_venv/lib/python3.12/site-packages/torch/distributed/c10d_logger.py:83: FutureWarning: `torch.distributed.all_gather_into_tensor` is deprecated. Please use `torch.distributed.all_gather_single` instead.
  return func(*args, **kwargs)
/e/project1/e-dev-2026d09-262/windinet_venv/lib/python3.12/site-packages/torch/distributed/c10d_logger.py:83: FutureWarning: `torch.distributed.all_gather_into_tensor` is deprecated. Please use `torch.distributed.all_gather_single` instead.
  return func(*args, **kwargs)
/e/project1/e-dev-2026d09-262/windinet_venv/lib/python3.12/site-packages/torch/distributed/c10d_logger.py:83: FutureWarning: `torch.distributed.all_gather_into_tensor` is deprecated. Please use `torch.distributed.all_gather_single` instead.
  return func(*args, **kwargs)
/e/project1/e-dev-2026d09-262/windinet_venv/lib/python3.12/site-packages/torch/distributed/c10d_logger.py:83: FutureWarning: `torch.distributed.all_gather_into_tensor` is deprecated. Please use `torch.distributed.all_gather_single` instead.
  return func(*args, **kwargs)
/e/project1/e-dev-2026d09-262/windinet_venv/lib/python3.12/site-packages/torch/distributed/c10d_logger.py:83: FutureWarning: `torch.distributed.all_gather_into_tensor` is deprecated. Please use `torch.distributed.all_gather_single` instead.
  return func(*args, **kwargs)
/e/project1/e-dev-2026d09-262/windinet_venv/lib/python3.12/site-packages/torch/distributed/c10d_logger.py:83: FutureWarning: `torch.distributed.all_gather_into_tensor` is deprecated. Please use `torch.distributed.all_gather_single` instead.
  return func(*args, **kwargs)
/e/project1/e-dev-2026d09-262/windinet_venv/lib/python3.12/site-packages/torch/distributed/c10d_logger.py:83: FutureWarning: `torch.distributed.all_gather_into_tensor` is deprecated. Please use `torch.distributed.all_gather_single` instead.
  return func(*args, **kwargs)
/e/project1/e-dev-2026d09-262/windinet_venv/lib/python3.12/site-packages/torch/distributed/c10d_logger.py:83: FutureWarning: `torch.distributed.all_gather_into_tensor` is deprecated. Please use `torch.distributed.all_gather_single` instead.
  return func(*args, **kwargs)
/e/project1/e-dev-2026d09-262/windinet_venv/lib/python3.12/site-packages/torch/distributed/c10d_logger.py:83: FutureWarning: `torch.distributed.all_gather_into_tensor` is deprecated. Please use `torch.distributed.all_gather_single` instead.
  return func(*args, **kwargs)
/e/project1/e-dev-2026d09-262/windinet_venv/lib/python3.12/site-packages/torch/distributed/c10d_logger.py:83: FutureWarning: `torch.distributed.all_gather_into_tensor` is deprecated. Please use `torch.distributed.all_gather_single` instead.
  return func(*args, **kwargs)
/e/project1/e-dev-2026d09-262/windinet_venv/lib/python3.12/site-packages/torch/distributed/c10d_logger.py:83: FutureWarning: `torch.distributed.all_gather_into_tensor` is deprecated. Please use `torch.distributed.all_gather_single` instead.
  return func(*args, **kwargs)
/e/project1/e-dev-2026d09-262/windinet_venv/lib/python3.12/site-packages/torch/distributed/c10d_logger.py:83: FutureWarning: `torch.distributed.all_gather_into_tensor` is deprecated. Please use `torch.distributed.all_gather_single` instead.
  return func(*args, **kwargs)
/e/project1/e-dev-2026d09-262/windinet_venv/lib/python3.12/site-packages/torch/distributed/c10d_logger.py:83: FutureWarning: `torch.distributed.all_gather_into_tensor` is deprecated. Please use `torch.distributed.all_gather_single` instead.
  return func(*args, **kwargs)
/e/project1/e-dev-2026d09-262/windinet_venv/lib/python3.12/site-packages/torch/distributed/c10d_logger.py:83: FutureWarning: `torch.distributed.all_gather_into_tensor` is deprecated. Please use `torch.distributed.all_gather_single` instead.
  return func(*args, **kwargs)
/e/project1/e-dev-2026d09-262/windinet_venv/lib/python3.12/site-packages/torch/distributed/c10d_logger.py:83: FutureWarning: `torch.distributed.all_gather_into_tensor` is deprecated. Please use `torch.distributed.all_gather_single` instead.
  return func(*args, **kwargs)
/e/project1/e-dev-2026d09-262/windinet_venv/lib/python3.12/site-packages/torch/distributed/c10d_logger.py:83: FutureWarning: `torch.distributed.all_gather_into_tensor` is deprecated. Please use `torch.distributed.all_gather_single` instead.
  return func(*args, **kwargs)
/e/project1/e-dev-2026d09-262/windinet_venv/lib/python3.12/site-packages/torch/distributed/c10d_logger.py:83: FutureWarning: `torch.distributed.all_gather_into_tensor` is deprecated. Please use `torch.distributed.all_gather_single` instead.
  return func(*args, **kwargs)
/e/project1/e-dev-2026d09-262/windinet_venv/lib/python3.12/site-packages/torch/distributed/c10d_logger.py:83: FutureWarning: `torch.distributed.all_gather_into_tensor` is deprecated. Please use `torch.distributed.all_gather_single` instead.
  return func(*args, **kwargs)
/e/project1/e-dev-2026d09-262/windinet_venv/lib/python3.12/site-packages/torch/distributed/c10d_logger.py:83: FutureWarning: `torch.distributed.all_gather_into_tensor` is deprecated. Please use `torch.distributed.all_gather_single` instead.
  return func(*args, **kwargs)
/e/project1/e-dev-2026d09-262/windinet_venv/lib/python3.12/site-packages/torch/distributed/c10d_logger.py:83: FutureWarning: `torch.distributed.all_gather_into_tensor` is deprecated. Please use `torch.distributed.all_gather_single` instead.
  return func(*args, **kwargs)
/e/project1/e-dev-2026d09-262/windinet_venv/lib/python3.12/site-packages/torch/distributed/c10d_logger.py:83: FutureWarning: `torch.distributed.all_gather_into_tensor` is deprecated. Please use `torch.distributed.all_gather_single` instead.
  return func(*args, **kwargs)
/e/project1/e-dev-2026d09-262/windinet_venv/lib/python3.12/site-packages/torch/distributed/c10d_logger.py:83: FutureWarning: `torch.distributed.all_gather_into_tensor` is deprecated. Please use `torch.distributed.all_gather_single` instead.
  return func(*args, **kwargs)
/e/project1/e-dev-2026d09-262/windinet_venv/lib/python3.12/site-packages/torch/distributed/c10d_logger.py:83: FutureWarning: `torch.distributed.all_gather_into_tensor` is deprecated. Please use `torch.distributed.all_gather_single` instead.
  return func(*args, **kwargs)
/e/project1/e-dev-2026d09-262/windinet_venv/lib/python3.12/site-packages/torch/distributed/c10d_logger.py:83: FutureWarning: `torch.distributed.all_gather_into_tensor` is deprecated. Please use `torch.distributed.all_gather_single` instead.
  return func(*args, **kwargs)
/e/project1/e-dev-2026d09-262/windinet_venv/lib/python3.12/site-packages/torch/distributed/c10d_logger.py:83: FutureWarning: `torch.distributed.all_gather_into_tensor` is deprecated. Please use `torch.distributed.all_gather_single` instead.
  return func(*args, **kwargs)
/e/project1/e-dev-2026d09-262/windinet_venv/lib/python3.12/site-packages/torch/distributed/c10d_logger.py:83: FutureWarning: `torch.distributed.all_gather_into_tensor` is deprecated. Please use `torch.distributed.all_gather_single` instead.
  return func(*args, **kwargs)
/e/project1/e-dev-2026d09-262/windinet_venv/lib/python3.12/site-packages/torch/distributed/c10d_logger.py:83: FutureWarning: `torch.distributed.all_gather_into_tensor` is deprecated. Please use `torch.distributed.all_gather_single` instead.
  return func(*args, **kwargs)
/e/project1/e-dev-2026d09-262/windinet_venv/lib/python3.12/site-packages/torch/distributed/c10d_logger.py:83: FutureWarning: `torch.distributed.all_gather_into_tensor` is deprecated. Please use `torch.distributed.all_gather_single` instead.
  return func(*args, **kwargs)
/e/project1/e-dev-2026d09-262/windinet_venv/lib/python3.12/site-packages/torch/distributed/c10d_logger.py:83: FutureWarning: `torch.distributed.all_gather_into_tensor` is deprecated. Please use `torch.distributed.all_gather_single` instead.
  return func(*args, **kwargs)
/e/project1/e-dev-2026d09-262/windinet_venv/lib/python3.12/site-packages/torch/distributed/c10d_logger.py:83: FutureWarning: `torch.distributed.all_gather_into_tensor` is deprecated. Please use `torch.distributed.all_gather_single` instead.
  return func(*args, **kwargs)
/e/project1/e-dev-2026d09-262/windinet_venv/lib/python3.12/site-packages/torch/distributed/c10d_logger.py:83: FutureWarning: `torch.distributed.all_gather_into_tensor` is deprecated. Please use `torch.distributed.all_gather_single` instead.
  return func(*args, **kwargs)
/e/project1/e-dev-2026d09-262/windinet_venv/lib/python3.12/site-packages/torch/distributed/c10d_logger.py:83: FutureWarning: `torch.distributed.all_gather_into_tensor` is deprecated. Please use `torch.distributed.all_gather_single` instead.
  return func(*args, **kwargs)
/e/project1/e-dev-2026d09-262/windinet_venv/lib/python3.12/site-packages/torch/distributed/c10d_logger.py:83: FutureWarning: `torch.distributed.all_gather_into_tensor` is deprecated. Please use `torch.distributed.all_gather_single` instead.
  return func(*args, **kwargs)
/e/project1/e-dev-2026d09-262/windinet_venv/lib/python3.12/site-packages/torch/distributed/c10d_logger.py:83: FutureWarning: `torch.distributed.all_gather_into_tensor` is deprecated. Please use `torch.distributed.all_gather_single` instead.
  return func(*args, **kwargs)
/e/project1/e-dev-2026d09-262/windinet_venv/lib/python3.12/site-packages/torch/distributed/c10d_logger.py:83: FutureWarning: `torch.distributed.all_gather_into_tensor` is deprecated. Please use `torch.distributed.all_gather_single` instead.
  return func(*args, **kwargs)
/e/project1/e-dev-2026d09-262/windinet_venv/lib/python3.12/site-packages/torch/distributed/c10d_logger.py:83: FutureWarning: `torch.distributed.all_gather_into_tensor` is deprecated. Please use `torch.distributed.all_gather_single` instead.
  return func(*args, **kwargs)
/e/project1/e-dev-2026d09-262/windinet_venv/lib/python3.12/site-packages/torch/distributed/c10d_logger.py:83: FutureWarning: `torch.distributed.all_gather_into_tensor` is deprecated. Please use `torch.distributed.all_gather_single` instead.
  return func(*args, **kwargs)
/e/project1/e-dev-2026d09-262/windinet_venv/lib/python3.12/site-packages/torch/distributed/c10d_logger.py:83: FutureWarning: `torch.distributed.all_gather_into_tensor` is deprecated. Please use `torch.distributed.all_gather_single` instead.
  return func(*args, **kwargs)
/e/project1/e-dev-2026d09-262/windinet_venv/lib/python3.12/site-packages/torch/distributed/c10d_logger.py:83: FutureWarning: `torch.distributed.all_gather_into_tensor` is deprecated. Please use `torch.distributed.all_gather_single` instead.
  return func(*args, **kwargs)
/e/project1/e-dev-2026d09-262/windinet_venv/lib/python3.12/site-packages/torch/distributed/c10d_logger.py:83: FutureWarning: `torch.distributed.all_gather_into_tensor` is deprecated. Please use `torch.distributed.all_gather_single` instead.
  return func(*args, **kwargs)
/e/project1/e-dev-2026d09-262/windinet_venv/lib/python3.12/site-packages/torch/distributed/c10d_logger.py:83: FutureWarning: `torch.distributed.all_gather_into_tensor` is deprecated. Please use `torch.distributed.all_gather_single` instead.
  return func(*args, **kwargs)
/e/project1/e-dev-2026d09-262/windinet_venv/lib/python3.12/site-packages/torch/distributed/c10d_logger.py:83: FutureWarning: `torch.distributed.all_gather_into_tensor` is deprecated. Please use `torch.distributed.all_gather_single` instead.
  return func(*args, **kwargs)
/e/project1/e-dev-2026d09-262/windinet_venv/lib/python3.12/site-packages/torch/distributed/c10d_logger.py:83: FutureWarning: `torch.distributed.all_gather_into_tensor` is deprecated. Please use `torch.distributed.all_gather_single` instead.
  return func(*args, **kwargs)
/e/project1/e-dev-2026d09-262/windinet_venv/lib/python3.12/site-packages/torch/distributed/c10d_logger.py:83: FutureWarning: `torch.distributed.all_gather_into_tensor` is deprecated. Please use `torch.distributed.all_gather_single` instead.
  return func(*args, **kwargs)
/e/project1/e-dev-2026d09-262/windinet_venv/lib/python3.12/site-packages/torch/distributed/c10d_logger.py:83: FutureWarning: `torch.distributed.all_gather_into_tensor` is deprecated. Please use `torch.distributed.all_gather_single` instead.
  return func(*args, **kwargs)
/e/project1/e-dev-2026d09-262/windinet_venv/lib/python3.12/site-packages/torch/distributed/c10d_logger.py:83: FutureWarning: `torch.distributed.all_gather_into_tensor` is deprecated. Please use `torch.distributed.all_gather_single` instead.
  return func(*args, **kwargs)
/e/project1/e-dev-2026d09-262/windinet_venv/lib/python3.12/site-packages/torch/distributed/c10d_logger.py:83: FutureWarning: `torch.distributed.all_gather_into_tensor` is deprecated. Please use `torch.distributed.all_gather_single` instead.
  return func(*args, **kwargs)
/e/project1/e-dev-2026d09-262/windinet_venv/lib/python3.12/site-packages/torch/distributed/c10d_logger.py:83: FutureWarning: `torch.distributed.all_gather_into_tensor` is deprecated. Please use `torch.distributed.all_gather_single` instead.
  return func(*args, **kwargs)
/e/project1/e-dev-2026d09-262/windinet_venv/lib/python3.12/site-packages/torch/distributed/c10d_logger.py:83: FutureWarning: `torch.distributed.all_gather_into_tensor` is deprecated. Please use `torch.distributed.all_gather_single` instead.
  return func(*args, **kwargs)
/e/project1/e-dev-2026d09-262/windinet_venv/lib/python3.12/site-packages/torch/distributed/c10d_logger.py:83: FutureWarning: `torch.distributed.all_gather_into_tensor` is deprecated. Please use `torch.distributed.all_gather_single` instead.
  return func(*args, **kwargs)
/e/project1/e-dev-2026d09-262/windinet_venv/lib/python3.12/site-packages/torch/distributed/c10d_logger.py:83: FutureWarning: `torch.distributed.all_gather_into_tensor` is deprecated. Please use `torch.distributed.all_gather_single` instead.
  return func(*args, **kwargs)
/e/project1/e-dev-2026d09-262/windinet_venv/lib/python3.12/site-packages/torch/distributed/c10d_logger.py:83: FutureWarning: `torch.distributed.all_gather_into_tensor` is deprecated. Please use `torch.distributed.all_gather_single` instead.
  return func(*args, **kwargs)
/e/project1/e-dev-2026d09-262/windinet_venv/lib/python3.12/site-packages/torch/distributed/c10d_logger.py:83: FutureWarning: `torch.distributed.all_gather_into_tensor` is deprecated. Please use `torch.distributed.all_gather_single` instead.
  return func(*args, **kwargs)
/e/project1/e-dev-2026d09-262/windinet_venv/lib/python3.12/site-packages/torch/distributed/c10d_logger.py:83: FutureWarning: `torch.distributed.all_gather_into_tensor` is deprecated. Please use `torch.distributed.all_gather_single` instead.
  return func(*args, **kwargs)
/e/project1/e-dev-2026d09-262/windinet_venv/lib/python3.12/site-packages/torch/distributed/c10d_logger.py:83: FutureWarning: `torch.distributed.all_gather_into_tensor` is deprecated. Please use `torch.distributed.all_gather_single` instead.
  return func(*args, **kwargs)
/e/project1/e-dev-2026d09-262/windinet_venv/lib/python3.12/site-packages/torch/distributed/c10d_logger.py:83: FutureWarning: `torch.distributed.all_gather_into_tensor` is deprecated. Please use `torch.distributed.all_gather_single` instead.
  return func(*args, **kwargs)
/e/project1/e-dev-2026d09-262/windinet_venv/lib/python3.12/site-packages/torch/distributed/c10d_logger.py:83: FutureWarning: `torch.distributed.all_gather_into_tensor` is deprecated. Please use `torch.distributed.all_gather_single` instead.
  return func(*args, **kwargs)
/e/project1/e-dev-2026d09-262/windinet_venv/lib/python3.12/site-packages/torch/distributed/c10d_logger.py:83: FutureWarning: `torch.distributed.all_gather_into_tensor` is deprecated. Please use `torch.distributed.all_gather_single` instead.
  return func(*args, **kwargs)
/e/project1/e-dev-2026d09-262/windinet_venv/lib/python3.12/site-packages/torch/distributed/c10d_logger.py:83: FutureWarning: `torch.distributed.all_gather_into_tensor` is deprecated. Please use `torch.distributed.all_gather_single` instead.
  return func(*args, **kwargs)
/e/project1/e-dev-2026d09-262/windinet_venv/lib/python3.12/site-packages/torch/distributed/c10d_logger.py:83: FutureWarning: `torch.distributed.all_gather_into_tensor` is deprecated. Please use `torch.distributed.all_gather_single` instead.
  return func(*args, **kwargs)
/e/project1/e-dev-2026d09-262/windinet_venv/lib/python3.12/site-packages/torch/distributed/c10d_logger.py:83: FutureWarning: `torch.distributed.all_gather_into_tensor` is deprecated. Please use `torch.distributed.all_gather_single` instead.
  return func(*args, **kwargs)
/e/project1/e-dev-2026d09-262/windinet_venv/lib/python3.12/site-packages/torch/distributed/c10d_logger.py:83: FutureWarning: `torch.distributed.all_gather_into_tensor` is deprecated. Please use `torch.distributed.all_gather_single` instead.
  return func(*args, **kwargs)
/e/project1/e-dev-2026d09-262/windinet_venv/lib/python3.12/site-packages/torch/distributed/c10d_logger.py:83: FutureWarning: `torch.distributed.all_gather_into_tensor` is deprecated. Please use `torch.distributed.all_gather_single` instead.
  return func(*args, **kwargs)
/e/project1/e-dev-2026d09-262/windinet_venv/lib/python3.12/site-packages/torch/distributed/c10d_logger.py:83: FutureWarning: `torch.distributed.all_gather_into_tensor` is deprecated. Please use `torch.distributed.all_gather_single` instead.
  return func(*args, **kwargs)
/e/project1/e-dev-2026d09-262/windinet_venv/lib/python3.12/site-packages/torch/distributed/c10d_logger.py:83: FutureWarning: `torch.distributed.all_gather_into_tensor` is deprecated. Please use `torch.distributed.all_gather_single` instead.
  return func(*args, **kwargs)
/e/project1/e-dev-2026d09-262/windinet_venv/lib/python3.12/site-packages/torch/distributed/c10d_logger.py:83: FutureWarning: `torch.distributed.all_gather_into_tensor` is deprecated. Please use `torch.distributed.all_gather_single` instead.
  return func(*args, **kwargs)
/e/project1/e-dev-2026d09-262/windinet_venv/lib/python3.12/site-packages/torch/distributed/c10d_logger.py:83: FutureWarning: `torch.distributed.all_gather_into_tensor` is deprecated. Please use `torch.distributed.all_gather_single` instead.
  return func(*args, **kwargs)
/e/project1/e-dev-2026d09-262/windinet_venv/lib/python3.12/site-packages/torch/distributed/c10d_logger.py:83: FutureWarning: `torch.distributed.all_gather_into_tensor` is deprecated. Please use `torch.distributed.all_gather_single` instead.
  return func(*args, **kwargs)
/e/project1/e-dev-2026d09-262/windinet_venv/lib/python3.12/site-packages/torch/distributed/c10d_logger.py:83: FutureWarning: `torch.distributed.all_gather_into_tensor` is deprecated. Please use `torch.distributed.all_gather_single` instead.
  return func(*args, **kwargs)
/e/project1/e-dev-2026d09-262/windinet_venv/lib/python3.12/site-packages/torch/distributed/c10d_logger.py:83: FutureWarning: `torch.distributed.all_gather_into_tensor` is deprecated. Please use `torch.distributed.all_gather_single` instead.
  return func(*args, **kwargs)
/e/project1/e-dev-2026d09-262/windinet_venv/lib/python3.12/site-packages/torch/distributed/c10d_logger.py:83: FutureWarning: `torch.distributed.all_gather_into_tensor` is deprecated. Please use `torch.distributed.all_gather_single` instead.
  return func(*args, **kwargs)
/e/project1/e-dev-2026d09-262/windinet_venv/lib/python3.12/site-packages/torch/distributed/c10d_logger.py:83: FutureWarning: `torch.distributed.all_gather_into_tensor` is deprecated. Please use `torch.distributed.all_gather_single` instead.
  return func(*args, **kwargs)
/e/project1/e-dev-2026d09-262/windinet_venv/lib/python3.12/site-packages/torch/distributed/c10d_logger.py:83: FutureWarning: `torch.distributed.all_gather_into_tensor` is deprecated. Please use `torch.distributed.all_gather_single` instead.
  return func(*args, **kwargs)
/e/project1/e-dev-2026d09-262/windinet_venv/lib/python3.12/site-packages/torch/distributed/c10d_logger.py:83: FutureWarning: `torch.distributed.all_gather_into_tensor` is deprecated. Please use `torch.distributed.all_gather_single` instead.
  return func(*args, **kwargs)
/e/project1/e-dev-2026d09-262/windinet_venv/lib/python3.12/site-packages/torch/distributed/c10d_logger.py:83: FutureWarning: `torch.distributed.all_gather_into_tensor` is deprecated. Please use `torch.distributed.all_gather_single` instead.
  return func(*args, **kwargs)
/e/project1/e-dev-2026d09-262/windinet_venv/lib/python3.12/site-packages/torch/distributed/c10d_logger.py:83: FutureWarning: `torch.distributed.all_gather_into_tensor` is deprecated. Please use `torch.distributed.all_gather_single` instead.
  return func(*args, **kwargs)
/e/project1/e-dev-2026d09-262/windinet_venv/lib/python3.12/site-packages/torch/distributed/c10d_logger.py:83: FutureWarning: `torch.distributed.all_gather_into_tensor` is deprecated. Please use `torch.distributed.all_gather_single` instead.
  return func(*args, **kwargs)
/e/project1/e-dev-2026d09-262/windinet_venv/lib/python3.12/site-packages/torch/distributed/c10d_logger.py:83: FutureWarning: `torch.distributed.all_gather_into_tensor` is deprecated. Please use `torch.distributed.all_gather_single` instead.
  return func(*args, **kwargs)
/e/project1/e-dev-2026d09-262/windinet_venv/lib/python3.12/site-packages/torch/distributed/c10d_logger.py:83: FutureWarning: `torch.distributed.all_gather_into_tensor` is deprecated. Please use `torch.distributed.all_gather_single` instead.
  return func(*args, **kwargs)
/e/project1/e-dev-2026d09-262/windinet_venv/lib/python3.12/site-packages/torch/distributed/c10d_logger.py:83: FutureWarning: `torch.distributed.all_gather_into_tensor` is deprecated. Please use `torch.distributed.all_gather_single` instead.
  return func(*args, **kwargs)
/e/project1/e-dev-2026d09-262/windinet_venv/lib/python3.12/site-packages/torch/distributed/c10d_logger.py:83: FutureWarning: `torch.distributed.all_gather_into_tensor` is deprecated. Please use `torch.distributed.all_gather_single` instead.
  return func(*args, **kwargs)
/e/project1/e-dev-2026d09-262/windinet_venv/lib/python3.12/site-packages/torch/distributed/c10d_logger.py:83: FutureWarning: `torch.distributed.all_gather_into_tensor` is deprecated. Please use `torch.distributed.all_gather_single` instead.
  return func(*args, **kwargs)
/e/project1/e-dev-2026d09-262/windinet_venv/lib/python3.12/site-packages/torch/distributed/c10d_logger.py:83: FutureWarning: `torch.distributed.all_gather_into_tensor` is deprecated. Please use `torch.distributed.all_gather_single` instead.
  return func(*args, **kwargs)
/e/project1/e-dev-2026d09-262/windinet_venv/lib/python3.12/site-packages/torch/distributed/c10d_logger.py:83: FutureWarning: `torch.distributed.all_gather_into_tensor` is deprecated. Please use `torch.distributed.all_gather_single` instead.
  return func(*args, **kwargs)
/e/project1/e-dev-2026d09-262/windinet_venv/lib/python3.12/site-packages/torch/distributed/c10d_logger.py:83: FutureWarning: `torch.distributed.all_gather_into_tensor` is deprecated. Please use `torch.distributed.all_gather_single` instead.
  return func(*args, **kwargs)
/e/project1/e-dev-2026d09-262/windinet_venv/lib/python3.12/site-packages/torch/distributed/c10d_logger.py:83: FutureWarning: `torch.distributed.all_gather_into_tensor` is deprecated. Please use `torch.distributed.all_gather_single` instead.
  return func(*args, **kwargs)
/e/project1/e-dev-2026d09-262/windinet_venv/lib/python3.12/site-packages/torch/distributed/c10d_logger.py:83: FutureWarning: `torch.distributed.all_gather_into_tensor` is deprecated. Please use `torch.distributed.all_gather_single` instead.
  return func(*args, **kwargs)
/e/project1/e-dev-2026d09-262/windinet_venv/lib/python3.12/site-packages/torch/distributed/c10d_logger.py:83: FutureWarning: `torch.distributed.all_gather_into_tensor` is deprecated. Please use `torch.distributed.all_gather_single` instead.
  return func(*args, **kwargs)
/e/project1/e-dev-2026d09-262/windinet_venv/lib/python3.12/site-packages/torch/distributed/c10d_logger.py:83: FutureWarning: `torch.distributed.all_gather_into_tensor` is deprecated. Please use `torch.distributed.all_gather_single` instead.
  return func(*args, **kwargs)
/e/project1/e-dev-2026d09-262/windinet_venv/lib/python3.12/site-packages/torch/distributed/c10d_logger.py:83: FutureWarning: `torch.distributed.all_gather_into_tensor` is deprecated. Please use `torch.distributed.all_gather_single` instead.
  return func(*args, **kwargs)
/e/project1/e-dev-2026d09-262/windinet_venv/lib/python3.12/site-packages/torch/distributed/c10d_logger.py:83: FutureWarning: `torch.distributed.all_gather_into_tensor` is deprecated. Please use `torch.distributed.all_gather_single` instead.
  return func(*args, **kwargs)
/e/project1/e-dev-2026d09-262/windinet_venv/lib/python3.12/site-packages/torch/distributed/c10d_logger.py:83: FutureWarning: `torch.distributed.all_gather_into_tensor` is deprecated. Please use `torch.distributed.all_gather_single` instead.
  return func(*args, **kwargs)
/e/project1/e-dev-2026d09-262/windinet_venv/lib/python3.12/site-packages/torch/distributed/c10d_logger.py:83: FutureWarning: `torch.distributed.all_gather_into_tensor` is deprecated. Please use `torch.distributed.all_gather_single` instead.
  return func(*args, **kwargs)
/e/project1/e-dev-2026d09-262/windinet_venv/lib/python3.12/site-packages/torch/distributed/c10d_logger.py:83: FutureWarning: `torch.distributed.all_gather_into_tensor` is deprecated. Please use `torch.distributed.all_gather_single` instead.
  return func(*args, **kwargs)
/e/project1/e-dev-2026d09-262/windinet_venv/lib/python3.12/site-packages/torch/distributed/c10d_logger.py:83: FutureWarning: `torch.distributed.all_gather_into_tensor` is deprecated. Please use `torch.distributed.all_gather_single` instead.
  return func(*args, **kwargs)
/e/project1/e-dev-2026d09-262/windinet_venv/lib/python3.12/site-packages/torch/distributed/c10d_logger.py:83: FutureWarning: `torch.distributed.all_gather_into_tensor` is deprecated. Please use `torch.distributed.all_gather_single` instead.
  return func(*args, **kwargs)
/e/project1/e-dev-2026d09-262/windinet_venv/lib/python3.12/site-packages/torch/distributed/c10d_logger.py:83: FutureWarning: `torch.distributed.all_gather_into_tensor` is deprecated. Please use `torch.distributed.all_gather_single` instead.
  return func(*args, **kwargs)
/e/project1/e-dev-2026d09-262/windinet_venv/lib/python3.12/site-packages/torch/distributed/c10d_logger.py:83: FutureWarning: `torch.distributed.all_gather_into_tensor` is deprecated. Please use `torch.distributed.all_gather_single` instead.
  return func(*args, **kwargs)
/e/project1/e-dev-2026d09-262/windinet_venv/lib/python3.12/site-packages/torch/distributed/c10d_logger.py:83: FutureWarning: `torch.distributed.all_gather_into_tensor` is deprecated. Please use `torch.distributed.all_gather_single` instead.
  return func(*args, **kwargs)
/e/project1/e-dev-2026d09-262/windinet_venv/lib/python3.12/site-packages/torch/distributed/c10d_logger.py:83: FutureWarning: `torch.distributed.all_gather_into_tensor` is deprecated. Please use `torch.distributed.all_gather_single` instead.
  return func(*args, **kwargs)
/e/project1/e-dev-2026d09-262/windinet_venv/lib/python3.12/site-packages/torch/distributed/c10d_logger.py:83: FutureWarning: `torch.distributed.all_gather_into_tensor` is deprecated. Please use `torch.distributed.all_gather_single` instead.
  return func(*args, **kwargs)
/e/project1/e-dev-2026d09-262/windinet_venv/lib/python3.12/site-packages/torch/distributed/c10d_logger.py:83: FutureWarning: `torch.distributed.all_gather_into_tensor` is deprecated. Please use `torch.distributed.all_gather_single` instead.
  return func(*args, **kwargs)
/e/project1/e-dev-2026d09-262/windinet_venv/lib/python3.12/site-packages/torch/distributed/c10d_logger.py:83: FutureWarning: `torch.distributed.all_gather_into_tensor` is deprecated. Please use `torch.distributed.all_gather_single` instead.
  return func(*args, **kwargs)
/e/project1/e-dev-2026d09-262/windinet_venv/lib/python3.12/site-packages/torch/distributed/c10d_logger.py:83: FutureWarning: `torch.distributed.all_gather_into_tensor` is deprecated. Please use `torch.distributed.all_gather_single` instead.
  return func(*args, **kwargs)
/e/project1/e-dev-2026d09-262/windinet_venv/lib/python3.12/site-packages/torch/distributed/c10d_logger.py:83: FutureWarning: `torch.distributed.all_gather_into_tensor` is deprecated. Please use `torch.distributed.all_gather_single` instead.
  return func(*args, **kwargs)
/e/project1/e-dev-2026d09-262/windinet_venv/lib/python3.12/site-packages/torch/distributed/c10d_logger.py:83: FutureWarning: `torch.distributed.all_gather_into_tensor` is deprecated. Please use `torch.distributed.all_gather_single` instead.
  return func(*args, **kwargs)
/e/project1/e-dev-2026d09-262/windinet_venv/lib/python3.12/site-packages/torch/distributed/c10d_logger.py:83: FutureWarning: `torch.distributed.all_gather_into_tensor` is deprecated. Please use `torch.distributed.all_gather_single` instead.
  return func(*args, **kwargs)
/e/project1/e-dev-2026d09-262/windinet_venv/lib/python3.12/site-packages/torch/distributed/c10d_logger.py:83: FutureWarning: `torch.distributed.all_gather_into_tensor` is deprecated. Please use `torch.distributed.all_gather_single` instead.
  return func(*args, **kwargs)
/e/project1/e-dev-2026d09-262/windinet_venv/lib/python3.12/site-packages/torch/distributed/c10d_logger.py:83: FutureWarning: `torch.distributed.all_gather_into_tensor` is deprecated. Please use `torch.distributed.all_gather_single` instead.
  return func(*args, **kwargs)
/e/project1/e-dev-2026d09-262/windinet_venv/lib/python3.12/site-packages/torch/distributed/c10d_logger.py:83: FutureWarning: `torch.distributed.all_gather_into_tensor` is deprecated. Please use `torch.distributed.all_gather_single` instead.
  return func(*args, **kwargs)
/e/project1/e-dev-2026d09-262/windinet_venv/lib/python3.12/site-packages/torch/distributed/c10d_logger.py:83: FutureWarning: `torch.distributed.all_gather_into_tensor` is deprecated. Please use `torch.distributed.all_gather_single` instead.
  return func(*args, **kwargs)
/e/project1/e-dev-2026d09-262/windinet_venv/lib/python3.12/site-packages/torch/distributed/c10d_logger.py:83: FutureWarning: `torch.distributed.all_gather_into_tensor` is deprecated. Please use `torch.distributed.all_gather_single` instead.
  return func(*args, **kwargs)
/e/project1/e-dev-2026d09-262/windinet_venv/lib/python3.12/site-packages/torch/distributed/c10d_logger.py:83: FutureWarning: `torch.distributed.all_gather_into_tensor` is deprecated. Please use `torch.distributed.all_gather_single` instead.
  return func(*args, **kwargs)
/e/project1/e-dev-2026d09-262/windinet_venv/lib/python3.12/site-packages/torch/distributed/c10d_logger.py:83: FutureWarning: `torch.distributed.all_gather_into_tensor` is deprecated. Please use `torch.distributed.all_gather_single` instead.
  return func(*args, **kwargs)
/e/project1/e-dev-2026d09-262/windinet_venv/lib/python3.12/site-packages/torch/distributed/c10d_logger.py:83: FutureWarning: `torch.distributed.all_gather_into_tensor` is deprecated. Please use `torch.distributed.all_gather_single` instead.
  return func(*args, **kwargs)
/e/project1/e-dev-2026d09-262/windinet_venv/lib/python3.12/site-packages/torch/distributed/c10d_logger.py:83: FutureWarning: `torch.distributed.all_gather_into_tensor` is deprecated. Please use `torch.distributed.all_gather_single` instead.
  return func(*args, **kwargs)
/e/project1/e-dev-2026d09-262/windinet_venv/lib/python3.12/site-packages/torch/distributed/c10d_logger.py:83: FutureWarning: `torch.distributed.all_gather_into_tensor` is deprecated. Please use `torch.distributed.all_gather_single` instead.
  return func(*args, **kwargs)
/e/project1/e-dev-2026d09-262/windinet_venv/lib/python3.12/site-packages/torch/distributed/c10d_logger.py:83: FutureWarning: `torch.distributed.all_gather_into_tensor` is deprecated. Please use `torch.distributed.all_gather_single` instead.
  return func(*args, **kwargs)
/e/project1/e-dev-2026d09-262/windinet_venv/lib/python3.12/site-packages/torch/distributed/c10d_logger.py:83: FutureWarning: `torch.distributed.all_gather_into_tensor` is deprecated. Please use `torch.distributed.all_gather_single` instead.
  return func(*args, **kwargs)
/e/project1/e-dev-2026d09-262/windinet_venv/lib/python3.12/site-packages/torch/distributed/c10d_logger.py:83: FutureWarning: `torch.distributed.all_gather_into_tensor` is deprecated. Please use `torch.distributed.all_gather_single` instead.
  return func(*args, **kwargs)
/e/project1/e-dev-2026d09-262/windinet_venv/lib/python3.12/site-packages/torch/distributed/c10d_logger.py:83: FutureWarning: `torch.distributed.all_gather_into_tensor` is deprecated. Please use `torch.distributed.all_gather_single` instead.
  return func(*args, **kwargs)
/e/project1/e-dev-2026d09-262/windinet_venv/lib/python3.12/site-packages/torch/distributed/c10d_logger.py:83: FutureWarning: `torch.distributed.all_gather_into_tensor` is deprecated. Please use `torch.distributed.all_gather_single` instead.
  return func(*args, **kwargs)
/e/project1/e-dev-2026d09-262/windinet_venv/lib/python3.12/site-packages/torch/distributed/c10d_logger.py:83: FutureWarning: `torch.distributed.all_gather_into_tensor` is deprecated. Please use `torch.distributed.all_gather_single` instead.
  return func(*args, **kwargs)
/e/project1/e-dev-2026d09-262/windinet_venv/lib/python3.12/site-packages/torch/distributed/c10d_logger.py:83: FutureWarning: `torch.distributed.all_gather_into_tensor` is deprecated. Please use `torch.distributed.all_gather_single` instead.
  return func(*args, **kwargs)
/e/project1/e-dev-2026d09-262/windinet_venv/lib/python3.12/site-packages/torch/distributed/c10d_logger.py:83: FutureWarning: `torch.distributed.all_gather_into_tensor` is deprecated. Please use `torch.distributed.all_gather_single` instead.
  return func(*args, **kwargs)
/e/project1/e-dev-2026d09-262/windinet_venv/lib/python3.12/site-packages/torch/distributed/c10d_logger.py:83: FutureWarning: `torch.distributed.all_gather_into_tensor` is deprecated. Please use `torch.distributed.all_gather_single` instead.
  return func(*args, **kwargs)
/e/project1/e-dev-2026d09-262/windinet_venv/lib/python3.12/site-packages/torch/distributed/c10d_logger.py:83: FutureWarning: `torch.distributed.all_gather_into_tensor` is deprecated. Please use `torch.distributed.all_gather_single` instead.
  return func(*args, **kwargs)
/e/project1/e-dev-2026d09-262/windinet_venv/lib/python3.12/site-packages/torch/distributed/c10d_logger.py:83: FutureWarning: `torch.distributed.all_gather_into_tensor` is deprecated. Please use `torch.distributed.all_gather_single` instead.
  return func(*args, **kwargs)
/e/project1/e-dev-2026d09-262/windinet_venv/lib/python3.12/site-packages/torch/distributed/c10d_logger.py:83: FutureWarning: `torch.distributed.all_gather_into_tensor` is deprecated. Please use `torch.distributed.all_gather_single` instead.
  return func(*args, **kwargs)
/e/project1/e-dev-2026d09-262/windinet_venv/lib/python3.12/site-packages/torch/distributed/c10d_logger.py:83: FutureWarning: `torch.distributed.all_gather_into_tensor` is deprecated. Please use `torch.distributed.all_gather_single` instead.
  return func(*args, **kwargs)
/e/project1/e-dev-2026d09-262/windinet_venv/lib/python3.12/site-packages/torch/distributed/c10d_logger.py:83: FutureWarning: `torch.distributed.all_gather_into_tensor` is deprecated. Please use `torch.distributed.all_gather_single` instead.
  return func(*args, **kwargs)
/e/project1/e-dev-2026d09-262/windinet_venv/lib/python3.12/site-packages/torch/distributed/c10d_logger.py:83: FutureWarning: `torch.distributed.all_gather_into_tensor` is deprecated. Please use `torch.distributed.all_gather_single` instead.
  return func(*args, **kwargs)
/e/project1/e-dev-2026d09-262/windinet_venv/lib/python3.12/site-packages/torch/distributed/c10d_logger.py:83: FutureWarning: `torch.distributed.all_gather_into_tensor` is deprecated. Please use `torch.distributed.all_gather_single` instead.
  return func(*args, **kwargs)
/e/project1/e-dev-2026d09-262/windinet_venv/lib/python3.12/site-packages/torch/distributed/c10d_logger.py:83: FutureWarning: `torch.distributed.all_gather_into_tensor` is deprecated. Please use `torch.distributed.all_gather_single` instead.
  return func(*args, **kwargs)
/e/project1/e-dev-2026d09-262/windinet_venv/lib/python3.12/site-packages/torch/distributed/c10d_logger.py:83: FutureWarning: `torch.distributed.all_gather_into_tensor` is deprecated. Please use `torch.distributed.all_gather_single` instead.
  return func(*args, **kwargs)
/e/project1/e-dev-2026d09-262/windinet_venv/lib/python3.12/site-packages/torch/distributed/c10d_logger.py:83: FutureWarning: `torch.distributed.all_gather_into_tensor` is deprecated. Please use `torch.distributed.all_gather_single` instead.
  return func(*args, **kwargs)
/e/project1/e-dev-2026d09-262/windinet_venv/lib/python3.12/site-packages/torch/distributed/c10d_logger.py:83: FutureWarning: `torch.distributed.all_gather_into_tensor` is deprecated. Please use `torch.distributed.all_gather_single` instead.
  return func(*args, **kwargs)
/e/project1/e-dev-2026d09-262/windinet_venv/lib/python3.12/site-packages/torch/distributed/c10d_logger.py:83: FutureWarning: `torch.distributed.all_gather_into_tensor` is deprecated. Please use `torch.distributed.all_gather_single` instead.
  return func(*args, **kwargs)
/e/project1/e-dev-2026d09-262/windinet_venv/lib/python3.12/site-packages/torch/distributed/c10d_logger.py:83: FutureWarning: `torch.distributed.all_gather_into_tensor` is deprecated. Please use `torch.distributed.all_gather_single` instead.
  return func(*args, **kwargs)
/e/project1/e-dev-2026d09-262/windinet_venv/lib/python3.12/site-packages/torch/distributed/c10d_logger.py:83: FutureWarning: `torch.distributed.all_gather_into_tensor` is deprecated. Please use `torch.distributed.all_gather_single` instead.
  return func(*args, **kwargs)
/e/project1/e-dev-2026d09-262/windinet_venv/lib/python3.12/site-packages/torch/distributed/c10d_logger.py:83: FutureWarning: `torch.distributed.all_gather_into_tensor` is deprecated. Please use `torch.distributed.all_gather_single` instead.
  return func(*args, **kwargs)
/e/project1/e-dev-2026d09-262/windinet_venv/lib/python3.12/site-packages/torch/distributed/c10d_logger.py:83: FutureWarning: `torch.distributed.all_gather_into_tensor` is deprecated. Please use `torch.distributed.all_gather_single` instead.
  return func(*args, **kwargs)
/e/project1/e-dev-2026d09-262/windinet_venv/lib/python3.12/site-packages/torch/distributed/c10d_logger.py:83: FutureWarning: `torch.distributed.all_gather_into_tensor` is deprecated. Please use `torch.distributed.all_gather_single` instead.
  return func(*args, **kwargs)
/e/project1/e-dev-2026d09-262/windinet_venv/lib/python3.12/site-packages/torch/distributed/c10d_logger.py:83: FutureWarning: `torch.distributed.all_gather_into_tensor` is deprecated. Please use `torch.distributed.all_gather_single` instead.
  return func(*args, **kwargs)
/e/project1/e-dev-2026d09-262/windinet_venv/lib/python3.12/site-packages/torch/distributed/c10d_logger.py:83: FutureWarning: `torch.distributed.all_gather_into_tensor` is deprecated. Please use `torch.distributed.all_gather_single` instead.
  return func(*args, **kwargs)
/e/project1/e-dev-2026d09-262/windinet_venv/lib/python3.12/site-packages/torch/distributed/c10d_logger.py:83: FutureWarning: `torch.distributed.all_gather_into_tensor` is deprecated. Please use `torch.distributed.all_gather_single` instead.
  return func(*args, **kwargs)
/e/project1/e-dev-2026d09-262/windinet_venv/lib/python3.12/site-packages/torch/distributed/c10d_logger.py:83: FutureWarning: `torch.distributed.all_gather_into_tensor` is deprecated. Please use `torch.distributed.all_gather_single` instead.
  return func(*args, **kwargs)
/e/project1/e-dev-2026d09-262/windinet_venv/lib/python3.12/site-packages/torch/distributed/c10d_logger.py:83: FutureWarning: `torch.distributed.all_gather_into_tensor` is deprecated. Please use `torch.distributed.all_gather_single` instead.
  return func(*args, **kwargs)
/e/project1/e-dev-2026d09-262/windinet_venv/lib/python3.12/site-packages/torch/distributed/c10d_logger.py:83: FutureWarning: `torch.distributed.all_gather_into_tensor` is deprecated. Please use `torch.distributed.all_gather_single` instead.
  return func(*args, **kwargs)
/e/project1/e-dev-2026d09-262/windinet_venv/lib/python3.12/site-packages/torch/distributed/c10d_logger.py:83: FutureWarning: `torch.distributed.all_gather_into_tensor` is deprecated. Please use `torch.distributed.all_gather_single` instead.
  return func(*args, **kwargs)
/e/project1/e-dev-2026d09-262/windinet_venv/lib/python3.12/site-packages/torch/distributed/c10d_logger.py:83: FutureWarning: `torch.distributed.all_gather_into_tensor` is deprecated. Please use `torch.distributed.all_gather_single` instead.
  return func(*args, **kwargs)
/e/project1/e-dev-2026d09-262/windinet_venv/lib/python3.12/site-packages/torch/distributed/c10d_logger.py:83: FutureWarning: `torch.distributed.all_gather_into_tensor` is deprecated. Please use `torch.distributed.all_gather_single` instead.
  return func(*args, **kwargs)
/e/project1/e-dev-2026d09-262/windinet_venv/lib/python3.12/site-packages/torch/distributed/c10d_logger.py:83: FutureWarning: `torch.distributed.all_gather_into_tensor` is deprecated. Please use `torch.distributed.all_gather_single` instead.
  return func(*args, **kwargs)
/e/project1/e-dev-2026d09-262/windinet_venv/lib/python3.12/site-packages/torch/distributed/c10d_logger.py:83: FutureWarning: `torch.distributed.all_gather_into_tensor` is deprecated. Please use `torch.distributed.all_gather_single` instead.
  return func(*args, **kwargs)
/e/project1/e-dev-2026d09-262/windinet_venv/lib/python3.12/site-packages/torch/distributed/c10d_logger.py:83: FutureWarning: `torch.distributed.all_gather_into_tensor` is deprecated. Please use `torch.distributed.all_gather_single` instead.
  return func(*args, **kwargs)
/e/project1/e-dev-2026d09-262/windinet_venv/lib/python3.12/site-packages/torch/distributed/c10d_logger.py:83: FutureWarning: `torch.distributed.all_gather_into_tensor` is deprecated. Please use `torch.distributed.all_gather_single` instead.
  return func(*args, **kwargs)
/e/project1/e-dev-2026d09-262/windinet_venv/lib/python3.12/site-packages/torch/distributed/c10d_logger.py:83: FutureWarning: `torch.distributed.all_gather_into_tensor` is deprecated. Please use `torch.distributed.all_gather_single` instead.
  return func(*args, **kwargs)
/e/project1/e-dev-2026d09-262/windinet_venv/lib/python3.12/site-packages/torch/distributed/c10d_logger.py:83: FutureWarning: `torch.distributed.all_gather_into_tensor` is deprecated. Please use `torch.distributed.all_gather_single` instead.
  return func(*args, **kwargs)
/e/project1/e-dev-2026d09-262/windinet_venv/lib/python3.12/site-packages/torch/distributed/c10d_logger.py:83: FutureWarning: `torch.distributed.all_gather_into_tensor` is deprecated. Please use `torch.distributed.all_gather_single` instead.
  return func(*args, **kwargs)
/e/project1/e-dev-2026d09-262/windinet_venv/lib/python3.12/site-packages/torch/distributed/c10d_logger.py:83: FutureWarning: `torch.distributed.all_gather_into_tensor` is deprecated. Please use `torch.distributed.all_gather_single` instead.
  return func(*args, **kwargs)
/e/project1/e-dev-2026d09-262/windinet_venv/lib/python3.12/site-packages/torch/distributed/c10d_logger.py:83: FutureWarning: `torch.distributed.all_gather_into_tensor` is deprecated. Please use `torch.distributed.all_gather_single` instead.
  return func(*args, **kwargs)
/e/project1/e-dev-2026d09-262/windinet_venv/lib/python3.12/site-packages/torch/distributed/c10d_logger.py:83: FutureWarning: `torch.distributed.all_gather_into_tensor` is deprecated. Please use `torch.distributed.all_gather_single` instead.
  return func(*args, **kwargs)
/e/project1/e-dev-2026d09-262/windinet_venv/lib/python3.12/site-packages/torch/distributed/c10d_logger.py:83: FutureWarning: `torch.distributed.all_gather_into_tensor` is deprecated. Please use `torch.distributed.all_gather_single` instead.
  return func(*args, **kwargs)
/e/project1/e-dev-2026d09-262/windinet_venv/lib/python3.12/site-packages/torch/distributed/c10d_logger.py:83: FutureWarning: `torch.distributed.all_gather_into_tensor` is deprecated. Please use `torch.distributed.all_gather_single` instead.
  return func(*args, **kwargs)
/e/project1/e-dev-2026d09-262/windinet_venv/lib/python3.12/site-packages/torch/distributed/c10d_logger.py:83: FutureWarning: `torch.distributed.all_gather_into_tensor` is deprecated. Please use `torch.distributed.all_gather_single` instead.
  return func(*args, **kwargs)
/e/project1/e-dev-2026d09-262/windinet_venv/lib/python3.12/site-packages/torch/distributed/c10d_logger.py:83: FutureWarning: `torch.distributed.all_gather_into_tensor` is deprecated. Please use `torch.distributed.all_gather_single` instead.
  return func(*args, **kwargs)
/e/project1/e-dev-2026d09-262/windinet_venv/lib/python3.12/site-packages/torch/distributed/c10d_logger.py:83: FutureWarning: `torch.distributed.all_gather_into_tensor` is deprecated. Please use `torch.distributed.all_gather_single` instead.
  return func(*args, **kwargs)
/e/project1/e-dev-2026d09-262/windinet_venv/lib/python3.12/site-packages/torch/distributed/c10d_logger.py:83: FutureWarning: `torch.distributed.all_gather_into_tensor` is deprecated. Please use `torch.distributed.all_gather_single` instead.
  return func(*args, **kwargs)
/e/project1/e-dev-2026d09-262/windinet_venv/lib/python3.12/site-packages/torch/distributed/c10d_logger.py:83: FutureWarning: `torch.distributed.all_gather_into_tensor` is deprecated. Please use `torch.distributed.all_gather_single` instead.
  return func(*args, **kwargs)
/e/project1/e-dev-2026d09-262/windinet_venv/lib/python3.12/site-packages/torch/distributed/c10d_logger.py:83: FutureWarning: `torch.distributed.all_gather_into_tensor` is deprecated. Please use `torch.distributed.all_gather_single` instead.
  return func(*args, **kwargs)
/e/project1/e-dev-2026d09-262/windinet_venv/lib/python3.12/site-packages/torch/distributed/c10d_logger.py:83: FutureWarning: `torch.distributed.all_gather_into_tensor` is deprecated. Please use `torch.distributed.all_gather_single` instead.
  return func(*args, **kwargs)
/e/project1/e-dev-2026d09-262/windinet_venv/lib/python3.12/site-packages/torch/distributed/c10d_logger.py:83: FutureWarning: `torch.distributed.all_gather_into_tensor` is deprecated. Please use `torch.distributed.all_gather_single` instead.
  return func(*args, **kwargs)
/e/project1/e-dev-2026d09-262/windinet_venv/lib/python3.12/site-packages/torch/distributed/c10d_logger.py:83: FutureWarning: `torch.distributed.all_gather_into_tensor` is deprecated. Please use `torch.distributed.all_gather_single` instead.
  return func(*args, **kwargs)
/e/project1/e-dev-2026d09-262/windinet_venv/lib/python3.12/site-packages/torch/distributed/c10d_logger.py:83: FutureWarning: `torch.distributed.all_gather_into_tensor` is deprecated. Please use `torch.distributed.all_gather_single` instead.
  return func(*args, **kwargs)
/e/project1/e-dev-2026d09-262/windinet_venv/lib/python3.12/site-packages/torch/distributed/c10d_logger.py:83: FutureWarning: `torch.distributed.all_gather_into_tensor` is deprecated. Please use `torch.distributed.all_gather_single` instead.
  return func(*args, **kwargs)
/e/project1/e-dev-2026d09-262/windinet_venv/lib/python3.12/site-packages/torch/distributed/c10d_logger.py:83: FutureWarning: `torch.distributed.all_gather_into_tensor` is deprecated. Please use `torch.distributed.all_gather_single` instead.
  return func(*args, **kwargs)
/e/project1/e-dev-2026d09-262/windinet_venv/lib/python3.12/site-packages/torch/distributed/c10d_logger.py:83: FutureWarning: `torch.distributed.all_gather_into_tensor` is deprecated. Please use `torch.distributed.all_gather_single` instead.
  return func(*args, **kwargs)
/e/project1/e-dev-2026d09-262/windinet_venv/lib/python3.12/site-packages/torch/distributed/c10d_logger.py:83: FutureWarning: `torch.distributed.all_gather_into_tensor` is deprecated. Please use `torch.distributed.all_gather_single` instead.
  return func(*args, **kwargs)
/e/project1/e-dev-2026d09-262/windinet_venv/lib/python3.12/site-packages/torch/distributed/c10d_logger.py:83: FutureWarning: `torch.distributed.all_gather_into_tensor` is deprecated. Please use `torch.distributed.all_gather_single` instead.
  return func(*args, **kwargs)
/e/project1/e-dev-2026d09-262/windinet_venv/lib/python3.12/site-packages/torch/distributed/c10d_logger.py:83: FutureWarning: `torch.distributed.all_gather_into_tensor` is deprecated. Please use `torch.distributed.all_gather_single` instead.
  return func(*args, **kwargs)
/e/project1/e-dev-2026d09-262/windinet_venv/lib/python3.12/site-packages/torch/distributed/c10d_logger.py:83: FutureWarning: `torch.distributed.all_gather_into_tensor` is deprecated. Please use `torch.distributed.all_gather_single` instead.
  return func(*args, **kwargs)
/e/project1/e-dev-2026d09-262/windinet_venv/lib/python3.12/site-packages/torch/distributed/c10d_logger.py:83: FutureWarning: `torch.distributed.all_gather_into_tensor` is deprecated. Please use `torch.distributed.all_gather_single` instead.
  return func(*args, **kwargs)
/e/project1/e-dev-2026d09-262/windinet_venv/lib/python3.12/site-packages/torch/distributed/c10d_logger.py:83: FutureWarning: `torch.distributed.all_gather_into_tensor` is deprecated. Please use `torch.distributed.all_gather_single` instead.
  return func(*args, **kwargs)
/e/project1/e-dev-2026d09-262/windinet_venv/lib/python3.12/site-packages/torch/distributed/c10d_logger.py:83: FutureWarning: `torch.distributed.all_gather_into_tensor` is deprecated. Please use `torch.distributed.all_gather_single` instead.
  return func(*args, **kwargs)
/e/project1/e-dev-2026d09-262/windinet_venv/lib/python3.12/site-packages/torch/distributed/c10d_logger.py:83: FutureWarning: `torch.distributed.all_gather_into_tensor` is deprecated. Please use `torch.distributed.all_gather_single` instead.
  return func(*args, **kwargs)
/e/project1/e-dev-2026d09-262/windinet_venv/lib/python3.12/site-packages/torch/distributed/c10d_logger.py:83: FutureWarning: `torch.distributed.all_gather_into_tensor` is deprecated. Please use `torch.distributed.all_gather_single` instead.
  return func(*args, **kwargs)
/e/project1/e-dev-2026d09-262/windinet_venv/lib/python3.12/site-packages/torch/distributed/c10d_logger.py:83: FutureWarning: `torch.distributed.all_gather_into_tensor` is deprecated. Please use `torch.distributed.all_gather_single` instead.
  return func(*args, **kwargs)
/e/project1/e-dev-2026d09-262/windinet_venv/lib/python3.12/site-packages/torch/distributed/c10d_logger.py:83: FutureWarning: `torch.distributed.all_gather_into_tensor` is deprecated. Please use `torch.distributed.all_gather_single` instead.
  return func(*args, **kwargs)
/e/project1/e-dev-2026d09-262/windinet_venv/lib/python3.12/site-packages/torch/distributed/c10d_logger.py:83: FutureWarning: `torch.distributed.all_gather_into_tensor` is deprecated. Please use `torch.distributed.all_gather_single` instead.
  return func(*args, **kwargs)
/e/project1/e-dev-2026d09-262/windinet_venv/lib/python3.12/site-packages/torch/distributed/c10d_logger.py:83: FutureWarning: `torch.distributed.all_gather_into_tensor` is deprecated. Please use `torch.distributed.all_gather_single` instead.
  return func(*args, **kwargs)
/e/project1/e-dev-2026d09-262/windinet_venv/lib/python3.12/site-packages/torch/distributed/c10d_logger.py:83: FutureWarning: `torch.distributed.all_gather_into_tensor` is deprecated. Please use `torch.distributed.all_gather_single` instead.
  return func(*args, **kwargs)
/e/project1/e-dev-2026d09-262/windinet_venv/lib/python3.12/site-packages/torch/distributed/c10d_logger.py:83: FutureWarning: `torch.distributed.all_gather_into_tensor` is deprecated. Please use `torch.distributed.all_gather_single` instead.
  return func(*args, **kwargs)
/e/project1/e-dev-2026d09-262/windinet_venv/lib/python3.12/site-packages/torch/distributed/c10d_logger.py:83: FutureWarning: `torch.distributed.all_gather_into_tensor` is deprecated. Please use `torch.distributed.all_gather_single` instead.
  return func(*args, **kwargs)
/e/project1/e-dev-2026d09-262/windinet_venv/lib/python3.12/site-packages/torch/distributed/c10d_logger.py:83: FutureWarning: `torch.distributed.all_gather_into_tensor` is deprecated. Please use `torch.distributed.all_gather_single` instead.
  return func(*args, **kwargs)
/e/project1/e-dev-2026d09-262/windinet_venv/lib/python3.12/site-packages/torch/distributed/c10d_logger.py:83: FutureWarning: `torch.distributed.all_gather_into_tensor` is deprecated. Please use `torch.distributed.all_gather_single` instead.
  return func(*args, **kwargs)
/e/project1/e-dev-2026d09-262/windinet_venv/lib/python3.12/site-packages/torch/distributed/c10d_logger.py:83: FutureWarning: `torch.distributed.all_gather_into_tensor` is deprecated. Please use `torch.distributed.all_gather_single` instead.
  return func(*args, **kwargs)
/e/project1/e-dev-2026d09-262/windinet_venv/lib/python3.12/site-packages/torch/distributed/c10d_logger.py:83: FutureWarning: `torch.distributed.all_gather_into_tensor` is deprecated. Please use `torch.distributed.all_gather_single` instead.
  return func(*args, **kwargs)
/e/project1/e-dev-2026d09-262/windinet_venv/lib/python3.12/site-packages/torch/distributed/c10d_logger.py:83: FutureWarning: `torch.distributed.all_gather_into_tensor` is deprecated. Please use `torch.distributed.all_gather_single` instead.
  return func(*args, **kwargs)
/e/project1/e-dev-2026d09-262/windinet_venv/lib/python3.12/site-packages/torch/distributed/c10d_logger.py:83: FutureWarning: `torch.distributed.all_gather_into_tensor` is deprecated. Please use `torch.distributed.all_gather_single` instead.
  return func(*args, **kwargs)
/e/project1/e-dev-2026d09-262/windinet_venv/lib/python3.12/site-packages/torch/distributed/c10d_logger.py:83: FutureWarning: `torch.distributed.all_gather_into_tensor` is deprecated. Please use `torch.distributed.all_gather_single` instead.
  return func(*args, **kwargs)
/e/project1/e-dev-2026d09-262/windinet_venv/lib/python3.12/site-packages/torch/distributed/c10d_logger.py:83: FutureWarning: `torch.distributed.all_gather_into_tensor` is deprecated. Please use `torch.distributed.all_gather_single` instead.
  return func(*args, **kwargs)
/e/project1/e-dev-2026d09-262/windinet_venv/lib/python3.12/site-packages/torch/distributed/c10d_logger.py:83: FutureWarning: `torch.distributed.all_gather_into_tensor` is deprecated. Please use `torch.distributed.all_gather_single` instead.
  return func(*args, **kwargs)
/e/project1/e-dev-2026d09-262/windinet_venv/lib/python3.12/site-packages/torch/distributed/c10d_logger.py:83: FutureWarning: `torch.distributed.all_gather_into_tensor` is deprecated. Please use `torch.distributed.all_gather_single` instead.
  return func(*args, **kwargs)
/e/project1/e-dev-2026d09-262/windinet_venv/lib/python3.12/site-packages/torch/distributed/c10d_logger.py:83: FutureWarning: `torch.distributed.all_gather_into_tensor` is deprecated. Please use `torch.distributed.all_gather_single` instead.
  return func(*args, **kwargs)
/e/project1/e-dev-2026d09-262/windinet_venv/lib/python3.12/site-packages/torch/distributed/c10d_logger.py:83: FutureWarning: `torch.distributed.all_gather_into_tensor` is deprecated. Please use `torch.distributed.all_gather_single` instead.
  return func(*args, **kwargs)
/e/project1/e-dev-2026d09-262/windinet_venv/lib/python3.12/site-packages/torch/distributed/c10d_logger.py:83: FutureWarning: `torch.distributed.all_gather_into_tensor` is deprecated. Please use `torch.distributed.all_gather_single` instead.
  return func(*args, **kwargs)
/e/project1/e-dev-2026d09-262/windinet_venv/lib/python3.12/site-packages/torch/distributed/c10d_logger.py:83: FutureWarning: `torch.distributed.all_gather_into_tensor` is deprecated. Please use `torch.distributed.all_gather_single` instead.
  return func(*args, **kwargs)
/e/project1/e-dev-2026d09-262/windinet_venv/lib/python3.12/site-packages/torch/distributed/c10d_logger.py:83: FutureWarning: `torch.distributed.all_gather_into_tensor` is deprecated. Please use `torch.distributed.all_gather_single` instead.
  return func(*args, **kwargs)
/e/project1/e-dev-2026d09-262/windinet_venv/lib/python3.12/site-packages/torch/distributed/c10d_logger.py:83: FutureWarning: `torch.distributed.all_gather_into_tensor` is deprecated. Please use `torch.distributed.all_gather_single` instead.
  return func(*args, **kwargs)
/e/project1/e-dev-2026d09-262/windinet_venv/lib/python3.12/site-packages/torch/distributed/c10d_logger.py:83: FutureWarning: `torch.distributed.all_gather_into_tensor` is deprecated. Please use `torch.distributed.all_gather_single` instead.
  return func(*args, **kwargs)
/e/project1/e-dev-2026d09-262/windinet_venv/lib/python3.12/site-packages/torch/distributed/c10d_logger.py:83: FutureWarning: `torch.distributed.all_gather_into_tensor` is deprecated. Please use `torch.distributed.all_gather_single` instead.
  return func(*args, **kwargs)
/e/project1/e-dev-2026d09-262/windinet_venv/lib/python3.12/site-packages/torch/distributed/c10d_logger.py:83: FutureWarning: `torch.distributed.all_gather_into_tensor` is deprecated. Please use `torch.distributed.all_gather_single` instead.
  return func(*args, **kwargs)
/e/project1/e-dev-2026d09-262/windinet_venv/lib/python3.12/site-packages/torch/distributed/c10d_logger.py:83: FutureWarning: `torch.distributed.all_gather_into_tensor` is deprecated. Please use `torch.distributed.all_gather_single` instead.
  return func(*args, **kwargs)
/e/project1/e-dev-2026d09-262/windinet_venv/lib/python3.12/site-packages/torch/distributed/c10d_logger.py:83: FutureWarning: `torch.distributed.all_gather_into_tensor` is deprecated. Please use `torch.distributed.all_gather_single` instead.
  return func(*args, **kwargs)
/e/project1/e-dev-2026d09-262/windinet_venv/lib/python3.12/site-packages/torch/distributed/c10d_logger.py:83: FutureWarning: `torch.distributed.all_gather_into_tensor` is deprecated. Please use `torch.distributed.all_gather_single` instead.
  return func(*args, **kwargs)
/e/project1/e-dev-2026d09-262/windinet_venv/lib/python3.12/site-packages/torch/distributed/c10d_logger.py:83: FutureWarning: `torch.distributed.all_gather_into_tensor` is deprecated. Please use `torch.distributed.all_gather_single` instead.
  return func(*args, **kwargs)
/e/project1/e-dev-2026d09-262/windinet_venv/lib/python3.12/site-packages/torch/distributed/c10d_logger.py:83: FutureWarning: `torch.distributed.all_gather_into_tensor` is deprecated. Please use `torch.distributed.all_gather_single` instead.
  return func(*args, **kwargs)
/e/project1/e-dev-2026d09-262/windinet_venv/lib/python3.12/site-packages/torch/distributed/c10d_logger.py:83: FutureWarning: `torch.distributed.all_gather_into_tensor` is deprecated. Please use `torch.distributed.all_gather_single` instead.
  return func(*args, **kwargs)
/e/project1/e-dev-2026d09-262/windinet_venv/lib/python3.12/site-packages/torch/distributed/c10d_logger.py:83: FutureWarning: `torch.distributed.all_gather_into_tensor` is deprecated. Please use `torch.distributed.all_gather_single` instead.
  return func(*args, **kwargs)
/e/project1/e-dev-2026d09-262/windinet_venv/lib/python3.12/site-packages/torch/distributed/c10d_logger.py:83: FutureWarning: `torch.distributed.all_gather_into_tensor` is deprecated. Please use `torch.distributed.all_gather_single` instead.
  return func(*args, **kwargs)
/e/project1/e-dev-2026d09-262/windinet_venv/lib/python3.12/site-packages/torch/distributed/c10d_logger.py:83: FutureWarning: `torch.distributed.all_gather_into_tensor` is deprecated. Please use `torch.distributed.all_gather_single` instead.
  return func(*args, **kwargs)
/e/project1/e-dev-2026d09-262/windinet_venv/lib/python3.12/site-packages/torch/distributed/c10d_logger.py:83: FutureWarning: `torch.distributed.all_gather_into_tensor` is deprecated. Please use `torch.distributed.all_gather_single` instead.
  return func(*args, **kwargs)
/e/project1/e-dev-2026d09-262/windinet_venv/lib/python3.12/site-packages/torch/distributed/c10d_logger.py:83: FutureWarning: `torch.distributed.all_gather_into_tensor` is deprecated. Please use `torch.distributed.all_gather_single` instead.
  return func(*args, **kwargs)
/e/project1/e-dev-2026d09-262/windinet_venv/lib/python3.12/site-packages/torch/distributed/c10d_logger.py:83: FutureWarning: `torch.distributed.all_gather_into_tensor` is deprecated. Please use `torch.distributed.all_gather_single` instead.
  return func(*args, **kwargs)
/e/project1/e-dev-2026d09-262/windinet_venv/lib/python3.12/site-packages/torch/distributed/c10d_logger.py:83: FutureWarning: `torch.distributed.all_gather_into_tensor` is deprecated. Please use `torch.distributed.all_gather_single` instead.
  return func(*args, **kwargs)
/e/project1/e-dev-2026d09-262/windinet_venv/lib/python3.12/site-packages/torch/distributed/c10d_logger.py:83: FutureWarning: `torch.distributed.all_gather_into_tensor` is deprecated. Please use `torch.distributed.all_gather_single` instead.
  return func(*args, **kwargs)
/e/project1/e-dev-2026d09-262/windinet_venv/lib/python3.12/site-packages/torch/distributed/c10d_logger.py:83: FutureWarning: `torch.distributed.all_gather_into_tensor` is deprecated. Please use `torch.distributed.all_gather_single` instead.
  return func(*args, **kwargs)
/e/project1/e-dev-2026d09-262/windinet_venv/lib/python3.12/site-packages/torch/distributed/c10d_logger.py:83: FutureWarning: `torch.distributed.all_gather_into_tensor` is deprecated. Please use `torch.distributed.all_gather_single` instead.
  return func(*args, **kwargs)
/e/project1/e-dev-2026d09-262/windinet_venv/lib/python3.12/site-packages/torch/distributed/c10d_logger.py:83: FutureWarning: `torch.distributed.all_gather_into_tensor` is deprecated. Please use `torch.distributed.all_gather_single` instead.
  return func(*args, **kwargs)
/e/project1/e-dev-2026d09-262/windinet_venv/lib/python3.12/site-packages/torch/distributed/c10d_logger.py:83: FutureWarning: `torch.distributed.all_gather_into_tensor` is deprecated. Please use `torch.distributed.all_gather_single` instead.
  return func(*args, **kwargs)
/e/project1/e-dev-2026d09-262/windinet_venv/lib/python3.12/site-packages/torch/distributed/c10d_logger.py:83: FutureWarning: `torch.distributed.all_gather_into_tensor` is deprecated. Please use `torch.distributed.all_gather_single` instead.
  return func(*args, **kwargs)
/e/project1/e-dev-2026d09-262/windinet_venv/lib/python3.12/site-packages/torch/distributed/c10d_logger.py:83: FutureWarning: `torch.distributed.all_gather_into_tensor` is deprecated. Please use `torch.distributed.all_gather_single` instead.
  return func(*args, **kwargs)
/e/project1/e-dev-2026d09-262/windinet_venv/lib/python3.12/site-packages/torch/distributed/c10d_logger.py:83: FutureWarning: `torch.distributed.all_gather_into_tensor` is deprecated. Please use `torch.distributed.all_gather_single` instead.
  return func(*args, **kwargs)
/e/project1/e-dev-2026d09-262/windinet_venv/lib/python3.12/site-packages/torch/distributed/c10d_logger.py:83: FutureWarning: `torch.distributed.all_gather_into_tensor` is deprecated. Please use `torch.distributed.all_gather_single` instead.
  return func(*args, **kwargs)
/e/project1/e-dev-2026d09-262/windinet_venv/lib/python3.12/site-packages/torch/distributed/c10d_logger.py:83: FutureWarning: `torch.distributed.all_gather_into_tensor` is deprecated. Please use `torch.distributed.all_gather_single` instead.
  return func(*args, **kwargs)
/e/project1/e-dev-2026d09-262/windinet_venv/lib/python3.12/site-packages/torch/distributed/c10d_logger.py:83: FutureWarning: `torch.distributed.all_gather_into_tensor` is deprecated. Please use `torch.distributed.all_gather_single` instead.
  return func(*args, **kwargs)
/e/project1/e-dev-2026d09-262/windinet_venv/lib/python3.12/site-packages/torch/distributed/c10d_logger.py:83: FutureWarning: `torch.distributed.all_gather_into_tensor` is deprecated. Please use `torch.distributed.all_gather_single` instead.
  return func(*args, **kwargs)
/e/project1/e-dev-2026d09-262/windinet_venv/lib/python3.12/site-packages/torch/distributed/c10d_logger.py:83: FutureWarning: `torch.distributed.all_gather_into_tensor` is deprecated. Please use `torch.distributed.all_gather_single` instead.
  return func(*args, **kwargs)
/e/project1/e-dev-2026d09-262/windinet_venv/lib/python3.12/site-packages/torch/distributed/c10d_logger.py:83: FutureWarning: `torch.distributed.all_gather_into_tensor` is deprecated. Please use `torch.distributed.all_gather_single` instead.
  return func(*args, **kwargs)
/e/project1/e-dev-2026d09-262/windinet_venv/lib/python3.12/site-packages/torch/distributed/c10d_logger.py:83: FutureWarning: `torch.distributed.all_gather_into_tensor` is deprecated. Please use `torch.distributed.all_gather_single` instead.
  return func(*args, **kwargs)
/e/project1/e-dev-2026d09-262/windinet_venv/lib/python3.12/site-packages/torch/distributed/c10d_logger.py:83: FutureWarning: `torch.distributed.all_gather_into_tensor` is deprecated. Please use `torch.distributed.all_gather_single` instead.
  return func(*args, **kwargs)
/e/project1/e-dev-2026d09-262/windinet_venv/lib/python3.12/site-packages/torch/distributed/c10d_logger.py:83: FutureWarning: `torch.distributed.all_gather_into_tensor` is deprecated. Please use `torch.distributed.all_gather_single` instead.
  return func(*args, **kwargs)
/e/project1/e-dev-2026d09-262/windinet_venv/lib/python3.12/site-packages/torch/distributed/c10d_logger.py:83: FutureWarning: `torch.distributed.all_gather_into_tensor` is deprecated. Please use `torch.distributed.all_gather_single` instead.
  return func(*args, **kwargs)
/e/project1/e-dev-2026d09-262/windinet_venv/lib/python3.12/site-packages/torch/distributed/c10d_logger.py:83: FutureWarning: `torch.distributed.all_gather_into_tensor` is deprecated. Please use `torch.distributed.all_gather_single` instead.
  return func(*args, **kwargs)
/e/project1/e-dev-2026d09-262/windinet_venv/lib/python3.12/site-packages/torch/distributed/c10d_logger.py:83: FutureWarning: `torch.distributed.all_gather_into_tensor` is deprecated. Please use `torch.distributed.all_gather_single` instead.
  return func(*args, **kwargs)
/e/project1/e-dev-2026d09-262/windinet_venv/lib/python3.12/site-packages/torch/distributed/c10d_logger.py:83: FutureWarning: `torch.distributed.all_gather_into_tensor` is deprecated. Please use `torch.distributed.all_gather_single` instead.
  return func(*args, **kwargs)
/e/project1/e-dev-2026d09-262/windinet_venv/lib/python3.12/site-packages/torch/distributed/c10d_logger.py:83: FutureWarning: `torch.distributed.all_gather_into_tensor` is deprecated. Please use `torch.distributed.all_gather_single` instead.
  return func(*args, **kwargs)
/e/project1/e-dev-2026d09-262/windinet_venv/lib/python3.12/site-packages/torch/distributed/c10d_logger.py:83: FutureWarning: `torch.distributed.all_gather_into_tensor` is deprecated. Please use `torch.distributed.all_gather_single` instead.
  return func(*args, **kwargs)
/e/project1/e-dev-2026d09-262/windinet_venv/lib/python3.12/site-packages/torch/distributed/c10d_logger.py:83: FutureWarning: `torch.distributed.all_gather_into_tensor` is deprecated. Please use `torch.distributed.all_gather_single` instead.
  return func(*args, **kwargs)
/e/project1/e-dev-2026d09-262/windinet_venv/lib/python3.12/site-packages/torch/distributed/c10d_logger.py:83: FutureWarning: `torch.distributed.all_gather_into_tensor` is deprecated. Please use `torch.distributed.all_gather_single` instead.
  return func(*args, **kwargs)
/e/project1/e-dev-2026d09-262/windinet_venv/lib/python3.12/site-packages/torch/distributed/c10d_logger.py:83: FutureWarning: `torch.distributed.all_gather_into_tensor` is deprecated. Please use `torch.distributed.all_gather_single` instead.
  return func(*args, **kwargs)
/e/project1/e-dev-2026d09-262/windinet_venv/lib/python3.12/site-packages/torch/distributed/c10d_logger.py:83: FutureWarning: `torch.distributed.all_gather_into_tensor` is deprecated. Please use `torch.distributed.all_gather_single` instead.
  return func(*args, **kwargs)
/e/project1/e-dev-2026d09-262/windinet_venv/lib/python3.12/site-packages/torch/distributed/c10d_logger.py:83: FutureWarning: `torch.distributed.all_gather_into_tensor` is deprecated. Please use `torch.distributed.all_gather_single` instead.
  return func(*args, **kwargs)
/e/project1/e-dev-2026d09-262/windinet_venv/lib/python3.12/site-packages/torch/distributed/c10d_logger.py:83: FutureWarning: `torch.distributed.all_gather_into_tensor` is deprecated. Please use `torch.distributed.all_gather_single` instead.
  return func(*args, **kwargs)
/e/project1/e-dev-2026d09-262/windinet_venv/lib/python3.12/site-packages/torch/distributed/c10d_logger.py:83: FutureWarning: `torch.distributed.all_gather_into_tensor` is deprecated. Please use `torch.distributed.all_gather_single` instead.
  return func(*args, **kwargs)
/e/project1/e-dev-2026d09-262/windinet_venv/lib/python3.12/site-packages/torch/distributed/c10d_logger.py:83: FutureWarning: `torch.distributed.all_gather_into_tensor` is deprecated. Please use `torch.distributed.all_gather_single` instead.
  return func(*args, **kwargs)
/e/project1/e-dev-2026d09-262/windinet_venv/lib/python3.12/site-packages/torch/distributed/c10d_logger.py:83: FutureWarning: `torch.distributed.all_gather_into_tensor` is deprecated. Please use `torch.distributed.all_gather_single` instead.
  return func(*args, **kwargs)
/e/project1/e-dev-2026d09-262/windinet_venv/lib/python3.12/site-packages/torch/distributed/c10d_logger.py:83: FutureWarning: `torch.distributed.all_gather_into_tensor` is deprecated. Please use `torch.distributed.all_gather_single` instead.
  return func(*args, **kwargs)
/e/project1/e-dev-2026d09-262/windinet_venv/lib/python3.12/site-packages/torch/distributed/c10d_logger.py:83: FutureWarning: `torch.distributed.all_gather_into_tensor` is deprecated. Please use `torch.distributed.all_gather_single` instead.
  return func(*args, **kwargs)
/e/project1/e-dev-2026d09-262/windinet_venv/lib/python3.12/site-packages/torch/distributed/c10d_logger.py:83: FutureWarning: `torch.distributed.all_gather_into_tensor` is deprecated. Please use `torch.distributed.all_gather_single` instead.
  return func(*args, **kwargs)
/e/project1/e-dev-2026d09-262/windinet_venv/lib/python3.12/site-packages/torch/distributed/c10d_logger.py:83: FutureWarning: `torch.distributed.all_gather_into_tensor` is deprecated. Please use `torch.distributed.all_gather_single` instead.
  return func(*args, **kwargs)
/e/project1/e-dev-2026d09-262/windinet_venv/lib/python3.12/site-packages/torch/distributed/c10d_logger.py:83: FutureWarning: `torch.distributed.all_gather_into_tensor` is deprecated. Please use `torch.distributed.all_gather_single` instead.
  return func(*args, **kwargs)
/e/project1/e-dev-2026d09-262/windinet_venv/lib/python3.12/site-packages/torch/distributed/c10d_logger.py:83: FutureWarning: `torch.distributed.all_gather_into_tensor` is deprecated. Please use `torch.distributed.all_gather_single` instead.
  return func(*args, **kwargs)
/e/project1/e-dev-2026d09-262/windinet_venv/lib/python3.12/site-packages/torch/distributed/c10d_logger.py:83: FutureWarning: `torch.distributed.all_gather_into_tensor` is deprecated. Please use `torch.distributed.all_gather_single` instead.
  return func(*args, **kwargs)
/e/project1/e-dev-2026d09-262/windinet_venv/lib/python3.12/site-packages/torch/distributed/c10d_logger.py:83: FutureWarning: `torch.distributed.all_gather_into_tensor` is deprecated. Please use `torch.distributed.all_gather_single` instead.
  return func(*args, **kwargs)
/e/project1/e-dev-2026d09-262/windinet_venv/lib/python3.12/site-packages/torch/distributed/c10d_logger.py:83: FutureWarning: `torch.distributed.all_gather_into_tensor` is deprecated. Please use `torch.distributed.all_gather_single` instead.
  return func(*args, **kwargs)
/e/project1/e-dev-2026d09-262/windinet_venv/lib/python3.12/site-packages/torch/distributed/c10d_logger.py:83: FutureWarning: `torch.distributed.all_gather_into_tensor` is deprecated. Please use `torch.distributed.all_gather_single` instead.
  return func(*args, **kwargs)
/e/project1/e-dev-2026d09-262/windinet_venv/lib/python3.12/site-packages/torch/distributed/c10d_logger.py:83: FutureWarning: `torch.distributed.all_gather_into_tensor` is deprecated. Please use `torch.distributed.all_gather_single` instead.
  return func(*args, **kwargs)
/e/project1/e-dev-2026d09-262/windinet_venv/lib/python3.12/site-packages/torch/distributed/c10d_logger.py:83: FutureWarning: `torch.distributed.all_gather_into_tensor` is deprecated. Please use `torch.distributed.all_gather_single` instead.
  return func(*args, **kwargs)
/e/project1/e-dev-2026d09-262/windinet_venv/lib/python3.12/site-packages/torch/distributed/c10d_logger.py:83: FutureWarning: `torch.distributed.all_gather_into_tensor` is deprecated. Please use `torch.distributed.all_gather_single` instead.
  return func(*args, **kwargs)
/e/project1/e-dev-2026d09-262/windinet_venv/lib/python3.12/site-packages/torch/distributed/c10d_logger.py:83: FutureWarning: `torch.distributed.all_gather_into_tensor` is deprecated. Please use `torch.distributed.all_gather_single` instead.
  return func(*args, **kwargs)
/e/project1/e-dev-2026d09-262/windinet_venv/lib/python3.12/site-packages/torch/distributed/c10d_logger.py:83: FutureWarning: `torch.distributed.all_gather_into_tensor` is deprecated. Please use `torch.distributed.all_gather_single` instead.
  return func(*args, **kwargs)
/e/project1/e-dev-2026d09-262/windinet_venv/lib/python3.12/site-packages/torch/distributed/c10d_logger.py:83: FutureWarning: `torch.distributed.all_gather_into_tensor` is deprecated. Please use `torch.distributed.all_gather_single` instead.
  return func(*args, **kwargs)
/e/project1/e-dev-2026d09-262/windinet_venv/lib/python3.12/site-packages/torch/distributed/c10d_logger.py:83: FutureWarning: `torch.distributed.all_gather_into_tensor` is deprecated. Please use `torch.distributed.all_gather_single` instead.
  return func(*args, **kwargs)
/e/project1/e-dev-2026d09-262/windinet_venv/lib/python3.12/site-packages/torch/distributed/c10d_logger.py:83: FutureWarning: `torch.distributed.all_gather_into_tensor` is deprecated. Please use `torch.distributed.all_gather_single` instead.
  return func(*args, **kwargs)
/e/project1/e-dev-2026d09-262/windinet_venv/lib/python3.12/site-packages/torch/distributed/c10d_logger.py:83: FutureWarning: `torch.distributed.all_gather_into_tensor` is deprecated. Please use `torch.distributed.all_gather_single` instead.
  return func(*args, **kwargs)
/e/project1/e-dev-2026d09-262/windinet_venv/lib/python3.12/site-packages/torch/distributed/c10d_logger.py:83: FutureWarning: `torch.distributed.all_gather_into_tensor` is deprecated. Please use `torch.distributed.all_gather_single` instead.
  return func(*args, **kwargs)
/e/project1/e-dev-2026d09-262/windinet_venv/lib/python3.12/site-packages/torch/distributed/c10d_logger.py:83: FutureWarning: `torch.distributed.all_gather_into_tensor` is deprecated. Please use `torch.distributed.all_gather_single` instead.
  return func(*args, **kwargs)
/e/project1/e-dev-2026d09-262/windinet_venv/lib/python3.12/site-packages/torch/distributed/c10d_logger.py:83: FutureWarning: `torch.distributed.all_gather_into_tensor` is deprecated. Please use `torch.distributed.all_gather_single` instead.
  return func(*args, **kwargs)
/e/project1/e-dev-2026d09-262/windinet_venv/lib/python3.12/site-packages/torch/distributed/c10d_logger.py:83: FutureWarning: `torch.distributed.all_gather_into_tensor` is deprecated. Please use `torch.distributed.all_gather_single` instead.
  return func(*args, **kwargs)
/e/project1/e-dev-2026d09-262/windinet_venv/lib/python3.12/site-packages/torch/distributed/c10d_logger.py:83: FutureWarning: `torch.distributed.all_gather_into_tensor` is deprecated. Please use `torch.distributed.all_gather_single` instead.
  return func(*args, **kwargs)
/e/project1/e-dev-2026d09-262/windinet_venv/lib/python3.12/site-packages/torch/distributed/c10d_logger.py:83: FutureWarning: `torch.distributed.all_gather_into_tensor` is deprecated. Please use `torch.distributed.all_gather_single` instead.
  return func(*args, **kwargs)
/e/project1/e-dev-2026d09-262/windinet_venv/lib/python3.12/site-packages/torch/distributed/c10d_logger.py:83: FutureWarning: `torch.distributed.all_gather_into_tensor` is deprecated. Please use `torch.distributed.all_gather_single` instead.
  return func(*args, **kwargs)
/e/project1/e-dev-2026d09-262/windinet_venv/lib/python3.12/site-packages/torch/distributed/c10d_logger.py:83: FutureWarning: `torch.distributed.all_gather_into_tensor` is deprecated. Please use `torch.distributed.all_gather_single` instead.
  return func(*args, **kwargs)
/e/project1/e-dev-2026d09-262/windinet_venv/lib/python3.12/site-packages/torch/distributed/c10d_logger.py:83: FutureWarning: `torch.distributed.all_gather_into_tensor` is deprecated. Please use `torch.distributed.all_gather_single` instead.
  return func(*args, **kwargs)
/e/project1/e-dev-2026d09-262/windinet_venv/lib/python3.12/site-packages/torch/distributed/c10d_logger.py:83: FutureWarning: `torch.distributed.all_gather_into_tensor` is deprecated. Please use `torch.distributed.all_gather_single` instead.
  return func(*args, **kwargs)
/e/project1/e-dev-2026d09-262/windinet_venv/lib/python3.12/site-packages/torch/distributed/c10d_logger.py:83: FutureWarning: `torch.distributed.all_gather_into_tensor` is deprecated. Please use `torch.distributed.all_gather_single` instead.
  return func(*args, **kwargs)
/e/project1/e-dev-2026d09-262/windinet_venv/lib/python3.12/site-packages/torch/distributed/c10d_logger.py:83: FutureWarning: `torch.distributed.all_gather_into_tensor` is deprecated. Please use `torch.distributed.all_gather_single` instead.
  return func(*args, **kwargs)
/e/project1/e-dev-2026d09-262/windinet_venv/lib/python3.12/site-packages/torch/distributed/c10d_logger.py:83: FutureWarning: `torch.distributed.all_gather_into_tensor` is deprecated. Please use `torch.distributed.all_gather_single` instead.
  return func(*args, **kwargs)
/e/project1/e-dev-2026d09-262/windinet_venv/lib/python3.12/site-packages/torch/distributed/c10d_logger.py:83: FutureWarning: `torch.distributed.all_gather_into_tensor` is deprecated. Please use `torch.distributed.all_gather_single` instead.
  return func(*args, **kwargs)
/e/project1/e-dev-2026d09-262/windinet_venv/lib/python3.12/site-packages/torch/distributed/c10d_logger.py:83: FutureWarning: `torch.distributed.all_gather_into_tensor` is deprecated. Please use `torch.distributed.all_gather_single` instead.
  return func(*args, **kwargs)
/e/project1/e-dev-2026d09-262/windinet_venv/lib/python3.12/site-packages/torch/distributed/c10d_logger.py:83: FutureWarning: `torch.distributed.all_gather_into_tensor` is deprecated. Please use `torch.distributed.all_gather_single` instead.
  return func(*args, **kwargs)
/e/project1/e-dev-2026d09-262/windinet_venv/lib/python3.12/site-packages/torch/distributed/c10d_logger.py:83: FutureWarning: `torch.distributed.all_gather_into_tensor` is deprecated. Please use `torch.distributed.all_gather_single` instead.
  return func(*args, **kwargs)
/e/project1/e-dev-2026d09-262/windinet_venv/lib/python3.12/site-packages/torch/distributed/c10d_logger.py:83: FutureWarning: `torch.distributed.all_gather_into_tensor` is deprecated. Please use `torch.distributed.all_gather_single` instead.
  return func(*args, **kwargs)
/e/project1/e-dev-2026d09-262/windinet_venv/lib/python3.12/site-packages/torch/distributed/c10d_logger.py:83: FutureWarning: `torch.distributed.all_gather_into_tensor` is deprecated. Please use `torch.distributed.all_gather_single` instead.
  return func(*args, **kwargs)
/e/project1/e-dev-2026d09-262/windinet_venv/lib/python3.12/site-packages/torch/distributed/c10d_logger.py:83: FutureWarning: `torch.distributed.all_gather_into_tensor` is deprecated. Please use `torch.distributed.all_gather_single` instead.
  return func(*args, **kwargs)
/e/project1/e-dev-2026d09-262/windinet_venv/lib/python3.12/site-packages/torch/distributed/c10d_logger.py:83: FutureWarning: `torch.distributed.all_gather_into_tensor` is deprecated. Please use `torch.distributed.all_gather_single` instead.
  return func(*args, **kwargs)
/e/project1/e-dev-2026d09-262/windinet_venv/lib/python3.12/site-packages/torch/distributed/c10d_logger.py:83: FutureWarning: `torch.distributed.all_gather_into_tensor` is deprecated. Please use `torch.distributed.all_gather_single` instead.
  return func(*args, **kwargs)
/e/project1/e-dev-2026d09-262/windinet_venv/lib/python3.12/site-packages/torch/distributed/c10d_logger.py:83: FutureWarning: `torch.distributed.all_gather_into_tensor` is deprecated. Please use `torch.distributed.all_gather_single` instead.
  return func(*args, **kwargs)
/e/project1/e-dev-2026d09-262/windinet_venv/lib/python3.12/site-packages/torch/distributed/c10d_logger.py:83: FutureWarning: `torch.distributed.all_gather_into_tensor` is deprecated. Please use `torch.distributed.all_gather_single` instead.
  return func(*args, **kwargs)
/e/project1/e-dev-2026d09-262/windinet_venv/lib/python3.12/site-packages/torch/distributed/c10d_logger.py:83: FutureWarning: `torch.distributed.all_gather_into_tensor` is deprecated. Please use `torch.distributed.all_gather_single` instead.
  return func(*args, **kwargs)
/e/project1/e-dev-2026d09-262/windinet_venv/lib/python3.12/site-packages/torch/distributed/c10d_logger.py:83: FutureWarning: `torch.distributed.all_gather_into_tensor` is deprecated. Please use `torch.distributed.all_gather_single` instead.
  return func(*args, **kwargs)
/e/project1/e-dev-2026d09-262/windinet_venv/lib/python3.12/site-packages/torch/distributed/c10d_logger.py:83: FutureWarning: `torch.distributed.all_gather_into_tensor` is deprecated. Please use `torch.distributed.all_gather_single` instead.
  return func(*args, **kwargs)
/e/project1/e-dev-2026d09-262/windinet_venv/lib/python3.12/site-packages/torch/distributed/c10d_logger.py:83: FutureWarning: `torch.distributed.all_gather_into_tensor` is deprecated. Please use `torch.distributed.all_gather_single` instead.
  return func(*args, **kwargs)
/e/project1/e-dev-2026d09-262/windinet_venv/lib/python3.12/site-packages/torch/distributed/c10d_logger.py:83: FutureWarning: `torch.distributed.all_gather_into_tensor` is deprecated. Please use `torch.distributed.all_gather_single` instead.
  return func(*args, **kwargs)
/e/project1/e-dev-2026d09-262/windinet_venv/lib/python3.12/site-packages/torch/distributed/c10d_logger.py:83: FutureWarning: `torch.distributed.all_gather_into_tensor` is deprecated. Please use `torch.distributed.all_gather_single` instead.
  return func(*args, **kwargs)
/e/project1/e-dev-2026d09-262/windinet_venv/lib/python3.12/site-packages/torch/distributed/c10d_logger.py:83: FutureWarning: `torch.distributed.all_gather_into_tensor` is deprecated. Please use `torch.distributed.all_gather_single` instead.
  return func(*args, **kwargs)
/e/project1/e-dev-2026d09-262/windinet_venv/lib/python3.12/site-packages/torch/distributed/c10d_logger.py:83: FutureWarning: `torch.distributed.all_gather_into_tensor` is deprecated. Please use `torch.distributed.all_gather_single` instead.
  return func(*args, **kwargs)
/e/project1/e-dev-2026d09-262/windinet_venv/lib/python3.12/site-packages/torch/distributed/c10d_logger.py:83: FutureWarning: `torch.distributed.all_gather_into_tensor` is deprecated. Please use `torch.distributed.all_gather_single` instead.
  return func(*args, **kwargs)
/e/project1/e-dev-2026d09-262/windinet_venv/lib/python3.12/site-packages/torch/distributed/c10d_logger.py:83: FutureWarning: `torch.distributed.all_gather_into_tensor` is deprecated. Please use `torch.distributed.all_gather_single` instead.
  return func(*args, **kwargs)
/e/project1/e-dev-2026d09-262/windinet_venv/lib/python3.12/site-packages/torch/distributed/c10d_logger.py:83: FutureWarning: `torch.distributed.all_gather_into_tensor` is deprecated. Please use `torch.distributed.all_gather_single` instead.
  return func(*args, **kwargs)
/e/project1/e-dev-2026d09-262/windinet_venv/lib/python3.12/site-packages/torch/distributed/c10d_logger.py:83: FutureWarning: `torch.distributed.all_gather_into_tensor` is deprecated. Please use `torch.distributed.all_gather_single` instead.
  return func(*args, **kwargs)
/e/project1/e-dev-2026d09-262/windinet_venv/lib/python3.12/site-packages/torch/distributed/c10d_logger.py:83: FutureWarning: `torch.distributed.all_gather_into_tensor` is deprecated. Please use `torch.distributed.all_gather_single` instead.
  return func(*args, **kwargs)
/e/project1/e-dev-2026d09-262/windinet_venv/lib/python3.12/site-packages/torch/distributed/c10d_logger.py:83: FutureWarning: `torch.distributed.all_gather_into_tensor` is deprecated. Please use `torch.distributed.all_gather_single` instead.
  return func(*args, **kwargs)
/e/project1/e-dev-2026d09-262/windinet_venv/lib/python3.12/site-packages/torch/distributed/c10d_logger.py:83: FutureWarning: `torch.distributed.all_gather_into_tensor` is deprecated. Please use `torch.distributed.all_gather_single` instead.
  return func(*args, **kwargs)
/e/project1/e-dev-2026d09-262/windinet_venv/lib/python3.12/site-packages/torch/distributed/c10d_logger.py:83: FutureWarning: `torch.distributed.all_gather_into_tensor` is deprecated. Please use `torch.distributed.all_gather_single` instead.
  return func(*args, **kwargs)
/e/project1/e-dev-2026d09-262/windinet_venv/lib/python3.12/site-packages/torch/distributed/c10d_logger.py:83: FutureWarning: `torch.distributed.all_gather_into_tensor` is deprecated. Please use `torch.distributed.all_gather_single` instead.
  return func(*args, **kwargs)
/e/project1/e-dev-2026d09-262/windinet_venv/lib/python3.12/site-packages/torch/distributed/c10d_logger.py:83: FutureWarning: `torch.distributed.all_gather_into_tensor` is deprecated. Please use `torch.distributed.all_gather_single` instead.
  return func(*args, **kwargs)
/e/project1/e-dev-2026d09-262/windinet_venv/lib/python3.12/site-packages/torch/distributed/c10d_logger.py:83: FutureWarning: `torch.distributed.all_gather_into_tensor` is deprecated. Please use `torch.distributed.all_gather_single` instead.
  return func(*args, **kwargs)
/e/project1/e-dev-2026d09-262/windinet_venv/lib/python3.12/site-packages/torch/distributed/c10d_logger.py:83: FutureWarning: `torch.distributed.all_gather_into_tensor` is deprecated. Please use `torch.distributed.all_gather_single` instead.
  return func(*args, **kwargs)
/e/project1/e-dev-2026d09-262/windinet_venv/lib/python3.12/site-packages/torch/distributed/c10d_logger.py:83: FutureWarning: `torch.distributed.all_gather_into_tensor` is deprecated. Please use `torch.distributed.all_gather_single` instead.
  return func(*args, **kwargs)
/e/project1/e-dev-2026d09-262/windinet_venv/lib/python3.12/site-packages/torch/distributed/c10d_logger.py:83: FutureWarning: `torch.distributed.all_gather_into_tensor` is deprecated. Please use `torch.distributed.all_gather_single` instead.
  return func(*args, **kwargs)
/e/project1/e-dev-2026d09-262/windinet_venv/lib/python3.12/site-packages/torch/distributed/c10d_logger.py:83: FutureWarning: `torch.distributed.all_gather_into_tensor` is deprecated. Please use `torch.distributed.all_gather_single` instead.
  return func(*args, **kwargs)
/e/project1/e-dev-2026d09-262/windinet_venv/lib/python3.12/site-packages/torch/distributed/c10d_logger.py:83: FutureWarning: `torch.distributed.all_gather_into_tensor` is deprecated. Please use `torch.distributed.all_gather_single` instead.
  return func(*args, **kwargs)
/e/project1/e-dev-2026d09-262/windinet_venv/lib/python3.12/site-packages/torch/distributed/c10d_logger.py:83: FutureWarning: `torch.distributed.all_gather_into_tensor` is deprecated. Please use `torch.distributed.all_gather_single` instead.
  return func(*args, **kwargs)
/e/project1/e-dev-2026d09-262/windinet_venv/lib/python3.12/site-packages/torch/distributed/c10d_logger.py:83: FutureWarning: `torch.distributed.all_gather_into_tensor` is deprecated. Please use `torch.distributed.all_gather_single` instead.
  return func(*args, **kwargs)
/e/project1/e-dev-2026d09-262/windinet_venv/lib/python3.12/site-packages/torch/distributed/c10d_logger.py:83: FutureWarning: `torch.distributed.all_gather_into_tensor` is deprecated. Please use `torch.distributed.all_gather_single` instead.
  return func(*args, **kwargs)
/e/project1/e-dev-2026d09-262/windinet_venv/lib/python3.12/site-packages/torch/distributed/c10d_logger.py:83: FutureWarning: `torch.distributed.all_gather_into_tensor` is deprecated. Please use `torch.distributed.all_gather_single` instead.
  return func(*args, **kwargs)
/e/project1/e-dev-2026d09-262/windinet_venv/lib/python3.12/site-packages/torch/distributed/c10d_logger.py:83: FutureWarning: `torch.distributed.all_gather_into_tensor` is deprecated. Please use `torch.distributed.all_gather_single` instead.
  return func(*args, **kwargs)
/e/project1/e-dev-2026d09-262/windinet_venv/lib/python3.12/site-packages/torch/distributed/c10d_logger.py:83: FutureWarning: `torch.distributed.all_gather_into_tensor` is deprecated. Please use `torch.distributed.all_gather_single` instead.
  return func(*args, **kwargs)
/e/project1/e-dev-2026d09-262/windinet_venv/lib/python3.12/site-packages/torch/distributed/c10d_logger.py:83: FutureWarning: `torch.distributed.all_gather_into_tensor` is deprecated. Please use `torch.distributed.all_gather_single` instead.
  return func(*args, **kwargs)
/e/project1/e-dev-2026d09-262/windinet_venv/lib/python3.12/site-packages/torch/distributed/c10d_logger.py:83: FutureWarning: `torch.distributed.all_gather_into_tensor` is deprecated. Please use `torch.distributed.all_gather_single` instead.
  return func(*args, **kwargs)
/e/project1/e-dev-2026d09-262/windinet_venv/lib/python3.12/site-packages/torch/distributed/c10d_logger.py:83: FutureWarning: `torch.distributed.all_gather_into_tensor` is deprecated. Please use `torch.distributed.all_gather_single` instead.
  return func(*args, **kwargs)
/e/project1/e-dev-2026d09-262/windinet_venv/lib/python3.12/site-packages/torch/distributed/c10d_logger.py:83: FutureWarning: `torch.distributed.all_gather_into_tensor` is deprecated. Please use `torch.distributed.all_gather_single` instead.
  return func(*args, **kwargs)
/e/project1/e-dev-2026d09-262/windinet_venv/lib/python3.12/site-packages/torch/distributed/c10d_logger.py:83: FutureWarning: `torch.distributed.all_gather_into_tensor` is deprecated. Please use `torch.distributed.all_gather_single` instead.
  return func(*args, **kwargs)
/e/project1/e-dev-2026d09-262/windinet_venv/lib/python3.12/site-packages/torch/distributed/c10d_logger.py:83: FutureWarning: `torch.distributed.all_gather_into_tensor` is deprecated. Please use `torch.distributed.all_gather_single` instead.
  return func(*args, **kwargs)
/e/project1/e-dev-2026d09-262/windinet_venv/lib/python3.12/site-packages/torch/distributed/c10d_logger.py:83: FutureWarning: `torch.distributed.all_gather_into_tensor` is deprecated. Please use `torch.distributed.all_gather_single` instead.
  return func(*args, **kwargs)
/e/project1/e-dev-2026d09-262/windinet_venv/lib/python3.12/site-packages/torch/distributed/c10d_logger.py:83: FutureWarning: `torch.distributed.all_gather_into_tensor` is deprecated. Please use `torch.distributed.all_gather_single` instead.
  return func(*args, **kwargs)
/e/project1/e-dev-2026d09-262/windinet_venv/lib/python3.12/site-packages/torch/distributed/c10d_logger.py:83: FutureWarning: `torch.distributed.all_gather_into_tensor` is deprecated. Please use `torch.distributed.all_gather_single` instead.
  return func(*args, **kwargs)
/e/project1/e-dev-2026d09-262/windinet_venv/lib/python3.12/site-packages/torch/distributed/c10d_logger.py:83: FutureWarning: `torch.distributed.all_gather_into_tensor` is deprecated. Please use `torch.distributed.all_gather_single` instead.
  return func(*args, **kwargs)
/e/project1/e-dev-2026d09-262/windinet_venv/lib/python3.12/site-packages/torch/distributed/c10d_logger.py:83: FutureWarning: `torch.distributed.all_gather_into_tensor` is deprecated. Please use `torch.distributed.all_gather_single` instead.
  return func(*args, **kwargs)
/e/project1/e-dev-2026d09-262/windinet_venv/lib/python3.12/site-packages/torch/distributed/c10d_logger.py:83: FutureWarning: `torch.distributed.all_gather_into_tensor` is deprecated. Please use `torch.distributed.all_gather_single` instead.
  return func(*args, **kwargs)
/e/project1/e-dev-2026d09-262/windinet_venv/lib/python3.12/site-packages/torch/distributed/c10d_logger.py:83: FutureWarning: `torch.distributed.all_gather_into_tensor` is deprecated. Please use `torch.distributed.all_gather_single` instead.
  return func(*args, **kwargs)
/e/project1/e-dev-2026d09-262/windinet_venv/lib/python3.12/site-packages/torch/distributed/c10d_logger.py:83: FutureWarning: `torch.distributed.all_gather_into_tensor` is deprecated. Please use `torch.distributed.all_gather_single` instead.
  return func(*args, **kwargs)
/e/project1/e-dev-2026d09-262/windinet_venv/lib/python3.12/site-packages/torch/distributed/c10d_logger.py:83: FutureWarning: `torch.distributed.all_gather_into_tensor` is deprecated. Please use `torch.distributed.all_gather_single` instead.
  return func(*args, **kwargs)
/e/project1/e-dev-2026d09-262/windinet_venv/lib/python3.12/site-packages/torch/distributed/c10d_logger.py:83: FutureWarning: `torch.distributed.all_gather_into_tensor` is deprecated. Please use `torch.distributed.all_gather_single` instead.
  return func(*args, **kwargs)
/e/project1/e-dev-2026d09-262/windinet_venv/lib/python3.12/site-packages/torch/distributed/c10d_logger.py:83: FutureWarning: `torch.distributed.all_gather_into_tensor` is deprecated. Please use `torch.distributed.all_gather_single` instead.
  return func(*args, **kwargs)
/e/project1/e-dev-2026d09-262/windinet_venv/lib/python3.12/site-packages/torch/distributed/c10d_logger.py:83: FutureWarning: `torch.distributed.all_gather_into_tensor` is deprecated. Please use `torch.distributed.all_gather_single` instead.
  return func(*args, **kwargs)
/e/project1/e-dev-2026d09-262/windinet_venv/lib/python3.12/site-packages/torch/distributed/c10d_logger.py:83: FutureWarning: `torch.distributed.all_gather_into_tensor` is deprecated. Please use `torch.distributed.all_gather_single` instead.
  return func(*args, **kwargs)
/e/project1/e-dev-2026d09-262/windinet_venv/lib/python3.12/site-packages/torch/distributed/c10d_logger.py:83: FutureWarning: `torch.distributed.all_gather_into_tensor` is deprecated. Please use `torch.distributed.all_gather_single` instead.
  return func(*args, **kwargs)
/e/project1/e-dev-2026d09-262/windinet_venv/lib/python3.12/site-packages/torch/distributed/c10d_logger.py:83: FutureWarning: `torch.distributed.all_gather_into_tensor` is deprecated. Please use `torch.distributed.all_gather_single` instead.
  return func(*args, **kwargs)
/e/project1/e-dev-2026d09-262/windinet_venv/lib/python3.12/site-packages/torch/distributed/c10d_logger.py:83: FutureWarning: `torch.distributed.all_gather_into_tensor` is deprecated. Please use `torch.distributed.all_gather_single` instead.
  return func(*args, **kwargs)
/e/project1/e-dev-2026d09-262/windinet_venv/lib/python3.12/site-packages/torch/distributed/c10d_logger.py:83: FutureWarning: `torch.distributed.all_gather_into_tensor` is deprecated. Please use `torch.distributed.all_gather_single` instead.
  return func(*args, **kwargs)
/e/project1/e-dev-2026d09-262/windinet_venv/lib/python3.12/site-packages/torch/distributed/c10d_logger.py:83: FutureWarning: `torch.distributed.all_gather_into_tensor` is deprecated. Please use `torch.distributed.all_gather_single` instead.
  return func(*args, **kwargs)
/e/project1/e-dev-2026d09-262/windinet_venv/lib/python3.12/site-packages/torch/distributed/c10d_logger.py:83: FutureWarning: `torch.distributed.all_gather_into_tensor` is deprecated. Please use `torch.distributed.all_gather_single` instead.
  return func(*args, **kwargs)
/e/project1/e-dev-2026d09-262/windinet_venv/lib/python3.12/site-packages/torch/distributed/c10d_logger.py:83: FutureWarning: `torch.distributed.all_gather_into_tensor` is deprecated. Please use `torch.distributed.all_gather_single` instead.
  return func(*args, **kwargs)
/e/project1/e-dev-2026d09-262/windinet_venv/lib/python3.12/site-packages/torch/distributed/c10d_logger.py:83: FutureWarning: `torch.distributed.all_gather_into_tensor` is deprecated. Please use `torch.distributed.all_gather_single` instead.
  return func(*args, **kwargs)
/e/project1/e-dev-2026d09-262/windinet_venv/lib/python3.12/site-packages/torch/distributed/c10d_logger.py:83: FutureWarning: `torch.distributed.all_gather_into_tensor` is deprecated. Please use `torch.distributed.all_gather_single` instead.
  return func(*args, **kwargs)
/e/project1/e-dev-2026d09-262/windinet_venv/lib/python3.12/site-packages/torch/distributed/c10d_logger.py:83: FutureWarning: `torch.distributed.all_gather_into_tensor` is deprecated. Please use `torch.distributed.all_gather_single` instead.
  return func(*args, **kwargs)
/e/project1/e-dev-2026d09-262/windinet_venv/lib/python3.12/site-packages/torch/distributed/c10d_logger.py:83: FutureWarning: `torch.distributed.all_gather_into_tensor` is deprecated. Please use `torch.distributed.all_gather_single` instead.
  return func(*args, **kwargs)
/e/project1/e-dev-2026d09-262/windinet_venv/lib/python3.12/site-packages/torch/distributed/c10d_logger.py:83: FutureWarning: `torch.distributed.all_gather_into_tensor` is deprecated. Please use `torch.distributed.all_gather_single` instead.
  return func(*args, **kwargs)
/e/project1/e-dev-2026d09-262/windinet_venv/lib/python3.12/site-packages/torch/distributed/c10d_logger.py:83: FutureWarning: `torch.distributed.all_gather_into_tensor` is deprecated. Please use `torch.distributed.all_gather_single` instead.
  return func(*args, **kwargs)
/e/project1/e-dev-2026d09-262/windinet_venv/lib/python3.12/site-packages/torch/distributed/c10d_logger.py:83: FutureWarning: `torch.distributed.all_gather_into_tensor` is deprecated. Please use `torch.distributed.all_gather_single` instead.
  return func(*args, **kwargs)
/e/project1/e-dev-2026d09-262/windinet_venv/lib/python3.12/site-packages/torch/distributed/c10d_logger.py:83: FutureWarning: `torch.distributed.all_gather_into_tensor` is deprecated. Please use `torch.distributed.all_gather_single` instead.
  return func(*args, **kwargs)
/e/project1/e-dev-2026d09-262/windinet_venv/lib/python3.12/site-packages/torch/distributed/c10d_logger.py:83: FutureWarning: `torch.distributed.all_gather_into_tensor` is deprecated. Please use `torch.distributed.all_gather_single` instead.
  return func(*args, **kwargs)
/e/project1/e-dev-2026d09-262/windinet_venv/lib/python3.12/site-packages/torch/distributed/c10d_logger.py:83: FutureWarning: `torch.distributed.all_gather_into_tensor` is deprecated. Please use `torch.distributed.all_gather_single` instead.
  return func(*args, **kwargs)
/e/project1/e-dev-2026d09-262/windinet_venv/lib/python3.12/site-packages/torch/distributed/c10d_logger.py:83: FutureWarning: `torch.distributed.all_gather_into_tensor` is deprecated. Please use `torch.distributed.all_gather_single` instead.
  return func(*args, **kwargs)
/e/project1/e-dev-2026d09-262/windinet_venv/lib/python3.12/site-packages/torch/distributed/c10d_logger.py:83: FutureWarning: `torch.distributed.all_gather_into_tensor` is deprecated. Please use `torch.distributed.all_gather_single` instead.
  return func(*args, **kwargs)
/e/project1/e-dev-2026d09-262/windinet_venv/lib/python3.12/site-packages/torch/distributed/c10d_logger.py:83: FutureWarning: `torch.distributed.all_gather_into_tensor` is deprecated. Please use `torch.distributed.all_gather_single` instead.
  return func(*args, **kwargs)
/e/project1/e-dev-2026d09-262/windinet_venv/lib/python3.12/site-packages/torch/distributed/c10d_logger.py:83: FutureWarning: `torch.distributed.all_gather_into_tensor` is deprecated. Please use `torch.distributed.all_gather_single` instead.
  return func(*args, **kwargs)
/e/project1/e-dev-2026d09-262/windinet_venv/lib/python3.12/site-packages/torch/distributed/c10d_logger.py:83: FutureWarning: `torch.distributed.all_gather_into_tensor` is deprecated. Please use `torch.distributed.all_gather_single` instead.
  return func(*args, **kwargs)
/e/project1/e-dev-2026d09-262/windinet_venv/lib/python3.12/site-packages/torch/distributed/c10d_logger.py:83: FutureWarning: `torch.distributed.all_gather_into_tensor` is deprecated. Please use `torch.distributed.all_gather_single` instead.
  return func(*args, **kwargs)
/e/project1/e-dev-2026d09-262/windinet_venv/lib/python3.12/site-packages/torch/distributed/c10d_logger.py:83: FutureWarning: `torch.distributed.all_gather_into_tensor` is deprecated. Please use `torch.distributed.all_gather_single` instead.
  return func(*args, **kwargs)
/e/project1/e-dev-2026d09-262/windinet_venv/lib/python3.12/site-packages/torch/distributed/c10d_logger.py:83: FutureWarning: `torch.distributed.all_gather_into_tensor` is deprecated. Please use `torch.distributed.all_gather_single` instead.
  return func(*args, **kwargs)
/e/project1/e-dev-2026d09-262/windinet_venv/lib/python3.12/site-packages/torch/distributed/c10d_logger.py:83: FutureWarning: `torch.distributed.all_gather_into_tensor` is deprecated. Please use `torch.distributed.all_gather_single` instead.
  return func(*args, **kwargs)
/e/project1/e-dev-2026d09-262/windinet_venv/lib/python3.12/site-packages/torch/distributed/c10d_logger.py:83: FutureWarning: `torch.distributed.all_gather_into_tensor` is deprecated. Please use `torch.distributed.all_gather_single` instead.
  return func(*args, **kwargs)
/e/project1/e-dev-2026d09-262/windinet_venv/lib/python3.12/site-packages/torch/distributed/c10d_logger.py:83: FutureWarning: `torch.distributed.all_gather_into_tensor` is deprecated. Please use `torch.distributed.all_gather_single` instead.
  return func(*args, **kwargs)
/e/project1/e-dev-2026d09-262/windinet_venv/lib/python3.12/site-packages/torch/distributed/c10d_logger.py:83: FutureWarning: `torch.distributed.all_gather_into_tensor` is deprecated. Please use `torch.distributed.all_gather_single` instead.
  return func(*args, **kwargs)
/e/project1/e-dev-2026d09-262/windinet_venv/lib/python3.12/site-packages/torch/distributed/c10d_logger.py:83: FutureWarning: `torch.distributed.all_gather_into_tensor` is deprecated. Please use `torch.distributed.all_gather_single` instead.
  return func(*args, **kwargs)
/e/project1/e-dev-2026d09-262/windinet_venv/lib/python3.12/site-packages/torch/distributed/c10d_logger.py:83: FutureWarning: `torch.distributed.all_gather_into_tensor` is deprecated. Please use `torch.distributed.all_gather_single` instead.
  return func(*args, **kwargs)
/e/project1/e-dev-2026d09-262/windinet_venv/lib/python3.12/site-packages/torch/distributed/c10d_logger.py:83: FutureWarning: `torch.distributed.all_gather_into_tensor` is deprecated. Please use `torch.distributed.all_gather_single` instead.
  return func(*args, **kwargs)
/e/project1/e-dev-2026d09-262/windinet_venv/lib/python3.12/site-packages/torch/distributed/c10d_logger.py:83: FutureWarning: `torch.distributed.all_gather_into_tensor` is deprecated. Please use `torch.distributed.all_gather_single` instead.
  return func(*args, **kwargs)
/e/project1/e-dev-2026d09-262/windinet_venv/lib/python3.12/site-packages/torch/distributed/c10d_logger.py:83: FutureWarning: `torch.distributed.all_gather_into_tensor` is deprecated. Please use `torch.distributed.all_gather_single` instead.
  return func(*args, **kwargs)
/e/project1/e-dev-2026d09-262/windinet_venv/lib/python3.12/site-packages/torch/distributed/c10d_logger.py:83: FutureWarning: `torch.distributed.all_gather_into_tensor` is deprecated. Please use `torch.distributed.all_gather_single` instead.
  return func(*args, **kwargs)
/e/project1/e-dev-2026d09-262/windinet_venv/lib/python3.12/site-packages/torch/distributed/c10d_logger.py:83: FutureWarning: `torch.distributed.all_gather_into_tensor` is deprecated. Please use `torch.distributed.all_gather_single` instead.
  return func(*args, **kwargs)
/e/project1/e-dev-2026d09-262/windinet_venv/lib/python3.12/site-packages/torch/distributed/c10d_logger.py:83: FutureWarning: `torch.distributed.all_gather_into_tensor` is deprecated. Please use `torch.distributed.all_gather_single` instead.
  return func(*args, **kwargs)
/e/project1/e-dev-2026d09-262/windinet_venv/lib/python3.12/site-packages/torch/distributed/c10d_logger.py:83: FutureWarning: `torch.distributed.all_gather_into_tensor` is deprecated. Please use `torch.distributed.all_gather_single` instead.
  return func(*args, **kwargs)
/e/project1/e-dev-2026d09-262/windinet_venv/lib/python3.12/site-packages/torch/distributed/c10d_logger.py:83: FutureWarning: `torch.distributed.all_gather_into_tensor` is deprecated. Please use `torch.distributed.all_gather_single` instead.
  return func(*args, **kwargs)
/e/project1/e-dev-2026d09-262/windinet_venv/lib/python3.12/site-packages/torch/distributed/c10d_logger.py:83: FutureWarning: `torch.distributed.all_gather_into_tensor` is deprecated. Please use `torch.distributed.all_gather_single` instead.
  return func(*args, **kwargs)
/e/project1/e-dev-2026d09-262/windinet_venv/lib/python3.12/site-packages/torch/distributed/c10d_logger.py:83: FutureWarning: `torch.distributed.all_gather_into_tensor` is deprecated. Please use `torch.distributed.all_gather_single` instead.
  return func(*args, **kwargs)
/e/project1/e-dev-2026d09-262/windinet_venv/lib/python3.12/site-packages/torch/distributed/c10d_logger.py:83: FutureWarning: `torch.distributed.all_gather_into_tensor` is deprecated. Please use `torch.distributed.all_gather_single` instead.
  return func(*args, **kwargs)
/e/project1/e-dev-2026d09-262/windinet_venv/lib/python3.12/site-packages/torch/distributed/c10d_logger.py:83: FutureWarning: `torch.distributed.all_gather_into_tensor` is deprecated. Please use `torch.distributed.all_gather_single` instead.
  return func(*args, **kwargs)
/e/project1/e-dev-2026d09-262/windinet_venv/lib/python3.12/site-packages/torch/distributed/c10d_logger.py:83: FutureWarning: `torch.distributed.all_gather_into_tensor` is deprecated. Please use `torch.distributed.all_gather_single` instead.
  return func(*args, **kwargs)
/e/project1/e-dev-2026d09-262/windinet_venv/lib/python3.12/site-packages/torch/distributed/c10d_logger.py:83: FutureWarning: `torch.distributed.all_gather_into_tensor` is deprecated. Please use `torch.distributed.all_gather_single` instead.
  return func(*args, **kwargs)
/e/project1/e-dev-2026d09-262/windinet_venv/lib/python3.12/site-packages/torch/distributed/c10d_logger.py:83: FutureWarning: `torch.distributed.all_gather_into_tensor` is deprecated. Please use `torch.distributed.all_gather_single` instead.
  return func(*args, **kwargs)
/e/project1/e-dev-2026d09-262/windinet_venv/lib/python3.12/site-packages/torch/distributed/c10d_logger.py:83: FutureWarning: `torch.distributed.all_gather_into_tensor` is deprecated. Please use `torch.distributed.all_gather_single` instead.
  return func(*args, **kwargs)
/e/project1/e-dev-2026d09-262/windinet_venv/lib/python3.12/site-packages/torch/distributed/c10d_logger.py:83: FutureWarning: `torch.distributed.all_gather_into_tensor` is deprecated. Please use `torch.distributed.all_gather_single` instead.
  return func(*args, **kwargs)
/e/project1/e-dev-2026d09-262/windinet_venv/lib/python3.12/site-packages/torch/distributed/c10d_logger.py:83: FutureWarning: `torch.distributed.all_gather_into_tensor` is deprecated. Please use `torch.distributed.all_gather_single` instead.
  return func(*args, **kwargs)
/e/project1/e-dev-2026d09-262/windinet_venv/lib/python3.12/site-packages/torch/distributed/c10d_logger.py:83: FutureWarning: `torch.distributed.all_gather_into_tensor` is deprecated. Please use `torch.distributed.all_gather_single` instead.
  return func(*args, **kwargs)
/e/project1/e-dev-2026d09-262/windinet_venv/lib/python3.12/site-packages/torch/distributed/c10d_logger.py:83: FutureWarning: `torch.distributed.all_gather_into_tensor` is deprecated. Please use `torch.distributed.all_gather_single` instead.
  return func(*args, **kwargs)
/e/project1/e-dev-2026d09-262/windinet_venv/lib/python3.12/site-packages/torch/distributed/c10d_logger.py:83: FutureWarning: `torch.distributed.all_gather_into_tensor` is deprecated. Please use `torch.distributed.all_gather_single` instead.
  return func(*args, **kwargs)
/e/project1/e-dev-2026d09-262/windinet_venv/lib/python3.12/site-packages/torch/distributed/c10d_logger.py:83: FutureWarning: `torch.distributed.all_gather_into_tensor` is deprecated. Please use `torch.distributed.all_gather_single` instead.
  return func(*args, **kwargs)
/e/project1/e-dev-2026d09-262/windinet_venv/lib/python3.12/site-packages/torch/distributed/c10d_logger.py:83: FutureWarning: `torch.distributed.all_gather_into_tensor` is deprecated. Please use `torch.distributed.all_gather_single` instead.
  return func(*args, **kwargs)
/e/project1/e-dev-2026d09-262/windinet_venv/lib/python3.12/site-packages/torch/distributed/c10d_logger.py:83: FutureWarning: `torch.distributed.all_gather_into_tensor` is deprecated. Please use `torch.distributed.all_gather_single` instead.
  return func(*args, **kwargs)
/e/project1/e-dev-2026d09-262/windinet_venv/lib/python3.12/site-packages/torch/distributed/c10d_logger.py:83: FutureWarning: `torch.distributed.all_gather_into_tensor` is deprecated. Please use `torch.distributed.all_gather_single` instead.
  return func(*args, **kwargs)
/e/project1/e-dev-2026d09-262/windinet_venv/lib/python3.12/site-packages/torch/distributed/c10d_logger.py:83: FutureWarning: `torch.distributed.all_gather_into_tensor` is deprecated. Please use `torch.distributed.all_gather_single` instead.
  return func(*args, **kwargs)
/e/project1/e-dev-2026d09-262/windinet_venv/lib/python3.12/site-packages/torch/distributed/c10d_logger.py:83: FutureWarning: `torch.distributed.all_gather_into_tensor` is deprecated. Please use `torch.distributed.all_gather_single` instead.
  return func(*args, **kwargs)
/e/project1/e-dev-2026d09-262/windinet_venv/lib/python3.12/site-packages/torch/distributed/c10d_logger.py:83: FutureWarning: `torch.distributed.all_gather_into_tensor` is deprecated. Please use `torch.distributed.all_gather_single` instead.
  return func(*args, **kwargs)
/e/project1/e-dev-2026d09-262/windinet_venv/lib/python3.12/site-packages/torch/distributed/c10d_logger.py:83: FutureWarning: `torch.distributed.all_gather_into_tensor` is deprecated. Please use `torch.distributed.all_gather_single` instead.
  return func(*args, **kwargs)
/e/project1/e-dev-2026d09-262/windinet_venv/lib/python3.12/site-packages/torch/distributed/c10d_logger.py:83: FutureWarning: `torch.distributed.all_gather_into_tensor` is deprecated. Please use `torch.distributed.all_gather_single` instead.
  return func(*args, **kwargs)
/e/project1/e-dev-2026d09-262/windinet_venv/lib/python3.12/site-packages/torch/distributed/c10d_logger.py:83: FutureWarning: `torch.distributed.all_gather_into_tensor` is deprecated. Please use `torch.distributed.all_gather_single` instead.
  return func(*args, **kwargs)
/e/project1/e-dev-2026d09-262/windinet_venv/lib/python3.12/site-packages/torch/distributed/c10d_logger.py:83: FutureWarning: `torch.distributed.all_gather_into_tensor` is deprecated. Please use `torch.distributed.all_gather_single` instead.
  return func(*args, **kwargs)
/e/project1/e-dev-2026d09-262/windinet_venv/lib/python3.12/site-packages/torch/distributed/c10d_logger.py:83: FutureWarning: `torch.distributed.all_gather_into_tensor` is deprecated. Please use `torch.distributed.all_gather_single` instead.
  return func(*args, **kwargs)
/e/project1/e-dev-2026d09-262/windinet_venv/lib/python3.12/site-packages/torch/distributed/c10d_logger.py:83: FutureWarning: `torch.distributed.all_gather_into_tensor` is deprecated. Please use `torch.distributed.all_gather_single` instead.
  return func(*args, **kwargs)
/e/project1/e-dev-2026d09-262/windinet_venv/lib/python3.12/site-packages/torch/distributed/c10d_logger.py:83: FutureWarning: `torch.distributed.all_gather_into_tensor` is deprecated. Please use `torch.distributed.all_gather_single` instead.
  return func(*args, **kwargs)
/e/project1/e-dev-2026d09-262/windinet_venv/lib/python3.12/site-packages/torch/distributed/c10d_logger.py:83: FutureWarning: `torch.distributed.all_gather_into_tensor` is deprecated. Please use `torch.distributed.all_gather_single` instead.
  return func(*args, **kwargs)
/e/project1/e-dev-2026d09-262/windinet_venv/lib/python3.12/site-packages/torch/distributed/c10d_logger.py:83: FutureWarning: `torch.distributed.all_gather_into_tensor` is deprecated. Please use `torch.distributed.all_gather_single` instead.
  return func(*args, **kwargs)
/e/project1/e-dev-2026d09-262/windinet_venv/lib/python3.12/site-packages/torch/distributed/c10d_logger.py:83: FutureWarning: `torch.distributed.all_gather_into_tensor` is deprecated. Please use `torch.distributed.all_gather_single` instead.
  return func(*args, **kwargs)
/e/project1/e-dev-2026d09-262/windinet_venv/lib/python3.12/site-packages/torch/distributed/c10d_logger.py:83: FutureWarning: `torch.distributed.all_gather_into_tensor` is deprecated. Please use `torch.distributed.all_gather_single` instead.
  return func(*args, **kwargs)
/e/project1/e-dev-2026d09-262/windinet_venv/lib/python3.12/site-packages/torch/distributed/c10d_logger.py:83: FutureWarning: `torch.distributed.all_gather_into_tensor` is deprecated. Please use `torch.distributed.all_gather_single` instead.
  return func(*args, **kwargs)
/e/project1/e-dev-2026d09-262/windinet_venv/lib/python3.12/site-packages/torch/distributed/c10d_logger.py:83: FutureWarning: `torch.distributed.all_gather_into_tensor` is deprecated. Please use `torch.distributed.all_gather_single` instead.
  return func(*args, **kwargs)
/e/project1/e-dev-2026d09-262/windinet_venv/lib/python3.12/site-packages/torch/distributed/c10d_logger.py:83: FutureWarning: `torch.distributed.all_gather_into_tensor` is deprecated. Please use `torch.distributed.all_gather_single` instead.
  return func(*args, **kwargs)
/e/project1/e-dev-2026d09-262/windinet_venv/lib/python3.12/site-packages/torch/distributed/c10d_logger.py:83: FutureWarning: `torch.distributed.all_gather_into_tensor` is deprecated. Please use `torch.distributed.all_gather_single` instead.
  return func(*args, **kwargs)
/e/project1/e-dev-2026d09-262/windinet_venv/lib/python3.12/site-packages/torch/distributed/c10d_logger.py:83: FutureWarning: `torch.distributed.all_gather_into_tensor` is deprecated. Please use `torch.distributed.all_gather_single` instead.
  return func(*args, **kwargs)
/e/project1/e-dev-2026d09-262/windinet_venv/lib/python3.12/site-packages/torch/distributed/c10d_logger.py:83: FutureWarning: `torch.distributed.all_gather_into_tensor` is deprecated. Please use `torch.distributed.all_gather_single` instead.
  return func(*args, **kwargs)
/e/project1/e-dev-2026d09-262/windinet_venv/lib/python3.12/site-packages/torch/distributed/c10d_logger.py:83: FutureWarning: `torch.distributed.all_gather_into_tensor` is deprecated. Please use `torch.distributed.all_gather_single` instead.
  return func(*args, **kwargs)
/e/project1/e-dev-2026d09-262/windinet_venv/lib/python3.12/site-packages/torch/distributed/c10d_logger.py:83: FutureWarning: `torch.distributed.all_gather_into_tensor` is deprecated. Please use `torch.distributed.all_gather_single` instead.
  return func(*args, **kwargs)
/e/project1/e-dev-2026d09-262/windinet_venv/lib/python3.12/site-packages/torch/distributed/c10d_logger.py:83: FutureWarning: `torch.distributed.all_gather_into_tensor` is deprecated. Please use `torch.distributed.all_gather_single` instead.
  return func(*args, **kwargs)
/e/project1/e-dev-2026d09-262/windinet_venv/lib/python3.12/site-packages/torch/distributed/c10d_logger.py:83: FutureWarning: `torch.distributed.all_gather_into_tensor` is deprecated. Please use `torch.distributed.all_gather_single` instead.
  return func(*args, **kwargs)
/e/project1/e-dev-2026d09-262/windinet_venv/lib/python3.12/site-packages/torch/distributed/c10d_logger.py:83: FutureWarning: `torch.distributed.all_gather_into_tensor` is deprecated. Please use `torch.distributed.all_gather_single` instead.
  return func(*args, **kwargs)
/e/project1/e-dev-2026d09-262/windinet_venv/lib/python3.12/site-packages/torch/distributed/c10d_logger.py:83: FutureWarning: `torch.distributed.all_gather_into_tensor` is deprecated. Please use `torch.distributed.all_gather_single` instead.
  return func(*args, **kwargs)
/e/project1/e-dev-2026d09-262/windinet_venv/lib/python3.12/site-packages/torch/distributed/c10d_logger.py:83: FutureWarning: `torch.distributed.all_gather_into_tensor` is deprecated. Please use `torch.distributed.all_gather_single` instead.
  return func(*args, **kwargs)
/e/project1/e-dev-2026d09-262/windinet_venv/lib/python3.12/site-packages/torch/distributed/c10d_logger.py:83: FutureWarning: `torch.distributed.all_gather_into_tensor` is deprecated. Please use `torch.distributed.all_gather_single` instead.
  return func(*args, **kwargs)
/e/project1/e-dev-2026d09-262/windinet_venv/lib/python3.12/site-packages/torch/distributed/c10d_logger.py:83: FutureWarning: `torch.distributed.all_gather_into_tensor` is deprecated. Please use `torch.distributed.all_gather_single` instead.
  return func(*args, **kwargs)
/e/project1/e-dev-2026d09-262/windinet_venv/lib/python3.12/site-packages/torch/distributed/c10d_logger.py:83: FutureWarning: `torch.distributed.all_gather_into_tensor` is deprecated. Please use `torch.distributed.all_gather_single` instead.
  return func(*args, **kwargs)
/e/project1/e-dev-2026d09-262/windinet_venv/lib/python3.12/site-packages/torch/distributed/c10d_logger.py:83: FutureWarning: `torch.distributed.all_gather_into_tensor` is deprecated. Please use `torch.distributed.all_gather_single` instead.
  return func(*args, **kwargs)
/e/project1/e-dev-2026d09-262/windinet_venv/lib/python3.12/site-packages/torch/distributed/c10d_logger.py:83: FutureWarning: `torch.distributed.all_gather_into_tensor` is deprecated. Please use `torch.distributed.all_gather_single` instead.
  return func(*args, **kwargs)
/e/project1/e-dev-2026d09-262/windinet_venv/lib/python3.12/site-packages/torch/distributed/c10d_logger.py:83: FutureWarning: `torch.distributed.all_gather_into_tensor` is deprecated. Please use `torch.distributed.all_gather_single` instead.
  return func(*args, **kwargs)
/e/project1/e-dev-2026d09-262/windinet_venv/lib/python3.12/site-packages/torch/distributed/c10d_logger.py:83: FutureWarning: `torch.distributed.all_gather_into_tensor` is deprecated. Please use `torch.distributed.all_gather_single` instead.
  return func(*args, **kwargs)
/e/project1/e-dev-2026d09-262/windinet_venv/lib/python3.12/site-packages/torch/distributed/c10d_logger.py:83: FutureWarning: `torch.distributed.all_gather_into_tensor` is deprecated. Please use `torch.distributed.all_gather_single` instead.
  return func(*args, **kwargs)
/e/project1/e-dev-2026d09-262/windinet_venv/lib/python3.12/site-packages/torch/distributed/c10d_logger.py:83: FutureWarning: `torch.distributed.all_gather_into_tensor` is deprecated. Please use `torch.distributed.all_gather_single` instead.
  return func(*args, **kwargs)
/e/project1/e-dev-2026d09-262/windinet_venv/lib/python3.12/site-packages/torch/distributed/c10d_logger.py:83: FutureWarning: `torch.distributed.all_gather_into_tensor` is deprecated. Please use `torch.distributed.all_gather_single` instead.
  return func(*args, **kwargs)
/e/project1/e-dev-2026d09-262/windinet_venv/lib/python3.12/site-packages/torch/distributed/c10d_logger.py:83: FutureWarning: `torch.distributed.all_gather_into_tensor` is deprecated. Please use `torch.distributed.all_gather_single` instead.
  return func(*args, **kwargs)
/e/project1/e-dev-2026d09-262/windinet_venv/lib/python3.12/site-packages/torch/distributed/c10d_logger.py:83: FutureWarning: `torch.distributed.all_gather_into_tensor` is deprecated. Please use `torch.distributed.all_gather_single` instead.
  return func(*args, **kwargs)
/e/project1/e-dev-2026d09-262/windinet_venv/lib/python3.12/site-packages/torch/distributed/c10d_logger.py:83: FutureWarning: `torch.distributed.all_gather_into_tensor` is deprecated. Please use `torch.distributed.all_gather_single` instead.
  return func(*args, **kwargs)
/e/project1/e-dev-2026d09-262/windinet_venv/lib/python3.12/site-packages/torch/distributed/c10d_logger.py:83: FutureWarning: `torch.distributed.all_gather_into_tensor` is deprecated. Please use `torch.distributed.all_gather_single` instead.
  return func(*args, **kwargs)
/e/project1/e-dev-2026d09-262/windinet_venv/lib/python3.12/site-packages/torch/distributed/c10d_logger.py:83: FutureWarning: `torch.distributed.all_gather_into_tensor` is deprecated. Please use `torch.distributed.all_gather_single` instead.
  return func(*args, **kwargs)
/e/project1/e-dev-2026d09-262/windinet_venv/lib/python3.12/site-packages/torch/distributed/c10d_logger.py:83: FutureWarning: `torch.distributed.all_gather_into_tensor` is deprecated. Please use `torch.distributed.all_gather_single` instead.
  return func(*args, **kwargs)
/e/project1/e-dev-2026d09-262/windinet_venv/lib/python3.12/site-packages/torch/distributed/c10d_logger.py:83: FutureWarning: `torch.distributed.all_gather_into_tensor` is deprecated. Please use `torch.distributed.all_gather_single` instead.
  return func(*args, **kwargs)
/e/project1/e-dev-2026d09-262/windinet_venv/lib/python3.12/site-packages/torch/distributed/c10d_logger.py:83: FutureWarning: `torch.distributed.all_gather_into_tensor` is deprecated. Please use `torch.distributed.all_gather_single` instead.
  return func(*args, **kwargs)
/e/project1/e-dev-2026d09-262/windinet_venv/lib/python3.12/site-packages/torch/distributed/c10d_logger.py:83: FutureWarning: `torch.distributed.all_gather_into_tensor` is deprecated. Please use `torch.distributed.all_gather_single` instead.
  return func(*args, **kwargs)
/e/project1/e-dev-2026d09-262/windinet_venv/lib/python3.12/site-packages/torch/distributed/c10d_logger.py:83: FutureWarning: `torch.distributed.all_gather_into_tensor` is deprecated. Please use `torch.distributed.all_gather_single` instead.
  return func(*args, **kwargs)
/e/project1/e-dev-2026d09-262/windinet_venv/lib/python3.12/site-packages/torch/distributed/c10d_logger.py:83: FutureWarning: `torch.distributed.all_gather_into_tensor` is deprecated. Please use `torch.distributed.all_gather_single` instead.
  return func(*args, **kwargs)
/e/project1/e-dev-2026d09-262/windinet_venv/lib/python3.12/site-packages/torch/distributed/c10d_logger.py:83: FutureWarning: `torch.distributed.all_gather_into_tensor` is deprecated. Please use `torch.distributed.all_gather_single` instead.
  return func(*args, **kwargs)
/e/project1/e-dev-2026d09-262/windinet_venv/lib/python3.12/site-packages/torch/distributed/c10d_logger.py:83: FutureWarning: `torch.distributed.all_gather_into_tensor` is deprecated. Please use `torch.distributed.all_gather_single` instead.
  return func(*args, **kwargs)
/e/project1/e-dev-2026d09-262/windinet_venv/lib/python3.12/site-packages/torch/distributed/c10d_logger.py:83: FutureWarning: `torch.distributed.all_gather_into_tensor` is deprecated. Please use `torch.distributed.all_gather_single` instead.
  return func(*args, **kwargs)
/e/project1/e-dev-2026d09-262/windinet_venv/lib/python3.12/site-packages/torch/distributed/c10d_logger.py:83: FutureWarning: `torch.distributed.all_gather_into_tensor` is deprecated. Please use `torch.distributed.all_gather_single` instead.
  return func(*args, **kwargs)
/e/project1/e-dev-2026d09-262/windinet_venv/lib/python3.12/site-packages/torch/distributed/c10d_logger.py:83: FutureWarning: `torch.distributed.all_gather_into_tensor` is deprecated. Please use `torch.distributed.all_gather_single` instead.
  return func(*args, **kwargs)
/e/project1/e-dev-2026d09-262/windinet_venv/lib/python3.12/site-packages/torch/distributed/c10d_logger.py:83: FutureWarning: `torch.distributed.all_gather_into_tensor` is deprecated. Please use `torch.distributed.all_gather_single` instead.
  return func(*args, **kwargs)
/e/project1/e-dev-2026d09-262/windinet_venv/lib/python3.12/site-packages/torch/distributed/c10d_logger.py:83: FutureWarning: `torch.distributed.all_gather_into_tensor` is deprecated. Please use `torch.distributed.all_gather_single` instead.
  return func(*args, **kwargs)
/e/project1/e-dev-2026d09-262/windinet_venv/lib/python3.12/site-packages/torch/distributed/c10d_logger.py:83: FutureWarning: `torch.distributed.all_gather_into_tensor` is deprecated. Please use `torch.distributed.all_gather_single` instead.
  return func(*args, **kwargs)
/e/project1/e-dev-2026d09-262/windinet_venv/lib/python3.12/site-packages/torch/distributed/c10d_logger.py:83: FutureWarning: `torch.distributed.all_gather_into_tensor` is deprecated. Please use `torch.distributed.all_gather_single` instead.
  return func(*args, **kwargs)
/e/project1/e-dev-2026d09-262/windinet_venv/lib/python3.12/site-packages/torch/distributed/c10d_logger.py:83: FutureWarning: `torch.distributed.all_gather_into_tensor` is deprecated. Please use `torch.distributed.all_gather_single` instead.
  return func(*args, **kwargs)
/e/project1/e-dev-2026d09-262/windinet_venv/lib/python3.12/site-packages/torch/distributed/c10d_logger.py:83: FutureWarning: `torch.distributed.all_gather_into_tensor` is deprecated. Please use `torch.distributed.all_gather_single` instead.
  return func(*args, **kwargs)
/e/project1/e-dev-2026d09-262/windinet_venv/lib/python3.12/site-packages/torch/distributed/c10d_logger.py:83: FutureWarning: `torch.distributed.all_gather_into_tensor` is deprecated. Please use `torch.distributed.all_gather_single` instead.
  return func(*args, **kwargs)
/e/project1/e-dev-2026d09-262/windinet_venv/lib/python3.12/site-packages/torch/distributed/c10d_logger.py:83: FutureWarning: `torch.distributed.all_gather_into_tensor` is deprecated. Please use `torch.distributed.all_gather_single` instead.
  return func(*args, **kwargs)
/e/project1/e-dev-2026d09-262/windinet_venv/lib/python3.12/site-packages/torch/distributed/c10d_logger.py:83: FutureWarning: `torch.distributed.all_gather_into_tensor` is deprecated. Please use `torch.distributed.all_gather_single` instead.
  return func(*args, **kwargs)
/e/project1/e-dev-2026d09-262/windinet_venv/lib/python3.12/site-packages/torch/distributed/c10d_logger.py:83: FutureWarning: `torch.distributed.all_gather_into_tensor` is deprecated. Please use `torch.distributed.all_gather_single` instead.
  return func(*args, **kwargs)
/e/project1/e-dev-2026d09-262/windinet_venv/lib/python3.12/site-packages/torch/distributed/c10d_logger.py:83: FutureWarning: `torch.distributed.all_gather_into_tensor` is deprecated. Please use `torch.distributed.all_gather_single` instead.
  return func(*args, **kwargs)
/e/project1/e-dev-2026d09-262/windinet_venv/lib/python3.12/site-packages/torch/distributed/c10d_logger.py:83: FutureWarning: `torch.distributed.all_gather_into_tensor` is deprecated. Please use `torch.distributed.all_gather_single` instead.
  return func(*args, **kwargs)
/e/project1/e-dev-2026d09-262/windinet_venv/lib/python3.12/site-packages/torch/distributed/c10d_logger.py:83: FutureWarning: `torch.distributed.all_gather_into_tensor` is deprecated. Please use `torch.distributed.all_gather_single` instead.
  return func(*args, **kwargs)
/e/project1/e-dev-2026d09-262/windinet_venv/lib/python3.12/site-packages/torch/distributed/c10d_logger.py:83: FutureWarning: `torch.distributed.all_gather_into_tensor` is deprecated. Please use `torch.distributed.all_gather_single` instead.
  return func(*args, **kwargs)
/e/project1/e-dev-2026d09-262/windinet_venv/lib/python3.12/site-packages/torch/distributed/c10d_logger.py:83: FutureWarning: `torch.distributed.all_gather_into_tensor` is deprecated. Please use `torch.distributed.all_gather_single` instead.
  return func(*args, **kwargs)
/e/project1/e-dev-2026d09-262/windinet_venv/lib/python3.12/site-packages/torch/distributed/c10d_logger.py:83: FutureWarning: `torch.distributed.all_gather_into_tensor` is deprecated. Please use `torch.distributed.all_gather_single` instead.
  return func(*args, **kwargs)
/e/project1/e-dev-2026d09-262/windinet_venv/lib/python3.12/site-packages/torch/distributed/c10d_logger.py:83: FutureWarning: `torch.distributed.all_gather_into_tensor` is deprecated. Please use `torch.distributed.all_gather_single` instead.
  return func(*args, **kwargs)
/e/project1/e-dev-2026d09-262/windinet_venv/lib/python3.12/site-packages/torch/distributed/c10d_logger.py:83: FutureWarning: `torch.distributed.all_gather_into_tensor` is deprecated. Please use `torch.distributed.all_gather_single` instead.
  return func(*args, **kwargs)
/e/project1/e-dev-2026d09-262/windinet_venv/lib/python3.12/site-packages/torch/distributed/c10d_logger.py:83: FutureWarning: `torch.distributed.all_gather_into_tensor` is deprecated. Please use `torch.distributed.all_gather_single` instead.
  return func(*args, **kwargs)
/e/project1/e-dev-2026d09-262/windinet_venv/lib/python3.12/site-packages/torch/distributed/c10d_logger.py:83: FutureWarning: `torch.distributed.all_gather_into_tensor` is deprecated. Please use `torch.distributed.all_gather_single` instead.
  return func(*args, **kwargs)
/e/project1/e-dev-2026d09-262/windinet_venv/lib/python3.12/site-packages/torch/distributed/c10d_logger.py:83: FutureWarning: `torch.distributed.all_gather_into_tensor` is deprecated. Please use `torch.distributed.all_gather_single` instead.
  return func(*args, **kwargs)
/e/project1/e-dev-2026d09-262/windinet_venv/lib/python3.12/site-packages/torch/distributed/c10d_logger.py:83: FutureWarning: `torch.distributed.all_gather_into_tensor` is deprecated. Please use `torch.distributed.all_gather_single` instead.
  return func(*args, **kwargs)
/e/project1/e-dev-2026d09-262/windinet_venv/lib/python3.12/site-packages/torch/distributed/c10d_logger.py:83: FutureWarning: `torch.distributed.all_gather_into_tensor` is deprecated. Please use `torch.distributed.all_gather_single` instead.
  return func(*args, **kwargs)
/e/project1/e-dev-2026d09-262/windinet_venv/lib/python3.12/site-packages/torch/distributed/c10d_logger.py:83: FutureWarning: `torch.distributed.all_gather_into_tensor` is deprecated. Please use `torch.distributed.all_gather_single` instead.
  return func(*args, **kwargs)
/e/project1/e-dev-2026d09-262/windinet_venv/lib/python3.12/site-packages/torch/distributed/c10d_logger.py:83: FutureWarning: `torch.distributed.all_gather_into_tensor` is deprecated. Please use `torch.distributed.all_gather_single` instead.
  return func(*args, **kwargs)
/e/project1/e-dev-2026d09-262/windinet_venv/lib/python3.12/site-packages/torch/distributed/c10d_logger.py:83: FutureWarning: `torch.distributed.all_gather_into_tensor` is deprecated. Please use `torch.distributed.all_gather_single` instead.
  return func(*args, **kwargs)
/e/project1/e-dev-2026d09-262/windinet_venv/lib/python3.12/site-packages/torch/distributed/c10d_logger.py:83: FutureWarning: `torch.distributed.all_gather_into_tensor` is deprecated. Please use `torch.distributed.all_gather_single` instead.
  return func(*args, **kwargs)
/e/project1/e-dev-2026d09-262/windinet_venv/lib/python3.12/site-packages/torch/distributed/c10d_logger.py:83: FutureWarning: `torch.distributed.all_gather_into_tensor` is deprecated. Please use `torch.distributed.all_gather_single` instead.
  return func(*args, **kwargs)
/e/project1/e-dev-2026d09-262/windinet_venv/lib/python3.12/site-packages/torch/distributed/c10d_logger.py:83: FutureWarning: `torch.distributed.all_gather_into_tensor` is deprecated. Please use `torch.distributed.all_gather_single` instead.
  return func(*args, **kwargs)
/e/project1/e-dev-2026d09-262/windinet_venv/lib/python3.12/site-packages/torch/distributed/c10d_logger.py:83: FutureWarning: `torch.distributed.all_gather_into_tensor` is deprecated. Please use `torch.distributed.all_gather_single` instead.
  return func(*args, **kwargs)
/e/project1/e-dev-2026d09-262/windinet_venv/lib/python3.12/site-packages/torch/distributed/c10d_logger.py:83: FutureWarning: `torch.distributed.all_gather_into_tensor` is deprecated. Please use `torch.distributed.all_gather_single` instead.
  return func(*args, **kwargs)
/e/project1/e-dev-2026d09-262/windinet_venv/lib/python3.12/site-packages/torch/distributed/c10d_logger.py:83: FutureWarning: `torch.distributed.all_gather_into_tensor` is deprecated. Please use `torch.distributed.all_gather_single` instead.
  return func(*args, **kwargs)
/e/project1/e-dev-2026d09-262/windinet_venv/lib/python3.12/site-packages/torch/distributed/c10d_logger.py:83: FutureWarning: `torch.distributed.all_gather_into_tensor` is deprecated. Please use `torch.distributed.all_gather_single` instead.
  return func(*args, **kwargs)
/e/project1/e-dev-2026d09-262/windinet_venv/lib/python3.12/site-packages/torch/distributed/c10d_logger.py:83: FutureWarning: `torch.distributed.all_gather_into_tensor` is deprecated. Please use `torch.distributed.all_gather_single` instead.
  return func(*args, **kwargs)
/e/project1/e-dev-2026d09-262/windinet_venv/lib/python3.12/site-packages/torch/distributed/c10d_logger.py:83: FutureWarning: `torch.distributed.all_gather_into_tensor` is deprecated. Please use `torch.distributed.all_gather_single` instead.
  return func(*args, **kwargs)
/e/project1/e-dev-2026d09-262/windinet_venv/lib/python3.12/site-packages/torch/distributed/c10d_logger.py:83: FutureWarning: `torch.distributed.all_gather_into_tensor` is deprecated. Please use `torch.distributed.all_gather_single` instead.
  return func(*args, **kwargs)
/e/project1/e-dev-2026d09-262/windinet_venv/lib/python3.12/site-packages/torch/distributed/c10d_logger.py:83: FutureWarning: `torch.distributed.all_gather_into_tensor` is deprecated. Please use `torch.distributed.all_gather_single` instead.
  return func(*args, **kwargs)
/e/project1/e-dev-2026d09-262/windinet_venv/lib/python3.12/site-packages/torch/distributed/c10d_logger.py:83: FutureWarning: `torch.distributed.all_gather_into_tensor` is deprecated. Please use `torch.distributed.all_gather_single` instead.
  return func(*args, **kwargs)
/e/project1/e-dev-2026d09-262/windinet_venv/lib/python3.12/site-packages/torch/distributed/c10d_logger.py:83: FutureWarning: `torch.distributed.all_gather_into_tensor` is deprecated. Please use `torch.distributed.all_gather_single` instead.
  return func(*args, **kwargs)
/e/project1/e-dev-2026d09-262/windinet_venv/lib/python3.12/site-packages/torch/distributed/c10d_logger.py:83: FutureWarning: `torch.distributed.all_gather_into_tensor` is deprecated. Please use `torch.distributed.all_gather_single` instead.
  return func(*args, **kwargs)
/e/project1/e-dev-2026d09-262/windinet_venv/lib/python3.12/site-packages/torch/distributed/c10d_logger.py:83: FutureWarning: `torch.distributed.all_gather_into_tensor` is deprecated. Please use `torch.distributed.all_gather_single` instead.
  return func(*args, **kwargs)
/e/project1/e-dev-2026d09-262/windinet_venv/lib/python3.12/site-packages/torch/distributed/c10d_logger.py:83: FutureWarning: `torch.distributed.all_gather_into_tensor` is deprecated. Please use `torch.distributed.all_gather_single` instead.
  return func(*args, **kwargs)
/e/project1/e-dev-2026d09-262/windinet_venv/lib/python3.12/site-packages/torch/distributed/c10d_logger.py:83: FutureWarning: `torch.distributed.all_gather_into_tensor` is deprecated. Please use `torch.distributed.all_gather_single` instead.
  return func(*args, **kwargs)
/e/project1/e-dev-2026d09-262/windinet_venv/lib/python3.12/site-packages/torch/distributed/c10d_logger.py:83: FutureWarning: `torch.distributed.all_gather_into_tensor` is deprecated. Please use `torch.distributed.all_gather_single` instead.
  return func(*args, **kwargs)
/e/project1/e-dev-2026d09-262/windinet_venv/lib/python3.12/site-packages/torch/distributed/c10d_logger.py:83: FutureWarning: `torch.distributed.all_gather_into_tensor` is deprecated. Please use `torch.distributed.all_gather_single` instead.
  return func(*args, **kwargs)
/e/project1/e-dev-2026d09-262/windinet_venv/lib/python3.12/site-packages/torch/distributed/c10d_logger.py:83: FutureWarning: `torch.distributed.all_gather_into_tensor` is deprecated. Please use `torch.distributed.all_gather_single` instead.
  return func(*args, **kwargs)
/e/project1/e-dev-2026d09-262/windinet_venv/lib/python3.12/site-packages/torch/distributed/c10d_logger.py:83: FutureWarning: `torch.distributed.all_gather_into_tensor` is deprecated. Please use `torch.distributed.all_gather_single` instead.
  return func(*args, **kwargs)
/e/project1/e-dev-2026d09-262/windinet_venv/lib/python3.12/site-packages/torch/distributed/c10d_logger.py:83: FutureWarning: `torch.distributed.all_gather_into_tensor` is deprecated. Please use `torch.distributed.all_gather_single` instead.
  return func(*args, **kwargs)
/e/project1/e-dev-2026d09-262/windinet_venv/lib/python3.12/site-packages/torch/distributed/c10d_logger.py:83: FutureWarning: `torch.distributed.all_gather_into_tensor` is deprecated. Please use `torch.distributed.all_gather_single` instead.
  return func(*args, **kwargs)
/e/project1/e-dev-2026d09-262/windinet_venv/lib/python3.12/site-packages/torch/distributed/c10d_logger.py:83: FutureWarning: `torch.distributed.all_gather_into_tensor` is deprecated. Please use `torch.distributed.all_gather_single` instead.
  return func(*args, **kwargs)
/e/project1/e-dev-2026d09-262/windinet_venv/lib/python3.12/site-packages/torch/distributed/c10d_logger.py:83: FutureWarning: `torch.distributed.all_gather_into_tensor` is deprecated. Please use `torch.distributed.all_gather_single` instead.
  return func(*args, **kwargs)
/e/project1/e-dev-2026d09-262/windinet_venv/lib/python3.12/site-packages/torch/distributed/c10d_logger.py:83: FutureWarning: `torch.distributed.all_gather_into_tensor` is deprecated. Please use `torch.distributed.all_gather_single` instead.
  return func(*args, **kwargs)
/e/project1/e-dev-2026d09-262/windinet_venv/lib/python3.12/site-packages/torch/distributed/c10d_logger.py:83: FutureWarning: `torch.distributed.all_gather_into_tensor` is deprecated. Please use `torch.distributed.all_gather_single` instead.
  return func(*args, **kwargs)
/e/project1/e-dev-2026d09-262/windinet_venv/lib/python3.12/site-packages/torch/distributed/c10d_logger.py:83: FutureWarning: `torch.distributed.all_gather_into_tensor` is deprecated. Please use `torch.distributed.all_gather_single` instead.
  return func(*args, **kwargs)
/e/project1/e-dev-2026d09-262/windinet_venv/lib/python3.12/site-packages/torch/distributed/c10d_logger.py:83: FutureWarning: `torch.distributed.all_gather_into_tensor` is deprecated. Please use `torch.distributed.all_gather_single` instead.
  return func(*args, **kwargs)
/e/project1/e-dev-2026d09-262/windinet_venv/lib/python3.12/site-packages/torch/distributed/c10d_logger.py:83: FutureWarning: `torch.distributed.all_gather_into_tensor` is deprecated. Please use `torch.distributed.all_gather_single` instead.
  return func(*args, **kwargs)
/e/project1/e-dev-2026d09-262/windinet_venv/lib/python3.12/site-packages/torch/distributed/c10d_logger.py:83: FutureWarning: `torch.distributed.all_gather_into_tensor` is deprecated. Please use `torch.distributed.all_gather_single` instead.
  return func(*args, **kwargs)
/e/project1/e-dev-2026d09-262/windinet_venv/lib/python3.12/site-packages/torch/distributed/c10d_logger.py:83: FutureWarning: `torch.distributed.all_gather_into_tensor` is deprecated. Please use `torch.distributed.all_gather_single` instead.
  return func(*args, **kwargs)
/e/project1/e-dev-2026d09-262/windinet_venv/lib/python3.12/site-packages/torch/distributed/c10d_logger.py:83: FutureWarning: `torch.distributed.all_gather_into_tensor` is deprecated. Please use `torch.distributed.all_gather_single` instead.
  return func(*args, **kwargs)
/e/project1/e-dev-2026d09-262/windinet_venv/lib/python3.12/site-packages/torch/distributed/c10d_logger.py:83: FutureWarning: `torch.distributed.all_gather_into_tensor` is deprecated. Please use `torch.distributed.all_gather_single` instead.
  return func(*args, **kwargs)
/e/project1/e-dev-2026d09-262/windinet_venv/lib/python3.12/site-packages/torch/distributed/c10d_logger.py:83: FutureWarning: `torch.distributed.all_gather_into_tensor` is deprecated. Please use `torch.distributed.all_gather_single` instead.
  return func(*args, **kwargs)
/e/project1/e-dev-2026d09-262/windinet_venv/lib/python3.12/site-packages/torch/distributed/c10d_logger.py:83: FutureWarning: `torch.distributed.all_gather_into_tensor` is deprecated. Please use `torch.distributed.all_gather_single` instead.
  return func(*args, **kwargs)
/e/project1/e-dev-2026d09-262/windinet_venv/lib/python3.12/site-packages/torch/distributed/c10d_logger.py:83: FutureWarning: `torch.distributed.all_gather_into_tensor` is deprecated. Please use `torch.distributed.all_gather_single` instead.
  return func(*args, **kwargs)
/e/project1/e-dev-2026d09-262/windinet_venv/lib/python3.12/site-packages/torch/distributed/c10d_logger.py:83: FutureWarning: `torch.distributed.all_gather_into_tensor` is deprecated. Please use `torch.distributed.all_gather_single` instead.
  return func(*args, **kwargs)
/e/project1/e-dev-2026d09-262/windinet_venv/lib/python3.12/site-packages/torch/distributed/c10d_logger.py:83: FutureWarning: `torch.distributed.all_gather_into_tensor` is deprecated. Please use `torch.distributed.all_gather_single` instead.
  return func(*args, **kwargs)
/e/project1/e-dev-2026d09-262/windinet_venv/lib/python3.12/site-packages/torch/distributed/c10d_logger.py:83: FutureWarning: `torch.distributed.all_gather_into_tensor` is deprecated. Please use `torch.distributed.all_gather_single` instead.
  return func(*args, **kwargs)
/e/project1/e-dev-2026d09-262/windinet_venv/lib/python3.12/site-packages/torch/distributed/c10d_logger.py:83: FutureWarning: `torch.distributed.all_gather_into_tensor` is deprecated. Please use `torch.distributed.all_gather_single` instead.
  return func(*args, **kwargs)
/e/project1/e-dev-2026d09-262/windinet_venv/lib/python3.12/site-packages/torch/distributed/c10d_logger.py:83: FutureWarning: `torch.distributed.all_gather_into_tensor` is deprecated. Please use `torch.distributed.all_gather_single` instead.
  return func(*args, **kwargs)
/e/project1/e-dev-2026d09-262/windinet_venv/lib/python3.12/site-packages/torch/distributed/c10d_logger.py:83: FutureWarning: `torch.distributed.all_gather_into_tensor` is deprecated. Please use `torch.distributed.all_gather_single` instead.
  return func(*args, **kwargs)
/e/project1/e-dev-2026d09-262/windinet_venv/lib/python3.12/site-packages/torch/distributed/c10d_logger.py:83: FutureWarning: `torch.distributed.all_gather_into_tensor` is deprecated. Please use `torch.distributed.all_gather_single` instead.
  return func(*args, **kwargs)
/e/project1/e-dev-2026d09-262/windinet_venv/lib/python3.12/site-packages/torch/distributed/c10d_logger.py:83: FutureWarning: `torch.distributed.all_gather_into_tensor` is deprecated. Please use `torch.distributed.all_gather_single` instead.
  return func(*args, **kwargs)
/e/project1/e-dev-2026d09-262/windinet_venv/lib/python3.12/site-packages/torch/distributed/c10d_logger.py:83: FutureWarning: `torch.distributed.all_gather_into_tensor` is deprecated. Please use `torch.distributed.all_gather_single` instead.
  return func(*args, **kwargs)
/e/project1/e-dev-2026d09-262/windinet_venv/lib/python3.12/site-packages/torch/distributed/c10d_logger.py:83: FutureWarning: `torch.distributed.all_gather_into_tensor` is deprecated. Please use `torch.distributed.all_gather_single` instead.
  return func(*args, **kwargs)
/e/project1/e-dev-2026d09-262/windinet_venv/lib/python3.12/site-packages/torch/distributed/c10d_logger.py:83: FutureWarning: `torch.distributed.all_gather_into_tensor` is deprecated. Please use `torch.distributed.all_gather_single` instead.
  return func(*args, **kwargs)
/e/project1/e-dev-2026d09-262/windinet_venv/lib/python3.12/site-packages/torch/distributed/c10d_logger.py:83: FutureWarning: `torch.distributed.all_gather_into_tensor` is deprecated. Please use `torch.distributed.all_gather_single` instead.
  return func(*args, **kwargs)
/e/project1/e-dev-2026d09-262/windinet_venv/lib/python3.12/site-packages/torch/distributed/c10d_logger.py:83: FutureWarning: `torch.distributed.all_gather_into_tensor` is deprecated. Please use `torch.distributed.all_gather_single` instead.
  return func(*args, **kwargs)
/e/project1/e-dev-2026d09-262/windinet_venv/lib/python3.12/site-packages/torch/distributed/c10d_logger.py:83: FutureWarning: `torch.distributed.all_gather_into_tensor` is deprecated. Please use `torch.distributed.all_gather_single` instead.
  return func(*args, **kwargs)
/e/project1/e-dev-2026d09-262/windinet_venv/lib/python3.12/site-packages/torch/distributed/c10d_logger.py:83: FutureWarning: `torch.distributed.all_gather_into_tensor` is deprecated. Please use `torch.distributed.all_gather_single` instead.
  return func(*args, **kwargs)
/e/project1/e-dev-2026d09-262/windinet_venv/lib/python3.12/site-packages/torch/distributed/c10d_logger.py:83: FutureWarning: `torch.distributed.all_gather_into_tensor` is deprecated. Please use `torch.distributed.all_gather_single` instead.
  return func(*args, **kwargs)
/e/project1/e-dev-2026d09-262/windinet_venv/lib/python3.12/site-packages/torch/distributed/c10d_logger.py:83: FutureWarning: `torch.distributed.all_gather_into_tensor` is deprecated. Please use `torch.distributed.all_gather_single` instead.
  return func(*args, **kwargs)
/e/project1/e-dev-2026d09-262/windinet_venv/lib/python3.12/site-packages/torch/distributed/c10d_logger.py:83: FutureWarning: `torch.distributed.all_gather_into_tensor` is deprecated. Please use `torch.distributed.all_gather_single` instead.
  return func(*args, **kwargs)
/e/project1/e-dev-2026d09-262/windinet_venv/lib/python3.12/site-packages/torch/distributed/c10d_logger.py:83: FutureWarning: `torch.distributed.all_gather_into_tensor` is deprecated. Please use `torch.distributed.all_gather_single` instead.
  return func(*args, **kwargs)
/e/project1/e-dev-2026d09-262/windinet_venv/lib/python3.12/site-packages/torch/distributed/c10d_logger.py:83: FutureWarning: `torch.distributed.all_gather_into_tensor` is deprecated. Please use `torch.distributed.all_gather_single` instead.
  return func(*args, **kwargs)
/e/project1/e-dev-2026d09-262/windinet_venv/lib/python3.12/site-packages/torch/distributed/c10d_logger.py:83: FutureWarning: `torch.distributed.all_gather_into_tensor` is deprecated. Please use `torch.distributed.all_gather_single` instead.
  return func(*args, **kwargs)
/e/project1/e-dev-2026d09-262/windinet_venv/lib/python3.12/site-packages/torch/distributed/c10d_logger.py:83: FutureWarning: `torch.distributed.all_gather_into_tensor` is deprecated. Please use `torch.distributed.all_gather_single` instead.
  return func(*args, **kwargs)
/e/project1/e-dev-2026d09-262/windinet_venv/lib/python3.12/site-packages/torch/distributed/c10d_logger.py:83: FutureWarning: `torch.distributed.all_gather_into_tensor` is deprecated. Please use `torch.distributed.all_gather_single` instead.
  return func(*args, **kwargs)
/e/project1/e-dev-2026d09-262/windinet_venv/lib/python3.12/site-packages/torch/distributed/c10d_logger.py:83: FutureWarning: `torch.distributed.all_gather_into_tensor` is deprecated. Please use `torch.distributed.all_gather_single` instead.
  return func(*args, **kwargs)
/e/project1/e-dev-2026d09-262/windinet_venv/lib/python3.12/site-packages/torch/distributed/c10d_logger.py:83: FutureWarning: `torch.distributed.all_gather_into_tensor` is deprecated. Please use `torch.distributed.all_gather_single` instead.
  return func(*args, **kwargs)
/e/project1/e-dev-2026d09-262/windinet_venv/lib/python3.12/site-packages/torch/distributed/c10d_logger.py:83: FutureWarning: `torch.distributed.all_gather_into_tensor` is deprecated. Please use `torch.distributed.all_gather_single` instead.
  return func(*args, **kwargs)
/e/project1/e-dev-2026d09-262/windinet_venv/lib/python3.12/site-packages/torch/distributed/c10d_logger.py:83: FutureWarning: `torch.distributed.all_gather_into_tensor` is deprecated. Please use `torch.distributed.all_gather_single` instead.
  return func(*args, **kwargs)
/e/project1/e-dev-2026d09-262/windinet_venv/lib/python3.12/site-packages/torch/distributed/c10d_logger.py:83: FutureWarning: `torch.distributed.all_gather_into_tensor` is deprecated. Please use `torch.distributed.all_gather_single` instead.
  return func(*args, **kwargs)
/e/project1/e-dev-2026d09-262/windinet_venv/lib/python3.12/site-packages/torch/distributed/c10d_logger.py:83: FutureWarning: `torch.distributed.all_gather_into_tensor` is deprecated. Please use `torch.distributed.all_gather_single` instead.
  return func(*args, **kwargs)
/e/project1/e-dev-2026d09-262/windinet_venv/lib/python3.12/site-packages/torch/distributed/c10d_logger.py:83: FutureWarning: `torch.distributed.all_gather_into_tensor` is deprecated. Please use `torch.distributed.all_gather_single` instead.
  return func(*args, **kwargs)
/e/project1/e-dev-2026d09-262/windinet_venv/lib/python3.12/site-packages/torch/distributed/c10d_logger.py:83: FutureWarning: `torch.distributed.all_gather_into_tensor` is deprecated. Please use `torch.distributed.all_gather_single` instead.
  return func(*args, **kwargs)
/e/project1/e-dev-2026d09-262/windinet_venv/lib/python3.12/site-packages/torch/distributed/c10d_logger.py:83: FutureWarning: `torch.distributed.all_gather_into_tensor` is deprecated. Please use `torch.distributed.all_gather_single` instead.
  return func(*args, **kwargs)
/e/project1/e-dev-2026d09-262/windinet_venv/lib/python3.12/site-packages/torch/distributed/c10d_logger.py:83: FutureWarning: `torch.distributed.all_gather_into_tensor` is deprecated. Please use `torch.distributed.all_gather_single` instead.
  return func(*args, **kwargs)
/e/project1/e-dev-2026d09-262/windinet_venv/lib/python3.12/site-packages/torch/distributed/c10d_logger.py:83: FutureWarning: `torch.distributed.all_gather_into_tensor` is deprecated. Please use `torch.distributed.all_gather_single` instead.
  return func(*args, **kwargs)
/e/project1/e-dev-2026d09-262/windinet_venv/lib/python3.12/site-packages/torch/distributed/c10d_logger.py:83: FutureWarning: `torch.distributed.all_gather_into_tensor` is deprecated. Please use `torch.distributed.all_gather_single` instead.
  return func(*args, **kwargs)
/e/project1/e-dev-2026d09-262/windinet_venv/lib/python3.12/site-packages/torch/distributed/c10d_logger.py:83: FutureWarning: `torch.distributed.all_gather_into_tensor` is deprecated. Please use `torch.distributed.all_gather_single` instead.
  return func(*args, **kwargs)
/e/project1/e-dev-2026d09-262/windinet_venv/lib/python3.12/site-packages/torch/distributed/c10d_logger.py:83: FutureWarning: `torch.distributed.all_gather_into_tensor` is deprecated. Please use `torch.distributed.all_gather_single` instead.
  return func(*args, **kwargs)
/e/project1/e-dev-2026d09-262/windinet_venv/lib/python3.12/site-packages/torch/distributed/c10d_logger.py:83: FutureWarning: `torch.distributed.all_gather_into_tensor` is deprecated. Please use `torch.distributed.all_gather_single` instead.
  return func(*args, **kwargs)
/e/project1/e-dev-2026d09-262/windinet_venv/lib/python3.12/site-packages/torch/distributed/c10d_logger.py:83: FutureWarning: `torch.distributed.all_gather_into_tensor` is deprecated. Please use `torch.distributed.all_gather_single` instead.
  return func(*args, **kwargs)
/e/project1/e-dev-2026d09-262/windinet_venv/lib/python3.12/site-packages/torch/distributed/c10d_logger.py:83: FutureWarning: `torch.distributed.all_gather_into_tensor` is deprecated. Please use `torch.distributed.all_gather_single` instead.
  return func(*args, **kwargs)
/e/project1/e-dev-2026d09-262/windinet_venv/lib/python3.12/site-packages/torch/distributed/c10d_logger.py:83: FutureWarning: `torch.distributed.all_gather_into_tensor` is deprecated. Please use `torch.distributed.all_gather_single` instead.
  return func(*args, **kwargs)
/e/project1/e-dev-2026d09-262/windinet_venv/lib/python3.12/site-packages/torch/distributed/c10d_logger.py:83: FutureWarning: `torch.distributed.all_gather_into_tensor` is deprecated. Please use `torch.distributed.all_gather_single` instead.
  return func(*args, **kwargs)
/e/project1/e-dev-2026d09-262/windinet_venv/lib/python3.12/site-packages/torch/distributed/c10d_logger.py:83: FutureWarning: `torch.distributed.all_gather_into_tensor` is deprecated. Please use `torch.distributed.all_gather_single` instead.
  return func(*args, **kwargs)
/e/project1/e-dev-2026d09-262/windinet_venv/lib/python3.12/site-packages/torch/distributed/c10d_logger.py:83: FutureWarning: `torch.distributed.all_gather_into_tensor` is deprecated. Please use `torch.distributed.all_gather_single` instead.
  return func(*args, **kwargs)
/e/project1/e-dev-2026d09-262/windinet_venv/lib/python3.12/site-packages/torch/distributed/c10d_logger.py:83: FutureWarning: `torch.distributed.all_gather_into_tensor` is deprecated. Please use `torch.distributed.all_gather_single` instead.
  return func(*args, **kwargs)
/e/project1/e-dev-2026d09-262/windinet_venv/lib/python3.12/site-packages/torch/distributed/c10d_logger.py:83: FutureWarning: `torch.distributed.all_gather_into_tensor` is deprecated. Please use `torch.distributed.all_gather_single` instead.
  return func(*args, **kwargs)
/e/project1/e-dev-2026d09-262/windinet_venv/lib/python3.12/site-packages/torch/distributed/c10d_logger.py:83: FutureWarning: `torch.distributed.all_gather_into_tensor` is deprecated. Please use `torch.distributed.all_gather_single` instead.
  return func(*args, **kwargs)
/e/project1/e-dev-2026d09-262/windinet_venv/lib/python3.12/site-packages/torch/distributed/c10d_logger.py:83: FutureWarning: `torch.distributed.all_gather_into_tensor` is deprecated. Please use `torch.distributed.all_gather_single` instead.
  return func(*args, **kwargs)
/e/project1/e-dev-2026d09-262/windinet_venv/lib/python3.12/site-packages/torch/distributed/c10d_logger.py:83: FutureWarning: `torch.distributed.all_gather_into_tensor` is deprecated. Please use `torch.distributed.all_gather_single` instead.
  return func(*args, **kwargs)
/e/project1/e-dev-2026d09-262/windinet_venv/lib/python3.12/site-packages/torch/distributed/c10d_logger.py:83: FutureWarning: `torch.distributed.all_gather_into_tensor` is deprecated. Please use `torch.distributed.all_gather_single` instead.
  return func(*args, **kwargs)
/e/project1/e-dev-2026d09-262/windinet_venv/lib/python3.12/site-packages/torch/distributed/c10d_logger.py:83: FutureWarning: `torch.distributed.all_gather_into_tensor` is deprecated. Please use `torch.distributed.all_gather_single` instead.
  return func(*args, **kwargs)
/e/project1/e-dev-2026d09-262/windinet_venv/lib/python3.12/site-packages/torch/distributed/c10d_logger.py:83: FutureWarning: `torch.distributed.all_gather_into_tensor` is deprecated. Please use `torch.distributed.all_gather_single` instead.
  return func(*args, **kwargs)
/e/project1/e-dev-2026d09-262/windinet_venv/lib/python3.12/site-packages/torch/distributed/c10d_logger.py:83: FutureWarning: `torch.distributed.all_gather_into_tensor` is deprecated. Please use `torch.distributed.all_gather_single` instead.
  return func(*args, **kwargs)
/e/project1/e-dev-2026d09-262/windinet_venv/lib/python3.12/site-packages/torch/distributed/c10d_logger.py:83: FutureWarning: `torch.distributed.all_gather_into_tensor` is deprecated. Please use `torch.distributed.all_gather_single` instead.
  return func(*args, **kwargs)
/e/project1/e-dev-2026d09-262/windinet_venv/lib/python3.12/site-packages/torch/distributed/c10d_logger.py:83: FutureWarning: `torch.distributed.all_gather_into_tensor` is deprecated. Please use `torch.distributed.all_gather_single` instead.
  return func(*args, **kwargs)
/e/project1/e-dev-2026d09-262/windinet_venv/lib/python3.12/site-packages/torch/distributed/c10d_logger.py:83: FutureWarning: `torch.distributed.all_gather_into_tensor` is deprecated. Please use `torch.distributed.all_gather_single` instead.
  return func(*args, **kwargs)
/e/project1/e-dev-2026d09-262/windinet_venv/lib/python3.12/site-packages/torch/distributed/c10d_logger.py:83: FutureWarning: `torch.distributed.all_gather_into_tensor` is deprecated. Please use `torch.distributed.all_gather_single` instead.
  return func(*args, **kwargs)
/e/project1/e-dev-2026d09-262/windinet_venv/lib/python3.12/site-packages/torch/distributed/c10d_logger.py:83: FutureWarning: `torch.distributed.all_gather_into_tensor` is deprecated. Please use `torch.distributed.all_gather_single` instead.
  return func(*args, **kwargs)
/e/project1/e-dev-2026d09-262/windinet_venv/lib/python3.12/site-packages/torch/distributed/c10d_logger.py:83: FutureWarning: `torch.distributed.all_gather_into_tensor` is deprecated. Please use `torch.distributed.all_gather_single` instead.
  return func(*args, **kwargs)
/e/project1/e-dev-2026d09-262/windinet_venv/lib/python3.12/site-packages/torch/distributed/c10d_logger.py:83: FutureWarning: `torch.distributed.all_gather_into_tensor` is deprecated. Please use `torch.distributed.all_gather_single` instead.
  return func(*args, **kwargs)
/e/project1/e-dev-2026d09-262/windinet_venv/lib/python3.12/site-packages/torch/distributed/c10d_logger.py:83: FutureWarning: `torch.distributed.all_gather_into_tensor` is deprecated. Please use `torch.distributed.all_gather_single` instead.
  return func(*args, **kwargs)
/e/project1/e-dev-2026d09-262/windinet_venv/lib/python3.12/site-packages/torch/distributed/c10d_logger.py:83: FutureWarning: `torch.distributed.all_gather_into_tensor` is deprecated. Please use `torch.distributed.all_gather_single` instead.
  return func(*args, **kwargs)
/e/project1/e-dev-2026d09-262/windinet_venv/lib/python3.12/site-packages/torch/distributed/c10d_logger.py:83: FutureWarning: `torch.distributed.all_gather_into_tensor` is deprecated. Please use `torch.distributed.all_gather_single` instead.
  return func(*args, **kwargs)
/e/project1/e-dev-2026d09-262/windinet_venv/lib/python3.12/site-packages/torch/distributed/c10d_logger.py:83: FutureWarning: `torch.distributed.all_gather_into_tensor` is deprecated. Please use `torch.distributed.all_gather_single` instead.
  return func(*args, **kwargs)
/e/project1/e-dev-2026d09-262/windinet_venv/lib/python3.12/site-packages/torch/distributed/c10d_logger.py:83: FutureWarning: `torch.distributed.all_gather_into_tensor` is deprecated. Please use `torch.distributed.all_gather_single` instead.
  return func(*args, **kwargs)
/e/project1/e-dev-2026d09-262/windinet_venv/lib/python3.12/site-packages/torch/distributed/c10d_logger.py:83: FutureWarning: `torch.distributed.all_gather_into_tensor` is deprecated. Please use `torch.distributed.all_gather_single` instead.
  return func(*args, **kwargs)
/e/project1/e-dev-2026d09-262/windinet_venv/lib/python3.12/site-packages/torch/distributed/c10d_logger.py:83: FutureWarning: `torch.distributed.all_gather_into_tensor` is deprecated. Please use `torch.distributed.all_gather_single` instead.
  return func(*args, **kwargs)
/e/project1/e-dev-2026d09-262/windinet_venv/lib/python3.12/site-packages/torch/distributed/c10d_logger.py:83: FutureWarning: `torch.distributed.all_gather_into_tensor` is deprecated. Please use `torch.distributed.all_gather_single` instead.
  return func(*args, **kwargs)
/e/project1/e-dev-2026d09-262/windinet_venv/lib/python3.12/site-packages/torch/distributed/c10d_logger.py:83: FutureWarning: `torch.distributed.all_gather_into_tensor` is deprecated. Please use `torch.distributed.all_gather_single` instead.
  return func(*args, **kwargs)
/e/project1/e-dev-2026d09-262/windinet_venv/lib/python3.12/site-packages/torch/distributed/c10d_logger.py:83: FutureWarning: `torch.distributed.all_gather_into_tensor` is deprecated. Please use `torch.distributed.all_gather_single` instead.
  return func(*args, **kwargs)
/e/project1/e-dev-2026d09-262/windinet_venv/lib/python3.12/site-packages/torch/distributed/c10d_logger.py:83: FutureWarning: `torch.distributed.all_gather_into_tensor` is deprecated. Please use `torch.distributed.all_gather_single` instead.
  return func(*args, **kwargs)
/e/project1/e-dev-2026d09-262/windinet_venv/lib/python3.12/site-packages/torch/distributed/c10d_logger.py:83: FutureWarning: `torch.distributed.all_gather_into_tensor` is deprecated. Please use `torch.distributed.all_gather_single` instead.
  return func(*args, **kwargs)
/e/project1/e-dev-2026d09-262/windinet_venv/lib/python3.12/site-packages/torch/distributed/c10d_logger.py:83: FutureWarning: `torch.distributed.all_gather_into_tensor` is deprecated. Please use `torch.distributed.all_gather_single` instead.
  return func(*args, **kwargs)
/e/project1/e-dev-2026d09-262/windinet_venv/lib/python3.12/site-packages/torch/distributed/c10d_logger.py:83: FutureWarning: `torch.distributed.all_gather_into_tensor` is deprecated. Please use `torch.distributed.all_gather_single` instead.
  return func(*args, **kwargs)
/e/project1/e-dev-2026d09-262/windinet_venv/lib/python3.12/site-packages/torch/distributed/c10d_logger.py:83: FutureWarning: `torch.distributed.all_gather_into_tensor` is deprecated. Please use `torch.distributed.all_gather_single` instead.
  return func(*args, **kwargs)
/e/project1/e-dev-2026d09-262/windinet_venv/lib/python3.12/site-packages/torch/distributed/c10d_logger.py:83: FutureWarning: `torch.distributed.all_gather_into_tensor` is deprecated. Please use `torch.distributed.all_gather_single` instead.
  return func(*args, **kwargs)
/e/project1/e-dev-2026d09-262/windinet_venv/lib/python3.12/site-packages/torch/distributed/c10d_logger.py:83: FutureWarning: `torch.distributed.all_gather_into_tensor` is deprecated. Please use `torch.distributed.all_gather_single` instead.
  return func(*args, **kwargs)
/e/project1/e-dev-2026d09-262/windinet_venv/lib/python3.12/site-packages/torch/distributed/c10d_logger.py:83: FutureWarning: `torch.distributed.all_gather_into_tensor` is deprecated. Please use `torch.distributed.all_gather_single` instead.
  return func(*args, **kwargs)
/e/project1/e-dev-2026d09-262/windinet_venv/lib/python3.12/site-packages/torch/distributed/c10d_logger.py:83: FutureWarning: `torch.distributed.all_gather_into_tensor` is deprecated. Please use `torch.distributed.all_gather_single` instead.
  return func(*args, **kwargs)
/e/project1/e-dev-2026d09-262/windinet_venv/lib/python3.12/site-packages/torch/distributed/c10d_logger.py:83: FutureWarning: `torch.distributed.all_gather_into_tensor` is deprecated. Please use `torch.distributed.all_gather_single` instead.
  return func(*args, **kwargs)
/e/project1/e-dev-2026d09-262/windinet_venv/lib/python3.12/site-packages/torch/distributed/c10d_logger.py:83: FutureWarning: `torch.distributed.all_gather_into_tensor` is deprecated. Please use `torch.distributed.all_gather_single` instead.
  return func(*args, **kwargs)
/e/project1/e-dev-2026d09-262/windinet_venv/lib/python3.12/site-packages/torch/distributed/c10d_logger.py:83: FutureWarning: `torch.distributed.all_gather_into_tensor` is deprecated. Please use `torch.distributed.all_gather_single` instead.
  return func(*args, **kwargs)
/e/project1/e-dev-2026d09-262/windinet_venv/lib/python3.12/site-packages/torch/distributed/c10d_logger.py:83: FutureWarning: `torch.distributed.all_gather_into_tensor` is deprecated. Please use `torch.distributed.all_gather_single` instead.
  return func(*args, **kwargs)
/e/project1/e-dev-2026d09-262/windinet_venv/lib/python3.12/site-packages/torch/distributed/c10d_logger.py:83: FutureWarning: `torch.distributed.all_gather_into_tensor` is deprecated. Please use `torch.distributed.all_gather_single` instead.
  return func(*args, **kwargs)
/e/project1/e-dev-2026d09-262/windinet_venv/lib/python3.12/site-packages/torch/distributed/c10d_logger.py:83: FutureWarning: `torch.distributed.all_gather_into_tensor` is deprecated. Please use `torch.distributed.all_gather_single` instead.
  return func(*args, **kwargs)
/e/project1/e-dev-2026d09-262/windinet_venv/lib/python3.12/site-packages/torch/distributed/c10d_logger.py:83: FutureWarning: `torch.distributed.all_gather_into_tensor` is deprecated. Please use `torch.distributed.all_gather_single` instead.
  return func(*args, **kwargs)
/e/project1/e-dev-2026d09-262/windinet_venv/lib/python3.12/site-packages/torch/distributed/c10d_logger.py:83: FutureWarning: `torch.distributed.all_gather_into_tensor` is deprecated. Please use `torch.distributed.all_gather_single` instead.
  return func(*args, **kwargs)
/e/project1/e-dev-2026d09-262/windinet_venv/lib/python3.12/site-packages/torch/distributed/c10d_logger.py:83: FutureWarning: `torch.distributed.all_gather_into_tensor` is deprecated. Please use `torch.distributed.all_gather_single` instead.
  return func(*args, **kwargs)
/e/project1/e-dev-2026d09-262/windinet_venv/lib/python3.12/site-packages/torch/distributed/c10d_logger.py:83: FutureWarning: `torch.distributed.all_gather_into_tensor` is deprecated. Please use `torch.distributed.all_gather_single` instead.
  return func(*args, **kwargs)
/e/project1/e-dev-2026d09-262/windinet_venv/lib/python3.12/site-packages/torch/distributed/c10d_logger.py:83: FutureWarning: `torch.distributed.all_gather_into_tensor` is deprecated. Please use `torch.distributed.all_gather_single` instead.
  return func(*args, **kwargs)
/e/project1/e-dev-2026d09-262/windinet_venv/lib/python3.12/site-packages/torch/distributed/c10d_logger.py:83: FutureWarning: `torch.distributed.all_gather_into_tensor` is deprecated. Please use `torch.distributed.all_gather_single` instead.
  return func(*args, **kwargs)
/e/project1/e-dev-2026d09-262/windinet_venv/lib/python3.12/site-packages/torch/distributed/c10d_logger.py:83: FutureWarning: `torch.distributed.all_gather_into_tensor` is deprecated. Please use `torch.distributed.all_gather_single` instead.
  return func(*args, **kwargs)
/e/project1/e-dev-2026d09-262/windinet_venv/lib/python3.12/site-packages/torch/distributed/c10d_logger.py:83: FutureWarning: `torch.distributed.all_gather_into_tensor` is deprecated. Please use `torch.distributed.all_gather_single` instead.
  return func(*args, **kwargs)
/e/project1/e-dev-2026d09-262/windinet_venv/lib/python3.12/site-packages/torch/distributed/c10d_logger.py:83: FutureWarning: `torch.distributed.all_gather_into_tensor` is deprecated. Please use `torch.distributed.all_gather_single` instead.
  return func(*args, **kwargs)
/e/project1/e-dev-2026d09-262/windinet_venv/lib/python3.12/site-packages/torch/distributed/c10d_logger.py:83: FutureWarning: `torch.distributed.all_gather_into_tensor` is deprecated. Please use `torch.distributed.all_gather_single` instead.
  return func(*args, **kwargs)
/e/project1/e-dev-2026d09-262/windinet_venv/lib/python3.12/site-packages/torch/distributed/c10d_logger.py:83: FutureWarning: `torch.distributed.all_gather_into_tensor` is deprecated. Please use `torch.distributed.all_gather_single` instead.
  return func(*args, **kwargs)
/e/project1/e-dev-2026d09-262/windinet_venv/lib/python3.12/site-packages/torch/distributed/c10d_logger.py:83: FutureWarning: `torch.distributed.all_gather_into_tensor` is deprecated. Please use `torch.distributed.all_gather_single` instead.
  return func(*args, **kwargs)
/e/project1/e-dev-2026d09-262/windinet_venv/lib/python3.12/site-packages/torch/distributed/c10d_logger.py:83: FutureWarning: `torch.distributed.all_gather_into_tensor` is deprecated. Please use `torch.distributed.all_gather_single` instead.
  return func(*args, **kwargs)
/e/project1/e-dev-2026d09-262/windinet_venv/lib/python3.12/site-packages/torch/distributed/c10d_logger.py:83: FutureWarning: `torch.distributed.all_gather_into_tensor` is deprecated. Please use `torch.distributed.all_gather_single` instead.
  return func(*args, **kwargs)
/e/project1/e-dev-2026d09-262/windinet_venv/lib/python3.12/site-packages/torch/distributed/c10d_logger.py:83: FutureWarning: `torch.distributed.all_gather_into_tensor` is deprecated. Please use `torch.distributed.all_gather_single` instead.
  return func(*args, **kwargs)
/e/project1/e-dev-2026d09-262/windinet_venv/lib/python3.12/site-packages/torch/distributed/c10d_logger.py:83: FutureWarning: `torch.distributed.all_gather_into_tensor` is deprecated. Please use `torch.distributed.all_gather_single` instead.
  return func(*args, **kwargs)
/e/project1/e-dev-2026d09-262/windinet_venv/lib/python3.12/site-packages/torch/distributed/c10d_logger.py:83: FutureWarning: `torch.distributed.all_gather_into_tensor` is deprecated. Please use `torch.distributed.all_gather_single` instead.
  return func(*args, **kwargs)
/e/project1/e-dev-2026d09-262/windinet_venv/lib/python3.12/site-packages/torch/distributed/c10d_logger.py:83: FutureWarning: `torch.distributed.all_gather_into_tensor` is deprecated. Please use `torch.distributed.all_gather_single` instead.
  return func(*args, **kwargs)
/e/project1/e-dev-2026d09-262/windinet_venv/lib/python3.12/site-packages/torch/distributed/c10d_logger.py:83: FutureWarning: `torch.distributed.all_gather_into_tensor` is deprecated. Please use `torch.distributed.all_gather_single` instead.
  return func(*args, **kwargs)
/e/project1/e-dev-2026d09-262/windinet_venv/lib/python3.12/site-packages/torch/distributed/c10d_logger.py:83: FutureWarning: `torch.distributed.all_gather_into_tensor` is deprecated. Please use `torch.distributed.all_gather_single` instead.
  return func(*args, **kwargs)
/e/project1/e-dev-2026d09-262/windinet_venv/lib/python3.12/site-packages/torch/distributed/c10d_logger.py:83: FutureWarning: `torch.distributed.all_gather_into_tensor` is deprecated. Please use `torch.distributed.all_gather_single` instead.
  return func(*args, **kwargs)
/e/project1/e-dev-2026d09-262/windinet_venv/lib/python3.12/site-packages/torch/distributed/c10d_logger.py:83: FutureWarning: `torch.distributed.all_gather_into_tensor` is deprecated. Please use `torch.distributed.all_gather_single` instead.
  return func(*args, **kwargs)
/e/project1/e-dev-2026d09-262/windinet_venv/lib/python3.12/site-packages/torch/distributed/c10d_logger.py:83: FutureWarning: `torch.distributed.all_gather_into_tensor` is deprecated. Please use `torch.distributed.all_gather_single` instead.
  return func(*args, **kwargs)
/e/project1/e-dev-2026d09-262/windinet_venv/lib/python3.12/site-packages/torch/distributed/c10d_logger.py:83: FutureWarning: `torch.distributed.all_gather_into_tensor` is deprecated. Please use `torch.distributed.all_gather_single` instead.
  return func(*args, **kwargs)
/e/project1/e-dev-2026d09-262/windinet_venv/lib/python3.12/site-packages/torch/distributed/c10d_logger.py:83: FutureWarning: `torch.distributed.all_gather_into_tensor` is deprecated. Please use `torch.distributed.all_gather_single` instead.
  return func(*args, **kwargs)
/e/project1/e-dev-2026d09-262/windinet_venv/lib/python3.12/site-packages/torch/distributed/c10d_logger.py:83: FutureWarning: `torch.distributed.all_gather_into_tensor` is deprecated. Please use `torch.distributed.all_gather_single` instead.
  return func(*args, **kwargs)
/e/project1/e-dev-2026d09-262/windinet_venv/lib/python3.12/site-packages/torch/distributed/c10d_logger.py:83: FutureWarning: `torch.distributed.all_gather_into_tensor` is deprecated. Please use `torch.distributed.all_gather_single` instead.
  return func(*args, **kwargs)
/e/project1/e-dev-2026d09-262/windinet_venv/lib/python3.12/site-packages/torch/distributed/c10d_logger.py:83: FutureWarning: `torch.distributed.all_gather_into_tensor` is deprecated. Please use `torch.distributed.all_gather_single` instead.
  return func(*args, **kwargs)
/e/project1/e-dev-2026d09-262/windinet_venv/lib/python3.12/site-packages/torch/distributed/c10d_logger.py:83: FutureWarning: `torch.distributed.all_gather_into_tensor` is deprecated. Please use `torch.distributed.all_gather_single` instead.
  return func(*args, **kwargs)
/e/project1/e-dev-2026d09-262/windinet_venv/lib/python3.12/site-packages/torch/distributed/c10d_logger.py:83: FutureWarning: `torch.distributed.all_gather_into_tensor` is deprecated. Please use `torch.distributed.all_gather_single` instead.
  return func(*args, **kwargs)
/e/project1/e-dev-2026d09-262/windinet_venv/lib/python3.12/site-packages/torch/distributed/c10d_logger.py:83: FutureWarning: `torch.distributed.all_gather_into_tensor` is deprecated. Please use `torch.distributed.all_gather_single` instead.
  return func(*args, **kwargs)
/e/project1/e-dev-2026d09-262/windinet_venv/lib/python3.12/site-packages/torch/distributed/c10d_logger.py:83: FutureWarning: `torch.distributed.all_gather_into_tensor` is deprecated. Please use `torch.distributed.all_gather_single` instead.
  return func(*args, **kwargs)
/e/project1/e-dev-2026d09-262/windinet_venv/lib/python3.12/site-packages/torch/distributed/c10d_logger.py:83: FutureWarning: `torch.distributed.all_gather_into_tensor` is deprecated. Please use `torch.distributed.all_gather_single` instead.
  return func(*args, **kwargs)
/e/project1/e-dev-2026d09-262/windinet_venv/lib/python3.12/site-packages/torch/distributed/c10d_logger.py:83: FutureWarning: `torch.distributed.all_gather_into_tensor` is deprecated. Please use `torch.distributed.all_gather_single` instead.
  return func(*args, **kwargs)
/e/project1/e-dev-2026d09-262/windinet_venv/lib/python3.12/site-packages/torch/distributed/c10d_logger.py:83: FutureWarning: `torch.distributed.all_gather_into_tensor` is deprecated. Please use `torch.distributed.all_gather_single` instead.
  return func(*args, **kwargs)
/e/project1/e-dev-2026d09-262/windinet_venv/lib/python3.12/site-packages/torch/distributed/c10d_logger.py:83: FutureWarning: `torch.distributed.all_gather_into_tensor` is deprecated. Please use `torch.distributed.all_gather_single` instead.
  return func(*args, **kwargs)
/e/project1/e-dev-2026d09-262/windinet_venv/lib/python3.12/site-packages/torch/distributed/c10d_logger.py:83: FutureWarning: `torch.distributed.all_gather_into_tensor` is deprecated. Please use `torch.distributed.all_gather_single` instead.
  return func(*args, **kwargs)
/e/project1/e-dev-2026d09-262/windinet_venv/lib/python3.12/site-packages/torch/distributed/c10d_logger.py:83: FutureWarning: `torch.distributed.all_gather_into_tensor` is deprecated. Please use `torch.distributed.all_gather_single` instead.
  return func(*args, **kwargs)
/e/project1/e-dev-2026d09-262/windinet_venv/lib/python3.12/site-packages/torch/distributed/c10d_logger.py:83: FutureWarning: `torch.distributed.all_gather_into_tensor` is deprecated. Please use `torch.distributed.all_gather_single` instead.
  return func(*args, **kwargs)
/e/project1/e-dev-2026d09-262/windinet_venv/lib/python3.12/site-packages/torch/distributed/c10d_logger.py:83: FutureWarning: `torch.distributed.all_gather_into_tensor` is deprecated. Please use `torch.distributed.all_gather_single` instead.
  return func(*args, **kwargs)
/e/project1/e-dev-2026d09-262/windinet_venv/lib/python3.12/site-packages/torch/distributed/c10d_logger.py:83: FutureWarning: `torch.distributed.all_gather_into_tensor` is deprecated. Please use `torch.distributed.all_gather_single` instead.
  return func(*args, **kwargs)
/e/project1/e-dev-2026d09-262/windinet_venv/lib/python3.12/site-packages/torch/distributed/c10d_logger.py:83: FutureWarning: `torch.distributed.all_gather_into_tensor` is deprecated. Please use `torch.distributed.all_gather_single` instead.
  return func(*args, **kwargs)
/e/project1/e-dev-2026d09-262/windinet_venv/lib/python3.12/site-packages/torch/distributed/c10d_logger.py:83: FutureWarning: `torch.distributed.all_gather_into_tensor` is deprecated. Please use `torch.distributed.all_gather_single` instead.
  return func(*args, **kwargs)
/e/project1/e-dev-2026d09-262/windinet_venv/lib/python3.12/site-packages/torch/distributed/c10d_logger.py:83: FutureWarning: `torch.distributed.all_gather_into_tensor` is deprecated. Please use `torch.distributed.all_gather_single` instead.
  return func(*args, **kwargs)
/e/project1/e-dev-2026d09-262/windinet_venv/lib/python3.12/site-packages/torch/distributed/c10d_logger.py:83: FutureWarning: `torch.distributed.all_gather_into_tensor` is deprecated. Please use `torch.distributed.all_gather_single` instead.
  return func(*args, **kwargs)
/e/project1/e-dev-2026d09-262/windinet_venv/lib/python3.12/site-packages/torch/distributed/c10d_logger.py:83: FutureWarning: `torch.distributed.all_gather_into_tensor` is deprecated. Please use `torch.distributed.all_gather_single` instead.
  return func(*args, **kwargs)
/e/project1/e-dev-2026d09-262/windinet_venv/lib/python3.12/site-packages/torch/distributed/c10d_logger.py:83: FutureWarning: `torch.distributed.all_gather_into_tensor` is deprecated. Please use `torch.distributed.all_gather_single` instead.
  return func(*args, **kwargs)
/e/project1/e-dev-2026d09-262/windinet_venv/lib/python3.12/site-packages/torch/distributed/c10d_logger.py:83: FutureWarning: `torch.distributed.all_gather_into_tensor` is deprecated. Please use `torch.distributed.all_gather_single` instead.
  return func(*args, **kwargs)
/e/project1/e-dev-2026d09-262/windinet_venv/lib/python3.12/site-packages/torch/distributed/c10d_logger.py:83: FutureWarning: `torch.distributed.all_gather_into_tensor` is deprecated. Please use `torch.distributed.all_gather_single` instead.
  return func(*args, **kwargs)
/e/project1/e-dev-2026d09-262/windinet_venv/lib/python3.12/site-packages/torch/distributed/c10d_logger.py:83: FutureWarning: `torch.distributed.all_gather_into_tensor` is deprecated. Please use `torch.distributed.all_gather_single` instead.
  return func(*args, **kwargs)
/e/project1/e-dev-2026d09-262/windinet_venv/lib/python3.12/site-packages/torch/distributed/c10d_logger.py:83: FutureWarning: `torch.distributed.all_gather_into_tensor` is deprecated. Please use `torch.distributed.all_gather_single` instead.
  return func(*args, **kwargs)
/e/project1/e-dev-2026d09-262/windinet_venv/lib/python3.12/site-packages/torch/distributed/c10d_logger.py:83: FutureWarning: `torch.distributed.all_gather_into_tensor` is deprecated. Please use `torch.distributed.all_gather_single` instead.
  return func(*args, **kwargs)
/e/project1/e-dev-2026d09-262/windinet_venv/lib/python3.12/site-packages/torch/distributed/c10d_logger.py:83: FutureWarning: `torch.distributed.all_gather_into_tensor` is deprecated. Please use `torch.distributed.all_gather_single` instead.
  return func(*args, **kwargs)
/e/project1/e-dev-2026d09-262/windinet_venv/lib/python3.12/site-packages/torch/distributed/c10d_logger.py:83: FutureWarning: `torch.distributed.all_gather_into_tensor` is deprecated. Please use `torch.distributed.all_gather_single` instead.
  return func(*args, **kwargs)
/e/project1/e-dev-2026d09-262/windinet_venv/lib/python3.12/site-packages/torch/distributed/c10d_logger.py:83: FutureWarning: `torch.distributed.all_gather_into_tensor` is deprecated. Please use `torch.distributed.all_gather_single` instead.
  return func(*args, **kwargs)
/e/project1/e-dev-2026d09-262/windinet_venv/lib/python3.12/site-packages/torch/distributed/c10d_logger.py:83: FutureWarning: `torch.distributed.all_gather_into_tensor` is deprecated. Please use `torch.distributed.all_gather_single` instead.
  return func(*args, **kwargs)
/e/project1/e-dev-2026d09-262/windinet_venv/lib/python3.12/site-packages/torch/distributed/c10d_logger.py:83: FutureWarning: `torch.distributed.all_gather_into_tensor` is deprecated. Please use `torch.distributed.all_gather_single` instead.
  return func(*args, **kwargs)
/e/project1/e-dev-2026d09-262/windinet_venv/lib/python3.12/site-packages/torch/distributed/c10d_logger.py:83: FutureWarning: `torch.distributed.all_gather_into_tensor` is deprecated. Please use `torch.distributed.all_gather_single` instead.
  return func(*args, **kwargs)
/e/project1/e-dev-2026d09-262/windinet_venv/lib/python3.12/site-packages/torch/distributed/c10d_logger.py:83: FutureWarning: `torch.distributed.all_gather_into_tensor` is deprecated. Please use `torch.distributed.all_gather_single` instead.
  return func(*args, **kwargs)
/e/project1/e-dev-2026d09-262/windinet_venv/lib/python3.12/site-packages/torch/distributed/c10d_logger.py:83: FutureWarning: `torch.distributed.all_gather_into_tensor` is deprecated. Please use `torch.distributed.all_gather_single` instead.
  return func(*args, **kwargs)
/e/project1/e-dev-2026d09-262/windinet_venv/lib/python3.12/site-packages/torch/distributed/c10d_logger.py:83: FutureWarning: `torch.distributed.all_gather_into_tensor` is deprecated. Please use `torch.distributed.all_gather_single` instead.
  return func(*args, **kwargs)
/e/project1/e-dev-2026d09-262/windinet_venv/lib/python3.12/site-packages/torch/distributed/c10d_logger.py:83: FutureWarning: `torch.distributed.all_gather_into_tensor` is deprecated. Please use `torch.distributed.all_gather_single` instead.
  return func(*args, **kwargs)
/e/project1/e-dev-2026d09-262/windinet_venv/lib/python3.12/site-packages/torch/distributed/c10d_logger.py:83: FutureWarning: `torch.distributed.all_gather_into_tensor` is deprecated. Please use `torch.distributed.all_gather_single` instead.
  return func(*args, **kwargs)
/e/project1/e-dev-2026d09-262/windinet_venv/lib/python3.12/site-packages/torch/distributed/c10d_logger.py:83: FutureWarning: `torch.distributed.all_gather_into_tensor` is deprecated. Please use `torch.distributed.all_gather_single` instead.
  return func(*args, **kwargs)
/e/project1/e-dev-2026d09-262/windinet_venv/lib/python3.12/site-packages/torch/distributed/c10d_logger.py:83: FutureWarning: `torch.distributed.all_gather_into_tensor` is deprecated. Please use `torch.distributed.all_gather_single` instead.
  return func(*args, **kwargs)
/e/project1/e-dev-2026d09-262/windinet_venv/lib/python3.12/site-packages/torch/distributed/c10d_logger.py:83: FutureWarning: `torch.distributed.all_gather_into_tensor` is deprecated. Please use `torch.distributed.all_gather_single` instead.
  return func(*args, **kwargs)
/e/project1/e-dev-2026d09-262/windinet_venv/lib/python3.12/site-packages/torch/distributed/c10d_logger.py:83: FutureWarning: `torch.distributed.all_gather_into_tensor` is deprecated. Please use `torch.distributed.all_gather_single` instead.
  return func(*args, **kwargs)
/e/project1/e-dev-2026d09-262/windinet_venv/lib/python3.12/site-packages/torch/distributed/c10d_logger.py:83: FutureWarning: `torch.distributed.all_gather_into_tensor` is deprecated. Please use `torch.distributed.all_gather_single` instead.
  return func(*args, **kwargs)
/e/project1/e-dev-2026d09-262/windinet_venv/lib/python3.12/site-packages/torch/distributed/c10d_logger.py:83: FutureWarning: `torch.distributed.all_gather_into_tensor` is deprecated. Please use `torch.distributed.all_gather_single` instead.
  return func(*args, **kwargs)
/e/project1/e-dev-2026d09-262/windinet_venv/lib/python3.12/site-packages/torch/distributed/c10d_logger.py:83: FutureWarning: `torch.distributed.all_gather_into_tensor` is deprecated. Please use `torch.distributed.all_gather_single` instead.
  return func(*args, **kwargs)
/e/project1/e-dev-2026d09-262/windinet_venv/lib/python3.12/site-packages/torch/distributed/c10d_logger.py:83: FutureWarning: `torch.distributed.all_gather_into_tensor` is deprecated. Please use `torch.distributed.all_gather_single` instead.
  return func(*args, **kwargs)
/e/project1/e-dev-2026d09-262/windinet_venv/lib/python3.12/site-packages/torch/distributed/c10d_logger.py:83: FutureWarning: `torch.distributed.all_gather_into_tensor` is deprecated. Please use `torch.distributed.all_gather_single` instead.
  return func(*args, **kwargs)
/e/project1/e-dev-2026d09-262/windinet_venv/lib/python3.12/site-packages/torch/distributed/c10d_logger.py:83: FutureWarning: `torch.distributed.all_gather_into_tensor` is deprecated. Please use `torch.distributed.all_gather_single` instead.
  return func(*args, **kwargs)
/e/project1/e-dev-2026d09-262/windinet_venv/lib/python3.12/site-packages/torch/distributed/c10d_logger.py:83: FutureWarning: `torch.distributed.all_gather_into_tensor` is deprecated. Please use `torch.distributed.all_gather_single` instead.
  return func(*args, **kwargs)
/e/project1/e-dev-2026d09-262/windinet_venv/lib/python3.12/site-packages/torch/distributed/c10d_logger.py:83: FutureWarning: `torch.distributed.all_gather_into_tensor` is deprecated. Please use `torch.distributed.all_gather_single` instead.
  return func(*args, **kwargs)
/e/project1/e-dev-2026d09-262/windinet_venv/lib/python3.12/site-packages/torch/distributed/c10d_logger.py:83: FutureWarning: `torch.distributed.all_gather_into_tensor` is deprecated. Please use `torch.distributed.all_gather_single` instead.
  return func(*args, **kwargs)
/e/project1/e-dev-2026d09-262/windinet_venv/lib/python3.12/site-packages/torch/distributed/c10d_logger.py:83: FutureWarning: `torch.distributed.all_gather_into_tensor` is deprecated. Please use `torch.distributed.all_gather_single` instead.
  return func(*args, **kwargs)
/e/project1/e-dev-2026d09-262/windinet_venv/lib/python3.12/site-packages/torch/distributed/c10d_logger.py:83: FutureWarning: `torch.distributed.all_gather_into_tensor` is deprecated. Please use `torch.distributed.all_gather_single` instead.
  return func(*args, **kwargs)
/e/project1/e-dev-2026d09-262/windinet_venv/lib/python3.12/site-packages/torch/distributed/c10d_logger.py:83: FutureWarning: `torch.distributed.all_gather_into_tensor` is deprecated. Please use `torch.distributed.all_gather_single` instead.
  return func(*args, **kwargs)
/e/project1/e-dev-2026d09-262/windinet_venv/lib/python3.12/site-packages/torch/distributed/c10d_logger.py:83: FutureWarning: `torch.distributed.all_gather_into_tensor` is deprecated. Please use `torch.distributed.all_gather_single` instead.
  return func(*args, **kwargs)
/e/project1/e-dev-2026d09-262/windinet_venv/lib/python3.12/site-packages/torch/distributed/c10d_logger.py:83: FutureWarning: `torch.distributed.all_gather_into_tensor` is deprecated. Please use `torch.distributed.all_gather_single` instead.
  return func(*args, **kwargs)
/e/project1/e-dev-2026d09-262/windinet_venv/lib/python3.12/site-packages/torch/distributed/c10d_logger.py:83: FutureWarning: `torch.distributed.all_gather_into_tensor` is deprecated. Please use `torch.distributed.all_gather_single` instead.
  return func(*args, **kwargs)
/e/project1/e-dev-2026d09-262/windinet_venv/lib/python3.12/site-packages/torch/distributed/c10d_logger.py:83: FutureWarning: `torch.distributed.all_gather_into_tensor` is deprecated. Please use `torch.distributed.all_gather_single` instead.
  return func(*args, **kwargs)
/e/project1/e-dev-2026d09-262/windinet_venv/lib/python3.12/site-packages/torch/distributed/c10d_logger.py:83: FutureWarning: `torch.distributed.all_gather_into_tensor` is deprecated. Please use `torch.distributed.all_gather_single` instead.
  return func(*args, **kwargs)
/e/project1/e-dev-2026d09-262/windinet_venv/lib/python3.12/site-packages/torch/distributed/c10d_logger.py:83: FutureWarning: `torch.distributed.all_gather_into_tensor` is deprecated. Please use `torch.distributed.all_gather_single` instead.
  return func(*args, **kwargs)
/e/project1/e-dev-2026d09-262/windinet_venv/lib/python3.12/site-packages/torch/distributed/c10d_logger.py:83: FutureWarning: `torch.distributed.all_gather_into_tensor` is deprecated. Please use `torch.distributed.all_gather_single` instead.
  return func(*args, **kwargs)
/e/project1/e-dev-2026d09-262/windinet_venv/lib/python3.12/site-packages/torch/distributed/c10d_logger.py:83: FutureWarning: `torch.distributed.all_gather_into_tensor` is deprecated. Please use `torch.distributed.all_gather_single` instead.
  return func(*args, **kwargs)
/e/project1/e-dev-2026d09-262/windinet_venv/lib/python3.12/site-packages/torch/distributed/c10d_logger.py:83: FutureWarning: `torch.distributed.all_gather_into_tensor` is deprecated. Please use `torch.distributed.all_gather_single` instead.
  return func(*args, **kwargs)
/e/project1/e-dev-2026d09-262/windinet_venv/lib/python3.12/site-packages/torch/distributed/c10d_logger.py:83: FutureWarning: `torch.distributed.all_gather_into_tensor` is deprecated. Please use `torch.distributed.all_gather_single` instead.
  return func(*args, **kwargs)
/e/project1/e-dev-2026d09-262/windinet_venv/lib/python3.12/site-packages/torch/distributed/c10d_logger.py:83: FutureWarning: `torch.distributed.all_gather_into_tensor` is deprecated. Please use `torch.distributed.all_gather_single` instead.
  return func(*args, **kwargs)
/e/project1/e-dev-2026d09-262/windinet_venv/lib/python3.12/site-packages/torch/distributed/c10d_logger.py:83: FutureWarning: `torch.distributed.all_gather_into_tensor` is deprecated. Please use `torch.distributed.all_gather_single` instead.
  return func(*args, **kwargs)
/e/project1/e-dev-2026d09-262/windinet_venv/lib/python3.12/site-packages/torch/distributed/c10d_logger.py:83: FutureWarning: `torch.distributed.all_gather_into_tensor` is deprecated. Please use `torch.distributed.all_gather_single` instead.
  return func(*args, **kwargs)
/e/project1/e-dev-2026d09-262/windinet_venv/lib/python3.12/site-packages/torch/distributed/c10d_logger.py:83: FutureWarning: `torch.distributed.all_gather_into_tensor` is deprecated. Please use `torch.distributed.all_gather_single` instead.
  return func(*args, **kwargs)
/e/project1/e-dev-2026d09-262/windinet_venv/lib/python3.12/site-packages/torch/distributed/c10d_logger.py:83: FutureWarning: `torch.distributed.all_gather_into_tensor` is deprecated. Please use `torch.distributed.all_gather_single` instead.
  return func(*args, **kwargs)
/e/project1/e-dev-2026d09-262/windinet_venv/lib/python3.12/site-packages/torch/distributed/c10d_logger.py:83: FutureWarning: `torch.distributed.all_gather_into_tensor` is deprecated. Please use `torch.distributed.all_gather_single` instead.
  return func(*args, **kwargs)
/e/project1/e-dev-2026d09-262/windinet_venv/lib/python3.12/site-packages/torch/distributed/c10d_logger.py:83: FutureWarning: `torch.distributed.all_gather_into_tensor` is deprecated. Please use `torch.distributed.all_gather_single` instead.
  return func(*args, **kwargs)
/e/project1/e-dev-2026d09-262/windinet_venv/lib/python3.12/site-packages/torch/distributed/c10d_logger.py:83: FutureWarning: `torch.distributed.all_gather_into_tensor` is deprecated. Please use `torch.distributed.all_gather_single` instead.
  return func(*args, **kwargs)
/e/project1/e-dev-2026d09-262/windinet_venv/lib/python3.12/site-packages/torch/distributed/c10d_logger.py:83: FutureWarning: `torch.distributed.all_gather_into_tensor` is deprecated. Please use `torch.distributed.all_gather_single` instead.
  return func(*args, **kwargs)
/e/project1/e-dev-2026d09-262/windinet_venv/lib/python3.12/site-packages/torch/distributed/c10d_logger.py:83: FutureWarning: `torch.distributed.all_gather_into_tensor` is deprecated. Please use `torch.distributed.all_gather_single` instead.
  return func(*args, **kwargs)
/e/project1/e-dev-2026d09-262/windinet_venv/lib/python3.12/site-packages/torch/distributed/c10d_logger.py:83: FutureWarning: `torch.distributed.all_gather_into_tensor` is deprecated. Please use `torch.distributed.all_gather_single` instead.
  return func(*args, **kwargs)
/e/project1/e-dev-2026d09-262/windinet_venv/lib/python3.12/site-packages/torch/distributed/c10d_logger.py:83: FutureWarning: `torch.distributed.all_gather_into_tensor` is deprecated. Please use `torch.distributed.all_gather_single` instead.
  return func(*args, **kwargs)
/e/project1/e-dev-2026d09-262/windinet_venv/lib/python3.12/site-packages/torch/distributed/c10d_logger.py:83: FutureWarning: `torch.distributed.all_gather_into_tensor` is deprecated. Please use `torch.distributed.all_gather_single` instead.
  return func(*args, **kwargs)
/e/project1/e-dev-2026d09-262/windinet_venv/lib/python3.12/site-packages/torch/distributed/c10d_logger.py:83: FutureWarning: `torch.distributed.all_gather_into_tensor` is deprecated. Please use `torch.distributed.all_gather_single` instead.
  return func(*args, **kwargs)
/e/project1/e-dev-2026d09-262/windinet_venv/lib/python3.12/site-packages/torch/distributed/c10d_logger.py:83: FutureWarning: `torch.distributed.all_gather_into_tensor` is deprecated. Please use `torch.distributed.all_gather_single` instead.
  return func(*args, **kwargs)
/e/project1/e-dev-2026d09-262/windinet_venv/lib/python3.12/site-packages/torch/distributed/c10d_logger.py:83: FutureWarning: `torch.distributed.all_gather_into_tensor` is deprecated. Please use `torch.distributed.all_gather_single` instead.
  return func(*args, **kwargs)
/e/project1/e-dev-2026d09-262/windinet_venv/lib/python3.12/site-packages/torch/distributed/c10d_logger.py:83: FutureWarning: `torch.distributed.all_gather_into_tensor` is deprecated. Please use `torch.distributed.all_gather_single` instead.
  return func(*args, **kwargs)
/e/project1/e-dev-2026d09-262/windinet_venv/lib/python3.12/site-packages/torch/distributed/c10d_logger.py:83: FutureWarning: `torch.distributed.all_gather_into_tensor` is deprecated. Please use `torch.distributed.all_gather_single` instead.
  return func(*args, **kwargs)
/e/project1/e-dev-2026d09-262/windinet_venv/lib/python3.12/site-packages/torch/distributed/c10d_logger.py:83: FutureWarning: `torch.distributed.all_gather_into_tensor` is deprecated. Please use `torch.distributed.all_gather_single` instead.
  return func(*args, **kwargs)
/e/project1/e-dev-2026d09-262/windinet_venv/lib/python3.12/site-packages/torch/distributed/c10d_logger.py:83: FutureWarning: `torch.distributed.all_gather_into_tensor` is deprecated. Please use `torch.distributed.all_gather_single` instead.
  return func(*args, **kwargs)
/e/project1/e-dev-2026d09-262/windinet_venv/lib/python3.12/site-packages/torch/distributed/c10d_logger.py:83: FutureWarning: `torch.distributed.all_gather_into_tensor` is deprecated. Please use `torch.distributed.all_gather_single` instead.
  return func(*args, **kwargs)
/e/project1/e-dev-2026d09-262/windinet_venv/lib/python3.12/site-packages/torch/distributed/c10d_logger.py:83: FutureWarning: `torch.distributed.all_gather_into_tensor` is deprecated. Please use `torch.distributed.all_gather_single` instead.
  return func(*args, **kwargs)
/e/project1/e-dev-2026d09-262/windinet_venv/lib/python3.12/site-packages/torch/distributed/c10d_logger.py:83: FutureWarning: `torch.distributed.all_gather_into_tensor` is deprecated. Please use `torch.distributed.all_gather_single` instead.
  return func(*args, **kwargs)
/e/project1/e-dev-2026d09-262/windinet_venv/lib/python3.12/site-packages/torch/distributed/c10d_logger.py:83: FutureWarning: `torch.distributed.all_gather_into_tensor` is deprecated. Please use `torch.distributed.all_gather_single` instead.
  return func(*args, **kwargs)
/e/project1/e-dev-2026d09-262/windinet_venv/lib/python3.12/site-packages/torch/distributed/c10d_logger.py:83: FutureWarning: `torch.distributed.all_gather_into_tensor` is deprecated. Please use `torch.distributed.all_gather_single` instead.
  return func(*args, **kwargs)
/e/project1/e-dev-2026d09-262/windinet_venv/lib/python3.12/site-packages/torch/distributed/c10d_logger.py:83: FutureWarning: `torch.distributed.all_gather_into_tensor` is deprecated. Please use `torch.distributed.all_gather_single` instead.
  return func(*args, **kwargs)
/e/project1/e-dev-2026d09-262/windinet_venv/lib/python3.12/site-packages/torch/distributed/c10d_logger.py:83: FutureWarning: `torch.distributed.all_gather_into_tensor` is deprecated. Please use `torch.distributed.all_gather_single` instead.
  return func(*args, **kwargs)
/e/project1/e-dev-2026d09-262/windinet_venv/lib/python3.12/site-packages/torch/distributed/c10d_logger.py:83: FutureWarning: `torch.distributed.all_gather_into_tensor` is deprecated. Please use `torch.distributed.all_gather_single` instead.
  return func(*args, **kwargs)
/e/project1/e-dev-2026d09-262/windinet_venv/lib/python3.12/site-packages/torch/distributed/c10d_logger.py:83: FutureWarning: `torch.distributed.all_gather_into_tensor` is deprecated. Please use `torch.distributed.all_gather_single` instead.
  return func(*args, **kwargs)
/e/project1/e-dev-2026d09-262/windinet_venv/lib/python3.12/site-packages/torch/distributed/c10d_logger.py:83: FutureWarning: `torch.distributed.all_gather_into_tensor` is deprecated. Please use `torch.distributed.all_gather_single` instead.
  return func(*args, **kwargs)
/e/project1/e-dev-2026d09-262/windinet_venv/lib/python3.12/site-packages/torch/distributed/c10d_logger.py:83: FutureWarning: `torch.distributed.all_gather_into_tensor` is deprecated. Please use `torch.distributed.all_gather_single` instead.
  return func(*args, **kwargs)
/e/project1/e-dev-2026d09-262/windinet_venv/lib/python3.12/site-packages/torch/distributed/c10d_logger.py:83: FutureWarning: `torch.distributed.all_gather_into_tensor` is deprecated. Please use `torch.distributed.all_gather_single` instead.
  return func(*args, **kwargs)
/e/project1/e-dev-2026d09-262/windinet_venv/lib/python3.12/site-packages/torch/distributed/c10d_logger.py:83: FutureWarning: `torch.distributed.all_gather_into_tensor` is deprecated. Please use `torch.distributed.all_gather_single` instead.
  return func(*args, **kwargs)
/e/project1/e-dev-2026d09-262/windinet_venv/lib/python3.12/site-packages/torch/distributed/c10d_logger.py:83: FutureWarning: `torch.distributed.all_gather_into_tensor` is deprecated. Please use `torch.distributed.all_gather_single` instead.
  return func(*args, **kwargs)
/e/project1/e-dev-2026d09-262/windinet_venv/lib/python3.12/site-packages/torch/distributed/c10d_logger.py:83: FutureWarning: `torch.distributed.all_gather_into_tensor` is deprecated. Please use `torch.distributed.all_gather_single` instead.
  return func(*args, **kwargs)
/e/project1/e-dev-2026d09-262/windinet_venv/lib/python3.12/site-packages/torch/distributed/c10d_logger.py:83: FutureWarning: `torch.distributed.all_gather_into_tensor` is deprecated. Please use `torch.distributed.all_gather_single` instead.
  return func(*args, **kwargs)
/e/project1/e-dev-2026d09-262/windinet_venv/lib/python3.12/site-packages/torch/distributed/c10d_logger.py:83: FutureWarning: `torch.distributed.all_gather_into_tensor` is deprecated. Please use `torch.distributed.all_gather_single` instead.
  return func(*args, **kwargs)
/e/project1/e-dev-2026d09-262/windinet_venv/lib/python3.12/site-packages/torch/distributed/c10d_logger.py:83: FutureWarning: `torch.distributed.all_gather_into_tensor` is deprecated. Please use `torch.distributed.all_gather_single` instead.
  return func(*args, **kwargs)
/e/project1/e-dev-2026d09-262/windinet_venv/lib/python3.12/site-packages/torch/distributed/c10d_logger.py:83: FutureWarning: `torch.distributed.all_gather_into_tensor` is deprecated. Please use `torch.distributed.all_gather_single` instead.
  return func(*args, **kwargs)
/e/project1/e-dev-2026d09-262/windinet_venv/lib/python3.12/site-packages/torch/distributed/c10d_logger.py:83: FutureWarning: `torch.distributed.all_gather_into_tensor` is deprecated. Please use `torch.distributed.all_gather_single` instead.
  return func(*args, **kwargs)
/e/project1/e-dev-2026d09-262/windinet_venv/lib/python3.12/site-packages/torch/distributed/c10d_logger.py:83: FutureWarning: `torch.distributed.all_gather_into_tensor` is deprecated. Please use `torch.distributed.all_gather_single` instead.
  return func(*args, **kwargs)
/e/project1/e-dev-2026d09-262/windinet_venv/lib/python3.12/site-packages/torch/distributed/c10d_logger.py:83: FutureWarning: `torch.distributed.all_gather_into_tensor` is deprecated. Please use `torch.distributed.all_gather_single` instead.
  return func(*args, **kwargs)
/e/project1/e-dev-2026d09-262/windinet_venv/lib/python3.12/site-packages/torch/distributed/c10d_logger.py:83: FutureWarning: `torch.distributed.all_gather_into_tensor` is deprecated. Please use `torch.distributed.all_gather_single` instead.
  return func(*args, **kwargs)
/e/project1/e-dev-2026d09-262/windinet_venv/lib/python3.12/site-packages/torch/distributed/c10d_logger.py:83: FutureWarning: `torch.distributed.all_gather_into_tensor` is deprecated. Please use `torch.distributed.all_gather_single` instead.
  return func(*args, **kwargs)
/e/project1/e-dev-2026d09-262/windinet_venv/lib/python3.12/site-packages/torch/distributed/c10d_logger.py:83: FutureWarning: `torch.distributed.all_gather_into_tensor` is deprecated. Please use `torch.distributed.all_gather_single` instead.
  return func(*args, **kwargs)
/e/project1/e-dev-2026d09-262/windinet_venv/lib/python3.12/site-packages/torch/distributed/c10d_logger.py:83: FutureWarning: `torch.distributed.all_gather_into_tensor` is deprecated. Please use `torch.distributed.all_gather_single` instead.
  return func(*args, **kwargs)
/e/project1/e-dev-2026d09-262/windinet_venv/lib/python3.12/site-packages/torch/distributed/c10d_logger.py:83: FutureWarning: `torch.distributed.all_gather_into_tensor` is deprecated. Please use `torch.distributed.all_gather_single` instead.
  return func(*args, **kwargs)
/e/project1/e-dev-2026d09-262/windinet_venv/lib/python3.12/site-packages/torch/distributed/c10d_logger.py:83: FutureWarning: `torch.distributed.all_gather_into_tensor` is deprecated. Please use `torch.distributed.all_gather_single` instead.
  return func(*args, **kwargs)
/e/project1/e-dev-2026d09-262/windinet_venv/lib/python3.12/site-packages/torch/distributed/c10d_logger.py:83: FutureWarning: `torch.distributed.all_gather_into_tensor` is deprecated. Please use `torch.distributed.all_gather_single` instead.
  return func(*args, **kwargs)
/e/project1/e-dev-2026d09-262/windinet_venv/lib/python3.12/site-packages/torch/distributed/c10d_logger.py:83: FutureWarning: `torch.distributed.all_gather_into_tensor` is deprecated. Please use `torch.distributed.all_gather_single` instead.
  return func(*args, **kwargs)
/e/project1/e-dev-2026d09-262/windinet_venv/lib/python3.12/site-packages/torch/distributed/c10d_logger.py:83: FutureWarning: `torch.distributed.all_gather_into_tensor` is deprecated. Please use `torch.distributed.all_gather_single` instead.
  return func(*args, **kwargs)
/e/project1/e-dev-2026d09-262/windinet_venv/lib/python3.12/site-packages/torch/distributed/c10d_logger.py:83: FutureWarning: `torch.distributed.all_gather_into_tensor` is deprecated. Please use `torch.distributed.all_gather_single` instead.
  return func(*args, **kwargs)
/e/project1/e-dev-2026d09-262/windinet_venv/lib/python3.12/site-packages/torch/distributed/c10d_logger.py:83: FutureWarning: `torch.distributed.all_gather_into_tensor` is deprecated. Please use `torch.distributed.all_gather_single` instead.
  return func(*args, **kwargs)
/e/project1/e-dev-2026d09-262/windinet_venv/lib/python3.12/site-packages/torch/distributed/c10d_logger.py:83: FutureWarning: `torch.distributed.all_gather_into_tensor` is deprecated. Please use `torch.distributed.all_gather_single` instead.
  return func(*args, **kwargs)
/e/project1/e-dev-2026d09-262/windinet_venv/lib/python3.12/site-packages/torch/distributed/c10d_logger.py:83: FutureWarning: `torch.distributed.all_gather_into_tensor` is deprecated. Please use `torch.distributed.all_gather_single` instead.
  return func(*args, **kwargs)
/e/project1/e-dev-2026d09-262/windinet_venv/lib/python3.12/site-packages/torch/distributed/c10d_logger.py:83: FutureWarning: `torch.distributed.all_gather_into_tensor` is deprecated. Please use `torch.distributed.all_gather_single` instead.
  return func(*args, **kwargs)
/e/project1/e-dev-2026d09-262/windinet_venv/lib/python3.12/site-packages/torch/distributed/c10d_logger.py:83: FutureWarning: `torch.distributed.all_gather_into_tensor` is deprecated. Please use `torch.distributed.all_gather_single` instead.
  return func(*args, **kwargs)
/e/project1/e-dev-2026d09-262/windinet_venv/lib/python3.12/site-packages/torch/distributed/c10d_logger.py:83: FutureWarning: `torch.distributed.all_gather_into_tensor` is deprecated. Please use `torch.distributed.all_gather_single` instead.
  return func(*args, **kwargs)
/e/project1/e-dev-2026d09-262/windinet_venv/lib/python3.12/site-packages/torch/distributed/c10d_logger.py:83: FutureWarning: `torch.distributed.all_gather_into_tensor` is deprecated. Please use `torch.distributed.all_gather_single` instead.
  return func(*args, **kwargs)
/e/project1/e-dev-2026d09-262/windinet_venv/lib/python3.12/site-packages/torch/distributed/c10d_logger.py:83: FutureWarning: `torch.distributed.all_gather_into_tensor` is deprecated. Please use `torch.distributed.all_gather_single` instead.
  return func(*args, **kwargs)
/e/project1/e-dev-2026d09-262/windinet_venv/lib/python3.12/site-packages/torch/distributed/c10d_logger.py:83: FutureWarning: `torch.distributed.all_gather_into_tensor` is deprecated. Please use `torch.distributed.all_gather_single` instead.
  return func(*args, **kwargs)
/e/project1/e-dev-2026d09-262/windinet_venv/lib/python3.12/site-packages/torch/distributed/c10d_logger.py:83: FutureWarning: `torch.distributed.all_gather_into_tensor` is deprecated. Please use `torch.distributed.all_gather_single` instead.
  return func(*args, **kwargs)
/e/project1/e-dev-2026d09-262/windinet_venv/lib/python3.12/site-packages/torch/distributed/c10d_logger.py:83: FutureWarning: `torch.distributed.all_gather_into_tensor` is deprecated. Please use `torch.distributed.all_gather_single` instead.
  return func(*args, **kwargs)
/e/project1/e-dev-2026d09-262/windinet_venv/lib/python3.12/site-packages/torch/distributed/c10d_logger.py:83: FutureWarning: `torch.distributed.all_gather_into_tensor` is deprecated. Please use `torch.distributed.all_gather_single` instead.
  return func(*args, **kwargs)
/e/project1/e-dev-2026d09-262/windinet_venv/lib/python3.12/site-packages/torch/distributed/c10d_logger.py:83: FutureWarning: `torch.distributed.all_gather_into_tensor` is deprecated. Please use `torch.distributed.all_gather_single` instead.
  return func(*args, **kwargs)
/e/project1/e-dev-2026d09-262/windinet_venv/lib/python3.12/site-packages/torch/distributed/c10d_logger.py:83: FutureWarning: `torch.distributed.all_gather_into_tensor` is deprecated. Please use `torch.distributed.all_gather_single` instead.
  return func(*args, **kwargs)
/e/project1/e-dev-2026d09-262/windinet_venv/lib/python3.12/site-packages/torch/distributed/c10d_logger.py:83: FutureWarning: `torch.distributed.all_gather_into_tensor` is deprecated. Please use `torch.distributed.all_gather_single` instead.
  return func(*args, **kwargs)
/e/project1/e-dev-2026d09-262/windinet_venv/lib/python3.12/site-packages/torch/distributed/c10d_logger.py:83: FutureWarning: `torch.distributed.all_gather_into_tensor` is deprecated. Please use `torch.distributed.all_gather_single` instead.
  return func(*args, **kwargs)
/e/project1/e-dev-2026d09-262/windinet_venv/lib/python3.12/site-packages/torch/distributed/c10d_logger.py:83: FutureWarning: `torch.distributed.all_gather_into_tensor` is deprecated. Please use `torch.distributed.all_gather_single` instead.
  return func(*args, **kwargs)
/e/project1/e-dev-2026d09-262/windinet_venv/lib/python3.12/site-packages/torch/distributed/c10d_logger.py:83: FutureWarning: `torch.distributed.all_gather_into_tensor` is deprecated. Please use `torch.distributed.all_gather_single` instead.
  return func(*args, **kwargs)
/e/project1/e-dev-2026d09-262/windinet_venv/lib/python3.12/site-packages/torch/distributed/c10d_logger.py:83: FutureWarning: `torch.distributed.all_gather_into_tensor` is deprecated. Please use `torch.distributed.all_gather_single` instead.
  return func(*args, **kwargs)
/e/project1/e-dev-2026d09-262/windinet_venv/lib/python3.12/site-packages/torch/distributed/c10d_logger.py:83: FutureWarning: `torch.distributed.all_gather_into_tensor` is deprecated. Please use `torch.distributed.all_gather_single` instead.
  return func(*args, **kwargs)
/e/project1/e-dev-2026d09-262/windinet_venv/lib/python3.12/site-packages/torch/distributed/c10d_logger.py:83: FutureWarning: `torch.distributed.all_gather_into_tensor` is deprecated. Please use `torch.distributed.all_gather_single` instead.
  return func(*args, **kwargs)
/e/project1/e-dev-2026d09-262/windinet_venv/lib/python3.12/site-packages/torch/distributed/c10d_logger.py:83: FutureWarning: `torch.distributed.all_gather_into_tensor` is deprecated. Please use `torch.distributed.all_gather_single` instead.
  return func(*args, **kwargs)
/e/project1/e-dev-2026d09-262/windinet_venv/lib/python3.12/site-packages/torch/distributed/c10d_logger.py:83: FutureWarning: `torch.distributed.all_gather_into_tensor` is deprecated. Please use `torch.distributed.all_gather_single` instead.
  return func(*args, **kwargs)
/e/project1/e-dev-2026d09-262/windinet_venv/lib/python3.12/site-packages/torch/distributed/c10d_logger.py:83: FutureWarning: `torch.distributed.all_gather_into_tensor` is deprecated. Please use `torch.distributed.all_gather_single` instead.
  return func(*args, **kwargs)
/e/project1/e-dev-2026d09-262/windinet_venv/lib/python3.12/site-packages/torch/distributed/c10d_logger.py:83: FutureWarning: `torch.distributed.all_gather_into_tensor` is deprecated. Please use `torch.distributed.all_gather_single` instead.
  return func(*args, **kwargs)
/e/project1/e-dev-2026d09-262/windinet_venv/lib/python3.12/site-packages/torch/distributed/c10d_logger.py:83: FutureWarning: `torch.distributed.all_gather_into_tensor` is deprecated. Please use `torch.distributed.all_gather_single` instead.
  return func(*args, **kwargs)
/e/project1/e-dev-2026d09-262/windinet_venv/lib/python3.12/site-packages/torch/distributed/c10d_logger.py:83: FutureWarning: `torch.distributed.all_gather_into_tensor` is deprecated. Please use `torch.distributed.all_gather_single` instead.
  return func(*args, **kwargs)
/e/project1/e-dev-2026d09-262/windinet_venv/lib/python3.12/site-packages/torch/distributed/c10d_logger.py:83: FutureWarning: `torch.distributed.all_gather_into_tensor` is deprecated. Please use `torch.distributed.all_gather_single` instead.
  return func(*args, **kwargs)
/e/project1/e-dev-2026d09-262/windinet_venv/lib/python3.12/site-packages/torch/distributed/c10d_logger.py:83: FutureWarning: `torch.distributed.all_gather_into_tensor` is deprecated. Please use `torch.distributed.all_gather_single` instead.
  return func(*args, **kwargs)
/e/project1/e-dev-2026d09-262/windinet_venv/lib/python3.12/site-packages/torch/distributed/c10d_logger.py:83: FutureWarning: `torch.distributed.all_gather_into_tensor` is deprecated. Please use `torch.distributed.all_gather_single` instead.
  return func(*args, **kwargs)
/e/project1/e-dev-2026d09-262/windinet_venv/lib/python3.12/site-packages/torch/distributed/c10d_logger.py:83: FutureWarning: `torch.distributed.all_gather_into_tensor` is deprecated. Please use `torch.distributed.all_gather_single` instead.
  return func(*args, **kwargs)
/e/project1/e-dev-2026d09-262/windinet_venv/lib/python3.12/site-packages/torch/distributed/c10d_logger.py:83: FutureWarning: `torch.distributed.all_gather_into_tensor` is deprecated. Please use `torch.distributed.all_gather_single` instead.
  return func(*args, **kwargs)
/e/project1/e-dev-2026d09-262/windinet_venv/lib/python3.12/site-packages/torch/distributed/c10d_logger.py:83: FutureWarning: `torch.distributed.all_gather_into_tensor` is deprecated. Please use `torch.distributed.all_gather_single` instead.
  return func(*args, **kwargs)
/e/project1/e-dev-2026d09-262/windinet_venv/lib/python3.12/site-packages/torch/distributed/c10d_logger.py:83: FutureWarning: `torch.distributed.all_gather_into_tensor` is deprecated. Please use `torch.distributed.all_gather_single` instead.
  return func(*args, **kwargs)
/e/project1/e-dev-2026d09-262/windinet_venv/lib/python3.12/site-packages/torch/distributed/c10d_logger.py:83: FutureWarning: `torch.distributed.all_gather_into_tensor` is deprecated. Please use `torch.distributed.all_gather_single` instead.
  return func(*args, **kwargs)
/e/project1/e-dev-2026d09-262/windinet_venv/lib/python3.12/site-packages/torch/distributed/c10d_logger.py:83: FutureWarning: `torch.distributed.all_gather_into_tensor` is deprecated. Please use `torch.distributed.all_gather_single` instead.
  return func(*args, **kwargs)
/e/project1/e-dev-2026d09-262/windinet_venv/lib/python3.12/site-packages/torch/distributed/c10d_logger.py:83: FutureWarning: `torch.distributed.all_gather_into_tensor` is deprecated. Please use `torch.distributed.all_gather_single` instead.
  return func(*args, **kwargs)
/e/project1/e-dev-2026d09-262/windinet_venv/lib/python3.12/site-packages/torch/distributed/c10d_logger.py:83: FutureWarning: `torch.distributed.all_gather_into_tensor` is deprecated. Please use `torch.distributed.all_gather_single` instead.
  return func(*args, **kwargs)
/e/project1/e-dev-2026d09-262/windinet_venv/lib/python3.12/site-packages/torch/distributed/c10d_logger.py:83: FutureWarning: `torch.distributed.all_gather_into_tensor` is deprecated. Please use `torch.distributed.all_gather_single` instead.
  return func(*args, **kwargs)
/e/project1/e-dev-2026d09-262/windinet_venv/lib/python3.12/site-packages/torch/distributed/c10d_logger.py:83: FutureWarning: `torch.distributed.all_gather_into_tensor` is deprecated. Please use `torch.distributed.all_gather_single` instead.
  return func(*args, **kwargs)
/e/project1/e-dev-2026d09-262/windinet_venv/lib/python3.12/site-packages/torch/distributed/c10d_logger.py:83: FutureWarning: `torch.distributed.all_gather_into_tensor` is deprecated. Please use `torch.distributed.all_gather_single` instead.
  return func(*args, **kwargs)
/e/project1/e-dev-2026d09-262/windinet_venv/lib/python3.12/site-packages/torch/distributed/c10d_logger.py:83: FutureWarning: `torch.distributed.all_gather_into_tensor` is deprecated. Please use `torch.distributed.all_gather_single` instead.
  return func(*args, **kwargs)
/e/project1/e-dev-2026d09-262/windinet_venv/lib/python3.12/site-packages/torch/distributed/c10d_logger.py:83: FutureWarning: `torch.distributed.all_gather_into_tensor` is deprecated. Please use `torch.distributed.all_gather_single` instead.
  return func(*args, **kwargs)
/e/project1/e-dev-2026d09-262/windinet_venv/lib/python3.12/site-packages/torch/distributed/c10d_logger.py:83: FutureWarning: `torch.distributed.all_gather_into_tensor` is deprecated. Please use `torch.distributed.all_gather_single` instead.
  return func(*args, **kwargs)
/e/project1/e-dev-2026d09-262/windinet_venv/lib/python3.12/site-packages/torch/distributed/c10d_logger.py:83: FutureWarning: `torch.distributed.all_gather_into_tensor` is deprecated. Please use `torch.distributed.all_gather_single` instead.
  return func(*args, **kwargs)
/e/project1/e-dev-2026d09-262/windinet_venv/lib/python3.12/site-packages/torch/distributed/c10d_logger.py:83: FutureWarning: `torch.distributed.all_gather_into_tensor` is deprecated. Please use `torch.distributed.all_gather_single` instead.
  return func(*args, **kwargs)
/e/project1/e-dev-2026d09-262/windinet_venv/lib/python3.12/site-packages/torch/distributed/c10d_logger.py:83: FutureWarning: `torch.distributed.all_gather_into_tensor` is deprecated. Please use `torch.distributed.all_gather_single` instead.
  return func(*args, **kwargs)
/e/project1/e-dev-2026d09-262/windinet_venv/lib/python3.12/site-packages/torch/distributed/c10d_logger.py:83: FutureWarning: `torch.distributed.all_gather_into_tensor` is deprecated. Please use `torch.distributed.all_gather_single` instead.
  return func(*args, **kwargs)
/e/project1/e-dev-2026d09-262/windinet_venv/lib/python3.12/site-packages/torch/distributed/c10d_logger.py:83: FutureWarning: `torch.distributed.all_gather_into_tensor` is deprecated. Please use `torch.distributed.all_gather_single` instead.
  return func(*args, **kwargs)
/e/project1/e-dev-2026d09-262/windinet_venv/lib/python3.12/site-packages/torch/distributed/c10d_logger.py:83: FutureWarning: `torch.distributed.all_gather_into_tensor` is deprecated. Please use `torch.distributed.all_gather_single` instead.
  return func(*args, **kwargs)
/e/project1/e-dev-2026d09-262/windinet_venv/lib/python3.12/site-packages/torch/distributed/c10d_logger.py:83: FutureWarning: `torch.distributed.all_gather_into_tensor` is deprecated. Please use `torch.distributed.all_gather_single` instead.
  return func(*args, **kwargs)
/e/project1/e-dev-2026d09-262/windinet_venv/lib/python3.12/site-packages/torch/distributed/c10d_logger.py:83: FutureWarning: `torch.distributed.all_gather_into_tensor` is deprecated. Please use `torch.distributed.all_gather_single` instead.
  return func(*args, **kwargs)
/e/project1/e-dev-2026d09-262/windinet_venv/lib/python3.12/site-packages/torch/distributed/c10d_logger.py:83: FutureWarning: `torch.distributed.all_gather_into_tensor` is deprecated. Please use `torch.distributed.all_gather_single` instead.
  return func(*args, **kwargs)
/e/project1/e-dev-2026d09-262/windinet_venv/lib/python3.12/site-packages/torch/distributed/c10d_logger.py:83: FutureWarning: `torch.distributed.all_gather_into_tensor` is deprecated. Please use `torch.distributed.all_gather_single` instead.
  return func(*args, **kwargs)
/e/project1/e-dev-2026d09-262/windinet_venv/lib/python3.12/site-packages/torch/distributed/c10d_logger.py:83: FutureWarning: `torch.distributed.all_gather_into_tensor` is deprecated. Please use `torch.distributed.all_gather_single` instead.
  return func(*args, **kwargs)
/e/project1/e-dev-2026d09-262/windinet_venv/lib/python3.12/site-packages/torch/distributed/c10d_logger.py:83: FutureWarning: `torch.distributed.all_gather_into_tensor` is deprecated. Please use `torch.distributed.all_gather_single` instead.
  return func(*args, **kwargs)
/e/project1/e-dev-2026d09-262/windinet_venv/lib/python3.12/site-packages/torch/distributed/c10d_logger.py:83: FutureWarning: `torch.distributed.all_gather_into_tensor` is deprecated. Please use `torch.distributed.all_gather_single` instead.
  return func(*args, **kwargs)
/e/project1/e-dev-2026d09-262/windinet_venv/lib/python3.12/site-packages/torch/distributed/c10d_logger.py:83: FutureWarning: `torch.distributed.all_gather_into_tensor` is deprecated. Please use `torch.distributed.all_gather_single` instead.
  return func(*args, **kwargs)
/e/project1/e-dev-2026d09-262/windinet_venv/lib/python3.12/site-packages/torch/distributed/c10d_logger.py:83: FutureWarning: `torch.distributed.all_gather_into_tensor` is deprecated. Please use `torch.distributed.all_gather_single` instead.
  return func(*args, **kwargs)
/e/project1/e-dev-2026d09-262/windinet_venv/lib/python3.12/site-packages/torch/distributed/c10d_logger.py:83: FutureWarning: `torch.distributed.all_gather_into_tensor` is deprecated. Please use `torch.distributed.all_gather_single` instead.
  return func(*args, **kwargs)
/e/project1/e-dev-2026d09-262/windinet_venv/lib/python3.12/site-packages/torch/distributed/c10d_logger.py:83: FutureWarning: `torch.distributed.all_gather_into_tensor` is deprecated. Please use `torch.distributed.all_gather_single` instead.
  return func(*args, **kwargs)
/e/project1/e-dev-2026d09-262/windinet_venv/lib/python3.12/site-packages/torch/distributed/c10d_logger.py:83: FutureWarning: `torch.distributed.all_gather_into_tensor` is deprecated. Please use `torch.distributed.all_gather_single` instead.
  return func(*args, **kwargs)
/e/project1/e-dev-2026d09-262/windinet_venv/lib/python3.12/site-packages/torch/distributed/c10d_logger.py:83: FutureWarning: `torch.distributed.all_gather_into_tensor` is deprecated. Please use `torch.distributed.all_gather_single` instead.
  return func(*args, **kwargs)
/e/project1/e-dev-2026d09-262/windinet_venv/lib/python3.12/site-packages/torch/distributed/c10d_logger.py:83: FutureWarning: `torch.distributed.all_gather_into_tensor` is deprecated. Please use `torch.distributed.all_gather_single` instead.
  return func(*args, **kwargs)
/e/project1/e-dev-2026d09-262/windinet_venv/lib/python3.12/site-packages/torch/distributed/c10d_logger.py:83: FutureWarning: `torch.distributed.all_gather_into_tensor` is deprecated. Please use `torch.distributed.all_gather_single` instead.
  return func(*args, **kwargs)
/e/project1/e-dev-2026d09-262/windinet_venv/lib/python3.12/site-packages/torch/distributed/c10d_logger.py:83: FutureWarning: `torch.distributed.all_gather_into_tensor` is deprecated. Please use `torch.distributed.all_gather_single` instead.
  return func(*args, **kwargs)
/e/project1/e-dev-2026d09-262/windinet_venv/lib/python3.12/site-packages/torch/distributed/c10d_logger.py:83: FutureWarning: `torch.distributed.all_gather_into_tensor` is deprecated. Please use `torch.distributed.all_gather_single` instead.
  return func(*args, **kwargs)
/e/project1/e-dev-2026d09-262/windinet_venv/lib/python3.12/site-packages/torch/distributed/c10d_logger.py:83: FutureWarning: `torch.distributed.all_gather_into_tensor` is deprecated. Please use `torch.distributed.all_gather_single` instead.
  return func(*args, **kwargs)
/e/project1/e-dev-2026d09-262/windinet_venv/lib/python3.12/site-packages/torch/distributed/c10d_logger.py:83: FutureWarning: `torch.distributed.all_gather_into_tensor` is deprecated. Please use `torch.distributed.all_gather_single` instead.
  return func(*args, **kwargs)
/e/project1/e-dev-2026d09-262/windinet_venv/lib/python3.12/site-packages/torch/distributed/c10d_logger.py:83: FutureWarning: `torch.distributed.all_gather_into_tensor` is deprecated. Please use `torch.distributed.all_gather_single` instead.
  return func(*args, **kwargs)
/e/project1/e-dev-2026d09-262/windinet_venv/lib/python3.12/site-packages/torch/distributed/c10d_logger.py:83: FutureWarning: `torch.distributed.all_gather_into_tensor` is deprecated. Please use `torch.distributed.all_gather_single` instead.
  return func(*args, **kwargs)
/e/project1/e-dev-2026d09-262/windinet_venv/lib/python3.12/site-packages/torch/distributed/c10d_logger.py:83: FutureWarning: `torch.distributed.all_gather_into_tensor` is deprecated. Please use `torch.distributed.all_gather_single` instead.
  return func(*args, **kwargs)
/e/project1/e-dev-2026d09-262/windinet_venv/lib/python3.12/site-packages/torch/distributed/c10d_logger.py:83: FutureWarning: `torch.distributed.all_gather_into_tensor` is deprecated. Please use `torch.distributed.all_gather_single` instead.
  return func(*args, **kwargs)
/e/project1/e-dev-2026d09-262/windinet_venv/lib/python3.12/site-packages/torch/distributed/c10d_logger.py:83: FutureWarning: `torch.distributed.all_gather_into_tensor` is deprecated. Please use `torch.distributed.all_gather_single` instead.
  return func(*args, **kwargs)
/e/project1/e-dev-2026d09-262/windinet_venv/lib/python3.12/site-packages/torch/distributed/c10d_logger.py:83: FutureWarning: `torch.distributed.all_gather_into_tensor` is deprecated. Please use `torch.distributed.all_gather_single` instead.
  return func(*args, **kwargs)
/e/project1/e-dev-2026d09-262/windinet_venv/lib/python3.12/site-packages/torch/distributed/c10d_logger.py:83: FutureWarning: `torch.distributed.all_gather_into_tensor` is deprecated. Please use `torch.distributed.all_gather_single` instead.
  return func(*args, **kwargs)
/e/project1/e-dev-2026d09-262/windinet_venv/lib/python3.12/site-packages/torch/distributed/c10d_logger.py:83: FutureWarning: `torch.distributed.all_gather_into_tensor` is deprecated. Please use `torch.distributed.all_gather_single` instead.
  return func(*args, **kwargs)
/e/project1/e-dev-2026d09-262/windinet_venv/lib/python3.12/site-packages/torch/distributed/c10d_logger.py:83: FutureWarning: `torch.distributed.all_gather_into_tensor` is deprecated. Please use `torch.distributed.all_gather_single` instead.
  return func(*args, **kwargs)
/e/project1/e-dev-2026d09-262/windinet_venv/lib/python3.12/site-packages/torch/distributed/c10d_logger.py:83: FutureWarning: `torch.distributed.all_gather_into_tensor` is deprecated. Please use `torch.distributed.all_gather_single` instead.
  return func(*args, **kwargs)
/e/project1/e-dev-2026d09-262/windinet_venv/lib/python3.12/site-packages/torch/distributed/c10d_logger.py:83: FutureWarning: `torch.distributed.all_gather_into_tensor` is deprecated. Please use `torch.distributed.all_gather_single` instead.
  return func(*args, **kwargs)
/e/project1/e-dev-2026d09-262/windinet_venv/lib/python3.12/site-packages/torch/distributed/c10d_logger.py:83: FutureWarning: `torch.distributed.all_gather_into_tensor` is deprecated. Please use `torch.distributed.all_gather_single` instead.
  return func(*args, **kwargs)
/e/project1/e-dev-2026d09-262/windinet_venv/lib/python3.12/site-packages/torch/distributed/c10d_logger.py:83: FutureWarning: `torch.distributed.all_gather_into_tensor` is deprecated. Please use `torch.distributed.all_gather_single` instead.
  return func(*args, **kwargs)
/e/project1/e-dev-2026d09-262/windinet_venv/lib/python3.12/site-packages/torch/distributed/c10d_logger.py:83: FutureWarning: `torch.distributed.all_gather_into_tensor` is deprecated. Please use `torch.distributed.all_gather_single` instead.
  return func(*args, **kwargs)
/e/project1/e-dev-2026d09-262/windinet_venv/lib/python3.12/site-packages/torch/distributed/c10d_logger.py:83: FutureWarning: `torch.distributed.all_gather_into_tensor` is deprecated. Please use `torch.distributed.all_gather_single` instead.
  return func(*args, **kwargs)
/e/project1/e-dev-2026d09-262/windinet_venv/lib/python3.12/site-packages/torch/distributed/c10d_logger.py:83: FutureWarning: `torch.distributed.all_gather_into_tensor` is deprecated. Please use `torch.distributed.all_gather_single` instead.
  return func(*args, **kwargs)
/e/project1/e-dev-2026d09-262/windinet_venv/lib/python3.12/site-packages/torch/distributed/c10d_logger.py:83: FutureWarning: `torch.distributed.all_gather_into_tensor` is deprecated. Please use `torch.distributed.all_gather_single` instead.
  return func(*args, **kwargs)
/e/project1/e-dev-2026d09-262/windinet_venv/lib/python3.12/site-packages/torch/distributed/c10d_logger.py:83: FutureWarning: `torch.distributed.all_gather_into_tensor` is deprecated. Please use `torch.distributed.all_gather_single` instead.
  return func(*args, **kwargs)
/e/project1/e-dev-2026d09-262/windinet_venv/lib/python3.12/site-packages/torch/distributed/c10d_logger.py:83: FutureWarning: `torch.distributed.all_gather_into_tensor` is deprecated. Please use `torch.distributed.all_gather_single` instead.
  return func(*args, **kwargs)
/e/project1/e-dev-2026d09-262/windinet_venv/lib/python3.12/site-packages/torch/distributed/c10d_logger.py:83: FutureWarning: `torch.distributed.all_gather_into_tensor` is deprecated. Please use `torch.distributed.all_gather_single` instead.
  return func(*args, **kwargs)
/e/project1/e-dev-2026d09-262/windinet_venv/lib/python3.12/site-packages/torch/distributed/c10d_logger.py:83: FutureWarning: `torch.distributed.all_gather_into_tensor` is deprecated. Please use `torch.distributed.all_gather_single` instead.
  return func(*args, **kwargs)
/e/project1/e-dev-2026d09-262/windinet_venv/lib/python3.12/site-packages/torch/distributed/c10d_logger.py:83: FutureWarning: `torch.distributed.all_gather_into_tensor` is deprecated. Please use `torch.distributed.all_gather_single` instead.
  return func(*args, **kwargs)
/e/project1/e-dev-2026d09-262/windinet_venv/lib/python3.12/site-packages/torch/distributed/c10d_logger.py:83: FutureWarning: `torch.distributed.all_gather_into_tensor` is deprecated. Please use `torch.distributed.all_gather_single` instead.
  return func(*args, **kwargs)
/e/project1/e-dev-2026d09-262/windinet_venv/lib/python3.12/site-packages/torch/distributed/c10d_logger.py:83: FutureWarning: `torch.distributed.all_gather_into_tensor` is deprecated. Please use `torch.distributed.all_gather_single` instead.
  return func(*args, **kwargs)
/e/project1/e-dev-2026d09-262/windinet_venv/lib/python3.12/site-packages/torch/distributed/c10d_logger.py:83: FutureWarning: `torch.distributed.all_gather_into_tensor` is deprecated. Please use `torch.distributed.all_gather_single` instead.
  return func(*args, **kwargs)
/e/project1/e-dev-2026d09-262/windinet_venv/lib/python3.12/site-packages/torch/distributed/c10d_logger.py:83: FutureWarning: `torch.distributed.all_gather_into_tensor` is deprecated. Please use `torch.distributed.all_gather_single` instead.
  return func(*args, **kwargs)
/e/project1/e-dev-2026d09-262/windinet_venv/lib/python3.12/site-packages/torch/distributed/c10d_logger.py:83: FutureWarning: `torch.distributed.all_gather_into_tensor` is deprecated. Please use `torch.distributed.all_gather_single` instead.
  return func(*args, **kwargs)
/e/project1/e-dev-2026d09-262/windinet_venv/lib/python3.12/site-packages/torch/distributed/c10d_logger.py:83: FutureWarning: `torch.distributed.all_gather_into_tensor` is deprecated. Please use `torch.distributed.all_gather_single` instead.
  return func(*args, **kwargs)
/e/project1/e-dev-2026d09-262/windinet_venv/lib/python3.12/site-packages/torch/distributed/c10d_logger.py:83: FutureWarning: `torch.distributed.all_gather_into_tensor` is deprecated. Please use `torch.distributed.all_gather_single` instead.
  return func(*args, **kwargs)
/e/project1/e-dev-2026d09-262/windinet_venv/lib/python3.12/site-packages/torch/distributed/c10d_logger.py:83: FutureWarning: `torch.distributed.all_gather_into_tensor` is deprecated. Please use `torch.distributed.all_gather_single` instead.
  return func(*args, **kwargs)
/e/project1/e-dev-2026d09-262/windinet_venv/lib/python3.12/site-packages/torch/distributed/c10d_logger.py:83: FutureWarning: `torch.distributed.all_gather_into_tensor` is deprecated. Please use `torch.distributed.all_gather_single` instead.
  return func(*args, **kwargs)
/e/project1/e-dev-2026d09-262/windinet_venv/lib/python3.12/site-packages/torch/distributed/c10d_logger.py:83: FutureWarning: `torch.distributed.all_gather_into_tensor` is deprecated. Please use `torch.distributed.all_gather_single` instead.
  return func(*args, **kwargs)
/e/project1/e-dev-2026d09-262/windinet_venv/lib/python3.12/site-packages/torch/distributed/c10d_logger.py:83: FutureWarning: `torch.distributed.all_gather_into_tensor` is deprecated. Please use `torch.distributed.all_gather_single` instead.
  return func(*args, **kwargs)
/e/project1/e-dev-2026d09-262/windinet_venv/lib/python3.12/site-packages/torch/distributed/c10d_logger.py:83: FutureWarning: `torch.distributed.all_gather_into_tensor` is deprecated. Please use `torch.distributed.all_gather_single` instead.
  return func(*args, **kwargs)
/e/project1/e-dev-2026d09-262/windinet_venv/lib/python3.12/site-packages/torch/distributed/c10d_logger.py:83: FutureWarning: `torch.distributed.all_gather_into_tensor` is deprecated. Please use `torch.distributed.all_gather_single` instead.
  return func(*args, **kwargs)
/e/project1/e-dev-2026d09-262/windinet_venv/lib/python3.12/site-packages/torch/distributed/c10d_logger.py:83: FutureWarning: `torch.distributed.all_gather_into_tensor` is deprecated. Please use `torch.distributed.all_gather_single` instead.
  return func(*args, **kwargs)
/e/project1/e-dev-2026d09-262/windinet_venv/lib/python3.12/site-packages/torch/distributed/c10d_logger.py:83: FutureWarning: `torch.distributed.all_gather_into_tensor` is deprecated. Please use `torch.distributed.all_gather_single` instead.
  return func(*args, **kwargs)
/e/project1/e-dev-2026d09-262/windinet_venv/lib/python3.12/site-packages/torch/distributed/c10d_logger.py:83: FutureWarning: `torch.distributed.all_gather_into_tensor` is deprecated. Please use `torch.distributed.all_gather_single` instead.
  return func(*args, **kwargs)
/e/project1/e-dev-2026d09-262/windinet_venv/lib/python3.12/site-packages/torch/distributed/c10d_logger.py:83: FutureWarning: `torch.distributed.all_gather_into_tensor` is deprecated. Please use `torch.distributed.all_gather_single` instead.
  return func(*args, **kwargs)
/e/project1/e-dev-2026d09-262/windinet_venv/lib/python3.12/site-packages/torch/distributed/c10d_logger.py:83: FutureWarning: `torch.distributed.all_gather_into_tensor` is deprecated. Please use `torch.distributed.all_gather_single` instead.
  return func(*args, **kwargs)
/e/project1/e-dev-2026d09-262/windinet_venv/lib/python3.12/site-packages/torch/distributed/c10d_logger.py:83: FutureWarning: `torch.distributed.all_gather_into_tensor` is deprecated. Please use `torch.distributed.all_gather_single` instead.
  return func(*args, **kwargs)
/e/project1/e-dev-2026d09-262/windinet_venv/lib/python3.12/site-packages/torch/distributed/c10d_logger.py:83: FutureWarning: `torch.distributed.all_gather_into_tensor` is deprecated. Please use `torch.distributed.all_gather_single` instead.
  return func(*args, **kwargs)
/e/project1/e-dev-2026d09-262/windinet_venv/lib/python3.12/site-packages/torch/distributed/c10d_logger.py:83: FutureWarning: `torch.distributed.all_gather_into_tensor` is deprecated. Please use `torch.distributed.all_gather_single` instead.
  return func(*args, **kwargs)
/e/project1/e-dev-2026d09-262/windinet_venv/lib/python3.12/site-packages/torch/distributed/c10d_logger.py:83: FutureWarning: `torch.distributed.all_gather_into_tensor` is deprecated. Please use `torch.distributed.all_gather_single` instead.
  return func(*args, **kwargs)
/e/project1/e-dev-2026d09-262/windinet_venv/lib/python3.12/site-packages/torch/distributed/c10d_logger.py:83: FutureWarning: `torch.distributed.all_gather_into_tensor` is deprecated. Please use `torch.distributed.all_gather_single` instead.
  return func(*args, **kwargs)
/e/project1/e-dev-2026d09-262/windinet_venv/lib/python3.12/site-packages/torch/distributed/c10d_logger.py:83: FutureWarning: `torch.distributed.all_gather_into_tensor` is deprecated. Please use `torch.distributed.all_gather_single` instead.
  return func(*args, **kwargs)
/e/project1/e-dev-2026d09-262/windinet_venv/lib/python3.12/site-packages/torch/distributed/c10d_logger.py:83: FutureWarning: `torch.distributed.all_gather_into_tensor` is deprecated. Please use `torch.distributed.all_gather_single` instead.
  return func(*args, **kwargs)
/e/project1/e-dev-2026d09-262/windinet_venv/lib/python3.12/site-packages/torch/distributed/c10d_logger.py:83: FutureWarning: `torch.distributed.all_gather_into_tensor` is deprecated. Please use `torch.distributed.all_gather_single` instead.
  return func(*args, **kwargs)
/e/project1/e-dev-2026d09-262/windinet_venv/lib/python3.12/site-packages/torch/distributed/c10d_logger.py:83: FutureWarning: `torch.distributed.all_gather_into_tensor` is deprecated. Please use `torch.distributed.all_gather_single` instead.
  return func(*args, **kwargs)
/e/project1/e-dev-2026d09-262/windinet_venv/lib/python3.12/site-packages/torch/distributed/c10d_logger.py:83: FutureWarning: `torch.distributed.all_gather_into_tensor` is deprecated. Please use `torch.distributed.all_gather_single` instead.
  return func(*args, **kwargs)
/e/project1/e-dev-2026d09-262/windinet_venv/lib/python3.12/site-packages/torch/distributed/c10d_logger.py:83: FutureWarning: `torch.distributed.all_gather_into_tensor` is deprecated. Please use `torch.distributed.all_gather_single` instead.
  return func(*args, **kwargs)
/e/project1/e-dev-2026d09-262/windinet_venv/lib/python3.12/site-packages/torch/distributed/c10d_logger.py:83: FutureWarning: `torch.distributed.all_gather_into_tensor` is deprecated. Please use `torch.distributed.all_gather_single` instead.
  return func(*args, **kwargs)
/e/project1/e-dev-2026d09-262/windinet_venv/lib/python3.12/site-packages/torch/distributed/c10d_logger.py:83: FutureWarning: `torch.distributed.all_gather_into_tensor` is deprecated. Please use `torch.distributed.all_gather_single` instead.
  return func(*args, **kwargs)
/e/project1/e-dev-2026d09-262/windinet_venv/lib/python3.12/site-packages/torch/distributed/c10d_logger.py:83: FutureWarning: `torch.distributed.all_gather_into_tensor` is deprecated. Please use `torch.distributed.all_gather_single` instead.
  return func(*args, **kwargs)
/e/project1/e-dev-2026d09-262/windinet_venv/lib/python3.12/site-packages/torch/distributed/c10d_logger.py:83: FutureWarning: `torch.distributed.all_gather_into_tensor` is deprecated. Please use `torch.distributed.all_gather_single` instead.
  return func(*args, **kwargs)
/e/project1/e-dev-2026d09-262/windinet_venv/lib/python3.12/site-packages/torch/distributed/c10d_logger.py:83: FutureWarning: `torch.distributed.all_gather_into_tensor` is deprecated. Please use `torch.distributed.all_gather_single` instead.
  return func(*args, **kwargs)
/e/project1/e-dev-2026d09-262/windinet_venv/lib/python3.12/site-packages/torch/distributed/c10d_logger.py:83: FutureWarning: `torch.distributed.all_gather_into_tensor` is deprecated. Please use `torch.distributed.all_gather_single` instead.
  return func(*args, **kwargs)
/e/project1/e-dev-2026d09-262/windinet_venv/lib/python3.12/site-packages/torch/distributed/c10d_logger.py:83: FutureWarning: `torch.distributed.all_gather_into_tensor` is deprecated. Please use `torch.distributed.all_gather_single` instead.
  return func(*args, **kwargs)
/e/project1/e-dev-2026d09-262/windinet_venv/lib/python3.12/site-packages/torch/distributed/c10d_logger.py:83: FutureWarning: `torch.distributed.all_gather_into_tensor` is deprecated. Please use `torch.distributed.all_gather_single` instead.
  return func(*args, **kwargs)
/e/project1/e-dev-2026d09-262/windinet_venv/lib/python3.12/site-packages/torch/distributed/c10d_logger.py:83: FutureWarning: `torch.distributed.all_gather_into_tensor` is deprecated. Please use `torch.distributed.all_gather_single` instead.
  return func(*args, **kwargs)
/e/project1/e-dev-2026d09-262/windinet_venv/lib/python3.12/site-packages/torch/distributed/c10d_logger.py:83: FutureWarning: `torch.distributed.all_gather_into_tensor` is deprecated. Please use `torch.distributed.all_gather_single` instead.
  return func(*args, **kwargs)
/e/project1/e-dev-2026d09-262/windinet_venv/lib/python3.12/site-packages/torch/distributed/c10d_logger.py:83: FutureWarning: `torch.distributed.all_gather_into_tensor` is deprecated. Please use `torch.distributed.all_gather_single` instead.
  return func(*args, **kwargs)
/e/project1/e-dev-2026d09-262/windinet_venv/lib/python3.12/site-packages/torch/distributed/c10d_logger.py:83: FutureWarning: `torch.distributed.all_gather_into_tensor` is deprecated. Please use `torch.distributed.all_gather_single` instead.
  return func(*args, **kwargs)
/e/project1/e-dev-2026d09-262/windinet_venv/lib/python3.12/site-packages/torch/distributed/c10d_logger.py:83: FutureWarning: `torch.distributed.all_gather_into_tensor` is deprecated. Please use `torch.distributed.all_gather_single` instead.
  return func(*args, **kwargs)
/e/project1/e-dev-2026d09-262/windinet_venv/lib/python3.12/site-packages/torch/distributed/c10d_logger.py:83: FutureWarning: `torch.distributed.all_gather_into_tensor` is deprecated. Please use `torch.distributed.all_gather_single` instead.
  return func(*args, **kwargs)
/e/project1/e-dev-2026d09-262/windinet_venv/lib/python3.12/site-packages/torch/distributed/c10d_logger.py:83: FutureWarning: `torch.distributed.all_gather_into_tensor` is deprecated. Please use `torch.distributed.all_gather_single` instead.
  return func(*args, **kwargs)
/e/project1/e-dev-2026d09-262/windinet_venv/lib/python3.12/site-packages/torch/distributed/c10d_logger.py:83: FutureWarning: `torch.distributed.all_gather_into_tensor` is deprecated. Please use `torch.distributed.all_gather_single` instead.
  return func(*args, **kwargs)
/e/project1/e-dev-2026d09-262/windinet_venv/lib/python3.12/site-packages/torch/distributed/c10d_logger.py:83: FutureWarning: `torch.distributed.all_gather_into_tensor` is deprecated. Please use `torch.distributed.all_gather_single` instead.
  return func(*args, **kwargs)
/e/project1/e-dev-2026d09-262/windinet_venv/lib/python3.12/site-packages/torch/distributed/c10d_logger.py:83: FutureWarning: `torch.distributed.all_gather_into_tensor` is deprecated. Please use `torch.distributed.all_gather_single` instead.
  return func(*args, **kwargs)
/e/project1/e-dev-2026d09-262/windinet_venv/lib/python3.12/site-packages/torch/distributed/c10d_logger.py:83: FutureWarning: `torch.distributed.all_gather_into_tensor` is deprecated. Please use `torch.distributed.all_gather_single` instead.
  return func(*args, **kwargs)
/e/project1/e-dev-2026d09-262/windinet_venv/lib/python3.12/site-packages/torch/distributed/c10d_logger.py:83: FutureWarning: `torch.distributed.all_gather_into_tensor` is deprecated. Please use `torch.distributed.all_gather_single` instead.
  return func(*args, **kwargs)
/e/project1/e-dev-2026d09-262/windinet_venv/lib/python3.12/site-packages/torch/distributed/c10d_logger.py:83: FutureWarning: `torch.distributed.all_gather_into_tensor` is deprecated. Please use `torch.distributed.all_gather_single` instead.
  return func(*args, **kwargs)
/e/project1/e-dev-2026d09-262/windinet_venv/lib/python3.12/site-packages/torch/distributed/c10d_logger.py:83: FutureWarning: `torch.distributed.all_gather_into_tensor` is deprecated. Please use `torch.distributed.all_gather_single` instead.
  return func(*args, **kwargs)
/e/project1/e-dev-2026d09-262/windinet_venv/lib/python3.12/site-packages/torch/distributed/c10d_logger.py:83: FutureWarning: `torch.distributed.all_gather_into_tensor` is deprecated. Please use `torch.distributed.all_gather_single` instead.
  return func(*args, **kwargs)
/e/project1/e-dev-2026d09-262/windinet_venv/lib/python3.12/site-packages/torch/distributed/c10d_logger.py:83: FutureWarning: `torch.distributed.all_gather_into_tensor` is deprecated. Please use `torch.distributed.all_gather_single` instead.
  return func(*args, **kwargs)
/e/project1/e-dev-2026d09-262/windinet_venv/lib/python3.12/site-packages/torch/distributed/c10d_logger.py:83: FutureWarning: `torch.distributed.all_gather_into_tensor` is deprecated. Please use `torch.distributed.all_gather_single` instead.
  return func(*args, **kwargs)
/e/project1/e-dev-2026d09-262/windinet_venv/lib/python3.12/site-packages/torch/distributed/c10d_logger.py:83: FutureWarning: `torch.distributed.all_gather_into_tensor` is deprecated. Please use `torch.distributed.all_gather_single` instead.
  return func(*args, **kwargs)
/e/project1/e-dev-2026d09-262/windinet_venv/lib/python3.12/site-packages/torch/distributed/c10d_logger.py:83: FutureWarning: `torch.distributed.all_gather_into_tensor` is deprecated. Please use `torch.distributed.all_gather_single` instead.
  return func(*args, **kwargs)
/e/project1/e-dev-2026d09-262/windinet_venv/lib/python3.12/site-packages/torch/distributed/c10d_logger.py:83: FutureWarning: `torch.distributed.all_gather_into_tensor` is deprecated. Please use `torch.distributed.all_gather_single` instead.
  return func(*args, **kwargs)
/e/project1/e-dev-2026d09-262/windinet_venv/lib/python3.12/site-packages/torch/distributed/c10d_logger.py:83: FutureWarning: `torch.distributed.all_gather_into_tensor` is deprecated. Please use `torch.distributed.all_gather_single` instead.
  return func(*args, **kwargs)
/e/project1/e-dev-2026d09-262/windinet_venv/lib/python3.12/site-packages/torch/distributed/c10d_logger.py:83: FutureWarning: `torch.distributed.all_gather_into_tensor` is deprecated. Please use `torch.distributed.all_gather_single` instead.
  return func(*args, **kwargs)
/e/project1/e-dev-2026d09-262/windinet_venv/lib/python3.12/site-packages/torch/distributed/c10d_logger.py:83: FutureWarning: `torch.distributed.all_gather_into_tensor` is deprecated. Please use `torch.distributed.all_gather_single` instead.
  return func(*args, **kwargs)
/e/project1/e-dev-2026d09-262/windinet_venv/lib/python3.12/site-packages/torch/distributed/c10d_logger.py:83: FutureWarning: `torch.distributed.all_gather_into_tensor` is deprecated. Please use `torch.distributed.all_gather_single` instead.
  return func(*args, **kwargs)
/e/project1/e-dev-2026d09-262/windinet_venv/lib/python3.12/site-packages/torch/distributed/c10d_logger.py:83: FutureWarning: `torch.distributed.all_gather_into_tensor` is deprecated. Please use `torch.distributed.all_gather_single` instead.
  return func(*args, **kwargs)
/e/project1/e-dev-2026d09-262/windinet_venv/lib/python3.12/site-packages/torch/distributed/c10d_logger.py:83: FutureWarning: `torch.distributed.all_gather_into_tensor` is deprecated. Please use `torch.distributed.all_gather_single` instead.
  return func(*args, **kwargs)
/e/project1/e-dev-2026d09-262/windinet_venv/lib/python3.12/site-packages/torch/distributed/c10d_logger.py:83: FutureWarning: `torch.distributed.all_gather_into_tensor` is deprecated. Please use `torch.distributed.all_gather_single` instead.
  return func(*args, **kwargs)
/e/project1/e-dev-2026d09-262/windinet_venv/lib/python3.12/site-packages/torch/distributed/c10d_logger.py:83: FutureWarning: `torch.distributed.all_gather_into_tensor` is deprecated. Please use `torch.distributed.all_gather_single` instead.
  return func(*args, **kwargs)
/e/project1/e-dev-2026d09-262/windinet_venv/lib/python3.12/site-packages/torch/distributed/c10d_logger.py:83: FutureWarning: `torch.distributed.all_gather_into_tensor` is deprecated. Please use `torch.distributed.all_gather_single` instead.
  return func(*args, **kwargs)
/e/project1/e-dev-2026d09-262/windinet_venv/lib/python3.12/site-packages/torch/distributed/c10d_logger.py:83: FutureWarning: `torch.distributed.all_gather_into_tensor` is deprecated. Please use `torch.distributed.all_gather_single` instead.
  return func(*args, **kwargs)
/e/project1/e-dev-2026d09-262/windinet_venv/lib/python3.12/site-packages/torch/distributed/c10d_logger.py:83: FutureWarning: `torch.distributed.all_gather_into_tensor` is deprecated. Please use `torch.distributed.all_gather_single` instead.
  return func(*args, **kwargs)
/e/project1/e-dev-2026d09-262/windinet_venv/lib/python3.12/site-packages/torch/distributed/c10d_logger.py:83: FutureWarning: `torch.distributed.all_gather_into_tensor` is deprecated. Please use `torch.distributed.all_gather_single` instead.
  return func(*args, **kwargs)
/e/project1/e-dev-2026d09-262/windinet_venv/lib/python3.12/site-packages/torch/distributed/c10d_logger.py:83: FutureWarning: `torch.distributed.all_gather_into_tensor` is deprecated. Please use `torch.distributed.all_gather_single` instead.
  return func(*args, **kwargs)
/e/project1/e-dev-2026d09-262/windinet_venv/lib/python3.12/site-packages/torch/distributed/c10d_logger.py:83: FutureWarning: `torch.distributed.all_gather_into_tensor` is deprecated. Please use `torch.distributed.all_gather_single` instead.
  return func(*args, **kwargs)
/e/project1/e-dev-2026d09-262/windinet_venv/lib/python3.12/site-packages/torch/distributed/c10d_logger.py:83: FutureWarning: `torch.distributed.all_gather_into_tensor` is deprecated. Please use `torch.distributed.all_gather_single` instead.
  return func(*args, **kwargs)
/e/project1/e-dev-2026d09-262/windinet_venv/lib/python3.12/site-packages/torch/distributed/c10d_logger.py:83: FutureWarning: `torch.distributed.all_gather_into_tensor` is deprecated. Please use `torch.distributed.all_gather_single` instead.
  return func(*args, **kwargs)
/e/project1/e-dev-2026d09-262/windinet_venv/lib/python3.12/site-packages/torch/distributed/c10d_logger.py:83: FutureWarning: `torch.distributed.all_gather_into_tensor` is deprecated. Please use `torch.distributed.all_gather_single` instead.
  return func(*args, **kwargs)
/e/project1/e-dev-2026d09-262/windinet_venv/lib/python3.12/site-packages/torch/distributed/c10d_logger.py:83: FutureWarning: `torch.distributed.all_gather_into_tensor` is deprecated. Please use `torch.distributed.all_gather_single` instead.
  return func(*args, **kwargs)
/e/project1/e-dev-2026d09-262/windinet_venv/lib/python3.12/site-packages/torch/distributed/c10d_logger.py:83: FutureWarning: `torch.distributed.all_gather_into_tensor` is deprecated. Please use `torch.distributed.all_gather_single` instead.
  return func(*args, **kwargs)
/e/project1/e-dev-2026d09-262/windinet_venv/lib/python3.12/site-packages/torch/distributed/c10d_logger.py:83: FutureWarning: `torch.distributed.all_gather_into_tensor` is deprecated. Please use `torch.distributed.all_gather_single` instead.
  return func(*args, **kwargs)
/e/project1/e-dev-2026d09-262/windinet_venv/lib/python3.12/site-packages/torch/distributed/c10d_logger.py:83: FutureWarning: `torch.distributed.all_gather_into_tensor` is deprecated. Please use `torch.distributed.all_gather_single` instead.
  return func(*args, **kwargs)
/e/project1/e-dev-2026d09-262/windinet_venv/lib/python3.12/site-packages/torch/distributed/c10d_logger.py:83: FutureWarning: `torch.distributed.all_gather_into_tensor` is deprecated. Please use `torch.distributed.all_gather_single` instead.
  return func(*args, **kwargs)
/e/project1/e-dev-2026d09-262/windinet_venv/lib/python3.12/site-packages/torch/distributed/c10d_logger.py:83: FutureWarning: `torch.distributed.all_gather_into_tensor` is deprecated. Please use `torch.distributed.all_gather_single` instead.
  return func(*args, **kwargs)
/e/project1/e-dev-2026d09-262/windinet_venv/lib/python3.12/site-packages/torch/distributed/c10d_logger.py:83: FutureWarning: `torch.distributed.all_gather_into_tensor` is deprecated. Please use `torch.distributed.all_gather_single` instead.
  return func(*args, **kwargs)
/e/project1/e-dev-2026d09-262/windinet_venv/lib/python3.12/site-packages/torch/distributed/c10d_logger.py:83: FutureWarning: `torch.distributed.all_gather_into_tensor` is deprecated. Please use `torch.distributed.all_gather_single` instead.
  return func(*args, **kwargs)
/e/project1/e-dev-2026d09-262/windinet_venv/lib/python3.12/site-packages/torch/distributed/c10d_logger.py:83: FutureWarning: `torch.distributed.all_gather_into_tensor` is deprecated. Please use `torch.distributed.all_gather_single` instead.
  return func(*args, **kwargs)
/e/project1/e-dev-2026d09-262/windinet_venv/lib/python3.12/site-packages/torch/distributed/c10d_logger.py:83: FutureWarning: `torch.distributed.all_gather_into_tensor` is deprecated. Please use `torch.distributed.all_gather_single` instead.
  return func(*args, **kwargs)
/e/project1/e-dev-2026d09-262/windinet_venv/lib/python3.12/site-packages/torch/distributed/c10d_logger.py:83: FutureWarning: `torch.distributed.all_gather_into_tensor` is deprecated. Please use `torch.distributed.all_gather_single` instead.
  return func(*args, **kwargs)
/e/project1/e-dev-2026d09-262/windinet_venv/lib/python3.12/site-packages/torch/distributed/c10d_logger.py:83: FutureWarning: `torch.distributed.all_gather_into_tensor` is deprecated. Please use `torch.distributed.all_gather_single` instead.
  return func(*args, **kwargs)
/e/project1/e-dev-2026d09-262/windinet_venv/lib/python3.12/site-packages/torch/distributed/c10d_logger.py:83: FutureWarning: `torch.distributed.all_gather_into_tensor` is deprecated. Please use `torch.distributed.all_gather_single` instead.
  return func(*args, **kwargs)
/e/project1/e-dev-2026d09-262/windinet_venv/lib/python3.12/site-packages/torch/distributed/c10d_logger.py:83: FutureWarning: `torch.distributed.all_gather_into_tensor` is deprecated. Please use `torch.distributed.all_gather_single` instead.
  return func(*args, **kwargs)
/e/project1/e-dev-2026d09-262/windinet_venv/lib/python3.12/site-packages/torch/distributed/c10d_logger.py:83: FutureWarning: `torch.distributed.all_gather_into_tensor` is deprecated. Please use `torch.distributed.all_gather_single` instead.
  return func(*args, **kwargs)
/e/project1/e-dev-2026d09-262/windinet_venv/lib/python3.12/site-packages/torch/distributed/c10d_logger.py:83: FutureWarning: `torch.distributed.all_gather_into_tensor` is deprecated. Please use `torch.distributed.all_gather_single` instead.
  return func(*args, **kwargs)
/e/project1/e-dev-2026d09-262/windinet_venv/lib/python3.12/site-packages/torch/distributed/c10d_logger.py:83: FutureWarning: `torch.distributed.all_gather_into_tensor` is deprecated. Please use `torch.distributed.all_gather_single` instead.
  return func(*args, **kwargs)
/e/project1/e-dev-2026d09-262/windinet_venv/lib/python3.12/site-packages/torch/distributed/c10d_logger.py:83: FutureWarning: `torch.distributed.all_gather_into_tensor` is deprecated. Please use `torch.distributed.all_gather_single` instead.
  return func(*args, **kwargs)
/e/project1/e-dev-2026d09-262/windinet_venv/lib/python3.12/site-packages/torch/distributed/c10d_logger.py:83: FutureWarning: `torch.distributed.all_gather_into_tensor` is deprecated. Please use `torch.distributed.all_gather_single` instead.
  return func(*args, **kwargs)
/e/project1/e-dev-2026d09-262/windinet_venv/lib/python3.12/site-packages/torch/distributed/c10d_logger.py:83: FutureWarning: `torch.distributed.all_gather_into_tensor` is deprecated. Please use `torch.distributed.all_gather_single` instead.
  return func(*args, **kwargs)
/e/project1/e-dev-2026d09-262/windinet_venv/lib/python3.12/site-packages/torch/distributed/c10d_logger.py:83: FutureWarning: `torch.distributed.all_gather_into_tensor` is deprecated. Please use `torch.distributed.all_gather_single` instead.
  return func(*args, **kwargs)
/e/project1/e-dev-2026d09-262/windinet_venv/lib/python3.12/site-packages/torch/distributed/c10d_logger.py:83: FutureWarning: `torch.distributed.all_gather_into_tensor` is deprecated. Please use `torch.distributed.all_gather_single` instead.
  return func(*args, **kwargs)
/e/project1/e-dev-2026d09-262/windinet_venv/lib/python3.12/site-packages/torch/distributed/c10d_logger.py:83: FutureWarning: `torch.distributed.all_gather_into_tensor` is deprecated. Please use `torch.distributed.all_gather_single` instead.
  return func(*args, **kwargs)
/e/project1/e-dev-2026d09-262/windinet_venv/lib/python3.12/site-packages/torch/distributed/c10d_logger.py:83: FutureWarning: `torch.distributed.all_gather_into_tensor` is deprecated. Please use `torch.distributed.all_gather_single` instead.
  return func(*args, **kwargs)
/e/project1/e-dev-2026d09-262/windinet_venv/lib/python3.12/site-packages/torch/distributed/c10d_logger.py:83: FutureWarning: `torch.distributed.all_gather_into_tensor` is deprecated. Please use `torch.distributed.all_gather_single` instead.
  return func(*args, **kwargs)
/e/project1/e-dev-2026d09-262/windinet_venv/lib/python3.12/site-packages/torch/distributed/c10d_logger.py:83: FutureWarning: `torch.distributed.all_gather_into_tensor` is deprecated. Please use `torch.distributed.all_gather_single` instead.
  return func(*args, **kwargs)
/e/project1/e-dev-2026d09-262/windinet_venv/lib/python3.12/site-packages/torch/distributed/c10d_logger.py:83: FutureWarning: `torch.distributed.all_gather_into_tensor` is deprecated. Please use `torch.distributed.all_gather_single` instead.
  return func(*args, **kwargs)
/e/project1/e-dev-2026d09-262/windinet_venv/lib/python3.12/site-packages/torch/distributed/c10d_logger.py:83: FutureWarning: `torch.distributed.all_gather_into_tensor` is deprecated. Please use `torch.distributed.all_gather_single` instead.
  return func(*args, **kwargs)
/e/project1/e-dev-2026d09-262/windinet_venv/lib/python3.12/site-packages/torch/distributed/c10d_logger.py:83: FutureWarning: `torch.distributed.all_gather_into_tensor` is deprecated. Please use `torch.distributed.all_gather_single` instead.
  return func(*args, **kwargs)
/e/project1/e-dev-2026d09-262/windinet_venv/lib/python3.12/site-packages/torch/distributed/c10d_logger.py:83: FutureWarning: `torch.distributed.all_gather_into_tensor` is deprecated. Please use `torch.distributed.all_gather_single` instead.
  return func(*args, **kwargs)
/e/project1/e-dev-2026d09-262/windinet_venv/lib/python3.12/site-packages/torch/distributed/c10d_logger.py:83: FutureWarning: `torch.distributed.all_gather_into_tensor` is deprecated. Please use `torch.distributed.all_gather_single` instead.
  return func(*args, **kwargs)
/e/project1/e-dev-2026d09-262/windinet_venv/lib/python3.12/site-packages/torch/distributed/c10d_logger.py:83: FutureWarning: `torch.distributed.all_gather_into_tensor` is deprecated. Please use `torch.distributed.all_gather_single` instead.
  return func(*args, **kwargs)
/e/project1/e-dev-2026d09-262/windinet_venv/lib/python3.12/site-packages/torch/distributed/c10d_logger.py:83: FutureWarning: `torch.distributed.all_gather_into_tensor` is deprecated. Please use `torch.distributed.all_gather_single` instead.
  return func(*args, **kwargs)
/e/project1/e-dev-2026d09-262/windinet_venv/lib/python3.12/site-packages/torch/distributed/c10d_logger.py:83: FutureWarning: `torch.distributed.all_gather_into_tensor` is deprecated. Please use `torch.distributed.all_gather_single` instead.
  return func(*args, **kwargs)
/e/project1/e-dev-2026d09-262/windinet_venv/lib/python3.12/site-packages/torch/distributed/c10d_logger.py:83: FutureWarning: `torch.distributed.all_gather_into_tensor` is deprecated. Please use `torch.distributed.all_gather_single` instead.
  return func(*args, **kwargs)
/e/project1/e-dev-2026d09-262/windinet_venv/lib/python3.12/site-packages/torch/distributed/c10d_logger.py:83: FutureWarning: `torch.distributed.all_gather_into_tensor` is deprecated. Please use `torch.distributed.all_gather_single` instead.
  return func(*args, **kwargs)
/e/project1/e-dev-2026d09-262/windinet_venv/lib/python3.12/site-packages/torch/distributed/c10d_logger.py:83: FutureWarning: `torch.distributed.all_gather_into_tensor` is deprecated. Please use `torch.distributed.all_gather_single` instead.
  return func(*args, **kwargs)
/e/project1/e-dev-2026d09-262/windinet_venv/lib/python3.12/site-packages/torch/distributed/c10d_logger.py:83: FutureWarning: `torch.distributed.all_gather_into_tensor` is deprecated. Please use `torch.distributed.all_gather_single` instead.
  return func(*args, **kwargs)
/e/project1/e-dev-2026d09-262/windinet_venv/lib/python3.12/site-packages/torch/distributed/c10d_logger.py:83: FutureWarning: `torch.distributed.all_gather_into_tensor` is deprecated. Please use `torch.distributed.all_gather_single` instead.
  return func(*args, **kwargs)
/e/project1/e-dev-2026d09-262/windinet_venv/lib/python3.12/site-packages/torch/distributed/c10d_logger.py:83: FutureWarning: `torch.distributed.all_gather_into_tensor` is deprecated. Please use `torch.distributed.all_gather_single` instead.
  return func(*args, **kwargs)
/e/project1/e-dev-2026d09-262/windinet_venv/lib/python3.12/site-packages/torch/distributed/c10d_logger.py:83: FutureWarning: `torch.distributed.all_gather_into_tensor` is deprecated. Please use `torch.distributed.all_gather_single` instead.
  return func(*args, **kwargs)
/e/project1/e-dev-2026d09-262/windinet_venv/lib/python3.12/site-packages/torch/distributed/c10d_logger.py:83: FutureWarning: `torch.distributed.all_gather_into_tensor` is deprecated. Please use `torch.distributed.all_gather_single` instead.
  return func(*args, **kwargs)
/e/project1/e-dev-2026d09-262/windinet_venv/lib/python3.12/site-packages/torch/distributed/c10d_logger.py:83: FutureWarning: `torch.distributed.all_gather_into_tensor` is deprecated. Please use `torch.distributed.all_gather_single` instead.
  return func(*args, **kwargs)
/e/project1/e-dev-2026d09-262/windinet_venv/lib/python3.12/site-packages/torch/distributed/c10d_logger.py:83: FutureWarning: `torch.distributed.all_gather_into_tensor` is deprecated. Please use `torch.distributed.all_gather_single` instead.
  return func(*args, **kwargs)
/e/project1/e-dev-2026d09-262/windinet_venv/lib/python3.12/site-packages/torch/distributed/c10d_logger.py:83: FutureWarning: `torch.distributed.all_gather_into_tensor` is deprecated. Please use `torch.distributed.all_gather_single` instead.
  return func(*args, **kwargs)
/e/project1/e-dev-2026d09-262/windinet_venv/lib/python3.12/site-packages/torch/distributed/c10d_logger.py:83: FutureWarning: `torch.distributed.all_gather_into_tensor` is deprecated. Please use `torch.distributed.all_gather_single` instead.
  return func(*args, **kwargs)
/e/project1/e-dev-2026d09-262/windinet_venv/lib/python3.12/site-packages/torch/distributed/c10d_logger.py:83: FutureWarning: `torch.distributed.all_gather_into_tensor` is deprecated. Please use `torch.distributed.all_gather_single` instead.
  return func(*args, **kwargs)
/e/project1/e-dev-2026d09-262/windinet_venv/lib/python3.12/site-packages/torch/distributed/c10d_logger.py:83: FutureWarning: `torch.distributed.all_gather_into_tensor` is deprecated. Please use `torch.distributed.all_gather_single` instead.
  return func(*args, **kwargs)
/e/project1/e-dev-2026d09-262/windinet_venv/lib/python3.12/site-packages/torch/distributed/c10d_logger.py:83: FutureWarning: `torch.distributed.all_gather_into_tensor` is deprecated. Please use `torch.distributed.all_gather_single` instead.
  return func(*args, **kwargs)
/e/project1/e-dev-2026d09-262/windinet_venv/lib/python3.12/site-packages/torch/distributed/c10d_logger.py:83: FutureWarning: `torch.distributed.all_gather_into_tensor` is deprecated. Please use `torch.distributed.all_gather_single` instead.
  return func(*args, **kwargs)
/e/project1/e-dev-2026d09-262/windinet_venv/lib/python3.12/site-packages/torch/distributed/c10d_logger.py:83: FutureWarning: `torch.distributed.all_gather_into_tensor` is deprecated. Please use `torch.distributed.all_gather_single` instead.
  return func(*args, **kwargs)
/e/project1/e-dev-2026d09-262/windinet_venv/lib/python3.12/site-packages/torch/distributed/c10d_logger.py:83: FutureWarning: `torch.distributed.all_gather_into_tensor` is deprecated. Please use `torch.distributed.all_gather_single` instead.
  return func(*args, **kwargs)
/e/project1/e-dev-2026d09-262/windinet_venv/lib/python3.12/site-packages/torch/distributed/c10d_logger.py:83: FutureWarning: `torch.distributed.all_gather_into_tensor` is deprecated. Please use `torch.distributed.all_gather_single` instead.
  return func(*args, **kwargs)
/e/project1/e-dev-2026d09-262/windinet_venv/lib/python3.12/site-packages/torch/distributed/c10d_logger.py:83: FutureWarning: `torch.distributed.all_gather_into_tensor` is deprecated. Please use `torch.distributed.all_gather_single` instead.
  return func(*args, **kwargs)
/e/project1/e-dev-2026d09-262/windinet_venv/lib/python3.12/site-packages/torch/distributed/c10d_logger.py:83: FutureWarning: `torch.distributed.all_gather_into_tensor` is deprecated. Please use `torch.distributed.all_gather_single` instead.
  return func(*args, **kwargs)
/e/project1/e-dev-2026d09-262/windinet_venv/lib/python3.12/site-packages/torch/distributed/c10d_logger.py:83: FutureWarning: `torch.distributed.all_gather_into_tensor` is deprecated. Please use `torch.distributed.all_gather_single` instead.
  return func(*args, **kwargs)
/e/project1/e-dev-2026d09-262/windinet_venv/lib/python3.12/site-packages/torch/distributed/c10d_logger.py:83: FutureWarning: `torch.distributed.all_gather_into_tensor` is deprecated. Please use `torch.distributed.all_gather_single` instead.
  return func(*args, **kwargs)
/e/project1/e-dev-2026d09-262/windinet_venv/lib/python3.12/site-packages/torch/distributed/c10d_logger.py:83: FutureWarning: `torch.distributed.all_gather_into_tensor` is deprecated. Please use `torch.distributed.all_gather_single` instead.
  return func(*args, **kwargs)
/e/project1/e-dev-2026d09-262/windinet_venv/lib/python3.12/site-packages/torch/distributed/c10d_logger.py:83: FutureWarning: `torch.distributed.all_gather_into_tensor` is deprecated. Please use `torch.distributed.all_gather_single` instead.
  return func(*args, **kwargs)
/e/project1/e-dev-2026d09-262/windinet_venv/lib/python3.12/site-packages/torch/distributed/c10d_logger.py:83: FutureWarning: `torch.distributed.all_gather_into_tensor` is deprecated. Please use `torch.distributed.all_gather_single` instead.
  return func(*args, **kwargs)
/e/project1/e-dev-2026d09-262/windinet_venv/lib/python3.12/site-packages/torch/distributed/c10d_logger.py:83: FutureWarning: `torch.distributed.all_gather_into_tensor` is deprecated. Please use `torch.distributed.all_gather_single` instead.
  return func(*args, **kwargs)
/e/project1/e-dev-2026d09-262/windinet_venv/lib/python3.12/site-packages/torch/distributed/c10d_logger.py:83: FutureWarning: `torch.distributed.all_gather_into_tensor` is deprecated. Please use `torch.distributed.all_gather_single` instead.
  return func(*args, **kwargs)
/e/project1/e-dev-2026d09-262/windinet_venv/lib/python3.12/site-packages/torch/distributed/c10d_logger.py:83: FutureWarning: `torch.distributed.all_gather_into_tensor` is deprecated. Please use `torch.distributed.all_gather_single` instead.
  return func(*args, **kwargs)
/e/project1/e-dev-2026d09-262/windinet_venv/lib/python3.12/site-packages/torch/distributed/c10d_logger.py:83: FutureWarning: `torch.distributed.all_gather_into_tensor` is deprecated. Please use `torch.distributed.all_gather_single` instead.
  return func(*args, **kwargs)
/e/project1/e-dev-2026d09-262/windinet_venv/lib/python3.12/site-packages/torch/distributed/c10d_logger.py:83: FutureWarning: `torch.distributed.all_gather_into_tensor` is deprecated. Please use `torch.distributed.all_gather_single` instead.
  return func(*args, **kwargs)
/e/project1/e-dev-2026d09-262/windinet_venv/lib/python3.12/site-packages/torch/distributed/c10d_logger.py:83: FutureWarning: `torch.distributed.all_gather_into_tensor` is deprecated. Please use `torch.distributed.all_gather_single` instead.
  return func(*args, **kwargs)
/e/project1/e-dev-2026d09-262/windinet_venv/lib/python3.12/site-packages/torch/distributed/c10d_logger.py:83: FutureWarning: `torch.distributed.all_gather_into_tensor` is deprecated. Please use `torch.distributed.all_gather_single` instead.
  return func(*args, **kwargs)
/e/project1/e-dev-2026d09-262/windinet_venv/lib/python3.12/site-packages/torch/distributed/c10d_logger.py:83: FutureWarning: `torch.distributed.all_gather_into_tensor` is deprecated. Please use `torch.distributed.all_gather_single` instead.
  return func(*args, **kwargs)
/e/project1/e-dev-2026d09-262/windinet_venv/lib/python3.12/site-packages/torch/distributed/c10d_logger.py:83: FutureWarning: `torch.distributed.all_gather_into_tensor` is deprecated. Please use `torch.distributed.all_gather_single` instead.
  return func(*args, **kwargs)
/e/project1/e-dev-2026d09-262/windinet_venv/lib/python3.12/site-packages/torch/distributed/c10d_logger.py:83: FutureWarning: `torch.distributed.all_gather_into_tensor` is deprecated. Please use `torch.distributed.all_gather_single` instead.
  return func(*args, **kwargs)
/e/project1/e-dev-2026d09-262/windinet_venv/lib/python3.12/site-packages/torch/distributed/c10d_logger.py:83: FutureWarning: `torch.distributed.all_gather_into_tensor` is deprecated. Please use `torch.distributed.all_gather_single` instead.
  return func(*args, **kwargs)
/e/project1/e-dev-2026d09-262/windinet_venv/lib/python3.12/site-packages/torch/distributed/c10d_logger.py:83: FutureWarning: `torch.distributed.all_gather_into_tensor` is deprecated. Please use `torch.distributed.all_gather_single` instead.
  return func(*args, **kwargs)
/e/project1/e-dev-2026d09-262/windinet_venv/lib/python3.12/site-packages/torch/distributed/c10d_logger.py:83: FutureWarning: `torch.distributed.all_gather_into_tensor` is deprecated. Please use `torch.distributed.all_gather_single` instead.
  return func(*args, **kwargs)
/e/project1/e-dev-2026d09-262/windinet_venv/lib/python3.12/site-packages/torch/distributed/c10d_logger.py:83: FutureWarning: `torch.distributed.all_gather_into_tensor` is deprecated. Please use `torch.distributed.all_gather_single` instead.
  return func(*args, **kwargs)
/e/project1/e-dev-2026d09-262/windinet_venv/lib/python3.12/site-packages/torch/distributed/c10d_logger.py:83: FutureWarning: `torch.distributed.all_gather_into_tensor` is deprecated. Please use `torch.distributed.all_gather_single` instead.
  return func(*args, **kwargs)
/e/project1/e-dev-2026d09-262/windinet_venv/lib/python3.12/site-packages/torch/distributed/c10d_logger.py:83: FutureWarning: `torch.distributed.all_gather_into_tensor` is deprecated. Please use `torch.distributed.all_gather_single` instead.
  return func(*args, **kwargs)
/e/project1/e-dev-2026d09-262/windinet_venv/lib/python3.12/site-packages/torch/distributed/c10d_logger.py:83: FutureWarning: `torch.distributed.all_gather_into_tensor` is deprecated. Please use `torch.distributed.all_gather_single` instead.
  return func(*args, **kwargs)
/e/project1/e-dev-2026d09-262/windinet_venv/lib/python3.12/site-packages/torch/distributed/c10d_logger.py:83: FutureWarning: `torch.distributed.all_gather_into_tensor` is deprecated. Please use `torch.distributed.all_gather_single` instead.
  return func(*args, **kwargs)
/e/project1/e-dev-2026d09-262/windinet_venv/lib/python3.12/site-packages/torch/distributed/c10d_logger.py:83: FutureWarning: `torch.distributed.all_gather_into_tensor` is deprecated. Please use `torch.distributed.all_gather_single` instead.
  return func(*args, **kwargs)
/e/project1/e-dev-2026d09-262/windinet_venv/lib/python3.12/site-packages/torch/distributed/c10d_logger.py:83: FutureWarning: `torch.distributed.all_gather_into_tensor` is deprecated. Please use `torch.distributed.all_gather_single` instead.
  return func(*args, **kwargs)
/e/project1/e-dev-2026d09-262/windinet_venv/lib/python3.12/site-packages/torch/distributed/c10d_logger.py:83: FutureWarning: `torch.distributed.all_gather_into_tensor` is deprecated. Please use `torch.distributed.all_gather_single` instead.
  return func(*args, **kwargs)
/e/project1/e-dev-2026d09-262/windinet_venv/lib/python3.12/site-packages/torch/distributed/c10d_logger.py:83: FutureWarning: `torch.distributed.all_gather_into_tensor` is deprecated. Please use `torch.distributed.all_gather_single` instead.
  return func(*args, **kwargs)
/e/project1/e-dev-2026d09-262/windinet_venv/lib/python3.12/site-packages/torch/distributed/c10d_logger.py:83: FutureWarning: `torch.distributed.all_gather_into_tensor` is deprecated. Please use `torch.distributed.all_gather_single` instead.
  return func(*args, **kwargs)
/e/project1/e-dev-2026d09-262/windinet_venv/lib/python3.12/site-packages/torch/distributed/c10d_logger.py:83: FutureWarning: `torch.distributed.all_gather_into_tensor` is deprecated. Please use `torch.distributed.all_gather_single` instead.
  return func(*args, **kwargs)
/e/project1/e-dev-2026d09-262/windinet_venv/lib/python3.12/site-packages/torch/distributed/c10d_logger.py:83: FutureWarning: `torch.distributed.all_gather_into_tensor` is deprecated. Please use `torch.distributed.all_gather_single` instead.
  return func(*args, **kwargs)
/e/project1/e-dev-2026d09-262/windinet_venv/lib/python3.12/site-packages/torch/distributed/c10d_logger.py:83: FutureWarning: `torch.distributed.all_gather_into_tensor` is deprecated. Please use `torch.distributed.all_gather_single` instead.
  return func(*args, **kwargs)
/e/project1/e-dev-2026d09-262/windinet_venv/lib/python3.12/site-packages/torch/distributed/c10d_logger.py:83: FutureWarning: `torch.distributed.all_gather_into_tensor` is deprecated. Please use `torch.distributed.all_gather_single` instead.
  return func(*args, **kwargs)
/e/project1/e-dev-2026d09-262/windinet_venv/lib/python3.12/site-packages/torch/distributed/c10d_logger.py:83: FutureWarning: `torch.distributed.all_gather_into_tensor` is deprecated. Please use `torch.distributed.all_gather_single` instead.
  return func(*args, **kwargs)
/e/project1/e-dev-2026d09-262/windinet_venv/lib/python3.12/site-packages/torch/distributed/c10d_logger.py:83: FutureWarning: `torch.distributed.all_gather_into_tensor` is deprecated. Please use `torch.distributed.all_gather_single` instead.
  return func(*args, **kwargs)
/e/project1/e-dev-2026d09-262/windinet_venv/lib/python3.12/site-packages/torch/distributed/c10d_logger.py:83: FutureWarning: `torch.distributed.all_gather_into_tensor` is deprecated. Please use `torch.distributed.all_gather_single` instead.
  return func(*args, **kwargs)
/e/project1/e-dev-2026d09-262/windinet_venv/lib/python3.12/site-packages/torch/distributed/c10d_logger.py:83: FutureWarning: `torch.distributed.all_gather_into_tensor` is deprecated. Please use `torch.distributed.all_gather_single` instead.
  return func(*args, **kwargs)
/e/project1/e-dev-2026d09-262/windinet_venv/lib/python3.12/site-packages/torch/distributed/c10d_logger.py:83: FutureWarning: `torch.distributed.all_gather_into_tensor` is deprecated. Please use `torch.distributed.all_gather_single` instead.
  return func(*args, **kwargs)
/e/project1/e-dev-2026d09-262/windinet_venv/lib/python3.12/site-packages/torch/distributed/c10d_logger.py:83: FutureWarning: `torch.distributed.all_gather_into_tensor` is deprecated. Please use `torch.distributed.all_gather_single` instead.
  return func(*args, **kwargs)
/e/project1/e-dev-2026d09-262/windinet_venv/lib/python3.12/site-packages/torch/distributed/c10d_logger.py:83: FutureWarning: `torch.distributed.all_gather_into_tensor` is deprecated. Please use `torch.distributed.all_gather_single` instead.
  return func(*args, **kwargs)
/e/project1/e-dev-2026d09-262/windinet_venv/lib/python3.12/site-packages/torch/distributed/c10d_logger.py:83: FutureWarning: `torch.distributed.all_gather_into_tensor` is deprecated. Please use `torch.distributed.all_gather_single` instead.
  return func(*args, **kwargs)
/e/project1/e-dev-2026d09-262/windinet_venv/lib/python3.12/site-packages/torch/distributed/c10d_logger.py:83: FutureWarning: `torch.distributed.all_gather_into_tensor` is deprecated. Please use `torch.distributed.all_gather_single` instead.
  return func(*args, **kwargs)
/e/project1/e-dev-2026d09-262/windinet_venv/lib/python3.12/site-packages/torch/distributed/c10d_logger.py:83: FutureWarning: `torch.distributed.all_gather_into_tensor` is deprecated. Please use `torch.distributed.all_gather_single` instead.
  return func(*args, **kwargs)
/e/project1/e-dev-2026d09-262/windinet_venv/lib/python3.12/site-packages/torch/distributed/c10d_logger.py:83: FutureWarning: `torch.distributed.all_gather_into_tensor` is deprecated. Please use `torch.distributed.all_gather_single` instead.
  return func(*args, **kwargs)
/e/project1/e-dev-2026d09-262/windinet_venv/lib/python3.12/site-packages/torch/distributed/c10d_logger.py:83: FutureWarning: `torch.distributed.all_gather_into_tensor` is deprecated. Please use `torch.distributed.all_gather_single` instead.
  return func(*args, **kwargs)
/e/project1/e-dev-2026d09-262/windinet_venv/lib/python3.12/site-packages/torch/distributed/c10d_logger.py:83: FutureWarning: `torch.distributed.all_gather_into_tensor` is deprecated. Please use `torch.distributed.all_gather_single` instead.
  return func(*args, **kwargs)
/e/project1/e-dev-2026d09-262/windinet_venv/lib/python3.12/site-packages/torch/distributed/c10d_logger.py:83: FutureWarning: `torch.distributed.all_gather_into_tensor` is deprecated. Please use `torch.distributed.all_gather_single` instead.
  return func(*args, **kwargs)
/e/project1/e-dev-2026d09-262/windinet_venv/lib/python3.12/site-packages/torch/distributed/c10d_logger.py:83: FutureWarning: `torch.distributed.all_gather_into_tensor` is deprecated. Please use `torch.distributed.all_gather_single` instead.
  return func(*args, **kwargs)
/e/project1/e-dev-2026d09-262/windinet_venv/lib/python3.12/site-packages/torch/distributed/c10d_logger.py:83: FutureWarning: `torch.distributed.all_gather_into_tensor` is deprecated. Please use `torch.distributed.all_gather_single` instead.
  return func(*args, **kwargs)
/e/project1/e-dev-2026d09-262/windinet_venv/lib/python3.12/site-packages/torch/distributed/c10d_logger.py:83: FutureWarning: `torch.distributed.all_gather_into_tensor` is deprecated. Please use `torch.distributed.all_gather_single` instead.
  return func(*args, **kwargs)
/e/project1/e-dev-2026d09-262/windinet_venv/lib/python3.12/site-packages/torch/distributed/c10d_logger.py:83: FutureWarning: `torch.distributed.all_gather_into_tensor` is deprecated. Please use `torch.distributed.all_gather_single` instead.
  return func(*args, **kwargs)
/e/project1/e-dev-2026d09-262/windinet_venv/lib/python3.12/site-packages/torch/distributed/c10d_logger.py:83: FutureWarning: `torch.distributed.all_gather_into_tensor` is deprecated. Please use `torch.distributed.all_gather_single` instead.
  return func(*args, **kwargs)
/e/project1/e-dev-2026d09-262/windinet_venv/lib/python3.12/site-packages/torch/distributed/c10d_logger.py:83: FutureWarning: `torch.distributed.all_gather_into_tensor` is deprecated. Please use `torch.distributed.all_gather_single` instead.
  return func(*args, **kwargs)
/e/project1/e-dev-2026d09-262/windinet_venv/lib/python3.12/site-packages/torch/distributed/c10d_logger.py:83: FutureWarning: `torch.distributed.all_gather_into_tensor` is deprecated. Please use `torch.distributed.all_gather_single` instead.
  return func(*args, **kwargs)
/e/project1/e-dev-2026d09-262/windinet_venv/lib/python3.12/site-packages/torch/distributed/c10d_logger.py:83: FutureWarning: `torch.distributed.all_gather_into_tensor` is deprecated. Please use `torch.distributed.all_gather_single` instead.
  return func(*args, **kwargs)
/e/project1/e-dev-2026d09-262/windinet_venv/lib/python3.12/site-packages/torch/distributed/c10d_logger.py:83: FutureWarning: `torch.distributed.all_gather_into_tensor` is deprecated. Please use `torch.distributed.all_gather_single` instead.
  return func(*args, **kwargs)
/e/project1/e-dev-2026d09-262/windinet_venv/lib/python3.12/site-packages/torch/distributed/c10d_logger.py:83: FutureWarning: `torch.distributed.all_gather_into_tensor` is deprecated. Please use `torch.distributed.all_gather_single` instead.
  return func(*args, **kwargs)
/e/project1/e-dev-2026d09-262/windinet_venv/lib/python3.12/site-packages/torch/distributed/c10d_logger.py:83: FutureWarning: `torch.distributed.all_gather_into_tensor` is deprecated. Please use `torch.distributed.all_gather_single` instead.
  return func(*args, **kwargs)
/e/project1/e-dev-2026d09-262/windinet_venv/lib/python3.12/site-packages/torch/distributed/c10d_logger.py:83: FutureWarning: `torch.distributed.all_gather_into_tensor` is deprecated. Please use `torch.distributed.all_gather_single` instead.
  return func(*args, **kwargs)
/e/project1/e-dev-2026d09-262/windinet_venv/lib/python3.12/site-packages/torch/distributed/c10d_logger.py:83: FutureWarning: `torch.distributed.all_gather_into_tensor` is deprecated. Please use `torch.distributed.all_gather_single` instead.
  return func(*args, **kwargs)
/e/project1/e-dev-2026d09-262/windinet_venv/lib/python3.12/site-packages/torch/distributed/c10d_logger.py:83: FutureWarning: `torch.distributed.all_gather_into_tensor` is deprecated. Please use `torch.distributed.all_gather_single` instead.
  return func(*args, **kwargs)
/e/project1/e-dev-2026d09-262/windinet_venv/lib/python3.12/site-packages/torch/distributed/c10d_logger.py:83: FutureWarning: `torch.distributed.all_gather_into_tensor` is deprecated. Please use `torch.distributed.all_gather_single` instead.
  return func(*args, **kwargs)
/e/project1/e-dev-2026d09-262/windinet_venv/lib/python3.12/site-packages/torch/distributed/c10d_logger.py:83: FutureWarning: `torch.distributed.all_gather_into_tensor` is deprecated. Please use `torch.distributed.all_gather_single` instead.
  return func(*args, **kwargs)
/e/project1/e-dev-2026d09-262/windinet_venv/lib/python3.12/site-packages/torch/distributed/c10d_logger.py:83: FutureWarning: `torch.distributed.all_gather_into_tensor` is deprecated. Please use `torch.distributed.all_gather_single` instead.
  return func(*args, **kwargs)
/e/project1/e-dev-2026d09-262/windinet_venv/lib/python3.12/site-packages/torch/distributed/c10d_logger.py:83: FutureWarning: `torch.distributed.all_gather_into_tensor` is deprecated. Please use `torch.distributed.all_gather_single` instead.
  return func(*args, **kwargs)
/e/project1/e-dev-2026d09-262/windinet_venv/lib/python3.12/site-packages/torch/distributed/c10d_logger.py:83: FutureWarning: `torch.distributed.all_gather_into_tensor` is deprecated. Please use `torch.distributed.all_gather_single` instead.
  return func(*args, **kwargs)
/e/project1/e-dev-2026d09-262/windinet_venv/lib/python3.12/site-packages/torch/distributed/c10d_logger.py:83: FutureWarning: `torch.distributed.all_gather_into_tensor` is deprecated. Please use `torch.distributed.all_gather_single` instead.
  return func(*args, **kwargs)
/e/project1/e-dev-2026d09-262/windinet_venv/lib/python3.12/site-packages/torch/distributed/c10d_logger.py:83: FutureWarning: `torch.distributed.all_gather_into_tensor` is deprecated. Please use `torch.distributed.all_gather_single` instead.
  return func(*args, **kwargs)
/e/project1/e-dev-2026d09-262/windinet_venv/lib/python3.12/site-packages/torch/distributed/c10d_logger.py:83: FutureWarning: `torch.distributed.all_gather_into_tensor` is deprecated. Please use `torch.distributed.all_gather_single` instead.
  return func(*args, **kwargs)
/e/project1/e-dev-2026d09-262/windinet_venv/lib/python3.12/site-packages/torch/distributed/c10d_logger.py:83: FutureWarning: `torch.distributed.all_gather_into_tensor` is deprecated. Please use `torch.distributed.all_gather_single` instead.
  return func(*args, **kwargs)
/e/project1/e-dev-2026d09-262/windinet_venv/lib/python3.12/site-packages/torch/distributed/c10d_logger.py:83: FutureWarning: `torch.distributed.all_gather_into_tensor` is deprecated. Please use `torch.distributed.all_gather_single` instead.
  return func(*args, **kwargs)
/e/project1/e-dev-2026d09-262/windinet_venv/lib/python3.12/site-packages/torch/distributed/c10d_logger.py:83: FutureWarning: `torch.distributed.all_gather_into_tensor` is deprecated. Please use `torch.distributed.all_gather_single` instead.
  return func(*args, **kwargs)
/e/project1/e-dev-2026d09-262/windinet_venv/lib/python3.12/site-packages/torch/distributed/c10d_logger.py:83: FutureWarning: `torch.distributed.all_gather_into_tensor` is deprecated. Please use `torch.distributed.all_gather_single` instead.
  return func(*args, **kwargs)
/e/project1/e-dev-2026d09-262/windinet_venv/lib/python3.12/site-packages/torch/distributed/c10d_logger.py:83: FutureWarning: `torch.distributed.all_gather_into_tensor` is deprecated. Please use `torch.distributed.all_gather_single` instead.
  return func(*args, **kwargs)
/e/project1/e-dev-2026d09-262/windinet_venv/lib/python3.12/site-packages/torch/distributed/c10d_logger.py:83: FutureWarning: `torch.distributed.all_gather_into_tensor` is deprecated. Please use `torch.distributed.all_gather_single` instead.
  return func(*args, **kwargs)
/e/project1/e-dev-2026d09-262/windinet_venv/lib/python3.12/site-packages/torch/distributed/c10d_logger.py:83: FutureWarning: `torch.distributed.all_gather_into_tensor` is deprecated. Please use `torch.distributed.all_gather_single` instead.
  return func(*args, **kwargs)
/e/project1/e-dev-2026d09-262/windinet_venv/lib/python3.12/site-packages/torch/distributed/c10d_logger.py:83: FutureWarning: `torch.distributed.all_gather_into_tensor` is deprecated. Please use `torch.distributed.all_gather_single` instead.
  return func(*args, **kwargs)
/e/project1/e-dev-2026d09-262/windinet_venv/lib/python3.12/site-packages/torch/distributed/c10d_logger.py:83: FutureWarning: `torch.distributed.all_gather_into_tensor` is deprecated. Please use `torch.distributed.all_gather_single` instead.
  return func(*args, **kwargs)
/e/project1/e-dev-2026d09-262/windinet_venv/lib/python3.12/site-packages/torch/distributed/c10d_logger.py:83: FutureWarning: `torch.distributed.all_gather_into_tensor` is deprecated. Please use `torch.distributed.all_gather_single` instead.
  return func(*args, **kwargs)
/e/project1/e-dev-2026d09-262/windinet_venv/lib/python3.12/site-packages/torch/distributed/c10d_logger.py:83: FutureWarning: `torch.distributed.all_gather_into_tensor` is deprecated. Please use `torch.distributed.all_gather_single` instead.
  return func(*args, **kwargs)
/e/project1/e-dev-2026d09-262/windinet_venv/lib/python3.12/site-packages/torch/distributed/c10d_logger.py:83: FutureWarning: `torch.distributed.all_gather_into_tensor` is deprecated. Please use `torch.distributed.all_gather_single` instead.
  return func(*args, **kwargs)
/e/project1/e-dev-2026d09-262/windinet_venv/lib/python3.12/site-packages/torch/distributed/c10d_logger.py:83: FutureWarning: `torch.distributed.all_gather_into_tensor` is deprecated. Please use `torch.distributed.all_gather_single` instead.
  return func(*args, **kwargs)
/e/project1/e-dev-2026d09-262/windinet_venv/lib/python3.12/site-packages/torch/distributed/c10d_logger.py:83: FutureWarning: `torch.distributed.all_gather_into_tensor` is deprecated. Please use `torch.distributed.all_gather_single` instead.
  return func(*args, **kwargs)
/e/project1/e-dev-2026d09-262/windinet_venv/lib/python3.12/site-packages/torch/distributed/c10d_logger.py:83: FutureWarning: `torch.distributed.all_gather_into_tensor` is deprecated. Please use `torch.distributed.all_gather_single` instead.
  return func(*args, **kwargs)
/e/project1/e-dev-2026d09-262/windinet_venv/lib/python3.12/site-packages/torch/distributed/c10d_logger.py:83: FutureWarning: `torch.distributed.all_gather_into_tensor` is deprecated. Please use `torch.distributed.all_gather_single` instead.
  return func(*args, **kwargs)
/e/project1/e-dev-2026d09-262/windinet_venv/lib/python3.12/site-packages/torch/distributed/c10d_logger.py:83: FutureWarning: `torch.distributed.all_gather_into_tensor` is deprecated. Please use `torch.distributed.all_gather_single` instead.
  return func(*args, **kwargs)
/e/project1/e-dev-2026d09-262/windinet_venv/lib/python3.12/site-packages/torch/distributed/c10d_logger.py:83: FutureWarning: `torch.distributed.all_gather_into_tensor` is deprecated. Please use `torch.distributed.all_gather_single` instead.
  return func(*args, **kwargs)
/e/project1/e-dev-2026d09-262/windinet_venv/lib/python3.12/site-packages/torch/distributed/c10d_logger.py:83: FutureWarning: `torch.distributed.all_gather_into_tensor` is deprecated. Please use `torch.distributed.all_gather_single` instead.
  return func(*args, **kwargs)
/e/project1/e-dev-2026d09-262/windinet_venv/lib/python3.12/site-packages/torch/distributed/c10d_logger.py:83: FutureWarning: `torch.distributed.all_gather_into_tensor` is deprecated. Please use `torch.distributed.all_gather_single` instead.
  return func(*args, **kwargs)
/e/project1/e-dev-2026d09-262/windinet_venv/lib/python3.12/site-packages/torch/distributed/c10d_logger.py:83: FutureWarning: `torch.distributed.all_gather_into_tensor` is deprecated. Please use `torch.distributed.all_gather_single` instead.
  return func(*args, **kwargs)
/e/project1/e-dev-2026d09-262/windinet_venv/lib/python3.12/site-packages/torch/distributed/c10d_logger.py:83: FutureWarning: `torch.distributed.all_gather_into_tensor` is deprecated. Please use `torch.distributed.all_gather_single` instead.
  return func(*args, **kwargs)
/e/project1/e-dev-2026d09-262/windinet_venv/lib/python3.12/site-packages/torch/distributed/c10d_logger.py:83: FutureWarning: `torch.distributed.all_gather_into_tensor` is deprecated. Please use `torch.distributed.all_gather_single` instead.
  return func(*args, **kwargs)
/e/project1/e-dev-2026d09-262/windinet_venv/lib/python3.12/site-packages/torch/distributed/c10d_logger.py:83: FutureWarning: `torch.distributed.all_gather_into_tensor` is deprecated. Please use `torch.distributed.all_gather_single` instead.
  return func(*args, **kwargs)
/e/project1/e-dev-2026d09-262/windinet_venv/lib/python3.12/site-packages/torch/distributed/c10d_logger.py:83: FutureWarning: `torch.distributed.all_gather_into_tensor` is deprecated. Please use `torch.distributed.all_gather_single` instead.
  return func(*args, **kwargs)
/e/project1/e-dev-2026d09-262/windinet_venv/lib/python3.12/site-packages/torch/distributed/c10d_logger.py:83: FutureWarning: `torch.distributed.all_gather_into_tensor` is deprecated. Please use `torch.distributed.all_gather_single` instead.
  return func(*args, **kwargs)
/e/project1/e-dev-2026d09-262/windinet_venv/lib/python3.12/site-packages/torch/distributed/c10d_logger.py:83: FutureWarning: `torch.distributed.all_gather_into_tensor` is deprecated. Please use `torch.distributed.all_gather_single` instead.
  return func(*args, **kwargs)
/e/project1/e-dev-2026d09-262/windinet_venv/lib/python3.12/site-packages/torch/distributed/c10d_logger.py:83: FutureWarning: `torch.distributed.all_gather_into_tensor` is deprecated. Please use `torch.distributed.all_gather_single` instead.
  return func(*args, **kwargs)
/e/project1/e-dev-2026d09-262/windinet_venv/lib/python3.12/site-packages/torch/distributed/c10d_logger.py:83: FutureWarning: `torch.distributed.all_gather_into_tensor` is deprecated. Please use `torch.distributed.all_gather_single` instead.
  return func(*args, **kwargs)
/e/project1/e-dev-2026d09-262/windinet_venv/lib/python3.12/site-packages/torch/distributed/c10d_logger.py:83: FutureWarning: `torch.distributed.all_gather_into_tensor` is deprecated. Please use `torch.distributed.all_gather_single` instead.
  return func(*args, **kwargs)
/e/project1/e-dev-2026d09-262/windinet_venv/lib/python3.12/site-packages/torch/distributed/c10d_logger.py:83: FutureWarning: `torch.distributed.all_gather_into_tensor` is deprecated. Please use `torch.distributed.all_gather_single` instead.
  return func(*args, **kwargs)
/e/project1/e-dev-2026d09-262/windinet_venv/lib/python3.12/site-packages/torch/distributed/c10d_logger.py:83: FutureWarning: `torch.distributed.all_gather_into_tensor` is deprecated. Please use `torch.distributed.all_gather_single` instead.
  return func(*args, **kwargs)
/e/project1/e-dev-2026d09-262/windinet_venv/lib/python3.12/site-packages/torch/distributed/c10d_logger.py:83: FutureWarning: `torch.distributed.all_gather_into_tensor` is deprecated. Please use `torch.distributed.all_gather_single` instead.
  return func(*args, **kwargs)
/e/project1/e-dev-2026d09-262/windinet_venv/lib/python3.12/site-packages/torch/distributed/c10d_logger.py:83: FutureWarning: `torch.distributed.all_gather_into_tensor` is deprecated. Please use `torch.distributed.all_gather_single` instead.
  return func(*args, **kwargs)
/e/project1/e-dev-2026d09-262/windinet_venv/lib/python3.12/site-packages/torch/distributed/c10d_logger.py:83: FutureWarning: `torch.distributed.all_gather_into_tensor` is deprecated. Please use `torch.distributed.all_gather_single` instead.
  return func(*args, **kwargs)
/e/project1/e-dev-2026d09-262/windinet_venv/lib/python3.12/site-packages/torch/distributed/c10d_logger.py:83: FutureWarning: `torch.distributed.all_gather_into_tensor` is deprecated. Please use `torch.distributed.all_gather_single` instead.
  return func(*args, **kwargs)
/e/project1/e-dev-2026d09-262/windinet_venv/lib/python3.12/site-packages/torch/distributed/c10d_logger.py:83: FutureWarning: `torch.distributed.all_gather_into_tensor` is deprecated. Please use `torch.distributed.all_gather_single` instead.
  return func(*args, **kwargs)
/e/project1/e-dev-2026d09-262/windinet_venv/lib/python3.12/site-packages/torch/distributed/c10d_logger.py:83: FutureWarning: `torch.distributed.all_gather_into_tensor` is deprecated. Please use `torch.distributed.all_gather_single` instead.
  return func(*args, **kwargs)
/e/project1/e-dev-2026d09-262/windinet_venv/lib/python3.12/site-packages/torch/distributed/c10d_logger.py:83: FutureWarning: `torch.distributed.all_gather_into_tensor` is deprecated. Please use `torch.distributed.all_gather_single` instead.
  return func(*args, **kwargs)
/e/project1/e-dev-2026d09-262/windinet_venv/lib/python3.12/site-packages/torch/distributed/c10d_logger.py:83: FutureWarning: `torch.distributed.all_gather_into_tensor` is deprecated. Please use `torch.distributed.all_gather_single` instead.
  return func(*args, **kwargs)
/e/project1/e-dev-2026d09-262/windinet_venv/lib/python3.12/site-packages/torch/distributed/c10d_logger.py:83: FutureWarning: `torch.distributed.all_gather_into_tensor` is deprecated. Please use `torch.distributed.all_gather_single` instead.
  return func(*args, **kwargs)
/e/project1/e-dev-2026d09-262/windinet_venv/lib/python3.12/site-packages/torch/distributed/c10d_logger.py:83: FutureWarning: `torch.distributed.all_gather_into_tensor` is deprecated. Please use `torch.distributed.all_gather_single` instead.
  return func(*args, **kwargs)
/e/project1/e-dev-2026d09-262/windinet_venv/lib/python3.12/site-packages/torch/distributed/c10d_logger.py:83: FutureWarning: `torch.distributed.all_gather_into_tensor` is deprecated. Please use `torch.distributed.all_gather_single` instead.
  return func(*args, **kwargs)
/e/project1/e-dev-2026d09-262/windinet_venv/lib/python3.12/site-packages/torch/distributed/c10d_logger.py:83: FutureWarning: `torch.distributed.all_gather_into_tensor` is deprecated. Please use `torch.distributed.all_gather_single` instead.
  return func(*args, **kwargs)
/e/project1/e-dev-2026d09-262/windinet_venv/lib/python3.12/site-packages/torch/distributed/c10d_logger.py:83: FutureWarning: `torch.distributed.all_gather_into_tensor` is deprecated. Please use `torch.distributed.all_gather_single` instead.
  return func(*args, **kwargs)
/e/project1/e-dev-2026d09-262/windinet_venv/lib/python3.12/site-packages/torch/distributed/c10d_logger.py:83: FutureWarning: `torch.distributed.all_gather_into_tensor` is deprecated. Please use `torch.distributed.all_gather_single` instead.
  return func(*args, **kwargs)
/e/project1/e-dev-2026d09-262/windinet_venv/lib/python3.12/site-packages/torch/distributed/c10d_logger.py:83: FutureWarning: `torch.distributed.all_gather_into_tensor` is deprecated. Please use `torch.distributed.all_gather_single` instead.
  return func(*args, **kwargs)
/e/project1/e-dev-2026d09-262/windinet_venv/lib/python3.12/site-packages/torch/distributed/c10d_logger.py:83: FutureWarning: `torch.distributed.all_gather_into_tensor` is deprecated. Please use `torch.distributed.all_gather_single` instead.
  return func(*args, **kwargs)
/e/project1/e-dev-2026d09-262/windinet_venv/lib/python3.12/site-packages/torch/distributed/c10d_logger.py:83: FutureWarning: `torch.distributed.all_gather_into_tensor` is deprecated. Please use `torch.distributed.all_gather_single` instead.
  return func(*args, **kwargs)
/e/project1/e-dev-2026d09-262/windinet_venv/lib/python3.12/site-packages/torch/distributed/c10d_logger.py:83: FutureWarning: `torch.distributed.all_gather_into_tensor` is deprecated. Please use `torch.distributed.all_gather_single` instead.
  return func(*args, **kwargs)
/e/project1/e-dev-2026d09-262/windinet_venv/lib/python3.12/site-packages/torch/distributed/c10d_logger.py:83: FutureWarning: `torch.distributed.all_gather_into_tensor` is deprecated. Please use `torch.distributed.all_gather_single` instead.
  return func(*args, **kwargs)
/e/project1/e-dev-2026d09-262/windinet_venv/lib/python3.12/site-packages/torch/distributed/c10d_logger.py:83: FutureWarning: `torch.distributed.all_gather_into_tensor` is deprecated. Please use `torch.distributed.all_gather_single` instead.
  return func(*args, **kwargs)
/e/project1/e-dev-2026d09-262/windinet_venv/lib/python3.12/site-packages/torch/distributed/c10d_logger.py:83: FutureWarning: `torch.distributed.all_gather_into_tensor` is deprecated. Please use `torch.distributed.all_gather_single` instead.
  return func(*args, **kwargs)
/e/project1/e-dev-2026d09-262/windinet_venv/lib/python3.12/site-packages/torch/distributed/c10d_logger.py:83: FutureWarning: `torch.distributed.all_gather_into_tensor` is deprecated. Please use `torch.distributed.all_gather_single` instead.
  return func(*args, **kwargs)
/e/project1/e-dev-2026d09-262/windinet_venv/lib/python3.12/site-packages/torch/distributed/c10d_logger.py:83: FutureWarning: `torch.distributed.all_gather_into_tensor` is deprecated. Please use `torch.distributed.all_gather_single` instead.
  return func(*args, **kwargs)
/e/project1/e-dev-2026d09-262/windinet_venv/lib/python3.12/site-packages/torch/distributed/c10d_logger.py:83: FutureWarning: `torch.distributed.all_gather_into_tensor` is deprecated. Please use `torch.distributed.all_gather_single` instead.
  return func(*args, **kwargs)
/e/project1/e-dev-2026d09-262/windinet_venv/lib/python3.12/site-packages/torch/distributed/c10d_logger.py:83: FutureWarning: `torch.distributed.all_gather_into_tensor` is deprecated. Please use `torch.distributed.all_gather_single` instead.
  return func(*args, **kwargs)
/e/project1/e-dev-2026d09-262/windinet_venv/lib/python3.12/site-packages/torch/distributed/c10d_logger.py:83: FutureWarning: `torch.distributed.all_gather_into_tensor` is deprecated. Please use `torch.distributed.all_gather_single` instead.
  return func(*args, **kwargs)
/e/project1/e-dev-2026d09-262/windinet_venv/lib/python3.12/site-packages/torch/distributed/c10d_logger.py:83: FutureWarning: `torch.distributed.all_gather_into_tensor` is deprecated. Please use `torch.distributed.all_gather_single` instead.
  return func(*args, **kwargs)
/e/project1/e-dev-2026d09-262/windinet_venv/lib/python3.12/site-packages/torch/distributed/c10d_logger.py:83: FutureWarning: `torch.distributed.all_gather_into_tensor` is deprecated. Please use `torch.distributed.all_gather_single` instead.
  return func(*args, **kwargs)
/e/project1/e-dev-2026d09-262/windinet_venv/lib/python3.12/site-packages/torch/distributed/c10d_logger.py:83: FutureWarning: `torch.distributed.all_gather_into_tensor` is deprecated. Please use `torch.distributed.all_gather_single` instead.
  return func(*args, **kwargs)
/e/project1/e-dev-2026d09-262/windinet_venv/lib/python3.12/site-packages/torch/distributed/c10d_logger.py:83: FutureWarning: `torch.distributed.all_gather_into_tensor` is deprecated. Please use `torch.distributed.all_gather_single` instead.
  return func(*args, **kwargs)
/e/project1/e-dev-2026d09-262/windinet_venv/lib/python3.12/site-packages/torch/distributed/c10d_logger.py:83: FutureWarning: `torch.distributed.all_gather_into_tensor` is deprecated. Please use `torch.distributed.all_gather_single` instead.
  return func(*args, **kwargs)
/e/project1/e-dev-2026d09-262/windinet_venv/lib/python3.12/site-packages/torch/distributed/c10d_logger.py:83: FutureWarning: `torch.distributed.all_gather_into_tensor` is deprecated. Please use `torch.distributed.all_gather_single` instead.
  return func(*args, **kwargs)
/e/project1/e-dev-2026d09-262/windinet_venv/lib/python3.12/site-packages/torch/distributed/c10d_logger.py:83: FutureWarning: `torch.distributed.all_gather_into_tensor` is deprecated. Please use `torch.distributed.all_gather_single` instead.
  return func(*args, **kwargs)
/e/project1/e-dev-2026d09-262/windinet_venv/lib/python3.12/site-packages/torch/distributed/c10d_logger.py:83: FutureWarning: `torch.distributed.all_gather_into_tensor` is deprecated. Please use `torch.distributed.all_gather_single` instead.
  return func(*args, **kwargs)
/e/project1/e-dev-2026d09-262/windinet_venv/lib/python3.12/site-packages/torch/distributed/c10d_logger.py:83: FutureWarning: `torch.distributed.all_gather_into_tensor` is deprecated. Please use `torch.distributed.all_gather_single` instead.
  return func(*args, **kwargs)
/e/project1/e-dev-2026d09-262/windinet_venv/lib/python3.12/site-packages/torch/distributed/c10d_logger.py:83: FutureWarning: `torch.distributed.all_gather_into_tensor` is deprecated. Please use `torch.distributed.all_gather_single` instead.
  return func(*args, **kwargs)
/e/project1/e-dev-2026d09-262/windinet_venv/lib/python3.12/site-packages/torch/distributed/c10d_logger.py:83: FutureWarning: `torch.distributed.all_gather_into_tensor` is deprecated. Please use `torch.distributed.all_gather_single` instead.
  return func(*args, **kwargs)
/e/project1/e-dev-2026d09-262/windinet_venv/lib/python3.12/site-packages/torch/distributed/c10d_logger.py:83: FutureWarning: `torch.distributed.all_gather_into_tensor` is deprecated. Please use `torch.distributed.all_gather_single` instead.
  return func(*args, **kwargs)
/e/project1/e-dev-2026d09-262/windinet_venv/lib/python3.12/site-packages/torch/distributed/c10d_logger.py:83: FutureWarning: `torch.distributed.all_gather_into_tensor` is deprecated. Please use `torch.distributed.all_gather_single` instead.
  return func(*args, **kwargs)
/e/project1/e-dev-2026d09-262/windinet_venv/lib/python3.12/site-packages/torch/distributed/c10d_logger.py:83: FutureWarning: `torch.distributed.all_gather_into_tensor` is deprecated. Please use `torch.distributed.all_gather_single` instead.
  return func(*args, **kwargs)
/e/project1/e-dev-2026d09-262/windinet_venv/lib/python3.12/site-packages/torch/distributed/c10d_logger.py:83: FutureWarning: `torch.distributed.all_gather_into_tensor` is deprecated. Please use `torch.distributed.all_gather_single` instead.
  return func(*args, **kwargs)
/e/project1/e-dev-2026d09-262/windinet_venv/lib/python3.12/site-packages/torch/distributed/c10d_logger.py:83: FutureWarning: `torch.distributed.all_gather_into_tensor` is deprecated. Please use `torch.distributed.all_gather_single` instead.
  return func(*args, **kwargs)
/e/project1/e-dev-2026d09-262/windinet_venv/lib/python3.12/site-packages/torch/distributed/c10d_logger.py:83: FutureWarning: `torch.distributed.all_gather_into_tensor` is deprecated. Please use `torch.distributed.all_gather_single` instead.
  return func(*args, **kwargs)
/e/project1/e-dev-2026d09-262/windinet_venv/lib/python3.12/site-packages/torch/distributed/c10d_logger.py:83: FutureWarning: `torch.distributed.all_gather_into_tensor` is deprecated. Please use `torch.distributed.all_gather_single` instead.
  return func(*args, **kwargs)
/e/project1/e-dev-2026d09-262/windinet_venv/lib/python3.12/site-packages/torch/distributed/c10d_logger.py:83: FutureWarning: `torch.distributed.all_gather_into_tensor` is deprecated. Please use `torch.distributed.all_gather_single` instead.
  return func(*args, **kwargs)
/e/project1/e-dev-2026d09-262/windinet_venv/lib/python3.12/site-packages/torch/distributed/c10d_logger.py:83: FutureWarning: `torch.distributed.all_gather_into_tensor` is deprecated. Please use `torch.distributed.all_gather_single` instead.
  return func(*args, **kwargs)
/e/project1/e-dev-2026d09-262/windinet_venv/lib/python3.12/site-packages/torch/distributed/c10d_logger.py:83: FutureWarning: `torch.distributed.all_gather_into_tensor` is deprecated. Please use `torch.distributed.all_gather_single` instead.
  return func(*args, **kwargs)
/e/project1/e-dev-2026d09-262/windinet_venv/lib/python3.12/site-packages/torch/distributed/c10d_logger.py:83: FutureWarning: `torch.distributed.all_gather_into_tensor` is deprecated. Please use `torch.distributed.all_gather_single` instead.
  return func(*args, **kwargs)
/e/project1/e-dev-2026d09-262/windinet_venv/lib/python3.12/site-packages/torch/distributed/c10d_logger.py:83: FutureWarning: `torch.distributed.all_gather_into_tensor` is deprecated. Please use `torch.distributed.all_gather_single` instead.
  return func(*args, **kwargs)
/e/project1/e-dev-2026d09-262/windinet_venv/lib/python3.12/site-packages/torch/distributed/c10d_logger.py:83: FutureWarning: `torch.distributed.all_gather_into_tensor` is deprecated. Please use `torch.distributed.all_gather_single` instead.
  return func(*args, **kwargs)
/e/project1/e-dev-2026d09-262/windinet_venv/lib/python3.12/site-packages/torch/distributed/c10d_logger.py:83: FutureWarning: `torch.distributed.all_gather_into_tensor` is deprecated. Please use `torch.distributed.all_gather_single` instead.
  return func(*args, **kwargs)
/e/project1/e-dev-2026d09-262/windinet_venv/lib/python3.12/site-packages/torch/distributed/c10d_logger.py:83: FutureWarning: `torch.distributed.all_gather_into_tensor` is deprecated. Please use `torch.distributed.all_gather_single` instead.
  return func(*args, **kwargs)
/e/project1/e-dev-2026d09-262/windinet_venv/lib/python3.12/site-packages/torch/distributed/c10d_logger.py:83: FutureWarning: `torch.distributed.all_gather_into_tensor` is deprecated. Please use `torch.distributed.all_gather_single` instead.
  return func(*args, **kwargs)
/e/project1/e-dev-2026d09-262/windinet_venv/lib/python3.12/site-packages/torch/distributed/c10d_logger.py:83: FutureWarning: `torch.distributed.all_gather_into_tensor` is deprecated. Please use `torch.distributed.all_gather_single` instead.
  return func(*args, **kwargs)
/e/project1/e-dev-2026d09-262/windinet_venv/lib/python3.12/site-packages/torch/distributed/c10d_logger.py:83: FutureWarning: `torch.distributed.all_gather_into_tensor` is deprecated. Please use `torch.distributed.all_gather_single` instead.
  return func(*args, **kwargs)
/e/project1/e-dev-2026d09-262/windinet_venv/lib/python3.12/site-packages/torch/distributed/c10d_logger.py:83: FutureWarning: `torch.distributed.all_gather_into_tensor` is deprecated. Please use `torch.distributed.all_gather_single` instead.
  return func(*args, **kwargs)
/e/project1/e-dev-2026d09-262/windinet_venv/lib/python3.12/site-packages/torch/distributed/c10d_logger.py:83: FutureWarning: `torch.distributed.all_gather_into_tensor` is deprecated. Please use `torch.distributed.all_gather_single` instead.
  return func(*args, **kwargs)
/e/project1/e-dev-2026d09-262/windinet_venv/lib/python3.12/site-packages/torch/distributed/c10d_logger.py:83: FutureWarning: `torch.distributed.all_gather_into_tensor` is deprecated. Please use `torch.distributed.all_gather_single` instead.
  return func(*args, **kwargs)
/e/project1/e-dev-2026d09-262/windinet_venv/lib/python3.12/site-packages/torch/distributed/c10d_logger.py:83: FutureWarning: `torch.distributed.all_gather_into_tensor` is deprecated. Please use `torch.distributed.all_gather_single` instead.
  return func(*args, **kwargs)
/e/project1/e-dev-2026d09-262/windinet_venv/lib/python3.12/site-packages/torch/distributed/c10d_logger.py:83: FutureWarning: `torch.distributed.all_gather_into_tensor` is deprecated. Please use `torch.distributed.all_gather_single` instead.
  return func(*args, **kwargs)
/e/project1/e-dev-2026d09-262/windinet_venv/lib/python3.12/site-packages/torch/distributed/c10d_logger.py:83: FutureWarning: `torch.distributed.all_gather_into_tensor` is deprecated. Please use `torch.distributed.all_gather_single` instead.
  return func(*args, **kwargs)
/e/project1/e-dev-2026d09-262/windinet_venv/lib/python3.12/site-packages/torch/distributed/c10d_logger.py:83: FutureWarning: `torch.distributed.all_gather_into_tensor` is deprecated. Please use `torch.distributed.all_gather_single` instead.
  return func(*args, **kwargs)
/e/project1/e-dev-2026d09-262/windinet_venv/lib/python3.12/site-packages/torch/distributed/c10d_logger.py:83: FutureWarning: `torch.distributed.all_gather_into_tensor` is deprecated. Please use `torch.distributed.all_gather_single` instead.
  return func(*args, **kwargs)
/e/project1/e-dev-2026d09-262/windinet_venv/lib/python3.12/site-packages/torch/distributed/c10d_logger.py:83: FutureWarning: `torch.distributed.all_gather_into_tensor` is deprecated. Please use `torch.distributed.all_gather_single` instead.
  return func(*args, **kwargs)
/e/project1/e-dev-2026d09-262/windinet_venv/lib/python3.12/site-packages/torch/distributed/c10d_logger.py:83: FutureWarning: `torch.distributed.all_gather_into_tensor` is deprecated. Please use `torch.distributed.all_gather_single` instead.
  return func(*args, **kwargs)
/e/project1/e-dev-2026d09-262/windinet_venv/lib/python3.12/site-packages/torch/distributed/c10d_logger.py:83: FutureWarning: `torch.distributed.all_gather_into_tensor` is deprecated. Please use `torch.distributed.all_gather_single` instead.
  return func(*args, **kwargs)
/e/project1/e-dev-2026d09-262/windinet_venv/lib/python3.12/site-packages/torch/distributed/c10d_logger.py:83: FutureWarning: `torch.distributed.all_gather_into_tensor` is deprecated. Please use `torch.distributed.all_gather_single` instead.
  return func(*args, **kwargs)
/e/project1/e-dev-2026d09-262/windinet_venv/lib/python3.12/site-packages/torch/distributed/c10d_logger.py:83: FutureWarning: `torch.distributed.all_gather_into_tensor` is deprecated. Please use `torch.distributed.all_gather_single` instead.
  return func(*args, **kwargs)
/e/project1/e-dev-2026d09-262/windinet_venv/lib/python3.12/site-packages/torch/distributed/c10d_logger.py:83: FutureWarning: `torch.distributed.all_gather_into_tensor` is deprecated. Please use `torch.distributed.all_gather_single` instead.
  return func(*args, **kwargs)
/e/project1/e-dev-2026d09-262/windinet_venv/lib/python3.12/site-packages/torch/distributed/c10d_logger.py:83: FutureWarning: `torch.distributed.all_gather_into_tensor` is deprecated. Please use `torch.distributed.all_gather_single` instead.
  return func(*args, **kwargs)
/e/project1/e-dev-2026d09-262/windinet_venv/lib/python3.12/site-packages/torch/distributed/c10d_logger.py:83: FutureWarning: `torch.distributed.all_gather_into_tensor` is deprecated. Please use `torch.distributed.all_gather_single` instead.
  return func(*args, **kwargs)
/e/project1/e-dev-2026d09-262/windinet_venv/lib/python3.12/site-packages/torch/distributed/c10d_logger.py:83: FutureWarning: `torch.distributed.all_gather_into_tensor` is deprecated. Please use `torch.distributed.all_gather_single` instead.
  return func(*args, **kwargs)
/e/project1/e-dev-2026d09-262/windinet_venv/lib/python3.12/site-packages/torch/distributed/c10d_logger.py:83: FutureWarning: `torch.distributed.all_gather_into_tensor` is deprecated. Please use `torch.distributed.all_gather_single` instead.
  return func(*args, **kwargs)
/e/project1/e-dev-2026d09-262/windinet_venv/lib/python3.12/site-packages/torch/distributed/c10d_logger.py:83: FutureWarning: `torch.distributed.all_gather_into_tensor` is deprecated. Please use `torch.distributed.all_gather_single` instead.
  return func(*args, **kwargs)
/e/project1/e-dev-2026d09-262/windinet_venv/lib/python3.12/site-packages/torch/distributed/c10d_logger.py:83: FutureWarning: `torch.distributed.all_gather_into_tensor` is deprecated. Please use `torch.distributed.all_gather_single` instead.
  return func(*args, **kwargs)
/e/project1/e-dev-2026d09-262/windinet_venv/lib/python3.12/site-packages/torch/distributed/c10d_logger.py:83: FutureWarning: `torch.distributed.all_gather_into_tensor` is deprecated. Please use `torch.distributed.all_gather_single` instead.
  return func(*args, **kwargs)
/e/project1/e-dev-2026d09-262/windinet_venv/lib/python3.12/site-packages/torch/distributed/c10d_logger.py:83: FutureWarning: `torch.distributed.all_gather_into_tensor` is deprecated. Please use `torch.distributed.all_gather_single` instead.
  return func(*args, **kwargs)
/e/project1/e-dev-2026d09-262/windinet_venv/lib/python3.12/site-packages/torch/distributed/c10d_logger.py:83: FutureWarning: `torch.distributed.all_gather_into_tensor` is deprecated. Please use `torch.distributed.all_gather_single` instead.
  return func(*args, **kwargs)
/e/project1/e-dev-2026d09-262/windinet_venv/lib/python3.12/site-packages/torch/distributed/c10d_logger.py:83: FutureWarning: `torch.distributed.all_gather_into_tensor` is deprecated. Please use `torch.distributed.all_gather_single` instead.
  return func(*args, **kwargs)
/e/project1/e-dev-2026d09-262/windinet_venv/lib/python3.12/site-packages/torch/distributed/c10d_logger.py:83: FutureWarning: `torch.distributed.all_gather_into_tensor` is deprecated. Please use `torch.distributed.all_gather_single` instead.
  return func(*args, **kwargs)
/e/project1/e-dev-2026d09-262/windinet_venv/lib/python3.12/site-packages/torch/distributed/c10d_logger.py:83: FutureWarning: `torch.distributed.all_gather_into_tensor` is deprecated. Please use `torch.distributed.all_gather_single` instead.
  return func(*args, **kwargs)
/e/project1/e-dev-2026d09-262/windinet_venv/lib/python3.12/site-packages/torch/distributed/c10d_logger.py:83: FutureWarning: `torch.distributed.all_gather_into_tensor` is deprecated. Please use `torch.distributed.all_gather_single` instead.
  return func(*args, **kwargs)
/e/project1/e-dev-2026d09-262/windinet_venv/lib/python3.12/site-packages/torch/distributed/c10d_logger.py:83: FutureWarning: `torch.distributed.all_gather_into_tensor` is deprecated. Please use `torch.distributed.all_gather_single` instead.
  return func(*args, **kwargs)
/e/project1/e-dev-2026d09-262/windinet_venv/lib/python3.12/site-packages/torch/distributed/c10d_logger.py:83: FutureWarning: `torch.distributed.all_gather_into_tensor` is deprecated. Please use `torch.distributed.all_gather_single` instead.
  return func(*args, **kwargs)
/e/project1/e-dev-2026d09-262/windinet_venv/lib/python3.12/site-packages/torch/distributed/c10d_logger.py:83: FutureWarning: `torch.distributed.all_gather_into_tensor` is deprecated. Please use `torch.distributed.all_gather_single` instead.
  return func(*args, **kwargs)
/e/project1/e-dev-2026d09-262/windinet_venv/lib/python3.12/site-packages/torch/distributed/c10d_logger.py:83: FutureWarning: `torch.distributed.all_gather_into_tensor` is deprecated. Please use `torch.distributed.all_gather_single` instead.
  return func(*args, **kwargs)
/e/project1/e-dev-2026d09-262/windinet_venv/lib/python3.12/site-packages/torch/distributed/c10d_logger.py:83: FutureWarning: `torch.distributed.all_gather_into_tensor` is deprecated. Please use `torch.distributed.all_gather_single` instead.
  return func(*args, **kwargs)
/e/project1/e-dev-2026d09-262/windinet_venv/lib/python3.12/site-packages/torch/distributed/c10d_logger.py:83: FutureWarning: `torch.distributed.all_gather_into_tensor` is deprecated. Please use `torch.distributed.all_gather_single` instead.
  return func(*args, **kwargs)
/e/project1/e-dev-2026d09-262/windinet_venv/lib/python3.12/site-packages/torch/distributed/c10d_logger.py:83: FutureWarning: `torch.distributed.all_gather_into_tensor` is deprecated. Please use `torch.distributed.all_gather_single` instead.
  return func(*args, **kwargs)
/e/project1/e-dev-2026d09-262/windinet_venv/lib/python3.12/site-packages/torch/distributed/c10d_logger.py:83: FutureWarning: `torch.distributed.all_gather_into_tensor` is deprecated. Please use `torch.distributed.all_gather_single` instead.
  return func(*args, **kwargs)
/e/project1/e-dev-2026d09-262/windinet_venv/lib/python3.12/site-packages/torch/distributed/c10d_logger.py:83: FutureWarning: `torch.distributed.all_gather_into_tensor` is deprecated. Please use `torch.distributed.all_gather_single` instead.
  return func(*args, **kwargs)
/e/project1/e-dev-2026d09-262/windinet_venv/lib/python3.12/site-packages/torch/distributed/c10d_logger.py:83: FutureWarning: `torch.distributed.all_gather_into_tensor` is deprecated. Please use `torch.distributed.all_gather_single` instead.
  return func(*args, **kwargs)
/e/project1/e-dev-2026d09-262/windinet_venv/lib/python3.12/site-packages/torch/distributed/c10d_logger.py:83: FutureWarning: `torch.distributed.all_gather_into_tensor` is deprecated. Please use `torch.distributed.all_gather_single` instead.
  return func(*args, **kwargs)
/e/project1/e-dev-2026d09-262/windinet_venv/lib/python3.12/site-packages/torch/distributed/c10d_logger.py:83: FutureWarning: `torch.distributed.all_gather_into_tensor` is deprecated. Please use `torch.distributed.all_gather_single` instead.
  return func(*args, **kwargs)
/e/project1/e-dev-2026d09-262/windinet_venv/lib/python3.12/site-packages/torch/distributed/c10d_logger.py:83: FutureWarning: `torch.distributed.all_gather_into_tensor` is deprecated. Please use `torch.distributed.all_gather_single` instead.
  return func(*args, **kwargs)
/e/project1/e-dev-2026d09-262/windinet_venv/lib/python3.12/site-packages/torch/distributed/c10d_logger.py:83: FutureWarning: `torch.distributed.all_gather_into_tensor` is deprecated. Please use `torch.distributed.all_gather_single` instead.
  return func(*args, **kwargs)
/e/project1/e-dev-2026d09-262/windinet_venv/lib/python3.12/site-packages/torch/distributed/c10d_logger.py:83: FutureWarning: `torch.distributed.all_gather_into_tensor` is deprecated. Please use `torch.distributed.all_gather_single` instead.
  return func(*args, **kwargs)
/e/project1/e-dev-2026d09-262/windinet_venv/lib/python3.12/site-packages/torch/distributed/c10d_logger.py:83: FutureWarning: `torch.distributed.all_gather_into_tensor` is deprecated. Please use `torch.distributed.all_gather_single` instead.
  return func(*args, **kwargs)
/e/project1/e-dev-2026d09-262/windinet_venv/lib/python3.12/site-packages/torch/distributed/c10d_logger.py:83: FutureWarning: `torch.distributed.all_gather_into_tensor` is deprecated. Please use `torch.distributed.all_gather_single` instead.
  return func(*args, **kwargs)
/e/project1/e-dev-2026d09-262/windinet_venv/lib/python3.12/site-packages/torch/distributed/c10d_logger.py:83: FutureWarning: `torch.distributed.all_gather_into_tensor` is deprecated. Please use `torch.distributed.all_gather_single` instead.
  return func(*args, **kwargs)
/e/project1/e-dev-2026d09-262/windinet_venv/lib/python3.12/site-packages/torch/distributed/c10d_logger.py:83: FutureWarning: `torch.distributed.all_gather_into_tensor` is deprecated. Please use `torch.distributed.all_gather_single` instead.
  return func(*args, **kwargs)
/e/project1/e-dev-2026d09-262/windinet_venv/lib/python3.12/site-packages/torch/distributed/c10d_logger.py:83: FutureWarning: `torch.distributed.all_gather_into_tensor` is deprecated. Please use `torch.distributed.all_gather_single` instead.
  return func(*args, **kwargs)
/e/project1/e-dev-2026d09-262/windinet_venv/lib/python3.12/site-packages/torch/distributed/c10d_logger.py:83: FutureWarning: `torch.distributed.all_gather_into_tensor` is deprecated. Please use `torch.distributed.all_gather_single` instead.
  return func(*args, **kwargs)
/e/project1/e-dev-2026d09-262/windinet_venv/lib/python3.12/site-packages/torch/distributed/c10d_logger.py:83: FutureWarning: `torch.distributed.all_gather_into_tensor` is deprecated. Please use `torch.distributed.all_gather_single` instead.
  return func(*args, **kwargs)
/e/project1/e-dev-2026d09-262/windinet_venv/lib/python3.12/site-packages/torch/distributed/c10d_logger.py:83: FutureWarning: `torch.distributed.all_gather_into_tensor` is deprecated. Please use `torch.distributed.all_gather_single` instead.
  return func(*args, **kwargs)
/e/project1/e-dev-2026d09-262/windinet_venv/lib/python3.12/site-packages/torch/distributed/c10d_logger.py:83: FutureWarning: `torch.distributed.all_gather_into_tensor` is deprecated. Please use `torch.distributed.all_gather_single` instead.
  return func(*args, **kwargs)
/e/project1/e-dev-2026d09-262/windinet_venv/lib/python3.12/site-packages/torch/distributed/c10d_logger.py:83: FutureWarning: `torch.distributed.all_gather_into_tensor` is deprecated. Please use `torch.distributed.all_gather_single` instead.
  return func(*args, **kwargs)
/e/project1/e-dev-2026d09-262/windinet_venv/lib/python3.12/site-packages/torch/distributed/c10d_logger.py:83: FutureWarning: `torch.distributed.all_gather_into_tensor` is deprecated. Please use `torch.distributed.all_gather_single` instead.
  return func(*args, **kwargs)
/e/project1/e-dev-2026d09-262/windinet_venv/lib/python3.12/site-packages/torch/distributed/c10d_logger.py:83: FutureWarning: `torch.distributed.all_gather_into_tensor` is deprecated. Please use `torch.distributed.all_gather_single` instead.
  return func(*args, **kwargs)
/e/project1/e-dev-2026d09-262/windinet_venv/lib/python3.12/site-packages/torch/distributed/c10d_logger.py:83: FutureWarning: `torch.distributed.all_gather_into_tensor` is deprecated. Please use `torch.distributed.all_gather_single` instead.
  return func(*args, **kwargs)
/e/project1/e-dev-2026d09-262/windinet_venv/lib/python3.12/site-packages/torch/distributed/c10d_logger.py:83: FutureWarning: `torch.distributed.all_gather_into_tensor` is deprecated. Please use `torch.distributed.all_gather_single` instead.
  return func(*args, **kwargs)
/e/project1/e-dev-2026d09-262/windinet_venv/lib/python3.12/site-packages/torch/distributed/c10d_logger.py:83: FutureWarning: `torch.distributed.all_gather_into_tensor` is deprecated. Please use `torch.distributed.all_gather_single` instead.
  return func(*args, **kwargs)
/e/project1/e-dev-2026d09-262/windinet_venv/lib/python3.12/site-packages/torch/distributed/c10d_logger.py:83: FutureWarning: `torch.distributed.all_gather_into_tensor` is deprecated. Please use `torch.distributed.all_gather_single` instead.
  return func(*args, **kwargs)
/e/project1/e-dev-2026d09-262/windinet_venv/lib/python3.12/site-packages/torch/distributed/c10d_logger.py:83: FutureWarning: `torch.distributed.all_gather_into_tensor` is deprecated. Please use `torch.distributed.all_gather_single` instead.
  return func(*args, **kwargs)
/e/project1/e-dev-2026d09-262/windinet_venv/lib/python3.12/site-packages/torch/distributed/c10d_logger.py:83: FutureWarning: `torch.distributed.all_gather_into_tensor` is deprecated. Please use `torch.distributed.all_gather_single` instead.
  return func(*args, **kwargs)
/e/project1/e-dev-2026d09-262/windinet_venv/lib/python3.12/site-packages/torch/distributed/c10d_logger.py:83: FutureWarning: `torch.distributed.all_gather_into_tensor` is deprecated. Please use `torch.distributed.all_gather_single` instead.
  return func(*args, **kwargs)
/e/project1/e-dev-2026d09-262/windinet_venv/lib/python3.12/site-packages/torch/distributed/c10d_logger.py:83: FutureWarning: `torch.distributed.all_gather_into_tensor` is deprecated. Please use `torch.distributed.all_gather_single` instead.
  return func(*args, **kwargs)
/e/project1/e-dev-2026d09-262/windinet_venv/lib/python3.12/site-packages/torch/distributed/c10d_logger.py:83: FutureWarning: `torch.distributed.all_gather_into_tensor` is deprecated. Please use `torch.distributed.all_gather_single` instead.
  return func(*args, **kwargs)
/e/project1/e-dev-2026d09-262/windinet_venv/lib/python3.12/site-packages/torch/distributed/c10d_logger.py:83: FutureWarning: `torch.distributed.all_gather_into_tensor` is deprecated. Please use `torch.distributed.all_gather_single` instead.
  return func(*args, **kwargs)
/e/project1/e-dev-2026d09-262/windinet_venv/lib/python3.12/site-packages/torch/distributed/c10d_logger.py:83: FutureWarning: `torch.distributed.all_gather_into_tensor` is deprecated. Please use `torch.distributed.all_gather_single` instead.
  return func(*args, **kwargs)
/e/project1/e-dev-2026d09-262/windinet_venv/lib/python3.12/site-packages/torch/distributed/c10d_logger.py:83: FutureWarning: `torch.distributed.all_gather_into_tensor` is deprecated. Please use `torch.distributed.all_gather_single` instead.
  return func(*args, **kwargs)
/e/project1/e-dev-2026d09-262/windinet_venv/lib/python3.12/site-packages/torch/distributed/c10d_logger.py:83: FutureWarning: `torch.distributed.all_gather_into_tensor` is deprecated. Please use `torch.distributed.all_gather_single` instead.
  return func(*args, **kwargs)
/e/project1/e-dev-2026d09-262/windinet_venv/lib/python3.12/site-packages/torch/distributed/c10d_logger.py:83: FutureWarning: `torch.distributed.all_gather_into_tensor` is deprecated. Please use `torch.distributed.all_gather_single` instead.
  return func(*args, **kwargs)
/e/project1/e-dev-2026d09-262/windinet_venv/lib/python3.12/site-packages/torch/distributed/c10d_logger.py:83: FutureWarning: `torch.distributed.all_gather_into_tensor` is deprecated. Please use `torch.distributed.all_gather_single` instead.
  return func(*args, **kwargs)
/e/project1/e-dev-2026d09-262/windinet_venv/lib/python3.12/site-packages/torch/distributed/c10d_logger.py:83: FutureWarning: `torch.distributed.all_gather_into_tensor` is deprecated. Please use `torch.distributed.all_gather_single` instead.
  return func(*args, **kwargs)
/e/project1/e-dev-2026d09-262/windinet_venv/lib/python3.12/site-packages/torch/distributed/c10d_logger.py:83: FutureWarning: `torch.distributed.all_gather_into_tensor` is deprecated. Please use `torch.distributed.all_gather_single` instead.
  return func(*args, **kwargs)
/e/project1/e-dev-2026d09-262/windinet_venv/lib/python3.12/site-packages/torch/distributed/c10d_logger.py:83: FutureWarning: `torch.distributed.all_gather_into_tensor` is deprecated. Please use `torch.distributed.all_gather_single` instead.
  return func(*args, **kwargs)
/e/project1/e-dev-2026d09-262/windinet_venv/lib/python3.12/site-packages/torch/distributed/c10d_logger.py:83: FutureWarning: `torch.distributed.all_gather_into_tensor` is deprecated. Please use `torch.distributed.all_gather_single` instead.
  return func(*args, **kwargs)
/e/project1/e-dev-2026d09-262/windinet_venv/lib/python3.12/site-packages/torch/distributed/c10d_logger.py:83: FutureWarning: `torch.distributed.all_gather_into_tensor` is deprecated. Please use `torch.distributed.all_gather_single` instead.
  return func(*args, **kwargs)
/e/project1/e-dev-2026d09-262/windinet_venv/lib/python3.12/site-packages/torch/distributed/c10d_logger.py:83: FutureWarning: `torch.distributed.all_gather_into_tensor` is deprecated. Please use `torch.distributed.all_gather_single` instead.
  return func(*args, **kwargs)
/e/project1/e-dev-2026d09-262/windinet_venv/lib/python3.12/site-packages/torch/distributed/c10d_logger.py:83: FutureWarning: `torch.distributed.all_gather_into_tensor` is deprecated. Please use `torch.distributed.all_gather_single` instead.
  return func(*args, **kwargs)
/e/project1/e-dev-2026d09-262/windinet_venv/lib/python3.12/site-packages/torch/distributed/c10d_logger.py:83: FutureWarning: `torch.distributed.all_gather_into_tensor` is deprecated. Please use `torch.distributed.all_gather_single` instead.
  return func(*args, **kwargs)
/e/project1/e-dev-2026d09-262/windinet_venv/lib/python3.12/site-packages/torch/distributed/c10d_logger.py:83: FutureWarning: `torch.distributed.all_gather_into_tensor` is deprecated. Please use `torch.distributed.all_gather_single` instead.
  return func(*args, **kwargs)
/e/project1/e-dev-2026d09-262/windinet_venv/lib/python3.12/site-packages/torch/distributed/c10d_logger.py:83: FutureWarning: `torch.distributed.all_gather_into_tensor` is deprecated. Please use `torch.distributed.all_gather_single` instead.
  return func(*args, **kwargs)
/e/project1/e-dev-2026d09-262/windinet_venv/lib/python3.12/site-packages/torch/distributed/c10d_logger.py:83: FutureWarning: `torch.distributed.all_gather_into_tensor` is deprecated. Please use `torch.distributed.all_gather_single` instead.
  return func(*args, **kwargs)
/e/project1/e-dev-2026d09-262/windinet_venv/lib/python3.12/site-packages/torch/distributed/c10d_logger.py:83: FutureWarning: `torch.distributed.all_gather_into_tensor` is deprecated. Please use `torch.distributed.all_gather_single` instead.
  return func(*args, **kwargs)
/e/project1/e-dev-2026d09-262/windinet_venv/lib/python3.12/site-packages/torch/distributed/c10d_logger.py:83: FutureWarning: `torch.distributed.all_gather_into_tensor` is deprecated. Please use `torch.distributed.all_gather_single` instead.
  return func(*args, **kwargs)
/e/project1/e-dev-2026d09-262/windinet_venv/lib/python3.12/site-packages/torch/distributed/c10d_logger.py:83: FutureWarning: `torch.distributed.all_gather_into_tensor` is deprecated. Please use `torch.distributed.all_gather_single` instead.
  return func(*args, **kwargs)
/e/project1/e-dev-2026d09-262/windinet_venv/lib/python3.12/site-packages/torch/distributed/c10d_logger.py:83: FutureWarning: `torch.distributed.all_gather_into_tensor` is deprecated. Please use `torch.distributed.all_gather_single` instead.
  return func(*args, **kwargs)
/e/project1/e-dev-2026d09-262/windinet_venv/lib/python3.12/site-packages/torch/distributed/c10d_logger.py:83: FutureWarning: `torch.distributed.all_gather_into_tensor` is deprecated. Please use `torch.distributed.all_gather_single` instead.
  return func(*args, **kwargs)
/e/project1/e-dev-2026d09-262/windinet_venv/lib/python3.12/site-packages/torch/distributed/c10d_logger.py:83: FutureWarning: `torch.distributed.all_gather_into_tensor` is deprecated. Please use `torch.distributed.all_gather_single` instead.
  return func(*args, **kwargs)
/e/project1/e-dev-2026d09-262/windinet_venv/lib/python3.12/site-packages/torch/distributed/c10d_logger.py:83: FutureWarning: `torch.distributed.all_gather_into_tensor` is deprecated. Please use `torch.distributed.all_gather_single` instead.
  return func(*args, **kwargs)
/e/project1/e-dev-2026d09-262/windinet_venv/lib/python3.12/site-packages/torch/distributed/c10d_logger.py:83: FutureWarning: `torch.distributed.all_gather_into_tensor` is deprecated. Please use `torch.distributed.all_gather_single` instead.
  return func(*args, **kwargs)
/e/project1/e-dev-2026d09-262/windinet_venv/lib/python3.12/site-packages/torch/distributed/c10d_logger.py:83: FutureWarning: `torch.distributed.all_gather_into_tensor` is deprecated. Please use `torch.distributed.all_gather_single` instead.
  return func(*args, **kwargs)
/e/project1/e-dev-2026d09-262/windinet_venv/lib/python3.12/site-packages/torch/distributed/c10d_logger.py:83: FutureWarning: `torch.distributed.all_gather_into_tensor` is deprecated. Please use `torch.distributed.all_gather_single` instead.
  return func(*args, **kwargs)
/e/project1/e-dev-2026d09-262/windinet_venv/lib/python3.12/site-packages/torch/distributed/c10d_logger.py:83: FutureWarning: `torch.distributed.all_gather_into_tensor` is deprecated. Please use `torch.distributed.all_gather_single` instead.
  return func(*args, **kwargs)
/e/project1/e-dev-2026d09-262/windinet_venv/lib/python3.12/site-packages/torch/distributed/c10d_logger.py:83: FutureWarning: `torch.distributed.all_gather_into_tensor` is deprecated. Please use `torch.distributed.all_gather_single` instead.
  return func(*args, **kwargs)
/e/project1/e-dev-2026d09-262/windinet_venv/lib/python3.12/site-packages/torch/distributed/c10d_logger.py:83: FutureWarning: `torch.distributed.all_gather_into_tensor` is deprecated. Please use `torch.distributed.all_gather_single` instead.
  return func(*args, **kwargs)
/e/project1/e-dev-2026d09-262/windinet_venv/lib/python3.12/site-packages/torch/distributed/c10d_logger.py:83: FutureWarning: `torch.distributed.all_gather_into_tensor` is deprecated. Please use `torch.distributed.all_gather_single` instead.
  return func(*args, **kwargs)
/e/project1/e-dev-2026d09-262/windinet_venv/lib/python3.12/site-packages/torch/distributed/c10d_logger.py:83: FutureWarning: `torch.distributed.all_gather_into_tensor` is deprecated. Please use `torch.distributed.all_gather_single` instead.
  return func(*args, **kwargs)
/e/project1/e-dev-2026d09-262/windinet_venv/lib/python3.12/site-packages/torch/distributed/c10d_logger.py:83: FutureWarning: `torch.distributed.all_gather_into_tensor` is deprecated. Please use `torch.distributed.all_gather_single` instead.
  return func(*args, **kwargs)
/e/project1/e-dev-2026d09-262/windinet_venv/lib/python3.12/site-packages/torch/distributed/c10d_logger.py:83: FutureWarning: `torch.distributed.all_gather_into_tensor` is deprecated. Please use `torch.distributed.all_gather_single` instead.
  return func(*args, **kwargs)
/e/project1/e-dev-2026d09-262/windinet_venv/lib/python3.12/site-packages/torch/distributed/c10d_logger.py:83: FutureWarning: `torch.distributed.all_gather_into_tensor` is deprecated. Please use `torch.distributed.all_gather_single` instead.
  return func(*args, **kwargs)
/e/project1/e-dev-2026d09-262/windinet_venv/lib/python3.12/site-packages/torch/distributed/c10d_logger.py:83: FutureWarning: `torch.distributed.all_gather_into_tensor` is deprecated. Please use `torch.distributed.all_gather_single` instead.
  return func(*args, **kwargs)
/e/project1/e-dev-2026d09-262/windinet_venv/lib/python3.12/site-packages/torch/distributed/c10d_logger.py:83: FutureWarning: `torch.distributed.all_gather_into_tensor` is deprecated. Please use `torch.distributed.all_gather_single` instead.
  return func(*args, **kwargs)
/e/project1/e-dev-2026d09-262/windinet_venv/lib/python3.12/site-packages/torch/distributed/c10d_logger.py:83: FutureWarning: `torch.distributed.all_gather_into_tensor` is deprecated. Please use `torch.distributed.all_gather_single` instead.
  return func(*args, **kwargs)
/e/project1/e-dev-2026d09-262/windinet_venv/lib/python3.12/site-packages/torch/distributed/c10d_logger.py:83: FutureWarning: `torch.distributed.all_gather_into_tensor` is deprecated. Please use `torch.distributed.all_gather_single` instead.
  return func(*args, **kwargs)
/e/project1/e-dev-2026d09-262/windinet_venv/lib/python3.12/site-packages/torch/distributed/c10d_logger.py:83: FutureWarning: `torch.distributed.all_gather_into_tensor` is deprecated. Please use `torch.distributed.all_gather_single` instead.
  return func(*args, **kwargs)
/e/project1/e-dev-2026d09-262/windinet_venv/lib/python3.12/site-packages/torch/distributed/c10d_logger.py:83: FutureWarning: `torch.distributed.all_gather_into_tensor` is deprecated. Please use `torch.distributed.all_gather_single` instead.
  return func(*args, **kwargs)
/e/project1/e-dev-2026d09-262/windinet_venv/lib/python3.12/site-packages/torch/distributed/c10d_logger.py:83: FutureWarning: `torch.distributed.all_gather_into_tensor` is deprecated. Please use `torch.distributed.all_gather_single` instead.
  return func(*args, **kwargs)
/e/project1/e-dev-2026d09-262/windinet_venv/lib/python3.12/site-packages/torch/distributed/c10d_logger.py:83: FutureWarning: `torch.distributed.all_gather_into_tensor` is deprecated. Please use `torch.distributed.all_gather_single` instead.
  return func(*args, **kwargs)
/e/project1/e-dev-2026d09-262/windinet_venv/lib/python3.12/site-packages/torch/distributed/c10d_logger.py:83: FutureWarning: `torch.distributed.all_gather_into_tensor` is deprecated. Please use `torch.distributed.all_gather_single` instead.
  return func(*args, **kwargs)
/e/project1/e-dev-2026d09-262/windinet_venv/lib/python3.12/site-packages/torch/distributed/c10d_logger.py:83: FutureWarning: `torch.distributed.all_gather_into_tensor` is deprecated. Please use `torch.distributed.all_gather_single` instead.
  return func(*args, **kwargs)
/e/project1/e-dev-2026d09-262/windinet_venv/lib/python3.12/site-packages/torch/distributed/c10d_logger.py:83: FutureWarning: `torch.distributed.all_gather_into_tensor` is deprecated. Please use `torch.distributed.all_gather_single` instead.
  return func(*args, **kwargs)
/e/project1/e-dev-2026d09-262/windinet_venv/lib/python3.12/site-packages/torch/distributed/c10d_logger.py:83: FutureWarning: `torch.distributed.all_gather_into_tensor` is deprecated. Please use `torch.distributed.all_gather_single` instead.
  return func(*args, **kwargs)
/e/project1/e-dev-2026d09-262/windinet_venv/lib/python3.12/site-packages/torch/distributed/c10d_logger.py:83: FutureWarning: `torch.distributed.all_gather_into_tensor` is deprecated. Please use `torch.distributed.all_gather_single` instead.
  return func(*args, **kwargs)
/e/project1/e-dev-2026d09-262/windinet_venv/lib/python3.12/site-packages/torch/distributed/c10d_logger.py:83: FutureWarning: `torch.distributed.all_gather_into_tensor` is deprecated. Please use `torch.distributed.all_gather_single` instead.
  return func(*args, **kwargs)
/e/project1/e-dev-2026d09-262/windinet_venv/lib/python3.12/site-packages/torch/distributed/c10d_logger.py:83: FutureWarning: `torch.distributed.all_gather_into_tensor` is deprecated. Please use `torch.distributed.all_gather_single` instead.
  return func(*args, **kwargs)
/e/project1/e-dev-2026d09-262/windinet_venv/lib/python3.12/site-packages/torch/distributed/c10d_logger.py:83: FutureWarning: `torch.distributed.all_gather_into_tensor` is deprecated. Please use `torch.distributed.all_gather_single` instead.
  return func(*args, **kwargs)
/e/project1/e-dev-2026d09-262/windinet_venv/lib/python3.12/site-packages/torch/distributed/c10d_logger.py:83: FutureWarning: `torch.distributed.all_gather_into_tensor` is deprecated. Please use `torch.distributed.all_gather_single` instead.
  return func(*args, **kwargs)
/e/project1/e-dev-2026d09-262/windinet_venv/lib/python3.12/site-packages/torch/distributed/c10d_logger.py:83: FutureWarning: `torch.distributed.all_gather_into_tensor` is deprecated. Please use `torch.distributed.all_gather_single` instead.
  return func(*args, **kwargs)
/e/project1/e-dev-2026d09-262/windinet_venv/lib/python3.12/site-packages/torch/distributed/c10d_logger.py:83: FutureWarning: `torch.distributed.all_gather_into_tensor` is deprecated. Please use `torch.distributed.all_gather_single` instead.
  return func(*args, **kwargs)
/e/project1/e-dev-2026d09-262/windinet_venv/lib/python3.12/site-packages/torch/distributed/c10d_logger.py:83: FutureWarning: `torch.distributed.all_gather_into_tensor` is deprecated. Please use `torch.distributed.all_gather_single` instead.
  return func(*args, **kwargs)
/e/project1/e-dev-2026d09-262/windinet_venv/lib/python3.12/site-packages/torch/distributed/c10d_logger.py:83: FutureWarning: `torch.distributed.all_gather_into_tensor` is deprecated. Please use `torch.distributed.all_gather_single` instead.
  return func(*args, **kwargs)
/e/project1/e-dev-2026d09-262/windinet_venv/lib/python3.12/site-packages/torch/distributed/c10d_logger.py:83: FutureWarning: `torch.distributed.all_gather_into_tensor` is deprecated. Please use `torch.distributed.all_gather_single` instead.
  return func(*args, **kwargs)
/e/project1/e-dev-2026d09-262/windinet_venv/lib/python3.12/site-packages/torch/distributed/c10d_logger.py:83: FutureWarning: `torch.distributed.all_gather_into_tensor` is deprecated. Please use `torch.distributed.all_gather_single` instead.
  return func(*args, **kwargs)
/e/project1/e-dev-2026d09-262/windinet_venv/lib/python3.12/site-packages/torch/distributed/c10d_logger.py:83: FutureWarning: `torch.distributed.all_gather_into_tensor` is deprecated. Please use `torch.distributed.all_gather_single` instead.
  return func(*args, **kwargs)
/e/project1/e-dev-2026d09-262/windinet_venv/lib/python3.12/site-packages/torch/distributed/c10d_logger.py:83: FutureWarning: `torch.distributed.all_gather_into_tensor` is deprecated. Please use `torch.distributed.all_gather_single` instead.
  return func(*args, **kwargs)
/e/project1/e-dev-2026d09-262/windinet_venv/lib/python3.12/site-packages/torch/distributed/c10d_logger.py:83: FutureWarning: `torch.distributed.all_gather_into_tensor` is deprecated. Please use `torch.distributed.all_gather_single` instead.
  return func(*args, **kwargs)
/e/project1/e-dev-2026d09-262/windinet_venv/lib/python3.12/site-packages/torch/distributed/c10d_logger.py:83: FutureWarning: `torch.distributed.all_gather_into_tensor` is deprecated. Please use `torch.distributed.all_gather_single` instead.
  return func(*args, **kwargs)
/e/project1/e-dev-2026d09-262/windinet_venv/lib/python3.12/site-packages/torch/distributed/c10d_logger.py:83: FutureWarning: `torch.distributed.all_gather_into_tensor` is deprecated. Please use `torch.distributed.all_gather_single` instead.
  return func(*args, **kwargs)
/e/project1/e-dev-2026d09-262/windinet_venv/lib/python3.12/site-packages/torch/distributed/c10d_logger.py:83: FutureWarning: `torch.distributed.all_gather_into_tensor` is deprecated. Please use `torch.distributed.all_gather_single` instead.
  return func(*args, **kwargs)
/e/project1/e-dev-2026d09-262/windinet_venv/lib/python3.12/site-packages/torch/distributed/c10d_logger.py:83: FutureWarning: `torch.distributed.all_gather_into_tensor` is deprecated. Please use `torch.distributed.all_gather_single` instead.
  return func(*args, **kwargs)
/e/project1/e-dev-2026d09-262/windinet_venv/lib/python3.12/site-packages/torch/distributed/c10d_logger.py:83: FutureWarning: `torch.distributed.all_gather_into_tensor` is deprecated. Please use `torch.distributed.all_gather_single` instead.
  return func(*args, **kwargs)
/e/project1/e-dev-2026d09-262/windinet_venv/lib/python3.12/site-packages/torch/distributed/c10d_logger.py:83: FutureWarning: `torch.distributed.all_gather_into_tensor` is deprecated. Please use `torch.distributed.all_gather_single` instead.
  return func(*args, **kwargs)
/e/project1/e-dev-2026d09-262/windinet_venv/lib/python3.12/site-packages/torch/distributed/c10d_logger.py:83: FutureWarning: `torch.distributed.all_gather_into_tensor` is deprecated. Please use `torch.distributed.all_gather_single` instead.
  return func(*args, **kwargs)
/e/project1/e-dev-2026d09-262/windinet_venv/lib/python3.12/site-packages/torch/distributed/c10d_logger.py:83: FutureWarning: `torch.distributed.all_gather_into_tensor` is deprecated. Please use `torch.distributed.all_gather_single` instead.
  return func(*args, **kwargs)
/e/project1/e-dev-2026d09-262/windinet_venv/lib/python3.12/site-packages/torch/distributed/c10d_logger.py:83: FutureWarning: `torch.distributed.all_gather_into_tensor` is deprecated. Please use `torch.distributed.all_gather_single` instead.
  return func(*args, **kwargs)
/e/project1/e-dev-2026d09-262/windinet_venv/lib/python3.12/site-packages/torch/distributed/c10d_logger.py:83: FutureWarning: `torch.distributed.all_gather_into_tensor` is deprecated. Please use `torch.distributed.all_gather_single` instead.
  return func(*args, **kwargs)
/e/project1/e-dev-2026d09-262/windinet_venv/lib/python3.12/site-packages/torch/distributed/c10d_logger.py:83: FutureWarning: `torch.distributed.all_gather_into_tensor` is deprecated. Please use `torch.distributed.all_gather_single` instead.
  return func(*args, **kwargs)
/e/project1/e-dev-2026d09-262/windinet_venv/lib/python3.12/site-packages/torch/distributed/c10d_logger.py:83: FutureWarning: `torch.distributed.all_gather_into_tensor` is deprecated. Please use `torch.distributed.all_gather_single` instead.
  return func(*args, **kwargs)
/e/project1/e-dev-2026d09-262/windinet_venv/lib/python3.12/site-packages/torch/distributed/c10d_logger.py:83: FutureWarning: `torch.distributed.all_gather_into_tensor` is deprecated. Please use `torch.distributed.all_gather_single` instead.
  return func(*args, **kwargs)
/e/project1/e-dev-2026d09-262/windinet_venv/lib/python3.12/site-packages/torch/distributed/c10d_logger.py:83: FutureWarning: `torch.distributed.all_gather_into_tensor` is deprecated. Please use `torch.distributed.all_gather_single` instead.
  return func(*args, **kwargs)
/e/project1/e-dev-2026d09-262/windinet_venv/lib/python3.12/site-packages/torch/distributed/c10d_logger.py:83: FutureWarning: `torch.distributed.all_gather_into_tensor` is deprecated. Please use `torch.distributed.all_gather_single` instead.
  return func(*args, **kwargs)
/e/project1/e-dev-2026d09-262/windinet_venv/lib/python3.12/site-packages/torch/distributed/c10d_logger.py:83: FutureWarning: `torch.distributed.all_gather_into_tensor` is deprecated. Please use `torch.distributed.all_gather_single` instead.
  return func(*args, **kwargs)
/e/project1/e-dev-2026d09-262/windinet_venv/lib/python3.12/site-packages/torch/distributed/c10d_logger.py:83: FutureWarning: `torch.distributed.all_gather_into_tensor` is deprecated. Please use `torch.distributed.all_gather_single` instead.
  return func(*args, **kwargs)
/e/project1/e-dev-2026d09-262/windinet_venv/lib/python3.12/site-packages/torch/distributed/c10d_logger.py:83: FutureWarning: `torch.distributed.all_gather_into_tensor` is deprecated. Please use `torch.distributed.all_gather_single` instead.
  return func(*args, **kwargs)
/e/project1/e-dev-2026d09-262/windinet_venv/lib/python3.12/site-packages/torch/distributed/c10d_logger.py:83: FutureWarning: `torch.distributed.all_gather_into_tensor` is deprecated. Please use `torch.distributed.all_gather_single` instead.
  return func(*args, **kwargs)
/e/project1/e-dev-2026d09-262/windinet_venv/lib/python3.12/site-packages/torch/distributed/c10d_logger.py:83: FutureWarning: `torch.distributed.all_gather_into_tensor` is deprecated. Please use `torch.distributed.all_gather_single` instead.
  return func(*args, **kwargs)
/e/project1/e-dev-2026d09-262/windinet_venv/lib/python3.12/site-packages/torch/distributed/c10d_logger.py:83: FutureWarning: `torch.distributed.all_gather_into_tensor` is deprecated. Please use `torch.distributed.all_gather_single` instead.
  return func(*args, **kwargs)
/e/project1/e-dev-2026d09-262/windinet_venv/lib/python3.12/site-packages/torch/distributed/c10d_logger.py:83: FutureWarning: `torch.distributed.all_gather_into_tensor` is deprecated. Please use `torch.distributed.all_gather_single` instead.
  return func(*args, **kwargs)
/e/project1/e-dev-2026d09-262/windinet_venv/lib/python3.12/site-packages/torch/distributed/c10d_logger.py:83: FutureWarning: `torch.distributed.all_gather_into_tensor` is deprecated. Please use `torch.distributed.all_gather_single` instead.
  return func(*args, **kwargs)
/e/project1/e-dev-2026d09-262/windinet_venv/lib/python3.12/site-packages/torch/distributed/c10d_logger.py:83: FutureWarning: `torch.distributed.all_gather_into_tensor` is deprecated. Please use `torch.distributed.all_gather_single` instead.
  return func(*args, **kwargs)
/e/project1/e-dev-2026d09-262/windinet_venv/lib/python3.12/site-packages/torch/distributed/c10d_logger.py:83: FutureWarning: `torch.distributed.all_gather_into_tensor` is deprecated. Please use `torch.distributed.all_gather_single` instead.
  return func(*args, **kwargs)
/e/project1/e-dev-2026d09-262/windinet_venv/lib/python3.12/site-packages/torch/distributed/c10d_logger.py:83: FutureWarning: `torch.distributed.all_gather_into_tensor` is deprecated. Please use `torch.distributed.all_gather_single` instead.
  return func(*args, **kwargs)
/e/project1/e-dev-2026d09-262/windinet_venv/lib/python3.12/site-packages/torch/distributed/c10d_logger.py:83: FutureWarning: `torch.distributed.all_gather_into_tensor` is deprecated. Please use `torch.distributed.all_gather_single` instead.
  return func(*args, **kwargs)
/e/project1/e-dev-2026d09-262/windinet_venv/lib/python3.12/site-packages/torch/distributed/c10d_logger.py:83: FutureWarning: `torch.distributed.all_gather_into_tensor` is deprecated. Please use `torch.distributed.all_gather_single` instead.
  return func(*args, **kwargs)
/e/project1/e-dev-2026d09-262/windinet_venv/lib/python3.12/site-packages/torch/distributed/c10d_logger.py:83: FutureWarning: `torch.distributed.all_gather_into_tensor` is deprecated. Please use `torch.distributed.all_gather_single` instead.
  return func(*args, **kwargs)
/e/project1/e-dev-2026d09-262/windinet_venv/lib/python3.12/site-packages/torch/distributed/c10d_logger.py:83: FutureWarning: `torch.distributed.all_gather_into_tensor` is deprecated. Please use `torch.distributed.all_gather_single` instead.
  return func(*args, **kwargs)
/e/project1/e-dev-2026d09-262/windinet_venv/lib/python3.12/site-packages/torch/distributed/c10d_logger.py:83: FutureWarning: `torch.distributed.all_gather_into_tensor` is deprecated. Please use `torch.distributed.all_gather_single` instead.
  return func(*args, **kwargs)
/e/project1/e-dev-2026d09-262/windinet_venv/lib/python3.12/site-packages/torch/distributed/c10d_logger.py:83: FutureWarning: `torch.distributed.all_gather_into_tensor` is deprecated. Please use `torch.distributed.all_gather_single` instead.
  return func(*args, **kwargs)
/e/project1/e-dev-2026d09-262/windinet_venv/lib/python3.12/site-packages/torch/distributed/c10d_logger.py:83: FutureWarning: `torch.distributed.all_gather_into_tensor` is deprecated. Please use `torch.distributed.all_gather_single` instead.
  return func(*args, **kwargs)
/e/project1/e-dev-2026d09-262/windinet_venv/lib/python3.12/site-packages/torch/distributed/c10d_logger.py:83: FutureWarning: `torch.distributed.all_gather_into_tensor` is deprecated. Please use `torch.distributed.all_gather_single` instead.
  return func(*args, **kwargs)
/e/project1/e-dev-2026d09-262/windinet_venv/lib/python3.12/site-packages/torch/distributed/c10d_logger.py:83: FutureWarning: `torch.distributed.all_gather_into_tensor` is deprecated. Please use `torch.distributed.all_gather_single` instead.
  return func(*args, **kwargs)
/e/project1/e-dev-2026d09-262/windinet_venv/lib/python3.12/site-packages/torch/distributed/c10d_logger.py:83: FutureWarning: `torch.distributed.all_gather_into_tensor` is deprecated. Please use `torch.distributed.all_gather_single` instead.
  return func(*args, **kwargs)
/e/project1/e-dev-2026d09-262/windinet_venv/lib/python3.12/site-packages/torch/distributed/c10d_logger.py:83: FutureWarning: `torch.distributed.all_gather_into_tensor` is deprecated. Please use `torch.distributed.all_gather_single` instead.
  return func(*args, **kwargs)
/e/project1/e-dev-2026d09-262/windinet_venv/lib/python3.12/site-packages/torch/distributed/c10d_logger.py:83: FutureWarning: `torch.distributed.all_gather_into_tensor` is deprecated. Please use `torch.distributed.all_gather_single` instead.
  return func(*args, **kwargs)
/e/project1/e-dev-2026d09-262/windinet_venv/lib/python3.12/site-packages/torch/distributed/c10d_logger.py:83: FutureWarning: `torch.distributed.all_gather_into_tensor` is deprecated. Please use `torch.distributed.all_gather_single` instead.
  return func(*args, **kwargs)
/e/project1/e-dev-2026d09-262/windinet_venv/lib/python3.12/site-packages/torch/distributed/c10d_logger.py:83: FutureWarning: `torch.distributed.all_gather_into_tensor` is deprecated. Please use `torch.distributed.all_gather_single` instead.
  return func(*args, **kwargs)
/e/project1/e-dev-2026d09-262/windinet_venv/lib/python3.12/site-packages/torch/distributed/c10d_logger.py:83: FutureWarning: `torch.distributed.all_gather_into_tensor` is deprecated. Please use `torch.distributed.all_gather_single` instead.
  return func(*args, **kwargs)
/e/project1/e-dev-2026d09-262/windinet_venv/lib/python3.12/site-packages/torch/distributed/c10d_logger.py:83: FutureWarning: `torch.distributed.all_gather_into_tensor` is deprecated. Please use `torch.distributed.all_gather_single` instead.
  return func(*args, **kwargs)
/e/project1/e-dev-2026d09-262/windinet_venv/lib/python3.12/site-packages/torch/distributed/c10d_logger.py:83: FutureWarning: `torch.distributed.all_gather_into_tensor` is deprecated. Please use `torch.distributed.all_gather_single` instead.
  return func(*args, **kwargs)
/e/project1/e-dev-2026d09-262/windinet_venv/lib/python3.12/site-packages/torch/distributed/c10d_logger.py:83: FutureWarning: `torch.distributed.all_gather_into_tensor` is deprecated. Please use `torch.distributed.all_gather_single` instead.
  return func(*args, **kwargs)
/e/project1/e-dev-2026d09-262/windinet_venv/lib/python3.12/site-packages/torch/distributed/c10d_logger.py:83: FutureWarning: `torch.distributed.all_gather_into_tensor` is deprecated. Please use `torch.distributed.all_gather_single` instead.
  return func(*args, **kwargs)
/e/project1/e-dev-2026d09-262/windinet_venv/lib/python3.12/site-packages/torch/distributed/c10d_logger.py:83: FutureWarning: `torch.distributed.all_gather_into_tensor` is deprecated. Please use `torch.distributed.all_gather_single` instead.
  return func(*args, **kwargs)
/e/project1/e-dev-2026d09-262/windinet_venv/lib/python3.12/site-packages/torch/distributed/c10d_logger.py:83: FutureWarning: `torch.distributed.all_gather_into_tensor` is deprecated. Please use `torch.distributed.all_gather_single` instead.
  return func(*args, **kwargs)
/e/project1/e-dev-2026d09-262/windinet_venv/lib/python3.12/site-packages/torch/distributed/c10d_logger.py:83: FutureWarning: `torch.distributed.all_gather_into_tensor` is deprecated. Please use `torch.distributed.all_gather_single` instead.
  return func(*args, **kwargs)
/e/project1/e-dev-2026d09-262/windinet_venv/lib/python3.12/site-packages/torch/distributed/c10d_logger.py:83: FutureWarning: `torch.distributed.all_gather_into_tensor` is deprecated. Please use `torch.distributed.all_gather_single` instead.
  return func(*args, **kwargs)
/e/project1/e-dev-2026d09-262/windinet_venv/lib/python3.12/site-packages/torch/distributed/c10d_logger.py:83: FutureWarning: `torch.distributed.all_gather_into_tensor` is deprecated. Please use `torch.distributed.all_gather_single` instead.
  return func(*args, **kwargs)
/e/project1/e-dev-2026d09-262/windinet_venv/lib/python3.12/site-packages/torch/distributed/c10d_logger.py:83: FutureWarning: `torch.distributed.all_gather_into_tensor` is deprecated. Please use `torch.distributed.all_gather_single` instead.
  return func(*args, **kwargs)
/e/project1/e-dev-2026d09-262/windinet_venv/lib/python3.12/site-packages/torch/distributed/c10d_logger.py:83: FutureWarning: `torch.distributed.all_gather_into_tensor` is deprecated. Please use `torch.distributed.all_gather_single` instead.
  return func(*args, **kwargs)
/e/project1/e-dev-2026d09-262/windinet_venv/lib/python3.12/site-packages/torch/distributed/c10d_logger.py:83: FutureWarning: `torch.distributed.all_gather_into_tensor` is deprecated. Please use `torch.distributed.all_gather_single` instead.
  return func(*args, **kwargs)
/e/project1/e-dev-2026d09-262/windinet_venv/lib/python3.12/site-packages/torch/distributed/c10d_logger.py:83: FutureWarning: `torch.distributed.all_gather_into_tensor` is deprecated. Please use `torch.distributed.all_gather_single` instead.
  return func(*args, **kwargs)
/e/project1/e-dev-2026d09-262/windinet_venv/lib/python3.12/site-packages/torch/distributed/c10d_logger.py:83: FutureWarning: `torch.distributed.all_gather_into_tensor` is deprecated. Please use `torch.distributed.all_gather_single` instead.
  return func(*args, **kwargs)
/e/project1/e-dev-2026d09-262/windinet_venv/lib/python3.12/site-packages/torch/distributed/c10d_logger.py:83: FutureWarning: `torch.distributed.all_gather_into_tensor` is deprecated. Please use `torch.distributed.all_gather_single` instead.
  return func(*args, **kwargs)
/e/project1/e-dev-2026d09-262/windinet_venv/lib/python3.12/site-packages/torch/distributed/c10d_logger.py:83: FutureWarning: `torch.distributed.all_gather_into_tensor` is deprecated. Please use `torch.distributed.all_gather_single` instead.
  return func(*args, **kwargs)
/e/project1/e-dev-2026d09-262/windinet_venv/lib/python3.12/site-packages/torch/distributed/c10d_logger.py:83: FutureWarning: `torch.distributed.all_gather_into_tensor` is deprecated. Please use `torch.distributed.all_gather_single` instead.
  return func(*args, **kwargs)
/e/project1/e-dev-2026d09-262/windinet_venv/lib/python3.12/site-packages/torch/distributed/c10d_logger.py:83: FutureWarning: `torch.distributed.all_gather_into_tensor` is deprecated. Please use `torch.distributed.all_gather_single` instead.
  return func(*args, **kwargs)
/e/project1/e-dev-2026d09-262/windinet_venv/lib/python3.12/site-packages/torch/distributed/c10d_logger.py:83: FutureWarning: `torch.distributed.all_gather_into_tensor` is deprecated. Please use `torch.distributed.all_gather_single` instead.
  return func(*args, **kwargs)
error: *** job 2250007 CANCELLED DUE TO TIME LIMIT ***
--- Logging error ---
Traceback (most recent call last):
  File "/e/project1/e-dev-2026d09-262/windinet_venv/lib/python3.12/site-packages/torch/distributed/elastic/agent/server/api.py", line 745, in run
    result = self._invoke_run(role)
             ^^^^^^^^^^^^^^^^^^^^^^
  File "/e/project1/e-dev-2026d09-262/windinet_venv/lib/python3.12/site-packages/torch/distributed/elastic/agent/server/api.py", line 923, in _invoke_run
    time.sleep(monitor_interval)
  File "/e/project1/e-dev-2026d09-262/windinet_venv/lib/python3.12/site-packages/torch/distributed/elastic/multiprocessing/api.py", line 86, in _terminate_process_handler
    raise SignalException(f"Process {os.getpid()} got signal: {sigval}", sigval=sigval)
torch.distributed.elastic.multiprocessing.api.SignalException: Process 603814 got signal: 15

During handling of the above exception, another exception occurred:

Traceback (most recent call last):
  File "/e/project1/e-dev-2026d09-262/windinet_venv/lib/python3.12/site-packages/torch/_logging/_internal.py", line 1093, in emit
    msg = self.format(record)
          ^^^^^^^^^^^^^^^^^^^
  File "/e/software/default/stages/2025/software/Python/3.12.3-GCCcore-13.3.0/lib/python3.12/logging/__init__.py", line 999, in format
    return fmt.format(record)
           ^^^^^^^^^^^^^^^^^^
  File "/e/project1/e-dev-2026d09-262/windinet_venv/lib/python3.12/site-packages/torch/_logging/_internal.py", line 1024, in format
    filepath = make_module_path_relative(record.pathname)
               ^^^^^^^^^^^^^^^^^^^^^^^^^^^^^^^^^^^^^^^^^^
  File "/e/project1/e-dev-2026d09-262/windinet_venv/lib/python3.12/site-packages/torch/_logging/_internal.py", line 954, in make_module_path_relative
    return _make_module_path_relative(abs_path, tuple(sys.path))
           ^^^^^^^^^^^^^^^^^^^^^^^^^^^^^^^^^^^^^^^^^^^^^^^^^^^^^
  File "/e/project1/e-dev-2026d09-262/windinet_venv/lib/python3.12/site-packages/torch/_logging/_internal.py", line 935, in _make_module_path_relative
    abs_path_resolved = pathlib.Path(abs_path).resolve()
                        ^^^^^^^^^^^^^^^^^^^^^^^^^^^^^^^^
  File "/e/software/default/stages/2025/software/Python/3.12.3-GCCcore-13.3.0/lib/python3.12/pathlib.py", line 1240, in resolve
    s = self._flavour.realpath(self, strict=strict)
        ^^^^^^^^^^^^^^^^^^^^^^^^^^^^^^^^^^^^^^^^^^^
  File "<frozen posixpath>", line 435, in realpath
  File "<frozen posixpath>", line 470, in _joinrealpath
  File "/e/project1/e-dev-2026d09-262/windinet_venv/lib/python3.12/site-packages/torch/distributed/elastic/multiprocessing/api.py", line 86, in _terminate_process_handler
    raise SignalException(f"Process {os.getpid()} got signal: {sigval}", sigval=sigval)
torch.distributed.elastic.multiprocessing.api.SignalException: Process 603814 got signal: 15
Call stack:
  File "<frozen runpy>", line 198, in _run_module_as_main
  File "<frozen runpy>", line 88, in _run_code
  File "/e/project1/e-dev-2026d09-262/windinet_venv/lib/python3.12/site-packages/accelerate/commands/launch.py", line 1423, in <module>
    main()
  File "/e/project1/e-dev-2026d09-262/windinet_venv/lib/python3.12/site-packages/accelerate/commands/launch.py", line 1419, in main
    launch_command(args)
  File "/e/project1/e-dev-2026d09-262/windinet_venv/lib/python3.12/site-packages/accelerate/commands/launch.py", line 1404, in launch_command
    multi_gpu_launcher(args)
  File "/e/project1/e-dev-2026d09-262/windinet_venv/lib/python3.12/site-packages/accelerate/commands/launch.py", line 1029, in multi_gpu_launcher
    distrib_run.run(args)
  File "/e/project1/e-dev-2026d09-262/windinet_venv/lib/python3.12/site-packages/torch/distributed/run.py", line 1129, in run
    elastic_launch(
  File "/e/project1/e-dev-2026d09-262/windinet_venv/lib/python3.12/site-packages/torch/distributed/launcher/api.py", line 197, in __call__
    return launch_agent(
  File "/e/project1/e-dev-2026d09-262/windinet_venv/lib/python3.12/site-packages/torch/distributed/launcher/api.py", line 377, in launch_agent
    result = agent.run()
  File "/e/project1/e-dev-2026d09-262/windinet_venv/lib/python3.12/site-packages/torch/distributed/elastic/metrics/api.py", line 134, in wrapper
    result = f(*args, **kwargs)
  File "/e/project1/e-dev-2026d09-262/windinet_venv/lib/python3.12/site-packages/torch/distributed/elastic/agent/server/api.py", line 753, in run
    logger.warning("Received %s death signal, shutting down workers", e.sigval)
  File "/e/software/default/stages/2025/software/Python/3.12.3-GCCcore-13.3.0/lib/python3.12/logging/__init__.py", line 1551, in warning
    self._log(WARNING, msg, args, **kwargs)
  File "/e/software/default/stages/2025/software/Python/3.12.3-GCCcore-13.3.0/lib/python3.12/logging/__init__.py", line 1684, in _log
    self.handle(record)
  File "/e/software/default/stages/2025/software/Python/3.12.3-GCCcore-13.3.0/lib/python3.12/logging/__init__.py", line 1700, in handle
    self.callHandlers(record)
  File "/e/software/default/stages/2025/software/Python/3.12.3-GCCcore-13.3.0/lib/python3.12/logging/__init__.py", line 1762, in callHandlers
    hdlr.handle(record)
  File "/e/software/default/stages/2025/software/Python/3.12.3-GCCcore-13.3.0/lib/python3.12/logging/__init__.py", line 1028, in handle
    self.emit(record)
  File "/e/project1/e-dev-2026d09-262/windinet_venv/lib/python3.12/site-packages/torch/_logging/_internal.py", line 1100, in emit
    self.handleError(record)
Message: 'Received %s death signal, shutting down workers'
Arguments: (<Signals.SIGTERM: 15>,)
Traceback (most recent call last):
  File "<frozen runpy>", line 198, in _run_module_as_main
  File "<frozen runpy>", line 88, in _run_code
  File "/e/project1/e-dev-2026d09-262/windinet_venv/lib/python3.12/site-packages/accelerate/commands/launch.py", line 1423, in <module>
    main()
  File "/e/project1/e-dev-2026d09-262/windinet_venv/lib/python3.12/site-packages/accelerate/commands/launch.py", line 1419, in main
    launch_command(args)
  File "/e/project1/e-dev-2026d09-262/windinet_venv/lib/python3.12/site-packages/accelerate/commands/launch.py", line 1404, in launch_command
    multi_gpu_launcher(args)
  File "/e/project1/e-dev-2026d09-262/windinet_venv/lib/python3.12/site-packages/accelerate/commands/launch.py", line 1029, in multi_gpu_launcher
    distrib_run.run(args)
  File "/e/project1/e-dev-2026d09-262/windinet_venv/lib/python3.12/site-packages/torch/distributed/run.py", line 1129, in run
    elastic_launch(
  File "/e/project1/e-dev-2026d09-262/windinet_venv/lib/python3.12/site-packages/torch/distributed/launcher/api.py", line 197, in __call__
    return launch_agent(
           ^^^^^^^^^^^^^
  File "/e/project1/e-dev-2026d09-262/windinet_venv/lib/python3.12/site-packages/torch/distributed/launcher/api.py", line 377, in launch_agent
    result = agent.run()
             ^^^^^^^^^^^
  File "/e/project1/e-dev-2026d09-262/windinet_venv/lib/python3.12/site-packages/torch/distributed/elastic/metrics/api.py", line 134, in wrapper
    result = f(*args, **kwargs)
             ^^^^^^^^^^^^^^^^^^
  File "/e/project1/e-dev-2026d09-262/windinet_venv/lib/python3.12/site-packages/torch/distributed/elastic/agent/server/api.py", line 745, in run
    result = self._invoke_run(role)
             ^^^^^^^^^^^^^^^^^^^^^^
  File "/e/project1/e-dev-2026d09-262/windinet_venv/lib/python3.12/site-packages/torch/distributed/elastic/agent/server/api.py", line 923, in _invoke_run
    time.sleep(monitor_interval)
  File "/e/project1/e-dev-2026d09-262/windinet_venv/lib/python3.12/site-packages/torch/distributed/elastic/multiprocessing/api.py", line 86, in _terminate_process_handler
    raise SignalException(f"Process {os.getpid()} got signal: {sigval}", sigval=sigval)
torch.distributed.elastic.multiprocessing.api.SignalException: Process 603814 got signal: 15
